entity_id,entity_type,organization_id,node_key,node_name,node_kind,lifecycle_stage,lifecycle_stage_status,is_monitored,valid_from,valid_to,system_from,system_to,revision,operation
acme:compute_node:phy-0000000~0e09674a1941,compute_node,acme,phy-0000000,phy-0000000.hq,physical_server,inventory,quarantined,\N,2021-01-07T17:42:12Z,\N,2021-01-07T17:42:12Z,2027-03-09T04:37:38Z,1,assert
acme:compute_node:phy-0000001~331ac2cb8862,compute_node,acme,phy-0000001,phy-0000001.hq-b1,physical_server,operational,in_use,true,2021-01-08T00:49:40Z,\N,2021-01-08T00:49:40Z,\N,1,assert
acme:compute_node:vir-0000002~d3ab61bcb3b3,compute_node,acme,vir-0000002,vir-0000002.hq-b1,virtual_machine,operational,in_use,\N,2021-01-09T05:28:29Z,\N,2021-01-09T05:28:29Z,\N,1,assert
acme:compute_node:vir-0000003~09c563b6bd8f,compute_node,acme,vir-0000003,vir-0000003.hq-dc1,virtual_machine,operational,end_of_support,true,2021-01-10T10:58:54Z,\N,2021-01-10T10:58:54Z,\N,1,assert
acme:compute_node:vir-0000004~4d8d56ada3b5,compute_node,acme,vir-0000004,vir-0000004.hq-b1,virtual_machine,operational,in_use,\N,2021-01-11T13:34:04Z,\N,2021-01-11T13:34:04Z,\N,1,assert
acme:compute_node:vir-0000005~ce048ebb62ef,compute_node,acme,vir-0000005,vir-0000005.hq,virtual_machine,operational,in_use,true,2021-01-12T06:34:58Z,\N,2021-01-12T06:34:58Z,\N,1,assert
acme:compute_node:end-0000154~5b82527c4c0b,compute_node,acme,end-0000154,end-0000154.hq-b1,endpoint,operational,in_use,true,2021-01-11T19:57:05Z,\N,2021-02-20T23:02:36Z,\N,1,assert
acme:compute_node:end-0000590~d75cb953f27d,compute_node,acme,end-0000590,end-0000590.hq-b2,endpoint,operational,in_use,true,2021-01-16T23:36:37Z,\N,2021-03-04T22:59:14Z,\N,1,assert
acme:compute_node:end-0000201~48728e11d7f0,compute_node,acme,end-0000201,end-0000201.hq-dc2,endpoint,operational,test,true,2021-02-22T11:46:25Z,\N,2021-03-05T22:01:01Z,\N,1,assert
acme:compute_node:end-0000172~059694a6bc79,compute_node,acme,end-0000172,end-0000172.hq,endpoint,operational,legal_hold,true,2021-01-26T03:49:12Z,\N,2021-03-07T00:45:37Z,\N,1,assert
acme:compute_node:end-0000421~57e4e3fae7a4,compute_node,acme,end-0000421,end-0000421.hq-b1,endpoint,operational,in_use,true,2021-01-07T03:02:10Z,2021-02-27T04:25:32Z,2021-03-07T11:37:26Z,\N,1,assert
acme:compute_node:end-0000235~8635a5086d78,compute_node,acme,end-0000235,end-0000235.hq-b2,endpoint,operational,pending_retirement,true,2021-02-19T03:40:03Z,\N,2021-03-12T21:56:25Z,\N,1,assert
acme:compute_node:end-0000085~ffd40d9b8d11,compute_node,acme,end-0000085,end-0000085.hq-dc1,endpoint,operational,in_use,\N,2021-03-12T21:34:49Z,2021-07-05T20:18:23Z,2021-03-13T17:22:09Z,\N,1,assert
acme:compute_node:end-0000093~25d794bdb09b,compute_node,acme,end-0000093,end-0000093.hq-b2,endpoint,operational,end_of_support,true,2021-02-11T02:03:22Z,\N,2021-03-14T03:59:31Z,\N,1,assert
acme:compute_node:end-0000522~73ead19376ba,compute_node,acme,end-0000522,end-0000522.hq-b1,endpoint,operational,end_of_support,\N,2021-02-15T16:45:24Z,\N,2021-03-16T10:23:10Z,\N,1,assert
acme:compute_node:end-0000156~b2ebd851620a,compute_node,acme,end-0000156,end-0000156.hq-dc1,endpoint,operational,in_use,\N,2021-03-31T08:24:36Z,\N,2021-04-01T09:06:58Z,\N,1,assert
acme:compute_node:end-0000403~f24f83f1a37b,compute_node,acme,end-0000403,end-0000403.aws-reg-1-az1,endpoint,operational,pending_retirement,true,2021-02-20T18:06:45Z,\N,2021-04-10T17:10:42Z,\N,1,assert
acme:compute_node:end-0000528~ecbfbb0b3415,compute_node,acme,end-0000528,end-0000528.aws-reg-1-az1,endpoint,operational,in_use,true,2021-02-18T08:39:55Z,\N,2021-04-12T10:54:03Z,\N,1,assert
acme:compute_node:end-0000534~bc192703189e,compute_node,acme,end-0000534,end-0000534.hq-b2,endpoint,operational,in_maintenance,true,2021-02-20T12:43:13Z,\N,2021-04-19T07:35:40Z,\N,1,assert
acme:compute_node:end-0000596~e30797e18b4a,compute_node,acme,end-0000596,end-0000596.hq-dc1-f1-r1-rack01,endpoint,operational,pending_retirement,true,2021-04-19T13:47:16Z,\N,2021-04-21T08:28:19Z,\N,1,assert
acme:compute_node:end-0000181~fe7b7c10ee24,compute_node,acme,end-0000181,end-0000181.aws-reg-1-az1,endpoint,operational,in_use,true,2021-04-22T18:01:30Z,\N,2021-04-22T18:01:30Z,\N,1,assert
acme:compute_node:end-0000581~e08f5ba4025f,compute_node,acme,end-0000581,end-0000581.aws-reg-1-az1,endpoint,operational,in_use,true,2021-03-09T20:36:39Z,\N,2021-04-22T02:51:00Z,\N,1,assert
acme:compute_node:end-0000571~c7b91efb3c66,compute_node,acme,end-0000571,end-0000571.hq,endpoint,operational,in_use,true,2021-04-08T02:16:08Z,\N,2021-05-12T09:15:39Z,\N,1,assert
acme:compute_node:end-0000215~c2eac71bb216,compute_node,acme,end-0000215,end-0000215.hq-dc1-f1-r1-rack01,endpoint,operational,in_use,true,2021-05-01T22:08:30Z,\N,2021-05-16T17:46:21Z,\N,1,assert
acme:compute_node:con-0000126~78b9c331ce74,compute_node,acme,con-0000126,con-0000126.remote,container_host,operational,end_of_support,true,2021-04-28T13:17:40Z,\N,2021-05-29T21:31:06Z,\N,1,assert
acme:compute_node:end-0000503~d5e9d68f3888,compute_node,acme,end-0000503,end-0000503.hq-dc1,endpoint,operational,in_use,true,2021-06-02T00:35:03Z,\N,2021-06-03T13:34:13Z,\N,1,assert
acme:compute_node:end-0000368~fad32109b79c,compute_node,acme,end-0000368,end-0000368.hq-dc1,endpoint,inventory,quarantined,true,2021-05-08T08:47:30Z,\N,2021-06-21T14:00:36Z,2027-03-09T21:36:25Z,1,assert
acme:compute_node:end-0000328~2db715b87332,compute_node,acme,end-0000328,end-0000328.hq-dc2,endpoint,operational,in_use,true,2021-06-18T22:18:41Z,\N,2021-06-30T02:50:19Z,\N,1,assert
acme:compute_node:end-0000550~6e028eeb0e6b,compute_node,acme,end-0000550,end-0000550.hq-b1-f1-r1-rack03,endpoint,inventory,quarantined,true,2021-05-24T08:42:33Z,\N,2021-07-08T05:24:28Z,\N,1,assert
acme:compute_node:end-0000211~68c73bae58df,compute_node,acme,end-0000211,end-0000211.remote,endpoint,operational,in_use,true,2021-07-03T01:57:08Z,\N,2021-07-09T23:39:52Z,\N,1,assert
acme:compute_node:end-0000546~3b23ec851b7f,compute_node,acme,end-0000546,end-0000546.hq-b1-f1-r1-rack03,endpoint,operational,in_use,\N,2021-07-10T17:57:14Z,\N,2021-07-16T23:16:44Z,\N,1,assert
acme:compute_node:end-0000497~b6a2af906817,compute_node,acme,end-0000497,end-0000497.remote,endpoint,operational,in_maintenance,true,2021-06-17T20:23:49Z,\N,2021-07-17T05:00:36Z,\N,1,assert
acme:compute_node:end-0000587~2af903288fe1,compute_node,acme,end-0000587,end-0000587.hq-dc1-f2-r1-rack03,endpoint,operational,pending_retirement,true,2021-07-15T14:06:50Z,\N,2021-07-29T23:30:34Z,\N,1,assert
acme:compute_node:end-0000488~e2a4792719de,compute_node,acme,end-0000488,end-0000488.hq-b1,endpoint,operational,in_use,true,2021-06-09T03:15:45Z,\N,2021-08-06T11:41:00Z,\N,1,assert
acme:compute_node:end-0000580~373dbf279bdf,compute_node,acme,end-0000580,end-0000580.hq-b1,endpoint,operational,in_use,true,2021-07-09T09:52:01Z,\N,2021-08-12T14:40:56Z,\N,1,assert
acme:compute_node:end-0000553~7bb2a11466d1,compute_node,acme,end-0000553,end-0000553.hq-dc1-f1-r1-rack01,endpoint,operational,in_use,true,2021-06-29T04:45:28Z,2021-12-29T18:47:08Z,2021-08-14T19:13:24Z,\N,1,assert
acme:compute_node:end-0000042~5944e5c72f86,compute_node,acme,end-0000042,end-0000042.dc2-hall2-rack03,endpoint,operational,in_use,true,2021-06-25T02:56:13Z,2026-08-03T15:39:05Z,2021-08-19T10:56:03Z,\N,1,assert
acme:compute_node:end-0000511~185079b710ef,compute_node,acme,end-0000511,end-0000511.hq-dc1-f2-r1,endpoint,operational,in_use,true,2021-08-16T09:40:54Z,\N,2021-08-23T18:22:55Z,\N,1,assert
acme:compute_node:end-0000105~da20da36c0bd,compute_node,acme,end-0000105,end-0000105.hq-dc1,endpoint,operational,in_use,true,2021-08-02T20:56:54Z,\N,2021-09-26T16:53:58Z,\N,1,assert
acme:compute_node:clu-0000135~0d1f47238cd4,compute_node,acme,clu-0000135,clu-0000135.hq-b1,cluster_node,operational,in_use,\N,2021-08-20T09:52:59Z,\N,2021-09-26T03:27:29Z,\N,1,assert
acme:compute_node:end-0000563~3079827e68f5,compute_node,acme,end-0000563,end-0000563.hq-dc1-f2-r1-rack03,endpoint,operational,in_use,true,2021-09-27T23:41:23Z,\N,2021-09-27T23:41:23Z,\N,1,assert
acme:compute_node:end-0000016~59b7a81cfa43,compute_node,acme,end-0000016,end-0000016.hq-dc1-f1-r1-rack01,endpoint,operational,in_use,\N,2021-09-21T17:09:10Z,\N,2021-10-02T05:52:09Z,\N,1,assert
acme:compute_node:end-0000297~ac24395a2222,compute_node,acme,end-0000297,end-0000297.dc2-hall1-rack03,endpoint,operational,end_of_support,\N,2021-10-10T06:55:06Z,2026-08-04T19:20:14Z,2021-10-23T18:00:20Z,\N,1,assert
acme:compute_node:end-0000363~f579d49d487f,compute_node,acme,end-0000363,end-0000363.aws-reg-1-az1,endpoint,operational,in_maintenance,true,2021-09-03T21:29:18Z,\N,2021-10-27T04:28:28Z,\N,1,assert
acme:compute_node:end-0000225~906d402014a9,compute_node,acme,end-0000225,end-0000225.hq-dc1-f1-r1-rack01,endpoint,operational,in_use,\N,2021-10-25T05:11:25Z,\N,2021-11-01T15:50:50Z,\N,1,assert
acme:compute_node:end-0000355~22a750eec318,compute_node,acme,end-0000355,end-0000355.dc2-hall1-rack03,endpoint,operational,in_use,true,2021-10-17T12:32:21Z,2026-08-05T20:23:04Z,2021-11-04T15:58:22Z,\N,1,assert
acme:compute_node:end-0000238~48071af625e4,compute_node,acme,end-0000238,end-0000238.hq-dc1-f2-r1-rack03,endpoint,operational,missing,\N,2021-10-17T09:44:08Z,\N,2021-11-05T05:32:39Z,\N,1,assert
acme:compute_node:clu-0000137~9351a0fe2316,compute_node,acme,clu-0000137,clu-0000137.hq-b1,cluster_node,operational,in_use,true,2021-11-07T12:44:43Z,\N,2021-11-20T07:22:17Z,\N,1,assert
acme:compute_node:end-0000342~511c3443f7a1,compute_node,acme,end-0000342,end-0000342.aws-reg-4,endpoint,operational,in_use,true,2021-10-07T00:58:02Z,\N,2021-11-22T05:38:08Z,\N,1,assert
acme:compute_node:end-0000470~fa3cfd52e8bb,compute_node,acme,end-0000470,end-0000470.hq-dc1-f1-r1-rack01,endpoint,operational,in_use,true,2021-10-14T03:31:09Z,\N,2021-11-22T14:48:08Z,\N,1,assert
acme:compute_node:end-0000463~e3140df852ea,compute_node,acme,end-0000463,end-0000463.hq-b2,endpoint,operational,in_use,true,2021-11-15T07:18:55Z,\N,2021-11-23T11:21:14Z,\N,1,assert
acme:compute_node:end-0000273~4a39515dcf92,compute_node,acme,end-0000273,end-0000273.aws-reg-4,endpoint,operational,in_use,true,2021-10-11T07:18:36Z,2022-08-10T01:12:08Z,2021-12-01T03:21:59Z,\N,1,assert
acme:compute_node:end-0000360~8a87248625f3,compute_node,acme,end-0000360,end-0000360.hq-dc1,endpoint,inventory,quarantined,true,2021-10-22T04:14:56Z,\N,2021-12-10T05:37:42Z,\N,1,assert
acme:compute_node:end-0000588~b7e58f76e4e2,compute_node,acme,end-0000588,end-0000588.hq-dc1-f2-r1-rack01,endpoint,operational,in_use,\N,2021-11-20T12:32:23Z,2022-06-26T22:38:34Z,2021-12-10T17:46:54Z,\N,1,assert
acme:compute_node:con-0000117~67b8df246417,compute_node,acme,con-0000117,con-0000117.hq-dc2,container_host,operational,in_maintenance,true,2021-12-10T14:46:20Z,\N,2021-12-14T19:53:25Z,\N,1,assert
acme:compute_node:end-0000453~e80c6401a912,compute_node,acme,end-0000453,end-0000453.dc2-hall1-rack03,endpoint,operational,in_use,\N,2021-11-01T17:01:53Z,2026-08-07T04:35:03Z,2021-12-24T11:12:16Z,\N,1,assert
acme:compute_node:end-0000389~6fcb0e755bbf,compute_node,acme,end-0000389,end-0000389.dc2-hall2-rack03,endpoint,operational,in_use,\N,2021-11-21T15:11:24Z,2026-08-08T22:08:37Z,2021-12-26T01:31:09Z,\N,1,assert
acme:compute_node:end-0000478~b6b6969f7248,compute_node,acme,end-0000478,end-0000478.hq-dc1-f1-r1-rack01,endpoint,operational,in_use,true,2021-11-26T07:02:23Z,\N,2021-12-30T18:33:22Z,\N,1,assert
acme:compute_node:end-0000193~46c5588d105a,compute_node,acme,end-0000193,end-0000193.hq-dc1-f2-r1-rack03,endpoint,operational,in_use,true,2021-12-05T19:49:57Z,\N,2022-01-05T08:29:26Z,\N,1,assert
acme:compute_node:end-0000425~932066741c22,compute_node,acme,end-0000425,end-0000425.aws-reg-1-az1,endpoint,operational,end_of_support,true,2021-12-11T23:47:50Z,\N,2022-01-12T23:24:42Z,\N,1,assert
acme:compute_node:end-0000567~1e09f2a6dccf,compute_node,acme,end-0000567,end-0000567.hq-b1-f1-r1-rack03,endpoint,operational,in_use,true,2021-12-12T18:25:47Z,\N,2022-01-18T04:36:50Z,\N,1,assert
acme:compute_node:end-0000457~e8de4b03ca7e,compute_node,acme,end-0000457,end-0000457.hq-dc1-f2-r1-rack01,endpoint,operational,in_use,true,2021-12-16T17:50:21Z,\N,2022-01-22T12:44:35Z,\N,1,assert
acme:compute_node:end-0000045~ec50513c607e,compute_node,acme,end-0000045,end-0000045.hq-dc1-f2-r1,endpoint,operational,in_use,\N,2022-01-02T06:19:06Z,\N,2022-01-25T14:43:58Z,\N,1,assert
acme:compute_node:end-0000084~6668236acaa3,compute_node,acme,end-0000084,end-0000084.aws-reg-4,endpoint,operational,in_use,\N,2022-01-15T22:12:55Z,\N,2022-01-29T09:36:28Z,\N,1,assert
acme:compute_node:end-0000098~69f46552e395,compute_node,acme,end-0000098,end-0000098.hq-dc1-f1-r1-rack01,endpoint,inventory,quarantined,\N,2022-01-26T15:57:55Z,\N,2022-02-03T18:41:59Z,\N,1,assert
acme:compute_node:end-0000269~331f6df4fbe9,compute_node,acme,end-0000269,end-0000269.hq-dc1,endpoint,operational,in_use,true,2022-02-03T00:26:11Z,\N,2022-02-11T23:28:30Z,\N,1,assert
acme:compute_node:end-0000025~848eef76c6a1,compute_node,acme,end-0000025,end-0000025.hq-b1,endpoint,operational,in_use,true,2022-02-09T17:38:37Z,\N,2022-02-12T01:31:36Z,\N,1,assert
acme:compute_node:end-0000259~d2b8675a0301,compute_node,acme,end-0000259,end-0000259.remote,endpoint,operational,in_use,true,2021-12-23T13:13:50Z,\N,2022-02-12T18:59:51Z,\N,1,assert
acme:compute_node:end-0000404~f50fac7faf3f,compute_node,acme,end-0000404,end-0000404.aws-reg-1-az1,endpoint,operational,in_maintenance,true,2022-01-11T18:01:06Z,\N,2022-03-03T00:32:05Z,\N,1,assert
acme:compute_node:end-0000371~88ee53b2948b,compute_node,acme,end-0000371,end-0000371.remote,endpoint,operational,in_use,true,2022-01-16T23:27:51Z,\N,2022-03-08T09:54:10Z,\N,1,assert
acme:compute_node:end-0000067~d97b704724f9,compute_node,acme,end-0000067,end-0000067.hq-b1-f1-r1-rack03,endpoint,operational,in_use,true,2022-02-17T22:13:50Z,\N,2022-03-14T07:10:20Z,\N,1,assert
acme:compute_node:end-0000429~7b18ad8ccbc0,compute_node,acme,end-0000429,end-0000429.hq-dc1-f1-r1-rack01,endpoint,operational,in_use,\N,2022-03-03T12:11:04Z,\N,2022-03-14T09:55:49Z,\N,1,assert
acme:compute_node:clu-0000133~9771032742c2,compute_node,acme,clu-0000133,clu-0000133.hq-b2-f1,cluster_node,operational,in_use,true,2022-02-04T09:57:06Z,\N,2022-03-16T10:55:10Z,\N,1,assert
acme:compute_node:end-0000317~50c37c7ea389,compute_node,acme,end-0000317,end-0000317.hq-dc2,endpoint,operational,in_use,true,2022-02-15T11:56:54Z,\N,2022-03-18T18:39:19Z,\N,1,assert
acme:compute_node:end-0000468~63209c5fb49b,compute_node,acme,end-0000468,end-0000468.hq,endpoint,operational,in_use,\N,2022-01-20T08:59:17Z,\N,2022-03-19T14:51:52Z,\N,1,assert
acme:compute_node:end-0000304~83d741b4798c,compute_node,acme,end-0000304,end-0000304.hq-b2-f1,endpoint,operational,in_use,\N,2022-02-15T04:00:26Z,\N,2022-03-20T07:17:42Z,\N,1,assert
acme:compute_node:end-0000595~c828def4c84b,compute_node,acme,end-0000595,end-0000595.hq-dc1-f2-r1,endpoint,operational,in_use,true,2022-03-14T23:42:39Z,\N,2022-04-07T02:30:01Z,\N,1,assert
acme:compute_node:end-0000276~c5b111e3d60a,compute_node,acme,end-0000276,end-0000276.hq-dc1-f1-r1-rack01,endpoint,inventory,quarantined,true,2022-02-16T00:01:02Z,\N,2022-04-15T11:57:20Z,2027-03-09T02:18:25Z,1,assert
acme:compute_node:end-0000035~2755bc1cb0e8,compute_node,acme,end-0000035,end-0000035.hq-b1-f2,endpoint,operational,in_use,true,2022-03-12T21:36:12Z,\N,2022-04-16T13:08:43Z,\N,1,assert
acme:compute_node:clu-0000138~db22d2a9f5e7,compute_node,acme,clu-0000138,clu-0000138.aws-reg-4,cluster_node,inventory,quarantined,true,2022-04-15T14:30:03Z,\N,2022-04-16T20:04:11Z,2027-03-09T03:53:57Z,1,assert
acme:compute_node:end-0000361~4f593b720a0e,compute_node,acme,end-0000361,end-0000361.hq-b2,endpoint,operational,in_use,true,2022-04-04T22:11:15Z,\N,2022-05-18T01:55:42Z,\N,1,assert
acme:compute_node:end-0000508~2cf55486b9f2,compute_node,acme,end-0000508,end-0000508.aws-reg-4,endpoint,operational,in_use,\N,2022-04-16T10:33:59Z,\N,2022-05-18T16:29:02Z,\N,1,assert
acme:compute_node:end-0000031~5f97e56c23df,compute_node,acme,end-0000031,end-0000031.hq-dc2,endpoint,operational,in_maintenance,true,2022-04-19T09:39:26Z,\N,2022-05-23T11:22:55Z,\N,1,assert
acme:compute_node:end-0000484~fe96f276f9f1,compute_node,acme,end-0000484,end-0000484.hq-b1-f1-r1-rack03,endpoint,operational,in_use,true,2022-05-22T23:39:59Z,\N,2022-05-25T02:39:56Z,\N,1,assert
acme:compute_node:end-0000100~1eb14114b935,compute_node,acme,end-0000100,end-0000100.hq-dc1,endpoint,operational,in_use,true,2022-05-12T05:48:45Z,2022-09-19T08:07:44Z,2022-05-26T04:19:20Z,\N,1,assert
acme:compute_node:end-0000066~9c891c48a3a2,compute_node,acme,end-0000066,end-0000066.hq-b1-f1-r1-rack03,endpoint,operational,in_use,true,2022-04-08T23:58:31Z,\N,2022-05-26T16:18:38Z,\N,1,assert
acme:compute_node:end-0000339~cb1ad246ddcc,compute_node,acme,end-0000339,end-0000339.hq-b2,endpoint,operational,in_use,true,2022-04-07T12:30:56Z,\N,2022-06-04T07:38:14Z,\N,1,assert
acme:compute_node:end-0000186~afbc296b3386,compute_node,acme,end-0000186,end-0000186.aws-reg-6,endpoint,operational,in_use,true,2022-04-21T18:00:34Z,\N,2022-06-20T05:48:01Z,\N,1,assert
acme:compute_node:end-0000053~787a0edc2b9e,compute_node,acme,end-0000053,end-0000053.hq-dc1-f2-r1-rack01,endpoint,operational,in_use,true,2022-06-20T05:54:11Z,\N,2022-07-06T01:40:32Z,\N,1,assert
acme:compute_node:end-0000357~d3aa4c16d383,compute_node,acme,end-0000357,end-0000357.hq-dc1-f2-r1,endpoint,operational,in_use,true,2022-06-17T10:40:30Z,\N,2022-07-06T07:44:38Z,\N,1,assert
acme:compute_node:end-0000249~b71a7385dd93,compute_node,acme,end-0000249,end-0000249.dc2-hall2-rack03,endpoint,operational,in_use,true,2022-07-04T20:51:30Z,2026-08-09T10:53:19Z,2022-07-10T08:34:44Z,\N,1,assert
acme:compute_node:end-0000046~8ca56cca581e,compute_node,acme,end-0000046,end-0000046.hq-b2,endpoint,inventory,quarantined,true,2022-05-29T07:53:12Z,\N,2022-07-16T22:15:31Z,2027-03-09T11:40:52Z,1,assert
acme:compute_node:end-0000142~63ea35cce109,compute_node,acme,end-0000142,end-0000142.hq-b1-f1-r2,endpoint,operational,in_use,true,2022-06-18T13:12:51Z,\N,2022-08-05T02:17:16Z,\N,1,assert
acme:compute_node:end-0000236~768bf513c059,compute_node,acme,end-0000236,end-0000236.hq-b1-f1-r1-rack03,endpoint,operational,in_use,\N,2022-07-17T06:11:32Z,\N,2022-08-07T13:36:27Z,\N,1,assert
acme:compute_node:end-0000598~f97edea6e0c6,compute_node,acme,end-0000598,end-0000598.hq-b2,endpoint,inventory,quarantined,true,2022-07-27T00:34:16Z,\N,2022-08-12T00:10:21Z,2027-03-09T16:02:17Z,1,assert
acme:compute_node:end-0000532~770b1ebe7a3d,compute_node,acme,end-0000532,end-0000532.hq-dc1-f1-r1-rack01,endpoint,operational,in_use,true,2022-06-29T18:32:14Z,\N,2022-08-16T09:22:36Z,\N,1,assert
acme:compute_node:end-0000312~ef60d47cc254,compute_node,acme,end-0000312,end-0000312.hq-dc2,endpoint,operational,in_maintenance,true,2022-08-17T09:07:09Z,\N,2022-09-01T17:36:11Z,\N,1,assert
acme:compute_node:end-0000492~5b8187353ed6,compute_node,acme,end-0000492,end-0000492.dc2-hall2-rack03,endpoint,operational,in_use,true,2022-08-18T11:29:22Z,2026-08-11T06:11:57Z,2022-09-05T23:13:57Z,\N,1,assert
acme:compute_node:end-0000295~b6a6b2ed8954,compute_node,acme,end-0000295,end-0000295.dc2-hall2,endpoint,operational,missing,\N,2022-08-04T05:24:28Z,2026-08-12T00:24:45Z,2022-09-15T00:20:59Z,\N,1,assert
acme:compute_node:end-0000382~a96391685561,compute_node,acme,end-0000382,end-0000382.remote,endpoint,operational,in_use,true,2022-07-29T22:11:55Z,2023-09-14T18:40:50Z,2022-09-15T09:26:17Z,\N,1,assert
acme:compute_node:end-0000319~4294e0c602e5,compute_node,acme,end-0000319,end-0000319.hq-dc1,endpoint,operational,in_use,true,2022-09-01T21:17:57Z,\N,2022-09-21T01:41:46Z,\N,1,assert
acme:compute_node:end-0000018~946204b9871c,compute_node,acme,end-0000018,end-0000018.hq-b2-f1,endpoint,operational,in_use,\N,2022-07-30T18:29:49Z,\N,2022-09-28T12:30:55Z,\N,1,assert
acme:compute_node:end-0000510~94ab9d775724,compute_node,acme,end-0000510,end-0000510.dc2-hall2,endpoint,operational,test,true,2022-09-08T08:10:06Z,2026-08-14T20:45:02Z,2022-10-06T22:07:16Z,\N,1,assert
acme:compute_node:con-0000121~995e0c0222a0,compute_node,acme,con-0000121,con-0000121.hq-b2-f1,container_host,operational,end_of_support,\N,2022-10-04T13:31:20Z,\N,2022-10-09T13:22:59Z,\N,1,assert
acme:compute_node:end-0000499~c780711bfd83,compute_node,acme,end-0000499,end-0000499.dc2-hall2-rack03,endpoint,operational,end_of_support,true,2022-10-08T03:45:34Z,2026-08-15T11:47:33Z,2022-10-11T06:36:05Z,\N,1,assert
acme:compute_node:end-0000262~80547d71318b,compute_node,acme,end-0000262,end-0000262.aws-reg-6,endpoint,operational,in_use,true,2022-09-16T20:37:44Z,\N,2022-10-12T08:34:42Z,\N,1,assert
acme:compute_node:end-0000296~6b9691f91e28,compute_node,acme,end-0000296,end-0000296.aws-reg-4,endpoint,operational,in_use,true,2022-09-19T15:49:19Z,2023-08-11T10:16:34Z,2022-10-18T06:20:08Z,\N,1,assert
acme:compute_node:end-0000415~8421fbb9f423,compute_node,acme,end-0000415,end-0000415.hq-dc1,endpoint,operational,in_use,true,2022-09-20T17:32:33Z,\N,2022-10-23T01:04:53Z,2023-02-21T15:40:25Z,1,assert
acme:compute_node:end-0000419~313b1b1e75d4,compute_node,acme,end-0000419,end-0000419.hq-dc1-f2-r1-rack01,endpoint,operational,in_use,true,2022-10-04T14:50:48Z,\N,2022-11-02T03:27:50Z,\N,1,assert
acme:compute_node:end-0000322~b8ee25354694,compute_node,acme,end-0000322,end-0000322.hq-b1-f1-r1,endpoint,inventory,quarantined,true,2022-10-04T09:22:32Z,\N,2022-11-15T01:24:55Z,2027-03-09T07:14:22Z,1,assert
acme:compute_node:end-0000504~09ee2e0d003d,compute_node,acme,end-0000504,end-0000504.hq-b1-f1-r1-rack04,endpoint,operational,in_use,true,2022-10-13T08:35:53Z,\N,2022-11-21T19:07:42Z,\N,1,assert
acme:compute_node:end-0000212~9d4e2ce29388,compute_node,acme,end-0000212,end-0000212.dc2-hall2,endpoint,operational,in_use,true,2022-11-08T05:32:24Z,2026-08-16T10:54:54Z,2022-11-26T23:54:28Z,\N,1,assert
acme:compute_node:end-0000059~b0ffa68ed016,compute_node,acme,end-0000059,end-0000059.dc2-hall2,endpoint,operational,in_use,true,2022-10-18T21:00:31Z,2026-08-18T18:31:03Z,2022-11-27T15:40:52Z,\N,1,assert
acme:compute_node:end-0000310~b0479b428d5a,compute_node,acme,end-0000310,end-0000310.dc2-hall2,endpoint,operational,end_of_support,true,2022-11-14T18:28:37Z,2026-08-19T21:34:41Z,2022-12-03T22:42:09Z,\N,1,assert
acme:compute_node:end-0000398~4907999fd535,compute_node,acme,end-0000398,end-0000398.hq-dc1,endpoint,operational,missing,true,2022-11-22T17:55:15Z,\N,2022-12-06T10:51:14Z,\N,1,assert
acme:compute_node:end-0000509~2ff4e28347d3,compute_node,acme,end-0000509,end-0000509.hq-dc1-f2-r1,endpoint,operational,in_use,true,2022-11-30T07:08:14Z,\N,2023-01-07T00:01:03Z,\N,1,assert
acme:compute_node:end-0000498~a99f7118422a,compute_node,acme,end-0000498,end-0000498.hq-dc1-f2-r1-rack01,endpoint,operational,in_use,true,2023-01-09T20:47:13Z,\N,2023-01-09T20:47:13Z,\N,1,assert
acme:compute_node:end-0000401~33b8ec270d18,compute_node,acme,end-0000401,end-0000401.dc2-hall1-rack02,endpoint,operational,in_use,true,2022-11-30T04:52:59Z,2026-08-21T17:33:06Z,2023-01-10T01:15:11Z,\N,1,assert
acme:compute_node:end-0000517~3c02eacd04c0,compute_node,acme,end-0000517,end-0000517.hq-b1-f1-r2,endpoint,operational,in_use,true,2022-11-29T14:02:22Z,\N,2023-01-11T10:17:51Z,\N,1,assert
acme:compute_node:end-0000527~39c09c8fa4c8,compute_node,acme,end-0000527,end-0000527.hq-dc1-f2-r1,endpoint,operational,in_maintenance,true,2022-12-16T19:09:39Z,\N,2023-01-21T17:31:23Z,\N,1,assert
acme:compute_node:end-0000192~7b9424567354,compute_node,acme,end-0000192,end-0000192.hq-b1-f1-r1-rack04,endpoint,operational,in_use,\N,2023-01-31T07:58:52Z,\N,2023-01-31T07:58:52Z,\N,1,assert
acme:compute_node:end-0000175~7470df16d8a6,compute_node,acme,end-0000175,end-0000175.hq-b1-f1-r1-rack03,endpoint,operational,end_of_support,true,2023-01-24T19:20:27Z,\N,2023-02-05T20:28:41Z,\N,1,assert
acme:compute_node:end-0000103~410fc2e6adcf,compute_node,acme,end-0000103,end-0000103.hq-dc1-f1-r1-rack01,endpoint,operational,in_use,\N,2022-12-24T07:17:41Z,\N,2023-02-10T19:16:18Z,\N,1,assert
acme:compute_node:end-0000240~69845f38edfa,compute_node,acme,end-0000240,end-0000240.hq-dc1-f1-r1-rack01,endpoint,operational,in_use,true,2023-01-26T21:50:32Z,\N,2023-02-15T13:08:16Z,\N,1,assert
acme:compute_node:end-0000237~ee52960bcce2,compute_node,acme,end-0000237,end-0000237.aws-reg-6,endpoint,operational,in_use,true,2023-02-01T15:05:32Z,\N,2023-02-19T12:48:29Z,\N,1,assert
acme:compute_node:end-0000415~8421fbb9f423,compute_node,acme,end-0000415,end-0000415.hq-dc1,endpoint,operational,legal_hold,true,2022-09-20T17:32:33Z,\N,2023-02-21T15:40:25Z,\N,2,assert
acme:compute_node:end-0000406~1e43b44170c4,compute_node,acme,end-0000406,end-0000406.hq-b1,endpoint,operational,in_use,\N,2023-02-08T10:50:02Z,\N,2023-02-28T17:40:49Z,\N,1,assert
acme:compute_node:end-0000347~ea4f3e0efe3c,compute_node,acme,end-0000347,end-0000347.hq-dc1-f2-r1,endpoint,operational,in_use,true,2023-02-12T15:10:40Z,\N,2023-03-28T01:43:10Z,\N,1,assert
acme:compute_node:end-0000414~3e6213af82ac,compute_node,acme,end-0000414,end-0000414.hq-dc1-f2-r1-rack01,endpoint,inventory,quarantined,true,2023-02-19T17:11:18Z,\N,2023-04-20T09:01:57Z,2027-03-09T03:04:57Z,1,assert
acme:compute_node:end-0000356~f3e6e9ba35ba,compute_node,acme,end-0000356,end-0000356.dc2-hall2,endpoint,operational,in_use,\N,2023-02-24T15:23:48Z,2026-08-22T22:21:05Z,2023-04-22T03:38:46Z,\N,1,assert
acme:compute_node:end-0000493~00c305b3e0fc,compute_node,acme,end-0000493,end-0000493.hq-b2,endpoint,operational,in_use,true,2023-03-24T07:59:38Z,\N,2023-04-24T07:34:02Z,\N,1,assert
acme:compute_node:end-0000012~d131545ac9a8,compute_node,acme,end-0000012,end-0000012.aws-reg-1-az1,endpoint,operational,end_of_support,true,2023-03-11T08:37:30Z,\N,2023-05-03T10:13:13Z,\N,1,assert
acme:compute_node:end-0000254~3525ba8ae230,compute_node,acme,end-0000254,end-0000254.hq-dc1-f2-r1-rack01,endpoint,operational,in_use,true,2023-05-02T19:52:46Z,\N,2023-05-08T21:36:11Z,\N,1,assert
acme:compute_node:end-0000384~8c7467b4462c,compute_node,acme,end-0000384,end-0000384.hq-dc2,endpoint,operational,in_use,true,2023-03-28T15:33:32Z,\N,2023-05-26T02:59:01Z,\N,1,assert
acme:compute_node:end-0000557~3c45410db1b0,compute_node,acme,end-0000557,end-0000557.remote-office-f2-r2,endpoint,operational,end_of_support,true,2023-05-23T11:19:12Z,2023-11-26T20:09:42Z,2023-05-28T04:08:49Z,\N,1,assert
acme:compute_node:end-0000373~208854e53945,compute_node,acme,end-0000373,end-0000373.dc2-hall1-rack03,endpoint,operational,in_use,\N,2023-05-28T04:18:32Z,2026-08-23T07:37:41Z,2023-05-28T04:18:32Z,\N,1,assert
acme:compute_node:con-0000128~19b45abeeb63,compute_node,acme,con-0000128,con-0000128.hq-b1,container_host,operational,in_use,true,2023-05-27T14:38:08Z,2023-11-01T11:25:00Z,2023-05-31T03:18:49Z,\N,1,assert
acme:compute_node:end-0000239~1c265a5e814f,compute_node,acme,end-0000239,end-0000239.hq-dc1-f2-r1-rack03,endpoint,operational,in_use,true,2023-06-06T05:35:28Z,\N,2023-06-09T04:42:13Z,\N,1,assert
acme:compute_node:end-0000265~349c31ab356c,compute_node,acme,end-0000265,end-0000265.hq-b1-f1-r2,endpoint,operational,in_use,\N,2023-05-06T08:05:51Z,\N,2023-06-14T07:13:13Z,\N,1,assert
acme:compute_node:end-0000308~f1d0c090a05f,compute_node,acme,end-0000308,end-0000308.remote,endpoint,operational,in_use,true,2023-05-18T18:54:03Z,\N,2023-06-18T16:50:18Z,\N,1,assert
acme:compute_node:end-0000290~131b55c89bd2,compute_node,acme,end-0000290,end-0000290.hq-b2,endpoint,operational,pending_retirement,true,2023-06-09T05:25:27Z,\N,2023-07-10T00:19:41Z,\N,1,assert
acme:compute_node:end-0000287~bca29b0af581,compute_node,acme,end-0000287,end-0000287.hq-dc1-f2-r1,endpoint,operational,in_use,true,2023-06-17T11:19:56Z,\N,2023-07-13T00:53:25Z,\N,1,assert
acme:compute_node:end-0000377~730638e8bd98,compute_node,acme,end-0000377,end-0000377.hq-b1-f1-r1,endpoint,operational,in_use,true,2023-05-31T02:30:36Z,\N,2023-07-14T12:55:24Z,\N,1,assert
acme:compute_node:vir-0000007~d2df413a82bb,compute_node,acme,vir-0000007,vir-0000007.hq-dc1-f2-r1,virtual_machine,operational,in_use,true,2023-05-24T02:31:23Z,\N,2023-07-22T18:42:08Z,\N,1,assert
acme:compute_node:end-0000247~b91b32775895,compute_node,acme,end-0000247,end-0000247.aws-reg-1-az1,endpoint,operational,in_use,\N,2023-07-18T11:52:51Z,\N,2023-07-23T02:22:38Z,\N,1,assert
acme:compute_node:end-0000568~33a80cb24b2e,compute_node,acme,end-0000568,end-0000568.hq-b1-f2,endpoint,operational,in_use,true,2023-08-13T10:10:17Z,\N,2023-09-02T21:44:37Z,\N,1,assert
acme:compute_node:end-0000378~0fd2f090a1d2,compute_node,acme,end-0000378,end-0000378.hq-b2-f1-r2,endpoint,operational,end_of_support,true,2023-08-04T12:24:48Z,\N,2023-09-06T10:35:28Z,\N,1,assert
acme:compute_node:end-0000496~c3255676ec16,compute_node,acme,end-0000496,end-0000496.dc2-hall1-rack02,endpoint,operational,in_use,\N,2023-08-14T00:09:37Z,2026-08-25T04:02:41Z,2023-09-11T19:41:02Z,\N,1,assert
acme:compute_node:end-0000552~3975e23802d1,compute_node,acme,end-0000552,end-0000552.hq-b1-f1-r1-rack04,endpoint,inventory,quarantined,\N,2023-07-21T03:22:31Z,\N,2023-09-17T10:47:52Z,2027-03-09T09:17:05Z,1,assert
acme:compute_node:end-0000058~1371b226a788,compute_node,acme,end-0000058,end-0000058.hq-dc1-f1-r1-rack01,endpoint,operational,end_of_support,\N,2023-09-29T04:25:39Z,\N,2023-10-01T21:51:38Z,\N,1,assert
acme:compute_node:end-0000263~650125f0504c,compute_node,acme,end-0000263,end-0000263.dc2-hall2,endpoint,operational,end_of_support,true,2023-08-24T22:05:13Z,2026-08-26T03:57:35Z,2023-10-02T05:31:05Z,\N,1,assert
acme:compute_node:end-0000391~e7ed2558704e,compute_node,acme,end-0000391,end-0000391.hq-b2,endpoint,inventory,quarantined,true,2023-09-20T01:52:11Z,\N,2023-10-04T12:01:18Z,2027-03-09T19:49:05Z,1,assert
acme:compute_node:end-0000180~b679e9141929,compute_node,acme,end-0000180,end-0000180.hq,endpoint,operational,in_use,\N,2023-10-06T15:42:08Z,\N,2023-10-12T04:12:29Z,\N,1,assert
acme:compute_node:end-0000242~75f9744637fb,compute_node,acme,end-0000242,end-0000242.hq-dc2-f2,endpoint,operational,in_use,\N,2023-08-20T09:45:56Z,2024-05-18T15:15:54Z,2023-10-18T07:56:25Z,\N,1,assert
acme:compute_node:end-0000358~e73a83ab8bc7,compute_node,acme,end-0000358,end-0000358.hq-b1-f1-r1-rack03,endpoint,operational,in_use,\N,2023-09-25T21:26:30Z,\N,2023-10-28T00:20:52Z,\N,1,assert
acme:compute_node:end-0000395~de31369bb1dd,compute_node,acme,end-0000395,end-0000395.hq-b2-f1-r1,endpoint,operational,in_use,true,2023-10-06T05:29:49Z,\N,2023-10-31T00:09:29Z,\N,1,assert
acme:compute_node:end-0000217~9e350d02858e,compute_node,acme,end-0000217,end-0000217.hq-b2-f1,endpoint,operational,in_use,true,2023-10-04T07:03:16Z,\N,2023-11-03T09:43:45Z,\N,1,assert
acme:compute_node:end-0000177~82128a96fe67,compute_node,acme,end-0000177,end-0000177.remote-office-f2-r1,endpoint,operational,pending_retirement,\N,2023-10-20T22:44:01Z,\N,2023-11-05T19:30:31Z,2023-12-24T16:04:37Z,1,assert
acme:compute_node:end-0000574~7e6de27a6289,compute_node,acme,end-0000574,end-0000574.hq-dc2-f2,endpoint,operational,in_use,true,2023-10-01T14:58:06Z,\N,2023-11-07T01:47:42Z,\N,1,assert
acme:compute_node:end-0000449~791f10e156eb,compute_node,acme,end-0000449,end-0000449.hq-b2-f1,endpoint,operational,pending_retirement,\N,2023-09-26T16:18:50Z,\N,2023-11-10T18:32:02Z,\N,1,assert
acme:compute_node:end-0000376~e3ba04ec9b1a,compute_node,acme,end-0000376,end-0000376.aws-reg-1-az1,endpoint,operational,in_use,\N,2023-10-16T05:28:38Z,\N,2023-11-14T16:07:12Z,\N,1,assert
acme:compute_node:end-0000507~bcf6001c3ee7,compute_node,acme,end-0000507,end-0000507.hq,endpoint,operational,in_use,true,2023-11-06T21:41:05Z,\N,2023-12-07T09:48:18Z,\N,1,assert
acme:compute_node:end-0000170~4eb916ba1730,compute_node,acme,end-0000170,end-0000170.hq-b2-f1-r2,endpoint,operational,in_use,true,2023-11-26T07:44:14Z,\N,2023-12-16T11:26:17Z,\N,1,assert
acme:compute_node:end-0000441~0b943cf8aadb,compute_node,acme,end-0000441,end-0000441.hq-b1-f1-r2,endpoint,operational,legal_hold,\N,2023-12-06T11:47:50Z,\N,2023-12-18T10:40:49Z,\N,1,assert
acme:compute_node:end-0000543~922458762aee,compute_node,acme,end-0000543,end-0000543.hq-b1,endpoint,operational,in_use,true,2023-11-30T19:37:14Z,\N,2023-12-19T23:30:28Z,\N,1,assert
acme:compute_node:end-0000052~262227835604,compute_node,acme,end-0000052,end-0000052.hq-b1-f1-r1-rack03,endpoint,operational,missing,true,2023-11-10T11:45:05Z,\N,2023-12-20T19:44:53Z,\N,1,assert
acme:compute_node:end-0000375~fda083cfceb5,compute_node,acme,end-0000375,end-0000375.hq-b1,endpoint,operational,in_use,true,2023-12-17T04:02:28Z,2025-01-25T01:01:32Z,2023-12-22T21:18:50Z,\N,1,assert
acme:compute_node:end-0000177~82128a96fe67,compute_node,acme,end-0000177,end-0000177.remote-office-f2-r1,endpoint,operational,legal_hold,\N,2023-10-20T22:44:01Z,\N,2023-12-24T16:04:37Z,\N,2,assert
acme:compute_node:end-0000187~d9cfde93df75,compute_node,acme,end-0000187,end-0000187.aws-reg-6,endpoint,operational,in_use,true,2023-12-29T23:55:44Z,\N,2023-12-29T23:55:44Z,\N,1,assert
acme:compute_node:end-0000399~ac5cc22d5b0c,compute_node,acme,end-0000399,end-0000399.hq-dc2-f2,endpoint,operational,in_use,true,2023-11-05T04:53:10Z,\N,2024-01-01T00:34:53Z,\N,1,assert
acme:compute_node:end-0000458~0d07cf932fad,compute_node,acme,end-0000458,end-0000458.hq-dc1-f2-r1-rack02,endpoint,operational,in_use,true,2023-11-13T14:19:05Z,\N,2024-01-08T12:09:33Z,\N,1,assert
acme:compute_node:end-0000079~6b582109603f,compute_node,acme,end-0000079,end-0000079.hq-b2,endpoint,operational,in_use,true,2024-01-05T00:46:23Z,\N,2024-01-14T10:46:10Z,\N,1,assert
acme:compute_node:end-0000385~da168d72f21b,compute_node,acme,end-0000385,end-0000385.hq-dc1-f2-r1,endpoint,operational,in_use,true,2023-12-03T08:06:49Z,\N,2024-01-19T12:59:18Z,\N,1,assert
acme:compute_node:end-0000161~21fe2976a49d,compute_node,acme,end-0000161,end-0000161.hq-dc2,endpoint,inventory,quarantined,true,2024-01-03T16:04:47Z,\N,2024-01-19T23:24:02Z,2027-03-09T14:54:08Z,1,assert
acme:compute_node:end-0000551~211c4b3eea8a,compute_node,acme,end-0000551,end-0000551.aws-reg-6,endpoint,operational,in_use,\N,2024-01-04T14:18:22Z,\N,2024-01-27T06:50:24Z,\N,1,assert
acme:compute_node:end-0000366~9d36f3c3395a,compute_node,acme,end-0000366,end-0000366.hq-dc2,endpoint,operational,in_use,true,2024-01-27T20:46:06Z,\N,2024-02-25T11:47:25Z,\N,1,assert
acme:compute_node:end-0000277~df4a2ac33c4e,compute_node,acme,end-0000277,end-0000277.hq-dc1-f2-r1,endpoint,operational,end_of_support,true,2024-02-12T10:56:48Z,\N,2024-03-01T12:58:40Z,\N,1,assert
acme:compute_node:end-0000315~27b56e28e04d,compute_node,acme,end-0000315,end-0000315.hq-b1-f1-r1-rack01,endpoint,operational,in_use,true,2024-02-06T22:48:28Z,\N,2024-03-05T05:50:52Z,\N,1,assert
acme:compute_node:end-0000431~ec6acbb0633b,compute_node,acme,end-0000431,end-0000431.hq-b1,endpoint,operational,in_use,true,2024-02-07T00:23:29Z,\N,2024-03-06T11:22:49Z,\N,1,assert
acme:compute_node:end-0000350~829179d39812,compute_node,acme,end-0000350,end-0000350.dc2-hall2-rack03,endpoint,operational,missing,true,2024-01-18T13:14:57Z,2026-08-28T04:34:03Z,2024-03-14T22:28:58Z,\N,1,assert
acme:compute_node:end-0000176~87d0a39625b7,compute_node,acme,end-0000176,end-0000176.hq-b2-f1-r2,endpoint,operational,in_use,\N,2024-02-27T18:27:25Z,\N,2024-03-21T03:59:04Z,\N,1,assert
acme:compute_node:end-0000558~cdaf4ea6d190,compute_node,acme,end-0000558,end-0000558.hq-b2-f1,endpoint,operational,in_use,\N,2024-02-14T08:52:15Z,\N,2024-03-23T12:41:55Z,\N,1,assert
acme:compute_node:end-0000487~459cb364417d,compute_node,acme,end-0000487,end-0000487.hq-b2-f1-r2,endpoint,operational,in_use,true,2024-02-06T19:37:10Z,\N,2024-03-28T20:19:03Z,\N,1,assert
acme:compute_node:end-0000326~0176cc07a751,compute_node,acme,end-0000326,end-0000326.hq-b1-f1-r2,endpoint,operational,in_use,true,2024-02-12T23:28:24Z,\N,2024-03-31T13:52:11Z,\N,1,assert
acme:compute_node:end-0000495~306fb205a611,compute_node,acme,end-0000495,end-0000495.dc2-hall1-rack03,endpoint,operational,in_use,true,2024-03-30T17:11:02Z,2024-08-02T14:57:43Z,2024-04-03T07:41:49Z,\N,1,assert
acme:compute_node:end-0000167~32867d423425,compute_node,acme,end-0000167,end-0000167.hq-b2-f1-r1,endpoint,operational,in_use,true,2024-03-04T09:51:50Z,\N,2024-04-03T10:33:39Z,\N,1,assert
acme:compute_node:end-0000531~9c56f2adf6f5,compute_node,acme,end-0000531,end-0000531.hq-b1-f1-r1-rack01,endpoint,operational,in_use,true,2024-03-22T19:29:55Z,\N,2024-04-12T10:13:38Z,\N,1,assert
acme:compute_node:end-0000556~c165d597067c,compute_node,acme,end-0000556,end-0000556.hq-b2,endpoint,operational,in_use,true,2024-04-13T14:29:56Z,\N,2024-05-06T16:14:16Z,\N,1,assert
acme:compute_node:end-0000475~b59d87fc76f8,compute_node,acme,end-0000475,end-0000475.hq-dc1-f2-r1-rack01,endpoint,operational,in_use,true,2024-04-24T15:04:04Z,\N,2024-05-09T16:35:31Z,\N,1,assert
acme:compute_node:end-0000144~167367ac3ba0,compute_node,acme,end-0000144,end-0000144.hq-b1-f1-r1,endpoint,operational,in_use,\N,2024-04-22T23:56:45Z,\N,2024-05-12T14:57:36Z,\N,1,assert
acme:compute_node:end-0000480~48f8b101b18a,compute_node,acme,end-0000480,end-0000480.dc2-hall1-rack02,endpoint,operational,in_use,true,2024-04-08T15:41:32Z,2026-08-29T20:07:47Z,2024-05-14T18:29:45Z,\N,1,assert
acme:compute_node:end-0000423~011737bce46f,compute_node,acme,end-0000423,end-0000423.hq-dc1-f2-r1,endpoint,operational,in_use,true,2024-05-19T17:23:43Z,\N,2024-05-25T19:59:51Z,\N,1,assert
acme:compute_node:end-0000300~25d512fd642a,compute_node,acme,end-0000300,end-0000300.hq-dc1-f2-r1-rack02,endpoint,operational,in_use,true,2024-04-15T07:37:10Z,\N,2024-06-03T15:50:21Z,\N,1,assert
acme:compute_node:end-0000465~2a3aed6c31b2,compute_node,acme,end-0000465,end-0000465.dc2-hall1-rack03,endpoint,operational,in_use,true,2024-05-04T20:49:54Z,2026-08-30T13:08:08Z,2024-06-05T20:59:05Z,\N,1,assert
acme:compute_node:end-0000359~0e9ea630afe9,compute_node,acme,end-0000359,end-0000359.hq-dc1-f1,endpoint,operational,end_of_support,true,2024-05-22T23:23:28Z,\N,2024-06-06T16:56:35Z,\N,1,assert
acme:compute_node:end-0000060~44809bc3c4f6,compute_node,acme,end-0000060,end-0000060.hq-dc2-f2,endpoint,operational,in_use,true,2024-05-30T16:09:02Z,\N,2024-06-08T12:02:07Z,2026-04-01T07:51:15Z,1,assert
acme:compute_node:end-0000560~a9f992870f57,compute_node,acme,end-0000560,end-0000560.aws-reg-4,endpoint,operational,in_use,\N,2024-04-22T21:31:31Z,\N,2024-06-19T20:54:23Z,2025-01-22T17:55:19Z,1,assert
acme:compute_node:con-0000111~f8c946d113e5,compute_node,acme,con-0000111,con-0000111.remote-office-f2-r1,container_host,operational,in_maintenance,true,2024-05-16T16:05:31Z,2024-10-04T13:16:46Z,2024-06-26T09:58:00Z,\N,1,assert
acme:compute_node:end-0000540~78cca3f725bc,compute_node,acme,end-0000540,end-0000540.aws-reg-4,endpoint,operational,in_use,true,2024-06-22T22:03:30Z,\N,2024-07-04T09:05:21Z,\N,1,assert
acme:compute_node:end-0000466~e8cdefc866e6,compute_node,acme,end-0000466,end-0000466.hq-dc1-f2-r1-rack03,endpoint,operational,in_use,true,2024-06-17T18:07:09Z,\N,2024-07-06T18:55:31Z,\N,1,assert
acme:compute_node:end-0000034~a9c4d8fe6779,compute_node,acme,end-0000034,end-0000034.hq-b2-f1,endpoint,operational,in_use,true,2024-07-21T06:47:06Z,\N,2024-08-12T10:53:23Z,\N,1,assert
acme:compute_node:end-0000200~5795258f340f,compute_node,acme,end-0000200,end-0000200.hq-b2,endpoint,operational,in_use,true,2024-07-13T07:05:40Z,\N,2024-08-18T16:05:14Z,\N,1,assert
acme:compute_node:end-0000408~816073641146,compute_node,acme,end-0000408,end-0000408.hq-b1-f1-r1,endpoint,operational,in_use,true,2024-07-02T16:19:49Z,\N,2024-08-19T18:31:24Z,\N,1,assert
acme:compute_node:end-0000037~d2b482eda8a4,compute_node,acme,end-0000037,end-0000037.aws-reg-1-az1,endpoint,operational,in_use,true,2024-07-25T05:09:45Z,\N,2024-08-29T14:52:30Z,\N,1,assert
acme:compute_node:end-0000080~f4895f4020bd,compute_node,acme,end-0000080,end-0000080.remote-office-f2-r1,endpoint,operational,in_use,true,2024-07-27T19:59:22Z,\N,2024-09-19T23:26:08Z,\N,1,assert
acme:compute_node:end-0000559~4fd029723f88,compute_node,acme,end-0000559,end-0000559.hq-b1-f1-r1-rack03,endpoint,operational,test,true,2024-08-07T10:23:47Z,\N,2024-09-21T22:12:06Z,\N,1,assert
acme:compute_node:end-0000379~a0bae3a494f1,compute_node,acme,end-0000379,end-0000379.hq-dc1-f1,endpoint,operational,in_use,true,2024-10-02T03:26:55Z,\N,2024-10-07T20:33:46Z,\N,1,assert
acme:compute_node:end-0000474~b11f34694002,compute_node,acme,end-0000474,end-0000474.remote-office-f2-r1,endpoint,operational,in_use,true,2024-08-11T00:31:29Z,\N,2024-10-10T17:56:46Z,\N,1,assert
acme:compute_node:end-0000091~c8532395d76e,compute_node,acme,end-0000091,end-0000091.hq-dc2-f2,endpoint,operational,in_use,true,2024-08-25T18:08:41Z,\N,2024-10-14T22:15:36Z,\N,1,assert
acme:compute_node:end-0000330~dae601ec2096,compute_node,acme,end-0000330,end-0000330.aws-reg-1-az2,endpoint,operational,in_use,\N,2024-08-25T14:50:08Z,\N,2024-10-15T02:25:33Z,\N,1,assert
acme:compute_node:end-0000417~c40646be601e,compute_node,acme,end-0000417,end-0000417.hq-b2-f1,endpoint,operational,pending_retirement,true,2024-10-03T02:43:35Z,\N,2024-10-23T03:23:34Z,\N,1,assert
acme:compute_node:end-0000489~8c7a57747639,compute_node,acme,end-0000489,end-0000489.remote,endpoint,operational,in_use,true,2024-10-09T06:24:48Z,\N,2024-10-27T04:19:26Z,\N,1,assert
acme:compute_node:end-0000230~bd78f841c71f,compute_node,acme,end-0000230,end-0000230.hq-dc1-f2-r1-rack03,endpoint,inventory,quarantined,true,2024-09-21T02:22:08Z,\N,2024-11-13T15:29:30Z,2027-03-09T22:26:21Z,1,assert
acme:compute_node:end-0000291~62814eddb435,compute_node,acme,end-0000291,end-0000291.hq-dc1,endpoint,operational,in_use,true,2024-09-28T00:18:19Z,\N,2024-11-19T18:43:48Z,\N,1,assert
acme:compute_node:end-0000292~83ccd8c55c28,compute_node,acme,end-0000292,end-0000292.dc2-hall1-rack02,endpoint,operational,in_use,true,2024-11-07T06:10:54Z,2026-09-01T00:06:27Z,2024-11-20T03:14:34Z,\N,1,assert
acme:compute_node:end-0000394~30ff9254d042,compute_node,acme,end-0000394,end-0000394.hq-dc1-f2-r1-rack03,endpoint,operational,in_use,true,2024-11-20T10:08:53Z,\N,2024-11-21T23:56:20Z,\N,1,assert
acme:compute_node:end-0000515~d958d537de33,compute_node,acme,end-0000515,end-0000515.aws-reg-1-az1,endpoint,operational,in_use,\N,2024-11-22T03:31:57Z,\N,2024-11-27T07:01:02Z,\N,1,assert
acme:compute_node:end-0000329~f89d432807bc,compute_node,acme,end-0000329,end-0000329.hq-b1-f1-r1-rack01,endpoint,operational,legal_hold,true,2024-12-07T18:32:38Z,\N,2024-12-13T04:54:42Z,\N,1,assert
acme:compute_node:end-0000294~ee705d89d938,compute_node,acme,end-0000294,end-0000294.hq-b2,endpoint,operational,in_use,true,2024-11-07T18:31:41Z,\N,2024-12-20T15:14:38Z,\N,1,assert
acme:compute_node:end-0000050~eed0ebb81a24,compute_node,acme,end-0000050,end-0000050.hq-dc1-f2-r1,endpoint,operational,in_use,true,2024-12-12T12:47:42Z,\N,2025-01-04T08:23:33Z,\N,1,assert
acme:compute_node:end-0000248~da7ac6a19e47,compute_node,acme,end-0000248,end-0000248.hq-dc1-f2-r1,endpoint,operational,test,true,2024-11-28T21:39:27Z,\N,2025-01-16T15:53:33Z,\N,1,assert
acme:compute_node:end-0000076~51123f0a4d0e,compute_node,acme,end-0000076,end-0000076.remote-office-f2-r2,endpoint,operational,in_use,true,2024-11-24T08:50:44Z,\N,2025-01-19T21:23:40Z,\N,1,assert
acme:compute_node:end-0000171~c49ffcaacbb3,compute_node,acme,end-0000171,end-0000171.hq-b1-f2-r1,endpoint,operational,in_use,\N,2025-01-05T23:07:34Z,\N,2025-01-20T04:54:50Z,\N,1,assert
acme:compute_node:end-0000560~a9f992870f57,compute_node,acme,end-0000560,end-0000560.aws-reg-4,endpoint,operational,in_maintenance,\N,2024-04-22T21:31:31Z,\N,2025-01-22T17:55:19Z,\N,2,assert
acme:compute_node:end-0000252~de6bf80e3137,compute_node,acme,end-0000252,end-0000252.dc2-hall2-rack03,endpoint,operational,missing,true,2024-11-28T11:46:48Z,2026-09-02T12:08:55Z,2025-01-23T16:08:00Z,\N,1,assert
acme:compute_node:end-0000204~8a49eda4ffd2,compute_node,acme,end-0000204,end-0000204.hq-b1-f1-r1-rack04,endpoint,operational,in_use,true,2024-11-30T14:56:20Z,\N,2025-01-26T03:08:16Z,\N,1,assert
acme:compute_node:end-0000094~e7f9a3176f26,compute_node,acme,end-0000094,end-0000094.dc2-hall1-rack02,endpoint,operational,in_use,\N,2024-12-31T21:12:59Z,2026-09-03T02:30:01Z,2025-02-04T14:38:06Z,\N,1,assert
acme:compute_node:end-0000479~956280c693da,compute_node,acme,end-0000479,end-0000479.hq-dc1-f1-r1,endpoint,operational,in_use,true,2025-02-07T11:45:34Z,\N,2025-02-09T17:38:18Z,\N,1,assert
acme:compute_node:end-0000351~ead82e7802bb,compute_node,acme,end-0000351,end-0000351.aws-reg-1,endpoint,operational,in_use,true,2024-12-16T17:16:23Z,\N,2025-02-14T07:52:15Z,\N,1,assert
acme:compute_node:end-0000523~83add51ee0fe,compute_node,acme,end-0000523,end-0000523.hq-dc2,endpoint,operational,in_use,true,2025-01-26T11:31:27Z,\N,2025-02-23T13:42:06Z,\N,1,assert
acme:compute_node:end-0000335~2a6ddd57a484,compute_node,acme,end-0000335,end-0000335.hq-b1-f1-r2,endpoint,operational,in_use,true,2025-02-17T08:50:18Z,\N,2025-03-01T01:50:29Z,\N,1,assert
acme:compute_node:end-0000041~c65908af5457,compute_node,acme,end-0000041,end-0000041.hq-dc1,endpoint,operational,in_use,true,2025-02-26T03:16:28Z,\N,2025-03-17T00:24:11Z,\N,1,assert
acme:compute_node:end-0000438~f1311fdf48d0,compute_node,acme,end-0000438,end-0000438.hq-b1-f2-r2,endpoint,operational,in_use,true,2025-04-05T00:01:01Z,2025-06-12T07:36:45Z,2025-04-12T06:20:28Z,\N,1,assert
acme:compute_node:end-0000270~9be454970cc3,compute_node,acme,end-0000270,end-0000270.dc2-hall2-rack03,endpoint,operational,in_use,true,2025-03-16T05:57:46Z,2026-09-05T08:42:32Z,2025-04-18T20:22:15Z,\N,1,assert
acme:compute_node:end-0000367~9ac06c1c48bb,compute_node,acme,end-0000367,end-0000367.hq-dc1-f2-r1-rack02,endpoint,operational,pending_retirement,\N,2025-04-20T22:32:14Z,\N,2025-04-29T14:52:33Z,\N,1,assert
acme:compute_node:end-0000407~cd7658438881,compute_node,acme,end-0000407,end-0000407.hq-dc1-f2-r1-rack02,endpoint,operational,in_use,true,2025-04-24T10:27:20Z,\N,2025-05-06T06:45:02Z,\N,1,assert
acme:compute_node:end-0000400~2edccabd702f,compute_node,acme,end-0000400,end-0000400.dc2-hall1-rack01,endpoint,operational,in_maintenance,\N,2025-04-17T02:45:38Z,2026-09-06T02:13:41Z,2025-05-18T03:34:17Z,\N,1,assert
acme:compute_node:end-0000427~8b98488a627e,compute_node,acme,end-0000427,end-0000427.hq-dc2-f2,endpoint,operational,in_use,true,2025-05-17T22:04:33Z,\N,2025-05-18T14:21:26Z,\N,1,assert
acme:compute_node:end-0000502~90c8e98653b2,compute_node,acme,end-0000502,end-0000502.hq-b2,endpoint,operational,in_use,true,2025-04-06T08:50:14Z,\N,2025-05-21T10:04:07Z,\N,1,assert
acme:compute_node:end-0000097~a1c310242676,compute_node,acme,end-0000097,end-0000097.hq-b1-f1-r1-rack03,endpoint,operational,in_use,true,2025-05-20T07:03:29Z,\N,2025-05-23T01:45:04Z,\N,1,assert
acme:compute_node:end-0000043~71d7b34a3a83,compute_node,acme,end-0000043,end-0000043.hq-dc2-f1,endpoint,operational,in_use,true,2025-06-04T13:02:41Z,\N,2025-06-11T12:33:20Z,\N,1,assert
acme:compute_node:end-0000229~7b917c84d963,compute_node,acme,end-0000229,end-0000229.hq-dc1-f2-r1-rack03,endpoint,operational,in_use,\N,2025-05-02T03:03:33Z,\N,2025-06-12T14:09:30Z,\N,1,assert
acme:compute_node:end-0000164~84f93fe029cd,compute_node,acme,end-0000164,end-0000164.remote,endpoint,operational,end_of_support,true,2025-05-14T07:09:47Z,\N,2025-06-22T09:55:09Z,\N,1,assert
acme:compute_node:clu-0000131~e410bc15cc35,compute_node,acme,clu-0000131,clu-0000131.aws-reg-1-az2,cluster_node,operational,in_maintenance,true,2025-06-02T20:11:17Z,\N,2025-06-23T17:21:55Z,\N,1,assert
acme:compute_node:end-0000095~d886b3f3f318,compute_node,acme,end-0000095,end-0000095.hq-dc1-f1,endpoint,operational,in_use,true,2025-06-09T17:06:57Z,\N,2025-06-24T21:26:24Z,2027-02-14T05:56:53Z,1,assert
acme:compute_node:end-0000197~222510cf1aac,compute_node,acme,end-0000197,end-0000197.remote-office-f1,endpoint,operational,in_use,true,2025-05-08T23:04:06Z,\N,2025-07-07T00:59:00Z,\N,1,assert
acme:compute_node:end-0000450~b9e59b4d8f5d,compute_node,acme,end-0000450,end-0000450.hq-dc1-f1,endpoint,operational,in_use,true,2025-06-23T00:21:40Z,\N,2025-07-20T05:46:16Z,\N,1,assert
acme:compute_node:end-0000505~4ec8166b7dc2,compute_node,acme,end-0000505,end-0000505.dc2-hall1-rack03,endpoint,operational,in_use,true,2025-07-12T20:06:11Z,2026-09-08T03:44:49Z,2025-07-28T05:05:56Z,\N,1,assert
acme:compute_node:end-0000405~aefbfd94d0f0,compute_node,acme,end-0000405,end-0000405.aws-reg-3,endpoint,operational,in_use,\N,2025-06-18T05:22:14Z,\N,2025-08-02T17:55:13Z,\N,1,assert
acme:compute_node:end-0000321~06c1d7b1a5d8,compute_node,acme,end-0000321,end-0000321.aws-reg-1,endpoint,operational,in_use,\N,2025-07-15T16:22:05Z,\N,2025-08-10T09:12:22Z,\N,1,assert
acme:compute_node:clu-0000130~b3995827d201,compute_node,acme,clu-0000130,clu-0000130.hq-b1-f1-r1-rack01,cluster_node,operational,in_use,true,2025-07-23T23:22:58Z,\N,2025-08-12T20:07:02Z,\N,1,assert
acme:compute_node:end-0000260~2c97fd0fbdf0,compute_node,acme,end-0000260,end-0000260.hq-dc2-f2,endpoint,operational,in_use,true,2025-07-03T12:50:06Z,\N,2025-08-16T13:40:21Z,\N,1,assert
acme:compute_node:end-0000089~55b14e9fe192,compute_node,acme,end-0000089,end-0000089.hq-dc1,endpoint,operational,in_maintenance,true,2025-08-15T15:10:52Z,\N,2025-08-23T22:07:36Z,\N,1,assert
acme:compute_node:end-0000422~349f56c42b5d,compute_node,acme,end-0000422,end-0000422.dc2-hall1-rack03,endpoint,operational,in_maintenance,\N,2025-08-06T10:58:23Z,2026-09-09T18:51:45Z,2025-08-28T12:36:04Z,\N,1,assert
acme:compute_node:con-0000112~3069ce9cf962,compute_node,acme,con-0000112,con-0000112.hq-dc1-f1-r1-rack01,container_host,operational,in_use,true,2025-07-25T13:05:52Z,\N,2025-08-29T10:42:54Z,\N,1,assert
acme:compute_node:end-0000490~ace45ddd4943,compute_node,acme,end-0000490,end-0000490.hq-b1,endpoint,operational,in_use,true,2025-08-11T08:31:47Z,\N,2025-08-30T00:07:53Z,\N,1,assert
acme:compute_node:end-0000313~7efc3288fe30,compute_node,acme,end-0000313,end-0000313.remote-office-f2-r1,endpoint,operational,in_use,true,2025-07-11T10:44:32Z,\N,2025-09-01T13:22:36Z,\N,1,assert
acme:compute_node:end-0000020~d851c1f24f52,compute_node,acme,end-0000020,end-0000020.hq-dc1-f1-r1-rack03,endpoint,operational,in_use,true,2025-09-02T14:18:36Z,\N,2025-09-09T01:21:27Z,\N,1,assert
acme:compute_node:end-0000279~6348724d950a,compute_node,acme,end-0000279,end-0000279.hq-dc1-f2-r1-rack02,endpoint,operational,in_use,true,2025-08-08T02:14:01Z,\N,2025-09-14T08:56:27Z,\N,1,assert
acme:compute_node:end-0000476~845e6d7d8b05,compute_node,acme,end-0000476,end-0000476.hq-dc1-f2-r1-rack02,endpoint,operational,in_use,true,2025-09-03T03:43:13Z,\N,2025-09-17T08:11:27Z,\N,1,assert
acme:compute_node:vir-0000008~17dc0df9a129,compute_node,acme,vir-0000008,vir-0000008.aws-reg-6,virtual_machine,operational,in_use,true,2025-08-07T22:34:06Z,\N,2025-09-23T07:26:05Z,\N,1,assert
acme:compute_node:end-0000416~9b8b029d729a,compute_node,acme,end-0000416,end-0000416.hq-dc1-f2-r1-rack02,endpoint,operational,in_use,\N,2025-08-29T18:08:16Z,\N,2025-09-25T15:38:17Z,\N,1,assert
acme:compute_node:end-0000241~2281e5944020,compute_node,acme,end-0000241,end-0000241.dc2-hall2,endpoint,operational,in_use,true,2025-09-21T09:57:14Z,2026-09-10T14:12:45Z,2025-10-26T14:34:41Z,\N,1,assert
acme:compute_node:end-0000104~db56155e976c,compute_node,acme,end-0000104,end-0000104.hq-b2-f1-r1,endpoint,operational,in_maintenance,true,2025-09-03T17:06:29Z,\N,2025-11-02T20:30:59Z,\N,1,assert
acme:compute_node:end-0000440~91b5e7ec4bb8,compute_node,acme,end-0000440,end-0000440.aws-reg-3,endpoint,operational,test,true,2025-10-31T14:18:17Z,\N,2025-11-02T09:00:22Z,\N,1,assert
acme:compute_node:end-0000428~dda90966a247,compute_node,acme,end-0000428,end-0000428.remote,endpoint,operational,in_use,true,2025-09-16T09:51:14Z,\N,2025-11-04T05:03:55Z,\N,1,assert
acme:compute_node:end-0000424~9de27be8ad88,compute_node,acme,end-0000424,end-0000424.aws-reg-6,endpoint,operational,in_use,\N,2025-10-04T03:01:17Z,\N,2025-11-09T16:47:00Z,\N,1,assert
acme:compute_node:end-0000430~b6d9b8066415,compute_node,acme,end-0000430,end-0000430.remote,endpoint,operational,in_use,\N,2025-09-16T11:03:33Z,\N,2025-11-12T16:10:30Z,\N,1,assert
acme:compute_node:end-0000589~e7996d62d2c3,compute_node,acme,end-0000589,end-0000589.dc2-hall1-rack01,endpoint,operational,legal_hold,\N,2025-11-11T18:43:52Z,2026-09-12T12:03:43Z,2025-12-02T09:37:51Z,\N,1,assert
acme:compute_node:end-0000221~4bacc69ac625,compute_node,acme,end-0000221,end-0000221.dc2-hall2,endpoint,operational,in_maintenance,\N,2025-10-14T12:24:25Z,2026-09-13T19:15:00Z,2025-12-09T11:38:10Z,\N,1,assert
acme:compute_node:end-0000477~e9426cf4e4b8,compute_node,acme,end-0000477,end-0000477.aws-reg-1-az1,endpoint,operational,in_use,\N,2025-12-14T09:54:47Z,\N,2025-12-19T21:58:54Z,\N,1,assert
acme:compute_node:end-0000216~9e2363a872bf,compute_node,acme,end-0000216,end-0000216.hq,endpoint,operational,in_use,true,2025-11-04T09:28:07Z,\N,2025-12-21T09:35:23Z,\N,1,assert
acme:compute_node:end-0000593~d523fe346c11,compute_node,acme,end-0000593,end-0000593.hq-dc1-f1-r1-rack03,endpoint,operational,in_use,true,2026-01-01T22:01:56Z,\N,2026-01-01T22:01:56Z,\N,1,assert
acme:compute_node:end-0000301~c4fa3b8ef56a,compute_node,acme,end-0000301,end-0000301.remote-office-f2-r2,endpoint,operational,in_use,true,2025-12-08T04:30:46Z,\N,2026-01-10T05:10:40Z,\N,1,assert
acme:compute_node:end-0000253~5f14ef10a9e7,compute_node,acme,end-0000253,end-0000253.dc2,endpoint,inventory,quarantined,true,2025-12-09T08:43:28Z,2026-09-15T19:29:05Z,2026-01-10T18:08:17Z,\N,1,assert
acme:compute_node:end-0000162~72623585cacf,compute_node,acme,end-0000162,end-0000162.aws-reg-6,endpoint,operational,in_use,\N,2025-12-29T04:19:00Z,\N,2026-01-14T14:36:09Z,\N,1,assert
acme:compute_node:end-0000333~6c6ca4056069,compute_node,acme,end-0000333,end-0000333.hq-b2-f1-r2,endpoint,operational,in_use,true,2026-01-10T16:08:49Z,\N,2026-01-15T14:18:26Z,\N,1,assert
acme:compute_node:end-0000553~7bb2a11466d1,compute_node,acme,\N,\N,\N,\N,\N,\N,2021-12-29T18:47:08Z,\N,2026-01-24T01:12:05Z,\N,2,retract
acme:compute_node:end-0000569~4e16024ec5f8,compute_node,acme,end-0000569,end-0000569.hq-dc1-f1-r1-rack02,endpoint,operational,in_use,true,2026-01-16T12:42:42Z,\N,2026-01-25T06:43:05Z,\N,1,assert
acme:compute_node:end-0000473~fffe583518ae,compute_node,acme,end-0000473,end-0000473.aws-reg-6,endpoint,operational,in_use,true,2026-01-01T16:52:16Z,\N,2026-01-27T14:41:30Z,\N,1,assert
acme:compute_node:end-0000106~aaf623394654,compute_node,acme,end-0000106,end-0000106.dc2-hall1-rack01,endpoint,inventory,quarantined,true,2026-01-25T20:30:31Z,2026-09-16T22:40:19Z,2026-02-02T07:28:24Z,\N,1,assert
acme:compute_node:end-0000207~9ca001437ef9,compute_node,acme,end-0000207,end-0000207.hq,endpoint,inventory,quarantined,\N,2026-02-02T11:26:03Z,\N,2026-02-02T11:26:03Z,2027-03-09T18:38:07Z,1,assert
acme:compute_node:end-0000040~bc4c3aab8f24,compute_node,acme,end-0000040,end-0000040.hq-b1-f1-r1,endpoint,operational,in_use,true,2026-01-08T08:05:57Z,\N,2026-02-02T14:42:11Z,\N,1,assert
acme:compute_node:end-0000299~1da6c4611dd0,compute_node,acme,end-0000299,end-0000299.hq-b1-f1-r1,endpoint,inventory,quarantined,true,2026-02-02T04:21:07Z,\N,2026-02-03T08:49:29Z,2027-03-09T13:25:57Z,1,assert
acme:compute_node:end-0000397~72bde8c28297,compute_node,acme,end-0000397,end-0000397.dc2-hall1-rack03,endpoint,operational,in_maintenance,\N,2026-01-13T13:28:53Z,\N,2026-02-05T19:18:08Z,2026-04-13T09:55:10Z,1,assert
acme:compute_node:con-0000115~38a9896d0a1e,compute_node,acme,con-0000115,con-0000115.aws-reg-1-az2,container_host,inventory,quarantined,true,2026-02-02T15:32:00Z,\N,2026-02-06T10:06:21Z,2027-03-09T07:09:15Z,1,assert
acme:compute_node:end-0000244~e8e0694f8ea5,compute_node,acme,end-0000244,end-0000244.dc2,endpoint,operational,missing,true,2026-01-05T09:44:06Z,2026-09-19T05:15:03Z,2026-02-07T15:43:48Z,\N,1,assert
acme:compute_node:end-0000273~4a39515dcf92,compute_node,acme,\N,\N,\N,\N,\N,\N,2022-08-10T01:12:08Z,\N,2026-02-11T23:31:38Z,\N,2,retract
acme:compute_node:end-0000023~d2155353a123,compute_node,acme,end-0000023,end-0000023.dc2-hall1-rack02,endpoint,inventory,quarantined,true,2026-02-02T20:43:20Z,2026-09-20T22:04:06Z,2026-02-12T20:40:15Z,\N,1,assert
acme:compute_node:end-0000057~b0adaecfccab,compute_node,acme,end-0000057,end-0000057.dc2,endpoint,operational,test,true,2026-01-12T18:24:08Z,2026-09-22T13:23:10Z,2026-02-14T12:44:40Z,\N,1,assert
acme:compute_node:end-0000432~505f352627e1,compute_node,acme,end-0000432,end-0000432.aws-reg-3,endpoint,operational,in_use,true,2026-01-16T01:19:22Z,\N,2026-02-15T00:30:39Z,\N,1,assert
acme:compute_node:end-0000529~3c3c1724fb1f,compute_node,acme,end-0000529,end-0000529.hq-b1,endpoint,inventory,quarantined,true,2026-02-02T00:12:07Z,\N,2026-02-15T07:32:18Z,2027-03-09T05:29:53Z,1,assert
acme:compute_node:end-0000069~522b0794b0b2,compute_node,acme,end-0000069,end-0000069.hq-dc1-f1-r2,endpoint,inventory,quarantined,true,2026-01-28T05:06:56Z,\N,2026-02-15T09:25:22Z,2027-03-09T15:19:45Z,1,assert
acme:compute_node:end-0000054~0b29ffe1f1a9,compute_node,acme,end-0000054,end-0000054.hq-b2,endpoint,operational,in_use,true,2026-01-02T04:24:38Z,\N,2026-02-16T04:43:22Z,\N,1,assert
acme:compute_node:end-0000421~57e4e3fae7a4,compute_node,acme,\N,\N,\N,\N,\N,\N,2021-02-27T04:25:32Z,\N,2026-02-16T14:48:46Z,\N,2,retract
acme:compute_node:end-0000437~7dca654ce2a3,compute_node,acme,end-0000437,end-0000437.hq-b1-f1-r1,endpoint,inventory,quarantined,true,2026-02-02T12:40:24Z,\N,2026-02-19T21:25:30Z,2027-03-09T15:33:36Z,1,assert
acme:compute_node:end-0000381~464fc1139d76,compute_node,acme,end-0000381,end-0000381.hq-dc1-f1-r1-rack03,endpoint,operational,in_maintenance,true,2026-01-25T02:31:29Z,\N,2026-02-20T20:31:07Z,\N,1,assert
acme:compute_node:end-0000460~4ce5320cee3e,compute_node,acme,end-0000460,end-0000460.hq-dc1-f2-r1,endpoint,inventory,quarantined,true,2026-02-02T11:16:48Z,2026-05-03T00:56:24Z,2026-02-24T01:22:30Z,\N,1,assert
acme:compute_node:end-0000183~017d98973544,compute_node,acme,end-0000183,end-0000183.hq-b1-f1-r1,endpoint,operational,in_use,true,2026-02-09T09:43:44Z,\N,2026-02-24T09:27:20Z,\N,1,assert
acme:compute_node:end-0000444~ecd4aa9407c4,compute_node,acme,end-0000444,end-0000444.hq-dc1-f1-r1,endpoint,operational,in_use,true,2026-02-08T07:11:14Z,\N,2026-02-24T07:04:44Z,\N,1,assert
acme:compute_node:con-0000127~90d71ea5a3c5,compute_node,acme,con-0000127,con-0000127.hq-b2,container_host,operational,in_use,true,2026-02-13T15:29:55Z,\N,2026-02-25T02:01:14Z,\N,1,assert
acme:compute_node:end-0000506~3f2e1452373a,compute_node,acme,end-0000506,end-0000506.hq-b2-f1-r1,endpoint,inventory,quarantined,true,2026-02-02T09:44:21Z,\N,2026-02-25T03:58:06Z,2027-03-09T17:16:52Z,1,assert
acme:compute_node:end-0000184~232bd13c4aaf,compute_node,acme,end-0000184,end-0000184.hq-b1-f1-r2,endpoint,inventory,quarantined,true,2026-02-02T08:07:50Z,\N,2026-02-26T09:45:29Z,2027-03-09T00:43:02Z,1,assert
acme:compute_node:end-0000469~123a4a81cfda,compute_node,acme,end-0000469,end-0000469.aws-reg-3,endpoint,operational,in_use,true,2026-01-16T16:09:25Z,\N,2026-02-26T17:13:41Z,\N,1,assert
acme:compute_node:end-0000109~780e0aeef911,compute_node,acme,end-0000109,end-0000109.hq-dc1-f1-r1-rack02,endpoint,operational,in_use,true,2026-01-04T22:12:14Z,\N,2026-02-27T22:05:08Z,\N,1,assert
acme:compute_node:end-0000029~37a767440808,compute_node,acme,end-0000029,end-0000029.hq-dc1-f1-r1,endpoint,operational,in_use,\N,2026-01-08T08:07:19Z,\N,2026-02-28T03:27:52Z,\N,1,assert
acme:compute_node:con-0000116~8029476bfb51,compute_node,acme,con-0000116,con-0000116.aws-reg-1-az2,container_host,operational,pending_retirement,true,2026-01-11T12:46:22Z,\N,2026-02-28T12:51:43Z,\N,1,assert
acme:compute_node:end-0000202~958f999e2b10,compute_node,acme,end-0000202,end-0000202.hq-b2-f1-r2,endpoint,operational,in_maintenance,true,2026-01-30T00:35:50Z,\N,2026-02-28T18:58:02Z,\N,1,assert
acme:compute_node:end-0000538~44cf69ef8286,compute_node,acme,end-0000538,end-0000538.hq-b2-f1-r1,endpoint,operational,legal_hold,\N,2026-01-21T21:53:27Z,\N,2026-03-01T06:08:54Z,\N,1,assert
acme:compute_node:end-0000030~b67da2f3c0df,compute_node,acme,end-0000030,end-0000030.hq-dc1-f1-r2,endpoint,operational,pending_retirement,true,2026-01-24T22:55:52Z,\N,2026-03-02T07:15:27Z,\N,1,assert
acme:compute_node:end-0000070~0d83f9ac0e42,compute_node,acme,end-0000070,end-0000070.hq-b1-f2,endpoint,operational,in_use,\N,2026-02-07T01:50:08Z,\N,2026-03-02T02:47:49Z,\N,1,assert
acme:compute_node:con-0000129~ae8aadcc8f0d,compute_node,acme,con-0000129,con-0000129.aws-reg-1-az1,container_host,operational,in_use,true,2026-01-11T00:51:10Z,\N,2026-03-02T07:38:29Z,\N,1,assert
acme:compute_node:end-0000286~73beb624598d,compute_node,acme,end-0000286,end-0000286.hq,endpoint,operational,in_use,true,2026-02-12T06:59:42Z,\N,2026-03-02T09:53:10Z,\N,1,assert
acme:compute_node:end-0000214~7db4530f685e,compute_node,acme,end-0000214,end-0000214.aws-reg-1,endpoint,operational,in_use,\N,2026-02-14T11:48:30Z,\N,2026-03-03T17:44:33Z,\N,1,assert
acme:compute_node:end-0000345~b94ebdb396b7,compute_node,acme,end-0000345,end-0000345.dc2-hall2,endpoint,inventory,quarantined,true,2026-02-02T09:35:19Z,2026-09-23T10:05:54Z,2026-03-04T00:06:20Z,\N,1,assert
acme:compute_node:end-0000190~09d2c28304b8,compute_node,acme,end-0000190,end-0000190.dc2-hall1-rack02,endpoint,operational,in_use,true,2026-01-26T23:45:46Z,2026-09-24T06:36:15Z,2026-03-05T06:46:42Z,\N,1,assert
acme:compute_node:end-0000266~a02054ed82ef,compute_node,acme,end-0000266,end-0000266.dc2-hall1-rack03,endpoint,operational,in_use,true,2026-02-16T20:56:51Z,2026-09-26T02:55:29Z,2026-03-05T11:52:20Z,\N,1,assert
acme:compute_node:end-0000591~1ee01934f41c,compute_node,acme,end-0000591,end-0000591.hq,endpoint,operational,in_use,true,2026-01-24T15:52:03Z,\N,2026-03-05T22:04:19Z,\N,1,assert
acme:compute_node:end-0000077~d02462fd0a15,compute_node,acme,end-0000077,end-0000077.aws-reg-2,endpoint,operational,end_of_support,\N,2026-01-27T16:17:05Z,\N,2026-03-07T21:01:43Z,\N,1,assert
acme:compute_node:end-0000056~adc25ff65415,compute_node,acme,end-0000056,end-0000056.hq-b1-f1-r2,endpoint,operational,in_use,true,2026-02-25T23:17:18Z,2026-05-22T12:03:08Z,2026-03-08T02:38:49Z,\N,1,assert
acme:compute_node:end-0000564~d7faa19ec5ed,compute_node,acme,end-0000564,end-0000564.hq-dc1-f2-r2,endpoint,operational,in_use,true,2026-02-04T12:01:14Z,\N,2026-03-09T22:20:24Z,\N,1,assert
acme:compute_node:end-0000536~5cba17b58745,compute_node,acme,end-0000536,end-0000536.hq-b1-f1-r2,endpoint,operational,in_use,true,2026-03-03T08:41:57Z,\N,2026-03-10T13:14:46Z,\N,1,assert
acme:compute_node:end-0000242~75f9744637fb,compute_node,acme,\N,\N,\N,\N,\N,\N,2024-05-18T15:15:54Z,\N,2026-03-11T09:34:45Z,\N,2,retract
acme:compute_node:end-0000344~90de9410c85e,compute_node,acme,end-0000344,end-0000344.hq-dc2-f1,endpoint,operational,in_maintenance,\N,2026-03-06T21:42:47Z,\N,2026-03-13T22:03:24Z,\N,1,assert
acme:compute_node:end-0000092~11f50499f65d,compute_node,acme,end-0000092,end-0000092.aws-reg-1,endpoint,inventory,quarantined,true,2026-02-02T16:32:23Z,\N,2026-03-17T01:32:07Z,2027-03-09T21:27:14Z,1,assert
acme:compute_node:end-0000575~c81e4faa5081,compute_node,acme,end-0000575,end-0000575.aws-reg-1,endpoint,inventory,quarantined,\N,2026-02-02T17:29:39Z,\N,2026-03-18T05:42:50Z,2027-03-09T17:32:50Z,1,assert
acme:compute_node:end-0000189~c60976304206,compute_node,acme,end-0000189,end-0000189.hq-b1-f2,endpoint,operational,in_use,true,2026-03-17T18:15:35Z,\N,2026-03-19T06:01:56Z,\N,1,assert
acme:compute_node:end-0000014~e88676d87759,compute_node,acme,end-0000014,end-0000014.aws-reg-1-az1,endpoint,operational,in_use,true,2026-02-09T22:14:37Z,\N,2026-03-22T04:54:26Z,\N,1,assert
acme:compute_node:end-0000061~3f3128297c02,compute_node,acme,end-0000061,end-0000061.hq-b1-f2-r1,endpoint,operational,in_use,true,2026-02-24T08:19:34Z,2026-05-26T04:45:22Z,2026-03-23T02:41:09Z,\N,1,assert
acme:compute_node:end-0000382~a96391685561,compute_node,acme,\N,\N,\N,\N,\N,\N,2023-09-14T18:40:50Z,\N,2026-03-26T22:22:43Z,\N,2,retract
acme:compute_node:end-0000483~758171d7a3f1,compute_node,acme,end-0000483,end-0000483.hq-dc2,endpoint,inventory,quarantined,true,2026-02-02T03:19:48Z,\N,2026-03-27T16:12:31Z,2027-03-09T10:36:42Z,1,assert
acme:compute_node:end-0000198~6ab8b93399c3,compute_node,acme,end-0000198,end-0000198.dc2-hall1-rack03,endpoint,operational,pending_retirement,true,2026-02-26T13:44:50Z,2026-09-27T02:26:06Z,2026-03-28T20:03:11Z,\N,1,assert
acme:compute_node:clu-0000132~8d180aec4c9f,compute_node,acme,clu-0000132,clu-0000132.hq-dc1-f2-r1,cluster_node,operational,in_use,true,2026-02-11T16:56:54Z,\N,2026-03-30T01:33:54Z,\N,1,assert
acme:compute_node:end-0000060~44809bc3c4f6,compute_node,acme,end-0000060,end-0000060.hq-dc2-f2,endpoint,operational,in_maintenance,true,2024-05-30T16:09:02Z,\N,2026-04-01T07:51:15Z,\N,2,assert
acme:compute_node:end-0000231~db999454855e,compute_node,acme,end-0000231,end-0000231.remote-office-f2,endpoint,operational,in_use,true,2026-02-09T01:20:21Z,\N,2026-04-02T14:16:02Z,\N,1,assert
acme:compute_node:end-0000518~dfa62789db8d,compute_node,acme,end-0000518,end-0000518.dc2-hall4,endpoint,operational,in_use,\N,2026-02-03T13:26:13Z,2026-09-28T17:52:08Z,2026-04-04T21:03:17Z,\N,1,assert
acme:compute_node:end-0000107~4c21219eac78,compute_node,acme,end-0000107,end-0000107.hq-b1-f1-r1-rack03,endpoint,operational,in_use,true,2026-02-13T07:15:04Z,\N,2026-04-05T19:52:44Z,\N,1,assert
acme:compute_node:end-0000392~dbb89ed23db6,compute_node,acme,end-0000392,end-0000392.hq-b2-f1,endpoint,operational,in_use,true,2026-02-19T02:55:29Z,\N,2026-04-06T18:49:06Z,\N,1,assert
acme:compute_node:end-0000282~ad91f244084b,compute_node,acme,end-0000282,end-0000282.aws-reg-2,endpoint,operational,in_use,true,2026-03-30T09:08:00Z,\N,2026-04-08T11:41:55Z,\N,1,assert
acme:compute_node:end-0000418~2371ea741dcc,compute_node,acme,end-0000418,end-0000418.hq-dc1-f2-r1-rack03,endpoint,operational,in_use,true,2026-02-07T16:51:16Z,\N,2026-04-08T19:59:45Z,\N,1,assert
acme:compute_node:end-0000451~5a3320408106,compute_node,acme,end-0000451,end-0000451.remote-office-f2-r1,endpoint,operational,test,true,2026-03-31T04:37:40Z,\N,2026-04-08T16:31:58Z,\N,1,assert
acme:compute_node:end-0000426~5123b4469de2,compute_node,acme,end-0000426,end-0000426.hq-b1-f2-r2,endpoint,operational,in_use,true,2026-04-07T23:41:15Z,\N,2026-04-08T22:05:23Z,\N,1,assert
acme:compute_node:end-0000101~6f4b26372bf0,compute_node,acme,end-0000101,end-0000101.aws-reg-1-az2,endpoint,operational,in_use,true,2026-02-19T15:58:32Z,\N,2026-04-11T02:32:23Z,\N,1,assert
acme:compute_node:clu-0000139~32917487bfbf,compute_node,acme,clu-0000139,clu-0000139.dc2-hall1-rack01,cluster_node,operational,in_use,true,2026-03-06T15:14:10Z,2026-09-30T02:43:13Z,2026-04-11T04:26:17Z,\N,1,assert
acme:compute_node:end-0000555~0097acc6a8fa,compute_node,acme,end-0000555,end-0000555.hq-dc1-f1-r1-rack02,endpoint,operational,pending_retirement,true,2026-04-03T00:22:32Z,\N,2026-04-11T18:45:30Z,\N,1,assert
acme:compute_node:end-0000411~8954e56a2d5b,compute_node,acme,end-0000411,end-0000411.remote-office-f2,endpoint,operational,end_of_support,true,2026-03-24T10:06:20Z,\N,2026-04-12T02:11:30Z,\N,1,assert
acme:compute_node:end-0000174~393384824297,compute_node,acme,end-0000174,end-0000174.hq-b1-f1-r1-rack03,endpoint,operational,in_use,true,2026-03-19T04:04:36Z,\N,2026-04-13T09:25:53Z,\N,1,assert
acme:compute_node:end-0000397~72bde8c28297,compute_node,acme,end-0000397,end-0000397.dc2-hall1-rack03,endpoint,operational,end_of_support,\N,2026-01-13T13:28:53Z,2026-09-17T19:06:31Z,2026-04-13T09:55:10Z,\N,2,assert
acme:compute_node:end-0000148~5f364f513d0d,compute_node,acme,end-0000148,end-0000148.aws-reg-2,endpoint,operational,in_use,\N,2026-02-27T13:07:12Z,\N,2026-04-14T16:29:16Z,\N,1,assert
acme:compute_node:end-0000146~24438448b45a,compute_node,acme,end-0000146,end-0000146.hq-b1-f1-r1-rack04,endpoint,operational,in_use,true,2026-02-21T13:40:31Z,\N,2026-04-15T23:03:50Z,\N,1,assert
acme:compute_node:end-0000334~4360eceebeff,compute_node,acme,end-0000334,end-0000334.hq-dc1-f2-r1,endpoint,operational,pending_retirement,true,2026-04-13T15:15:10Z,\N,2026-04-15T19:45:54Z,\N,1,assert
acme:compute_node:end-0000565~02a5685154cf,compute_node,acme,end-0000565,end-0000565.aws-reg-2,endpoint,operational,end_of_support,true,2026-03-25T15:25:30Z,\N,2026-04-17T02:30:56Z,\N,1,assert
acme:compute_node:end-0000072~4c1d0dfe0ec8,compute_node,acme,end-0000072,end-0000072.hq-dc1,endpoint,operational,in_use,true,2026-04-05T21:07:55Z,\N,2026-04-19T15:34:37Z,\N,1,assert
acme:compute_node:end-0000223~c1729a50522b,compute_node,acme,end-0000223,end-0000223.hq-dc2-f1,endpoint,operational,in_use,true,2026-04-13T14:23:54Z,\N,2026-04-20T14:36:06Z,\N,1,assert
acme:compute_node:end-0000338~31512827a80a,compute_node,acme,end-0000338,end-0000338.dc2-hall2-rack01,endpoint,operational,in_maintenance,true,2026-03-18T09:07:35Z,2026-10-01T22:55:47Z,2026-04-21T05:45:26Z,\N,1,assert
acme:compute_node:end-0000374~e0cc2d99d081,compute_node,acme,end-0000374,end-0000374.hq,endpoint,operational,in_use,true,2026-04-22T05:19:03Z,\N,2026-04-22T05:19:03Z,\N,1,assert
acme:compute_node:end-0000485~b3f7a7509141,compute_node,acme,end-0000485,end-0000485.hq-b1-f2-r2,endpoint,operational,in_use,\N,2026-04-02T16:26:30Z,\N,2026-04-23T03:16:45Z,\N,1,assert
acme:compute_node:end-0000289~ea7f43091a51,compute_node,acme,end-0000289,end-0000289.hq-b1-f1-r1-rack02,endpoint,operational,test,true,2026-02-28T17:04:01Z,2027-01-13T20:20:12Z,2026-04-28T08:42:43Z,\N,1,assert
acme:compute_node:end-0000033~cbce324c4329,compute_node,acme,end-0000033,end-0000033.hq-dc1-f2-r2,endpoint,operational,in_use,true,2026-03-27T08:31:39Z,\N,2026-04-29T04:57:23Z,\N,1,assert
acme:compute_node:end-0000481~7b36b1e666a7,compute_node,acme,end-0000481,end-0000481.aws-reg-6,endpoint,operational,in_use,true,2026-04-30T09:40:35Z,\N,2026-05-01T05:10:36Z,\N,1,assert
acme:compute_node:end-0000073~d97e60593383,compute_node,acme,end-0000073,end-0000073.hq-dc1-f2-r1-rack03,endpoint,operational,in_use,true,2026-04-05T10:38:58Z,\N,2026-05-02T09:33:27Z,\N,1,assert
acme:compute_node:end-0000491~9e649bc6d79d,compute_node,acme,end-0000491,end-0000491.hq-b2,endpoint,operational,in_use,\N,2026-04-22T11:35:01Z,\N,2026-05-02T00:36:25Z,\N,1,assert
acme:compute_node:end-0000583~2226d0bfdf68,compute_node,acme,end-0000583,end-0000583.hq-dc1-f2-r1,endpoint,operational,missing,true,2026-03-08T23:41:02Z,\N,2026-05-03T12:55:46Z,\N,1,assert
acme:compute_node:end-0000370~caa0a66e2299,compute_node,acme,end-0000370,end-0000370.hq-dc1-f2-r1-rack02,endpoint,operational,in_use,true,2026-03-10T04:06:53Z,\N,2026-05-04T07:39:16Z,\N,1,assert
acme:compute_node:end-0000447~25b90642c749,compute_node,acme,end-0000447,end-0000447.dc2,endpoint,operational,in_use,\N,2026-05-01T13:04:54Z,2026-10-03T04:18:03Z,2026-05-05T01:16:55Z,\N,1,assert
acme:compute_node:con-0000111~f8c946d113e5,compute_node,acme,\N,\N,\N,\N,\N,\N,2024-10-04T13:16:46Z,\N,2026-05-05T15:37:08Z,\N,2,retract
acme:compute_node:end-0000257~94bb77d1c043,compute_node,acme,end-0000257,end-0000257.hq-b2-f1,endpoint,operational,in_use,true,2026-04-17T16:18:23Z,\N,2026-05-08T19:06:19Z,\N,1,assert
acme:compute_node:end-0000083~9fd014fa31ac,compute_node,acme,end-0000083,end-0000083.dc2-hall1,endpoint,operational,in_use,true,2026-04-12T23:41:40Z,2026-10-04T07:43:34Z,2026-05-09T00:29:04Z,\N,1,assert
acme:compute_node:end-0000017~ffc929d74496,compute_node,acme,end-0000017,end-0000017.aws-reg-1,endpoint,operational,in_use,\N,2026-04-05T16:10:01Z,\N,2026-05-10T06:36:03Z,\N,1,assert
acme:compute_node:end-0000039~8fec7de9865a,compute_node,acme,end-0000039,end-0000039.dc2-hall3,endpoint,operational,in_use,true,2026-04-27T16:36:04Z,2026-10-05T22:45:10Z,2026-05-11T10:43:47Z,\N,1,assert
acme:compute_node:end-0000085~ffd40d9b8d11,compute_node,acme,\N,\N,\N,\N,\N,\N,2021-07-05T20:18:23Z,\N,2026-05-11T11:20:54Z,\N,2,retract
acme:compute_node:end-0000056~adc25ff65415,compute_node,acme,\N,\N,\N,\N,\N,\N,2026-05-22T12:03:08Z,\N,2026-05-11T21:56:17Z,\N,2,retract
acme:compute_node:end-0000306~eeb4cd984c88,compute_node,acme,end-0000306,end-0000306.hq-dc1-f1-r1-rack02,endpoint,operational,in_use,\N,2026-05-10T22:51:13Z,\N,2026-05-13T00:53:28Z,\N,1,assert
acme:compute_node:end-0000576~5637d57e1af9,compute_node,acme,end-0000576,end-0000576.dc2,endpoint,operational,test,true,2026-04-29T02:42:59Z,2026-10-07T03:43:37Z,2026-05-14T16:16:36Z,\N,1,assert
acme:compute_node:end-0000102~2e54942f0847,compute_node,acme,end-0000102,end-0000102.aws-reg-1-az1,endpoint,operational,in_use,true,2026-05-07T19:11:39Z,2026-09-16T13:19:21Z,2026-05-17T17:46:57Z,\N,1,assert
acme:compute_node:con-0000114~2076508f4303,compute_node,acme,con-0000114,con-0000114.hq-dc1-f1-r1-rack03,container_host,operational,test,\N,2026-04-26T10:19:21Z,\N,2026-05-17T22:55:27Z,\N,1,assert
acme:compute_node:end-0000442~d0b9d57b58e2,compute_node,acme,end-0000442,end-0000442.hq-dc2-f1,endpoint,operational,in_use,true,2026-05-11T15:20:28Z,\N,2026-05-17T07:34:44Z,\N,1,assert
acme:compute_node:con-0000118~1c495dbec81c,compute_node,acme,con-0000118,con-0000118.hq-b1-f2,container_host,operational,in_use,true,2026-03-26T13:35:52Z,\N,2026-05-19T11:38:41Z,\N,1,assert
acme:compute_node:end-0000224~6eb3aa696e72,compute_node,acme,end-0000224,end-0000224.dc2-hall1-rack02,endpoint,operational,in_use,true,2026-03-26T21:22:28Z,2026-10-08T16:24:46Z,2026-05-20T02:47:17Z,\N,1,assert
acme:compute_node:end-0000055~dac95308f08e,compute_node,acme,end-0000055,end-0000055.hq-b1-f1-r1-rack03,endpoint,operational,in_use,true,2026-04-07T18:53:50Z,\N,2026-05-20T09:26:12Z,\N,1,assert
acme:compute_node:end-0000585~471ea04636c1,compute_node,acme,end-0000585,end-0000585.hq-dc1-f2-r1-rack01,endpoint,operational,in_use,true,2026-04-20T01:25:36Z,\N,2026-05-21T01:51:47Z,\N,1,assert
acme:compute_node:end-0000309~f8cdebfebdd3,compute_node,acme,end-0000309,end-0000309.remote-office-f2,endpoint,operational,in_use,\N,2026-05-18T17:03:37Z,\N,2026-05-23T10:03:25Z,\N,1,assert
acme:compute_node:end-0000168~ca3e32c5e9fb,compute_node,acme,end-0000168,end-0000168.hq-dc2-f2,endpoint,operational,in_use,true,2026-05-06T12:09:36Z,\N,2026-05-24T20:00:29Z,\N,1,assert
acme:compute_node:end-0000071~db124127051a,compute_node,acme,end-0000071,end-0000071.dc2,endpoint,operational,test,true,2026-03-26T08:06:37Z,2026-10-10T14:53:29Z,2026-05-25T10:50:35Z,\N,1,assert
acme:compute_node:end-0000324~4979a46cc207,compute_node,acme,end-0000324,end-0000324.aws-reg-6,endpoint,operational,in_use,true,2026-05-23T17:33:13Z,\N,2026-05-25T20:48:35Z,\N,1,assert
acme:compute_node:end-0000010~80248bf670ec,compute_node,acme,end-0000010,end-0000010.aws-reg-3,endpoint,operational,in_use,true,2026-05-24T09:31:53Z,\N,2026-05-25T23:17:03Z,\N,1,assert
acme:compute_node:end-0000026~f9b5b678eae6,compute_node,acme,end-0000026,end-0000026.dc2-hall2,endpoint,operational,in_maintenance,true,2026-04-13T15:37:43Z,2026-10-11T00:10:15Z,2026-05-26T02:24:17Z,\N,1,assert
acme:compute_node:end-0000495~306fb205a611,compute_node,acme,\N,\N,\N,\N,\N,\N,2024-08-02T14:57:43Z,\N,2026-05-26T07:56:12Z,\N,2,retract
acme:compute_node:end-0000099~95346411cd36,compute_node,acme,end-0000099,end-0000099.hq-dc2-f2,endpoint,operational,in_use,true,2026-04-01T18:22:34Z,\N,2026-05-27T03:36:48Z,\N,1,assert
acme:compute_node:end-0000264~ed6794fe679a,compute_node,acme,end-0000264,end-0000264.hq-b1-f2-r2,endpoint,operational,in_use,\N,2026-04-29T16:17:48Z,\N,2026-05-27T14:29:28Z,\N,1,assert
acme:compute_node:clu-0000140~80b1a170f53a,compute_node,acme,clu-0000140,clu-0000140.hq-dc1-f1-r1,cluster_node,operational,in_use,true,2026-05-18T18:32:57Z,\N,2026-05-28T00:32:50Z,\N,1,assert
acme:compute_node:end-0000179~06d68bac5133,compute_node,acme,end-0000179,end-0000179.dc2-hall2-rack01,endpoint,operational,missing,true,2026-05-10T09:48:24Z,2026-10-12T06:50:05Z,2026-05-28T10:48:38Z,\N,1,assert
acme:compute_node:end-0000316~f66f1592cd16,compute_node,acme,end-0000316,end-0000316.remote-office-f2,endpoint,operational,pending_retirement,true,2026-05-26T06:33:11Z,\N,2026-05-28T15:34:03Z,\N,1,assert
acme:compute_node:end-0000530~0260c22f1769,compute_node,acme,end-0000530,end-0000530.hq-b1-f1-r1-rack01,endpoint,operational,in_use,true,2026-04-25T08:13:13Z,\N,2026-05-29T06:12:11Z,2026-11-02T22:02:06Z,1,assert
acme:compute_node:end-0000188~fe8418d73aa9,compute_node,acme,end-0000188,end-0000188.hq-b1-f2-r1,endpoint,operational,in_use,true,2026-05-11T15:10:07Z,\N,2026-05-29T09:41:29Z,\N,1,assert
acme:compute_node:end-0000064~9cad404d6577,compute_node,acme,end-0000064,end-0000064.dc2-hall1,endpoint,operational,in_use,true,2026-05-15T08:11:50Z,2026-10-14T21:13:50Z,2026-05-29T15:31:02Z,\N,1,assert
acme:compute_node:end-0000169~0b53c8f7817a,compute_node,acme,end-0000169,end-0000169.hq,endpoint,operational,missing,true,2026-05-15T08:57:53Z,\N,2026-06-01T00:20:52Z,\N,1,assert
acme:compute_node:end-0000526~64b2a5c8add7,compute_node,acme,end-0000526,end-0000526.hq-dc1-f2-r1-rack02,endpoint,operational,test,true,2026-05-31T23:30:52Z,\N,2026-06-01T17:08:37Z,\N,1,assert
acme:compute_node:end-0000542~4023841c7933,compute_node,acme,end-0000542,end-0000542.aws-reg-1-az1,endpoint,operational,test,true,2026-04-08T08:35:05Z,\N,2026-06-04T14:42:01Z,\N,1,assert
acme:compute_node:end-0000461~1b9cd6cbc600,compute_node,acme,end-0000461,end-0000461.hq-b1-f2-r1,endpoint,operational,in_use,\N,2026-05-19T02:51:02Z,\N,2026-06-07T11:35:42Z,\N,1,assert
acme:compute_node:end-0000250~77e95d0bfb6a,compute_node,acme,end-0000250,end-0000250.hq-dc2-f2,endpoint,operational,in_maintenance,true,2026-05-16T13:15:44Z,\N,2026-06-09T14:26:38Z,\N,1,assert
acme:compute_node:end-0000147~18603abf4599,compute_node,acme,end-0000147,end-0000147.hq-dc1-f1-r1,endpoint,operational,legal_hold,true,2026-04-19T10:57:32Z,\N,2026-06-15T13:24:26Z,\N,1,assert
acme:compute_node:end-0000393~a28246c25bf1,compute_node,acme,end-0000393,end-0000393.remote-office-f2-r1,endpoint,operational,in_use,true,2026-04-27T05:31:17Z,\N,2026-06-19T19:45:37Z,2026-11-25T11:35:50Z,1,assert
acme:compute_node:end-0000519~455cb82b7e54,compute_node,acme,end-0000519,end-0000519.hq-dc1-f2-r1-rack02,endpoint,operational,in_use,\N,2026-05-26T14:33:01Z,\N,2026-06-23T01:07:21Z,\N,1,assert
acme:compute_node:end-0000226~717f6da2c9df,compute_node,acme,end-0000226,end-0000226.dc2-hall4,endpoint,operational,in_maintenance,true,2026-05-05T04:17:46Z,2026-10-15T07:28:56Z,2026-06-24T02:11:22Z,\N,1,assert
acme:compute_node:end-0000570~2800a2b7bb0a,compute_node,acme,end-0000570,end-0000570.hq-b2-f1-r2,endpoint,operational,in_use,\N,2026-05-09T13:43:25Z,\N,2026-06-24T05:12:20Z,\N,1,assert
acme:compute_node:con-0000113~1bf2a9cc41a1,compute_node,acme,con-0000113,con-0000113.hq-dc1-f1,container_host,operational,in_use,\N,2026-06-08T00:31:48Z,\N,2026-06-26T15:08:15Z,\N,1,assert
acme:compute_node:con-0000124~c6b162dd476a,compute_node,acme,con-0000124,con-0000124.hq,container_host,operational,in_use,true,2026-05-09T16:39:25Z,\N,2026-06-26T05:35:24Z,\N,1,assert
acme:compute_node:end-0000160~8a2101111e51,compute_node,acme,end-0000160,end-0000160.hq-dc1-f2-r1-rack02,endpoint,operational,in_use,true,2026-06-12T02:54:46Z,\N,2026-06-26T03:30:22Z,\N,1,assert
acme:compute_node:clu-0000141~a3a162ef3b41,compute_node,acme,clu-0000141,clu-0000141.hq-dc1-f2-r1-rack03,cluster_node,operational,in_use,\N,2026-05-18T19:15:39Z,\N,2026-06-27T07:13:32Z,\N,1,assert
acme:compute_node:end-0000467~e0273da0b664,compute_node,acme,end-0000467,end-0000467.hq-b1-f2-r2,endpoint,operational,legal_hold,true,2026-05-27T18:40:05Z,\N,2026-06-30T14:21:20Z,\N,1,assert
acme:compute_node:end-0000178~9210a88f731f,compute_node,acme,end-0000178,end-0000178.remote-office-f2,endpoint,operational,in_maintenance,\N,2026-06-29T19:24:44Z,\N,2026-07-01T21:32:46Z,\N,1,assert
acme:compute_node:end-0000332~10f3bf5662d0,compute_node,acme,end-0000332,end-0000332.hq-b2-f1-r1,endpoint,operational,in_maintenance,true,2026-06-09T07:12:05Z,\N,2026-07-04T05:41:38Z,\N,1,assert
acme:compute_node:end-0000251~b53e39815ea5,compute_node,acme,end-0000251,end-0000251.hq-b2-f1-r1,endpoint,operational,in_use,true,2026-06-06T23:13:21Z,\N,2026-07-05T17:26:59Z,\N,1,assert
acme:compute_node:end-0000512~1d5ef2907d57,compute_node,acme,end-0000512,end-0000512.hq,endpoint,operational,in_use,true,2026-06-05T16:15:20Z,\N,2026-07-05T15:10:06Z,\N,1,assert
acme:compute_node:end-0000460~4ce5320cee3e,compute_node,acme,\N,\N,\N,\N,\N,\N,2026-05-03T00:56:24Z,\N,2026-07-07T07:16:30Z,\N,2,retract
acme:compute_node:end-0000293~10c4ab8bcd83,compute_node,acme,end-0000293,end-0000293.hq-b2-f1-r1,endpoint,operational,in_use,true,2026-05-13T06:06:56Z,\N,2026-07-07T11:00:20Z,\N,1,assert
acme:compute_node:end-0000022~77985be9d2ff,compute_node,acme,end-0000022,end-0000022.hq-b2,endpoint,operational,in_use,true,2026-05-14T08:58:31Z,\N,2026-07-07T18:25:29Z,2026-07-09T07:29:54Z,1,assert
acme:compute_node:end-0000022~77985be9d2ff,compute_node,acme,end-0000022,end-0000022.hq-b2,endpoint,operational,pending_retirement,true,2026-05-14T08:58:31Z,\N,2026-07-09T07:29:54Z,\N,2,assert
acme:compute_node:end-0000413~28e601427042,compute_node,acme,end-0000413,end-0000413.hq-b1-f1-r1-rack02,endpoint,operational,in_use,\N,2026-07-07T16:49:58Z,\N,2026-07-09T20:07:29Z,\N,1,assert
acme:compute_node:end-0000443~9b608f5858bb,compute_node,acme,end-0000443,end-0000443.hq-dc2-f1,endpoint,operational,end_of_support,true,2026-05-15T04:14:52Z,\N,2026-07-13T06:04:19Z,\N,1,assert
acme:compute_node:end-0000021~cb8784496b78,compute_node,acme,end-0000021,end-0000021.remote-office-f2-r1,endpoint,operational,in_use,true,2026-06-02T13:39:31Z,\N,2026-07-16T08:59:43Z,\N,1,assert
acme:compute_node:end-0000219~d3b93eb5d8db,compute_node,acme,end-0000219,end-0000219.hq-b2-f1,endpoint,operational,in_use,true,2026-06-01T06:12:42Z,\N,2026-07-17T03:06:18Z,\N,1,assert
acme:compute_node:end-0000272~28eb68129681,compute_node,acme,end-0000272,end-0000272.hq-dc1-f2-r1-rack02,endpoint,operational,in_use,true,2026-06-16T16:32:32Z,\N,2026-07-18T07:03:23Z,2026-09-11T06:33:35Z,1,assert
acme:compute_node:end-0000323~28aef6a2d733,compute_node,acme,end-0000323,end-0000323.hq-b1-f2-r1,endpoint,operational,in_use,true,2026-07-18T12:43:12Z,\N,2026-07-19T00:15:51Z,\N,1,assert
acme:compute_node:end-0000090~203e2ff0c4f2,compute_node,acme,end-0000090,end-0000090.hq-dc1-f1-r1,endpoint,operational,end_of_support,true,2026-06-17T23:53:26Z,\N,2026-07-19T21:24:18Z,\N,1,assert
acme:compute_node:con-0000119~ae60850757da,compute_node,acme,con-0000119,con-0000119.hq-dc1-f2-r1-rack02,container_host,operational,in_use,\N,2026-06-29T19:00:24Z,\N,2026-07-20T03:05:31Z,\N,1,assert
acme:compute_node:end-0000218~8b4da482e346,compute_node,acme,end-0000218,end-0000218.remote-office-f2,endpoint,operational,in_use,\N,2026-07-13T15:06:22Z,\N,2026-07-20T04:02:09Z,\N,1,assert
acme:compute_node:end-0000577~2e550d67e521,compute_node,acme,end-0000577,end-0000577.aws-reg-1-az2,endpoint,operational,in_use,true,2026-05-24T17:51:36Z,\N,2026-07-20T11:46:39Z,\N,1,assert
acme:compute_node:end-0000597~71081d47d899,compute_node,acme,end-0000597,end-0000597.hq-dc1-f2,endpoint,operational,in_use,true,2026-07-05T13:06:47Z,\N,2026-07-20T02:21:35Z,\N,1,assert
acme:compute_node:end-0000336~bbcaa42f216d,compute_node,acme,end-0000336,end-0000336.aws-reg-6,endpoint,operational,in_use,true,2026-06-26T11:07:14Z,2027-06-27T22:23:03Z,2026-07-22T04:51:13Z,\N,1,assert
acme:compute_node:end-0000472~9f9bb759c862,compute_node,acme,end-0000472,end-0000472.remote-office-f2-r1,endpoint,operational,in_use,true,2026-06-09T08:39:21Z,\N,2026-07-25T02:24:52Z,\N,1,assert
acme:compute_node:end-0000435~406b1a1be63e,compute_node,acme,end-0000435,end-0000435.aws-reg-1,endpoint,operational,in_use,true,2026-06-22T00:22:15Z,\N,2026-07-28T23:19:22Z,\N,1,assert
acme:compute_node:end-0000346~2326b7cba6d6,compute_node,acme,end-0000346,end-0000346.hq-b2,endpoint,operational,in_use,\N,2026-06-16T11:38:40Z,\N,2026-07-29T12:20:26Z,\N,1,assert
acme:compute_node:end-0000228~851afe7b5039,compute_node,acme,end-0000228,end-0000228.hq-b2-f1-r1,endpoint,operational,test,true,2026-07-10T01:01:13Z,\N,2026-08-03T23:31:41Z,\N,1,assert
acme:compute_node:end-0000042~5944e5c72f86,compute_node,acme,\N,\N,\N,\N,\N,\N,2026-08-03T15:39:05Z,\N,2026-08-04T00:35:04Z,\N,2,retract
acme:compute_node:end-0000514~ae83710ffc08,compute_node,acme,end-0000514,end-0000514.hq-dc2-f1,endpoint,operational,in_use,true,2026-07-21T11:58:14Z,\N,2026-08-04T11:25:34Z,\N,1,assert
acme:compute_node:end-0000011~d6ce3dcb6e4f,compute_node,acme,end-0000011,end-0000011.remote-office-f1-r1,endpoint,operational,in_use,true,2026-06-30T15:45:22Z,\N,2026-08-05T17:27:59Z,\N,1,assert
acme:compute_node:end-0000297~ac24395a2222,compute_node,acme,\N,\N,\N,\N,\N,\N,2026-08-04T19:20:14Z,\N,2026-08-05T17:31:03Z,\N,2,retract
acme:compute_node:end-0000355~22a750eec318,compute_node,acme,\N,\N,\N,\N,\N,\N,2026-08-05T20:23:04Z,\N,2026-08-06T20:40:49Z,\N,2,retract
acme:compute_node:end-0000562~2bbbfc1e4194,compute_node,acme,end-0000562,end-0000562.dc2-hall4,endpoint,operational,in_use,\N,2026-07-24T09:39:41Z,\N,2026-08-07T15:58:15Z,\N,1,assert
acme:compute_node:end-0000453~e80c6401a912,compute_node,acme,\N,\N,\N,\N,\N,\N,2026-08-07T04:35:03Z,\N,2026-08-08T01:29:01Z,\N,2,retract
acme:compute_node:end-0000149~1fccd872f84c,compute_node,acme,end-0000149,end-0000149.hq-b2-f1-r2,endpoint,operational,legal_hold,true,2026-06-26T13:12:31Z,\N,2026-08-08T06:26:06Z,\N,1,assert
acme:compute_node:end-0000389~6fcb0e755bbf,compute_node,acme,\N,\N,\N,\N,\N,\N,2026-08-08T22:08:37Z,\N,2026-08-09T14:09:24Z,\N,2,retract
acme:compute_node:end-0000271~c4131bc9ca7e,compute_node,acme,end-0000271,end-0000271.remote-office-f2-r2,endpoint,operational,in_use,true,2026-08-07T15:41:55Z,\N,2026-08-09T17:47:56Z,2027-02-06T14:34:41Z,1,assert
acme:compute_node:end-0000065~b2a1f0b048eb,compute_node,acme,end-0000065,end-0000065.remote-office-f2-r1,endpoint,operational,in_use,\N,2026-06-25T18:53:41Z,\N,2026-08-09T22:47:09Z,\N,1,assert
acme:compute_node:end-0000548~63c1f59ff3f5,compute_node,acme,end-0000548,end-0000548.remote-office-f2-r2,endpoint,operational,end_of_support,true,2026-08-03T10:50:34Z,\N,2026-08-09T08:54:23Z,\N,1,assert
acme:compute_node:end-0000249~b71a7385dd93,compute_node,acme,\N,\N,\N,\N,\N,\N,2026-08-09T10:53:19Z,\N,2026-08-10T22:22:50Z,\N,2,retract
acme:compute_node:end-0000492~5b8187353ed6,compute_node,acme,\N,\N,\N,\N,\N,\N,2026-08-11T06:11:57Z,\N,2026-08-12T18:21:19Z,\N,2,retract
acme:compute_node:end-0000454~917e41838c83,compute_node,acme,end-0000454,end-0000454.dc2-hall2-rack01,endpoint,operational,in_maintenance,true,2026-08-09T20:07:40Z,\N,2026-08-13T13:48:59Z,\N,1,assert
acme:compute_node:end-0000295~b6a6b2ed8954,compute_node,acme,\N,\N,\N,\N,\N,\N,2026-08-12T00:24:45Z,\N,2026-08-13T16:33:57Z,\N,2,retract
acme:compute_node:end-0000032~95ba54cd8c3f,compute_node,acme,end-0000032,end-0000032.hq-dc1-f2-r1,endpoint,operational,end_of_support,true,2026-07-10T11:58:59Z,\N,2026-08-15T05:30:15Z,\N,1,assert
acme:compute_node:end-0000510~94ab9d775724,compute_node,acme,\N,\N,\N,\N,\N,\N,2026-08-14T20:45:02Z,\N,2026-08-15T21:31:31Z,\N,2,retract
acme:compute_node:end-0000499~c780711bfd83,compute_node,acme,\N,\N,\N,\N,\N,\N,2026-08-15T11:47:33Z,\N,2026-08-16T13:53:24Z,\N,2,retract
acme:compute_node:end-0000212~9d4e2ce29388,compute_node,acme,\N,\N,\N,\N,\N,\N,2026-08-16T10:54:54Z,\N,2026-08-17T03:18:47Z,\N,2,retract
acme:compute_node:end-0000059~b0ffa68ed016,compute_node,acme,\N,\N,\N,\N,\N,\N,2026-08-18T18:31:03Z,\N,2026-08-19T01:30:57Z,\N,2,retract
acme:compute_node:end-0000310~b0479b428d5a,compute_node,acme,\N,\N,\N,\N,\N,\N,2026-08-19T21:34:41Z,\N,2026-08-20T18:31:08Z,\N,2,retract
acme:compute_node:end-0000027~24f3598eb4e3,compute_node,acme,end-0000027,end-0000027.hq,endpoint,operational,in_use,true,2026-07-05T22:16:24Z,\N,2026-08-21T00:05:44Z,\N,1,assert
acme:compute_node:end-0000401~33b8ec270d18,compute_node,acme,\N,\N,\N,\N,\N,\N,2026-08-21T17:33:06Z,\N,2026-08-22T17:05:22Z,\N,2,retract
acme:compute_node:end-0000356~f3e6e9ba35ba,compute_node,acme,\N,\N,\N,\N,\N,\N,2026-08-22T22:21:05Z,\N,2026-08-23T05:28:42Z,\N,2,retract
acme:compute_node:end-0000373~208854e53945,compute_node,acme,\N,\N,\N,\N,\N,\N,2026-08-23T07:37:41Z,\N,2026-08-24T17:10:19Z,\N,2,retract
acme:compute_node:end-0000195~00519dfd15c4,compute_node,acme,end-0000195,end-0000195.hq-dc1-f1-r1-rack01,endpoint,inventory,quarantined,true,2026-08-03T09:25:25Z,\N,2026-08-25T19:15:46Z,\N,1,assert
acme:compute_node:end-0000496~c3255676ec16,compute_node,acme,\N,\N,\N,\N,\N,\N,2026-08-25T04:02:41Z,\N,2026-08-26T06:26:57Z,\N,2,retract
acme:compute_node:end-0000263~650125f0504c,compute_node,acme,\N,\N,\N,\N,\N,\N,2026-08-26T03:57:35Z,\N,2026-08-27T19:11:57Z,\N,2,retract
acme:compute_node:end-0000063~f825e9389c51,compute_node,acme,end-0000063,end-0000063.dc2-hall1,endpoint,operational,pending_retirement,true,2026-08-23T21:26:06Z,\N,2026-08-27T23:34:26Z,\N,1,assert
acme:compute_node:end-0000350~829179d39812,compute_node,acme,\N,\N,\N,\N,\N,\N,2026-08-28T04:34:03Z,\N,2026-08-29T00:43:08Z,\N,2,retract
acme:compute_node:end-0000480~48f8b101b18a,compute_node,acme,\N,\N,\N,\N,\N,\N,2026-08-29T20:07:47Z,\N,2026-08-30T19:20:40Z,\N,2,retract
acme:compute_node:end-0000465~2a3aed6c31b2,compute_node,acme,\N,\N,\N,\N,\N,\N,2026-08-30T13:08:08Z,\N,2026-08-31T13:50:41Z,\N,2,retract
acme:compute_node:end-0000208~aa7ed1582ff0,compute_node,acme,end-0000208,end-0000208.aws-reg-2,endpoint,operational,in_use,true,2026-08-13T21:21:06Z,\N,2026-09-01T16:31:50Z,\N,1,assert
acme:compute_node:end-0000292~83ccd8c55c28,compute_node,acme,\N,\N,\N,\N,\N,\N,2026-09-01T00:06:27Z,\N,2026-09-02T16:24:08Z,\N,2,retract
acme:compute_node:end-0000252~de6bf80e3137,compute_node,acme,\N,\N,\N,\N,\N,\N,2026-09-02T12:08:55Z,\N,2026-09-03T08:19:45Z,\N,2,retract
acme:compute_node:end-0000439~2e25f50d56e0,compute_node,acme,end-0000439,end-0000439.hq-dc1-f2-r1-rack03,endpoint,operational,in_use,true,2026-07-19T08:10:02Z,\N,2026-09-03T13:43:58Z,\N,1,assert
acme:compute_node:end-0000584~359ebb5a2eb4,compute_node,acme,end-0000584,end-0000584.dc2-hall2-rack02,endpoint,operational,in_use,\N,2026-07-06T11:34:51Z,\N,2026-09-03T22:51:57Z,\N,1,assert
acme:compute_node:end-0000062~31da09bcf89a,compute_node,acme,end-0000062,end-0000062.aws-reg-6,endpoint,operational,end_of_support,\N,2026-07-18T09:04:12Z,\N,2026-09-04T07:01:32Z,\N,1,assert
acme:compute_node:end-0000516~2e831e11577e,compute_node,acme,end-0000516,end-0000516.hq-dc2,endpoint,operational,end_of_support,true,2026-08-10T09:33:07Z,\N,2026-09-04T01:03:22Z,\N,1,assert
acme:compute_node:end-0000436~7284b36829b7,compute_node,acme,end-0000436,end-0000436.dc2-hall1-rack03,endpoint,operational,in_use,true,2026-08-01T16:14:03Z,\N,2026-09-04T14:32:19Z,\N,1,assert
acme:compute_node:end-0000094~e7f9a3176f26,compute_node,acme,\N,\N,\N,\N,\N,\N,2026-09-03T02:30:01Z,\N,2026-09-04T16:07:48Z,\N,2,retract
acme:compute_node:end-0000462~c58ef3400089,compute_node,acme,end-0000462,end-0000462.dc2-hall1-rack01,endpoint,operational,test,true,2026-08-14T18:07:44Z,\N,2026-09-05T12:04:57Z,\N,1,assert
acme:compute_node:end-0000270~9be454970cc3,compute_node,acme,\N,\N,\N,\N,\N,\N,2026-09-05T08:42:32Z,\N,2026-09-06T13:24:37Z,\N,2,retract
acme:compute_node:end-0000400~2edccabd702f,compute_node,acme,\N,\N,\N,\N,\N,\N,2026-09-06T02:13:41Z,\N,2026-09-07T18:33:31Z,\N,2,retract
acme:compute_node:end-0000013~27421b66ce83,compute_node,acme,end-0000013,end-0000013.hq-dc1-f1-r2,endpoint,operational,in_use,true,2026-07-31T20:48:30Z,\N,2026-09-07T23:44:58Z,\N,1,assert
acme:compute_node:end-0000044~86de6ab7155e,compute_node,acme,end-0000044,end-0000044.hq-dc1-f1-r2,endpoint,operational,pending_retirement,true,2026-08-23T05:47:48Z,\N,2026-09-09T07:04:50Z,\N,1,assert
acme:compute_node:end-0000505~4ec8166b7dc2,compute_node,acme,\N,\N,\N,\N,\N,\N,2026-09-08T03:44:49Z,\N,2026-09-09T15:25:45Z,\N,2,retract
acme:compute_node:end-0000422~349f56c42b5d,compute_node,acme,\N,\N,\N,\N,\N,\N,2026-09-09T18:51:45Z,\N,2026-09-10T02:55:04Z,\N,2,retract
acme:compute_node:end-0000337~f8fd995f825a,compute_node,acme,end-0000337,end-0000337.remote-office-f1,endpoint,operational,in_use,true,2026-07-26T11:13:26Z,\N,2026-09-10T12:09:01Z,\N,1,assert
acme:compute_node:end-0000272~28eb68129681,compute_node,acme,end-0000272,end-0000272.hq-dc1-f2-r1-rack02,endpoint,operational,missing,true,2026-06-16T16:32:32Z,\N,2026-09-11T06:33:35Z,\N,2,assert
acme:compute_node:end-0000241~2281e5944020,compute_node,acme,\N,\N,\N,\N,\N,\N,2026-09-10T14:12:45Z,\N,2026-09-11T21:20:17Z,\N,2,retract
acme:compute_node:end-0000383~7194fed66696,compute_node,acme,end-0000383,end-0000383.hq-b2-f2,endpoint,operational,in_use,true,2026-08-08T20:31:08Z,\N,2026-09-12T07:33:46Z,\N,1,assert
acme:compute_node:end-0000589~e7996d62d2c3,compute_node,acme,\N,\N,\N,\N,\N,\N,2026-09-12T12:03:43Z,\N,2026-09-13T06:06:04Z,\N,2,retract
acme:compute_node:end-0000221~4bacc69ac625,compute_node,acme,\N,\N,\N,\N,\N,\N,2026-09-13T19:15:00Z,\N,2026-09-14T11:43:50Z,\N,2,retract
acme:compute_node:end-0000275~1971fd1b5e71,compute_node,acme,end-0000275,end-0000275.dc2-hall2-rack03,endpoint,operational,in_use,true,2026-08-14T04:57:28Z,2027-06-15T02:57:07Z,2026-09-15T06:11:40Z,\N,1,assert
acme:compute_node:end-0000048~c8f08737bd64,compute_node,acme,end-0000048,end-0000048.aws-reg-1-az1,endpoint,operational,in_use,true,2026-09-12T23:44:48Z,\N,2026-09-15T12:30:05Z,\N,1,assert
acme:compute_node:end-0000082~798c36bf5f32,compute_node,acme,end-0000082,end-0000082.hq-b2,endpoint,operational,end_of_support,true,2026-08-28T23:16:24Z,\N,2026-09-16T08:27:30Z,\N,1,assert
acme:compute_node:end-0000253~5f14ef10a9e7,compute_node,acme,\N,\N,\N,\N,\N,\N,2026-09-15T19:29:05Z,\N,2026-09-16T12:45:29Z,\N,2,retract
acme:compute_node:end-0000311~101ad9c59dfa,compute_node,acme,end-0000311,end-0000311.hq-b2-f2,endpoint,operational,in_use,true,2026-08-03T04:54:20Z,\N,2026-09-16T14:06:03Z,\N,1,assert
acme:compute_node:end-0000106~aaf623394654,compute_node,acme,\N,\N,\N,\N,\N,\N,2026-09-16T22:40:19Z,\N,2026-09-17T17:52:35Z,\N,2,retract
acme:compute_node:end-0000397~72bde8c28297,compute_node,acme,\N,\N,\N,\N,\N,\N,2026-09-17T19:06:31Z,\N,2026-09-18T07:05:58Z,\N,3,retract
acme:compute_node:end-0000244~e8e0694f8ea5,compute_node,acme,\N,\N,\N,\N,\N,\N,2026-09-19T05:15:03Z,\N,2026-09-20T16:23:41Z,\N,2,retract
acme:compute_node:end-0000545~8c3be07ec7c9,compute_node,acme,end-0000545,end-0000545.dc2-hall3,endpoint,operational,in_use,\N,2026-09-18T23:42:59Z,\N,2026-09-20T19:24:02Z,\N,1,assert
acme:compute_node:end-0000023~d2155353a123,compute_node,acme,\N,\N,\N,\N,\N,\N,2026-09-20T22:04:06Z,\N,2026-09-21T10:00:03Z,\N,2,retract
acme:compute_node:end-0000525~19a2c1cbc305,compute_node,acme,end-0000525,end-0000525.hq-dc2,endpoint,operational,in_use,true,2026-09-16T13:15:47Z,\N,2026-09-21T19:08:14Z,\N,1,assert
acme:compute_node:end-0000158~957330387acb,compute_node,acme,end-0000158,end-0000158.remote-office,endpoint,operational,in_use,\N,2026-08-01T10:52:27Z,\N,2026-09-22T21:40:16Z,\N,1,assert
acme:compute_node:end-0000057~b0adaecfccab,compute_node,acme,\N,\N,\N,\N,\N,\N,2026-09-22T13:23:10Z,\N,2026-09-23T23:25:12Z,\N,2,retract
acme:compute_node:end-0000038~ce60691cf7cf,compute_node,acme,end-0000038,end-0000038.hq-b1,endpoint,operational,in_use,\N,2026-08-28T23:24:25Z,\N,2026-09-24T01:55:47Z,\N,1,assert
acme:compute_node:end-0000345~b94ebdb396b7,compute_node,acme,\N,\N,\N,\N,\N,\N,2026-09-23T10:05:54Z,\N,2026-09-24T15:10:56Z,\N,2,retract
acme:compute_node:end-0000081~b8f88fda88f9,compute_node,acme,end-0000081,end-0000081.hq-b1-f1-r1-rack02,endpoint,operational,in_use,true,2026-09-24T12:17:00Z,2027-01-13T03:20:00Z,2026-09-25T01:43:23Z,\N,1,assert
acme:compute_node:end-0000024~e3247c2ca509,compute_node,acme,end-0000024,end-0000024.dc2-hall2-rack03,endpoint,operational,in_use,true,2026-09-20T00:10:47Z,\N,2026-09-25T05:40:36Z,\N,1,assert
acme:compute_node:end-0000233~7b2700e7cde5,compute_node,acme,end-0000233,end-0000233.dc2-hall3,endpoint,operational,in_use,true,2026-08-26T20:52:17Z,\N,2026-09-25T06:42:01Z,\N,1,assert
acme:compute_node:end-0000190~09d2c28304b8,compute_node,acme,\N,\N,\N,\N,\N,\N,2026-09-24T06:36:15Z,\N,2026-09-25T09:14:58Z,\N,2,retract
acme:compute_node:end-0000278~1ed095771544,compute_node,acme,end-0000278,end-0000278.dc2-hall3,endpoint,operational,in_use,true,2026-08-25T21:27:04Z,\N,2026-09-26T07:10:20Z,\N,1,assert
acme:compute_node:end-0000266~a02054ed82ef,compute_node,acme,\N,\N,\N,\N,\N,\N,2026-09-26T02:55:29Z,\N,2026-09-27T02:51:24Z,\N,2,retract
acme:compute_node:end-0000198~6ab8b93399c3,compute_node,acme,\N,\N,\N,\N,\N,\N,2026-09-27T02:26:06Z,\N,2026-09-28T22:19:04Z,\N,2,retract
acme:compute_node:end-0000518~dfa62789db8d,compute_node,acme,\N,\N,\N,\N,\N,\N,2026-09-28T17:52:08Z,\N,2026-09-29T18:19:20Z,\N,2,retract
acme:compute_node:end-0000102~2e54942f0847,compute_node,acme,\N,\N,\N,\N,\N,\N,2026-09-16T13:19:21Z,\N,2026-09-30T05:31:46Z,\N,2,retract
acme:compute_node:end-0000015~0f209e86d434,compute_node,acme,end-0000015,end-0000015.hq-b1-f1-r2,endpoint,inventory,quarantined,\N,2026-09-11T15:02:41Z,2026-10-26T20:20:19Z,2026-10-01T01:39:46Z,\N,1,assert
acme:compute_node:end-0000586~abfa368c7a71,compute_node,acme,end-0000586,end-0000586.remote-office,endpoint,operational,in_use,true,2026-09-26T07:43:25Z,\N,2026-10-01T05:37:32Z,\N,1,assert
acme:compute_node:clu-0000139~32917487bfbf,compute_node,acme,\N,\N,\N,\N,\N,\N,2026-09-30T02:43:13Z,\N,2026-10-01T12:43:26Z,\N,2,retract
acme:compute_node:end-0000289~ea7f43091a51,compute_node,acme,\N,\N,\N,\N,\N,\N,2027-01-13T20:20:12Z,\N,2026-10-02T07:50:08Z,\N,2,retract
acme:compute_node:end-0000338~31512827a80a,compute_node,acme,\N,\N,\N,\N,\N,\N,2026-10-01T22:55:47Z,\N,2026-10-02T15:05:21Z,\N,2,retract
acme:compute_node:vir-0000009~0f89c79f70fe,compute_node,acme,vir-0000009,vir-0000009.hq-dc2-f1,virtual_machine,operational,in_use,\N,2026-08-18T06:41:02Z,\N,2026-10-02T15:39:24Z,\N,1,assert
acme:compute_node:end-0000447~25b90642c749,compute_node,acme,\N,\N,\N,\N,\N,\N,2026-10-03T04:18:03Z,\N,2026-10-04T10:48:58Z,\N,2,retract
acme:compute_node:end-0000096~e9814f96d56a,compute_node,acme,end-0000096,end-0000096.aws-reg-2,endpoint,operational,in_use,true,2026-08-17T23:13:05Z,\N,2026-10-05T02:03:31Z,\N,1,assert
acme:compute_node:end-0000434~fad94a389518,compute_node,acme,end-0000434,end-0000434.hq-b1-f1-r1,endpoint,operational,in_use,\N,2026-09-20T14:53:40Z,\N,2026-10-05T10:34:59Z,\N,1,assert
acme:compute_node:end-0000533~af5ba228046c,compute_node,acme,end-0000533,end-0000533.hq-dc1-f2-r1-rack03,endpoint,operational,in_use,true,2026-09-26T22:00:24Z,\N,2026-10-05T13:16:00Z,\N,1,assert
acme:compute_node:end-0000083~9fd014fa31ac,compute_node,acme,\N,\N,\N,\N,\N,\N,2026-10-04T07:43:34Z,\N,2026-10-05T17:06:14Z,\N,2,retract
acme:compute_node:end-0000039~8fec7de9865a,compute_node,acme,\N,\N,\N,\N,\N,\N,2026-10-05T22:45:10Z,\N,2026-10-06T02:20:53Z,\N,2,retract
acme:compute_node:end-0000576~5637d57e1af9,compute_node,acme,\N,\N,\N,\N,\N,\N,2026-10-07T03:43:37Z,\N,2026-10-08T10:23:51Z,\N,2,retract
acme:compute_node:end-0000224~6eb3aa696e72,compute_node,acme,\N,\N,\N,\N,\N,\N,2026-10-08T16:24:46Z,\N,2026-10-09T19:02:18Z,\N,2,retract
acme:compute_node:end-0000071~db124127051a,compute_node,acme,\N,\N,\N,\N,\N,\N,2026-10-10T14:53:29Z,\N,2026-10-11T23:20:18Z,\N,2,retract
acme:compute_node:end-0000166~cd48d8c795ca,compute_node,acme,end-0000166,end-0000166.hq-b1-f2-r1,endpoint,operational,in_use,true,2026-08-17T01:31:54Z,\N,2026-10-12T08:38:51Z,\N,1,assert
acme:compute_node:end-0000222~63fc972cad89,compute_node,acme,end-0000222,end-0000222.hq-b1-f1-r2,endpoint,operational,pending_retirement,true,2026-08-13T15:53:43Z,\N,2026-10-12T08:34:17Z,\N,1,assert
acme:compute_node:end-0000026~f9b5b678eae6,compute_node,acme,\N,\N,\N,\N,\N,\N,2026-10-11T00:10:15Z,\N,2026-10-12T20:57:07Z,\N,2,retract
acme:compute_node:end-0000179~06d68bac5133,compute_node,acme,\N,\N,\N,\N,\N,\N,2026-10-12T06:50:05Z,\N,2026-10-13T02:22:12Z,\N,2,retract
acme:compute_node:end-0000068~13788c1ca0fd,compute_node,acme,end-0000068,end-0000068.hq-b1-f2,endpoint,operational,in_use,true,2026-09-12T09:24:00Z,\N,2026-10-13T08:32:35Z,\N,1,assert
acme:compute_node:end-0000268~69265b87173d,compute_node,acme,end-0000268,end-0000268.hq-b1,endpoint,operational,legal_hold,\N,2026-08-25T14:13:44Z,\N,2026-10-14T05:00:05Z,\N,1,assert
acme:compute_node:end-0000372~ce430e3f54c5,compute_node,acme,end-0000372,end-0000372.remote-office,endpoint,operational,in_use,true,2026-08-18T22:27:32Z,\N,2026-10-14T15:05:20Z,\N,1,assert
acme:compute_node:end-0000064~9cad404d6577,compute_node,acme,\N,\N,\N,\N,\N,\N,2026-10-14T21:13:50Z,\N,2026-10-15T09:48:35Z,\N,2,retract
acme:compute_node:vir-0000006~7bf415733371,compute_node,acme,vir-0000006,vir-0000006.aws-reg-1-az1,virtual_machine,operational,in_use,\N,2026-10-02T01:42:53Z,\N,2026-10-16T04:04:22Z,\N,1,assert
acme:compute_node:end-0000226~717f6da2c9df,compute_node,acme,\N,\N,\N,\N,\N,\N,2026-10-15T07:28:56Z,\N,2026-10-16T12:56:09Z,\N,2,retract
acme:compute_node:end-0000258~ad73ea90c3bb,compute_node,acme,end-0000258,end-0000258.hq-dc1-f1-r1,endpoint,operational,in_maintenance,true,2026-09-05T08:39:35Z,\N,2026-10-17T06:05:07Z,\N,1,assert
acme:compute_node:end-0000433~8f425c6e8dd8,compute_node,acme,end-0000433,end-0000433.hq-dc2,endpoint,operational,end_of_support,true,2026-10-16T09:35:50Z,\N,2026-10-17T11:07:33Z,\N,1,assert
acme:compute_node:end-0000261~f80607f1e4f9,compute_node,acme,end-0000261,end-0000261.hq-b1,endpoint,operational,in_use,true,2026-09-11T15:57:32Z,\N,2026-10-18T14:02:09Z,\N,1,assert
acme:compute_node:end-0000501~1fe8805537f2,compute_node,acme,end-0000501,end-0000501.hq-dc1-f2-r2,endpoint,operational,in_use,true,2026-08-30T22:54:03Z,\N,2026-10-18T21:16:12Z,\N,1,assert
acme:compute_node:end-0000047~65dfddc10136,compute_node,acme,end-0000047,end-0000047.hq-b2-f1-r2,endpoint,operational,in_use,true,2026-09-12T00:23:37Z,\N,2026-10-20T16:51:31Z,\N,1,assert
acme:compute_node:end-0000191~3f0a2806abce,compute_node,acme,end-0000191,end-0000191.dc2-hall2-rack02,endpoint,operational,in_use,\N,2026-10-11T16:03:59Z,\N,2026-10-23T01:42:09Z,\N,1,assert
acme:compute_node:end-0000087~efed926288a9,compute_node,acme,end-0000087,end-0000087.hq-b2,endpoint,operational,in_use,true,2026-10-10T20:51:12Z,\N,2026-10-24T17:04:38Z,\N,1,assert
acme:compute_node:end-0000280~2e335b52245e,compute_node,acme,end-0000280,end-0000280.aws-reg-5,endpoint,operational,in_use,true,2026-10-04T08:28:46Z,\N,2026-10-24T03:46:19Z,\N,1,assert
acme:compute_node:end-0000213~8258c71098a1,compute_node,acme,end-0000213,end-0000213.hq-dc1-f2-r1-rack01,endpoint,operational,pending_retirement,true,2026-10-22T11:40:20Z,\N,2026-10-25T23:49:28Z,\N,1,assert
acme:compute_node:end-0000386~5d2cf12ff49d,compute_node,acme,end-0000386,end-0000386.aws-reg-3,endpoint,operational,end_of_support,true,2026-08-31T18:43:23Z,\N,2026-10-28T19:28:51Z,\N,1,assert
acme:compute_node:end-0000445~dac80a847bd6,compute_node,acme,end-0000445,end-0000445.dc2-hall4,endpoint,operational,in_use,\N,2026-10-26T03:35:10Z,2027-01-09T08:17:33Z,2026-10-29T04:55:09Z,\N,1,assert
acme:compute_node:end-0000075~798278fe5907,compute_node,acme,end-0000075,end-0000075.remote-office,endpoint,operational,in_use,\N,2026-10-10T20:30:07Z,\N,2026-10-29T20:20:17Z,\N,1,assert
acme:compute_node:end-0000078~cd00968bc60a,compute_node,acme,end-0000078,end-0000078.hq-b2-f1,endpoint,operational,in_use,true,2026-09-11T11:38:04Z,\N,2026-10-30T07:06:27Z,\N,1,assert
acme:compute_node:end-0000159~ae7949dac6a8,compute_node,acme,end-0000159,end-0000159.hq-b1-f1-r1,endpoint,operational,end_of_support,\N,2026-09-07T21:29:26Z,\N,2026-10-30T20:08:23Z,\N,1,assert
acme:compute_node:end-0000220~ab3d70dc8ead,compute_node,acme,end-0000220,end-0000220.remote,endpoint,operational,in_maintenance,true,2026-10-09T17:51:53Z,\N,2026-10-30T04:21:11Z,\N,1,assert
acme:compute_node:end-0000196~dfbc2d32eb31,compute_node,acme,end-0000196,end-0000196.hq-dc1-f2-r1-rack02,endpoint,operational,in_use,\N,2026-09-26T22:05:48Z,\N,2026-10-31T18:44:41Z,\N,1,assert
acme:compute_node:clu-0000136~90ea83fc98ca,compute_node,acme,clu-0000136,clu-0000136.hq-dc1-f2-r2,cluster_node,operational,pending_retirement,true,2026-09-12T16:19:49Z,\N,2026-11-02T09:02:52Z,\N,1,assert
acme:compute_node:end-0000530~0260c22f1769,compute_node,acme,end-0000530,end-0000530.hq-b1-f1-r1-rack01,endpoint,operational,end_of_support,true,2026-04-25T08:13:13Z,\N,2026-11-02T22:02:06Z,\N,2,assert
acme:compute_node:end-0000086~a144f467d237,compute_node,acme,end-0000086,end-0000086.hq-dc1-f1,endpoint,operational,in_use,true,2026-10-14T03:33:12Z,\N,2026-11-04T03:44:47Z,\N,1,assert
acme:compute_node:end-0000307~a58dbc0f8335,compute_node,acme,end-0000307,end-0000307.hq-b1-f1-r1-rack02,endpoint,operational,in_use,true,2026-10-03T21:48:34Z,\N,2026-11-05T22:27:56Z,\N,1,assert
acme:compute_node:end-0000588~b7e58f76e4e2,compute_node,acme,\N,\N,\N,\N,\N,\N,2022-06-26T22:38:34Z,\N,2026-11-09T15:44:15Z,\N,2,retract
acme:compute_node:end-0000349~1653cfb4241a,compute_node,acme,end-0000349,end-0000349.hq-b1-f1,endpoint,operational,in_use,true,2026-10-31T04:07:06Z,\N,2026-11-10T03:49:56Z,\N,1,assert
acme:compute_node:end-0000336~bbcaa42f216d,compute_node,acme,\N,\N,\N,\N,\N,\N,2027-06-27T22:23:03Z,\N,2026-11-12T07:38:07Z,\N,2,retract
acme:compute_node:end-0000364~32af3efa0469,compute_node,acme,end-0000364,end-0000364.aws-reg-1-az2,endpoint,operational,in_use,true,2026-11-08T17:16:21Z,\N,2026-11-20T01:43:55Z,\N,1,assert
acme:compute_node:end-0000061~3f3128297c02,compute_node,acme,\N,\N,\N,\N,\N,\N,2026-05-26T04:45:22Z,\N,2026-11-22T07:58:38Z,\N,2,retract
acme:compute_node:end-0000445~dac80a847bd6,compute_node,acme,\N,\N,\N,\N,\N,\N,2027-01-09T08:17:33Z,\N,2026-11-22T23:20:49Z,\N,2,retract
acme:compute_node:clu-0000134~86dbe5eecfad,compute_node,acme,clu-0000134,clu-0000134.hq-b1-f1-r2,cluster_node,operational,in_use,true,2026-10-13T15:34:33Z,\N,2026-11-23T05:03:40Z,\N,1,assert
acme:compute_node:end-0000331~438c7a53deca,compute_node,acme,end-0000331,end-0000331.remote-office-f2,endpoint,operational,test,true,2026-10-28T00:14:02Z,\N,2026-11-23T02:33:24Z,\N,1,assert
acme:compute_node:end-0000153~aa2b1dda66f0,compute_node,acme,end-0000153,end-0000153.aws-reg-1,endpoint,operational,in_use,\N,2026-10-07T02:48:40Z,\N,2026-11-24T20:45:49Z,\N,1,assert
acme:compute_node:end-0000194~ff74dda9a0a0,compute_node,acme,end-0000194,end-0000194.hq-dc1-f1,endpoint,operational,legal_hold,\N,2026-10-01T19:24:38Z,\N,2026-11-24T03:14:10Z,\N,1,assert
acme:compute_node:end-0000393~a28246c25bf1,compute_node,acme,end-0000393,end-0000393.remote-office-f2-r1,endpoint,operational,in_maintenance,true,2026-04-27T05:31:17Z,\N,2026-11-25T11:35:50Z,\N,2,assert
acme:compute_node:end-0000320~2996bdb1723f,compute_node,acme,end-0000320,end-0000320.aws-reg-2,endpoint,operational,in_maintenance,true,2026-10-06T11:42:57Z,\N,2026-11-28T01:23:20Z,\N,1,assert
acme:compute_node:end-0000420~e4c2bb0d9cda,compute_node,acme,end-0000420,end-0000420.dc2-hall2-rack01,endpoint,operational,in_maintenance,\N,2026-11-06T14:23:42Z,\N,2026-11-28T08:53:14Z,\N,1,assert
acme:compute_node:end-0000151~aa3afbe9eb14,compute_node,acme,end-0000151,end-0000151.hq-b1-f1-r1-rack02,endpoint,operational,in_use,true,2026-11-23T15:47:08Z,\N,2026-12-02T08:11:32Z,\N,1,assert
acme:compute_node:end-0000108~8fa5a45a7f35,compute_node,acme,end-0000108,end-0000108.hq-b1-f1-r2,endpoint,operational,in_use,true,2026-10-24T09:45:34Z,\N,2026-12-04T11:35:38Z,\N,1,assert
acme:compute_node:end-0000365~553fb6c6d9b9,compute_node,acme,end-0000365,end-0000365.aws-reg-5,endpoint,operational,in_maintenance,true,2026-12-03T15:57:14Z,\N,2026-12-04T03:57:59Z,\N,1,assert
acme:compute_node:end-0000486~73195621dd38,compute_node,acme,end-0000486,end-0000486.hq-dc1-f1-r1-rack02,endpoint,operational,in_use,true,2026-11-21T10:11:43Z,\N,2026-12-04T06:16:42Z,\N,1,assert
acme:compute_node:end-0000051~6d3d559a123b,compute_node,acme,end-0000051,end-0000051.aws-reg-1-az1,endpoint,operational,in_use,true,2026-11-03T20:58:21Z,\N,2026-12-05T06:23:46Z,\N,1,assert
acme:compute_node:end-0000459~8ccb72e93cad,compute_node,acme,end-0000459,end-0000459.hq-b1-f1-r1-rack04,endpoint,operational,in_use,\N,2026-10-07T02:39:36Z,\N,2026-12-05T15:07:39Z,\N,1,assert
acme:compute_node:end-0000455~93f860a70e6b,compute_node,acme,end-0000455,end-0000455.hq-b1-f1,endpoint,operational,in_use,true,2026-10-30T23:31:38Z,\N,2026-12-09T03:05:47Z,\N,1,assert
acme:compute_node:end-0000537~545ff634fbc9,compute_node,acme,end-0000537,end-0000537.dc2-hall2,endpoint,operational,missing,\N,2026-10-17T19:09:18Z,\N,2026-12-09T05:34:31Z,2027-02-21T16:12:05Z,1,assert
acme:compute_node:end-0000284~a8480e50ba43,compute_node,acme,end-0000284,end-0000284.hq-b2-f1-r1,endpoint,operational,in_use,true,2026-11-14T10:50:25Z,\N,2026-12-11T22:13:37Z,\N,1,assert
acme:compute_node:con-0000123~3815788f9d3f,compute_node,acme,con-0000123,con-0000123.hq-dc2-f1,container_host,operational,pending_retirement,true,2026-11-19T23:55:06Z,\N,2026-12-12T19:47:01Z,\N,1,assert
acme:compute_node:end-0000354~07de7c7e9b72,compute_node,acme,end-0000354,end-0000354.hq-b1-f1-r1-rack04,endpoint,operational,in_use,\N,2026-10-31T14:31:08Z,\N,2026-12-12T01:35:07Z,\N,1,assert
acme:compute_node:end-0000163~769f6ca575fc,compute_node,acme,end-0000163,end-0000163.hq-dc2-f2,endpoint,operational,in_use,true,2026-11-10T11:49:07Z,\N,2026-12-13T02:07:57Z,\N,1,assert
acme:compute_node:end-0000314~53a2a9419af8,compute_node,acme,end-0000314,end-0000314.remote-office-f1-r2,endpoint,operational,in_use,\N,2026-12-07T18:17:06Z,\N,2026-12-13T07:23:14Z,\N,1,assert
acme:compute_node:end-0000500~7488dc22cbd0,compute_node,acme,end-0000500,end-0000500.hq-dc1-f2-r1-rack03,endpoint,operational,pending_retirement,true,2026-11-23T11:50:03Z,\N,2026-12-13T18:43:38Z,\N,1,assert
acme:compute_node:end-0000471~34c1884d4bc2,compute_node,acme,end-0000471,end-0000471.dc2-hall1-rack03,endpoint,operational,pending_retirement,true,2026-11-26T05:24:31Z,\N,2026-12-13T20:48:54Z,\N,1,assert
acme:compute_node:end-0000541~ef6c7fcd0ad4,compute_node,acme,end-0000541,end-0000541.hq,endpoint,operational,in_maintenance,true,2026-11-25T10:25:02Z,\N,2026-12-14T12:57:42Z,\N,1,assert
acme:compute_node:end-0000566~3e7357256081,compute_node,acme,end-0000566,end-0000566.hq-b1-f1-r1,endpoint,operational,in_use,true,2026-10-16T16:08:42Z,\N,2026-12-14T11:13:06Z,\N,1,assert
acme:compute_node:end-0000409~00b1e36f12d0,compute_node,acme,end-0000409,end-0000409.dc2-hall3,endpoint,operational,in_use,true,2026-10-18T20:08:55Z,\N,2026-12-14T16:02:40Z,\N,1,assert
acme:compute_node:end-0000572~f4bf143fc91a,compute_node,acme,end-0000572,end-0000572.dc2-hall2-rack02,endpoint,inventory,quarantined,true,2026-12-07T17:45:05Z,\N,2026-12-14T22:55:11Z,\N,1,assert
acme:compute_node:end-0000296~6b9691f91e28,compute_node,acme,\N,\N,\N,\N,\N,\N,2023-08-11T10:16:34Z,\N,2026-12-16T01:52:35Z,\N,2,retract
acme:compute_node:end-0000015~0f209e86d434,compute_node,acme,\N,\N,\N,\N,\N,\N,2026-10-26T20:20:19Z,\N,2026-12-16T03:56:26Z,\N,2,retract
acme:compute_node:end-0000243~f55a443e20cb,compute_node,acme,end-0000243,end-0000243.hq-dc1-f2-r1-rack03,endpoint,operational,in_use,\N,2026-11-21T20:57:23Z,\N,2026-12-18T19:44:31Z,\N,1,assert
acme:compute_node:end-0000353~22470cec33aa,compute_node,acme,end-0000353,end-0000353.remote-office-f2,endpoint,operational,in_use,true,2026-10-30T10:42:54Z,\N,2026-12-19T00:00:13Z,\N,1,assert
acme:compute_node:con-0000125~fc19d93f20ef,compute_node,acme,con-0000125,con-0000125.hq-dc1-f1,container_host,operational,in_use,true,2026-10-29T09:32:05Z,\N,2026-12-20T19:33:51Z,\N,1,assert
acme:compute_node:end-0000298~72ee5fd4360c,compute_node,acme,end-0000298,end-0000298.hq-b1-f1,endpoint,operational,legal_hold,true,2026-12-04T11:34:25Z,\N,2026-12-20T21:57:07Z,\N,1,assert
acme:compute_node:end-0000375~fda083cfceb5,compute_node,acme,\N,\N,\N,\N,\N,\N,2025-01-25T01:01:32Z,\N,2026-12-21T07:55:39Z,\N,2,retract
acme:compute_node:end-0000362~425cc3e5362a,compute_node,acme,end-0000362,end-0000362.dc2-hall1-rack03,endpoint,operational,test,true,2026-12-07T19:51:41Z,\N,2026-12-21T11:16:21Z,\N,1,assert
acme:compute_node:end-0000274~3086cbe8cd1e,compute_node,acme,end-0000274,end-0000274.aws-reg-2,endpoint,operational,end_of_support,\N,2026-10-29T02:26:59Z,\N,2026-12-21T20:23:45Z,\N,1,assert
acme:compute_node:end-0000210~28a7f1c11b6c,compute_node,acme,end-0000210,end-0000210.dc2-hall2-rack01,endpoint,operational,in_use,true,2026-12-06T04:07:26Z,\N,2026-12-22T17:26:00Z,\N,1,assert
acme:compute_node:end-0000303~8a14f6d6d6bd,compute_node,acme,end-0000303,end-0000303.aws-reg-6,endpoint,operational,in_use,true,2026-12-05T05:20:23Z,\N,2026-12-23T23:17:00Z,\N,1,assert
acme:compute_node:end-0000281~e22a1f979793,compute_node,acme,end-0000281,end-0000281.hq-dc1-f1-r1-rack02,endpoint,operational,in_use,true,2026-12-17T17:40:35Z,\N,2026-12-25T01:15:38Z,\N,1,assert
acme:compute_node:end-0000547~17a1c674be16,compute_node,acme,end-0000547,end-0000547.hq-dc1-f2-r1-rack02,endpoint,operational,in_use,true,2026-11-29T00:55:34Z,\N,2026-12-25T11:18:22Z,\N,1,assert
acme:compute_node:end-0000325~f343f0e4221e,compute_node,acme,end-0000325,end-0000325.hq-dc1-f1-r1-rack02,endpoint,operational,in_use,\N,2026-12-11T23:29:04Z,\N,2026-12-28T13:11:29Z,\N,1,assert
acme:compute_node:end-0000205~e94d1f3ac89b,compute_node,acme,end-0000205,end-0000205.hq-b1-f1-r1-rack01,endpoint,operational,in_use,true,2026-12-20T02:00:12Z,\N,2026-12-30T04:39:25Z,\N,1,assert
acme:compute_node:end-0000452~8a38447b3a89,compute_node,acme,end-0000452,end-0000452.aws-reg-1-az1,endpoint,operational,in_maintenance,true,2026-11-06T17:00:45Z,\N,2026-12-30T18:43:13Z,\N,1,assert
acme:compute_node:end-0000578~b75617ba0abb,compute_node,acme,end-0000578,end-0000578.hq-b1-f2-r1,endpoint,operational,in_use,true,2026-12-01T04:42:34Z,\N,2026-12-31T02:49:03Z,\N,1,assert
acme:compute_node:end-0000438~f1311fdf48d0,compute_node,acme,\N,\N,\N,\N,\N,\N,2025-06-12T07:36:45Z,\N,2027-01-01T22:11:24Z,\N,2,retract
acme:compute_node:end-0000305~b4ed7b96a159,compute_node,acme,end-0000305,end-0000305.hq-b2-f2,endpoint,operational,in_use,true,2026-11-06T05:40:26Z,\N,2027-01-05T23:48:02Z,\N,1,assert
acme:compute_node:end-0000446~af2ca468dd95,compute_node,acme,end-0000446,end-0000446.hq-b1-f2-r1,endpoint,operational,in_use,true,2026-11-22T09:13:31Z,\N,2027-01-05T13:21:30Z,\N,1,assert
acme:compute_node:end-0000203~17fddd3fcd19,compute_node,acme,end-0000203,end-0000203.hq,endpoint,operational,in_use,true,2026-12-25T10:58:06Z,\N,2027-01-06T01:20:40Z,\N,1,assert
acme:compute_node:end-0000561~ad8baee91740,compute_node,acme,end-0000561,end-0000561.hq-dc1-f1-r1-rack03,endpoint,operational,in_use,true,2026-12-22T07:45:39Z,\N,2027-01-06T02:11:01Z,\N,1,assert
acme:compute_node:end-0000341~d225e732ecb2,compute_node,acme,end-0000341,end-0000341.dc2-hall2-rack01,endpoint,operational,in_use,true,2026-11-27T12:32:10Z,\N,2027-01-07T02:23:09Z,\N,1,assert
acme:compute_node:end-0000412~753c9d77e159,compute_node,acme,end-0000412,end-0000412.remote-office-f1-r1,endpoint,operational,in_use,\N,2026-12-31T19:19:50Z,\N,2027-01-07T20:55:58Z,\N,1,assert
acme:compute_node:end-0000318~162e2ae7eca2,compute_node,acme,end-0000318,end-0000318.remote-office-f1-r2,endpoint,operational,test,true,2026-12-07T14:23:04Z,\N,2027-01-08T13:16:04Z,\N,1,assert
acme:compute_node:end-0000340~867d224fbc86,compute_node,acme,end-0000340,end-0000340.remote-office-f2-r2,endpoint,operational,in_use,true,2026-11-20T00:06:42Z,\N,2027-01-09T02:11:18Z,\N,1,assert
acme:compute_node:end-0000234~c9eb10984394,compute_node,acme,end-0000234,end-0000234.hq-dc1,endpoint,operational,in_use,true,2026-12-19T07:15:01Z,\N,2027-01-10T06:21:27Z,\N,1,assert
acme:compute_node:end-0000410~a48b6b7317cf,compute_node,acme,end-0000410,end-0000410.hq-b1-f1-r2,endpoint,operational,in_use,\N,2027-01-07T18:29:24Z,\N,2027-01-13T13:27:06Z,\N,1,assert
acme:compute_node:end-0000521~3f5fed259668,compute_node,acme,end-0000521,end-0000521.hq-dc1-f1-r1,endpoint,operational,in_use,true,2027-01-03T11:48:19Z,\N,2027-01-14T21:53:25Z,\N,1,assert
acme:compute_node:end-0000579~93d7151c282d,compute_node,acme,end-0000579,end-0000579.hq-dc1,endpoint,operational,end_of_support,\N,2026-11-24T22:46:27Z,\N,2027-01-17T08:01:36Z,\N,1,assert
acme:compute_node:con-0000128~19b45abeeb63,compute_node,acme,\N,\N,\N,\N,\N,\N,2023-11-01T11:25:00Z,\N,2027-01-17T19:57:09Z,\N,2,retract
acme:compute_node:end-0000028~193b48c9d5f2,compute_node,acme,end-0000028,end-0000028.hq-dc1-f1-r1-rack01,endpoint,operational,in_use,true,2026-12-31T05:32:14Z,\N,2027-01-19T06:29:04Z,\N,1,assert
acme:compute_node:end-0000206~9e54f29dc63e,compute_node,acme,end-0000206,end-0000206.aws-reg-1-az1,endpoint,operational,in_use,true,2027-01-05T21:20:42Z,\N,2027-01-25T21:24:11Z,\N,1,assert
acme:compute_node:end-0000256~ac0dd09f4ea6,compute_node,acme,end-0000256,end-0000256.remote,endpoint,operational,in_use,true,2027-01-17T07:37:53Z,\N,2027-01-27T05:13:16Z,\N,1,assert
acme:compute_node:end-0000285~cc87e6abd731,compute_node,acme,end-0000285,end-0000285.remote-office-f2-r1,endpoint,operational,end_of_support,\N,2026-12-11T08:18:37Z,\N,2027-01-29T01:59:24Z,\N,1,assert
acme:compute_node:end-0000390~3cd7c489f3b8,compute_node,acme,end-0000390,end-0000390.remote-office-f1,endpoint,operational,in_use,true,2027-01-17T21:12:19Z,\N,2027-01-29T14:07:50Z,\N,1,assert
acme:compute_node:end-0000456~cebb2bba5cc4,compute_node,acme,end-0000456,end-0000456.hq-b1-f1-r1-rack04,endpoint,operational,in_maintenance,\N,2026-12-17T21:45:15Z,\N,2027-01-30T17:22:00Z,\N,1,assert
acme:compute_node:end-0000327~869eee2dc991,compute_node,acme,end-0000327,end-0000327.hq-dc1-f1-r1-rack01,endpoint,operational,in_use,\N,2027-01-30T04:45:34Z,\N,2027-01-31T14:34:09Z,\N,1,assert
acme:compute_node:end-0000464~a77624e2660c,compute_node,acme,end-0000464,end-0000464.remote-office-f1-r1,endpoint,operational,pending_retirement,true,2026-12-12T12:16:21Z,\N,2027-02-02T09:46:18Z,\N,1,assert
acme:compute_node:end-0000513~bfffbaee22dc,compute_node,acme,end-0000513,end-0000513.hq-dc1-f2-r1-rack01,endpoint,operational,in_use,true,2027-01-08T00:42:07Z,\N,2027-02-03T17:19:46Z,2027-02-25T22:49:15Z,1,assert
acme:compute_node:end-0000554~cabf7f28f383,compute_node,acme,end-0000554,end-0000554.hq-b1-f1-r1,endpoint,operational,in_use,true,2027-02-03T06:30:41Z,\N,2027-02-04T21:30:35Z,\N,1,assert
acme:compute_node:end-0000271~c4131bc9ca7e,compute_node,acme,end-0000271,end-0000271.remote-office-f2-r2,endpoint,operational,in_maintenance,true,2026-08-07T15:41:55Z,\N,2027-02-06T14:34:41Z,\N,2,assert
acme:compute_node:end-0000520~d367d60198a2,compute_node,acme,end-0000520,end-0000520.remote-office-f1,endpoint,operational,end_of_support,true,2027-01-24T21:13:23Z,\N,2027-02-07T13:25:58Z,\N,1,assert
acme:compute_node:end-0000369~dd76b9902479,compute_node,acme,end-0000369,end-0000369.dc2-hall3,endpoint,operational,in_use,true,2026-12-10T04:34:11Z,\N,2027-02-08T06:54:20Z,\N,1,assert
acme:compute_node:end-0000544~b9341f70b991,compute_node,acme,end-0000544,end-0000544.aws-reg-2,endpoint,operational,in_use,\N,2027-01-25T04:24:11Z,\N,2027-02-09T10:19:25Z,\N,1,assert
acme:compute_node:end-0000448~2c1ce3293daa,compute_node,acme,end-0000448,end-0000448.hq-dc1-f2-r1-rack04,endpoint,operational,legal_hold,true,2026-12-11T17:00:37Z,\N,2027-02-09T16:10:52Z,\N,1,assert
acme:compute_node:end-0000155~aabc3aa2ce84,compute_node,acme,end-0000155,end-0000155.remote,endpoint,operational,test,\N,2027-01-28T14:10:15Z,\N,2027-02-10T14:05:10Z,\N,1,assert
acme:compute_node:end-0000603~de6bcb8914ef,compute_node,acme,end-0000603,end-0000603.remote-office-f2-r1,endpoint,operational,in_use,true,2027-02-08T22:30:35Z,\N,2027-02-12T09:15:42Z,\N,1,assert
acme:compute_node:end-0000573~9e1b70abb1a7,compute_node,acme,end-0000573,end-0000573.hq-b1-f2-r1,endpoint,operational,in_maintenance,true,2027-02-11T20:11:41Z,\N,2027-02-13T00:35:35Z,\N,1,assert
acme:compute_node:end-0000607~86e65b826d0c,compute_node,acme,end-0000607,end-0000607.hq-b1-f2-r1,endpoint,operational,in_use,true,2027-02-12T03:44:14Z,\N,2027-02-13T16:37:52Z,\N,1,assert
acme:compute_node:end-0000095~d886b3f3f318,compute_node,acme,end-0000095,end-0000095.hq-dc1-f1,endpoint,operational,end_of_support,true,2025-06-09T17:06:57Z,\N,2027-02-14T05:56:53Z,\N,2,assert
acme:compute_node:end-0000019~093a2ddcdc05,compute_node,acme,end-0000019,end-0000019.hq-b1-f1-r1,endpoint,operational,in_use,true,2027-01-25T09:05:51Z,\N,2027-02-14T10:19:50Z,\N,1,assert
acme:compute_node:end-0000592~01e07581f7e1,compute_node,acme,end-0000592,end-0000592.hq-b2,endpoint,operational,in_maintenance,true,2027-01-12T09:34:56Z,\N,2027-02-15T15:35:22Z,\N,1,assert
acme:compute_node:end-0000302~ef5d61d48f5e,compute_node,acme,end-0000302,end-0000302.hq-dc2-f2,endpoint,operational,pending_retirement,\N,2027-02-06T09:26:43Z,\N,2027-02-16T00:35:48Z,\N,1,assert
acme:compute_node:end-0000246~e75e90e8cdb8,compute_node,acme,end-0000246,end-0000246.hq-dc2-f2,endpoint,operational,end_of_support,true,2027-01-01T00:05:18Z,\N,2027-02-16T10:10:52Z,\N,1,assert
acme:compute_node:end-0000387~f769d38387cb,compute_node,acme,end-0000387,end-0000387.hq-dc1-f2-r2,endpoint,operational,in_use,true,2027-01-14T14:35:42Z,\N,2027-02-16T21:14:02Z,\N,1,assert
acme:compute_node:end-0000288~1280806dbd21,compute_node,acme,end-0000288,end-0000288.dc2-hall1-rack02,endpoint,operational,in_use,true,2026-12-22T18:30:30Z,\N,2027-02-17T00:26:40Z,\N,1,assert
acme:compute_node:end-0000275~1971fd1b5e71,compute_node,acme,\N,\N,\N,\N,\N,\N,2027-06-15T02:57:07Z,\N,2027-02-17T16:04:18Z,\N,2,retract
acme:compute_node:end-0000267~ea9775db3848,compute_node,acme,end-0000267,end-0000267.remote-office-f2,endpoint,operational,in_use,\N,2027-01-04T13:07:17Z,\N,2027-02-18T12:28:16Z,\N,1,assert
acme:compute_node:end-0000582~4f4eb95f8e77,compute_node,acme,end-0000582,end-0000582.hq,endpoint,operational,in_use,true,2027-02-13T01:16:03Z,\N,2027-02-18T15:22:28Z,\N,1,assert
acme:compute_node:end-0000110~1c64a2d9dc89,compute_node,acme,end-0000110,end-0000110.hq-b2-f2,endpoint,operational,in_use,true,2027-01-07T22:09:23Z,\N,2027-02-18T19:11:13Z,2027-03-24T12:14:22Z,1,assert
acme:compute_node:end-0000602~bbccf44922a8,compute_node,acme,end-0000602,end-0000602.hq-dc1-f1-r1-rack03,endpoint,operational,in_use,true,2027-02-07T17:16:48Z,\N,2027-02-19T16:56:48Z,\N,1,assert
acme:compute_node:end-0000143~1d811f820a89,compute_node,acme,end-0000143,end-0000143.remote-office-f1-r2,endpoint,operational,in_use,\N,2027-01-19T02:40:07Z,\N,2027-02-20T04:11:30Z,\N,1,assert
acme:compute_node:end-0000614~276a4c70cdf5,compute_node,acme,end-0000614,end-0000614.hq-dc2,endpoint,operational,in_use,true,2027-02-19T18:38:03Z,\N,2027-02-20T17:20:52Z,\N,1,assert
acme:compute_node:end-0000227~250edfad13ef,compute_node,acme,end-0000227,end-0000227.dc2-hall1-rack03,endpoint,operational,end_of_support,true,2027-01-03T11:38:25Z,\N,2027-02-20T17:58:28Z,\N,1,assert
acme:compute_node:con-0000122~95b94618d9cf,compute_node,acme,con-0000122,con-0000122.remote-office-f2-r1,container_host,operational,in_maintenance,true,2027-02-05T08:11:47Z,\N,2027-02-21T14:28:58Z,\N,1,assert
acme:compute_node:end-0000537~545ff634fbc9,compute_node,acme,end-0000537,end-0000537.dc2-hall2,endpoint,operational,quarantined,\N,2026-10-17T19:09:18Z,\N,2027-02-21T16:12:05Z,\N,2,assert
acme:compute_node:end-0000594~8648e0802653,compute_node,acme,end-0000594,end-0000594.hq-b2-f1,endpoint,operational,in_use,true,2027-01-14T17:49:05Z,\N,2027-02-21T21:36:17Z,\N,1,assert
acme:compute_node:con-0000120~5cf4563c03d0,compute_node,acme,con-0000120,con-0000120.hq-b1-f1-r2,container_host,operational,pending_retirement,true,2026-12-28T06:25:35Z,\N,2027-02-24T15:48:18Z,\N,1,assert
acme:compute_node:end-0000157~45fa2e4aa189,compute_node,acme,end-0000157,end-0000157.hq-dc1-f1-r1,endpoint,operational,legal_hold,\N,2027-02-11T23:00:18Z,\N,2027-02-24T14:35:50Z,\N,1,assert
acme:compute_node:end-0000199~c81560863470,compute_node,acme,end-0000199,end-0000199.hq-b2-f2,endpoint,operational,in_use,true,2027-01-31T21:28:47Z,\N,2027-02-24T22:44:15Z,\N,1,assert
acme:compute_node:end-0000088~f36a8336f163,compute_node,acme,end-0000088,end-0000088.remote-office-f1,endpoint,operational,in_maintenance,true,2027-01-01T17:24:53Z,\N,2027-02-25T00:53:58Z,\N,1,assert
acme:compute_node:end-0000513~bfffbaee22dc,compute_node,acme,end-0000513,end-0000513.hq-dc1-f2-r1-rack01,endpoint,operational,end_of_support,true,2027-01-08T00:42:07Z,\N,2027-02-25T22:49:15Z,\N,2,assert
acme:compute_node:end-0000604~14c6d39b3ac5,compute_node,acme,end-0000604,end-0000604.hq-b1-f1-r1-rack01,endpoint,operational,in_maintenance,true,2027-02-09T23:58:46Z,\N,2027-02-26T20:29:08Z,\N,1,assert
acme:compute_node:end-0000185~1f35ce6f7f90,compute_node,acme,end-0000185,end-0000185.remote-office-f1-r2,endpoint,operational,in_use,\N,2027-01-04T17:52:40Z,\N,2027-02-27T20:21:50Z,\N,1,assert
acme:compute_node:end-0000255~52e6b0a1e9e9,compute_node,acme,end-0000255,end-0000255.hq-dc1-f1-r1-rack01,endpoint,operational,in_use,true,2027-02-13T19:49:42Z,\N,2027-02-27T12:59:54Z,\N,1,assert
acme:compute_node:end-0000482~0c70f928c8f3,compute_node,acme,end-0000482,end-0000482.remote,endpoint,operational,in_use,true,2027-01-20T00:07:55Z,\N,2027-02-28T17:18:09Z,\N,1,assert
acme:compute_node:end-0000182~f955a1afbb30,compute_node,acme,end-0000182,end-0000182.dc2-hall3,endpoint,operational,in_use,\N,2027-01-30T08:58:41Z,\N,2027-02-28T20:27:27Z,\N,1,assert
acme:compute_node:end-0000074~3db403830bf7,compute_node,acme,end-0000074,end-0000074.hq-dc1-f1-r1-rack02,endpoint,operational,in_use,true,2027-01-17T19:12:43Z,\N,2027-03-01T13:35:53Z,\N,1,assert
acme:compute_node:end-0000494~58191185bd3c,compute_node,acme,end-0000494,end-0000494.hq-b1-f2-r1,endpoint,operational,in_use,true,2027-02-03T19:43:38Z,\N,2027-03-02T01:19:15Z,\N,1,assert
acme:compute_node:end-0000606~08f9c694fada,compute_node,acme,end-0000606,end-0000606.hq-b1-f1-r1-rack04,endpoint,operational,in_use,true,2027-02-11T10:14:04Z,\N,2027-03-02T10:51:54Z,\N,1,assert
acme:compute_node:end-0000245~0063f1081c82,compute_node,acme,end-0000245,end-0000245.hq-b1-f1-r1-rack04,endpoint,inventory,quarantined,true,2027-01-06T19:55:17Z,\N,2027-03-05T07:38:39Z,\N,1,assert
acme:compute_node:end-0000145~17529d32e258,compute_node,acme,end-0000145,end-0000145.dc2-hall1-rack01,endpoint,operational,missing,\N,2027-02-05T18:56:34Z,\N,2027-03-07T01:53:36Z,\N,1,assert
acme:compute_node:end-0000617~1edcd80263b1,compute_node,acme,end-0000617,end-0000617.dc2-hall2-rack01,endpoint,operational,end_of_support,\N,2027-02-22T09:50:13Z,\N,2027-03-08T09:38:43Z,\N,1,assert
acme:compute_node:end-0000616~4b35aa6fe93f,compute_node,acme,end-0000616,end-0000616.dc2,endpoint,operational,in_use,true,2027-02-21T15:01:19Z,\N,2027-03-08T13:44:15Z,\N,1,assert
acme:compute_node:end-0000184~232bd13c4aaf,compute_node,acme,end-0000184,end-0000184.hq-b1-f1-r2,endpoint,inventory,in_maintenance,true,2026-02-02T08:07:50Z,\N,2027-03-09T00:43:02Z,\N,2,assert
acme:compute_node:end-0000276~c5b111e3d60a,compute_node,acme,end-0000276,end-0000276.hq-dc1-f1-r1-rack01,endpoint,inventory,in_maintenance,true,2022-02-16T00:01:02Z,\N,2027-03-09T02:18:25Z,\N,2,assert
acme:compute_node:end-0000414~3e6213af82ac,compute_node,acme,end-0000414,end-0000414.hq-dc1-f2-r1-rack01,endpoint,inventory,in_maintenance,true,2023-02-19T17:11:18Z,\N,2027-03-09T03:04:57Z,\N,2,assert
acme:compute_node:clu-0000138~db22d2a9f5e7,compute_node,acme,clu-0000138,clu-0000138.aws-reg-4,cluster_node,inventory,in_maintenance,true,2022-04-15T14:30:03Z,\N,2027-03-09T03:53:57Z,\N,2,assert
acme:compute_node:phy-0000000~0e09674a1941,compute_node,acme,phy-0000000,phy-0000000.hq,physical_server,inventory,in_maintenance,\N,2021-01-07T17:42:12Z,\N,2027-03-09T04:37:38Z,\N,2,assert
acme:compute_node:end-0000529~3c3c1724fb1f,compute_node,acme,end-0000529,end-0000529.hq-b1,endpoint,inventory,in_maintenance,true,2026-02-02T00:12:07Z,\N,2027-03-09T05:29:53Z,\N,2,assert
acme:compute_node:con-0000115~38a9896d0a1e,compute_node,acme,con-0000115,con-0000115.aws-reg-1-az2,container_host,inventory,in_maintenance,true,2026-02-02T15:32:00Z,\N,2027-03-09T07:09:15Z,\N,2,assert
acme:compute_node:end-0000322~b8ee25354694,compute_node,acme,end-0000322,end-0000322.hq-b1-f1-r1,endpoint,inventory,in_maintenance,true,2022-10-04T09:22:32Z,\N,2027-03-09T07:14:22Z,\N,2,assert
acme:compute_node:end-0000173~93538e3bbabd,compute_node,acme,end-0000173,end-0000173.hq-dc2-f1,endpoint,operational,in_use,\N,2027-02-22T16:19:32Z,\N,2027-03-09T08:41:38Z,\N,1,assert
acme:compute_node:end-0000402~d5d54dcf8f73,compute_node,acme,end-0000402,end-0000402.hq-dc1-f2-r1,endpoint,operational,in_use,true,2027-02-18T11:08:51Z,\N,2027-03-09T04:37:46Z,\N,1,assert
acme:compute_node:end-0000552~3975e23802d1,compute_node,acme,end-0000552,end-0000552.hq-b1-f1-r1-rack04,endpoint,inventory,in_maintenance,\N,2023-07-21T03:22:31Z,\N,2027-03-09T09:17:05Z,\N,2,assert
acme:compute_node:end-0000483~758171d7a3f1,compute_node,acme,end-0000483,end-0000483.hq-dc2,endpoint,inventory,in_maintenance,true,2026-02-02T03:19:48Z,\N,2027-03-09T10:36:42Z,\N,2,assert
acme:compute_node:end-0000046~8ca56cca581e,compute_node,acme,end-0000046,end-0000046.hq-b2,endpoint,inventory,in_maintenance,true,2022-05-29T07:53:12Z,\N,2027-03-09T11:40:52Z,\N,2,assert
acme:compute_node:end-0000299~1da6c4611dd0,compute_node,acme,end-0000299,end-0000299.hq-b1-f1-r1,endpoint,inventory,in_maintenance,true,2026-02-02T04:21:07Z,\N,2027-03-09T13:25:57Z,\N,2,assert
acme:compute_node:end-0000161~21fe2976a49d,compute_node,acme,end-0000161,end-0000161.hq-dc2,endpoint,inventory,in_maintenance,true,2024-01-03T16:04:47Z,\N,2027-03-09T14:54:08Z,\N,2,assert
acme:compute_node:end-0000069~522b0794b0b2,compute_node,acme,end-0000069,end-0000069.hq-dc1-f1-r2,endpoint,inventory,in_maintenance,true,2026-01-28T05:06:56Z,\N,2027-03-09T15:19:45Z,\N,2,assert
acme:compute_node:end-0000437~7dca654ce2a3,compute_node,acme,end-0000437,end-0000437.hq-b1-f1-r1,endpoint,inventory,in_maintenance,true,2026-02-02T12:40:24Z,\N,2027-03-09T15:33:36Z,\N,2,assert
acme:compute_node:end-0000598~f97edea6e0c6,compute_node,acme,end-0000598,end-0000598.hq-b2,endpoint,inventory,in_maintenance,true,2022-07-27T00:34:16Z,\N,2027-03-09T16:02:17Z,\N,2,assert
acme:compute_node:end-0000506~3f2e1452373a,compute_node,acme,end-0000506,end-0000506.hq-b2-f1-r1,endpoint,inventory,in_maintenance,true,2026-02-02T09:44:21Z,\N,2027-03-09T17:16:52Z,\N,2,assert
acme:compute_node:end-0000575~c81e4faa5081,compute_node,acme,end-0000575,end-0000575.aws-reg-1,endpoint,inventory,in_maintenance,\N,2026-02-02T17:29:39Z,\N,2027-03-09T17:32:50Z,\N,2,assert
acme:compute_node:end-0000539~3ab6ee1ef87e,compute_node,acme,end-0000539,end-0000539.hq-b1-f2-r1,endpoint,operational,in_use,\N,2027-01-12T03:49:17Z,\N,2027-03-09T18:24:08Z,\N,1,assert
acme:compute_node:end-0000207~9ca001437ef9,compute_node,acme,end-0000207,end-0000207.hq,endpoint,inventory,in_maintenance,\N,2026-02-02T11:26:03Z,\N,2027-03-09T18:38:07Z,\N,2,assert
acme:compute_node:end-0000391~e7ed2558704e,compute_node,acme,end-0000391,end-0000391.hq-b2,endpoint,inventory,in_maintenance,true,2023-09-20T01:52:11Z,\N,2027-03-09T19:49:05Z,\N,2,assert
acme:compute_node:end-0000092~11f50499f65d,compute_node,acme,end-0000092,end-0000092.aws-reg-1,endpoint,inventory,in_maintenance,true,2026-02-02T16:32:23Z,\N,2027-03-09T21:27:14Z,\N,2,assert
acme:compute_node:end-0000368~fad32109b79c,compute_node,acme,end-0000368,end-0000368.hq-dc1,endpoint,inventory,in_maintenance,true,2021-05-08T08:47:30Z,\N,2027-03-09T21:36:25Z,\N,2,assert
acme:compute_node:end-0000230~bd78f841c71f,compute_node,acme,end-0000230,end-0000230.hq-dc1-f2-r1-rack03,endpoint,inventory,in_maintenance,true,2024-09-21T02:22:08Z,\N,2027-03-09T22:26:21Z,\N,2,assert
acme:compute_node:end-0000352~ae1f86685011,compute_node,acme,end-0000352,end-0000352.dc2-hall2-rack01,endpoint,operational,in_use,true,2027-02-10T02:30:19Z,\N,2027-03-10T09:00:59Z,\N,1,assert
acme:compute_node:end-0000388~596a6d3f3d40,compute_node,acme,end-0000388,end-0000388.hq-dc1-f2-r1-rack03,endpoint,operational,in_use,true,2027-01-13T11:58:10Z,\N,2027-03-12T22:49:04Z,\N,1,assert
acme:compute_node:end-0000343~30a17fe05459,compute_node,acme,end-0000343,end-0000343.hq-b1-f1-r1-rack03,endpoint,operational,in_use,true,2027-01-12T11:12:17Z,\N,2027-03-13T19:49:07Z,\N,1,assert
acme:compute_node:end-0000611~0b0561bb440b,compute_node,acme,end-0000611,end-0000611.aws-reg-1-az1,endpoint,operational,in_use,\N,2027-02-16T09:26:40Z,\N,2027-03-14T10:46:00Z,\N,1,assert
acme:compute_node:end-0000524~3156b77d589e,compute_node,acme,end-0000524,end-0000524.hq-b2-f2,endpoint,operational,in_maintenance,true,2027-01-17T14:24:48Z,\N,2027-03-16T05:57:31Z,\N,1,assert
acme:compute_node:end-0000600~8f22bb57fdcf,compute_node,acme,end-0000600,end-0000600.hq-dc1-f2-r1-rack01,endpoint,operational,in_use,\N,2027-02-05T23:47:01Z,\N,2027-03-16T22:19:17Z,\N,1,assert
acme:compute_node:end-0000049~025daf2c0d84,compute_node,acme,end-0000049,end-0000049.hq-dc1-f2-r1-rack02,endpoint,operational,test,true,2027-01-16T06:37:04Z,\N,2027-03-17T08:26:06Z,\N,1,assert
acme:compute_node:end-0000036~c66f7ef3665a,compute_node,acme,end-0000036,end-0000036.hq-b1-f1-r1,endpoint,operational,in_use,true,2027-01-28T16:31:35Z,\N,2027-03-18T01:16:12Z,\N,1,assert
acme:compute_node:end-0000150~1bdac4772d7c,compute_node,acme,end-0000150,end-0000150.hq-b1-f1-r1-rack04,endpoint,operational,in_use,true,2027-02-14T13:08:44Z,\N,2027-03-18T14:03:40Z,\N,1,assert
acme:compute_node:end-0000165~6f82ab8dcea3,compute_node,acme,end-0000165,end-0000165.aws-reg-1,endpoint,operational,in_use,true,2027-02-03T18:27:16Z,\N,2027-03-18T18:25:11Z,\N,1,assert
acme:compute_node:end-0000081~b8f88fda88f9,compute_node,acme,\N,\N,\N,\N,\N,\N,2027-01-13T03:20:00Z,\N,2027-03-20T11:28:54Z,\N,2,retract
acme:compute_node:end-0000396~7c2a6305b1cd,compute_node,acme,end-0000396,end-0000396.hq-dc1-f2-r1-rack04,endpoint,operational,in_maintenance,true,2027-01-30T23:44:16Z,\N,2027-03-21T01:31:38Z,\N,1,assert
acme:compute_node:end-0000209~13b75548893e,compute_node,acme,end-0000209,end-0000209.hq-b1,endpoint,operational,in_use,true,2027-02-02T13:13:42Z,\N,2027-03-23T05:17:25Z,\N,1,assert
acme:compute_node:end-0000283~ae95bf3508e1,compute_node,acme,end-0000283,end-0000283.hq-b1-f1-r1-rack04,endpoint,operational,pending_retirement,true,2027-02-21T03:50:37Z,\N,2027-03-23T18:47:54Z,\N,1,assert
acme:compute_node:end-0000110~1c64a2d9dc89,compute_node,acme,end-0000110,end-0000110.hq-b2-f2,endpoint,operational,end_of_support,true,2027-01-07T22:09:23Z,\N,2027-03-24T12:14:22Z,\N,2,assert
acme:compute_node:end-0000619~7c36b411a980,compute_node,acme,end-0000619,end-0000619.remote-office-f1,endpoint,operational,in_use,true,2027-02-24T13:01:07Z,\N,2027-03-24T18:05:48Z,\N,1,assert
acme:compute_node:end-0000599~875f126e0c3e,compute_node,acme,end-0000599,end-0000599.hq-dc1-f2-r1-rack04,endpoint,operational,test,true,2027-02-23T23:22:44Z,\N,2027-03-25T12:36:43Z,\N,1,assert
acme:compute_node:end-0000608~d84d3626e206,compute_node,acme,end-0000608,end-0000608.hq-dc2-f2,endpoint,operational,in_use,\N,2027-02-13T15:48:24Z,\N,2027-03-25T02:59:56Z,\N,1,assert
acme:compute_node:end-0000613~2b0aad90ee5a,compute_node,acme,end-0000613,end-0000613.hq-b1-f1-r1-rack03,endpoint,operational,in_use,true,2027-02-18T21:52:44Z,\N,2027-03-25T22:57:49Z,\N,1,assert
acme:compute_node:end-0000601~a41917ef0b74,compute_node,acme,end-0000601,end-0000601.dc2-hall2-rack03,endpoint,operational,in_use,true,2027-02-06T13:20:28Z,\N,2027-03-26T07:02:31Z,\N,1,assert
acme:compute_node:end-0000609~c59e27c3fa18,compute_node,acme,end-0000609,end-0000609.dc2-hall1-rack01,endpoint,operational,in_use,true,2027-02-14T05:34:13Z,\N,2027-03-27T00:33:55Z,\N,1,assert
acme:compute_node:end-0000232~4a0919d7f58d,compute_node,acme,end-0000232,end-0000232.hq-dc2-f2,endpoint,operational,in_maintenance,true,2027-02-11T02:54:32Z,\N,2027-03-29T14:40:22Z,\N,1,assert
acme:compute_node:end-0000605~727c38d60264,compute_node,acme,end-0000605,end-0000605.hq-dc1-f2-r1-rack03,endpoint,operational,in_use,true,2027-02-10T20:39:34Z,\N,2027-03-29T12:56:21Z,\N,1,assert
acme:compute_node:end-0000612~60febfa2d715,compute_node,acme,end-0000612,end-0000612.hq-dc1-f2-r1-rack02,endpoint,operational,in_use,true,2027-02-17T00:25:37Z,\N,2027-03-30T09:32:44Z,\N,1,assert
acme:compute_node:end-0000615~5bbf471fb8f3,compute_node,acme,end-0000615,end-0000615.hq-dc1-f1-r2,endpoint,operational,in_use,true,2027-02-20T11:19:08Z,\N,2027-03-30T00:33:47Z,\N,1,assert
acme:compute_node:end-0000380~98ea7efb9ed8,compute_node,acme,end-0000380,end-0000380.hq-b1-f1-r1-rack01,endpoint,inventory,quarantined,true,2027-02-18T17:09:46Z,\N,2027-04-03T09:01:44Z,\N,1,assert
acme:compute_node:end-0000152~394f5b3880ca,compute_node,acme,end-0000152,end-0000152.hq-dc1-f1-r1-rack04,endpoint,operational,in_use,true,2027-02-07T09:19:50Z,\N,2027-04-03T17:39:12Z,\N,1,assert
acme:compute_node:end-0000557~3c45410db1b0,compute_node,acme,\N,\N,\N,\N,\N,\N,2023-11-26T20:09:42Z,\N,2027-04-06T02:00:33Z,\N,2,retract
acme:compute_node:end-0000549~96206f0e2c35,compute_node,acme,end-0000549,end-0000549.hq-b2-f1-r1,endpoint,operational,in_use,true,2027-02-14T02:53:55Z,\N,2027-04-08T09:32:16Z,\N,1,assert
acme:compute_node:end-0000618~1f1d719ee3dc,compute_node,acme,end-0000618,end-0000618.hq-b1-f1-r1-rack01,endpoint,operational,in_maintenance,true,2027-02-23T05:16:28Z,\N,2027-04-08T11:25:17Z,\N,1,assert
acme:compute_node:end-0000535~0767f4f75dee,compute_node,acme,end-0000535,end-0000535.hq-b2-f1-r2,endpoint,operational,end_of_support,\N,2027-02-15T10:22:55Z,\N,2027-04-10T13:36:51Z,\N,1,assert
acme:compute_node:end-0000610~f68d3154d7d0,compute_node,acme,end-0000610,end-0000610.aws-reg-5,endpoint,operational,in_use,true,2027-02-15T18:48:39Z,\N,2027-04-11T17:18:12Z,\N,1,assert
acme:compute_node:end-0000348~9676bdc787d9,compute_node,acme,end-0000348,end-0000348.remote-office-f1-r2,endpoint,operational,in_use,true,2027-02-20T05:56:45Z,\N,2027-04-19T18:42:37Z,\N,1,assert
acme:compute_node:end-0000100~1eb14114b935,compute_node,acme,\N,\N,\N,\N,\N,\N,2022-09-19T08:07:44Z,\N,2027-04-20T13:07:34Z,\N,2,retract
