entity_id,entity_type,organization_id,data_store_id,schema_name,table_name,column_name,ordinal_position,is_pii,classification,is_encrypted_at_rest,valid_from,valid_to,system_from,system_to,revision,operation
acme:database_column:acme-data-store-store-00000~56892f84afd3,database_column,acme,acme:data_store:store-00000~199fa6b0c449,hr,employee,event_id_001,1,\N,\N,\N,2021-01-07T17:42:12Z,\N,2021-01-07T17:42:12Z,\N,1,assert
acme:database_column:acme-data-store-store-00000~b12710f5fb96,database_column,acme,acme:data_store:store-00000~199fa6b0c449,hr,employee,event_ts_001,2,false,public,false,2021-01-08T00:49:40Z,\N,2021-01-08T00:49:40Z,\N,1,assert
acme:database_column:acme-data-store-store-00000~dd39492f1d7e,database_column,acme,acme:data_store:store-00000~199fa6b0c449,hr,employee,order_id_022,932,false,confidential,true,2021-01-07T16:47:13Z,\N,2021-01-08T03:54:31Z,\N,1,assert
acme:database_column:acme-data-store-store-00000~e9970c869c7f,database_column,acme,acme:data_store:store-00000~199fa6b0c449,ops,ops_fact_00002,account_id_001,3,false,public,false,2021-01-09T05:28:29Z,\N,2021-01-09T05:28:29Z,\N,1,assert
acme:database_column:acme-data-store-store-00000~8a5280fe8493,database_column,acme,acme:data_store:store-00000~199fa6b0c449,ops,ops_fact_00002,customer_id_001,4,false,public,true,2021-01-10T10:58:54Z,\N,2021-01-10T10:58:54Z,\N,1,assert
acme:database_column:acme-data-store-store-00003~28ce20aaffde,database_column,acme,acme:data_store:store-00003~355a60161960,crm,crm_fact_00003,product_id_001,5,false,public,false,2021-01-11T13:34:04Z,\N,2021-01-11T13:34:04Z,\N,1,assert
acme:database_column:acme-data-store-store-00000~9e063a203a6b,database_column,acme,acme:data_store:store-00000~199fa6b0c449,ops,ops_fact_00002,site_id_001,6,false,internal,false,2021-01-12T06:34:58Z,\N,2021-01-12T06:34:58Z,\N,1,assert
acme:database_column:acme-data-store-store-00005~e93e694b05bb,database_column,acme,acme:data_store:store-00005~d9cb14e88d51,ops,legacy_events,checksum_013,556,false,internal,true,2021-01-17T07:07:59Z,\N,2021-01-24T02:27:05Z,\N,1,assert
acme:database_column:acme-data-store-store-00003~68501e3fc83d,database_column,acme,acme:data_store:store-00003~355a60161960,crm,crm_fact_00003,referrer_018,789,false,public,false,2021-01-26T18:38:52Z,\N,2021-01-27T13:28:43Z,\N,1,assert
acme:database_column:acme-data-store-store-00002~cf9147e7cec7,database_column,acme,acme:data_store:store-00002~a544946a70d1,wh,wh_fact_00007,updated_at_007,294,false,public,false,2021-01-28T21:36:40Z,\N,2021-02-01T11:37:46Z,\N,1,assert
acme:database_column:acme-data-store-store-00002~930dc3ba39b8,database_column,acme,acme:data_store:store-00002~a544946a70d1,hr,hr_fact_00004,referrer_025,1097,false,confidential,true,2021-01-09T22:09:38Z,\N,2021-02-05T20:15:12Z,\N,1,assert
acme:database_column:acme-data-store-store-00003~9cb4b117d0ed,database_column,acme,acme:data_store:store-00003~355a60161960,crm,crm_fact_00003,session_id_001,11,false,public,false,2021-01-28T04:33:57Z,\N,2021-02-06T03:52:41Z,\N,1,assert
acme:database_column:acme-data-store-store-00002~971dcb2059dd,database_column,acme,acme:data_store:store-00002~a544946a70d1,wh,wh_fact_00007,user_id_008,329,false,confidential,true,2021-01-10T16:51:28Z,\N,2021-02-06T17:27:13Z,\N,1,assert
acme:database_column:acme-data-store-store-00002~2f1afdad8d48,database_column,acme,acme:data_store:store-00002~a544946a70d1,hr,hr_fact_00004,quantity_012,500,false,internal,true,2021-01-08T19:47:11Z,\N,2021-02-06T13:40:09Z,\N,1,assert
acme:database_column:acme-data-store-store-00000~537aa2cce8e5,database_column,acme,acme:data_store:store-00000~199fa6b0c449,hr,employee,site_id_016,666,false,confidential,false,2021-02-01T02:09:29Z,\N,2021-02-08T04:36:11Z,\N,1,assert
acme:database_column:acme-data-store-store-00000~6e6c30261341,database_column,acme,acme:data_store:store-00000~199fa6b0c449,hr,employee,event_id_013,529,false,internal,true,2021-01-23T11:13:17Z,\N,2021-02-10T01:09:08Z,\N,1,assert
acme:database_column:acme-data-store-store-00002~620567f538c7,database_column,acme,acme:data_store:store-00002~a544946a70d1,wh,wh_fact_00007,quantity_007,280,false,internal,true,2021-01-12T08:06:57Z,\N,2021-02-14T12:23:14Z,\N,1,assert
acme:database_column:acme-data-store-store-00005~22cf6db07777,database_column,acme,acme:data_store:store-00005~d9cb14e88d51,ops,legacy_events,notes_023,1000,false,internal,false,2021-01-14T12:20:45Z,\N,2021-02-14T05:46:51Z,\N,1,assert
acme:database_column:acme-data-store-store-00005~8515969e6b0f,database_column,acme,acme:data_store:store-00005~d9cb14e88d51,ops,legacy_events,session_token_012,499,true,pii,false,2021-01-20T00:29:29Z,\N,2021-02-15T16:49:11Z,\N,1,assert
acme:database_column:acme-data-store-store-00003~2619bc2bd2b9,database_column,acme,acme:data_store:store-00003~355a60161960,crm,crm_fact_00003,http_status_011,479,false,public,false,2021-02-11T21:40:12Z,\N,2021-02-17T08:36:03Z,\N,1,assert
acme:database_column:acme-data-store-store-00002~3b66a8ec506b,database_column,acme,acme:data_store:store-00002~a544946a70d1,hr,hr_fact_00004,os_version_023,994,false,public,true,2021-01-07T18:06:36Z,\N,2021-02-17T11:52:40Z,\N,1,assert
acme:database_column:acme-data-store-store-00000~071945d5b018,database_column,acme,acme:data_store:store-00000~199fa6b0c449,hr,employee,ssn_015,617,true,pii,true,2021-01-09T00:50:36Z,\N,2021-02-18T17:42:31Z,\N,1,assert
acme:database_column:acme-data-store-store-00002~5f6a589fddf4,database_column,acme,acme:data_store:store-00002~a544946a70d1,wh,wh_fact_00007,segment_022,944,false,confidential,true,2021-01-31T02:42:50Z,\N,2021-02-18T10:35:09Z,\N,1,assert
acme:database_column:acme-data-store-store-00000~b760c13b2c35,database_column,acme,acme:data_store:store-00000~199fa6b0c449,ops,ops_fact_00002,sso_flag_003,132,false,confidential,false,2021-01-20T17:54:29Z,\N,2021-02-20T10:31:46Z,\N,1,assert
acme:database_column:acme-data-store-store-00005~249dc4c805f2,database_column,acme,acme:data_store:store-00005~d9cb14e88d51,ops,legacy_events,referrer_020,877,false,public,true,2021-01-28T17:04:39Z,\N,2021-02-22T14:21:15Z,\N,1,assert
acme:database_column:acme-data-store-store-00003~8bc88921500b,database_column,acme,acme:data_store:store-00003~355a60161960,crm,crm_fact_00003,mfa_flag_021,923,false,public,false,2021-02-17T03:03:34Z,\N,2021-02-25T22:49:39Z,\N,1,assert
acme:database_column:acme-data-store-store-00000~dc07f7c7ba3a,database_column,acme,acme:data_store:store-00000~199fa6b0c449,ops,ops_fact_00002,severity_012,508,false,public,true,2021-02-23T22:38:37Z,\N,2021-02-27T12:22:20Z,\N,1,assert
acme:database_column:acme-data-store-store-00000~95397fdbe622,database_column,acme,acme:data_store:store-00000~199fa6b0c449,hr,employee,os_version_013,554,false,public,true,2021-01-24T14:22:18Z,\N,2021-02-27T14:24:45Z,\N,1,assert
acme:database_column:acme-data-store-store-00000~9be04c99e190,database_column,acme,acme:data_store:store-00000~199fa6b0c449,ops,ops_fact_00002,session_id_022,935,false,public,true,2021-02-15T01:19:51Z,\N,2021-03-04T19:50:00Z,\N,1,assert
acme:database_column:acme-data-store-store-00005~a6c5d506492b,database_column,acme,acme:data_store:store-00005~d9cb14e88d51,ops,legacy_events,currency_022,939,false,confidential,false,2021-02-13T17:00:26Z,\N,2021-03-04T04:57:44Z,\N,1,assert
acme:database_column:acme-data-store-store-00004~2907bab52198,database_column,acme,acme:data_store:store-00004~3f005a82b8d6,sales,sales_dim_00113,dest_ip_004,145,false,internal,false,2021-03-03T01:55:50Z,\N,2021-03-05T15:12:51Z,\N,1,assert
acme:database_column:acme-data-store-store-00004~2fa9116fe329,database_column,acme,acme:data_store:store-00004~3f005a82b8d6,sales,sales_dim_00113,region_021,899,false,internal,true,2021-03-03T18:56:30Z,\N,2021-03-05T19:01:29Z,\N,1,assert
acme:database_column:acme-data-store-store-00002~6f9e18e58373,database_column,acme,acme:data_store:store-00002~a544946a70d1,wh,wh_fact_00007,duration_ms_013,564,false,internal,false,2021-02-24T09:08:10Z,\N,2021-03-06T19:00:48Z,\N,1,assert
acme:database_column:acme-data-store-store-00000~db97eb0d808e,database_column,acme,acme:data_store:store-00000~199fa6b0c449,hr,employee,sso_flag_020,880,false,internal,true,2021-02-19T00:23:16Z,\N,2021-03-06T12:06:14Z,\N,1,assert
acme:database_column:acme-data-store-store-00000~8f588ca8f1a7,database_column,acme,acme:data_store:store-00000~199fa6b0c449,ops,ops_fact_00002,is_deleted_025,1087,false,public,false,2021-02-24T15:58:59Z,\N,2021-03-06T21:49:55Z,\N,1,assert
acme:database_column:acme-data-store-store-00005~dbac06c9f11e,database_column,acme,acme:data_store:store-00005~d9cb14e88d51,ops,legacy_events,http_status_003,127,false,confidential,true,2021-03-10T16:57:01Z,\N,2021-03-14T12:23:27Z,\N,1,assert
acme:database_column:acme-data-store-store-00000~462843c3bb4d,database_column,acme,acme:data_store:store-00000~199fa6b0c449,ops,ops_fact_00002,tax_id_012,525,\N,\N,\N,2021-02-13T08:23:00Z,\N,2021-03-18T08:02:55Z,\N,1,assert
acme:database_column:acme-data-store-store-00002~b456259bb51a,database_column,acme,acme:data_store:store-00002~a544946a70d1,hr,hr_fact_00004,segment_009,372,false,public,false,2021-03-09T21:47:48Z,\N,2021-03-20T23:31:47Z,\N,1,assert
acme:database_column:acme-data-store-store-00003~a15f043ee843,database_column,acme,acme:data_store:store-00003~355a60161960,crm,crm_fact_00003,segment_013,548,\N,\N,\N,2021-03-13T20:45:29Z,\N,2021-03-20T04:30:43Z,\N,1,assert
acme:database_column:acme-data-store-store-00000~156366bec2ca,database_column,acme,acme:data_store:store-00000~199fa6b0c449,hr,employee,bytes_out_008,346,false,internal,true,2021-03-17T10:55:03Z,\N,2021-03-21T06:32:03Z,\N,1,assert
acme:database_column:acme-data-store-store-00002~f1a917b0ba0b,database_column,acme,acme:data_store:store-00002~a544946a70d1,wh,wh_fact_00007,policy_id_024,1035,false,public,true,2021-02-16T13:26:15Z,\N,2021-03-21T17:46:23Z,\N,1,assert
acme:database_column:acme-data-store-store-00000~e2a856e923a6,database_column,acme,acme:data_store:store-00000~199fa6b0c449,hr,employee,severity_006,244,false,confidential,true,2021-03-01T08:15:06Z,\N,2021-03-23T08:18:17Z,\N,1,assert
acme:database_column:acme-data-store-store-00004~95887cf10f56,database_column,acme,acme:data_store:store-00004~3f005a82b8d6,sales,sales_dim_00113,label_010,429,false,confidential,false,2021-02-21T21:00:38Z,\N,2021-03-27T07:17:10Z,\N,1,assert
acme:database_column:acme-data-store-store-00003~e4d92538e899,database_column,acme,acme:data_store:store-00003~355a60161960,crm,crm_fact_00003,severity_022,948,false,confidential,false,2021-03-08T08:45:53Z,\N,2021-03-31T09:23:55Z,\N,1,assert
acme:database_column:acme-data-store-store-00003~1106a4e74fec,database_column,acme,acme:data_store:store-00003~355a60161960,crm,crm_fact_00003,category_014,606,false,internal,false,2021-03-19T20:55:09Z,\N,2021-04-02T23:50:32Z,\N,1,assert
acme:database_column:acme-data-store-store-00000~b4d747452b02,database_column,acme,acme:data_store:store-00000~199fa6b0c449,hr,employee,home_address_021,914,true,pii,true,2021-02-22T01:27:32Z,\N,2021-04-04T09:59:09Z,\N,1,assert
acme:database_column:acme-data-store-store-00003~7a70ecd569ef,database_column,acme,acme:data_store:store-00003~355a60161960,crm,crm_fact_00003,home_address_024,1031,true,pii,true,2021-03-22T22:09:40Z,\N,2021-04-07T19:30:06Z,\N,1,assert
acme:database_column:acme-data-store-store-00005~6c933ee583f9,database_column,acme,acme:data_store:store-00005~d9cb14e88d51,ops,legacy_events,status_014,589,false,internal,true,2021-04-19T01:19:06Z,\N,2021-04-20T22:31:16Z,\N,1,assert
acme:database_column:acme-data-store-store-00000~950d1d5a5692,database_column,acme,acme:data_store:store-00000~199fa6b0c449,ops,ops_fact_00002,channel_019,810,\N,\N,\N,2021-04-15T01:57:59Z,\N,2021-04-20T20:00:20Z,\N,1,assert
acme:database_column:acme-data-store-store-00005~fa9804e15f31,database_column,acme,acme:data_store:store-00005~d9cb14e88d51,crm,crm_fact_00070,customer_id_003,92,false,internal,false,2021-03-31T21:24:38Z,\N,2021-04-22T08:24:39Z,\N,1,assert
acme:database_column:acme-data-store-store-00002~71089aac5435,database_column,acme,acme:data_store:store-00002~a544946a70d1,hr,hr_fact_00004,checksum_004,160,false,internal,false,2021-03-19T11:56:13Z,\N,2021-04-27T09:55:27Z,\N,1,assert
acme:database_column:acme-data-store-store-00005~68f1484b38b3,database_column,acme,acme:data_store:store-00005~d9cb14e88d51,ops,legacy_events,event_id_009,353,false,confidential,true,2021-04-12T19:43:38Z,\N,2021-04-30T20:27:45Z,\N,1,assert
acme:database_column:acme-data-store-store-00003~3d1e86e71498,database_column,acme,acme:data_store:store-00003~355a60161960,crm,crm_fact_00003,os_version_018,774,false,public,true,2021-04-15T18:23:49Z,\N,2021-04-30T09:55:47Z,\N,1,assert
acme:database_column:acme-data-store-store-00005~4ddba3833d20,database_column,acme,acme:data_store:store-00005~d9cb14e88d51,ops,legacy_events,region_009,371,false,public,true,2021-03-19T07:28:46Z,\N,2021-05-02T16:30:19Z,\N,1,assert
acme:database_column:acme-data-store-store-00002~606c4092113f,database_column,acme,acme:data_store:store-00002~a544946a70d1,wh,wh_fact_00007,label_001,33,false,public,false,2021-03-29T05:09:28Z,\N,2021-05-09T10:01:14Z,\N,1,assert
acme:database_column:acme-data-store-store-00001~d577c4b69be9,database_column,acme,acme:data_store:store-00001~f3e021452766,sales,sales_fact_00019,notes_020,868,false,public,false,2021-04-09T22:01:46Z,\N,2021-05-09T02:24:25Z,\N,1,assert
acme:database_column:acme-data-store-store-00005~7bbdcee1376d,database_column,acme,acme:data_store:store-00005~d9cb14e88d51,crm,crm_fact_00070,bytes_in_013,565,false,public,false,2021-04-21T11:21:53Z,\N,2021-05-16T03:18:40Z,\N,1,assert
acme:database_column:acme-data-store-store-00001~17b2ab764dc3,database_column,acme,acme:data_store:store-00001~f3e021452766,sales,sales_fact_00019,customer_id_023,972,false,public,true,2021-04-30T11:57:26Z,\N,2021-05-16T09:37:11Z,\N,1,assert
acme:database_column:acme-data-store-store-00000~bad30b3d1d1e,database_column,acme,acme:data_store:store-00000~199fa6b0c449,hr,employee,agent_version_001,27,false,confidential,true,2021-04-25T07:52:13Z,\N,2021-05-17T11:39:29Z,\N,1,assert
acme:database_column:acme-data-store-store-00000~173c52e384f1,database_column,acme,acme:data_store:store-00000~199fa6b0c449,hr,employee,passport_number_007,304,true,pii,false,2021-05-07T04:57:11Z,\N,2021-05-20T16:46:00Z,\N,1,assert
acme:database_column:acme-data-store-store-00005~894acba5042f,database_column,acme,acme:data_store:store-00005~d9cb14e88d51,crm,crm_fact_00070,ticket_id_017,714,false,public,false,2021-04-23T15:14:21Z,\N,2021-05-21T06:22:51Z,\N,1,assert
acme:database_column:acme-data-store-store-00000~deb42610548a,database_column,acme,acme:data_store:store-00000~199fa6b0c449,ops,ops_fact_00002,os_version_007,290,false,confidential,true,2021-05-23T13:22:49Z,\N,2021-05-24T03:20:39Z,\N,1,assert
acme:database_column:acme-data-store-store-00002~3b0857f045b2,database_column,acme,acme:data_store:store-00002~a544946a70d1,hr,hr_fact_00004,quantity_002,60,false,confidential,false,2021-05-15T00:57:04Z,\N,2021-05-25T17:53:01Z,\N,1,assert
acme:database_column:acme-data-store-store-00003~91afc63bf809,database_column,acme,acme:data_store:store-00003~355a60161960,finance,finance_fact_00025,site_id_011,446,false,internal,true,2021-05-26T14:55:30Z,\N,2021-05-27T08:47:24Z,\N,1,assert
acme:database_column:acme-data-store-store-00000~5e7eb28f926b,database_column,acme,acme:data_store:store-00000~199fa6b0c449,wh,wh_dim_00119,phone_010,417,true,pii,false,2021-04-23T18:59:03Z,\N,2021-06-01T10:06:32Z,\N,1,assert
acme:database_column:acme-data-store-store-00002~3b71880f5e17,database_column,acme,acme:data_store:store-00002~a544946a70d1,wh,wh_fact_00007,region_002,63,false,confidential,true,2021-05-28T00:08:03Z,\N,2021-06-03T20:55:34Z,\N,1,assert
acme:database_column:acme-data-store-store-00000~eec299293445,database_column,acme,acme:data_store:store-00000~199fa6b0c449,ops,ops_fact_00002,passport_number_024,1037,true,pii,true,2021-05-18T14:08:32Z,\N,2021-06-06T21:30:48Z,\N,1,assert
acme:database_column:acme-data-store-store-00001~01983d3bfad4,database_column,acme,acme:data_store:store-00001~f3e021452766,sales,sales_fact_00019,salary_015,638,true,pii,false,2021-04-29T21:02:34Z,\N,2021-06-09T10:23:58Z,\N,1,assert
acme:database_column:acme-data-store-store-00002~2a2c60cb3f10,database_column,acme,acme:data_store:store-00002~a544946a70d1,wh,wh_fact_00007,order_id_016,668,false,public,false,2021-05-24T09:15:36Z,\N,2021-06-12T17:54:15Z,\N,1,assert
acme:database_column:acme-data-store-store-00005~56beda001951,database_column,acme,acme:data_store:store-00005~d9cb14e88d51,ops,legacy_events,event_id_010,397,false,public,false,2021-05-18T14:19:34Z,\N,2021-06-13T04:27:11Z,\N,1,assert
acme:database_column:acme-data-store-store-00003~dad659695c6c,database_column,acme,acme:data_store:store-00003~355a60161960,finance,finance_fact_00025,phone_012,505,true,pii,false,2021-05-31T12:35:01Z,\N,2021-06-20T14:03:25Z,\N,1,assert
acme:database_column:acme-data-store-store-00000~f2d59cb8cb2b,database_column,acme,acme:data_store:store-00000~199fa6b0c449,ops,ops_fact_00002,channel_008,326,false,internal,false,2021-05-14T10:51:00Z,\N,2021-06-21T20:35:23Z,\N,1,assert
acme:database_column:acme-data-store-store-00005~9f047defa86d,database_column,acme,acme:data_store:store-00005~d9cb14e88d51,crm,crm_fact_00070,checksum_007,292,false,internal,true,2021-05-21T00:21:48Z,\N,2021-06-24T16:48:20Z,\N,1,assert
acme:database_column:acme-data-store-store-00002~65e390babf09,database_column,acme,acme:data_store:store-00002~a544946a70d1,hr,hr_fact_00004,sso_flag_002,88,false,public,true,2021-06-02T12:51:10Z,\N,2021-06-27T16:46:22Z,\N,1,assert
acme:database_column:acme-data-store-store-00001~f0f3af264e3b,database_column,acme,acme:data_store:store-00001~f3e021452766,sales,sales_fact_00019,is_deleted_018,779,false,public,false,2021-06-18T02:20:52Z,\N,2021-07-02T01:02:06Z,\N,1,assert
acme:database_column:acme-data-store-store-00000~5a648e5892c6,database_column,acme,acme:data_store:store-00000~199fa6b0c449,hr,employee,sso_provider_015,658,false,confidential,true,2021-06-01T20:25:08Z,\N,2021-07-04T05:06:50Z,\N,1,assert
acme:database_column:acme-data-store-store-00003~dfcc7184f93f,database_column,acme,acme:data_store:store-00003~355a60161960,finance,finance_fact_00025,source_ip_018,760,false,public,true,2021-06-02T11:34:24Z,\N,2021-07-04T08:54:48Z,\N,1,assert
acme:database_column:acme-data-store-store-00000~9e73e5a4e8d4,database_column,acme,acme:data_store:store-00000~199fa6b0c449,ops,ops_fact_00002,user_agent_020,876,false,public,true,2021-06-09T05:15:44Z,\N,2021-07-04T04:51:36Z,\N,1,assert
acme:database_column:acme-data-store-store-00001~d6a7f083a5ee,database_column,acme,acme:data_store:store-00001~f3e021452766,sales,sales_fact_00019,bytes_out_015,654,false,internal,false,2021-05-28T10:10:07Z,\N,2021-07-05T00:48:30Z,\N,1,assert
acme:database_column:acme-data-store-store-00002~fafc0b8c5259,database_column,acme,acme:data_store:store-00002~a544946a70d1,wh,wh_fact_00007,dest_ip_007,277,false,confidential,true,2021-06-05T23:53:33Z,\N,2021-07-14T11:21:43Z,\N,1,assert
acme:database_column:acme-data-store-store-00000~e6388a49ffec,database_column,acme,acme:data_store:store-00000~199fa6b0c449,hr,employee,hostname_008,333,false,public,false,2021-07-14T06:52:37Z,\N,2021-07-16T03:13:40Z,\N,1,assert
acme:database_column:acme-data-store-store-00001~093025e27283,database_column,acme,acme:data_store:store-00001~f3e021452766,ops,ops_fact_00008,is_deleted_009,383,false,public,true,2021-06-20T16:29:53Z,\N,2021-07-25T01:40:15Z,\N,1,assert
acme:database_column:acme-data-store-store-00001~9a4b82f391dc,database_column,acme,acme:data_store:store-00001~f3e021452766,finance,finance_fact_00112,bytes_out_014,610,false,public,true,2021-06-22T04:58:57Z,\N,2021-07-25T13:37:56Z,\N,1,assert
acme:database_column:acme-data-store-store-00003~10dcd4cbd92f,database_column,acme,acme:data_store:store-00003~355a60161960,finance,finance_fact_00025,phone_014,578,true,pii,true,2021-07-09T09:53:39Z,\N,2021-07-29T17:57:59Z,\N,1,assert
acme:database_column:acme-data-store-store-00001~0c2f87e44066,database_column,acme,acme:data_store:store-00001~f3e021452766,crm,crm_fact_00096,score_024,1047,false,internal,false,2021-07-21T15:08:37Z,\N,2021-08-05T17:37:25Z,\N,1,assert
acme:database_column:acme-data-store-store-00005~b2e537b04750,database_column,acme,acme:data_store:store-00005~d9cb14e88d51,ops,legacy_events,region_013,547,false,public,true,2021-07-14T23:53:22Z,\N,2021-08-06T12:40:07Z,\N,1,assert
acme:database_column:acme-data-store-store-00000~fdcae60aa1ac,database_column,acme,acme:data_store:store-00000~199fa6b0c449,hr,employee,is_deleted_008,339,\N,\N,\N,2021-07-27T02:22:46Z,\N,2021-08-07T06:40:43Z,\N,1,assert
acme:database_column:acme-data-store-store-00000~afa3d3c19dc5,database_column,acme,acme:data_store:store-00000~199fa6b0c449,wh,wh_dim_00119,currency_020,851,false,internal,true,2021-07-16T02:01:45Z,\N,2021-08-13T21:55:46Z,\N,1,assert
acme:database_column:acme-data-store-store-00001~1cb7c3169b50,database_column,acme,acme:data_store:store-00001~f3e021452766,ops,ops_fact_00008,user_id_001,21,\N,\N,\N,2021-07-05T09:35:50Z,\N,2021-08-16T15:06:13Z,\N,1,assert
acme:database_column:acme-data-store-store-00002~4d47af19670b,database_column,acme,acme:data_store:store-00002~a544946a70d1,wh,wh_fact_00007,session_id_019,803,false,confidential,true,2021-07-24T11:53:32Z,\N,2021-08-16T16:59:16Z,\N,1,assert
acme:database_column:acme-data-store-store-00000~22e2b33d98ef,database_column,acme,acme:data_store:store-00000~199fa6b0c449,wh,wh_dim_00119,region_008,327,false,public,true,2021-07-07T04:12:57Z,\N,2021-08-19T10:05:49Z,\N,1,assert
acme:database_column:acme-data-store-store-00002~3752242dcfbc,database_column,acme,acme:data_store:store-00002~a544946a70d1,hr,hr_fact_00004,updated_at_022,954,false,public,true,2021-07-23T02:00:11Z,\N,2021-08-19T23:09:07Z,\N,1,assert
acme:database_column:acme-data-store-store-00001~f5583bf09444,database_column,acme,acme:data_store:store-00001~f3e021452766,finance,finance_fact_00112,hostname_020,861,false,confidential,false,2021-08-02T22:13:03Z,\N,2021-08-20T23:32:15Z,\N,1,assert
acme:database_column:acme-data-store-store-00002~1d0d87276230,database_column,acme,acme:data_store:store-00002~a544946a70d1,hr,hr_fact_00004,home_address_018,767,true,pii,true,2021-08-17T23:24:36Z,\N,2021-08-22T19:31:55Z,\N,1,assert
acme:database_column:acme-data-store-store-00004~34d77c4253a9,database_column,acme,acme:data_store:store-00004~3f005a82b8d6,sales,sales_dim_00113,channel_012,502,false,internal,false,2021-08-19T02:27:07Z,\N,2021-08-23T17:06:56Z,\N,1,assert
acme:database_column:acme-data-store-store-00000~8bd2e7ef8e89,database_column,acme,acme:data_store:store-00000~199fa6b0c449,ops,ops_fact_00002,status_019,809,false,confidential,false,2021-08-20T11:57:36Z,\N,2021-08-25T17:38:08Z,\N,1,assert
acme:database_column:acme-data-store-store-00004~00b4c0194519,database_column,acme,acme:data_store:store-00004~3f005a82b8d6,wh,wh_dim_00023,checksum_020,864,false,public,true,2021-08-15T13:45:36Z,\N,2021-08-25T18:35:23Z,\N,1,assert
acme:database_column:acme-data-store-store-00004~805eb73e5f6b,database_column,acme,acme:data_store:store-00004~3f005a82b8d6,sales,sales_dim_00113,session_id_005,187,\N,\N,\N,2021-08-24T04:50:04Z,\N,2021-08-29T06:03:36Z,\N,1,assert
acme:database_column:acme-data-store-store-00004~03092e493152,database_column,acme,acme:data_store:store-00004~3f005a82b8d6,wh,wh_dim_00023,phone_006,226,true,pii,true,2021-07-16T09:23:29Z,\N,2021-08-29T07:15:05Z,\N,1,assert
acme:database_column:acme-data-store-store-00002~42853452b10b,database_column,acme,acme:data_store:store-00002~a544946a70d1,wh,wh_fact_00007,order_id_012,492,false,public,true,2021-08-28T20:42:01Z,\N,2021-08-30T09:22:37Z,\N,1,assert
acme:database_column:acme-data-store-store-00001~e01728a783df,database_column,acme,acme:data_store:store-00001~f3e021452766,crm,crm_fact_00096,invoice_id_020,845,false,public,true,2021-08-27T22:10:43Z,\N,2021-08-30T18:59:41Z,\N,1,assert
acme:database_column:acme-data-store-store-00001~4ed32fa3244c,database_column,acme,acme:data_store:store-00001~f3e021452766,ops,ops_fact_00008,is_deleted_017,735,false,internal,true,2021-08-20T21:14:49Z,\N,2021-09-01T03:18:41Z,\N,1,assert
acme:database_column:acme-data-store-store-00000~2ac4d997620f,database_column,acme,acme:data_store:store-00000~199fa6b0c449,wh,wh_dim_00119,duration_ms_001,36,false,public,true,2021-07-24T16:35:51Z,\N,2021-09-06T00:24:31Z,\N,1,assert
acme:database_column:acme-data-store-store-00005~0d9548b3b67d,database_column,acme,acme:data_store:store-00005~d9cb14e88d51,crm,crm_fact_00070,salary_001,37,true,pii,false,2021-08-10T23:32:11Z,\N,2021-09-06T02:07:53Z,\N,1,assert
acme:database_column:acme-data-store-store-00002~a45354af1d5d,database_column,acme,acme:data_store:store-00002~a544946a70d1,wh,wh_fact_00007,ticket_id_001,10,false,public,true,2021-09-08T21:23:57Z,\N,2021-09-08T21:23:57Z,\N,1,assert
acme:database_column:acme-data-store-store-00004~c978d135bfd0,database_column,acme,acme:data_store:store-00004~3f005a82b8d6,sales,sales_dim_00113,region_020,855,false,confidential,false,2021-08-18T06:50:39Z,\N,2021-09-08T03:33:30Z,\N,1,assert
acme:database_column:acme-data-store-store-00001~74c72542d76d,database_column,acme,acme:data_store:store-00001~f3e021452766,ops,ops_fact_00008,role_id_013,550,false,public,false,2021-08-16T12:23:47Z,\N,2021-09-11T03:03:29Z,\N,1,assert
acme:database_column:acme-data-store-store-00004~18a564772a07,database_column,acme,acme:data_store:store-00004~3f005a82b8d6,wh,wh_dim_00023,region_012,503,false,confidential,false,2021-08-26T13:48:53Z,\N,2021-09-17T16:50:06Z,\N,1,assert
acme:database_column:acme-data-store-store-00005~59daf11c40e6,database_column,acme,acme:data_store:store-00005~d9cb14e88d51,iam,iam_fact_00073,event_ts_020,838,false,public,false,2021-08-09T01:42:37Z,\N,2021-09-18T18:35:12Z,\N,1,assert
acme:database_column:acme-data-store-store-00004~097d6f95d9c8,database_column,acme,acme:data_store:store-00004~3f005a82b8d6,sales,sales_dim_00113,event_id_002,45,false,internal,false,2021-09-09T15:37:07Z,\N,2021-09-20T22:34:19Z,\N,1,assert
acme:database_column:acme-data-store-store-00003~6e49173e7532,database_column,acme,acme:data_store:store-00003~355a60161960,sales,sales_fact_00107,label_009,385,false,confidential,false,2021-09-06T11:38:03Z,\N,2021-09-20T12:20:25Z,\N,1,assert
acme:database_column:acme-data-store-store-00001~b833a58ce926,database_column,acme,acme:data_store:store-00001~f3e021452766,sales,sales_fact_00019,channel_022,942,false,confidential,false,2021-09-14T04:08:15Z,\N,2021-09-20T15:25:32Z,\N,1,assert
acme:database_column:acme-data-store-store-00005~544ab0e80fc1,database_column,acme,acme:data_store:store-00005~d9cb14e88d51,ops,legacy_events,tax_id_006,261,\N,\N,\N,2021-09-07T13:09:39Z,\N,2021-09-21T09:20:34Z,\N,1,assert
acme:database_column:acme-data-store-store-00005~8cac84995f67,database_column,acme,acme:data_store:store-00005~d9cb14e88d51,iam,iam_fact_00073,quantity_020,852,false,confidential,false,2021-08-23T18:22:54Z,\N,2021-09-23T09:18:53Z,\N,1,assert
acme:database_column:acme-data-store-store-00005~2fc8649f11d9,database_column,acme,acme:data_store:store-00005~d9cb14e88d51,ops,legacy_events,site_id_017,710,false,public,true,2021-09-01T18:19:26Z,\N,2021-09-27T12:15:35Z,\N,1,assert
acme:database_column:acme-data-store-store-00000~6137c8d767b1,database_column,acme,acme:data_store:store-00000~199fa6b0c449,hr,employee,event_id_019,793,false,confidential,false,2021-09-26T19:13:09Z,\N,2021-09-29T00:53:33Z,\N,1,assert
acme:database_column:acme-data-store-store-00004~2eadc391a4b6,database_column,acme,acme:data_store:store-00004~3f005a82b8d6,wh,wh_dim_00023,role_id_023,990,false,internal,false,2021-08-18T07:01:46Z,\N,2021-09-29T12:04:28Z,\N,1,assert
acme:database_column:acme-data-store-store-00005~cadd50999ce0,database_column,acme,acme:data_store:store-00005~d9cb14e88d51,iam,iam_fact_00073,dest_ip_002,57,false,internal,false,2021-08-30T03:20:16Z,\N,2021-10-01T10:24:03Z,\N,1,assert
acme:database_column:acme-data-store-store-00004~3272fd0d0849,database_column,acme,acme:data_store:store-00004~3f005a82b8d6,wh,wh_dim_00023,phone_003,124,true,pii,true,2021-09-10T22:26:21Z,\N,2021-10-03T08:14:08Z,\N,1,assert
acme:database_column:acme-data-store-store-00001~c4ece30ca1d0,database_column,acme,acme:data_store:store-00001~f3e021452766,ops,ops_fact_00008,site_id_023,974,false,internal,false,2021-09-10T17:56:13Z,\N,2021-10-04T01:25:25Z,\N,1,assert
acme:database_column:acme-data-store-store-00004~5740460b742b,database_column,acme,acme:data_store:store-00004~3f005a82b8d6,sales,sales_dim_00113,site_id_013,534,false,internal,false,2021-09-28T14:48:50Z,\N,2021-10-05T02:48:16Z,\N,1,assert
acme:database_column:acme-data-store-store-00004~e48125357689,database_column,acme,acme:data_store:store-00004~3f005a82b8d6,sales,sales_dim_00113,severity_013,552,false,confidential,false,2021-09-23T19:46:27Z,\N,2021-10-08T20:43:14Z,\N,1,assert
acme:database_column:acme-data-store-store-00000~a8079466a51b,database_column,acme,acme:data_store:store-00000~199fa6b0c449,ops,ops_fact_00002,sso_flag_025,1100,false,public,true,2021-10-04T22:56:23Z,\N,2021-10-10T01:15:53Z,\N,1,assert
acme:database_column:acme-data-store-store-00000~43ec29b2fbda,database_column,acme,acme:data_store:store-00000~199fa6b0c449,ops,ops_fact_00002,account_id_011,443,false,public,true,2021-10-11T07:39:52Z,\N,2021-10-11T07:39:52Z,\N,1,assert
acme:database_column:acme-data-store-store-00001~6f2f4f03f1b5,database_column,acme,acme:data_store:store-00001~f3e021452766,ops,ops_fact_00008,product_id_023,973,false,public,true,2021-09-06T22:00:47Z,\N,2021-10-11T19:10:58Z,\N,1,assert
acme:database_column:acme-data-store-store-00001~cf77fdb7f621,database_column,acme,acme:data_store:store-00001~f3e021452766,sales,sales_fact_00019,bytes_in_023,1005,false,public,false,2021-09-06T05:53:16Z,\N,2021-10-13T14:57:52Z,\N,1,assert
acme:database_column:acme-data-store-store-00005~46731e49c752,database_column,acme,acme:data_store:store-00005~d9cb14e88d51,iam,iam_fact_00073,created_at_021,909,false,internal,true,2021-09-14T03:43:48Z,\N,2021-10-14T07:41:26Z,\N,1,assert
acme:database_column:acme-data-store-store-00001~582574e5e95e,database_column,acme,acme:data_store:store-00001~f3e021452766,sales,sales_fact_00019,sso_provider_017,746,\N,\N,\N,2021-10-07T13:05:45Z,\N,2021-10-18T19:53:05Z,\N,1,assert
acme:database_column:acme-data-store-store-00030~8ce2408f1fcf,database_column,acme,acme:data_store:store-00030~7cf56a2d81dd,finance,finance_dim_00097,bank_account_020,874,true,pii,false,2021-09-15T10:37:25Z,\N,2021-10-22T19:23:20Z,\N,1,assert
acme:database_column:acme-data-store-store-00005~3d3952c8fbbb,database_column,acme,acme:data_store:store-00005~d9cb14e88d51,crm,crm_fact_00070,created_at_002,73,false,confidential,false,2021-09-14T11:34:49Z,\N,2021-10-23T22:02:25Z,\N,1,assert
acme:database_column:acme-data-store-store-00003~5865051bab99,database_column,acme,acme:data_store:store-00003~355a60161960,sales,sales_fact_00107,quantity_008,324,false,confidential,false,2021-09-23T04:31:42Z,\N,2021-10-27T17:45:11Z,\N,1,assert
acme:database_column:acme-data-store-store-00003~56e0b96f7ff3,database_column,acme,acme:data_store:store-00003~355a60161960,crm,crm_fact_00003,created_at_006,249,\N,\N,\N,2021-10-12T12:47:53Z,\N,2021-10-31T14:57:34Z,\N,1,assert
acme:database_column:acme-data-store-store-00004~e61d995c2446,database_column,acme,acme:data_store:store-00004~3f005a82b8d6,finance,finance_dim_00067,category_019,826,false,internal,true,2021-09-23T21:27:55Z,\N,2021-11-02T09:05:11Z,\N,1,assert
acme:database_column:acme-data-store-store-00004~88f72c9b1275,database_column,acme,acme:data_store:store-00004~3f005a82b8d6,wh,wh_dim_00023,order_id_003,96,false,internal,true,2021-10-12T03:42:29Z,\N,2021-11-04T18:23:12Z,\N,1,assert
acme:database_column:acme-data-store-store-00002~6a1a270b2b36,database_column,acme,acme:data_store:store-00002~a544946a70d1,wh,wh_fact_00007,order_id_004,140,false,confidential,true,2021-10-17T23:44:15Z,\N,2021-11-04T04:01:46Z,\N,1,assert
acme:database_column:acme-data-store-store-00003~87e60bae94cd,database_column,acme,acme:data_store:store-00003~355a60161960,crm,crm_dim_00105,ip_address_log_013,541,true,pii,true,2021-10-06T16:07:15Z,\N,2021-11-12T06:11:34Z,\N,1,assert
acme:database_column:acme-data-store-store-00001~6074776b4618,database_column,acme,acme:data_store:store-00001~f3e021452766,ops,ops_fact_00008,event_id_025,1057,false,internal,true,2021-11-12T12:58:10Z,\N,2021-11-16T05:59:21Z,\N,1,assert
acme:database_column:acme-data-store-store-00041~fbf2bf019fc3,database_column,acme,acme:data_store:store-00041~3a94689d27db,crm,crm_fact_00041,sso_provider_013,570,false,public,false,2021-10-28T03:27:35Z,\N,2021-11-24T20:27:46Z,\N,1,assert
acme:database_column:acme-data-store-store-00001~0c6c2ee1302c,database_column,acme,acme:data_store:store-00001~f3e021452766,ops,ops_fact_00008,session_token_015,646,true,pii,true,2021-11-13T13:58:32Z,\N,2021-11-24T04:05:30Z,\N,1,assert
acme:database_column:acme-data-store-store-00004~fd8aa5815822,database_column,acme,acme:data_store:store-00004~3f005a82b8d6,finance,finance_dim_00067,product_id_022,929,false,confidential,true,2021-10-31T17:34:02Z,\N,2021-11-24T03:47:50Z,\N,1,assert
acme:database_column:acme-data-store-store-00005~53d50d3c466d,database_column,acme,acme:data_store:store-00005~d9cb14e88d51,finance,finance_dim_00075,product_id_020,841,false,confidential,true,2021-10-18T13:53:01Z,\N,2021-11-26T04:33:14Z,\N,1,assert
acme:database_column:acme-data-store-store-00001~bf9dc9a0d360,database_column,acme,acme:data_store:store-00001~f3e021452766,sales,sales_fact_00019,bytes_out_023,1006,false,public,false,2021-10-17T10:23:57Z,\N,2021-11-27T23:27:11Z,\N,1,assert
acme:database_column:acme-data-store-store-00005~918ec733c748,database_column,acme,acme:data_store:store-00005~d9cb14e88d51,finance,finance_dim_00075,channel_001,18,false,confidential,false,2021-11-20T10:29:21Z,\N,2021-12-05T04:16:58Z,\N,1,assert
acme:database_column:acme-data-store-store-00001~e6e432d47cbb,database_column,acme,acme:data_store:store-00001~f3e021452766,ops,ops_fact_00008,phone_009,358,true,pii,true,2021-11-25T03:36:29Z,\N,2021-12-06T12:20:09Z,\N,1,assert
acme:database_column:acme-data-store-store-00003~9ed740c190b6,database_column,acme,acme:data_store:store-00003~355a60161960,crm,crm_fact_00003,source_ip_007,276,false,internal,true,2021-10-25T19:01:33Z,\N,2021-12-08T15:30:59Z,\N,1,assert
acme:database_column:acme-data-store-store-00001~b170b8f4b1b9,database_column,acme,acme:data_store:store-00001~f3e021452766,sales,sales_fact_00019,channel_014,590,false,public,false,2021-12-08T13:26:38Z,\N,2021-12-12T15:45:19Z,\N,1,assert
acme:database_column:acme-data-store-store-00041~17d808d9a514,database_column,acme,acme:data_store:store-00041~3a94689d27db,finance,finance_dim_00079,home_address_025,1075,true,pii,false,2021-10-31T14:05:02Z,\N,2021-12-14T06:10:02Z,\N,1,assert
acme:database_column:acme-data-store-store-00030~21218342b02f,database_column,acme,acme:data_store:store-00030~7cf56a2d81dd,finance,finance_dim_00097,category_008,342,false,internal,false,2021-11-26T01:25:53Z,\N,2021-12-17T17:35:20Z,\N,1,assert
acme:database_column:acme-data-store-store-00003~5c9d9ecb3398,database_column,acme,acme:data_store:store-00003~355a60161960,finance,finance_fact_00025,os_version_008,334,false,confidential,false,2021-11-29T20:48:52Z,\N,2021-12-18T01:36:04Z,\N,1,assert
acme:database_column:acme-data-store-store-00003~ead834ba8daf,database_column,acme,acme:data_store:store-00003~355a60161960,crm,crm_fact_00003,role_id_005,198,false,internal,true,2021-12-08T05:14:42Z,\N,2021-12-19T11:24:22Z,\N,1,assert
acme:database_column:acme-data-store-store-00001~5d16f5e36f29,database_column,acme,acme:data_store:store-00001~f3e021452766,ops,ops_fact_00008,status_006,237,\N,\N,\N,2021-11-18T12:15:49Z,\N,2021-12-21T20:16:47Z,\N,1,assert
acme:database_column:acme-data-store-store-00030~4fa90147b6f9,database_column,acme,acme:data_store:store-00030~7cf56a2d81dd,finance,finance_dim_00097,source_ip_016,672,false,confidential,false,2021-11-28T00:44:56Z,\N,2021-12-21T16:19:54Z,\N,1,assert
acme:database_column:acme-data-store-store-00003~33ab575d04e6,database_column,acme,acme:data_store:store-00003~355a60161960,sales,sales_fact_00107,event_ts_014,574,false,internal,false,2021-12-01T09:37:09Z,\N,2021-12-27T01:08:11Z,\N,1,assert
acme:database_column:acme-data-store-store-00003~1e048750ec65,database_column,acme,acme:data_store:store-00003~355a60161960,crm,crm_dim_00105,session_id_024,1023,false,confidential,true,2021-12-03T23:05:49Z,\N,2021-12-27T04:38:20Z,\N,1,assert
acme:database_column:acme-data-store-store-00005~a1c76fdceb66,database_column,acme,acme:data_store:store-00005~d9cb14e88d51,crm,crm_fact_00070,is_deleted_003,119,false,public,true,2021-12-09T10:48:37Z,\N,2021-12-29T16:06:26Z,\N,1,assert
acme:database_column:acme-data-store-store-00005~f2d3204abc91,database_column,acme,acme:data_store:store-00005~d9cb14e88d51,finance,finance_dim_00075,policy_id_010,419,false,confidential,false,2021-12-06T00:41:39Z,\N,2021-12-30T06:24:12Z,\N,1,assert
acme:database_column:acme-data-store-store-00000~bf1939d2b413,database_column,acme,acme:data_store:store-00000~199fa6b0c449,hr,employee,region_019,811,false,internal,true,2021-12-23T20:24:30Z,\N,2022-01-04T06:06:45Z,\N,1,assert
acme:database_column:acme-data-store-store-00000~b4b02637dc60,database_column,acme,acme:data_store:store-00000~199fa6b0c449,wh,wh_dim_00119,invoice_id_012,493,false,confidential,false,2021-12-04T15:41:47Z,\N,2022-01-09T08:14:34Z,\N,1,assert
acme:database_column:acme-data-store-store-00003~92033f626c08,database_column,acme,acme:data_store:store-00003~355a60161960,crm,crm_fact_00003,referrer_019,833,false,confidential,false,2021-12-24T09:18:55Z,\N,2022-01-10T02:10:34Z,\N,1,assert
acme:database_column:acme-data-store-store-00001~b253452381ed,database_column,acme,acme:data_store:store-00001~f3e021452766,sales,sales_fact_00019,label_021,913,false,public,true,2022-01-03T16:35:54Z,\N,2022-01-19T23:06:04Z,\N,1,assert
acme:database_column:acme-data-store-store-00004~53258fab8916,database_column,acme,acme:data_store:store-00004~3f005a82b8d6,finance,finance_dim_00067,category_024,1046,false,confidential,true,2022-01-17T05:52:34Z,\N,2022-01-19T14:11:07Z,\N,1,assert
acme:database_column:acme-data-store-store-00005~a796f1ecb2ba,database_column,acme,acme:data_store:store-00005~d9cb14e88d51,ops,legacy_events,customer_id_006,224,false,public,false,2021-12-17T23:55:39Z,\N,2022-01-20T12:06:38Z,\N,1,assert
acme:database_column:acme-data-store-store-00000~ed3b2f8e13ff,database_column,acme,acme:data_store:store-00000~199fa6b0c449,ops,ops_fact_00002,score_025,1091,false,internal,true,2021-12-21T16:11:18Z,\N,2022-01-25T04:36:50Z,\N,1,assert
acme:database_column:acme-data-store-store-00041~40151f379965,database_column,acme,acme:data_store:store-00041~3a94689d27db,finance,finance_dim_00079,invoice_id_013,537,false,public,true,2022-01-07T07:51:29Z,\N,2022-01-27T23:13:42Z,\N,1,assert
acme:database_column:acme-data-store-store-00004~8165602e3d15,database_column,acme,acme:data_store:store-00004~3f005a82b8d6,hr,hr_dim_00071,currency_015,631,false,internal,false,2022-01-21T07:03:13Z,\N,2022-01-29T04:14:31Z,\N,1,assert
acme:database_column:acme-data-store-store-00005~f0e0ff3e792c,database_column,acme,acme:data_store:store-00005~d9cb14e88d51,iam,iam_fact_00073,segment_023,988,false,internal,false,2021-12-23T13:35:08Z,\N,2022-01-31T21:15:55Z,\N,1,assert
acme:database_column:acme-data-store-store-00004~e2e47a5ce5c6,database_column,acme,acme:data_store:store-00004~3f005a82b8d6,hr,hr_dim_00071,currency_002,59,false,confidential,true,2022-01-27T16:20:57Z,\N,2022-02-02T20:13:36Z,\N,1,assert
acme:database_column:acme-data-store-store-00003~e10467ea773a,database_column,acme,acme:data_store:store-00003~355a60161960,crm,crm_fact_00003,is_deleted_024,1043,false,public,true,2022-01-09T11:43:05Z,\N,2022-02-03T00:57:52Z,\N,1,assert
acme:database_column:acme-data-store-store-00003~6fca196bad5a,database_column,acme,acme:data_store:store-00003~355a60161960,crm,crm_dim_00105,agent_version_024,1039,false,public,true,2022-01-24T08:35:29Z,\N,2022-02-04T03:07:02Z,\N,1,assert
acme:database_column:acme-data-store-store-00005~2427cefc6231,database_column,acme,acme:data_store:store-00005~d9cb14e88d51,crm,crm_fact_00070,customer_id_008,312,false,confidential,true,2022-01-17T01:49:36Z,\N,2022-02-06T23:57:16Z,\N,1,assert
acme:database_column:acme-data-store-store-00002~607817648d67,database_column,acme,acme:data_store:store-00002~a544946a70d1,wh,wh_fact_00007,sso_flag_016,704,false,internal,false,2022-01-04T16:45:42Z,\N,2022-02-06T14:35:06Z,\N,1,assert
acme:database_column:acme-data-store-store-00005~d15990a02819,database_column,acme,acme:data_store:store-00005~d9cb14e88d51,ops,legacy_events,invoice_id_009,361,false,internal,true,2022-01-28T02:25:25Z,\N,2022-02-08T20:04:44Z,\N,1,assert
acme:database_column:acme-data-store-store-00005~05960d4a8a53,database_column,acme,acme:data_store:store-00005~d9cb14e88d51,ops,legacy_events,mfa_flag_019,835,false,internal,false,2022-01-05T22:42:58Z,\N,2022-02-12T08:44:21Z,\N,1,assert
acme:database_column:acme-data-store-store-00030~84967ca16339,database_column,acme,acme:data_store:store-00030~7cf56a2d81dd,finance,finance_dim_00097,checksum_018,776,false,confidential,true,2022-02-04T19:55:41Z,\N,2022-02-15T10:56:40Z,\N,1,assert
acme:database_column:acme-data-store-store-00005~808773376e44,database_column,acme,acme:data_store:store-00005~d9cb14e88d51,iam,iam_fact_00122,severity_004,156,false,public,true,2022-01-19T23:53:00Z,\N,2022-02-18T20:49:39Z,\N,1,assert
acme:database_column:acme-data-store-store-00004~adc64a1836e0,database_column,acme,acme:data_store:store-00004~3f005a82b8d6,hr,hr_dim_00071,updated_at_017,734,false,confidential,true,2022-02-02T11:14:16Z,\N,2022-02-18T23:07:15Z,\N,1,assert
acme:database_column:acme-data-store-store-00003~4d8b1734845e,database_column,acme,acme:data_store:store-00003~355a60161960,crm,crm_fact_00003,bytes_out_004,170,false,confidential,true,2022-01-21T21:15:37Z,\N,2022-02-23T07:34:31Z,\N,1,assert
acme:database_column:acme-data-store-store-00005~d97b0fdc0653,database_column,acme,acme:data_store:store-00005~d9cb14e88d51,crm,crm_fact_00070,quantity_009,368,false,public,true,2022-01-23T01:48:08Z,\N,2022-02-23T16:01:29Z,\N,1,assert
acme:database_column:acme-data-store-store-00005~4eac6f442583,database_column,acme,acme:data_store:store-00005~d9cb14e88d51,finance,finance_dim_00075,ip_address_log_015,659,\N,\N,\N,2022-02-09T19:15:15Z,\N,2022-02-24T02:57:58Z,\N,1,assert
acme:database_column:acme-data-store-store-00003~aaed5db32e39,database_column,acme,acme:data_store:store-00003~355a60161960,sales,sales_fact_00107,source_ip_017,716,false,internal,false,2022-02-06T23:23:06Z,\N,2022-02-24T07:12:25Z,\N,1,assert
acme:database_column:acme-data-store-store-00000~6f3cd7675571,database_column,acme,acme:data_store:store-00000~199fa6b0c449,wh,wh_dim_00119,home_address_011,444,true,pii,true,2022-02-20T18:45:52Z,\N,2022-02-26T18:46:15Z,\N,1,assert
acme:database_column:acme-data-store-store-00005~ecc1185a3e59,database_column,acme,acme:data_store:store-00005~d9cb14e88d51,iam,iam_fact_00122,tax_id_004,173,true,pii,true,2022-02-05T14:29:11Z,\N,2022-02-27T04:26:41Z,\N,1,assert
acme:database_column:acme-data-store-store-00003~34905ff74e74,database_column,acme,acme:data_store:store-00003~355a60161960,finance,finance_fact_00025,severity_019,816,\N,\N,\N,2022-02-15T07:29:46Z,\N,2022-03-05T03:25:06Z,\N,1,assert
acme:database_column:acme-data-store-store-00003~1bae5ceb6360,database_column,acme,acme:data_store:store-00003~355a60161960,sales,sales_fact_00107,bytes_in_010,433,false,public,false,2022-03-03T17:57:33Z,\N,2022-03-08T05:07:50Z,\N,1,assert
acme:database_column:acme-data-store-store-00001~6ed45b3ecff2,database_column,acme,acme:data_store:store-00001~f3e021452766,finance,finance_fact_00112,created_at_008,337,false,confidential,true,2022-02-05T23:39:43Z,\N,2022-03-09T04:21:47Z,\N,1,assert
acme:database_column:acme-data-store-store-00004~74041e130e30,database_column,acme,acme:data_store:store-00004~3f005a82b8d6,sales,sales_dim_00113,agent_version_003,115,false,confidential,false,2022-03-07T13:25:27Z,\N,2022-03-16T02:30:16Z,\N,1,assert
acme:database_column:acme-data-store-store-00030~a908f26cfd5d,database_column,acme,acme:data_store:store-00030~7cf56a2d81dd,finance,finance_dim_00097,role_id_012,506,false,public,false,2022-02-21T02:44:07Z,\N,2022-03-17T02:57:59Z,\N,1,assert
acme:database_column:acme-data-store-store-00000~a133213a005b,database_column,acme,acme:data_store:store-00000~199fa6b0c449,sales,sales_dim_00076,session_token_013,543,true,pii,false,2022-03-08T09:43:55Z,\N,2022-03-18T13:13:29Z,\N,1,assert
acme:database_column:acme-data-store-store-00003~59fa5dca9ef6,database_column,acme,acme:data_store:store-00003~355a60161960,sales,sales_fact_00107,severity_009,376,false,confidential,true,2022-03-18T07:56:08Z,\N,2022-03-19T05:41:48Z,\N,1,assert
acme:database_column:acme-data-store-store-00000~6c0be3519300,database_column,acme,acme:data_store:store-00000~199fa6b0c449,wh,wh_dim_00119,team_id_002,51,false,confidential,false,2022-03-10T10:57:17Z,\N,2022-03-20T17:58:39Z,\N,1,assert
acme:database_column:acme-data-store-store-00004~c8ce8fc55939,database_column,acme,acme:data_store:store-00004~3f005a82b8d6,hr,hr_dim_00071,hostname_005,201,false,public,true,2022-02-13T02:27:21Z,\N,2022-03-25T05:52:11Z,\N,1,assert
acme:database_column:acme-data-store-store-00041~294d48d09e44,database_column,acme,acme:data_store:store-00041~3a94689d27db,crm,crm_fact_00041,notes_012,516,false,confidential,false,2022-02-14T07:56:25Z,\N,2022-03-27T11:37:09Z,\N,1,assert
acme:database_column:acme-data-store-store-00003~39b8c2aa8fec,database_column,acme,acme:data_store:store-00003~355a60161960,finance,finance_fact_00025,email_006,225,true,pii,false,2022-03-06T03:17:34Z,\N,2022-04-05T12:35:53Z,\N,1,assert
acme:database_column:acme-data-store-store-00000~e0e26a317dbc,database_column,acme,acme:data_store:store-00000~199fa6b0c449,hr,employee,segment_007,284,false,internal,true,2022-02-23T19:22:59Z,\N,2022-04-05T02:26:57Z,\N,1,assert
acme:database_column:acme-data-store-store-00041~a6d27396843f,database_column,acme,acme:data_store:store-00041~3a94689d27db,finance,finance_dim_00079,severity_023,992,false,internal,true,2022-02-23T21:10:17Z,\N,2022-04-08T00:36:22Z,\N,1,assert
acme:database_column:acme-data-store-store-00000~addc684e7587,database_column,acme,acme:data_store:store-00000~199fa6b0c449,ops,ops_fact_00002,order_id_011,448,false,internal,true,2022-03-16T06:41:48Z,\N,2022-04-10T02:29:06Z,\N,1,assert
acme:database_column:acme-data-store-store-00000~da60542370a7,database_column,acme,acme:data_store:store-00000~199fa6b0c449,sales,sales_dim_00076,severity_021,904,false,public,false,2022-04-07T23:53:34Z,\N,2022-04-17T15:03:06Z,\N,1,assert
acme:database_column:acme-data-store-store-00005~f4ead876b28c,database_column,acme,acme:data_store:store-00005~d9cb14e88d51,iam,iam_fact_00073,event_ts_012,486,false,internal,false,2022-03-30T08:15:54Z,\N,2022-04-19T17:56:08Z,\N,1,assert
acme:database_column:acme-data-store-store-00001~a8299d48027f,database_column,acme,acme:data_store:store-00001~f3e021452766,crm,crm_fact_00096,duration_ms_011,476,false,confidential,true,2022-04-08T05:12:25Z,\N,2022-04-20T03:14:52Z,\N,1,assert
acme:database_column:acme-data-store-store-00000~8868e4aa6168,database_column,acme,acme:data_store:store-00000~199fa6b0c449,ops,ops_fact_00002,duration_ms_021,916,false,internal,true,2022-04-11T20:25:31Z,\N,2022-04-21T11:33:17Z,\N,1,assert
acme:database_column:acme-data-store-store-00005~0c15f96aa5f7,database_column,acme,acme:data_store:store-00005~d9cb14e88d51,ops,legacy_events,bytes_out_010,434,false,public,true,2022-04-26T17:45:21Z,\N,2022-04-28T11:02:48Z,\N,1,assert
acme:database_column:acme-data-store-store-00004~84296677180d,database_column,acme,acme:data_store:store-00004~3f005a82b8d6,finance,finance_dim_00067,status_007,281,false,confidential,true,2022-03-30T09:42:43Z,\N,2022-04-29T19:13:00Z,\N,1,assert
acme:database_column:acme-data-store-store-00005~305c90799564,database_column,acme,acme:data_store:store-00005~d9cb14e88d51,finance,finance_dim_00075,os_version_003,114,false,internal,true,2022-04-22T17:18:51Z,\N,2022-05-01T05:16:35Z,\N,1,assert
acme:database_column:acme-data-store-store-00004~e4bef8b4c561,database_column,acme,acme:data_store:store-00004~3f005a82b8d6,finance,finance_dim_00067,event_ts_021,882,false,public,true,2022-03-29T16:42:57Z,\N,2022-05-01T07:36:33Z,\N,1,assert
acme:database_column:acme-data-store-store-00004~e0cda849d2e3,database_column,acme,acme:data_store:store-00004~3f005a82b8d6,wh,wh_dim_00023,account_id_017,707,false,confidential,false,2022-04-29T09:21:05Z,\N,2022-05-02T06:58:50Z,\N,1,assert
acme:database_column:acme-data-store-store-00003~4706d609fe83,database_column,acme,acme:data_store:store-00003~355a60161960,crm,crm_fact_00003,bytes_in_007,301,false,internal,false,2022-03-25T16:41:22Z,\N,2022-05-04T00:42:31Z,\N,1,assert
acme:database_column:acme-data-store-store-00041~ae9a7a5a73ba,database_column,acme,acme:data_store:store-00041~3a94689d27db,finance,finance_dim_00079,user_agent_002,84,false,internal,true,2022-04-05T19:13:51Z,\N,2022-05-05T14:40:35Z,\N,1,assert
acme:database_column:acme-data-store-store-00003~02dabaf696ef,database_column,acme,acme:data_store:store-00003~355a60161960,crm,crm_dim_00105,invoice_id_024,1021,false,internal,true,2022-04-24T12:13:44Z,\N,2022-05-07T01:07:43Z,\N,1,assert
acme:database_column:acme-data-store-store-00004~e48721514401,database_column,acme,acme:data_store:store-00004~3f005a82b8d6,sales,sales_dim_00113,user_agent_003,128,false,internal,true,2022-04-28T12:25:28Z,\N,2022-05-09T11:01:09Z,\N,1,assert
acme:database_column:acme-data-store-store-00030~b27269d1615a,database_column,acme,acme:data_store:store-00030~7cf56a2d81dd,finance,finance_dim_00097,session_token_018,763,true,pii,false,2022-04-02T04:03:31Z,\N,2022-05-14T21:09:37Z,\N,1,assert
acme:database_column:acme-data-store-store-00003~47ce40e29bb8,database_column,acme,acme:data_store:store-00003~355a60161960,crm,crm_dim_00105,created_at_013,557,false,confidential,true,2022-05-12T23:47:51Z,\N,2022-05-18T09:18:09Z,\N,1,assert
acme:database_column:acme-data-store-store-00000~b0c34ce994a3,database_column,acme,acme:data_store:store-00000~199fa6b0c449,wh,wh_dim_00119,site_id_004,138,\N,\N,\N,2022-04-25T05:53:10Z,\N,2022-05-31T19:30:50Z,\N,1,assert
acme:database_column:acme-data-store-store-00005~09472ed33dd5,database_column,acme,acme:data_store:store-00005~d9cb14e88d51,iam,iam_fact_00122,agent_version_022,951,\N,\N,\N,2022-04-24T13:51:15Z,\N,2022-06-03T19:26:30Z,\N,1,assert
acme:database_column:acme-data-store-store-00003~230e329038ea,database_column,acme,acme:data_store:store-00003~355a60161960,crm,crm_dim_00105,invoice_id_006,229,false,confidential,true,2022-04-23T23:33:43Z,\N,2022-06-05T19:48:06Z,\N,1,assert
acme:database_column:acme-data-store-store-00042~6ffad39c2eca,database_column,acme,acme:data_store:store-00042~20df4870412d,crm,crm_fact_00064,created_at_010,425,false,confidential,true,2022-05-15T13:23:01Z,\N,2022-06-07T14:59:30Z,\N,1,assert
acme:database_column:acme-data-store-store-00005~564ef9cae856,database_column,acme,acme:data_store:store-00005~d9cb14e88d51,iam,iam_fact_00073,user_agent_004,172,false,public,false,2022-05-24T04:28:22Z,\N,2022-06-08T19:32:49Z,\N,1,assert
acme:database_column:acme-data-store-store-00001~6a6a58c33b88,database_column,acme,acme:data_store:store-00001~f3e021452766,finance,finance_fact_00112,event_ts_015,618,false,public,false,2022-05-11T06:14:10Z,\N,2022-06-13T15:12:20Z,\N,1,assert
acme:database_column:acme-data-store-store-00000~1a4e30dcaf61,database_column,acme,acme:data_store:store-00000~199fa6b0c449,sales,sales_dim_00076,salary_020,843,true,pii,true,2022-05-01T15:02:12Z,\N,2022-06-13T01:36:28Z,\N,1,assert
acme:database_column:acme-data-store-store-00000~0ee93d0c2a02,database_column,acme,acme:data_store:store-00000~199fa6b0c449,sales,sales_dim_00076,invoice_id_023,977,false,confidential,true,2022-06-12T12:22:35Z,\N,2022-06-13T01:57:02Z,\N,1,assert
acme:database_column:acme-data-store-store-00000~f6badb5359b5,database_column,acme,acme:data_store:store-00000~199fa6b0c449,hr,employee,team_id_016,667,false,confidential,true,2022-05-13T21:39:22Z,\N,2022-06-15T08:25:21Z,\N,1,assert
acme:database_column:acme-data-store-store-00002~90e8b36739ab,database_column,acme,acme:data_store:store-00002~a544946a70d1,wh,wh_fact_00007,team_id_004,139,false,internal,true,2022-06-17T05:46:32Z,\N,2022-06-21T14:30:03Z,\N,1,assert
acme:database_column:acme-data-store-store-00030~d0951241b2a4,database_column,acme,acme:data_store:store-00030~7cf56a2d81dd,wh,wh_fact_00088,os_version_015,642,false,confidential,false,2022-05-11T06:51:10Z,\N,2022-06-23T09:33:44Z,\N,1,assert
acme:database_column:acme-data-store-store-00005~6e4468b5821d,database_column,acme,acme:data_store:store-00005~d9cb14e88d51,finance,finance_dim_00075,ticket_id_006,230,false,confidential,true,2022-05-31T14:13:06Z,\N,2022-06-25T04:26:13Z,\N,1,assert
acme:database_column:acme-data-store-store-00001~31677e4cd054,database_column,acme,acme:data_store:store-00001~f3e021452766,crm,crm_fact_00096,user_id_009,373,false,public,true,2022-06-21T06:37:51Z,\N,2022-06-25T22:30:03Z,\N,1,assert
acme:database_column:acme-data-store-store-00004~5b3e8c696600,database_column,acme,acme:data_store:store-00004~3f005a82b8d6,finance,finance_dim_00067,quantity_010,412,false,internal,false,2022-06-03T09:55:42Z,\N,2022-06-25T12:31:04Z,\N,1,assert
acme:database_column:acme-data-store-store-00003~70c72c0ff4e1,database_column,acme,acme:data_store:store-00003~355a60161960,crm,crm_dim_00105,site_id_005,182,\N,\N,\N,2022-05-16T15:15:05Z,\N,2022-06-28T02:21:03Z,\N,1,assert
acme:database_column:acme-data-store-store-00004~add6acc755b6,database_column,acme,acme:data_store:store-00004~3f005a82b8d6,finance,finance_dim_00067,checksum_014,600,false,confidential,true,2022-05-24T14:53:45Z,\N,2022-07-01T06:04:54Z,\N,1,assert
acme:database_column:acme-data-store-store-00005~efbc2f83e73d,database_column,acme,acme:data_store:store-00005~d9cb14e88d51,finance,finance_dim_00075,session_id_011,451,false,internal,true,2022-07-04T05:49:50Z,\N,2022-07-06T20:30:21Z,\N,1,assert
acme:database_column:acme-data-store-store-00001~8a1f126887eb,database_column,acme,acme:data_store:store-00001~f3e021452766,ops,ops_fact_00008,currency_021,895,false,confidential,false,2022-06-09T04:12:51Z,\N,2022-07-07T20:18:40Z,\N,1,assert
acme:database_column:acme-data-store-store-00004~2662e1cdcaf4,database_column,acme,acme:data_store:store-00004~3f005a82b8d6,finance,finance_dim_00067,hostname_025,1081,false,public,true,2022-07-07T12:19:45Z,\N,2022-07-08T21:28:54Z,\N,1,assert
acme:database_column:acme-data-store-store-00000~b8d9a1d66cdc,database_column,acme,acme:data_store:store-00000~199fa6b0c449,wh,wh_dim_00119,invoice_id_002,53,false,internal,true,2022-06-20T00:08:29Z,\N,2022-07-09T22:49:19Z,\N,1,assert
acme:database_column:acme-data-store-store-00000~73961b850cfc,database_column,acme,acme:data_store:store-00000~199fa6b0c449,hr,employee,passport_number_006,245,\N,\N,\N,2022-07-08T08:08:08Z,\N,2022-07-09T10:46:54Z,\N,1,assert
acme:database_column:acme-data-store-store-00053~b4a12a0e4c56,database_column,acme,acme:data_store:store-00053~cfc974814be8,hr,hr_fact_00033,event_id_023,969,false,public,false,2022-05-30T08:39:24Z,\N,2022-07-10T16:22:07Z,\N,1,assert
acme:database_column:acme-data-store-store-00000~4ec33ffd46cf,database_column,acme,acme:data_store:store-00000~199fa6b0c449,ops,ops_fact_00002,team_id_024,1019,false,public,true,2022-07-03T00:43:16Z,\N,2022-07-13T13:38:38Z,\N,1,assert
acme:database_column:acme-data-store-store-00001~d04ed27fbc71,database_column,acme,acme:data_store:store-00001~f3e021452766,crm,crm_fact_00096,ip_address_log_016,673,true,pii,true,2022-07-16T01:22:48Z,\N,2022-07-16T01:22:48Z,\N,1,assert
acme:database_column:acme-data-store-store-00045~59a67f9bfd9b,database_column,acme,acme:data_store:store-00045~bcae1cb7a646,sales,sales_dim_00009,user_agent_015,656,false,public,true,2022-06-16T05:15:54Z,\N,2022-07-23T12:49:22Z,\N,1,assert
acme:database_column:acme-data-store-store-00000~15611cbd8bd3,database_column,acme,acme:data_store:store-00000~199fa6b0c449,ops,ops_dim_00115,customer_id_022,928,false,internal,true,2022-07-14T06:30:15Z,\N,2022-07-28T02:12:43Z,\N,1,assert
acme:database_column:acme-data-store-store-00041~916df32f94d3,database_column,acme,acme:data_store:store-00041~3a94689d27db,crm,crm_fact_00041,is_deleted_005,207,false,confidential,false,2022-07-29T11:56:24Z,\N,2022-07-29T11:56:24Z,\N,1,assert
acme:database_column:acme-data-store-store-00053~c76dd85f6456,database_column,acme,acme:data_store:store-00053~cfc974814be8,hr,hr_fact_00033,category_009,386,false,public,false,2022-06-30T05:03:46Z,\N,2022-07-31T08:08:17Z,\N,1,assert
acme:database_column:acme-data-store-store-00003~79d7143bbf41,database_column,acme,acme:data_store:store-00003~355a60161960,crm,crm_fact_00003,label_007,297,false,public,false,2022-07-07T05:35:46Z,\N,2022-08-01T00:19:11Z,\N,1,assert
acme:database_column:acme-data-store-store-00000~e8101bd3e2e1,database_column,acme,acme:data_store:store-00000~199fa6b0c449,ops,ops_fact_00002,role_id_014,594,false,internal,true,2022-07-03T04:41:13Z,\N,2022-08-01T07:28:48Z,\N,1,assert
acme:database_column:acme-data-store-store-00003~8a87d5ad1f0f,database_column,acme,acme:data_store:store-00003~355a60161960,finance,finance_fact_00025,segment_017,724,false,confidential,true,2022-07-07T06:19:57Z,\N,2022-08-04T20:09:04Z,\N,1,assert
acme:database_column:acme-data-store-store-00015~12f66a62a856,database_column,acme,acme:data_store:store-00015~b90744b8b425,sales,sales_fact_00022,checksum_010,424,false,internal,true,2022-06-30T22:36:19Z,\N,2022-08-07T11:38:36Z,\N,1,assert
acme:database_column:acme-data-store-store-00003~33f218aae767,database_column,acme,acme:data_store:store-00003~355a60161960,sales,sales_fact_00107,user_id_014,593,false,internal,true,2022-08-11T18:50:10Z,\N,2022-08-11T18:50:10Z,\N,1,assert
acme:database_column:acme-data-store-store-00005~a44f2f055912,database_column,acme,acme:data_store:store-00005~d9cb14e88d51,ops,legacy_events,http_status_001,39,false,confidential,false,2022-08-17T06:35:57Z,\N,2022-08-23T12:01:10Z,\N,1,assert
acme:database_column:acme-data-store-store-00002~dd489b7a5196,database_column,acme,acme:data_store:store-00002~a544946a70d1,wh,wh_fact_00007,ticket_id_008,318,false,internal,false,2022-08-17T15:06:14Z,\N,2022-08-23T11:26:56Z,\N,1,assert
acme:database_column:acme-data-store-store-00002~633898c21bc3,database_column,acme,acme:data_store:store-00002~a544946a70d1,wh,wh_fact_00007,user_id_018,769,false,public,true,2022-08-07T09:47:56Z,\N,2022-08-26T11:57:49Z,\N,1,assert
acme:database_column:acme-data-store-store-00015~5eea02546e2b,database_column,acme,acme:data_store:store-00015~b90744b8b425,sales,sales_fact_00022,salary_012,521,true,pii,false,2022-08-29T19:43:07Z,\N,2022-09-02T13:07:41Z,\N,1,assert
acme:database_column:acme-data-store-store-00042~a56f2fce7698,database_column,acme,acme:data_store:store-00042~20df4870412d,crm,crm_fact_00064,sso_provider_006,262,false,confidential,false,2022-08-29T07:28:29Z,\N,2022-09-06T17:34:33Z,\N,1,assert
acme:database_column:acme-data-store-store-00003~ee9e1d2ccac0,database_column,acme,acme:data_store:store-00003~355a60161960,crm,crm_fact_00003,created_at_023,997,false,confidential,true,2022-08-29T23:14:05Z,\N,2022-09-06T15:40:59Z,\N,1,assert
acme:database_column:acme-data-store-store-00002~e8f83b209f3c,database_column,acme,acme:data_store:store-00002~a544946a70d1,finance,finance_fact_00049,event_id_012,485,false,confidential,false,2022-07-28T00:45:49Z,\N,2022-09-07T07:48:00Z,\N,1,assert
acme:database_column:acme-data-store-store-00053~50e15d8995f6,database_column,acme,acme:data_store:store-00053~cfc974814be8,hr,hr_fact_00033,currency_003,103,false,public,true,2022-08-11T02:40:22Z,\N,2022-09-11T14:14:50Z,\N,1,assert
acme:database_column:acme-data-store-store-00005~c7f461fadf01,database_column,acme,acme:data_store:store-00005~d9cb14e88d51,iam,iam_fact_00073,notes_003,120,false,public,false,2022-08-19T17:00:08Z,\N,2022-09-12T16:55:25Z,\N,1,assert
acme:database_column:acme-data-store-store-00015~20513865d192,database_column,acme,acme:data_store:store-00015~b90744b8b425,sales,sales_fact_00022,notes_017,736,false,confidential,false,2022-08-30T12:16:20Z,\N,2022-09-12T05:19:53Z,\N,1,assert
acme:database_column:acme-data-store-store-00041~d31f959e0794,database_column,acme,acme:data_store:store-00041~3a94689d27db,finance,finance_dim_00079,agent_version_002,71,\N,\N,\N,2022-08-16T16:38:24Z,\N,2022-09-17T10:41:55Z,\N,1,assert
acme:database_column:acme-data-store-store-00005~6e4bf3576146,database_column,acme,acme:data_store:store-00005~d9cb14e88d51,crm,crm_fact_00070,role_id_010,418,false,confidential,true,2022-08-24T15:05:34Z,\N,2022-09-17T09:41:00Z,\N,1,assert
acme:database_column:acme-data-store-store-00004~197850ddc076,database_column,acme,acme:data_store:store-00004~3f005a82b8d6,wh,wh_dim_00023,sso_provider_009,394,false,internal,false,2022-08-31T23:46:35Z,\N,2022-09-19T02:10:29Z,\N,1,assert
acme:database_column:acme-data-store-store-00005~49afc6da61a8,database_column,acme,acme:data_store:store-00005~d9cb14e88d51,ops,legacy_events,is_deleted_011,471,false,internal,true,2022-08-25T07:28:12Z,\N,2022-09-23T20:39:40Z,\N,1,assert
acme:database_column:acme-data-store-store-00045~34ebd0ec7e52,database_column,acme,acme:data_store:store-00045~bcae1cb7a646,sales,sales_dim_00009,sso_provider_011,482,false,public,true,2022-08-15T08:23:23Z,\N,2022-09-27T02:47:20Z,\N,1,assert
acme:database_column:acme-data-store-store-00045~dffffe9f3e88,database_column,acme,acme:data_store:store-00045~bcae1cb7a646,sales,sales_dim_00009,is_deleted_001,31,false,internal,true,2022-09-17T05:23:14Z,\N,2022-09-30T15:04:11Z,\N,1,assert
acme:database_column:acme-data-store-store-00000~a757bfc780eb,database_column,acme,acme:data_store:store-00000~199fa6b0c449,hr,employee,ticket_id_023,978,false,public,true,2022-08-19T11:19:58Z,\N,2022-09-30T22:46:30Z,\N,1,assert
acme:database_column:acme-data-store-store-00000~7beaab94cc4f,database_column,acme,acme:data_store:store-00000~199fa6b0c449,ops,ops_fact_00002,team_id_025,1063,false,public,true,2022-10-03T09:33:23Z,\N,2022-10-03T09:33:23Z,\N,1,assert
acme:database_column:acme-data-store-store-00001~67a2d09fc852,database_column,acme,acme:data_store:store-00001~f3e021452766,sales,sales_fact_00019,policy_id_005,199,false,confidential,false,2022-09-25T10:45:19Z,\N,2022-10-04T06:25:52Z,\N,1,assert
acme:database_column:acme-data-store-store-00005~f2525372bb40,database_column,acme,acme:data_store:store-00005~d9cb14e88d51,crm,crm_fact_00070,amount_008,322,false,confidential,false,2022-09-16T12:27:49Z,\N,2022-10-05T15:29:26Z,\N,1,assert
acme:database_column:acme-data-store-store-00002~d3f5702e69b0,database_column,acme,acme:data_store:store-00002~a544946a70d1,wh,wh_fact_00030,referrer_013,569,false,confidential,false,2022-08-24T16:42:15Z,\N,2022-10-05T19:25:12Z,\N,1,assert
acme:database_column:acme-data-store-store-00005~d33a3768afde,database_column,acme,acme:data_store:store-00005~d9cb14e88d51,iam,iam_fact_00122,source_ip_014,584,false,internal,false,2022-09-30T15:39:14Z,\N,2022-10-06T05:34:23Z,\N,1,assert
acme:database_column:acme-data-store-store-00004~50d390a8510f,database_column,acme,acme:data_store:store-00004~3f005a82b8d6,hr,hr_dim_00071,status_012,501,false,internal,false,2022-09-05T14:25:12Z,\N,2022-10-07T13:47:52Z,\N,1,assert
acme:database_column:acme-data-store-store-00041~0164f7e689fc,database_column,acme,acme:data_store:store-00041~3a94689d27db,finance,finance_dim_00079,user_agent_017,744,false,internal,true,2022-09-16T15:35:36Z,\N,2022-10-09T20:34:21Z,\N,1,assert
acme:database_column:acme-data-store-store-00004~fb52a914424c,database_column,acme,acme:data_store:store-00004~3f005a82b8d6,wh,wh_dim_00023,sso_flag_010,440,false,confidential,true,2022-09-26T20:52:53Z,\N,2022-10-10T15:29:55Z,\N,1,assert
acme:database_column:acme-data-store-store-00000~c813b25449a8,database_column,acme,acme:data_store:store-00000~199fa6b0c449,wh,wh_dim_00119,amount_020,850,false,confidential,true,2022-09-09T02:04:30Z,\N,2022-10-10T10:15:15Z,\N,1,assert
acme:database_column:acme-data-store-store-00001~4508d0129d60,database_column,acme,acme:data_store:store-00001~f3e021452766,crm,crm_fact_00096,amount_017,718,false,confidential,false,2022-09-02T22:18:38Z,\N,2022-10-11T04:32:31Z,\N,1,assert
acme:database_column:acme-data-store-store-00041~f3a4f5b2b987,database_column,acme,acme:data_store:store-00041~3a94689d27db,crm,crm_fact_00041,ip_address_log_020,849,true,pii,true,2022-09-25T20:41:44Z,\N,2022-10-11T17:18:16Z,\N,1,assert
acme:database_column:acme-data-store-store-00005~e344145002b7,database_column,acme,acme:data_store:store-00005~d9cb14e88d51,crm,crm_fact_00070,phone_007,285,true,pii,true,2022-10-15T02:09:53Z,\N,2022-10-15T02:09:53Z,\N,1,assert
acme:database_column:acme-data-store-store-00000~7b17790addc6,database_column,acme,acme:data_store:store-00000~199fa6b0c449,sales,sales_dim_00076,login_history_012,513,true,pii,true,2022-10-15T18:54:21Z,\N,2022-10-18T18:08:03Z,\N,1,assert
acme:database_column:acme-data-store-store-00003~b372149baeaf,database_column,acme,acme:data_store:store-00003~355a60161960,crm,crm_fact_00003,checksum_015,644,false,confidential,true,2022-10-01T10:51:49Z,\N,2022-10-23T16:46:45Z,\N,1,assert
acme:database_column:acme-data-store-store-00002~4534b157b1d6,database_column,acme,acme:data_store:store-00002~a544946a70d1,finance,finance_fact_00049,score_008,343,false,internal,false,2022-10-09T11:24:50Z,\N,2022-10-24T11:11:31Z,\N,1,assert
acme:database_column:acme-data-store-store-00042~f67abc805af8,database_column,acme,acme:data_store:store-00042~20df4870412d,crm,crm_fact_00064,notes_024,1044,false,public,false,2022-09-12T12:41:47Z,\N,2022-10-24T22:32:49Z,\N,1,assert
acme:database_column:acme-data-store-store-00000~75c24839cfae,database_column,acme,acme:data_store:store-00000~199fa6b0c449,sales,sales_dim_00076,label_018,781,false,internal,true,2022-09-20T01:06:57Z,\N,2022-10-25T19:36:41Z,\N,1,assert
acme:database_column:acme-data-store-store-00002~edca29588a29,database_column,acme,acme:data_store:store-00002~a544946a70d1,finance,finance_fact_00049,account_id_004,135,false,confidential,false,2022-10-26T11:12:30Z,\N,2022-10-26T11:12:30Z,\N,1,assert
acme:database_column:acme-data-store-store-00002~c5afe2e226a1,database_column,acme,acme:data_store:store-00002~a544946a70d1,finance,finance_fact_00049,national_id_017,706,true,pii,false,2022-09-16T02:38:38Z,\N,2022-10-27T13:02:47Z,\N,1,assert
acme:database_column:acme-data-store-store-00015~a66d799312b5,database_column,acme,acme:data_store:store-00015~b90744b8b425,sales,sales_fact_00022,emergency_contact_012,526,true,pii,false,2022-10-19T18:47:43Z,\N,2022-10-28T18:11:25Z,\N,1,assert
acme:database_column:acme-data-store-store-00053~5663b5398b36,database_column,acme,acme:data_store:store-00053~cfc974814be8,hr,hr_fact_00033,label_013,561,false,public,false,2022-09-17T07:33:42Z,\N,2022-10-28T11:44:52Z,\N,1,assert
acme:database_column:acme-data-store-store-00035~00fe671dd6db,database_column,acme,acme:data_store:store-00035~61a4f2d1a91f,wh,wh_fact_00011,severity_001,24,false,public,false,2022-10-17T10:45:52Z,\N,2022-10-30T10:44:12Z,\N,1,assert
acme:database_column:acme-data-store-store-00030~8e6a481f7e4a,database_column,acme,acme:data_store:store-00030~7cf56a2d81dd,wh,wh_fact_00088,medical_notes_003,112,true,pii,true,2022-09-22T10:20:16Z,\N,2022-10-31T14:31:09Z,\N,1,assert
acme:database_column:acme-data-store-store-00005~726472650272,database_column,acme,acme:data_store:store-00005~d9cb14e88d51,finance,finance_dim_00075,channel_005,194,\N,\N,\N,2022-10-13T01:38:31Z,\N,2022-11-01T05:58:18Z,\N,1,assert
acme:database_column:acme-data-store-store-00001~f5d411722724,database_column,acme,acme:data_store:store-00001~f3e021452766,sales,sales_fact_00019,notes_006,252,false,confidential,false,2022-10-13T11:18:02Z,\N,2022-11-08T07:15:45Z,\N,1,assert
acme:database_column:acme-data-store-store-00035~e235cce0c599,database_column,acme,acme:data_store:store-00035~61a4f2d1a91f,wh,wh_fact_00011,login_history_001,14,true,pii,true,2022-10-01T22:46:22Z,\N,2022-11-09T13:26:18Z,\N,1,assert
acme:database_column:acme-data-store-store-00015~21eb82535ec1,database_column,acme,acme:data_store:store-00015~b90744b8b425,sales,sales_fact_00022,emergency_contact_018,790,\N,\N,\N,2022-10-29T01:55:47Z,\N,2022-11-11T04:41:09Z,\N,1,assert
acme:database_column:acme-data-store-store-00003~61e8949ef468,database_column,acme,acme:data_store:store-00003~355a60161960,finance,finance_fact_00025,sso_flag_011,484,false,confidential,false,2022-11-01T09:31:00Z,\N,2022-11-15T11:47:41Z,\N,1,assert
acme:database_column:acme-data-store-store-00015~705179a4f6f5,database_column,acme,acme:data_store:store-00015~b90744b8b425,sales,sales_fact_00022,dest_ip_008,321,\N,\N,\N,2022-10-06T15:37:11Z,\N,2022-11-16T15:16:39Z,\N,1,assert
acme:database_column:acme-data-store-store-00002~de71651554d7,database_column,acme,acme:data_store:store-00002~a544946a70d1,wh,wh_fact_00030,source_ip_012,496,false,confidential,true,2022-10-10T20:30:03Z,\N,2022-11-22T02:21:37Z,\N,1,assert
acme:database_column:acme-data-store-store-00005~1512f85da5dc,database_column,acme,acme:data_store:store-00005~d9cb14e88d51,finance,finance_dim_00075,agent_version_014,599,false,internal,true,2022-11-12T12:14:16Z,\N,2022-12-01T11:47:31Z,\N,1,assert
acme:database_column:acme-data-store-store-00001~f69816701281,database_column,acme,acme:data_store:store-00001~f3e021452766,finance,finance_fact_00112,login_history_004,146,true,pii,true,2022-10-20T12:33:51Z,\N,2022-12-02T11:37:23Z,\N,1,assert
acme:database_column:acme-data-store-store-00003~02958eec063a,database_column,acme,acme:data_store:store-00003~355a60161960,crm,crm_fact_00003,updated_at_012,514,false,confidential,true,2022-11-10T21:49:09Z,\N,2022-12-03T15:21:33Z,\N,1,assert
acme:database_column:acme-data-store-store-00045~69321863b0c0,database_column,acme,acme:data_store:store-00045~bcae1cb7a646,sales,sales_dim_00009,duration_ms_015,652,\N,\N,\N,2022-11-10T07:50:22Z,\N,2022-12-03T12:55:47Z,\N,1,assert
acme:database_column:acme-data-store-store-00004~6981415e4452,database_column,acme,acme:data_store:store-00004~3f005a82b8d6,sales,sales_dim_00113,national_id_001,17,true,pii,true,2022-11-09T09:02:27Z,\N,2022-12-04T19:36:55Z,\N,1,assert
acme:database_column:acme-data-store-store-00002~4f771d64f583,database_column,acme,acme:data_store:store-00002~a544946a70d1,finance,finance_fact_00049,invoice_id_022,933,false,public,false,2022-11-15T19:34:12Z,\N,2022-12-06T09:42:44Z,\N,1,assert
acme:database_column:acme-data-store-store-00035~86951acf8042,database_column,acme,acme:data_store:store-00035~61a4f2d1a91f,wh,wh_fact_00011,status_005,193,false,public,false,2022-12-05T14:17:48Z,\N,2022-12-07T18:37:13Z,\N,1,assert
acme:database_column:acme-data-store-store-00001~fcafe59cc499,database_column,acme,acme:data_store:store-00001~f3e021452766,finance,finance_fact_00112,team_id_008,315,false,public,false,2022-11-02T22:52:02Z,\N,2022-12-09T23:44:18Z,\N,1,assert
acme:database_column:acme-data-store-store-00002~0f29b201d0f7,database_column,acme,acme:data_store:store-00002~a544946a70d1,finance,finance_fact_00049,status_017,721,false,public,true,2022-11-30T13:36:09Z,\N,2022-12-10T08:41:00Z,\N,1,assert
acme:database_column:acme-data-store-store-00041~d25a1e986a55,database_column,acme,acme:data_store:store-00041~3a94689d27db,crm,crm_fact_00041,referrer_015,657,false,internal,false,2022-11-27T13:21:57Z,\N,2022-12-14T00:01:00Z,\N,1,assert
acme:database_column:acme-data-store-store-00045~eca77ff2cb5e,database_column,acme,acme:data_store:store-00045~bcae1cb7a646,sales,sales_dim_00009,os_version_016,686,false,public,false,2022-12-10T08:37:06Z,\N,2022-12-14T00:39:40Z,\N,1,assert
acme:database_column:acme-data-store-store-00004~cdb6046366bf,database_column,acme,acme:data_store:store-00004~3f005a82b8d6,finance,finance_dim_00067,user_agent_013,568,false,confidential,true,2022-11-13T11:06:58Z,\N,2022-12-15T22:12:54Z,\N,1,assert
acme:database_column:acme-data-store-store-00002~5503add75123,database_column,acme,acme:data_store:store-00002~a544946a70d1,finance,finance_fact_00049,product_id_005,181,false,public,true,2022-11-09T20:38:00Z,\N,2022-12-23T05:54:32Z,\N,1,assert
acme:database_column:acme-data-store-store-00002~ef0ff41ae44f,database_column,acme,acme:data_store:store-00002~a544946a70d1,hr,hr_fact_00004,severity_008,332,false,internal,true,2022-11-21T21:04:38Z,\N,2022-12-23T18:45:31Z,\N,1,assert
acme:database_column:acme-data-store-store-00001~30bf76646eb5,database_column,acme,acme:data_store:store-00001~f3e021452766,sales,sales_fact_00019,dest_ip_014,585,false,public,true,2022-12-17T14:50:29Z,\N,2022-12-24T22:23:40Z,\N,1,assert
acme:database_column:acme-data-store-store-00002~20f07d369ddb,database_column,acme,acme:data_store:store-00002~a544946a70d1,wh,wh_fact_00030,sso_provider_014,614,false,public,false,2022-12-13T07:33:38Z,\N,2022-12-25T21:25:24Z,\N,1,assert
acme:database_column:acme-data-store-store-00001~e00bd2847adb,database_column,acme,acme:data_store:store-00001~f3e021452766,ops,ops_fact_00008,source_ip_019,804,false,confidential,true,2022-11-18T20:43:12Z,\N,2022-12-26T22:32:06Z,\N,1,assert
acme:database_column:acme-data-store-store-00004~7aaf9cc8c3e8,database_column,acme,acme:data_store:store-00004~3f005a82b8d6,finance,finance_dim_00067,status_023,985,false,confidential,true,2022-11-18T16:09:33Z,\N,2022-12-31T16:40:58Z,\N,1,assert
acme:database_column:acme-data-store-store-00041~521ab62c9775,database_column,acme,acme:data_store:store-00041~3a94689d27db,crm,crm_fact_00041,score_003,123,false,internal,true,2022-11-22T09:16:51Z,\N,2023-01-01T12:15:07Z,\N,1,assert
acme:database_column:acme-data-store-store-00000~110bfec7066e,database_column,acme,acme:data_store:store-00000~199fa6b0c449,ops,ops_dim_00115,created_at_004,161,false,internal,true,2022-12-10T04:18:48Z,\N,2023-01-02T08:39:57Z,\N,1,assert
acme:database_column:acme-data-store-store-00000~b391a39b7243,database_column,acme,acme:data_store:store-00000~199fa6b0c449,ops,ops_dim_00115,policy_id_016,683,false,internal,false,2022-11-23T14:33:29Z,\N,2023-01-02T09:54:22Z,\N,1,assert
acme:database_column:acme-data-store-store-00000~c895b6eb9476,database_column,acme,acme:data_store:store-00000~199fa6b0c449,hr,employee,team_id_007,271,false,confidential,false,2022-12-09T11:02:34Z,\N,2023-01-03T13:10:20Z,\N,1,assert
acme:database_column:acme-data-store-store-00000~e9c09d9b8b0d,database_column,acme,acme:data_store:store-00000~199fa6b0c449,hr,employee,notes_010,428,false,internal,false,2022-11-22T09:58:07Z,\N,2023-01-04T17:03:00Z,\N,1,assert
acme:database_column:acme-data-store-store-00005~30c0f9a278ba,database_column,acme,acme:data_store:store-00005~d9cb14e88d51,iam,iam_fact_00122,os_version_020,862,false,internal,false,2022-12-09T23:17:30Z,\N,2023-01-07T06:49:10Z,\N,1,assert
acme:database_column:acme-data-store-store-00042~d96f55b29238,database_column,acme,acme:data_store:store-00042~20df4870412d,finance,finance_fact_00039,agent_version_007,291,false,confidential,false,2023-01-01T09:20:02Z,\N,2023-01-13T01:54:56Z,\N,1,assert
acme:database_column:acme-data-store-store-00000~e27222d5a84c,database_column,acme,acme:data_store:store-00000~199fa6b0c449,ops,ops_fact_00002,phone_023,989,true,pii,true,2022-12-29T04:59:25Z,\N,2023-01-13T22:37:55Z,\N,1,assert
acme:database_column:acme-data-store-store-00000~bf41c5ea6e7b,database_column,acme,acme:data_store:store-00000~199fa6b0c449,ops,ops_fact_00002,user_agent_009,392,false,confidential,true,2023-01-04T11:00:42Z,\N,2023-01-15T23:24:02Z,\N,1,assert
acme:database_column:acme-data-store-store-00015~2c7757bbf1f1,database_column,acme,acme:data_store:store-00015~b90744b8b425,sales,sales_fact_00022,sso_flag_017,748,false,confidential,false,2023-01-06T14:09:26Z,\N,2023-01-15T12:13:25Z,\N,1,assert
acme:database_column:acme-data-store-store-00004~ef5760133e58,database_column,acme,acme:data_store:store-00004~3f005a82b8d6,finance,finance_dim_00067,updated_at_001,30,false,internal,false,2022-12-15T02:13:03Z,\N,2023-01-18T00:49:20Z,\N,1,assert
acme:database_column:acme-data-store-store-00019~1bcd50d6811d,database_column,acme,acme:data_store:store-00019~5a4a474c1de7,iam,iam_fact_00054,role_id_024,1034,false,public,true,2023-01-01T15:31:50Z,\N,2023-01-24T23:26:51Z,\N,1,assert
acme:database_column:acme-data-store-store-00035~65a87a2f1f51,database_column,acme,acme:data_store:store-00035~61a4f2d1a91f,wh,wh_fact_00011,team_id_003,95,false,confidential,false,2022-12-29T12:31:20Z,\N,2023-01-26T00:21:13Z,\N,1,assert
acme:database_column:acme-data-store-store-00003~027e0be746a2,database_column,acme,acme:data_store:store-00003~355a60161960,finance,finance_fact_00025,salary_025,1078,true,pii,true,2022-12-26T18:43:16Z,\N,2023-01-28T17:28:37Z,\N,1,assert
acme:database_column:acme-data-store-store-00005~00718b20d52c,database_column,acme,acme:data_store:store-00005~d9cb14e88d51,sales,sales_fact_00058,user_agent_018,788,false,internal,false,2022-12-23T03:38:24Z,\N,2023-02-01T04:15:04Z,\N,1,assert
acme:database_column:acme-data-store-store-00001~6831bc3038ab,database_column,acme,acme:data_store:store-00001~f3e021452766,crm,crm_fact_00096,event_ts_023,970,false,public,false,2023-01-21T07:56:05Z,\N,2023-02-02T16:09:28Z,\N,1,assert
acme:database_column:acme-data-store-store-00030~516e37c526f8,database_column,acme,acme:data_store:store-00030~7cf56a2d81dd,wh,wh_fact_00088,sso_provider_010,438,false,public,false,2022-12-29T02:27:30Z,\N,2023-02-05T12:43:36Z,\N,1,assert
acme:database_column:acme-data-store-store-00005~f5d38da50147,database_column,acme,acme:data_store:store-00005~d9cb14e88d51,ops,legacy_events,segment_014,592,\N,\N,\N,2023-01-07T00:38:38Z,\N,2023-02-05T17:50:56Z,\N,1,assert
acme:database_column:acme-data-store-store-00001~fb69a44e508e,database_column,acme,acme:data_store:store-00001~f3e021452766,crm,crm_fact_00096,agent_version_005,203,false,internal,true,2023-02-05T23:06:56Z,\N,2023-02-07T20:12:59Z,\N,1,assert
acme:database_column:acme-data-store-store-00001~4f397a663490,database_column,acme,acme:data_store:store-00001~f3e021452766,sales,sales_fact_00019,policy_id_001,23,false,public,true,2023-01-11T03:16:23Z,\N,2023-02-10T06:29:55Z,\N,1,assert
acme:database_column:acme-data-store-store-00000~bf768606aebb,database_column,acme,acme:data_store:store-00000~199fa6b0c449,ops,ops_dim_00115,dest_ip_005,189,false,internal,false,2023-02-10T00:16:36Z,\N,2023-02-12T00:23:57Z,\N,1,assert
acme:database_column:acme-data-store-store-00002~6a36db999371,database_column,acme,acme:data_store:store-00002~a544946a70d1,wh,wh_fact_00030,channel_010,414,false,internal,false,2023-02-08T06:56:49Z,\N,2023-02-16T07:54:49Z,\N,1,assert
acme:database_column:acme-data-store-store-00004~455e2e6c1a4e,database_column,acme,acme:data_store:store-00004~3f005a82b8d6,hr,hr_dim_00071,national_id_019,794,true,pii,false,2023-01-07T04:44:34Z,\N,2023-02-18T11:49:28Z,\N,1,assert
acme:database_column:acme-data-store-store-00002~eb6b3019f384,database_column,acme,acme:data_store:store-00002~a544946a70d1,finance,finance_fact_00049,account_id_005,179,false,public,true,2023-02-10T20:30:58Z,\N,2023-02-19T05:49:25Z,\N,1,assert
acme:database_column:acme-data-store-store-00003~b230128d3555,database_column,acme,acme:data_store:store-00003~355a60161960,crm,crm_dim_00105,site_id_010,402,false,confidential,true,2023-01-29T15:04:14Z,\N,2023-02-19T12:27:52Z,\N,1,assert
acme:database_column:acme-data-store-store-00000~f926c5e2b13a,database_column,acme,acme:data_store:store-00000~199fa6b0c449,sales,sales_dim_00076,sso_flag_024,1056,false,public,true,2023-01-25T10:46:37Z,\N,2023-02-21T12:25:47Z,\N,1,assert
acme:database_column:acme-data-store-store-00001~5b276a108a06,database_column,acme,acme:data_store:store-00001~f3e021452766,sales,sales_fact_00019,ssn_020,837,true,pii,false,2023-01-16T07:14:01Z,\N,2023-02-25T17:56:35Z,\N,1,assert
acme:database_column:acme-data-store-store-00005~70a609cf1c01,database_column,acme,acme:data_store:store-00005~d9cb14e88d51,crm,crm_fact_00070,event_id_007,265,false,public,true,2023-02-21T03:23:40Z,\N,2023-02-27T22:36:41Z,\N,1,assert
acme:database_column:acme-data-store-store-00001~4055406eb91a,database_column,acme,acme:data_store:store-00001~f3e021452766,finance,finance_fact_00112,bank_account_007,302,true,pii,false,2023-01-26T13:35:31Z,\N,2023-03-02T14:29:11Z,\N,1,assert
acme:database_column:acme-data-store-store-00000~ac5819c5a4d4,database_column,acme,acme:data_store:store-00000~199fa6b0c449,hr,employee,severity_025,1080,false,confidential,true,2023-03-03T00:53:10Z,\N,2023-03-03T00:53:10Z,\N,1,assert
acme:database_column:acme-data-store-store-00003~0cbfebf4bb5a,database_column,acme,acme:data_store:store-00003~355a60161960,sales,sales_fact_00107,currency_007,279,false,public,true,2023-02-26T13:53:16Z,\N,2023-03-04T13:09:47Z,\N,1,assert
acme:database_column:acme-data-store-store-00000~91ee0a7b93f7,database_column,acme,acme:data_store:store-00000~199fa6b0c449,wh,wh_dim_00119,duration_ms_022,960,false,confidential,false,2023-02-15T20:22:45Z,\N,2023-03-04T17:57:41Z,\N,1,assert
acme:database_column:acme-data-store-store-00003~eb68bd959ae8,database_column,acme,acme:data_store:store-00003~355a60161960,sales,sales_dim_00127,tax_id_001,26,true,pii,false,2023-02-01T03:58:42Z,\N,2023-03-11T02:57:50Z,\N,1,assert
acme:database_column:acme-data-store-store-00019~343daaeb948f,database_column,acme,acme:data_store:store-00019~5a4a474c1de7,iam,iam_fact_00054,tax_id_012,495,true,pii,false,2023-03-13T18:24:06Z,\N,2023-03-13T18:24:06Z,\N,1,assert
acme:database_column:acme-data-store-store-00042~14fbbe5e6d8d,database_column,acme,acme:data_store:store-00042~20df4870412d,finance,finance_fact_00039,source_ip_022,936,false,confidential,true,2023-02-24T20:55:57Z,\N,2023-03-20T08:21:14Z,\N,1,assert
acme:database_column:acme-data-store-store-00005~497c94d11bb2,database_column,acme,acme:data_store:store-00005~d9cb14e88d51,iam,iam_fact_00073,bytes_in_002,81,false,confidential,true,2023-03-20T16:19:13Z,\N,2023-03-22T12:30:56Z,\N,1,assert
acme:database_column:acme-data-store-store-00003~cdd322ca07cf,database_column,acme,acme:data_store:store-00003~355a60161960,crm,crm_fact_00003,passport_number_019,802,true,pii,true,2023-02-23T16:04:46Z,\N,2023-03-25T07:27:53Z,\N,1,assert
acme:database_column:acme-data-store-store-00042~03e9f8b4148e,database_column,acme,acme:data_store:store-00042~20df4870412d,crm,crm_fact_00064,product_id_016,665,false,internal,true,2023-03-01T23:18:38Z,\N,2023-03-30T14:51:35Z,\N,1,assert
acme:database_column:acme-data-store-store-00006~ef73cb6f30af,database_column,acme,acme:data_store:store-00006~cefd6d6f83c8,crm,crm_fact_00038,http_status_017,743,false,confidential,true,2023-04-02T01:41:38Z,\N,2023-04-08T06:05:18Z,\N,1,assert
acme:database_column:acme-data-store-store-00002~3eb7a5023fe9,database_column,acme,acme:data_store:store-00002~a544946a70d1,wh,wh_fact_00030,customer_id_014,576,false,internal,true,2023-03-08T05:25:47Z,\N,2023-04-12T05:51:12Z,\N,1,assert
acme:database_column:acme-data-store-store-00001~792cfbc409fa,database_column,acme,acme:data_store:store-00001~f3e021452766,ops,ops_fact_00008,policy_id_019,815,false,public,false,2023-03-14T07:54:56Z,\N,2023-04-21T21:39:09Z,\N,1,assert
acme:database_column:acme-data-store-store-00019~4a3da8c08162,database_column,acme,acme:data_store:store-00019~5a4a474c1de7,iam,iam_fact_00054,ticket_id_025,1066,false,public,false,2023-04-06T11:53:10Z,\N,2023-04-25T16:01:20Z,\N,1,assert
acme:database_column:acme-data-store-store-00005~b0bda8ca0acc,database_column,acme,acme:data_store:store-00005~d9cb14e88d51,iam,iam_fact_00073,product_id_009,357,false,confidential,true,2023-04-01T18:45:21Z,\N,2023-04-27T14:26:48Z,\N,1,assert
acme:database_column:acme-data-store-store-00002~b485cd95a10e,database_column,acme,acme:data_store:store-00002~a544946a70d1,hr,hr_fact_00004,amount_003,102,false,confidential,false,2023-03-17T05:48:41Z,\N,2023-04-30T13:04:58Z,\N,1,assert
acme:database_column:acme-data-store-store-00035~93422c80b633,database_column,acme,acme:data_store:store-00035~61a4f2d1a91f,wh,wh_fact_00011,role_id_001,22,false,public,false,2023-04-03T22:29:48Z,\N,2023-05-01T22:35:23Z,\N,1,assert
acme:database_column:acme-data-store-store-00041~a1c50e6d8392,database_column,acme,acme:data_store:store-00041~3a94689d27db,crm,crm_fact_00041,checksum_001,28,false,public,false,2023-04-19T16:47:17Z,\N,2023-05-01T11:12:09Z,\N,1,assert
acme:database_column:acme-data-store-store-00005~6006838041b9,database_column,acme,acme:data_store:store-00005~d9cb14e88d51,finance,finance_dim_00075,channel_018,766,false,public,false,2023-03-20T08:12:18Z,\N,2023-05-02T01:10:45Z,\N,1,assert
acme:database_column:acme-data-store-store-00005~f7872e114acd,database_column,acme,acme:data_store:store-00005~d9cb14e88d51,ops,legacy_events,amount_025,1070,false,public,false,2023-03-20T16:38:41Z,\N,2023-05-02T14:01:33Z,\N,1,assert
acme:database_column:acme-data-store-store-00015~9966ec41f5f6,database_column,acme,acme:data_store:store-00015~b90744b8b425,sales,sales_fact_00022,score_005,211,false,confidential,false,2023-04-16T20:40:07Z,\N,2023-05-05T07:35:59Z,\N,1,assert
acme:database_column:acme-data-store-store-00019~14e1c0b14514,database_column,acme,acme:data_store:store-00019~5a4a474c1de7,iam,iam_fact_00054,phone_019,798,true,pii,true,2023-04-26T08:31:35Z,\N,2023-05-08T20:36:59Z,\N,1,assert
acme:database_column:acme-data-store-store-00005~393328124026,database_column,acme,acme:data_store:store-00005~d9cb14e88d51,sales,sales_fact_00058,user_id_002,65,false,confidential,true,2023-04-18T12:21:20Z,\N,2023-05-11T13:28:46Z,\N,1,assert
acme:database_column:acme-data-store-store-00004~c9718186f8c0,database_column,acme,acme:data_store:store-00004~3f005a82b8d6,wh,wh_dim_00023,home_address_015,650,true,pii,false,2023-04-01T04:43:20Z,\N,2023-05-12T09:34:35Z,\N,1,assert
acme:database_column:acme-data-store-store-00002~b93fea238ee8,database_column,acme,acme:data_store:store-00002~a544946a70d1,sales,sales_dim_00095,tax_id_009,363,true,pii,false,2023-04-22T10:50:20Z,\N,2023-05-19T11:31:11Z,\N,1,assert
acme:database_column:acme-data-store-store-00045~026a1cbc893f,database_column,acme,acme:data_store:store-00045~bcae1cb7a646,sales,sales_dim_00009,created_at_009,381,false,internal,true,2023-04-17T01:48:34Z,\N,2023-05-28T14:28:02Z,\N,1,assert
acme:database_column:acme-data-store-store-00000~f1c12158a7d3,database_column,acme,acme:data_store:store-00000~199fa6b0c449,ops,ops_dim_00115,checksum_023,996,false,internal,true,2023-05-10T16:13:44Z,\N,2023-05-28T12:50:57Z,\N,1,assert
acme:database_column:acme-data-store-store-00001~89c2e4a7d0df,database_column,acme,acme:data_store:store-00001~f3e021452766,ops,ops_fact_00008,invoice_id_016,669,false,internal,true,2023-05-07T11:12:34Z,\N,2023-05-29T11:54:59Z,\N,1,assert
acme:database_column:acme-data-store-store-00041~2fbd058edf41,database_column,acme,acme:data_store:store-00041~3a94689d27db,crm,crm_fact_00041,hostname_017,729,false,public,false,2023-05-12T16:05:01Z,\N,2023-06-03T02:01:11Z,\N,1,assert
acme:database_column:acme-data-store-store-00000~7d6605e64ac1,database_column,acme,acme:data_store:store-00000~199fa6b0c449,ops,ops_dim_00115,team_id_012,491,false,public,false,2023-05-20T07:29:49Z,\N,2023-06-07T06:38:41Z,\N,1,assert
acme:database_column:acme-data-store-store-00000~8bb5710d3966,database_column,acme,acme:data_store:store-00000~199fa6b0c449,wh,wh_dim_00119,medical_notes_012,523,true,pii,true,2023-06-05T02:36:07Z,\N,2023-06-11T00:49:44Z,\N,1,assert
acme:database_column:acme-data-store-store-00005~edf1f68d31a5,database_column,acme,acme:data_store:store-00005~d9cb14e88d51,finance,finance_dim_00075,salary_022,931,true,pii,true,2023-05-12T12:01:54Z,\N,2023-06-13T22:48:54Z,\N,1,assert
acme:database_column:acme-data-store-store-00005~edc9c2b765b1,database_column,acme,acme:data_store:store-00005~d9cb14e88d51,finance,finance_dim_00075,ticket_id_011,450,false,internal,false,2023-06-02T02:22:30Z,\N,2023-06-15T06:49:04Z,\N,1,assert
acme:database_column:acme-data-store-store-00000~063a624ff98b,database_column,acme,acme:data_store:store-00000~199fa6b0c449,hr,employee,event_id_005,177,\N,\N,\N,2023-05-22T07:20:34Z,\N,2023-06-30T09:53:44Z,\N,1,assert
acme:database_column:acme-data-store-store-00041~81cf185e8b26,database_column,acme,acme:data_store:store-00041~3a94689d27db,finance,finance_dim_00079,source_ip_015,628,false,internal,false,2023-06-21T02:54:10Z,\N,2023-07-14T03:50:01Z,\N,1,assert
acme:database_column:acme-data-store-store-00001~331e64ac1ae1,database_column,acme,acme:data_store:store-00001~f3e021452766,finance,finance_fact_00112,referrer_011,481,false,confidential,false,2023-07-14T03:35:38Z,\N,2023-07-15T08:10:58Z,\N,1,assert
acme:database_column:acme-data-store-store-00003~1a5989ec9aaa,database_column,acme,acme:data_store:store-00003~355a60161960,sales,sales_fact_00107,mfa_flag_007,307,false,confidential,true,2023-06-20T09:40:38Z,\N,2023-07-16T11:04:11Z,\N,1,assert
acme:database_column:acme-data-store-store-00015~9c1d1933f6fa,database_column,acme,acme:data_store:store-00015~b90744b8b425,sales,sales_fact_00022,event_ts_010,398,false,confidential,false,2023-06-15T20:26:42Z,\N,2023-07-20T00:53:22Z,\N,1,assert
acme:database_column:acme-data-store-store-00042~9de6ac5ac89f,database_column,acme,acme:data_store:store-00042~20df4870412d,finance,finance_fact_00039,amount_023,982,\N,\N,\N,2023-06-23T00:10:31Z,\N,2023-07-24T00:49:24Z,\N,1,assert
acme:database_column:acme-data-store-store-00002~7a1920c05f02,database_column,acme,acme:data_store:store-00002~a544946a70d1,wh,wh_fact_00030,currency_004,147,false,public,true,2023-06-26T18:15:14Z,\N,2023-07-26T04:16:44Z,\N,1,assert
acme:database_column:acme-data-store-store-00053~a1adc0c12dda,database_column,acme,acme:data_store:store-00053~cfc974814be8,hr,hr_fact_00033,agent_version_009,379,false,confidential,true,2023-06-30T13:04:19Z,\N,2023-07-28T06:27:52Z,\N,1,assert
acme:database_column:acme-data-store-store-00000~1c2cfd7887f5,database_column,acme,acme:data_store:store-00000~199fa6b0c449,wh,wh_dim_00119,sso_flag_021,924,false,internal,false,2023-06-26T04:49:45Z,\N,2023-08-06T21:15:02Z,\N,1,assert
acme:database_column:acme-data-store-store-00001~30ddcf0b5fc5,database_column,acme,acme:data_store:store-00001~f3e021452766,sales,sales_fact_00019,tax_id_010,422,true,pii,false,2023-07-13T01:46:13Z,\N,2023-08-11T23:42:40Z,\N,1,assert
acme:database_column:acme-data-store-store-00000~89c696a7ce15,database_column,acme,acme:data_store:store-00000~199fa6b0c449,sales,sales_dim_00076,bytes_in_016,697,false,confidential,false,2023-07-02T09:33:27Z,\N,2023-08-14T15:22:40Z,\N,1,assert
acme:database_column:acme-data-store-store-00002~515424b77772,database_column,acme,acme:data_store:store-00002~a544946a70d1,finance,finance_fact_00049,user_id_011,461,false,public,true,2023-07-17T23:10:45Z,\N,2023-08-18T04:58:40Z,\N,1,assert
acme:database_column:acme-data-store-store-00004~25cf034189ad,database_column,acme,acme:data_store:store-00004~3f005a82b8d6,sales,sales_dim_00113,source_ip_001,12,false,internal,true,2023-07-09T07:54:20Z,\N,2023-08-20T06:44:55Z,\N,1,assert
acme:database_column:acme-data-store-store-00005~dd1068a250bb,database_column,acme,acme:data_store:store-00005~d9cb14e88d51,iam,iam_fact_00073,severity_005,200,false,confidential,true,2023-07-28T15:30:54Z,\N,2023-08-20T07:01:43Z,\N,1,assert
acme:database_column:acme-data-store-store-00005~8140a454e227,database_column,acme,acme:data_store:store-00005~d9cb14e88d51,finance,finance_dim_00075,is_deleted_016,691,false,public,false,2023-08-16T10:18:00Z,\N,2023-08-23T20:17:52Z,\N,1,assert
acme:database_column:acme-data-store-store-00035~ae61a543873c,database_column,acme,acme:data_store:store-00035~61a4f2d1a91f,wh,wh_fact_00011,is_deleted_007,295,false,internal,true,2023-08-22T20:12:17Z,\N,2023-08-26T12:39:14Z,\N,1,assert
acme:database_column:acme-data-store-store-00003~8051315f128b,database_column,acme,acme:data_store:store-00003~355a60161960,finance,finance_fact_00025,user_agent_001,40,false,confidential,false,2023-07-18T12:55:32Z,\N,2023-08-27T07:26:15Z,\N,1,assert
acme:database_column:acme-data-store-store-00019~303f0a7ee75b,database_column,acme,acme:data_store:store-00019~5a4a474c1de7,iam,iam_fact_00054,date_of_birth_012,487,\N,\N,\N,2023-07-30T11:50:36Z,\N,2023-08-29T11:30:16Z,\N,1,assert
acme:database_column:acme-data-store-store-00001~85729a44ea06,database_column,acme,acme:data_store:store-00001~f3e021452766,ops,ops_fact_00008,source_ip_009,364,false,confidential,false,2023-07-24T03:16:56Z,\N,2023-08-30T06:31:02Z,\N,1,assert
acme:database_column:acme-data-store-store-00005~aae3596b9224,database_column,acme,acme:data_store:store-00005~d9cb14e88d51,crm,crm_fact_00070,date_of_birth_020,869,true,pii,false,2023-08-15T06:55:51Z,\N,2023-09-02T14:08:33Z,\N,1,assert
acme:database_column:acme-data-store-store-00000~bafc3023d0e1,database_column,acme,acme:data_store:store-00000~199fa6b0c449,ops,ops_dim_00115,duration_ms_007,300,false,confidential,false,2023-09-03T10:05:30Z,\N,2023-09-04T04:44:27Z,\N,1,assert
acme:database_column:acme-data-store-store-00027~d7bae222bdf1,database_column,acme,acme:data_store:store-00027~0c9d272f0960,wh,wh_fact_00101,event_ts_009,354,false,confidential,false,2023-07-31T09:42:55Z,\N,2023-09-06T02:02:25Z,\N,1,assert
acme:database_column:acme-data-store-store-00005~6fca92458159,database_column,acme,acme:data_store:store-00005~d9cb14e88d51,crm,crm_fact_00070,agent_version_016,687,false,confidential,false,2023-08-21T23:01:03Z,\N,2023-09-07T00:55:26Z,\N,1,assert
acme:database_column:acme-data-store-store-00003~f72e62dc8106,database_column,acme,acme:data_store:store-00003~355a60161960,sales,sales_fact_00107,duration_ms_024,1048,false,confidential,true,2023-08-21T23:51:56Z,\N,2023-09-08T01:02:46Z,\N,1,assert
acme:database_column:acme-data-store-store-00006~b3022b661f0a,database_column,acme,acme:data_store:store-00006~cefd6d6f83c8,crm,crm_fact_00038,session_id_025,1067,false,internal,true,2023-07-31T22:15:33Z,\N,2023-09-09T10:12:50Z,\N,1,assert
acme:database_column:acme-data-store-store-00005~237314f3e822,database_column,acme,acme:data_store:store-00005~d9cb14e88d51,iam,iam_fact_00122,quantity_018,764,false,public,true,2023-08-12T17:57:08Z,\N,2023-09-10T09:35:27Z,\N,1,assert
acme:database_column:acme-data-store-store-00015~10ce82611f35,database_column,acme,acme:data_store:store-00015~b90744b8b425,iam,iam_dim_00057,bytes_in_025,1093,false,internal,true,2023-08-26T11:24:02Z,\N,2023-09-10T09:33:18Z,\N,1,assert
acme:database_column:acme-data-store-store-00003~5ab4a0601180,database_column,acme,acme:data_store:store-00003~355a60161960,iam,iam_fact_00120,customer_id_021,884,false,confidential,true,2023-08-12T01:30:31Z,\N,2023-09-14T21:06:12Z,\N,1,assert
acme:database_column:acme-data-store-store-00002~4f05dc37c36d,database_column,acme,acme:data_store:store-00002~a544946a70d1,wh,wh_fact_00030,dest_ip_015,629,false,public,true,2023-09-05T08:19:18Z,\N,2023-09-18T14:15:56Z,\N,1,assert
acme:database_column:acme-data-store-store-00001~b05923589a44,database_column,acme,acme:data_store:store-00001~f3e021452766,ops,ops_fact_00008,dest_ip_023,981,false,confidential,true,2023-08-26T02:22:43Z,\N,2023-09-18T10:04:57Z,\N,1,assert
acme:database_column:acme-data-store-store-00003~e8f4c1c4d44f,database_column,acme,acme:data_store:store-00003~355a60161960,finance,finance_fact_00025,channel_021,898,false,confidential,true,2023-08-24T10:29:18Z,\N,2023-09-20T15:56:18Z,\N,1,assert
acme:database_column:acme-data-store-store-00045~28e9268898fc,database_column,acme,acme:data_store:store-00045~bcae1cb7a646,sales,sales_dim_00009,session_id_003,99,false,internal,true,2023-09-19T13:58:27Z,\N,2023-09-22T22:11:00Z,\N,1,assert
acme:database_column:acme-data-store-store-00015~2872ac147c67,database_column,acme,acme:data_store:store-00015~b90744b8b425,sales,sales_fact_00022,updated_at_019,822,\N,\N,\N,2023-09-12T06:56:36Z,\N,2023-09-22T07:18:19Z,\N,1,assert
acme:database_column:acme-data-store-store-00006~7ef56686ca2c,database_column,acme,acme:data_store:store-00006~cefd6d6f83c8,crm,crm_fact_00038,label_005,209,false,internal,true,2023-09-12T13:42:36Z,\N,2023-09-23T13:47:43Z,\N,1,assert
acme:database_column:acme-data-store-store-00042~5ff11597cf52,database_column,acme,acme:data_store:store-00042~20df4870412d,crm,crm_fact_00064,region_003,107,false,confidential,true,2023-09-01T07:29:59Z,\N,2023-09-24T14:43:30Z,\N,1,assert
acme:database_column:acme-data-store-store-00035~89af384fc069,database_column,acme,acme:data_store:store-00035~61a4f2d1a91f,wh,wh_fact_00011,label_008,341,\N,\N,\N,2023-09-03T13:25:36Z,\N,2023-09-25T19:13:10Z,\N,1,assert
acme:database_column:acme-data-store-store-00030~619c0c091f47,database_column,acme,acme:data_store:store-00030~7cf56a2d81dd,finance,finance_dim_00097,mfa_flag_003,131,false,confidential,false,2023-08-20T07:06:36Z,\N,2023-09-30T07:16:51Z,\N,1,assert
acme:database_column:acme-data-store-store-00015~d0957a899fa0,database_column,acme,acme:data_store:store-00015~b90744b8b425,sales,sales_fact_00022,sso_provider_022,966,false,public,false,2023-09-07T06:17:53Z,\N,2023-09-30T13:33:53Z,\N,1,assert
acme:database_column:acme-data-store-store-00002~b3b8e76cb4e7,database_column,acme,acme:data_store:store-00002~a544946a70d1,wh,wh_fact_00007,product_id_021,885,false,confidential,false,2023-09-18T00:53:28Z,\N,2023-10-03T18:27:11Z,\N,1,assert
acme:database_column:acme-data-store-store-00001~2452fb6d049a,database_column,acme,acme:data_store:store-00001~f3e021452766,finance,finance_fact_00112,notes_004,164,false,internal,true,2023-09-09T21:29:29Z,\N,2023-10-04T14:59:01Z,\N,1,assert
acme:database_column:acme-data-store-store-00005~7d9203e60ada,database_column,acme,acme:data_store:store-00005~d9cb14e88d51,sales,sales_fact_00058,email_014,607,true,pii,true,2023-09-13T20:18:14Z,\N,2023-10-04T00:54:04Z,\N,1,assert
acme:database_column:acme-data-store-store-00030~3a3a74c79284,database_column,acme,acme:data_store:store-00030~7cf56a2d81dd,wh,wh_fact_00088,source_ip_008,320,false,internal,false,2023-09-19T08:05:39Z,\N,2023-10-06T15:22:39Z,\N,1,assert
acme:database_column:acme-data-store-store-00001~370b40b4bfbe,database_column,acme,acme:data_store:store-00001~f3e021452766,finance,finance_fact_00112,home_address_001,19,true,pii,true,2023-08-31T00:38:05Z,\N,2023-10-09T03:49:05Z,\N,1,assert
acme:database_column:acme-data-store-store-00005~58e37df64f10,database_column,acme,acme:data_store:store-00005~d9cb14e88d51,iam,iam_fact_00122,home_address_023,1002,true,pii,true,2023-09-10T03:43:30Z,\N,2023-10-09T12:55:22Z,\N,1,assert
acme:database_column:acme-data-store-store-00042~6f80832efb1e,database_column,acme,acme:data_store:store-00042~20df4870412d,finance,finance_fact_00039,http_status_004,171,false,internal,true,2023-10-12T06:58:28Z,\N,2023-10-13T17:50:06Z,\N,1,assert
acme:database_column:acme-data-store-store-00002~a0d3bec1c635,database_column,acme,acme:data_store:store-00002~a544946a70d1,wh,wh_fact_00007,http_status_019,831,false,public,false,2023-09-20T14:57:28Z,\N,2023-10-14T21:33:46Z,\N,1,assert
acme:database_column:acme-data-store-store-00006~3cca38d44c71,database_column,acme,acme:data_store:store-00006~cefd6d6f83c8,crm,crm_fact_00038,policy_id_009,375,false,confidential,false,2023-09-11T18:51:25Z,\N,2023-10-16T16:50:06Z,\N,1,assert
acme:database_column:acme-data-store-store-00000~60e6cbc3b044,database_column,acme,acme:data_store:store-00000~199fa6b0c449,ops,ops_dim_00115,status_022,941,false,confidential,true,2023-09-11T20:31:00Z,\N,2023-10-16T17:17:40Z,\N,1,assert
acme:database_column:acme-data-store-store-00035~58d5bd03be5f,database_column,acme,acme:data_store:store-00035~61a4f2d1a91f,wh,wh_fact_00011,status_009,369,false,confidential,true,2023-09-18T02:53:53Z,\N,2023-10-17T02:26:34Z,\N,1,assert
acme:database_column:acme-data-store-store-00005~d87a752c06e5,database_column,acme,acme:data_store:store-00005~d9cb14e88d51,finance,finance_dim_00075,emergency_contact_004,144,true,pii,false,2023-10-18T21:34:01Z,\N,2023-10-18T21:34:01Z,\N,1,assert
acme:database_column:acme-data-store-store-00004~ca49c9c1a4f1,database_column,acme,acme:data_store:store-00004~3f005a82b8d6,finance,finance_dim_00067,email_017,709,\N,\N,\N,2023-10-18T21:07:54Z,\N,2023-10-22T12:52:58Z,\N,1,assert
acme:database_column:acme-data-store-store-00000~4e97ff8a6b7e,database_column,acme,acme:data_store:store-00000~199fa6b0c449,ops,ops_fact_00002,checksum_022,952,false,confidential,true,2023-09-21T23:26:20Z,\N,2023-10-22T03:24:18Z,\N,1,assert
acme:database_column:acme-data-store-store-00005~63f8677f1a79,database_column,acme,acme:data_store:store-00005~d9cb14e88d51,ops,legacy_events,status_004,149,false,public,true,2023-09-13T15:58:39Z,\N,2023-10-23T05:21:58Z,\N,1,assert
acme:database_column:acme-data-store-store-00002~55f8c2d52210,database_column,acme,acme:data_store:store-00002~a544946a70d1,finance,finance_fact_00049,notes_008,340,false,public,true,2023-10-06T16:33:06Z,\N,2023-10-23T10:53:30Z,\N,1,assert
acme:database_column:acme-data-store-store-00002~520a75752bc9,database_column,acme,acme:data_store:store-00002~a544946a70d1,hr,hr_fact_00004,segment_016,680,false,public,false,2023-10-23T06:20:20Z,\N,2023-10-26T23:09:38Z,\N,1,assert
acme:database_column:acme-data-store-store-00005~c795801afac9,database_column,acme,acme:data_store:store-00005~d9cb14e88d51,crm,crm_fact_00070,is_deleted_012,515,false,internal,false,2023-10-08T05:26:50Z,\N,2023-10-27T21:42:32Z,\N,1,assert
acme:database_column:acme-data-store-store-00027~8fd94ff8812c,database_column,acme,acme:data_store:store-00027~0c9d272f0960,wh,wh_fact_00101,sso_flag_018,792,false,public,false,2023-10-25T06:15:47Z,\N,2023-10-29T15:03:31Z,\N,1,assert
acme:database_column:acme-data-store-store-00035~aa3f4e4d31f9,database_column,acme,acme:data_store:store-00035~61a4f2d1a91f,iam,iam_fact_00086,http_status_023,1007,false,internal,false,2023-10-21T20:34:15Z,\N,2023-10-29T03:03:18Z,\N,1,assert
acme:database_column:acme-data-store-store-00002~e721932fbade,database_column,acme,acme:data_store:store-00002~a544946a70d1,hr,hr_fact_00004,quantity_001,16,false,internal,false,2023-10-20T20:24:41Z,\N,2023-10-30T08:37:57Z,\N,1,assert
acme:database_column:acme-data-store-store-00002~a6c4ad9fff8c,database_column,acme,acme:data_store:store-00002~a544946a70d1,hr,hr_fact_00004,national_id_019,824,true,pii,true,2023-09-18T01:51:40Z,\N,2023-10-31T13:51:07Z,\N,1,assert
acme:database_column:acme-data-store-store-00003~fdd2ac7529ac,database_column,acme,acme:data_store:store-00003~355a60161960,sales,sales_dim_00127,category_013,562,false,internal,true,2023-10-10T14:26:53Z,\N,2023-11-06T21:31:40Z,\N,1,assert
acme:database_column:acme-data-store-store-00002~6267652acd7e,database_column,acme,acme:data_store:store-00002~a544946a70d1,hr,hr_fact_00004,bytes_out_006,258,false,confidential,true,2023-10-12T13:51:14Z,\N,2023-11-07T21:20:49Z,\N,1,assert
acme:database_column:acme-data-store-store-00005~9915739c2858,database_column,acme,acme:data_store:store-00005~d9cb14e88d51,sales,sales_fact_00058,score_010,431,false,public,false,2023-10-16T10:19:29Z,\N,2023-11-08T21:24:33Z,\N,1,assert
acme:database_column:acme-data-store-store-00053~36e167da8ccd,database_column,acme,acme:data_store:store-00053~cfc974814be8,hr,hr_fact_00033,channel_016,678,false,internal,true,2023-09-25T05:15:19Z,\N,2023-11-08T07:35:27Z,\N,1,assert
acme:database_column:acme-data-store-store-00005~1277651db87d,database_column,acme,acme:data_store:store-00005~d9cb14e88d51,iam,iam_fact_00122,notes_016,692,\N,\N,\N,2023-11-08T13:36:47Z,\N,2023-11-13T00:35:10Z,\N,1,assert
acme:database_column:acme-data-store-store-00001~d927b811ff24,database_column,acme,acme:data_store:store-00001~f3e021452766,sales,sales_fact_00019,score_017,739,false,confidential,false,2023-11-13T14:34:23Z,\N,2023-11-15T15:04:40Z,\N,1,assert
acme:database_column:acme-data-store-store-00003~5920e28a8bd1,database_column,acme,acme:data_store:store-00003~355a60161960,iam,iam_fact_00120,emergency_contact_023,980,true,pii,true,2023-10-08T05:45:11Z,\N,2023-11-15T23:10:45Z,\N,1,assert
acme:database_column:acme-data-store-store-00002~ab973618bc5a,database_column,acme,acme:data_store:store-00002~a544946a70d1,hr,hr_fact_00004,os_version_025,1082,\N,\N,\N,2023-10-15T21:52:02Z,\N,2023-11-16T01:38:49Z,\N,1,assert
acme:database_column:acme-data-store-store-00053~e4fc6e36e7dc,database_column,acme,acme:data_store:store-00053~cfc974814be8,hr,hr_fact_00033,medical_notes_008,347,true,pii,false,2023-11-05T03:36:21Z,\N,2023-11-17T05:50:33Z,\N,1,assert
acme:database_column:acme-data-store-store-00004~c08b722045c6,database_column,acme,acme:data_store:store-00004~3f005a82b8d6,sales,sales_dim_00113,is_deleted_023,999,false,internal,false,2023-11-01T10:22:52Z,\N,2023-11-17T06:52:12Z,\N,1,assert
acme:database_column:acme-data-store-store-00003~93b2370bc2c8,database_column,acme,acme:data_store:store-00003~355a60161960,finance,finance_fact_00025,os_version_005,202,false,public,false,2023-11-07T00:50:32Z,\N,2023-11-19T14:23:57Z,\N,1,assert
acme:database_column:acme-data-store-store-00015~2fe1452f1c61,database_column,acme,acme:data_store:store-00015~b90744b8b425,iam,iam_dim_00057,policy_id_011,463,false,internal,true,2023-11-09T01:49:27Z,\N,2023-11-21T22:46:25Z,\N,1,assert
acme:database_column:acme-data-store-store-00000~ac21fa2ed1a0,database_column,acme,acme:data_store:store-00000~199fa6b0c449,ops,ops_dim_00115,hostname_012,509,false,internal,true,2023-10-21T01:43:45Z,\N,2023-11-21T02:05:09Z,\N,1,assert
acme:database_column:acme-data-store-store-00042~11303f51e351,database_column,acme,acme:data_store:store-00042~20df4870412d,crm,crm_fact_00064,label_022,957,false,public,true,2023-11-22T23:20:15Z,\N,2023-11-22T23:20:15Z,\N,1,assert
acme:database_column:acme-data-store-store-00005~1a5dfb032597,database_column,acme,acme:data_store:store-00005~d9cb14e88d51,ops,legacy_events,score_019,827,false,confidential,true,2023-10-30T20:12:59Z,\N,2023-11-26T08:51:32Z,\N,1,assert
acme:database_column:acme-data-store-store-00030~dc0e603c194c,database_column,acme,acme:data_store:store-00030~7cf56a2d81dd,wh,wh_fact_00088,created_at_005,205,false,public,false,2023-11-05T02:45:48Z,\N,2023-11-29T09:34:06Z,\N,1,assert
acme:database_column:acme-data-store-store-00042~6ff0d202dbfd,database_column,acme,acme:data_store:store-00042~20df4870412d,finance,finance_fact_00039,created_at_024,1041,false,public,true,2023-11-25T11:30:14Z,\N,2023-11-29T13:38:01Z,\N,1,assert
acme:database_column:acme-data-store-store-00026~91494e6d04ef,database_column,acme,acme:data_store:store-00026~a4fd7cb3cc14,ops,ops_dim_00094,category_006,254,false,public,false,2023-10-29T09:54:36Z,\N,2023-11-30T13:18:08Z,\N,1,assert
acme:database_column:acme-data-store-store-00030~635c60bcc721,database_column,acme,acme:data_store:store-00030~7cf56a2d81dd,wh,wh_fact_00088,sso_flag_015,660,false,internal,true,2023-11-11T07:12:41Z,\N,2023-12-02T21:24:23Z,\N,1,assert
acme:database_column:acme-data-store-store-00005~0e994fe5270c,database_column,acme,acme:data_store:store-00005~d9cb14e88d51,iam,iam_fact_00073,ip_address_log_023,1011,true,pii,true,2023-10-30T20:31:06Z,\N,2023-12-03T09:13:44Z,\N,1,assert
acme:database_column:acme-data-store-store-00015~7bb9930548d9,database_column,acme,acme:data_store:store-00015~b90744b8b425,iam,iam_dim_00057,os_version_011,466,false,confidential,false,2023-12-02T15:07:50Z,\N,2023-12-05T09:09:28Z,\N,1,assert
acme:database_column:acme-data-store-store-00050~7dcf44371d19,database_column,acme,acme:data_store:store-00050~5048ce7cff7d,hr,hr_fact_00090,channel_003,106,false,public,true,2023-11-05T19:55:57Z,\N,2023-12-06T13:35:29Z,\N,1,assert
acme:database_column:acme-data-store-store-00035~bc2eebcdcb47,database_column,acme,acme:data_store:store-00035~61a4f2d1a91f,iam,iam_fact_00086,created_at_003,117,false,internal,false,2023-10-30T05:53:18Z,\N,2023-12-06T12:53:46Z,\N,1,assert
acme:database_column:acme-data-store-store-00005~f11042f4d7e3,database_column,acme,acme:data_store:store-00005~d9cb14e88d51,ops,legacy_events,customer_id_013,532,false,confidential,true,2023-10-30T13:08:24Z,\N,2023-12-08T02:39:21Z,\N,1,assert
acme:database_column:acme-data-store-store-00002~b6a92be725fe,database_column,acme,acme:data_store:store-00002~a544946a70d1,finance,finance_fact_00049,ticket_id_013,538,false,confidential,false,2023-12-07T20:48:38Z,\N,2023-12-08T22:08:24Z,\N,1,assert
acme:database_column:acme-data-store-store-00005~2f83d6caa571,database_column,acme,acme:data_store:store-00005~d9cb14e88d51,sales,sales_fact_00058,score_007,299,false,confidential,false,2023-11-11T11:18:46Z,\N,2023-12-12T21:18:45Z,\N,1,assert
acme:database_column:acme-data-store-store-00003~c5697d04cba4,database_column,acme,acme:data_store:store-00003~355a60161960,sales,sales_dim_00127,order_id_010,404,false,confidential,true,2023-11-10T04:51:34Z,\N,2023-12-13T22:07:32Z,\N,1,assert
acme:database_column:acme-data-store-store-00002~f1c8eaf9e57b,database_column,acme,acme:data_store:store-00002~a544946a70d1,sales,sales_dim_00095,channel_007,282,\N,\N,\N,2023-12-11T23:02:35Z,\N,2023-12-15T04:33:36Z,\N,1,assert
acme:database_column:acme-data-store-store-00001~cb47865c7138,database_column,acme,acme:data_store:store-00001~f3e021452766,finance,finance_fact_00112,quantity_021,896,false,internal,false,2023-11-13T00:39:46Z,\N,2023-12-15T03:27:48Z,\N,1,assert
acme:database_column:acme-data-store-store-00002~6a5beec7cfd7,database_column,acme,acme:data_store:store-00002~a544946a70d1,sales,sales_dim_00095,bytes_out_021,918,false,internal,false,2023-11-18T00:50:24Z,\N,2023-12-15T12:31:22Z,\N,1,assert
acme:database_column:acme-data-store-store-00004~2180dbb08940,database_column,acme,acme:data_store:store-00004~3f005a82b8d6,finance,finance_dim_00067,checksum_005,204,false,public,false,2023-12-12T06:05:50Z,\N,2023-12-20T01:09:11Z,\N,1,assert
acme:database_column:acme-data-store-store-00035~d7509f01e4c8,database_column,acme,acme:data_store:store-00035~61a4f2d1a91f,iam,iam_fact_00086,product_id_025,1061,false,internal,false,2023-12-06T03:04:42Z,\N,2023-12-21T06:40:23Z,\N,1,assert
acme:database_column:acme-data-store-store-00001~27db8d731e40,database_column,acme,acme:data_store:store-00001~f3e021452766,crm,crm_fact_00096,team_id_005,183,false,internal,false,2023-11-12T16:26:53Z,\N,2023-12-22T05:45:18Z,\N,1,assert
acme:database_column:acme-data-store-store-00003~268be2e078ff,database_column,acme,acme:data_store:store-00003~355a60161960,sales,sales_dim_00127,date_of_birth_010,399,true,pii,true,2023-11-11T19:16:43Z,\N,2023-12-23T10:03:14Z,\N,1,assert
acme:database_column:acme-data-store-store-00050~e82b25abafee,database_column,acme,acme:data_store:store-00050~5048ce7cff7d,hr,hr_fact_00090,passport_number_021,920,true,pii,true,2023-12-05T14:22:06Z,\N,2023-12-25T13:16:27Z,\N,1,assert
acme:database_column:acme-data-store-store-00000~e0c4a31b206f,database_column,acme,acme:data_store:store-00000~199fa6b0c449,ops,ops_dim_00115,event_id_003,89,false,public,false,2023-12-24T02:48:20Z,\N,2023-12-27T02:44:00Z,\N,1,assert
acme:database_column:acme-data-store-store-00030~5aa3d6ced662,database_column,acme,acme:data_store:store-00030~7cf56a2d81dd,wh,wh_fact_00088,date_of_birth_012,517,\N,\N,\N,2023-12-07T12:05:55Z,\N,2023-12-29T16:36:08Z,\N,1,assert
acme:database_column:acme-data-store-store-00019~829c27b7debe,database_column,acme,acme:data_store:store-00019~5a4a474c1de7,iam,iam_fact_00054,mfa_flag_022,967,false,public,true,2023-11-19T09:38:20Z,\N,2023-12-29T05:57:17Z,\N,1,assert
acme:database_column:acme-data-store-store-00005~f2efa1a18691,database_column,acme,acme:data_store:store-00005~d9cb14e88d51,crm,crm_fact_00070,segment_012,504,false,internal,false,2023-11-23T16:48:53Z,\N,2023-12-30T08:05:48Z,\N,1,assert
acme:database_column:acme-data-store-store-00026~8468b2fba985,database_column,acme,acme:data_store:store-00026~a4fd7cb3cc14,ops,ops_dim_00094,notes_018,780,false,internal,true,2023-12-05T07:30:04Z,\N,2023-12-31T22:56:20Z,\N,1,assert
acme:database_column:acme-data-store-store-00050~035f6d1e5224,database_column,acme,acme:data_store:store-00050~5048ce7cff7d,hr,hr_fact_00090,ticket_id_020,846,false,public,true,2023-11-24T19:49:29Z,\N,2023-12-31T03:57:04Z,\N,1,assert
acme:database_column:acme-data-store-store-00047~01b74114947a,database_column,acme,acme:data_store:store-00047~393f06fbb078,wh,wh_fact_00014,policy_id_004,155,false,confidential,true,2024-01-02T13:17:55Z,\N,2024-01-04T10:57:16Z,\N,1,assert
acme:database_column:acme-data-store-store-00005~ab6efd18cebe,database_column,acme,acme:data_store:store-00005~d9cb14e88d51,sales,sales_fact_00058,label_016,693,false,internal,false,2023-12-15T02:56:18Z,\N,2024-01-06T21:14:01Z,\N,1,assert
acme:database_column:acme-data-store-store-00000~c3b8c004544e,database_column,acme,acme:data_store:store-00000~199fa6b0c449,wh,wh_dim_00119,sso_provider_001,42,false,public,true,2023-11-29T12:26:39Z,\N,2024-01-08T19:38:31Z,\N,1,assert
acme:database_column:acme-data-store-store-00001~bdf9baec855d,database_column,acme,acme:data_store:store-00001~f3e021452766,crm,crm_fact_00096,bytes_out_016,698,false,public,true,2023-12-06T06:57:05Z,\N,2024-01-09T13:15:31Z,\N,1,assert
acme:database_column:acme-data-store-store-00000~8f4c3aee7b92,database_column,acme,acme:data_store:store-00000~199fa6b0c449,sales,sales_dim_00076,source_ip_003,100,false,public,true,2024-01-03T04:44:27Z,\N,2024-01-16T16:20:49Z,\N,1,assert
acme:database_column:acme-data-store-store-00001~92c600a36863,database_column,acme,acme:data_store:store-00001~f3e021452766,finance,finance_fact_00112,user_id_006,241,false,public,false,2023-12-20T06:57:42Z,\N,2024-01-16T03:18:09Z,\N,1,assert
acme:database_column:acme-data-store-store-00005~0b2a7647cabb,database_column,acme,acme:data_store:store-00005~d9cb14e88d51,ops,legacy_events,invoice_id_003,97,false,internal,false,2023-12-12T13:06:40Z,\N,2024-01-19T08:22:50Z,\N,1,assert
acme:database_column:acme-data-store-store-00027~25202a3ddac5,database_column,acme,acme:data_store:store-00027~0c9d272f0960,wh,wh_fact_00101,dest_ip_019,805,false,public,false,2023-12-24T14:05:43Z,\N,2024-01-19T09:33:10Z,\N,1,assert
acme:database_column:acme-data-store-store-00005~f18aa7d6dea6,database_column,acme,acme:data_store:store-00005~d9cb14e88d51,finance,finance_dim_00075,product_id_024,1017,false,public,true,2023-12-25T21:47:24Z,\N,2024-01-19T01:06:51Z,\N,1,assert
acme:database_column:acme-data-store-store-00035~982086bae478,database_column,acme,acme:data_store:store-00035~61a4f2d1a91f,wh,wh_fact_00011,product_id_018,753,false,confidential,true,2023-12-25T01:46:13Z,\N,2024-01-21T11:21:49Z,\N,1,assert
acme:database_column:acme-data-store-store-00035~311820bdda56,database_column,acme,acme:data_store:store-00035~61a4f2d1a91f,wh,wh_fact_00011,invoice_id_019,801,false,public,true,2024-01-05T09:09:16Z,\N,2024-01-23T20:58:04Z,\N,1,assert
acme:database_column:acme-data-store-store-00000~1a664c80c0d9,database_column,acme,acme:data_store:store-00000~199fa6b0c449,ops,ops_dim_00115,http_status_020,875,false,confidential,false,2023-12-27T04:36:04Z,\N,2024-01-23T10:42:43Z,\N,1,assert
acme:database_column:acme-data-store-store-00017~7521fa90cd06,database_column,acme,acme:data_store:store-00017~0335de594a0b,sales,sales_fact_00028,channel_023,986,false,public,false,2024-01-14T14:18:30Z,\N,2024-01-23T02:12:53Z,\N,1,assert
acme:database_column:acme-data-store-store-00005~24750fcd8f48,database_column,acme,acme:data_store:store-00005~d9cb14e88d51,ops,legacy_events,site_id_015,622,false,confidential,true,2023-12-24T23:48:37Z,\N,2024-01-24T08:08:49Z,\N,1,assert
acme:database_column:acme-data-store-store-00001~cf401bc35435,database_column,acme,acme:data_store:store-00001~f3e021452766,ops,ops_fact_00008,user_agent_011,480,false,internal,false,2024-01-14T11:06:16Z,\N,2024-01-26T14:24:15Z,\N,1,assert
acme:database_column:acme-data-store-store-00050~f4f73dc87826,database_column,acme,acme:data_store:store-00050~5048ce7cff7d,sales,sales_dim_00063,quantity_011,456,false,public,true,2024-01-31T04:24:54Z,\N,2024-01-31T04:24:54Z,\N,1,assert
acme:database_column:acme-data-store-store-00015~58fb117af6dd,database_column,acme,acme:data_store:store-00015~b90744b8b425,sales,sales_fact_00022,hostname_018,773,false,public,false,2024-01-29T17:10:34Z,\N,2024-02-01T19:19:03Z,\N,1,assert
acme:database_column:acme-data-store-store-00042~902055bce17c,database_column,acme,acme:data_store:store-00042~20df4870412d,crm,crm_fact_00064,user_id_025,1077,false,internal,true,2024-01-21T17:31:46Z,\N,2024-02-01T01:36:02Z,\N,1,assert
acme:database_column:acme-data-store-store-00032~e056fab202d6,database_column,acme,acme:data_store:store-00032~3fb7e2e112a8,wh,wh_dim_00015,salary_024,1049,\N,\N,\N,2024-01-13T00:39:39Z,\N,2024-02-03T06:01:15Z,\N,1,assert
acme:database_column:acme-data-store-store-00000~8768315eceec,database_column,acme,acme:data_store:store-00000~199fa6b0c449,ops,ops_fact_00002,customer_id_007,268,false,public,true,2024-01-06T00:22:49Z,\N,2024-02-04T00:04:56Z,\N,1,assert
acme:database_column:acme-data-store-store-00005~9ce1d67e86d0,database_column,acme,acme:data_store:store-00005~d9cb14e88d51,sales,sales_fact_00058,order_id_014,580,false,internal,false,2024-01-07T13:33:43Z,\N,2024-02-04T07:39:53Z,\N,1,assert
acme:database_column:acme-data-store-store-00003~4bf4a06f43bf,database_column,acme,acme:data_store:store-00003~355a60161960,crm,crm_fact_00003,medical_notes_015,640,true,pii,false,2024-02-04T05:46:10Z,\N,2024-02-06T12:16:38Z,\N,1,assert
acme:database_column:acme-data-store-store-00050~0a05f17934d8,database_column,acme,acme:data_store:store-00050~5048ce7cff7d,sales,sales_dim_00063,duration_ms_006,256,false,confidential,false,2024-01-31T11:13:45Z,\N,2024-02-07T13:48:38Z,\N,1,assert
acme:database_column:acme-data-store-store-00003~364e2e50c885,database_column,acme,acme:data_store:store-00003~355a60161960,crm,crm_fact_00003,severity_018,772,false,internal,true,2024-01-10T11:37:55Z,\N,2024-02-07T11:09:40Z,\N,1,assert
acme:database_column:acme-data-store-store-00041~40e9d8eab533,database_column,acme,acme:data_store:store-00041~3a94689d27db,crm,crm_fact_00041,notes_021,912,false,public,true,2024-02-01T13:55:03Z,\N,2024-02-09T02:31:17Z,\N,1,assert
acme:database_column:acme-data-store-store-00035~1af4a23bf2b9,database_column,acme,acme:data_store:store-00035~61a4f2d1a91f,iam,iam_fact_00086,mfa_flag_017,747,false,internal,true,2024-01-28T00:06:18Z,\N,2024-02-10T06:17:35Z,\N,1,assert
acme:database_column:acme-data-store-store-00005~a98b4775865d,database_column,acme,acme:data_store:store-00005~d9cb14e88d51,iam,iam_fact_00122,currency_011,455,false,confidential,true,2024-02-04T18:38:23Z,\N,2024-02-11T06:59:39Z,\N,1,assert
acme:database_column:acme-data-store-store-00015~8b556268981d,database_column,acme,acme:data_store:store-00015~b90744b8b425,sales,sales_fact_00022,duration_ms_005,212,false,internal,false,2024-01-30T13:20:00Z,\N,2024-02-12T12:03:31Z,\N,1,assert
acme:database_column:acme-data-store-store-00001~8d6c8e68488a,database_column,acme,acme:data_store:store-00001~f3e021452766,ops,ops_fact_00008,segment_005,196,false,confidential,true,2024-02-11T01:53:53Z,\N,2024-02-14T22:23:40Z,\N,1,assert
acme:database_column:acme-data-store-store-00002~092791ced685,database_column,acme,acme:data_store:store-00002~a544946a70d1,wh,wh_fact_00007,updated_at_014,602,false,public,true,2024-02-09T20:16:04Z,\N,2024-02-16T11:59:02Z,\N,1,assert
acme:database_column:acme-data-store-store-00003~054d8c9a806b,database_column,acme,acme:data_store:store-00003~355a60161960,finance,finance_fact_00025,invoice_id_004,141,\N,\N,\N,2024-02-15T11:12:04Z,\N,2024-02-18T03:45:50Z,\N,1,assert
acme:database_column:acme-data-store-store-00026~12a1a8827471,database_column,acme,acme:data_store:store-00026~a4fd7cb3cc14,ops,ops_dim_00094,home_address_010,430,true,pii,true,2024-02-05T13:13:26Z,\N,2024-02-22T15:33:04Z,\N,1,assert
acme:database_column:acme-data-store-store-00027~48796d932f6f,database_column,acme,acme:data_store:store-00027~0c9d272f0960,wh,wh_fact_00101,email_022,959,true,pii,false,2024-01-13T17:12:13Z,\N,2024-02-22T20:38:44Z,\N,1,assert
acme:database_column:acme-data-store-store-00003~0ee320cc4c45,database_column,acme,acme:data_store:store-00003~355a60161960,finance,finance_fact_00025,email_020,871,true,pii,false,2024-01-30T23:14:31Z,\N,2024-02-23T13:26:07Z,\N,1,assert
acme:database_column:acme-data-store-store-00045~d09ba8a4590a,database_column,acme,acme:data_store:store-00045~bcae1cb7a646,sales,sales_dim_00009,team_id_013,535,\N,\N,\N,2024-02-11T16:26:29Z,\N,2024-02-25T11:43:04Z,\N,1,assert
acme:database_column:acme-data-store-store-00041~1925510a5f77,database_column,acme,acme:data_store:store-00041~3a94689d27db,finance,finance_dim_00079,score_016,695,false,internal,true,2024-02-17T01:36:58Z,\N,2024-02-26T19:48:31Z,\N,1,assert
acme:database_column:acme-data-store-store-00030~63aa6755fac4,database_column,acme,acme:data_store:store-00030~7cf56a2d81dd,sales,sales_dim_00047,os_version_002,70,false,internal,true,2024-01-24T04:26:11Z,\N,2024-02-29T08:26:42Z,\N,1,assert
acme:database_column:acme-data-store-store-00002~0f6c522af5ff,database_column,acme,acme:data_store:store-00002~a544946a70d1,hr,hr_fact_00004,event_id_022,925,\N,\N,\N,2024-02-06T20:34:11Z,\N,2024-03-01T12:08:27Z,\N,1,assert
acme:database_column:acme-data-store-store-00050~38b0365703d0,database_column,acme,acme:data_store:store-00050~5048ce7cff7d,hr,hr_fact_00090,passport_number_012,494,true,pii,true,2024-02-05T01:34:00Z,\N,2024-03-03T07:16:06Z,\N,1,assert
acme:database_column:acme-data-store-store-00045~f79bb7466f15,database_column,acme,acme:data_store:store-00045~bcae1cb7a646,sales,sales_dim_00009,role_id_019,814,false,public,true,2024-02-24T20:05:17Z,\N,2024-03-05T03:06:26Z,\N,1,assert
acme:database_column:acme-data-store-store-00000~d8b0fffe4e9e,database_column,acme,acme:data_store:store-00000~199fa6b0c449,ops,ops_dim_00115,category_011,474,false,internal,false,2024-03-02T19:23:51Z,\N,2024-03-07T10:17:45Z,\N,1,assert
acme:database_column:acme-data-store-store-00004~cf1c6b4162e8,database_column,acme,acme:data_store:store-00004~3f005a82b8d6,finance,finance_dim_00067,salary_020,873,true,pii,true,2024-03-05T02:15:06Z,\N,2024-03-12T04:01:11Z,\N,1,assert
acme:database_column:acme-data-store-store-00002~4053f393952b,database_column,acme,acme:data_store:store-00002~a544946a70d1,ops,ops_dim_00117,updated_at_024,1042,false,public,false,2024-02-04T13:12:07Z,\N,2024-03-12T09:25:34Z,\N,1,assert
acme:database_column:acme-data-store-store-00002~b743829df007,database_column,acme,acme:data_store:store-00002~a544946a70d1,finance,finance_fact_00049,user_agent_019,832,false,internal,false,2024-03-06T06:51:35Z,\N,2024-03-17T10:38:30Z,\N,1,assert
acme:database_column:acme-data-store-store-00030~f21693905e6b,database_column,acme,acme:data_store:store-00030~7cf56a2d81dd,finance,finance_dim_00097,score_004,167,false,public,false,2024-02-20T09:47:27Z,\N,2024-03-19T00:25:55Z,\N,1,assert
acme:database_column:acme-data-store-store-00001~6f4cb747ab69,database_column,acme,acme:data_store:store-00001~f3e021452766,ops,ops_fact_00008,status_013,545,false,public,true,2024-03-18T15:53:21Z,\N,2024-03-20T17:24:32Z,\N,1,assert
acme:database_column:acme-data-store-store-00003~a7680d86ed27,database_column,acme,acme:data_store:store-00003~355a60161960,crm,crm_dim_00105,hostname_011,465,false,confidential,true,2024-03-07T19:32:35Z,\N,2024-03-22T15:26:01Z,\N,1,assert
acme:database_column:acme-data-store-store-00001~401f3dabcfb4,database_column,acme,acme:data_store:store-00001~f3e021452766,sales,sales_fact_00019,segment_004,152,false,internal,true,2024-03-01T22:56:38Z,\N,2024-03-24T10:39:25Z,\N,1,assert
acme:database_column:acme-data-store-store-00005~d659206182e3,database_column,acme,acme:data_store:store-00005~d9cb14e88d51,crm,crm_fact_00070,updated_at_021,910,false,confidential,true,2024-03-08T20:51:29Z,\N,2024-03-26T10:57:32Z,\N,1,assert
acme:database_column:acme-data-store-store-00032~c5f479e59ed8,database_column,acme,acme:data_store:store-00032~3fb7e2e112a8,wh,wh_dim_00015,event_id_016,661,false,confidential,false,2024-03-03T02:59:39Z,\N,2024-04-04T09:59:57Z,\N,1,assert
acme:database_column:acme-data-store-store-00002~ba1039d0cd6f,database_column,acme,acme:data_store:store-00002~a544946a70d1,wh,wh_fact_00030,quantity_023,984,false,internal,true,2024-03-11T06:33:06Z,\N,2024-04-06T12:13:46Z,\N,1,assert
acme:database_column:acme-data-store-store-00000~b055ab277299,database_column,acme,acme:data_store:store-00000~199fa6b0c449,ops,ops_dim_00115,dest_ip_018,761,false,internal,false,2024-04-08T09:03:24Z,\N,2024-04-10T11:48:18Z,\N,1,assert
acme:database_column:acme-data-store-store-00001~ae1ac4335bf7,database_column,acme,acme:data_store:store-00001~f3e021452766,finance,finance_fact_00112,updated_at_011,470,false,confidential,false,2024-03-27T09:00:09Z,\N,2024-04-11T18:00:22Z,\N,1,assert
acme:database_column:acme-data-store-store-00001~91a9fa717c5b,database_column,acme,acme:data_store:store-00001~f3e021452766,crm,crm_fact_00096,source_ip_002,56,false,confidential,true,2024-04-15T04:08:52Z,\N,2024-04-16T16:07:24Z,\N,1,assert
acme:database_column:acme-data-store-store-00002~376ec0d3fd25,database_column,acme,acme:data_store:store-00002~a544946a70d1,hr,hr_fact_00004,amount_015,630,false,internal,true,2024-04-05T18:39:08Z,\N,2024-04-16T19:48:21Z,\N,1,assert
acme:database_column:acme-data-store-store-00004~80875e42efd0,database_column,acme,acme:data_store:store-00004~3f005a82b8d6,wh,wh_dim_00023,site_id_008,314,false,public,false,2024-04-18T17:10:28Z,\N,2024-04-20T13:54:56Z,\N,1,assert
acme:database_column:acme-data-store-store-00000~b289a293045e,database_column,acme,acme:data_store:store-00000~199fa6b0c449,wh,wh_dim_00119,email_019,812,true,pii,true,2024-04-04T03:23:00Z,\N,2024-04-24T13:32:35Z,\N,1,assert
acme:database_column:acme-data-store-store-00006~722f8543c5e4,database_column,acme,acme:data_store:store-00006~cefd6d6f83c8,crm,crm_fact_00038,segment_008,328,false,confidential,true,2024-04-25T06:17:51Z,\N,2024-04-26T06:21:41Z,\N,1,assert
acme:database_column:acme-data-store-store-00001~605ce9645f1e,database_column,acme,acme:data_store:store-00001~f3e021452766,sales,sales_fact_00019,event_ts_022,926,false,public,true,2024-03-16T16:29:08Z,\N,2024-04-26T00:03:08Z,\N,1,assert
acme:database_column:acme-data-store-store-00000~c93df5b7c088,database_column,acme,acme:data_store:store-00000~199fa6b0c449,ops,ops_dim_00115,category_016,694,false,public,true,2024-03-21T01:29:38Z,\N,2024-04-29T17:41:42Z,\N,1,assert
acme:database_column:acme-data-store-store-00004~67a3fe069382,database_column,acme,acme:data_store:store-00004~3f005a82b8d6,sales,sales_dim_00113,account_id_024,1015,false,confidential,false,2024-04-30T02:48:18Z,\N,2024-04-30T02:48:18Z,\N,1,assert
acme:database_column:acme-data-store-store-00032~a47b48ab482b,database_column,acme,acme:data_store:store-00032~3fb7e2e112a8,wh,wh_dim_00015,event_id_014,573,false,confidential,true,2024-04-27T05:35:11Z,\N,2024-05-01T05:56:17Z,\N,1,assert
acme:database_column:acme-data-store-store-00005~b594d3d549c3,database_column,acme,acme:data_store:store-00005~d9cb14e88d51,sales,sales_fact_00058,customer_id_009,356,false,confidential,true,2024-04-26T06:32:40Z,\N,2024-05-02T09:49:37Z,\N,1,assert
acme:database_column:acme-data-store-store-00030~75cf449ebdcc,database_column,acme,acme:data_store:store-00030~7cf56a2d81dd,ops,ops_fact_00035,category_005,210,false,confidential,false,2024-03-31T09:18:14Z,\N,2024-05-10T01:47:36Z,\N,1,assert
acme:database_column:acme-data-store-store-00030~38ba675ebb51,database_column,acme,acme:data_store:store-00030~7cf56a2d81dd,finance,finance_dim_00097,notes_005,208,false,confidential,false,2024-04-15T14:19:32Z,\N,2024-05-17T04:53:31Z,\N,1,assert
acme:database_column:acme-data-store-store-00030~8311e79047b3,database_column,acme,acme:data_store:store-00030~7cf56a2d81dd,wh,wh_fact_00088,duration_ms_002,80,false,public,false,2024-04-30T02:04:59Z,\N,2024-05-18T00:15:30Z,\N,1,assert
acme:database_column:acme-data-store-store-00030~4564b90eaccd,database_column,acme,acme:data_store:store-00030~7cf56a2d81dd,wh,wh_fact_00088,event_ts_013,530,false,confidential,false,2024-05-05T07:27:50Z,\N,2024-05-22T16:51:00Z,\N,1,assert
acme:database_column:acme-data-store-store-00003~bbae0ed0a2ee,database_column,acme,acme:data_store:store-00003~355a60161960,crm,crm_dim_00105,created_at_018,777,false,internal,false,2024-04-09T22:15:47Z,\N,2024-05-22T10:15:26Z,\N,1,assert
acme:database_column:acme-data-store-store-00041~1b0b0070801c,database_column,acme,acme:data_store:store-00041~3a94689d27db,crm,crm_fact_00041,policy_id_017,727,false,public,false,2024-05-12T18:35:01Z,\N,2024-05-27T02:18:08Z,\N,1,assert
acme:database_column:acme-data-store-store-00000~99ffa262ff08,database_column,acme,acme:data_store:store-00000~199fa6b0c449,wh,wh_dim_00119,invoice_id_008,317,false,internal,false,2024-04-22T17:23:57Z,\N,2024-05-28T06:33:28Z,\N,1,assert
acme:database_column:acme-data-store-store-00050~7597ce01497e,database_column,acme,acme:data_store:store-00050~5048ce7cff7d,sales,sales_dim_00063,bank_account_021,888,true,pii,true,2024-05-18T15:39:04Z,\N,2024-05-30T23:37:53Z,\N,1,assert
acme:database_column:acme-data-store-store-00000~794807ac7f99,database_column,acme,acme:data_store:store-00000~199fa6b0c449,hr,employee,referrer_017,745,false,confidential,true,2024-05-10T01:20:18Z,\N,2024-05-31T12:45:20Z,\N,1,assert
acme:database_column:acme-data-store-store-00003~959c2ae0b287,database_column,acme,acme:data_store:store-00003~355a60161960,finance,finance_fact_00025,mfa_flag_006,263,false,confidential,true,2024-05-12T14:28:18Z,\N,2024-06-01T17:04:07Z,\N,1,assert
acme:database_column:acme-data-store-store-00000~9bb54c8b3833,database_column,acme,acme:data_store:store-00000~199fa6b0c449,wh,wh_dim_00119,category_020,870,false,public,true,2024-04-30T21:48:54Z,\N,2024-06-08T01:04:15Z,\N,1,assert
acme:database_column:acme-data-store-store-00050~f7d52740c465,database_column,acme,acme:data_store:store-00050~5048ce7cff7d,hr,hr_fact_00090,role_id_004,154,false,internal,true,2024-05-16T05:52:32Z,\N,2024-06-09T04:29:35Z,\N,1,assert
acme:database_column:acme-data-store-store-00003~916f2e96b489,database_column,acme,acme:data_store:store-00003~355a60161960,sales,sales_dim_00127,score_006,255,false,internal,false,2024-04-28T09:41:16Z,\N,2024-06-09T09:58:53Z,\N,1,assert
acme:database_column:acme-data-store-store-00041~1f0c661579d8,database_column,acme,acme:data_store:store-00041~3a94689d27db,finance,finance_dim_00079,http_status_005,215,false,internal,false,2024-05-18T02:47:58Z,\N,2024-06-10T03:34:00Z,\N,1,assert
acme:database_column:acme-data-store-store-00005~279fe5be5755,database_column,acme,acme:data_store:store-00005~d9cb14e88d51,crm,crm_fact_00070,mfa_flag_025,1099,false,confidential,false,2024-04-30T15:14:22Z,\N,2024-06-10T04:39:36Z,\N,1,assert
acme:database_column:acme-data-store-store-00000~f033a209eb9e,database_column,acme,acme:data_store:store-00000~199fa6b0c449,ops,ops_fact_00002,sso_provider_007,306,false,public,true,2024-05-12T08:58:16Z,\N,2024-06-14T08:19:02Z,\N,1,assert
acme:database_column:acme-data-store-store-00001~1f15f8382bdb,database_column,acme,acme:data_store:store-00001~f3e021452766,ops,ops_fact_00008,notes_022,956,false,confidential,true,2024-05-25T12:31:12Z,\N,2024-06-17T10:35:01Z,\N,1,assert
acme:database_column:acme-data-store-store-00026~98c40aeb1434,database_column,acme,acme:data_store:store-00026~a4fd7cb3cc14,ops,ops_dim_00094,checksum_016,688,false,confidential,true,2024-05-20T22:01:55Z,\N,2024-06-19T15:33:49Z,\N,1,assert
acme:database_column:acme-data-store-store-00005~81941d77e260,database_column,acme,acme:data_store:store-00005~d9cb14e88d51,iam,iam_fact_00122,account_id_025,1059,false,public,false,2024-06-11T14:43:17Z,\N,2024-06-19T03:00:31Z,\N,1,assert
acme:database_column:acme-data-store-store-00002~4f66f7a43900,database_column,acme,acme:data_store:store-00002~a544946a70d1,wh,wh_fact_00030,account_id_006,223,\N,\N,\N,2024-05-15T16:57:02Z,\N,2024-06-20T23:01:19Z,\N,1,assert
acme:database_column:acme-data-store-store-00026~29374e11905d,database_column,acme,acme:data_store:store-00026~a4fd7cb3cc14,ops,ops_dim_00094,source_ip_005,188,false,confidential,true,2024-06-04T11:58:52Z,\N,2024-06-27T11:49:23Z,\N,1,assert
acme:database_column:acme-data-store-store-00003~023acd3c93c6,database_column,acme,acme:data_store:store-00003~355a60161960,crm,crm_fact_00003,channel_017,722,\N,\N,\N,2024-06-17T01:23:59Z,\N,2024-06-29T20:33:18Z,\N,1,assert
acme:database_column:acme-data-store-store-00042~61dfe080c6e7,database_column,acme,acme:data_store:store-00042~20df4870412d,finance,finance_fact_00039,login_history_017,733,true,pii,true,2024-06-03T17:56:46Z,\N,2024-07-02T14:15:08Z,\N,1,assert
acme:database_column:acme-data-store-store-00030~737ae183af78,database_column,acme,acme:data_store:store-00030~7cf56a2d81dd,finance,finance_dim_00097,amount_016,674,false,confidential,false,2024-06-24T18:35:36Z,\N,2024-07-03T14:04:41Z,\N,1,assert
acme:database_column:acme-data-store-store-00005~65ce24297033,database_column,acme,acme:data_store:store-00005~d9cb14e88d51,finance,finance_dim_00075,product_id_013,533,false,internal,true,2024-05-25T15:18:52Z,\N,2024-07-04T17:31:36Z,\N,1,assert
acme:database_column:acme-data-store-store-00002~f4bf222a9dae,database_column,acme,acme:data_store:store-00002~a544946a70d1,wh,wh_fact_00007,role_id_006,242,false,internal,true,2024-06-20T05:23:32Z,\N,2024-07-10T01:52:17Z,\N,1,assert
acme:database_column:acme-data-store-store-00035~84a01163504b,database_column,acme,acme:data_store:store-00035~61a4f2d1a91f,sales,sales_fact_00051,site_id_007,270,\N,\N,\N,2024-06-30T22:58:20Z,\N,2024-07-13T20:18:02Z,\N,1,assert
acme:database_column:acme-data-store-store-00005~7471b39dfe45,database_column,acme,acme:data_store:store-00005~d9cb14e88d51,iam,iam_fact_00122,source_ip_021,892,\N,\N,\N,2024-06-18T02:03:12Z,\N,2024-07-16T07:06:45Z,\N,1,assert
acme:database_column:acme-data-store-store-00003~778e71eabd42,database_column,acme,acme:data_store:store-00003~355a60161960,sales,sales_dim_00127,passport_number_006,260,true,pii,true,2024-07-08T23:39:51Z,\N,2024-07-19T23:20:51Z,\N,1,assert
acme:database_column:acme-data-store-store-00001~956fcb584d1e,database_column,acme,acme:data_store:store-00001~f3e021452766,sales,sales_fact_00019,product_id_019,797,false,public,false,2024-07-16T06:12:48Z,\N,2024-07-21T17:57:50Z,\N,1,assert
acme:database_column:acme-data-store-store-00005~4000515312dc,database_column,acme,acme:data_store:store-00005~d9cb14e88d51,finance,finance_dim_00075,category_017,738,false,internal,false,2024-06-11T19:48:45Z,\N,2024-07-23T08:22:05Z,\N,1,assert
acme:database_column:acme-data-store-store-00042~becb21a69048,database_column,acme,acme:data_store:store-00042~20df4870412d,crm,crm_fact_00064,severity_011,464,false,public,false,2024-06-24T23:11:06Z,\N,2024-07-25T10:12:52Z,\N,1,assert
acme:database_column:acme-data-store-store-00000~85243a4e66da,database_column,acme,acme:data_store:store-00000~199fa6b0c449,hr,employee,amount_010,410,false,confidential,false,2024-06-20T21:07:05Z,\N,2024-07-26T02:30:37Z,\N,1,assert
acme:database_column:acme-data-store-store-00006~43abb185c9e8,database_column,acme,acme:data_store:store-00006~cefd6d6f83c8,ops,ops_fact_00032,medical_notes_005,185,true,pii,true,2024-07-01T12:04:20Z,\N,2024-07-27T02:56:33Z,\N,1,assert
acme:database_column:acme-data-store-store-00053~daf0790dd11a,database_column,acme,acme:data_store:store-00053~cfc974814be8,crm,crm_fact_00121,session_id_013,539,false,internal,false,2024-06-24T15:50:57Z,\N,2024-07-28T14:08:21Z,\N,1,assert
acme:database_column:acme-data-store-store-00002~353695f4c1d6,database_column,acme,acme:data_store:store-00002~a544946a70d1,wh,wh_fact_00007,agent_version_008,335,false,confidential,true,2024-06-29T17:27:59Z,\N,2024-07-31T09:37:14Z,\N,1,assert
acme:database_column:acme-data-store-store-00017~1cc44f8a40fd,database_column,acme,acme:data_store:store-00017~0335de594a0b,sales,sales_fact_00028,bytes_in_003,125,false,public,true,2024-08-02T08:01:34Z,\N,2024-08-11T07:45:36Z,\N,1,assert
acme:database_column:acme-data-store-store-00000~904372e5c668,database_column,acme,acme:data_store:store-00000~199fa6b0c449,ops,ops_dim_00115,email_009,387,true,pii,false,2024-07-16T23:49:50Z,\N,2024-08-13T00:13:20Z,\N,1,assert
acme:database_column:acme-data-store-store-00042~cdc76a06f60f,database_column,acme,acme:data_store:store-00042~20df4870412d,finance,finance_fact_00039,event_ts_025,1058,false,public,false,2024-07-21T21:20:30Z,\N,2024-08-14T20:33:30Z,\N,1,assert
acme:database_column:acme-data-store-store-00035~13ce79917b3b,database_column,acme,acme:data_store:store-00035~61a4f2d1a91f,iam,iam_fact_00086,session_id_015,627,false,confidential,true,2024-07-19T00:50:25Z,\N,2024-08-15T21:34:47Z,\N,1,assert
acme:database_column:acme-data-store-store-00004~912095cd3e03,database_column,acme,acme:data_store:store-00004~3f005a82b8d6,sales,sales_dim_00113,source_ip_025,1068,false,public,false,2024-08-03T16:30:35Z,\N,2024-08-16T14:41:29Z,\N,1,assert
acme:database_column:acme-data-store-store-00005~a73f8164d1c7,database_column,acme,acme:data_store:store-00005~d9cb14e88d51,crm,crm_fact_00070,score_012,519,false,public,false,2024-07-27T20:47:16Z,\N,2024-08-19T21:28:30Z,\N,1,assert
acme:database_column:acme-data-store-store-00004~13ebd5a692f2,database_column,acme,acme:data_store:store-00004~3f005a82b8d6,hr,hr_dim_00071,customer_id_018,752,\N,\N,\N,2024-08-01T05:29:46Z,\N,2024-08-20T04:16:09Z,\N,1,assert
acme:database_column:acme-data-store-store-00053~b025ef6ed9b3,database_column,acme,acme:data_store:store-00053~cfc974814be8,crm,crm_fact_00121,user_id_019,813,false,internal,false,2024-08-23T18:41:51Z,\N,2024-08-23T18:41:51Z,\N,1,assert
acme:database_column:acme-data-store-store-00002~4b19b0783fc9,database_column,acme,acme:data_store:store-00002~a544946a70d1,sales,sales_dim_00095,team_id_009,359,false,internal,false,2024-07-15T03:18:39Z,\N,2024-08-27T10:40:39Z,\N,1,assert
acme:database_column:acme-data-store-store-00035~32b0b8ccd78f,database_column,acme,acme:data_store:store-00035~61a4f2d1a91f,ops,ops_fact_00013,region_016,679,false,public,true,2024-08-28T15:20:17Z,\N,2024-08-29T00:57:30Z,\N,1,assert
acme:database_column:acme-data-store-store-00053~551dfa191d9b,database_column,acme,acme:data_store:store-00053~cfc974814be8,hr,hr_fact_00033,login_history_001,44,true,pii,true,2024-08-24T01:06:01Z,\N,2024-08-30T22:09:01Z,\N,1,assert
acme:database_column:acme-data-store-store-00004~4b1fd64cfd5f,database_column,acme,acme:data_store:store-00004~3f005a82b8d6,wh,wh_dim_00023,dest_ip_021,893,false,internal,true,2024-07-26T00:55:19Z,\N,2024-09-06T14:34:13Z,\N,1,assert
acme:database_column:acme-data-store-store-00035~9f82c63fde90,database_column,acme,acme:data_store:store-00035~61a4f2d1a91f,wh,wh_fact_00011,referrer_001,41,false,confidential,false,2024-08-03T20:31:20Z,\N,2024-09-09T02:03:32Z,\N,1,assert
acme:database_column:acme-data-store-store-00000~e8484b68b139,database_column,acme,acme:data_store:store-00000~199fa6b0c449,ops,ops_fact_00002,customer_id_005,180,\N,\N,\N,2024-08-26T16:06:49Z,\N,2024-09-10T14:58:11Z,\N,1,assert
acme:database_column:acme-data-store-store-00000~59840973f95a,database_column,acme,acme:data_store:store-00000~199fa6b0c449,hr,employee,http_status_022,963,false,public,false,2024-08-18T18:02:15Z,\N,2024-09-10T20:26:57Z,\N,1,assert
acme:database_column:acme-data-store-store-00003~0dcac1148ca3,database_column,acme,acme:data_store:store-00003~355a60161960,crm,crm_fact_00003,mfa_flag_008,351,false,public,true,2024-09-01T06:31:45Z,\N,2024-09-13T09:33:33Z,\N,1,assert
acme:database_column:acme-data-store-store-00000~8fde613d7c96,database_column,acme,acme:data_store:store-00000~199fa6b0c449,ops,ops_fact_00002,label_024,1045,false,confidential,true,2024-08-18T03:13:10Z,\N,2024-09-17T17:36:48Z,\N,1,assert
acme:database_column:acme-data-store-store-00015~d5878cfb5cb5,database_column,acme,acme:data_store:store-00015~b90744b8b425,iam,iam_dim_00057,sso_provider_005,218,false,confidential,true,2024-08-19T16:12:04Z,\N,2024-09-18T15:43:05Z,\N,1,assert
acme:database_column:acme-data-store-store-00003~d19c85ae5cb1,database_column,acme,acme:data_store:store-00003~355a60161960,sales,sales_dim_00127,role_id_008,330,false,internal,true,2024-08-18T04:37:57Z,\N,2024-09-18T23:42:58Z,\N,1,assert
acme:database_column:acme-data-store-store-00012~644aab402376,database_column,acme,acme:data_store:store-00012~3e059b31b745,sales,sales_fact_00016,invoice_id_018,757,false,internal,false,2024-09-18T08:32:32Z,\N,2024-09-18T08:32:32Z,\N,1,assert
acme:database_column:acme-data-store-store-00030~0a3fdb181fc2,database_column,acme,acme:data_store:store-00030~7cf56a2d81dd,finance,finance_dim_00097,label_015,649,false,confidential,false,2024-08-12T16:53:33Z,\N,2024-09-23T12:28:24Z,\N,1,assert
acme:database_column:acme-data-store-store-00041~771f183072cd,database_column,acme,acme:data_store:store-00041~3a94689d27db,crm,crm_fact_00041,passport_number_024,1052,true,pii,false,2024-09-15T07:04:47Z,\N,2024-09-23T15:09:12Z,\N,1,assert
acme:database_column:acme-data-store-store-00001~1d74553a237d,database_column,acme,acme:data_store:store-00001~f3e021452766,finance,finance_fact_00112,ip_address_log_021,908,true,pii,true,2024-08-18T11:08:15Z,\N,2024-09-30T08:36:50Z,\N,1,assert
acme:database_column:acme-data-store-store-00012~c72bfe769890,database_column,acme,acme:data_store:store-00012~3e059b31b745,sales,sales_fact_00016,ip_address_log_005,219,true,pii,true,2024-09-14T10:24:33Z,\N,2024-10-08T13:59:50Z,\N,1,assert
acme:database_column:acme-data-store-store-00003~936deee595c2,database_column,acme,acme:data_store:store-00003~355a60161960,sales,sales_dim_00127,status_018,765,false,internal,false,2024-09-09T16:41:27Z,\N,2024-10-09T16:25:00Z,\N,1,assert
acme:database_column:acme-data-store-store-00030~55fe79208fe4,database_column,acme,acme:data_store:store-00030~7cf56a2d81dd,ops,ops_fact_00035,agent_version_012,511,false,internal,false,2024-09-19T07:52:36Z,\N,2024-10-12T11:06:40Z,\N,1,assert
acme:database_column:acme-data-store-store-00002~54daa1d85287,database_column,acme,acme:data_store:store-00002~a544946a70d1,ops,ops_dim_00117,checksum_002,72,false,internal,false,2024-09-23T13:40:48Z,\N,2024-10-16T00:08:41Z,\N,1,assert
acme:database_column:acme-data-store-store-00019~80f03dee4e82,database_column,acme,acme:data_store:store-00019~5a4a474c1de7,iam,iam_fact_00054,updated_at_008,338,false,confidential,false,2024-09-18T22:02:36Z,\N,2024-10-17T23:06:03Z,\N,1,assert
acme:database_column:acme-data-store-store-00000~6dbba3919982,database_column,acme,acme:data_store:store-00000~199fa6b0c449,hr,employee,site_id_002,50,false,public,true,2024-09-14T14:53:35Z,\N,2024-10-20T19:22:30Z,\N,1,assert
acme:database_column:acme-data-store-store-00003~e29fe6fcf83f,database_column,acme,acme:data_store:store-00003~355a60161960,crm,crm_dim_00105,hostname_007,289,\N,\N,\N,2024-09-25T16:34:37Z,\N,2024-10-20T16:30:47Z,\N,1,assert
acme:database_column:acme-data-store-store-00005~a0a3ae6fbb38,database_column,acme,acme:data_store:store-00005~d9cb14e88d51,crm,crm_fact_00070,bank_account_013,536,true,pii,true,2024-10-17T18:12:51Z,\N,2024-10-20T17:16:42Z,\N,1,assert
acme:database_column:acme-data-store-store-00002~b57c1d11dcbb,database_column,acme,acme:data_store:store-00002~a544946a70d1,sales,sales_dim_00095,role_id_017,726,false,public,false,2024-09-17T18:24:09Z,\N,2024-10-22T13:00:53Z,\N,1,assert
acme:database_column:acme-data-store-store-00005~79cf92336fff,database_column,acme,acme:data_store:store-00005~d9cb14e88d51,sales,sales_fact_00058,ip_address_log_017,717,\N,\N,\N,2024-09-25T15:08:00Z,\N,2024-10-23T09:09:13Z,\N,1,assert
acme:database_column:acme-data-store-store-00035~bbe2eecf9e02,database_column,acme,acme:data_store:store-00035~61a4f2d1a91f,sales,sales_fact_00051,checksum_017,732,false,confidential,false,2024-10-02T16:52:03Z,\N,2024-10-23T17:48:21Z,\N,1,assert
acme:database_column:acme-data-store-store-00030~c2b2537c461f,database_column,acme,acme:data_store:store-00030~7cf56a2d81dd,wh,wh_fact_00088,sso_flag_004,176,false,public,false,2024-10-07T15:55:21Z,\N,2024-10-27T12:02:16Z,\N,1,assert
acme:database_column:acme-data-store-store-00028~b9dcdf1bdda4,database_column,acme,acme:data_store:store-00028~16ccdbcd0364,finance,finance_dim_00021,channel_024,1030,false,internal,true,2024-10-17T16:11:43Z,\N,2024-10-27T05:26:45Z,\N,1,assert
acme:database_column:acme-data-store-store-00002~9e1b3a493526,database_column,acme,acme:data_store:store-00002~a544946a70d1,sales,sales_dim_00095,role_id_021,902,false,public,true,2024-09-23T23:11:30Z,\N,2024-10-29T13:17:56Z,\N,1,assert
acme:database_column:acme-data-store-store-00027~8975887794b7,database_column,acme,acme:data_store:store-00027~0c9d272f0960,wh,wh_fact_00101,sso_provider_024,1054,false,confidential,true,2024-10-01T21:46:08Z,\N,2024-10-31T10:37:10Z,\N,1,assert
acme:database_column:acme-data-store-store-00047~1e4885338e55,database_column,acme,acme:data_store:store-00047~393f06fbb078,wh,wh_fact_00014,policy_id_020,859,false,public,true,2024-10-16T14:30:00Z,\N,2024-11-01T12:36:27Z,\N,1,assert
acme:database_column:acme-data-store-store-00005~6a87fd326ee9,database_column,acme,acme:data_store:store-00005~d9cb14e88d51,ops,legacy_events,sso_flag_006,264,false,public,true,2024-10-31T11:44:56Z,\N,2024-11-03T00:22:06Z,\N,1,assert
acme:database_column:acme-data-store-store-00028~fba167a17cb7,database_column,acme,acme:data_store:store-00028~16ccdbcd0364,finance,finance_dim_00021,bytes_in_006,257,false,public,false,2024-10-10T11:38:34Z,\N,2024-11-04T01:47:21Z,\N,1,assert
acme:database_column:acme-data-store-store-00004~0468838c5558,database_column,acme,acme:data_store:store-00004~3f005a82b8d6,wh,wh_dim_00023,session_id_020,847,false,confidential,true,2024-10-17T21:45:06Z,\N,2024-11-04T06:29:26Z,\N,1,assert
acme:database_column:acme-data-store-store-00030~1600651badcd,database_column,acme,acme:data_store:store-00030~7cf56a2d81dd,wh,wh_fact_00088,os_version_021,906,false,public,false,2024-11-03T05:22:17Z,\N,2024-11-05T03:24:53Z,\N,1,assert
acme:database_column:acme-data-store-store-00000~74ae16d2ac90,database_column,acme,acme:data_store:store-00000~199fa6b0c449,sales,sales_dim_00076,channel_006,238,false,confidential,true,2024-10-20T22:56:38Z,\N,2024-11-09T12:10:47Z,\N,1,assert
acme:database_column:acme-data-store-store-00002~c0084520a2be,database_column,acme,acme:data_store:store-00002~a544946a70d1,sales,sales_dim_00095,account_id_019,795,false,public,false,2024-10-11T02:35:37Z,\N,2024-11-11T21:19:57Z,\N,1,assert
acme:database_column:acme-data-store-store-00045~2228b7e52f5f,database_column,acme,acme:data_store:store-00045~bcae1cb7a646,sales,sales_dim_00009,ticket_id_010,406,false,public,false,2024-10-26T22:35:12Z,\N,2024-11-12T08:17:48Z,\N,1,assert
acme:database_column:acme-data-store-store-00005~a2e9bbfdff37,database_column,acme,acme:data_store:store-00005~d9cb14e88d51,ops,legacy_events,customer_id_024,1016,false,confidential,true,2024-09-29T01:47:46Z,\N,2024-11-12T15:49:47Z,\N,1,assert
acme:database_column:acme-data-store-store-00017~32c356a7a767,database_column,acme,acme:data_store:store-00017~0335de594a0b,sales,sales_fact_00028,policy_id_021,903,false,internal,true,2024-11-05T15:20:21Z,\N,2024-11-14T05:20:43Z,\N,1,assert
acme:database_column:acme-data-store-store-00005~65693f23de1e,database_column,acme,acme:data_store:store-00005~d9cb14e88d51,ops,legacy_events,notes_025,1088,false,internal,true,2024-11-12T03:27:07Z,\N,2024-11-17T06:47:42Z,\N,1,assert
acme:database_column:acme-data-store-store-00002~2d5f34d39369,database_column,acme,acme:data_store:store-00002~a544946a70d1,ops,ops_dim_00117,currency_024,1027,false,internal,true,2024-10-10T16:24:03Z,\N,2024-11-19T02:06:01Z,\N,1,assert
acme:database_column:acme-data-store-store-00030~58507941f0d1,database_column,acme,acme:data_store:store-00030~7cf56a2d81dd,ops,ops_fact_00035,policy_id_023,991,false,public,true,2024-10-30T18:41:52Z,\N,2024-11-23T17:30:23Z,\N,1,assert
acme:database_column:acme-data-store-store-00026~0eb18176853b,database_column,acme,acme:data_store:store-00026~a4fd7cb3cc14,ops,ops_dim_00094,bytes_out_011,478,false,public,false,2024-10-31T05:05:33Z,\N,2024-11-24T05:46:00Z,\N,1,assert
acme:database_column:acme-data-store-store-00000~50fff5bc994a,database_column,acme,acme:data_store:store-00000~199fa6b0c449,hr,employee,date_of_birth_004,165,true,pii,false,2024-11-03T00:00:02Z,\N,2024-11-26T17:37:15Z,\N,1,assert
acme:database_column:acme-data-store-store-00035~7df1de363dc5,database_column,acme,acme:data_store:store-00035~61a4f2d1a91f,ops,ops_fact_00013,amount_007,278,false,internal,true,2024-10-23T05:42:46Z,\N,2024-11-27T02:23:12Z,\N,1,assert
acme:database_column:acme-data-store-store-00053~3adad2399d33,database_column,acme,acme:data_store:store-00053~cfc974814be8,hr,hr_fact_00033,duration_ms_009,388,false,confidential,false,2024-10-20T14:54:50Z,\N,2024-11-29T12:38:27Z,\N,1,assert
acme:database_column:acme-data-store-store-00030~a7e2a085a109,database_column,acme,acme:data_store:store-00030~7cf56a2d81dd,wh,wh_fact_00088,is_deleted_020,867,false,internal,false,2024-12-01T00:13:16Z,\N,2024-12-03T04:11:53Z,\N,1,assert
acme:database_column:acme-data-store-store-00005~bd9bd5c3c156,database_column,acme,acme:data_store:store-00005~d9cb14e88d51,iam,iam_fact_00122,amount_014,586,false,internal,true,2024-11-23T21:59:48Z,\N,2024-12-07T10:23:03Z,\N,1,assert
acme:database_column:acme-data-store-store-00042~1f5b193ddfc3,database_column,acme,acme:data_store:store-00042~20df4870412d,finance,finance_fact_00039,label_006,253,false,public,false,2024-11-10T15:57:22Z,\N,2024-12-08T00:11:22Z,\N,1,assert
acme:database_column:acme-data-store-store-00001~bcafd6739dd7,database_column,acme,acme:data_store:store-00001~f3e021452766,crm,crm_fact_00096,invoice_id_017,713,false,confidential,true,2024-11-04T14:28:27Z,\N,2024-12-09T22:13:56Z,\N,1,assert
acme:database_column:acme-data-store-store-00002~f2d40577375f,database_column,acme,acme:data_store:store-00002~a544946a70d1,wh,wh_fact_00085,referrer_021,921,false,internal,true,2024-11-05T14:40:56Z,\N,2024-12-09T09:00:19Z,\N,1,assert
acme:database_column:acme-data-store-store-00047~58deec50cf1b,database_column,acme,acme:data_store:store-00047~393f06fbb078,wh,wh_fact_00014,session_id_023,979,false,public,true,2024-10-28T22:58:27Z,\N,2024-12-09T04:25:32Z,\N,1,assert
acme:database_column:acme-data-store-store-00058~36e0bf8f80fc,database_column,acme,acme:data_store:store-00058~c06e3715c28a,ops,ops_dim_00055,user_id_013,549,false,internal,false,2024-11-29T09:01:18Z,\N,2024-12-12T15:56:45Z,\N,1,assert
acme:database_column:acme-data-store-store-00002~7fca1e28ff46,database_column,acme,acme:data_store:store-00002~a544946a70d1,wh,wh_fact_00085,updated_at_006,250,false,confidential,true,2024-11-14T00:06:17Z,\N,2024-12-13T20:01:51Z,\N,1,assert
acme:database_column:acme-data-store-store-00017~e01a4bee3e59,database_column,acme,acme:data_store:store-00017~0335de594a0b,sales,sales_fact_00028,event_ts_007,266,false,public,true,2024-12-10T22:41:23Z,\N,2024-12-15T17:20:16Z,\N,1,assert
acme:database_column:acme-data-store-store-00028~5b62ce78ec84,database_column,acme,acme:data_store:store-00028~16ccdbcd0364,crm,crm_fact_00065,is_deleted_010,427,false,internal,true,2024-11-07T00:13:48Z,\N,2024-12-18T19:28:15Z,\N,1,assert
acme:database_column:acme-data-store-store-00030~ac6f31ceddb4,database_column,acme,acme:data_store:store-00030~7cf56a2d81dd,wh,wh_fact_00088,sso_provider_002,86,false,public,true,2024-12-10T18:55:03Z,\N,2024-12-20T02:29:30Z,\N,1,assert
acme:database_column:acme-data-store-store-00050~7c73083c3f1e,database_column,acme,acme:data_store:store-00050~5048ce7cff7d,hr,hr_fact_00090,bytes_in_011,477,false,confidential,true,2024-12-10T13:43:17Z,\N,2024-12-28T10:33:17Z,\N,1,assert
acme:database_column:acme-data-store-store-00005~f728eefc1bee,database_column,acme,acme:data_store:store-00005~d9cb14e88d51,finance,finance_dim_00075,hostname_016,685,false,public,false,2024-11-18T01:19:31Z,\N,2024-12-30T13:40:41Z,\N,1,assert
acme:database_column:acme-data-store-store-00019~99feafc556b4,database_column,acme,acme:data_store:store-00019~5a4a474c1de7,iam,iam_fact_00054,hostname_001,25,false,internal,false,2024-12-23T15:22:07Z,\N,2024-12-31T02:06:40Z,\N,1,assert
acme:database_column:acme-data-store-store-00035~3c6ef85db30e,database_column,acme,acme:data_store:store-00035~61a4f2d1a91f,iam,iam_fact_00086,http_status_021,919,false,public,true,2024-12-08T04:42:42Z,\N,2025-01-02T12:00:22Z,\N,1,assert
acme:database_column:acme-data-store-store-00028~4977934da7d0,database_column,acme,acme:data_store:store-00028~16ccdbcd0364,finance,finance_dim_00021,account_id_023,971,false,confidential,true,2024-11-28T00:13:04Z,\N,2025-01-03T13:32:18Z,\N,1,assert
acme:database_column:acme-data-store-store-00003~81fed1a48a8b,database_column,acme,acme:data_store:store-00003~355a60161960,crm,crm_dim_00105,ip_address_log_011,468,true,pii,false,2024-11-26T07:21:18Z,\N,2025-01-04T19:01:02Z,\N,1,assert
acme:database_column:acme-data-store-store-00001~df0f718229ec,database_column,acme,acme:data_store:store-00001~f3e021452766,finance,finance_fact_00112,user_agent_022,964,false,public,true,2024-11-26T02:51:23Z,\N,2025-01-09T14:06:18Z,\N,1,assert
acme:database_column:acme-data-store-store-00027~675f4476bd6e,database_column,acme,acme:data_store:store-00027~0c9d272f0960,hr,hr_fact_00068,amount_021,894,false,public,true,2024-12-16T01:29:19Z,\N,2025-01-10T11:55:49Z,\N,1,assert
acme:database_column:acme-data-store-store-00042~29ffae4915d4,database_column,acme,acme:data_store:store-00042~20df4870412d,finance,finance_fact_00039,policy_id_008,331,false,public,false,2024-12-26T20:46:35Z,\N,2025-01-14T20:27:48Z,\N,1,assert
acme:database_column:acme-data-store-store-00002~78188b5a74f5,database_column,acme,acme:data_store:store-00002~a544946a70d1,hr,hr_fact_00004,bytes_out_002,82,false,internal,false,2025-01-19T16:52:36Z,\N,2025-01-21T03:33:55Z,\N,1,assert
acme:database_column:acme-data-store-store-00004~dfdbe9a319c4,database_column,acme,acme:data_store:store-00004~3f005a82b8d6,hr,hr_dim_00071,region_011,459,false,public,true,2024-12-13T18:31:18Z,\N,2025-01-21T09:35:32Z,\N,1,assert
acme:database_column:acme-data-store-store-00041~9523a69cc799,database_column,acme,acme:data_store:store-00041~3a94689d27db,finance,finance_dim_00079,sso_flag_013,572,false,internal,false,2025-01-09T12:25:18Z,\N,2025-01-25T15:59:43Z,\N,1,assert
acme:database_column:acme-data-store-store-00002~265dfa2d9aef,database_column,acme,acme:data_store:store-00002~a544946a70d1,ops,ops_dim_00117,event_id_024,1013,false,confidential,true,2025-01-14T12:18:31Z,\N,2025-01-27T21:04:27Z,\N,1,assert
acme:database_column:acme-data-store-store-00002~1d23d8ff473a,database_column,acme,acme:data_store:store-00002~a544946a70d1,finance,finance_fact_00049,source_ip_010,408,false,internal,true,2025-01-07T00:28:50Z,\N,2025-01-31T20:14:33Z,\N,1,assert
acme:database_column:acme-data-store-store-00006~674c08504788,database_column,acme,acme:data_store:store-00006~cefd6d6f83c8,crm,crm_fact_00038,dest_ip_006,233,false,public,false,2025-01-08T13:20:00Z,\N,2025-02-03T09:30:00Z,\N,1,assert
acme:database_column:acme-data-store-store-00041~6f111a891420,database_column,acme,acme:data_store:store-00041~3a94689d27db,crm,crm_fact_00041,user_agent_012,524,false,internal,false,2024-12-31T07:07:12Z,\N,2025-02-03T11:23:56Z,\N,1,assert
acme:database_column:acme-data-store-store-00041~8ca82e54be5b,database_column,acme,acme:data_store:store-00041~3a94689d27db,finance,finance_dim_00079,bank_account_006,243,true,pii,false,2025-02-04T03:48:35Z,\N,2025-02-04T03:48:35Z,\N,1,assert
acme:database_column:acme-data-store-store-00035~7ffc1ca23551,database_column,acme,acme:data_store:store-00035~61a4f2d1a91f,sales,sales_fact_00051,referrer_003,129,false,public,true,2025-01-11T05:32:56Z,\N,2025-02-11T22:21:43Z,\N,1,assert
acme:database_column:acme-data-store-store-00000~cf341ca7380b,database_column,acme,acme:data_store:store-00000~199fa6b0c449,sales,sales_dim_00076,agent_version_006,247,false,internal,false,2025-01-12T11:01:01Z,\N,2025-02-11T14:03:24Z,\N,1,assert
acme:database_column:acme-data-store-store-00019~baf4b62ca5cf,database_column,acme,acme:data_store:store-00019~5a4a474c1de7,iam,iam_fact_00054,account_id_020,839,false,public,false,2025-02-04T20:08:43Z,\N,2025-02-12T08:53:25Z,\N,1,assert
acme:database_column:acme-data-store-store-00012~c9929f11a524,database_column,acme,acme:data_store:store-00012~3e059b31b745,sales,sales_fact_00016,os_version_017,730,false,internal,true,2025-02-04T05:58:51Z,\N,2025-02-20T01:11:59Z,\N,1,assert
acme:database_column:acme-data-store-store-00003~2fce84fca80e,database_column,acme,acme:data_store:store-00003~355a60161960,sales,sales_dim_00127,ticket_id_014,582,false,public,true,2025-01-20T00:05:38Z,\N,2025-02-21T20:20:19Z,\N,1,assert
acme:database_column:acme-data-store-store-00003~2b8e35679b38,database_column,acme,acme:data_store:store-00003~355a60161960,iam,iam_fact_00120,team_id_019,799,false,internal,false,2025-01-21T22:31:03Z,\N,2025-02-21T04:54:53Z,\N,1,assert
acme:database_column:acme-data-store-store-00004~00d2aa8cbc3c,database_column,acme,acme:data_store:store-00004~3f005a82b8d6,finance,finance_dim_00067,os_version_014,598,false,confidential,true,2025-01-12T19:52:46Z,\N,2025-02-23T02:04:05Z,\N,1,assert
acme:database_column:acme-data-store-store-00000~6a41fe3f3505,database_column,acme,acme:data_store:store-00000~199fa6b0c449,hr,employee,status_025,1073,false,internal,true,2025-02-16T07:35:46Z,\N,2025-03-02T03:28:21Z,\N,1,assert
acme:database_column:acme-data-store-store-00010~f85e219eb2c7,database_column,acme,acme:data_store:store-00010~c8a799f5f6ea,crm,crm_dim_00093,team_id_018,755,false,confidential,false,2025-01-27T17:36:37Z,\N,2025-03-03T01:37:16Z,\N,1,assert
acme:database_column:acme-data-store-store-00032~063d99751230,database_column,acme,acme:data_store:store-00032~3fb7e2e112a8,wh,wh_dim_00015,hostname_003,113,false,confidential,false,2025-03-10T10:10:49Z,\N,2025-03-12T23:34:02Z,\N,1,assert
acme:database_column:acme-data-store-store-00015~e16e1c07ef32,database_column,acme,acme:data_store:store-00015~b90744b8b425,sales,sales_fact_00022,event_id_008,309,false,public,false,2025-02-04T12:23:22Z,\N,2025-03-13T05:25:58Z,\N,1,assert
acme:database_column:acme-data-store-store-00030~1fd812e32211,database_column,acme,acme:data_store:store-00030~7cf56a2d81dd,wh,wh_fact_00088,agent_version_020,863,false,confidential,false,2025-03-12T04:51:51Z,\N,2025-03-15T22:20:25Z,\N,1,assert
acme:database_column:acme-data-store-store-00004~5e23aa93fe16,database_column,acme,acme:data_store:store-00004~3f005a82b8d6,finance,finance_dim_00067,bytes_in_015,653,false,confidential,false,2025-02-16T12:31:43Z,\N,2025-03-16T07:34:18Z,\N,1,assert
acme:database_column:acme-data-store-store-00002~a330fe051199,database_column,acme,acme:data_store:store-00002~a544946a70d1,sales,sales_dim_00095,is_deleted_013,559,false,public,true,2025-03-17T07:47:26Z,\N,2025-03-17T07:47:26Z,\N,1,assert
acme:database_column:acme-data-store-store-00042~4493189dfb71,database_column,acme,acme:data_store:store-00042~20df4870412d,crm,crm_fact_00064,amount_022,938,false,confidential,true,2025-03-01T09:30:11Z,\N,2025-03-17T15:53:20Z,\N,1,assert
acme:database_column:acme-data-store-store-00030~209c5c002140,database_column,acme,acme:data_store:store-00030~7cf56a2d81dd,wh,wh_fact_00088,role_id_020,858,false,internal,false,2025-02-11T01:42:03Z,\N,2025-03-20T03:11:27Z,\N,1,assert
acme:database_column:acme-data-store-store-00042~158485c92a04,database_column,acme,acme:data_store:store-00042~20df4870412d,finance,finance_fact_00039,bytes_out_018,786,false,confidential,true,2025-02-15T20:41:39Z,\N,2025-03-22T19:16:08Z,\N,1,assert
acme:database_column:acme-data-store-store-00012~27d57bab2086,database_column,acme,acme:data_store:store-00012~3e059b31b745,sales,sales_fact_00016,passport_number_014,612,true,pii,false,2025-02-18T13:39:42Z,\N,2025-03-25T16:38:18Z,\N,1,assert
acme:database_column:acme-data-store-store-00035~120605ea645a,database_column,acme,acme:data_store:store-00035~61a4f2d1a91f,wh,wh_fact_00011,customer_id_015,620,false,public,false,2025-03-27T13:41:40Z,\N,2025-03-27T13:41:40Z,\N,1,assert
acme:database_column:acme-data-store-store-00003~be2dc5a50b1b,database_column,acme,acme:data_store:store-00003~355a60161960,sales,sales_fact_00107,os_version_009,378,false,internal,false,2025-03-21T10:44:58Z,\N,2025-04-02T17:21:11Z,\N,1,assert
acme:database_column:acme-data-store-store-00050~e2963f8121ab,database_column,acme,acme:data_store:store-00050~5048ce7cff7d,hr,hr_fact_00090,bytes_in_005,213,false,confidential,true,2025-03-20T05:38:30Z,\N,2025-04-03T21:29:00Z,\N,1,assert
acme:database_column:acme-data-store-store-00019~e23dda02486d,database_column,acme,acme:data_store:store-00019~5a4a474c1de7,iam,iam_fact_00054,event_id_018,749,false,confidential,false,2025-03-15T21:49:07Z,\N,2025-04-04T23:48:53Z,\N,1,assert
acme:database_column:acme-data-store-store-00047~392991ab3241,database_column,acme,acme:data_store:store-00047~393f06fbb078,wh,wh_fact_00014,referrer_023,1009,false,internal,true,2025-02-23T02:17:36Z,\N,2025-04-08T17:20:10Z,\N,1,assert
acme:database_column:acme-data-store-store-00019~0517fba04fae,database_column,acme,acme:data_store:store-00019~5a4a474c1de7,iam,iam_fact_00054,tax_id_004,158,true,pii,true,2025-03-22T03:06:58Z,\N,2025-04-09T14:15:13Z,\N,1,assert
acme:database_column:acme-data-store-store-00003~fb6735deb093,database_column,acme,acme:data_store:store-00003~355a60161960,sales,sales_fact_00107,bank_account_007,287,true,pii,false,2025-04-02T03:33:37Z,\N,2025-04-10T12:50:05Z,\N,1,assert
acme:database_column:acme-data-store-store-00028~4970788c669f,database_column,acme,acme:data_store:store-00028~16ccdbcd0364,finance,finance_dim_00021,customer_id_020,840,false,confidential,true,2025-03-25T04:30:51Z,\N,2025-04-14T20:59:25Z,\N,1,assert
acme:database_column:acme-data-store-store-00003~c2e93ac0eb9f,database_column,acme,acme:data_store:store-00003~355a60161960,crm,crm_fact_00003,status_015,633,false,confidential,true,2025-03-15T01:00:44Z,\N,2025-04-15T06:31:13Z,\N,1,assert
acme:database_column:acme-data-store-store-00042~ec153ac6539a,database_column,acme,acme:data_store:store-00042~20df4870412d,finance,finance_fact_00039,role_id_009,374,false,internal,false,2025-04-15T19:24:35Z,\N,2025-04-16T16:02:25Z,\N,1,assert
acme:database_column:acme-data-store-store-00012~f6f78dece91b,database_column,acme,acme:data_store:store-00012~3e059b31b745,sales,sales_fact_00016,tax_id_005,217,true,pii,false,2025-03-30T03:42:07Z,\N,2025-04-18T08:16:55Z,\N,1,assert
acme:database_column:acme-data-store-store-00026~c4b13b08db56,database_column,acme,acme:data_store:store-00026~a4fd7cb3cc14,ops,ops_dim_00094,ticket_id_007,274,false,public,true,2025-03-11T00:20:09Z,\N,2025-04-20T15:32:15Z,\N,1,assert
acme:database_column:acme-data-store-store-00035~b5766b07f9f2,database_column,acme,acme:data_store:store-00035~61a4f2d1a91f,sales,sales_fact_00051,duration_ms_004,168,false,public,false,2025-04-21T15:43:31Z,\N,2025-04-22T05:13:29Z,\N,1,assert
acme:database_column:acme-data-store-store-00030~585724c457d1,database_column,acme,acme:data_store:store-00030~7cf56a2d81dd,finance,finance_dim_00097,dest_ip_022,937,false,confidential,false,2025-03-25T19:42:36Z,\N,2025-04-24T22:19:39Z,\N,1,assert
acme:database_column:acme-data-store-store-00003~b5c5c1416a0f,database_column,acme,acme:data_store:store-00003~355a60161960,iam,iam_fact_00120,region_010,415,false,internal,true,2025-03-18T10:55:35Z,\N,2025-04-25T20:03:30Z,\N,1,assert
acme:database_column:acme-data-store-store-00000~2a60d594dcd1,database_column,acme,acme:data_store:store-00000~199fa6b0c449,ops,ops_dim_00115,os_version_012,510,false,confidential,false,2025-04-26T07:19:45Z,\N,2025-04-28T04:48:24Z,\N,1,assert
acme:database_column:acme-data-store-store-00005~12354d423f57,database_column,acme,acme:data_store:store-00005~d9cb14e88d51,crm,crm_fact_00070,passport_number_022,949,true,pii,false,2025-04-04T05:28:52Z,\N,2025-04-29T08:02:20Z,\N,1,assert
acme:database_column:acme-data-store-store-00035~19da80fa3fd4,database_column,acme,acme:data_store:store-00035~61a4f2d1a91f,ops,ops_fact_00013,national_id_024,1029,\N,\N,\N,2025-04-10T09:15:11Z,\N,2025-05-03T08:14:36Z,\N,1,assert
acme:database_column:acme-data-store-store-00035~8af93696e23b,database_column,acme,acme:data_store:store-00035~61a4f2d1a91f,sales,sales_fact_00051,channel_011,458,false,public,false,2025-03-29T11:47:33Z,\N,2025-05-08T10:15:57Z,\N,1,assert
acme:database_column:acme-data-store-store-00045~830d58722d4c,database_column,acme,acme:data_store:store-00045~bcae1cb7a646,sales,sales_dim_00009,mfa_flag_010,439,false,confidential,true,2025-04-13T13:14:30Z,\N,2025-05-09T09:32:24Z,\N,1,assert
acme:database_column:acme-data-store-store-00042~e00eb842ee33,database_column,acme,acme:data_store:store-00042~20df4870412d,finance,finance_fact_00039,created_at_011,469,false,public,false,2025-04-10T19:09:02Z,\N,2025-05-10T01:55:25Z,\N,1,assert
acme:database_column:acme-data-store-store-00010~7a05bb56dea2,database_column,acme,acme:data_store:store-00010~c8a799f5f6ea,sales,sales_dim_00087,region_017,723,false,public,false,2025-03-30T23:13:15Z,\N,2025-05-13T11:52:05Z,\N,1,assert
acme:database_column:acme-data-store-store-00003~fcb3a1e68022,database_column,acme,acme:data_store:store-00003~355a60161960,iam,iam_fact_00120,site_id_018,754,false,internal,true,2025-04-16T21:38:07Z,\N,2025-05-13T00:19:20Z,\N,1,assert
acme:database_column:acme-data-store-store-00015~49fd0cd44797,database_column,acme,acme:data_store:store-00015~b90744b8b425,iam,iam_dim_00057,product_id_008,313,false,public,true,2025-05-02T03:47:08Z,\N,2025-05-16T20:40:57Z,\N,1,assert
acme:database_column:acme-data-store-store-00000~2ac6b036f576,database_column,acme,acme:data_store:store-00000~199fa6b0c449,ops,ops_dim_00115,quantity_005,192,false,public,true,2025-04-23T09:07:28Z,\N,2025-05-17T13:54:46Z,\N,1,assert
acme:database_column:acme-data-store-store-00053~ef5df91e0fe8,database_column,acme,acme:data_store:store-00053~cfc974814be8,crm,crm_fact_00121,http_status_010,435,\N,\N,\N,2025-05-08T02:52:08Z,\N,2025-05-27T03:07:38Z,\N,1,assert
acme:database_column:acme-data-store-store-00006~d8e6cf3c3175,database_column,acme,acme:data_store:store-00006~cefd6d6f83c8,ops,ops_fact_00032,mfa_flag_018,791,false,internal,false,2025-05-17T06:41:35Z,\N,2025-05-29T17:30:19Z,\N,1,assert
acme:database_column:acme-data-store-store-00019~d1e5aac1a090,database_column,acme,acme:data_store:store-00019~5a4a474c1de7,iam,iam_fact_00054,home_address_010,400,true,pii,false,2025-04-23T23:29:05Z,\N,2025-05-31T08:01:44Z,\N,1,assert
acme:database_column:acme-data-store-store-00007~3c30dd6aa544,database_column,acme,acme:data_store:store-00007~61b44d6166b5,iam,iam_dim_00029,score_018,783,false,internal,false,2025-04-23T13:50:21Z,\N,2025-05-31T07:07:22Z,\N,1,assert
acme:database_column:acme-data-store-store-00002~154a9b85ed7a,database_column,acme,acme:data_store:store-00002~a544946a70d1,ops,ops_dim_00117,currency_025,1071,false,public,true,2025-04-22T11:38:51Z,\N,2025-06-02T12:41:01Z,\N,1,assert
acme:database_column:acme-data-store-store-00006~55fc18b18b70,database_column,acme,acme:data_store:store-00006~cefd6d6f83c8,crm,crm_fact_00038,severity_024,1036,false,confidential,false,2025-05-05T01:53:57Z,\N,2025-06-04T16:36:02Z,\N,1,assert
acme:database_column:acme-data-store-store-00005~fca2056c0140,database_column,acme,acme:data_store:store-00005~d9cb14e88d51,crm,crm_fact_00070,ip_address_log_010,409,true,pii,false,2025-05-07T08:33:48Z,\N,2025-06-09T22:39:59Z,\N,1,assert
acme:database_column:acme-data-store-store-00032~99b5c189d244,database_column,acme,acme:data_store:store-00032~3fb7e2e112a8,hr,hr_fact_00081,session_token_001,15,true,pii,false,2025-05-30T04:18:13Z,\N,2025-06-11T20:23:50Z,\N,1,assert
acme:database_column:acme-data-store-store-00004~ee7c19e22529,database_column,acme,acme:data_store:store-00004~3f005a82b8d6,hr,hr_dim_00071,phone_016,696,true,pii,true,2025-05-05T21:09:28Z,\N,2025-06-11T20:04:18Z,\N,1,assert
acme:database_column:acme-data-store-store-00000~7d36a193cc62,database_column,acme,acme:data_store:store-00000~199fa6b0c449,ops,ops_dim_00115,source_ip_024,1024,false,public,true,2025-06-11T14:38:30Z,\N,2025-06-13T03:40:11Z,\N,1,assert
acme:database_column:acme-data-store-store-00027~ea5af5af2a9b,database_column,acme,acme:data_store:store-00027~0c9d272f0960,hr,hr_fact_00068,quantity_013,544,false,public,false,2025-06-06T02:38:44Z,\N,2025-06-14T14:13:24Z,\N,1,assert
acme:database_column:acme-data-store-store-00004~37535f4ebd70,database_column,acme,acme:data_store:store-00004~3f005a82b8d6,hr,hr_dim_00071,amount_005,190,false,public,true,2025-05-23T20:34:30Z,\N,2025-06-17T13:59:20Z,\N,1,assert
acme:database_column:acme-data-store-store-00032~b3c54c770260,database_column,acme,acme:data_store:store-00032~3fb7e2e112a8,hr,hr_fact_00081,event_ts_024,1014,false,public,true,2025-06-22T23:49:49Z,\N,2025-06-28T03:46:48Z,\N,1,assert
acme:database_column:acme-data-store-store-00003~a7bbb221343b,database_column,acme,acme:data_store:store-00003~355a60161960,sales,sales_fact_00107,account_id_015,619,false,internal,false,2025-06-14T15:22:09Z,\N,2025-07-03T06:07:04Z,\N,1,assert
acme:database_column:acme-data-store-store-00003~42416c89de22,database_column,acme,acme:data_store:store-00003~355a60161960,sales,sales_dim_00127,order_id_017,712,false,internal,true,2025-06-17T12:38:07Z,\N,2025-07-05T23:35:22Z,\N,1,assert
acme:database_column:acme-data-store-store-00003~d3770792d5fa,database_column,acme,acme:data_store:store-00003~355a60161960,iam,iam_fact_00120,order_id_020,844,false,public,true,2025-05-26T03:14:04Z,\N,2025-07-06T19:15:13Z,\N,1,assert
acme:database_column:acme-data-store-store-00003~d64c349f3dd4,database_column,acme,acme:data_store:store-00003~355a60161960,crm,crm_fact_00003,product_id_014,577,false,confidential,false,2025-06-21T12:40:48Z,\N,2025-07-12T12:48:07Z,\N,1,assert
acme:database_column:acme-data-store-store-00003~77193208526c,database_column,acme,acme:data_store:store-00003~355a60161960,iam,iam_fact_00120,date_of_birth_020,854,true,pii,false,2025-06-01T14:55:17Z,\N,2025-07-13T12:16:24Z,\N,1,assert
acme:database_column:acme-data-store-store-00050~d83f6c180caa,database_column,acme,acme:data_store:store-00050~5048ce7cff7d,sales,sales_dim_00063,customer_id_016,664,false,public,true,2025-06-28T05:26:57Z,\N,2025-07-14T06:04:35Z,\N,1,assert
acme:database_column:acme-data-store-store-00003~94943122aa75,database_column,acme,acme:data_store:store-00003~355a60161960,iam,iam_fact_00120,phone_010,432,true,pii,false,2025-06-10T14:12:17Z,\N,2025-07-15T03:47:41Z,\N,1,assert
acme:database_column:acme-data-store-store-00035~789a56467c9f,database_column,acme,acme:data_store:store-00035~61a4f2d1a91f,wh,wh_fact_00011,team_id_015,623,false,confidential,false,2025-07-09T17:49:07Z,\N,2025-07-18T12:27:18Z,\N,1,assert
acme:database_column:acme-data-store-store-00006~342e2bb700f5,database_column,acme,acme:data_store:store-00006~cefd6d6f83c8,crm,crm_fact_00038,notes_011,472,false,public,true,2025-07-04T17:55:19Z,\N,2025-07-19T12:41:28Z,\N,1,assert
acme:database_column:acme-data-store-store-00003~e5f4a34fc614,database_column,acme,acme:data_store:store-00003~355a60161960,sales,sales_fact_00107,team_id_014,579,false,internal,true,2025-06-19T17:45:12Z,\N,2025-07-19T04:20:26Z,\N,1,assert
acme:database_column:acme-data-store-store-00035~e77673e87b7a,database_column,acme,acme:data_store:store-00035~61a4f2d1a91f,wh,wh_fact_00011,hostname_021,905,false,internal,false,2025-07-11T08:08:58Z,\N,2025-07-19T02:04:08Z,\N,1,assert
acme:database_column:acme-data-store-store-00005~83d8015d8631,database_column,acme,acme:data_store:store-00005~d9cb14e88d51,iam,iam_fact_00122,label_003,121,false,public,false,2025-06-12T12:51:33Z,\N,2025-07-22T19:13:18Z,\N,1,assert
acme:database_column:acme-data-store-store-00035~e778c225b6bb,database_column,acme,acme:data_store:store-00035~61a4f2d1a91f,wh,wh_fact_00011,salary_006,227,true,pii,true,2025-06-09T03:53:44Z,\N,2025-07-22T16:10:39Z,\N,1,assert
acme:database_column:acme-data-store-store-00001~c68312dd5918,database_column,acme,acme:data_store:store-00001~f3e021452766,ops,ops_fact_00008,user_id_004,153,\N,\N,\N,2025-07-02T00:00:31Z,\N,2025-07-25T02:52:21Z,\N,1,assert
acme:database_column:acme-data-store-store-00042~6500037c7a34,database_column,acme,acme:data_store:store-00042~20df4870412d,crm,crm_fact_00064,role_id_002,66,false,public,false,2025-06-12T22:43:14Z,\N,2025-07-26T09:57:49Z,\N,1,assert
acme:database_column:acme-data-store-store-00005~9f1cf132cecd,database_column,acme,acme:data_store:store-00005~d9cb14e88d51,sales,sales_fact_00058,ticket_id_018,758,false,confidential,false,2025-07-10T04:56:34Z,\N,2025-07-27T07:46:01Z,\N,1,assert
acme:database_column:acme-data-store-store-00000~237fbabef8c9,database_column,acme,acme:data_store:store-00000~199fa6b0c449,ops,ops_dim_00115,is_deleted_014,603,false,public,true,2025-07-09T18:47:49Z,\N,2025-07-28T15:06:02Z,\N,1,assert
acme:database_column:acme-data-store-store-00003~c4f233d2cc3c,database_column,acme,acme:data_store:store-00003~355a60161960,sales,sales_dim_00127,ticket_id_004,142,false,public,false,2025-06-25T03:04:40Z,\N,2025-07-31T10:53:35Z,\N,1,assert
acme:database_column:acme-data-store-store-00003~228b24aaf113,database_column,acme,acme:data_store:store-00003~355a60161960,iam,iam_fact_00120,role_id_007,286,false,public,false,2025-07-19T11:31:15Z,\N,2025-08-02T04:36:04Z,\N,1,assert
acme:database_column:acme-data-store-store-00001~791fd351c041,database_column,acme,acme:data_store:store-00001~f3e021452766,crm,crm_fact_00096,account_id_016,663,false,internal,false,2025-07-11T01:47:45Z,\N,2025-08-02T17:22:30Z,\N,1,assert
acme:database_column:acme-data-store-store-00005~007615366a56,database_column,acme,acme:data_store:store-00005~d9cb14e88d51,crm,crm_fact_00070,event_ts_018,750,false,public,true,2025-06-26T18:41:56Z,\N,2025-08-05T02:53:54Z,\N,1,assert
acme:database_column:acme-data-store-store-00053~cd8690ce6fa4,database_column,acme,acme:data_store:store-00053~cfc974814be8,crm,crm_fact_00121,created_at_019,821,\N,\N,\N,2025-08-05T17:28:01Z,\N,2025-08-05T17:28:01Z,\N,1,assert
acme:database_column:acme-data-store-store-00010~b5328355be1f,database_column,acme,acme:data_store:store-00010~c8a799f5f6ea,sales,sales_dim_00087,mfa_flag_012,527,false,internal,true,2025-06-24T23:11:05Z,\N,2025-08-07T06:18:39Z,\N,1,assert
acme:database_column:acme-data-store-store-00053~7cad4aa2fe3c,database_column,acme,acme:data_store:store-00053~cfc974814be8,crm,crm_fact_00121,session_id_018,759,false,confidential,false,2025-07-22T07:25:49Z,\N,2025-08-09T22:29:44Z,\N,1,assert
acme:database_column:acme-data-store-store-00000~fa0192621208,database_column,acme,acme:data_store:store-00000~199fa6b0c449,hr,employee,quantity_017,720,false,internal,false,2025-07-30T08:46:04Z,\N,2025-08-11T04:23:37Z,\N,1,assert
acme:database_column:acme-data-store-store-00003~6db97151244e,database_column,acme,acme:data_store:store-00003~355a60161960,iam,iam_fact_00120,event_ts_011,442,false,public,true,2025-07-09T18:45:03Z,\N,2025-08-17T03:25:26Z,\N,1,assert
acme:database_column:acme-data-store-store-00058~33be18777044,database_column,acme,acme:data_store:store-00058~c06e3715c28a,wh,wh_fact_00118,duration_ms_014,608,false,public,true,2025-08-17T03:45:51Z,\N,2025-08-19T08:34:36Z,\N,1,assert
acme:database_column:acme-data-store-store-00005~2a553930446e,database_column,acme,acme:data_store:store-00005~d9cb14e88d51,crm,crm_fact_00070,sso_provider_025,1098,\N,\N,\N,2025-08-25T11:34:06Z,\N,2025-08-27T06:56:15Z,\N,1,assert
acme:database_column:acme-data-store-store-00005~08538ad7c50f,database_column,acme,acme:data_store:store-00005~d9cb14e88d51,iam,iam_fact_00073,status_016,677,false,public,true,2025-08-11T02:16:48Z,\N,2025-08-29T05:07:48Z,\N,1,assert
acme:database_column:acme-data-store-store-00027~acedc7be4338,database_column,acme,acme:data_store:store-00027~0c9d272f0960,wh,wh_fact_00101,referrer_022,965,false,confidential,false,2025-08-05T04:15:39Z,\N,2025-08-30T00:33:55Z,\N,1,assert
acme:database_column:acme-data-store-store-00019~24c57586a961,database_column,acme,acme:data_store:store-00019~5a4a474c1de7,iam,iam_fact_00054,category_003,122,false,confidential,false,2025-08-29T03:52:20Z,\N,2025-08-31T06:23:27Z,\N,1,assert
acme:database_column:acme-data-store-store-00027~d9bcb9f69dbc,database_column,acme,acme:data_store:store-00027~0c9d272f0960,hr,hr_fact_00068,sso_flag_009,396,false,internal,false,2025-07-30T14:24:21Z,\N,2025-09-02T01:02:22Z,\N,1,assert
acme:database_column:acme-data-store-store-00030~04c5aff2c617,database_column,acme,acme:data_store:store-00030~7cf56a2d81dd,iam,iam_fact_00074,session_id_008,319,false,internal,false,2025-09-02T21:41:38Z,\N,2025-09-06T08:21:29Z,\N,1,assert
acme:database_column:acme-data-store-store-00005~c9472c50e7c9,database_column,acme,acme:data_store:store-00005~d9cb14e88d51,ops,legacy_events,category_001,34,false,confidential,false,2025-09-05T15:27:29Z,\N,2025-09-08T11:58:47Z,\N,1,assert
acme:database_column:acme-data-store-store-00002~9fc36dd5d31d,database_column,acme,acme:data_store:store-00002~a544946a70d1,wh,wh_fact_00085,os_version_019,818,false,internal,true,2025-08-31T21:32:18Z,\N,2025-09-08T19:01:44Z,\N,1,assert
acme:database_column:acme-data-store-store-00002~e2601c652bd5,database_column,acme,acme:data_store:store-00002~a544946a70d1,wh,wh_fact_00085,status_020,853,false,public,false,2025-08-26T08:22:05Z,\N,2025-09-08T20:24:55Z,\N,1,assert
acme:database_column:acme-data-store-store-00003~383490717737,database_column,acme,acme:data_store:store-00003~355a60161960,iam,iam_fact_00120,severity_007,288,false,public,true,2025-09-04T09:10:47Z,\N,2025-09-14T23:21:27Z,\N,1,assert
acme:database_column:acme-data-store-store-00002~b2019c585445,database_column,acme,acme:data_store:store-00002~a544946a70d1,finance,finance_fact_00049,bytes_out_003,126,\N,\N,\N,2025-08-31T07:21:56Z,\N,2025-09-15T08:33:33Z,\N,1,assert
acme:database_column:acme-data-store-store-00054~fa0a3636e667,database_column,acme,acme:data_store:store-00054~87bb2b51b4fd,crm,crm_dim_00066,segment_015,636,false,internal,true,2025-08-21T17:16:22Z,\N,2025-09-17T22:42:02Z,\N,1,assert
acme:database_column:acme-data-store-store-00042~06d58acbb9a5,database_column,acme,acme:data_store:store-00042~20df4870412d,finance,finance_fact_00039,sso_provider_003,130,false,confidential,true,2025-09-17T06:10:45Z,\N,2025-09-21T03:43:50Z,\N,1,assert
acme:database_column:acme-data-store-store-00027~c8a04104d04a,database_column,acme,acme:data_store:store-00027~0c9d272f0960,wh,wh_fact_00101,mfa_flag_013,571,false,internal,false,2025-08-10T14:57:17Z,\N,2025-09-23T19:36:44Z,\N,1,assert
acme:database_column:acme-data-store-store-00019~224b251fac48,database_column,acme,acme:data_store:store-00019~5a4a474c1de7,iam,iam_fact_00054,created_at_001,29,false,internal,true,2025-09-24T22:00:11Z,\N,2025-09-29T04:38:29Z,\N,1,assert
acme:database_column:acme-data-store-store-00019~af455451c4e3,database_column,acme,acme:data_store:store-00019~5a4a474c1de7,iam,iam_fact_00054,http_status_007,303,false,public,false,2025-08-23T20:00:15Z,\N,2025-09-29T20:35:50Z,\N,1,assert
acme:database_column:acme-data-store-store-00041~0976f01f9b9c,database_column,acme,acme:data_store:store-00041~3a94689d27db,finance,finance_dim_00079,checksum_024,1040,false,public,true,2025-09-27T00:17:39Z,\N,2025-09-29T13:28:22Z,\N,1,assert
acme:database_column:acme-data-store-store-00004~97a112d72031,database_column,acme,acme:data_store:store-00004~3f005a82b8d6,hr,hr_dim_00071,home_address_004,166,true,pii,true,2025-09-12T07:58:46Z,\N,2025-10-07T05:45:17Z,\N,1,assert
acme:database_column:acme-data-store-store-00027~977d8c7e70db,database_column,acme,acme:data_store:store-00027~0c9d272f0960,wh,wh_fact_00101,is_deleted_002,75,\N,\N,\N,2025-10-02T20:09:05Z,\N,2025-10-08T05:22:18Z,\N,1,assert
acme:database_column:acme-data-store-store-00041~87fbe7c6f135,database_column,acme,acme:data_store:store-00041~3a94689d27db,finance,finance_dim_00079,quantity_016,676,false,public,true,2025-09-20T21:49:37Z,\N,2025-10-09T22:44:28Z,\N,1,assert
acme:database_column:acme-data-store-store-00007~d18d6673ed58,database_column,acme,acme:data_store:store-00007~61b44d6166b5,iam,iam_dim_00029,site_id_021,886,false,confidential,true,2025-10-04T12:34:17Z,\N,2025-10-10T09:39:58Z,\N,1,assert
acme:database_column:acme-data-store-store-00002~7d7e48f614f0,database_column,acme,acme:data_store:store-00002~a544946a70d1,wh,wh_fact_00007,order_id_009,360,false,confidential,true,2025-09-10T03:47:21Z,\N,2025-10-11T00:32:17Z,\N,1,assert
acme:database_column:acme-data-store-store-00026~499689cdc037,database_column,acme,acme:data_store:store-00026~a4fd7cb3cc14,ops,ops_dim_00094,invoice_id_001,9,false,internal,true,2025-09-05T09:19:39Z,\N,2025-10-12T06:28:17Z,\N,1,assert
acme:database_column:acme-data-store-store-00012~4e1dd03200a5,database_column,acme,acme:data_store:store-00012~3e059b31b745,sales,sales_fact_00016,checksum_012,512,false,internal,false,2025-09-21T04:36:03Z,\N,2025-10-12T02:09:08Z,\N,1,assert
acme:database_column:acme-data-store-store-00012~c3246fb63c3b,database_column,acme,acme:data_store:store-00012~3e059b31b745,sales,sales_fact_00016,salary_018,770,true,pii,false,2025-09-28T04:47:49Z,\N,2025-10-15T04:47:39Z,\N,1,assert
acme:database_column:acme-data-store-store-00015~a1bad313dd4f,database_column,acme,acme:data_store:store-00015~b90744b8b425,iam,iam_dim_00057,ticket_id_002,54,false,internal,true,2025-09-03T02:42:16Z,\N,2025-10-16T23:49:50Z,\N,1,assert
acme:database_column:acme-data-store-store-00002~a6d85d48518a,database_column,acme,acme:data_store:store-00002~a544946a70d1,wh,wh_fact_00085,bytes_out_012,522,false,internal,true,2025-09-23T17:29:42Z,\N,2025-10-17T18:33:52Z,\N,1,assert
acme:database_column:acme-data-store-store-00004~8bdfaa6015e8,database_column,acme,acme:data_store:store-00004~3f005a82b8d6,finance,finance_dim_00067,updated_at_025,1086,false,confidential,false,2025-09-23T12:12:57Z,\N,2025-10-17T19:27:07Z,\N,1,assert
acme:database_column:acme-data-store-store-00005~86a2b321b672,database_column,acme,acme:data_store:store-00005~d9cb14e88d51,iam,iam_dim_00109,medical_notes_017,728,true,pii,false,2025-10-14T23:30:05Z,\N,2025-10-22T13:39:21Z,\N,1,assert
acme:database_column:acme-data-store-store-00005~dea53d821c7e,database_column,acme,acme:data_store:store-00005~d9cb14e88d51,ops,legacy_events,amount_019,806,false,public,true,2025-10-15T10:46:06Z,\N,2025-10-25T12:08:34Z,\N,1,assert
acme:database_column:acme-data-store-store-00005~49b6e1c54a0a,database_column,acme,acme:data_store:store-00005~d9cb14e88d51,ops,legacy_events,source_ip_006,232,false,internal,false,2025-10-27T14:49:29Z,\N,2025-11-03T17:01:11Z,\N,1,assert
acme:database_column:acme-data-store-store-00027~5a635f1716dc,database_column,acme,acme:data_store:store-00027~0c9d272f0960,hr,hr_fact_00068,http_status_018,787,false,public,false,2025-10-19T15:33:35Z,\N,2025-11-05T18:56:05Z,\N,1,assert
acme:database_column:acme-data-store-store-00003~29bbab1d2b92,database_column,acme,acme:data_store:store-00003~355a60161960,sales,sales_dim_00127,quantity_006,236,false,confidential,false,2025-10-06T00:21:34Z,\N,2025-11-10T04:33:18Z,\N,1,assert
acme:database_column:acme-data-store-store-00058~6cdcb71929b6,database_column,acme,acme:data_store:store-00058~c06e3715c28a,ops,ops_dim_00055,currency_005,191,false,internal,true,2025-10-13T01:51:36Z,\N,2025-11-17T14:54:18Z,\N,1,assert
acme:database_column:acme-data-store-store-00015~7cd90af922fb,database_column,acme,acme:data_store:store-00015~b90744b8b425,sales,sales_fact_00022,score_015,651,false,internal,false,2025-11-10T14:22:16Z,\N,2025-11-18T09:11:54Z,\N,1,assert
acme:database_column:acme-data-store-store-00004~4636c500f7b7,database_column,acme,acme:data_store:store-00004~3f005a82b8d6,wh,wh_dim_00023,user_agent_008,348,false,confidential,true,2025-11-13T22:24:30Z,\N,2025-11-22T04:00:46Z,\N,1,assert
acme:database_column:acme-data-store-store-00012~aad63976e80a,database_column,acme,acme:data_store:store-00012~3e059b31b745,sales,sales_fact_00016,ticket_id_016,670,false,internal,false,2025-10-17T14:02:57Z,\N,2025-11-23T03:24:00Z,\N,1,assert
acme:database_column:acme-data-store-store-00002~d240330f1828,database_column,acme,acme:data_store:store-00002~a544946a70d1,wh,wh_fact_00007,status_011,457,false,internal,true,2025-11-15T07:57:18Z,\N,2025-11-24T11:16:39Z,\N,1,assert
acme:database_column:acme-data-store-store-00005~048b63936388,database_column,acme,acme:data_store:store-00005~d9cb14e88d51,finance,finance_dim_00075,currency_010,411,false,internal,false,2025-10-26T21:16:34Z,\N,2025-11-26T17:15:43Z,\N,1,assert
acme:database_column:acme-data-store-store-00006~011bddd8f754,database_column,acme,acme:data_store:store-00006~cefd6d6f83c8,ops,ops_fact_00032,score_013,563,false,public,false,2025-11-01T06:56:38Z,\N,2025-11-26T22:24:36Z,\N,1,assert
acme:database_column:acme-data-store-store-00050~c00cff3c656b,database_column,acme,acme:data_store:store-00050~5048ce7cff7d,hr,hr_fact_00090,user_id_016,681,false,confidential,true,2025-11-13T02:39:30Z,\N,2025-11-28T21:38:16Z,\N,1,assert
acme:database_column:acme-data-store-store-00028~a958b447db14,database_column,acme,acme:data_store:store-00028~16ccdbcd0364,crm,crm_fact_00065,order_id_015,624,false,confidential,true,2025-10-18T06:33:22Z,\N,2025-11-29T22:28:45Z,\N,1,assert
acme:database_column:acme-data-store-store-00004~7c70de9c972e,database_column,acme,acme:data_store:store-00004~3f005a82b8d6,wh,wh_dim_00023,policy_id_015,639,false,confidential,false,2025-11-04T20:32:24Z,\N,2025-12-02T14:58:52Z,\N,1,assert
acme:database_column:acme-data-store-store-00030~2fc9e43579e1,database_column,acme,acme:data_store:store-00030~7cf56a2d81dd,iam,iam_fact_00074,event_id_011,441,\N,\N,\N,2025-12-03T10:52:29Z,\N,2025-12-03T10:52:29Z,\N,1,assert
acme:database_column:acme-data-store-store-00002~77463a99c8d6,database_column,acme,acme:data_store:store-00002~a544946a70d1,wh,wh_fact_00030,site_id_022,930,false,internal,true,2025-11-23T03:26:29Z,\N,2025-12-04T07:55:40Z,\N,1,assert
acme:database_column:acme-data-store-store-00003~f263af801516,database_column,acme,acme:data_store:store-00003~355a60161960,iam,iam_fact_00120,bytes_in_018,785,false,confidential,false,2025-11-15T11:44:18Z,\N,2025-12-11T01:13:27Z,\N,1,assert
acme:database_column:acme-data-store-store-00002~583debb6c8ff,database_column,acme,acme:data_store:store-00002~a544946a70d1,wh,wh_fact_00007,dest_ip_001,13,false,public,true,2025-10-31T09:28:52Z,\N,2025-12-12T22:30:51Z,\N,1,assert
acme:database_column:acme-data-store-store-00058~ba4ff3525f9c,database_column,acme,acme:data_store:store-00058~c06e3715c28a,ops,ops_dim_00055,referrer_002,85,false,internal,true,2025-11-29T11:11:34Z,\N,2025-12-14T13:27:40Z,\N,1,assert
acme:database_column:acme-data-store-store-00032~d7bffbeefe2d,database_column,acme,acme:data_store:store-00032~3fb7e2e112a8,hr,hr_fact_00081,phone_024,1033,true,pii,false,2025-11-07T22:23:28Z,\N,2025-12-14T06:17:18Z,\N,1,assert
acme:database_column:acme-data-store-store-00001~c6eca9475291,database_column,acme,acme:data_store:store-00001~f3e021452766,ops,ops_fact_00008,login_history_005,220,\N,\N,\N,2025-12-13T02:15:12Z,\N,2025-12-17T19:13:45Z,\N,1,assert
acme:database_column:acme-data-store-store-00028~e467897bc126,database_column,acme,acme:data_store:store-00028~16ccdbcd0364,crm,crm_fact_00065,session_id_004,143,false,confidential,false,2025-11-27T16:43:31Z,\N,2025-12-20T02:00:12Z,\N,1,assert
acme:database_column:acme-data-store-store-00005~82cd2b2d3300,database_column,acme,acme:data_store:store-00005~d9cb14e88d51,iam,iam_fact_00073,national_id_021,897,\N,\N,\N,2025-12-12T03:39:12Z,\N,2025-12-21T18:33:28Z,\N,1,assert
acme:database_column:acme-data-store-store-00042~154f455eeae6,database_column,acme,acme:data_store:store-00042~20df4870412d,finance,finance_fact_00039,currency_023,983,false,internal,true,2025-12-09T05:43:00Z,\N,2025-12-24T14:01:47Z,\N,1,assert
acme:database_column:acme-data-store-store-00003~e342ecc5e704,database_column,acme,acme:data_store:store-00003~355a60161960,finance,finance_fact_00025,login_history_025,1085,\N,\N,\N,2025-12-17T20:48:18Z,\N,2025-12-25T08:56:39Z,\N,1,assert
acme:database_column:acme-data-store-store-00041~b338179b9c99,database_column,acme,acme:data_store:store-00041~3a94689d27db,crm,crm_fact_00041,os_version_022,950,false,internal,false,2025-12-02T07:06:18Z,\N,2025-12-28T12:29:40Z,\N,1,assert
acme:database_column:acme-data-store-store-00000~614f5a81a743,database_column,acme,acme:data_store:store-00000~199fa6b0c449,ops,ops_dim_00115,mfa_flag_009,395,false,confidential,true,2025-11-16T15:37:45Z,\N,2025-12-29T04:35:11Z,\N,1,assert
acme:database_column:acme-data-store-store-00005~63bf17625650,database_column,acme,acme:data_store:store-00005~d9cb14e88d51,iam,iam_fact_00073,team_id_023,975,false,public,true,2025-11-16T10:26:49Z,\N,2025-12-29T13:55:25Z,\N,1,assert
acme:database_column:acme-data-store-store-00012~86d1d29bfdb4,database_column,acme,acme:data_store:store-00012~3e059b31b745,sales,sales_fact_00016,event_id_004,133,false,confidential,true,2025-12-29T17:43:46Z,\N,2026-01-02T16:37:22Z,\N,1,assert
acme:database_column:acme-data-store-store-00002~ae7a013cb845,database_column,acme,acme:data_store:store-00002~a544946a70d1,hr,hr_fact_00004,order_id_006,228,false,public,true,2025-11-30T20:20:26Z,\N,2026-01-02T00:48:11Z,\N,1,assert
acme:database_column:acme-data-store-store-00003~675021a0efb2,database_column,acme,acme:data_store:store-00003~355a60161960,finance,finance_fact_00025,bytes_out_017,742,false,public,false,2025-12-24T23:13:03Z,\N,2026-01-02T23:41:33Z,\N,1,assert
acme:database_column:acme-data-store-store-00030~3bba4a373c42,database_column,acme,acme:data_store:store-00030~7cf56a2d81dd,ops,ops_fact_00035,duration_ms_023,1004,false,public,true,2025-11-21T10:53:16Z,\N,2026-01-02T14:16:01Z,\N,1,assert
acme:database_column:acme-data-store-store-00001~5f43b2b7795b,database_column,acme,acme:data_store:store-00001~f3e021452766,finance,finance_fact_00112,team_id_017,711,false,confidential,false,2025-12-28T22:31:56Z,\N,2026-01-05T05:00:18Z,\N,1,assert
acme:database_column:acme-data-store-store-00008~b7e24c0ae4de,database_column,acme,acme:data_store:store-00008~64869a06626c,wh,wh_fact_00026,currency_008,323,false,public,false,2025-12-23T08:42:26Z,\N,2026-01-06T03:53:33Z,\N,1,assert
acme:database_column:acme-data-store-store-00002~df35c108dfbd,database_column,acme,acme:data_store:store-00002~a544946a70d1,hr,hr_fact_00004,policy_id_022,947,false,confidential,false,2025-11-30T03:37:50Z,\N,2026-01-08T09:28:19Z,\N,1,assert
acme:database_column:acme-data-store-store-00005~b14378c74888,database_column,acme,acme:data_store:store-00005~d9cb14e88d51,iam,iam_dim_00109,email_018,768,true,pii,true,2025-12-29T07:17:15Z,\N,2026-01-10T07:24:56Z,\N,1,assert
acme:database_column:acme-data-store-store-00000~bda67c8b1451,database_column,acme,acme:data_store:store-00000~199fa6b0c449,hr,employee,sso_provider_021,922,false,public,true,2025-11-28T13:59:34Z,\N,2026-01-11T22:24:28Z,\N,1,assert
acme:database_column:acme-data-store-store-00053~1605dbd181e1,database_column,acme,acme:data_store:store-00053~cfc974814be8,hr,hr_fact_00045,event_ts_008,310,false,confidential,false,2025-12-03T03:13:53Z,\N,2026-01-14T18:20:11Z,\N,1,assert
acme:database_column:acme-data-store-store-00005~6752a7fb1e8b,database_column,acme,acme:data_store:store-00005~d9cb14e88d51,ops,legacy_events,medical_notes_011,449,true,pii,false,2025-12-30T10:29:31Z,\N,2026-01-17T19:11:39Z,\N,1,assert
acme:database_column:acme-data-store-store-00030~0c447736f749,database_column,acme,acme:data_store:store-00030~7cf56a2d81dd,iam,iam_fact_00074,checksum_025,1084,false,confidential,true,2025-12-31T22:39:14Z,\N,2026-01-17T00:10:35Z,\N,1,assert
acme:database_column:acme-data-store-store-00042~4b4a79d2d231,database_column,acme,acme:data_store:store-00042~20df4870412d,finance,finance_fact_00039,updated_at_023,998,\N,\N,\N,2026-01-04T21:48:03Z,\N,2026-01-23T16:45:35Z,\N,1,assert
acme:database_column:acme-data-store-store-00028~3828df4cc202,database_column,acme,acme:data_store:store-00028~16ccdbcd0364,crm,crm_fact_00065,mfa_flag_020,879,false,internal,true,2026-01-07T21:19:08Z,\N,2026-01-24T20:31:51Z,\N,1,assert
acme:database_column:acme-data-store-store-00002~9984276d2a55,database_column,acme,acme:data_store:store-00002~a544946a70d1,hr,hr_fact_00004,updated_at_010,426,false,internal,true,2025-12-25T08:28:39Z,\N,2026-01-27T07:40:34Z,\N,1,assert
acme:database_column:acme-data-store-store-00045~9e851dc64c33,database_column,acme,acme:data_store:store-00045~bcae1cb7a646,sales,sales_dim_00009,currency_017,719,false,internal,false,2026-01-08T03:53:45Z,\N,2026-01-28T16:02:33Z,\N,1,assert
acme:database_column:acme-data-store-store-00005~4598ab1ed090,database_column,acme,acme:data_store:store-00005~d9cb14e88d51,iam,iam_fact_00122,team_id_001,7,false,public,false,2026-01-17T01:25:34Z,\N,2026-01-29T11:46:27Z,\N,1,assert
acme:database_column:acme-data-store-store-00004~0ff2abe54a67,database_column,acme,acme:data_store:store-00004~3f005a82b8d6,finance,finance_dim_00067,severity_016,684,false,internal,true,2026-01-23T19:13:02Z,\N,2026-01-30T23:09:18Z,\N,1,assert
acme:database_column:acme-data-store-store-00017~660f46aad2f2,database_column,acme,acme:data_store:store-00017~0335de594a0b,sales,sales_fact_00028,ticket_id_015,626,\N,\N,\N,2025-12-19T14:11:04Z,\N,2026-02-01T03:53:05Z,\N,1,assert
acme:database_column:acme-data-store-store-00001~bfb920493bef,database_column,acme,acme:data_store:store-00001~f3e021452766,ops,ops_fact_00008,sso_provider_004,174,false,internal,false,2026-02-01T13:09:00Z,\N,2026-02-02T02:48:04Z,\N,1,assert
acme:database_column:acme-data-store-store-00004~ee467e6763bb,database_column,acme,acme:data_store:store-00004~3f005a82b8d6,finance,finance_dim_00067,role_id_011,462,false,confidential,true,2025-12-28T01:23:38Z,\N,2026-02-02T16:56:16Z,\N,1,assert
acme:database_column:acme-data-store-store-00003~952068b22a19,database_column,acme,acme:data_store:store-00003~355a60161960,sales,sales_dim_00127,currency_009,367,false,internal,false,2025-12-25T22:24:21Z,\N,2026-02-04T11:04:00Z,\N,1,assert
acme:database_column:acme-data-store-store-00004~fb6c39d27c15,database_column,acme,acme:data_store:store-00004~3f005a82b8d6,finance,finance_dim_00067,dest_ip_009,365,false,confidential,false,2025-12-25T18:15:56Z,\N,2026-02-05T09:45:42Z,\N,1,assert
acme:database_column:acme-data-store-store-00005~661229107746,database_column,acme,acme:data_store:store-00005~d9cb14e88d51,iam,iam_dim_00109,account_id_009,355,false,confidential,true,2026-01-16T10:27:13Z,\N,2026-02-06T10:06:19Z,\N,1,assert
acme:database_column:acme-data-store-store-00006~4c793f18b856,database_column,acme,acme:data_store:store-00006~cefd6d6f83c8,finance,finance_fact_00102,referrer_010,437,false,public,false,2026-01-22T22:11:42Z,\N,2026-02-08T15:53:56Z,\N,1,assert
acme:database_column:acme-data-store-store-00017~c4efcc0aea6b,database_column,acme,acme:data_store:store-00017~0335de594a0b,sales,sales_fact_00028,agent_version_021,907,false,public,false,2026-01-08T16:48:38Z,\N,2026-02-08T08:48:25Z,\N,1,assert
acme:database_column:acme-data-store-store-00035~c835e1f80c4c,database_column,acme,acme:data_store:store-00035~61a4f2d1a91f,wh,wh_fact_00011,category_007,298,false,confidential,true,2026-01-17T08:34:49Z,\N,2026-02-11T11:46:34Z,\N,1,assert
acme:database_column:acme-data-store-store-00050~6f181ef91b54,database_column,acme,acme:data_store:store-00050~5048ce7cff7d,hr,hr_fact_00090,account_id_008,311,false,confidential,true,2026-01-07T09:07:12Z,\N,2026-02-11T23:24:15Z,\N,1,assert
acme:database_column:acme-data-store-store-00053~eca9290b1436,database_column,acme,acme:data_store:store-00053~cfc974814be8,hr,hr_fact_00045,event_id_021,881,false,confidential,true,2026-01-28T21:42:48Z,\N,2026-02-13T00:36:52Z,\N,1,assert
acme:database_column:acme-data-store-store-00058~fb17b2932a24,database_column,acme,acme:data_store:store-00058~c06e3715c28a,ops,ops_dim_00055,user_id_015,637,false,confidential,true,2026-02-08T16:41:50Z,\N,2026-02-14T10:45:05Z,\N,1,assert
acme:database_column:acme-data-store-store-00032~924b7fcfed13,database_column,acme,acme:data_store:store-00032~3fb7e2e112a8,hr,hr_fact_00081,user_agent_010,436,false,internal,false,2026-02-11T15:34:12Z,\N,2026-02-19T15:09:01Z,\N,1,assert
acme:database_column:acme-data-store-store-00008~08d3d6339d7d,database_column,acme,acme:data_store:store-00008~64869a06626c,wh,wh_fact_00026,status_002,61,false,confidential,true,2026-02-04T06:45:47Z,\N,2026-02-20T11:06:51Z,\N,1,assert
acme:database_column:acme-data-store-store-00000~4cbc5d6b1cd4,database_column,acme,acme:data_store:store-00000~199fa6b0c449,ops,ops_dim_00115,created_at_016,689,false,internal,false,2026-01-10T18:00:31Z,\N,2026-02-22T18:02:33Z,\N,1,assert
acme:database_column:acme-data-store-store-00012~7ee2bdf28881,database_column,acme,acme:data_store:store-00012~3e059b31b745,crm,crm_fact_00061,region_022,943,false,confidential,true,2026-02-05T21:25:49Z,\N,2026-02-23T22:21:24Z,\N,1,assert
acme:database_column:acme-data-store-store-00015~0ba32e2a29a7,database_column,acme,acme:data_store:store-00015~b90744b8b425,iam,iam_dim_00057,session_id_002,55,false,internal,false,2026-01-24T09:42:46Z,\N,2026-02-24T14:09:27Z,\N,1,assert
acme:database_column:acme-data-store-store-00028~657196ad2d82,database_column,acme,acme:data_store:store-00028~16ccdbcd0364,finance,finance_dim_00021,ticket_id_021,890,false,public,true,2026-01-20T14:29:50Z,\N,2026-02-24T20:23:25Z,\N,1,assert
acme:database_column:acme-data-store-store-00015~311cf18aa567,database_column,acme,acme:data_store:store-00015~b90744b8b425,iam,iam_dim_00057,user_agent_025,1096,\N,\N,\N,2026-01-20T11:33:11Z,\N,2026-02-24T04:13:59Z,\N,1,assert
acme:database_column:acme-data-store-store-00047~a0392b5571fe,database_column,acme,acme:data_store:store-00047~393f06fbb078,wh,wh_fact_00014,order_id_007,272,false,public,true,2026-01-19T13:23:51Z,\N,2026-02-25T19:22:07Z,\N,1,assert
acme:database_column:acme-data-store-store-00045~0bff1155eb65,database_column,acme,acme:data_store:store-00045~bcae1cb7a646,sales,sales_dim_00009,medical_notes_021,889,\N,\N,\N,2026-01-17T16:51:44Z,\N,2026-02-25T10:51:40Z,\N,1,assert
acme:database_column:acme-data-store-store-00002~d0a71f68938a,database_column,acme,acme:data_store:store-00002~a544946a70d1,ops,ops_dim_00117,user_agent_016,700,false,public,true,2026-02-07T12:50:02Z,\N,2026-02-26T17:48:06Z,\N,1,assert
acme:database_column:acme-data-store-store-00035~acd1e993616f,database_column,acme,acme:data_store:store-00035~61a4f2d1a91f,wh,wh_fact_00011,emergency_contact_010,423,\N,\N,\N,2026-01-15T07:01:02Z,\N,2026-02-28T00:41:46Z,\N,1,assert
acme:database_column:acme-data-store-store-00002~73cc6c876a4f,database_column,acme,acme:data_store:store-00002~a544946a70d1,wh,wh_fact_00085,email_023,1003,true,pii,true,2026-01-27T20:49:05Z,\N,2026-03-02T20:09:45Z,\N,1,assert
acme:database_column:acme-data-store-store-00000~08e343633185,database_column,acme,acme:data_store:store-00000~199fa6b0c449,sales,sales_dim_00076,mfa_flag_004,175,false,confidential,false,2026-02-19T08:49:26Z,\N,2026-03-05T01:53:48Z,\N,1,assert
acme:database_column:acme-data-store-store-00015~8628261c1bea,database_column,acme,acme:data_store:store-00015~b90744b8b425,sales,sales_fact_00022,date_of_birth_002,77,true,pii,false,2026-02-24T13:39:39Z,\N,2026-03-08T01:23:13Z,\N,1,assert
acme:database_column:acme-data-store-store-00003~7bf098d7e8bc,database_column,acme,acme:data_store:store-00003~355a60161960,crm,crm_fact_00003,segment_024,1032,false,public,true,2026-01-28T23:47:12Z,\N,2026-03-08T14:15:29Z,\N,1,assert
acme:database_column:acme-data-store-store-00004~3fe53e734bc7,database_column,acme,acme:data_store:store-00004~3f005a82b8d6,finance,finance_dim_00067,user_id_005,197,false,public,false,2026-02-08T14:23:08Z,\N,2026-03-12T19:04:19Z,\N,1,assert
acme:database_column:acme-data-store-store-00000~748919ea5b1b,database_column,acme,acme:data_store:store-00000~199fa6b0c449,hr,employee,role_id_016,682,false,public,true,2026-03-08T05:53:45Z,\N,2026-03-12T18:09:06Z,\N,1,assert
acme:database_column:acme-data-store-store-00038~d88b68638102,database_column,acme,acme:data_store:store-00038~ad708d8492b0,finance,finance_fact_00091,quantity_019,808,false,confidential,false,2026-03-07T03:31:04Z,\N,2026-03-14T19:47:32Z,\N,1,assert
acme:database_column:acme-data-store-store-00003~e89babfb3403,database_column,acme,acme:data_store:store-00003~355a60161960,iam,iam_fact_00120,bytes_in_021,917,false,internal,false,2026-01-30T07:47:03Z,\N,2026-03-14T02:58:42Z,\N,1,assert
acme:database_column:acme-data-store-store-00034~83d83a2d2a4d,database_column,acme,acme:data_store:store-00034~a13ca0592528,hr,hr_fact_00106,user_id_022,945,false,public,true,2026-03-01T22:47:58Z,\N,2026-03-18T03:00:08Z,\N,1,assert
acme:database_column:acme-data-store-store-00001~d25b30503486,database_column,acme,acme:data_store:store-00001~f3e021452766,ops,ops_fact_00008,bytes_in_019,829,false,public,true,2026-03-10T11:32:40Z,\N,2026-03-19T05:36:05Z,\N,1,assert
acme:database_column:acme-data-store-store-00005~0758b7132e84,database_column,acme,acme:data_store:store-00005~d9cb14e88d51,sales,sales_fact_00058,product_id_010,401,false,confidential,false,2026-02-27T22:28:17Z,\N,2026-03-20T01:37:00Z,\N,1,assert
acme:database_column:acme-data-store-store-00000~beb7dbdda529,database_column,acme,acme:data_store:store-00000~199fa6b0c449,sales,sales_dim_00076,sso_flag_012,528,false,confidential,false,2026-02-28T02:25:24Z,\N,2026-03-23T01:29:55Z,\N,1,assert
acme:database_column:acme-data-store-store-00041~9a23ad4534e9,database_column,acme,acme:data_store:store-00041~3a94689d27db,crm,crm_fact_00041,team_id_011,447,false,confidential,false,2026-02-15T01:35:10Z,\N,2026-03-24T10:09:17Z,\N,1,assert
acme:database_column:acme-data-store-store-00001~fd8f13d3d951,database_column,acme,acme:data_store:store-00001~f3e021452766,crm,crm_fact_00096,amount_024,1026,false,confidential,true,2026-03-21T21:14:27Z,\N,2026-03-25T23:46:30Z,\N,1,assert
acme:database_column:acme-data-store-store-00006~75c8ccb95210,database_column,acme,acme:data_store:store-00006~cefd6d6f83c8,crm,crm_fact_00038,dest_ip_003,101,false,confidential,true,2026-03-16T05:17:51Z,\N,2026-03-26T05:43:54Z,\N,1,assert
acme:database_column:acme-data-store-store-00053~f30ea820abad,database_column,acme,acme:data_store:store-00053~cfc974814be8,hr,hr_fact_00045,session_id_006,231,false,public,false,2026-02-25T01:35:23Z,\N,2026-03-26T23:37:24Z,\N,1,assert
acme:database_column:acme-data-store-store-00053~92c955b89006,database_column,acme,acme:data_store:store-00053~cfc974814be8,hr,hr_fact_00033,email_025,1076,true,pii,true,2026-03-01T19:28:59Z,\N,2026-03-26T00:28:14Z,\N,1,assert
acme:database_column:acme-data-store-store-00002~82d5a756c69a,database_column,acme,acme:data_store:store-00002~a544946a70d1,finance,finance_fact_00049,emergency_contact_017,731,true,pii,false,2026-03-16T09:18:41Z,\N,2026-03-28T09:04:18Z,\N,1,assert
acme:database_column:acme-data-store-store-00030~83f2064a828c,database_column,acme,acme:data_store:store-00030~7cf56a2d81dd,wh,wh_fact_00088,channel_025,1074,false,public,true,2026-03-06T07:25:16Z,\N,2026-03-28T15:53:58Z,\N,1,assert
acme:database_column:acme-data-store-store-00041~d3eca2448d6d,database_column,acme,acme:data_store:store-00041~3a94689d27db,finance,finance_dim_00114,ticket_id_005,186,false,public,false,2026-03-20T08:40:01Z,\N,2026-04-02T10:54:29Z,\N,1,assert
acme:database_column:acme-data-store-store-00035~1e277704f5de,database_column,acme,acme:data_store:store-00035~61a4f2d1a91f,sales,sales_fact_00051,date_of_birth_023,1001,true,pii,true,2026-03-11T09:36:37Z,\N,2026-04-03T02:56:29Z,\N,1,assert
acme:database_column:acme-data-store-store-00036~2ea46425ccf0,database_column,acme,acme:data_store:store-00036~a649203d56ee,hr,hr_dim_00078,region_006,239,false,confidential,false,2026-03-11T09:41:00Z,\N,2026-04-06T17:17:38Z,\N,1,assert
acme:database_column:acme-data-store-store-00002~2c7f2065cd66,database_column,acme,acme:data_store:store-00002~a544946a70d1,wh,wh_fact_00030,bytes_in_008,345,false,public,false,2026-02-22T11:32:23Z,\N,2026-04-07T05:26:33Z,\N,1,assert
acme:database_column:acme-data-store-store-00026~a3954728ceb9,database_column,acme,acme:data_store:store-00026~a4fd7cb3cc14,ops,ops_dim_00094,policy_id_018,771,false,confidential,false,2026-02-27T07:36:15Z,\N,2026-04-07T07:13:48Z,\N,1,assert
acme:database_column:acme-data-store-store-00006~0c9d8242a7aa,database_column,acme,acme:data_store:store-00006~cefd6d6f83c8,ops,ops_fact_00032,region_007,283,false,public,false,2026-03-03T15:36:26Z,\N,2026-04-09T21:08:45Z,\N,1,assert
acme:database_column:acme-data-store-store-00053~1f5e64939161,database_column,acme,acme:data_store:store-00053~cfc974814be8,hr,hr_fact_00045,bytes_in_022,961,false,confidential,false,2026-04-12T16:19:02Z,\N,2026-04-12T16:19:02Z,\N,1,assert
acme:database_column:acme-data-store-store-00026~bae00a08cccb,database_column,acme,acme:data_store:store-00026~a4fd7cb3cc14,ops,ops_dim_00094,category_002,78,false,public,false,2026-04-01T04:06:05Z,\N,2026-04-16T15:35:48Z,\N,1,assert
acme:database_column:acme-data-store-store-00005~4c8d5c6b151e,database_column,acme,acme:data_store:store-00005~d9cb14e88d51,sales,sales_fact_00058,created_at_015,645,\N,\N,\N,2026-03-24T15:12:30Z,\N,2026-04-16T22:18:10Z,\N,1,assert
acme:database_column:acme-data-store-store-00032~cb0b2c078860,database_column,acme,acme:data_store:store-00032~3fb7e2e112a8,hr,hr_fact_00081,category_022,958,false,internal,false,2026-04-08T16:58:22Z,\N,2026-04-17T01:23:48Z,\N,1,assert
acme:database_column:acme-data-store-store-00003~d07374b01fc8,database_column,acme,acme:data_store:store-00003~355a60161960,crm,crm_fact_00003,invoice_id_014,581,false,internal,false,2026-03-09T06:22:19Z,\N,2026-04-21T23:33:52Z,\N,1,assert
acme:database_column:acme-data-store-store-00005~7e7e84605124,database_column,acme,acme:data_store:store-00005~d9cb14e88d51,sales,sales_fact_00058,policy_id_025,1079,false,confidential,false,2026-04-15T23:38:22Z,\N,2026-04-24T06:28:45Z,\N,1,assert
acme:database_column:acme-data-store-store-00035~e626bde034ae,database_column,acme,acme:data_store:store-00035~61a4f2d1a91f,iam,iam_fact_00086,sso_provider_008,350,false,confidential,false,2026-04-16T07:42:52Z,\N,2026-04-25T15:02:51Z,\N,1,assert
acme:database_column:acme-data-store-store-00015~7d0e360e9399,database_column,acme,acme:data_store:store-00015~b90744b8b425,iam,iam_dim_00057,duration_ms_025,1092,false,internal,true,2026-03-21T18:38:59Z,\N,2026-04-27T06:34:13Z,\N,1,assert
acme:database_column:acme-data-store-store-00035~b66d1f2e2439,database_column,acme,acme:data_store:store-00035~61a4f2d1a91f,iam,iam_fact_00086,segment_010,416,false,confidential,true,2026-03-29T21:04:55Z,\N,2026-04-29T15:34:52Z,\N,1,assert
acme:database_column:acme-data-store-store-00000~2a624078893e,database_column,acme,acme:data_store:store-00000~199fa6b0c449,sales,sales_dim_00076,medical_notes_025,1065,true,pii,true,2026-04-23T01:44:19Z,\N,2026-04-30T23:54:59Z,\N,1,assert
acme:database_column:acme-data-store-store-00003~ae45c9cf8b56,database_column,acme,acme:data_store:store-00003~355a60161960,crm,crm_fact_00003,sso_flag_023,1012,false,confidential,true,2026-04-23T07:45:58Z,\N,2026-05-01T06:40:01Z,\N,1,assert
acme:database_column:acme-data-store-store-00041~19755f5ce857,database_column,acme,acme:data_store:store-00041~3a94689d27db,finance,finance_dim_00114,severity_002,68,false,public,true,2026-04-07T14:08:47Z,\N,2026-05-02T11:29:51Z,\N,1,assert
acme:database_column:acme-data-store-store-00036~ae2e78eed2ec,database_column,acme,acme:data_store:store-00036~a649203d56ee,hr,hr_dim_00078,event_ts_006,222,false,internal,true,2026-04-12T06:07:02Z,\N,2026-05-03T12:21:28Z,\N,1,assert
acme:database_column:acme-data-store-store-00034~1250dd8d952c,database_column,acme,acme:data_store:store-00034~a13ca0592528,iam,iam_fact_00092,user_agent_005,216,false,internal,false,2026-04-07T23:02:33Z,\N,2026-05-05T14:46:20Z,\N,1,assert
acme:database_column:acme-data-store-store-00008~a07d1f9fa7fb,database_column,acme,acme:data_store:store-00008~64869a06626c,wh,wh_fact_00026,checksum_019,820,false,internal,true,2026-04-01T13:18:49Z,\N,2026-05-06T01:54:53Z,\N,1,assert
acme:database_column:acme-data-store-store-00000~72a3408a37c9,database_column,acme,acme:data_store:store-00000~199fa6b0c449,wh,wh_dim_00119,quantity_024,1028,false,internal,true,2026-04-19T00:06:47Z,\N,2026-05-06T05:56:38Z,\N,1,assert
acme:database_column:acme-data-store-store-00022~698eab37c409,database_column,acme,acme:data_store:store-00022~73ab60793373,hr,hr_fact_00024,ticket_id_003,98,false,public,true,2026-04-22T21:32:52Z,\N,2026-05-07T12:21:25Z,\N,1,assert
acme:database_column:acme-data-store-store-00041~53b1d5125460,database_column,acme,acme:data_store:store-00041~3a94689d27db,finance,finance_dim_00079,event_id_017,705,false,internal,false,2026-04-23T05:03:18Z,\N,2026-05-07T20:10:18Z,\N,1,assert
acme:database_column:acme-data-store-store-00041~3153e90b5ea9,database_column,acme,acme:data_store:store-00041~3a94689d27db,finance,finance_dim_00079,amount_018,762,false,internal,true,2026-03-29T23:56:53Z,\N,2026-05-07T18:56:10Z,\N,1,assert
acme:database_column:acme-data-store-store-00017~bdf9aa212929,database_column,acme,acme:data_store:store-00017~0335de594a0b,sales,sales_fact_00028,status_010,413,false,public,true,2026-05-01T17:14:50Z,\N,2026-05-10T15:53:20Z,\N,1,assert
acme:database_column:acme-data-store-store-00001~5bca480ebb30,database_column,acme,acme:data_store:store-00001~f3e021452766,sales,sales_fact_00019,hostname_010,421,false,public,true,2026-04-10T20:24:38Z,\N,2026-05-12T18:50:42Z,\N,1,assert
acme:database_column:acme-data-store-store-00033~8d0ee9bba5af,database_column,acme,acme:data_store:store-00033~736c89011dd7,hr,hr_fact_00044,customer_id_017,708,false,public,false,2026-04-13T04:44:24Z,\N,2026-05-12T07:51:02Z,\N,1,assert
acme:database_column:acme-data-store-store-00000~8cc8ce20a42a,database_column,acme,acme:data_store:store-00000~199fa6b0c449,hr,employee,event_ts_004,134,false,internal,true,2026-05-11T05:25:45Z,\N,2026-05-14T06:34:12Z,\N,1,assert
acme:database_column:acme-data-store-store-00003~d190ae85fe2f,database_column,acme,acme:data_store:store-00003~355a60161960,sales,sales_fact_00107,hostname_015,641,false,public,true,2026-05-07T19:19:20Z,\N,2026-05-14T09:24:34Z,\N,1,assert
acme:database_column:acme-data-store-store-00003~f42b6a46727a,database_column,acme,acme:data_store:store-00003~355a60161960,sales,sales_dim_00127,account_id_014,575,false,confidential,true,2026-05-08T20:55:32Z,\N,2026-05-17T01:31:46Z,\N,1,assert
acme:database_column:acme-data-store-store-00030~3150711dfea6,database_column,acme,acme:data_store:store-00030~7cf56a2d81dd,finance,finance_dim_00097,agent_version_023,995,false,public,false,2026-04-12T05:31:16Z,\N,2026-05-18T08:40:24Z,\N,1,assert
acme:database_column:acme-data-store-store-00006~45e8727d37cb,database_column,acme,acme:data_store:store-00006~cefd6d6f83c8,crm,crm_fact_00038,notes_001,32,false,confidential,false,2026-04-26T19:35:07Z,\N,2026-05-19T20:00:44Z,\N,1,assert
acme:database_column:acme-data-store-store-00008~d3a4cacdac40,database_column,acme,acme:data_store:store-00008~64869a06626c,wh,wh_fact_00018,duration_ms_019,828,\N,\N,\N,2026-04-16T16:51:11Z,\N,2026-05-19T16:21:21Z,\N,1,assert
acme:database_column:acme-data-store-store-00001~8bc39bfdf541,database_column,acme,acme:data_store:store-00001~f3e021452766,crm,crm_fact_00096,updated_at_003,118,false,internal,true,2026-05-20T07:47:56Z,\N,2026-05-20T07:47:56Z,\N,1,assert
acme:database_column:acme-data-store-store-00036~ae1b5b9aaf2e,database_column,acme,acme:data_store:store-00036~a649203d56ee,hr,hr_dim_00078,sso_provider_020,878,false,public,false,2026-04-22T19:20:17Z,\N,2026-05-23T20:18:11Z,\N,1,assert
acme:database_column:acme-data-store-store-00050~f2eeae266e47,database_column,acme,acme:data_store:store-00050~5048ce7cff7d,hr,hr_fact_00090,agent_version_018,775,false,internal,false,2026-04-16T22:02:37Z,\N,2026-05-25T11:58:40Z,\N,1,assert
acme:database_column:acme-data-store-store-00006~db46bcbb3dbe,database_column,acme,acme:data_store:store-00006~cefd6d6f83c8,crm,crm_fact_00038,hostname_004,157,false,public,false,2026-04-29T13:45:46Z,\N,2026-05-30T18:35:26Z,\N,1,assert
acme:database_column:acme-data-store-store-00000~ef48b5799fe5,database_column,acme,acme:data_store:store-00000~199fa6b0c449,hr,employee,notes_007,296,false,public,false,2026-05-03T16:17:36Z,\N,2026-05-30T04:31:21Z,\N,1,assert
acme:database_column:acme-data-store-store-00047~aedfc301ef9c,database_column,acme,acme:data_store:store-00047~393f06fbb078,iam,iam_fact_00116,login_history_022,953,true,pii,true,2026-04-17T21:10:36Z,\N,2026-05-30T11:30:25Z,\N,1,assert
acme:database_column:acme-data-store-store-00001~63d8291e45bf,database_column,acme,acme:data_store:store-00001~f3e021452766,finance,finance_fact_00112,account_id_002,47,false,confidential,false,2026-04-28T22:32:57Z,\N,2026-06-01T11:34:49Z,\N,1,assert
acme:database_column:acme-data-store-store-00001~f608be21e0a0,database_column,acme,acme:data_store:store-00001~f3e021452766,ops,ops_fact_00008,checksum_008,336,false,internal,true,2026-05-11T20:04:03Z,\N,2026-06-03T00:21:06Z,\N,1,assert
acme:database_column:acme-data-store-store-00028~fc1faccabaf2,database_column,acme,acme:data_store:store-00028~16ccdbcd0364,crm,crm_fact_00065,agent_version_015,643,false,public,false,2026-05-11T15:47:05Z,\N,2026-06-03T18:06:08Z,\N,1,assert
acme:database_column:acme-data-store-store-00004~054854c5a2ec,database_column,acme,acme:data_store:store-00004~3f005a82b8d6,sales,sales_dim_00113,bytes_out_019,830,false,confidential,true,2026-05-02T11:23:45Z,\N,2026-06-03T11:23:28Z,\N,1,assert
acme:database_column:acme-data-store-store-00010~84d6f24e108e,database_column,acme,acme:data_store:store-00010~c8a799f5f6ea,sales,sales_dim_00087,checksum_003,116,false,public,true,2026-05-23T11:16:29Z,\N,2026-06-05T15:06:42Z,\N,1,assert
acme:database_column:acme-data-store-store-00017~b38d0f218dc8,database_column,acme,acme:data_store:store-00017~0335de594a0b,sales,sales_fact_00028,agent_version_025,1083,false,confidential,true,2026-05-23T23:01:49Z,\N,2026-06-05T02:41:49Z,\N,1,assert
acme:database_column:acme-data-store-store-00005~867a4ed70a3a,database_column,acme,acme:data_store:store-00005~d9cb14e88d51,iam,iam_fact_00122,referrer_014,613,\N,\N,\N,2026-05-09T12:17:52Z,\N,2026-06-06T01:26:28Z,\N,1,assert
acme:database_column:acme-data-store-store-00058~ca510dd926cd,database_column,acme,acme:data_store:store-00058~c06e3715c28a,ops,ops_dim_00055,checksum_006,248,false,internal,false,2026-05-22T21:03:27Z,\N,2026-06-07T13:47:11Z,\N,1,assert
acme:database_column:acme-data-store-store-00002~eb591a28c589,database_column,acme,acme:data_store:store-00002~a544946a70d1,finance,finance_fact_00049,bytes_out_013,566,false,public,true,2026-05-25T18:22:10Z,\N,2026-06-07T21:57:58Z,\N,1,assert
acme:database_column:acme-data-store-store-00002~a4f773fd25c8,database_column,acme,acme:data_store:store-00002~a544946a70d1,wh,wh_fact_00007,amount_011,454,false,confidential,true,2026-04-27T18:40:48Z,\N,2026-06-08T01:57:19Z,\N,1,assert
acme:database_column:acme-data-store-store-00002~d6077dc8804b,database_column,acme,acme:data_store:store-00002~a544946a70d1,hr,hr_fact_00004,notes_014,604,false,internal,true,2026-05-09T05:05:54Z,\N,2026-06-08T14:50:13Z,\N,1,assert
acme:database_column:acme-data-store-store-00005~5bf76cd70498,database_column,acme,acme:data_store:store-00005~d9cb14e88d51,ops,legacy_events,medical_notes_015,655,true,pii,true,2026-05-18T12:07:01Z,\N,2026-06-10T00:38:56Z,\N,1,assert
acme:database_column:acme-data-store-store-00002~1ea57daeeaf5,database_column,acme,acme:data_store:store-00002~a544946a70d1,wh,wh_fact_00085,source_ip_020,848,false,public,true,2026-05-18T18:37:01Z,\N,2026-06-10T17:00:57Z,\N,1,assert
acme:database_column:acme-data-store-store-00004~afcee4ce003c,database_column,acme,acme:data_store:store-00004~3f005a82b8d6,wh,wh_dim_00023,hostname_009,377,false,public,false,2026-06-01T18:17:59Z,\N,2026-06-11T15:31:48Z,\N,1,assert
acme:database_column:acme-data-store-store-00001~64a63a6495dd,database_column,acme,acme:data_store:store-00001~f3e021452766,ops,ops_fact_00008,label_011,473,\N,\N,\N,2026-06-06T12:01:07Z,\N,2026-06-13T15:35:50Z,\N,1,assert
acme:database_column:acme-data-store-store-00042~76ce9dcd3fda,database_column,acme,acme:data_store:store-00042~20df4870412d,finance,finance_fact_00039,phone_003,109,true,pii,false,2026-06-14T03:55:19Z,\N,2026-06-14T03:55:19Z,\N,1,assert
acme:database_column:acme-data-store-store-00022~df39430de9ed,database_column,acme,acme:data_store:store-00022~73ab60793373,hr,hr_fact_00024,bytes_in_009,389,false,internal,true,2026-06-05T02:22:12Z,\N,2026-06-15T01:17:22Z,\N,1,assert
acme:database_column:acme-data-store-store-00054~7658c2fc4092,database_column,acme,acme:data_store:store-00054~87bb2b51b4fd,crm,crm_dim_00066,mfa_flag_016,703,false,confidential,false,2026-05-06T01:21:47Z,\N,2026-06-16T00:58:23Z,\N,1,assert
acme:database_column:acme-data-store-store-00000~50b6beb20011,database_column,acme,acme:data_store:store-00000~199fa6b0c449,hr,employee,agent_version_011,467,\N,\N,\N,2026-05-20T03:28:02Z,\N,2026-06-17T18:02:18Z,\N,1,assert
acme:database_column:acme-data-store-store-00003~7de151bbcd26,database_column,acme,acme:data_store:store-00003~355a60161960,crm,crm_fact_00003,order_id_002,52,false,public,true,2026-05-10T22:21:16Z,\N,2026-06-22T17:07:00Z,\N,1,assert
acme:database_column:acme-data-store-store-00021~b8bbb1221ee4,database_column,acme,acme:data_store:store-00021~d27ae2ef09dd,hr,staff,passport_number_002,69,true,pii,true,2026-06-04T02:07:12Z,\N,2026-06-22T16:55:20Z,\N,1,assert
acme:database_column:acme-data-store-store-00053~900242fb76c2,database_column,acme,acme:data_store:store-00053~cfc974814be8,crm,crm_fact_00121,score_021,915,false,confidential,false,2026-05-27T04:40:55Z,\N,2026-06-22T01:22:21Z,\N,1,assert
acme:database_column:acme-data-store-store-00002~a6254e554d9b,database_column,acme,acme:data_store:store-00002~a544946a70d1,hr,hr_fact_00004,referrer_008,349,false,confidential,true,2026-05-20T07:42:00Z,\N,2026-06-23T13:19:38Z,\N,1,assert
acme:database_column:acme-data-store-store-00000~8ac2ab59104b,database_column,acme,acme:data_store:store-00000~199fa6b0c449,ops,ops_dim_00115,sso_provider_019,834,false,internal,false,2026-06-04T04:14:56Z,\N,2026-06-24T14:34:46Z,\N,1,assert
acme:database_column:acme-data-store-store-00053~63db637c5884,database_column,acme,acme:data_store:store-00053~cfc974814be8,hr,hr_fact_00033,segment_020,856,false,confidential,true,2026-06-28T22:00:59Z,\N,2026-06-28T22:00:59Z,\N,1,assert
acme:database_column:acme-data-store-store-00000~e09bf318c0ce,database_column,acme,acme:data_store:store-00000~199fa6b0c449,wh,wh_dim_00119,updated_at_002,74,false,confidential,false,2026-06-20T13:56:52Z,\N,2026-06-29T00:52:57Z,\N,1,assert
acme:database_column:acme-data-store-store-00000~cc166b6a1e36,database_column,acme,acme:data_store:store-00000~199fa6b0c449,hr,employee,product_id_002,49,false,confidential,false,2026-06-17T10:14:25Z,\N,2026-07-01T18:28:52Z,\N,1,assert
acme:database_column:acme-data-store-store-00002~0772c965af47,database_column,acme,acme:data_store:store-00002~a544946a70d1,hr,hr_fact_00004,customer_id_019,796,false,public,true,2026-06-09T19:34:25Z,\N,2026-07-02T17:49:57Z,\N,1,assert
acme:database_column:acme-data-store-store-00001~a706153c73a9,database_column,acme,acme:data_store:store-00001~f3e021452766,sales,sales_fact_00019,user_agent_023,1008,false,public,false,2026-07-02T14:16:25Z,\N,2026-07-03T20:03:58Z,\N,1,assert
acme:database_column:acme-data-store-store-00004~1bfdf42f88be,database_column,acme,acme:data_store:store-00004~3f005a82b8d6,hr,hr_dim_00071,duration_ms_008,344,false,confidential,true,2026-07-04T00:08:52Z,\N,2026-07-07T15:03:56Z,\N,1,assert
acme:database_column:acme-data-store-store-00002~cb0685b1468d,database_column,acme,acme:data_store:store-00002~a544946a70d1,wh,wh_fact_00085,team_id_010,403,false,internal,true,2026-06-03T13:31:51Z,\N,2026-07-09T06:39:22Z,\N,1,assert
acme:database_column:acme-data-store-store-00030~14c418ee1c17,database_column,acme,acme:data_store:store-00030~7cf56a2d81dd,ops,ops_fact_00035,ip_address_log_011,483,true,pii,false,2026-06-14T21:25:08Z,\N,2026-07-09T20:35:35Z,\N,1,assert
acme:database_column:acme-data-store-store-00022~e0706917e995,database_column,acme,acme:data_store:store-00022~73ab60793373,hr,hr_fact_00024,site_id_025,1062,false,public,true,2026-06-10T04:14:33Z,\N,2026-07-09T14:11:25Z,\N,1,assert
acme:database_column:acme-data-store-store-00035~712abcd282bc,database_column,acme,acme:data_store:store-00035~61a4f2d1a91f,wh,wh_fact_00011,severity_014,596,\N,\N,\N,2026-07-03T03:57:33Z,\N,2026-07-10T13:10:57Z,\N,1,assert
acme:database_column:acme-data-store-store-00001~a923dea76669,database_column,acme,acme:data_store:store-00001~f3e021452766,sales,sales_fact_00019,source_ip_011,452,\N,\N,\N,2026-06-08T00:55:40Z,\N,2026-07-11T07:13:41Z,\N,1,assert
acme:database_column:acme-data-store-store-00002~0c43c31dec02,database_column,acme,acme:data_store:store-00002~a544946a70d1,ops,ops_dim_00117,role_id_022,946,false,confidential,true,2026-07-06T15:54:53Z,\N,2026-07-13T17:02:45Z,\N,1,assert
acme:database_column:acme-data-store-store-00005~c93701241d17,database_column,acme,acme:data_store:store-00005~d9cb14e88d51,wh,wh_fact_00006,event_ts_003,90,false,public,true,2026-06-01T18:34:55Z,\N,2026-07-15T15:18:29Z,\N,1,assert
acme:database_column:acme-data-store-store-00007~d7fe6c9c6b47,database_column,acme,acme:data_store:store-00007~61b44d6166b5,iam,iam_dim_00029,channel_004,150,false,confidential,false,2026-06-10T03:44:25Z,\N,2026-07-16T01:13:44Z,\N,1,assert
acme:database_column:acme-data-store-store-00053~e103977d6a8c,database_column,acme,acme:data_store:store-00053~cfc974814be8,hr,hr_fact_00045,sso_flag_019,836,\N,\N,\N,2026-07-17T19:01:36Z,\N,2026-07-21T05:21:45Z,\N,1,assert
acme:database_column:acme-data-store-store-00012~bcaf912914e0,database_column,acme,acme:data_store:store-00012~3e059b31b745,wh,wh_dim_00059,passport_number_014,597,\N,\N,\N,2026-07-10T15:40:48Z,\N,2026-07-22T09:42:32Z,\N,1,assert
acme:database_column:acme-data-store-store-00058~277ecc39f757,database_column,acme,acme:data_store:store-00058~c06e3715c28a,ops,ops_dim_00055,duration_ms_018,784,false,internal,false,2026-07-16T09:36:47Z,\N,2026-07-24T10:46:44Z,\N,1,assert
acme:database_column:acme-data-store-store-00002~537511e3b14d,database_column,acme,acme:data_store:store-00002~a544946a70d1,hr,hr_fact_00004,session_id_010,407,false,public,false,2026-06-20T04:15:28Z,\N,2026-07-26T02:41:11Z,\N,1,assert
acme:database_column:acme-data-store-store-00038~884392d3692c,database_column,acme,acme:data_store:store-00038~ad708d8492b0,finance,finance_fact_00091,account_id_018,751,false,public,false,2026-07-07T00:02:10Z,\N,2026-07-26T17:20:22Z,\N,1,assert
acme:database_column:acme-data-store-store-00019~2a28539b1425,database_column,acme,acme:data_store:store-00019~5a4a474c1de7,iam,iam_fact_00054,session_id_007,275,\N,\N,\N,2026-07-21T12:37:38Z,\N,2026-07-28T20:37:53Z,\N,1,assert
acme:database_column:acme-data-store-store-00005~987bd2bfb44e,database_column,acme,acme:data_store:store-00005~d9cb14e88d51,ops,legacy_events,bytes_out_009,390,false,public,true,2026-06-17T12:11:26Z,\N,2026-07-28T03:49:10Z,\N,1,assert
acme:database_column:acme-data-store-store-00003~ec491a826159,database_column,acme,acme:data_store:store-00003~355a60161960,finance,finance_fact_00025,policy_id_013,551,false,confidential,true,2026-07-20T03:58:57Z,\N,2026-07-28T06:50:03Z,\N,1,assert
acme:database_column:acme-data-store-store-00015~87f708addb38,database_column,acme,acme:data_store:store-00015~b90744b8b425,iam,iam_dim_00057,order_id_005,184,false,public,false,2026-07-26T09:24:08Z,\N,2026-07-29T16:46:53Z,\N,1,assert
acme:database_column:acme-data-store-store-00030~787788651036,database_column,acme,acme:data_store:store-00030~7cf56a2d81dd,finance,finance_dim_00097,user_id_017,725,false,public,true,2026-07-29T15:22:46Z,\N,2026-08-01T06:12:18Z,\N,1,assert
acme:database_column:acme-data-store-store-00058~b69498ac1d22,database_column,acme,acme:data_store:store-00058~c06e3715c28a,wh,wh_fact_00118,session_id_021,891,false,public,false,2026-06-20T16:28:02Z,\N,2026-08-03T17:29:55Z,\N,1,assert
acme:database_column:acme-data-store-store-00012~21c6b393ee28,database_column,acme,acme:data_store:store-00012~3e059b31b745,crm,crm_fact_00061,os_version_024,1038,false,internal,true,2026-07-16T15:37:43Z,\N,2026-08-04T12:00:07Z,\N,1,assert
acme:database_column:acme-data-store-store-00002~70e58e8cd506,database_column,acme,acme:data_store:store-00002~a544946a70d1,wh,wh_fact_00007,order_id_008,316,false,internal,true,2026-08-06T13:38:57Z,\N,2026-08-06T13:38:57Z,\N,1,assert
acme:database_column:acme-data-store-store-00002~5052e7125039,database_column,acme,acme:data_store:store-00002~a544946a70d1,hr,hr_fact_00004,dest_ip_012,497,false,internal,false,2026-07-10T03:27:47Z,\N,2026-08-07T23:22:42Z,\N,1,assert
acme:database_column:acme-data-store-store-00017~709a07ffc81b,database_column,acme,acme:data_store:store-00017~0335de594a0b,sales,sales_fact_00028,created_at_020,865,false,internal,true,2026-06-24T15:13:06Z,\N,2026-08-07T10:54:37Z,\N,1,assert
acme:database_column:acme-data-store-store-00026~e620b371a7fd,database_column,acme,acme:data_store:store-00026~a4fd7cb3cc14,ops,ops_dim_00094,medical_notes_016,699,true,pii,false,2026-07-05T18:12:49Z,\N,2026-08-08T17:16:57Z,\N,1,assert
acme:database_column:acme-data-store-store-00001~c67920fde47e,database_column,acme,acme:data_store:store-00001~f3e021452766,finance,finance_fact_00112,channel_015,634,false,public,true,2026-07-19T21:47:10Z,\N,2026-08-10T21:53:03Z,\N,1,assert
acme:database_column:acme-data-store-store-00002~6ddf5c4b491f,database_column,acme,acme:data_store:store-00002~a544946a70d1,wh,wh_fact_00007,segment_021,900,false,public,true,2026-08-04T20:35:52Z,\N,2026-08-10T02:10:13Z,\N,1,assert
acme:database_column:acme-data-store-store-00030~2e9687061928,database_column,acme,acme:data_store:store-00030~7cf56a2d81dd,finance,finance_dim_00097,http_status_002,83,false,public,false,2026-07-30T10:42:13Z,\N,2026-08-11T01:08:46Z,\N,1,assert
acme:database_column:acme-data-store-store-00008~ab77a1b480e2,database_column,acme,acme:data_store:store-00008~64869a06626c,wh,wh_fact_00026,amount_013,542,false,internal,true,2026-07-19T06:22:50Z,\N,2026-08-11T23:20:06Z,\N,1,assert
acme:database_column:acme-data-store-store-00041~6047d9770771,database_column,acme,acme:data_store:store-00041~3a94689d27db,crm,crm_fact_00041,referrer_009,393,false,confidential,false,2026-07-24T09:32:11Z,\N,2026-08-12T17:29:30Z,\N,1,assert
acme:database_column:acme-data-store-store-00005~452c72b942aa,database_column,acme,acme:data_store:store-00005~d9cb14e88d51,finance,finance_dim_00075,segment_003,108,false,confidential,false,2026-07-22T04:45:19Z,\N,2026-08-13T23:37:42Z,\N,1,assert
acme:database_column:acme-data-store-store-00053~c63f6a41d815,database_column,acme,acme:data_store:store-00053~cfc974814be8,hr,hr_fact_00045,updated_at_016,690,false,internal,true,2026-07-16T07:47:22Z,\N,2026-08-14T06:47:35Z,\N,1,assert
acme:database_column:acme-data-store-store-00021~90c7ab4967c2,database_column,acme,acme:data_store:store-00021~d27ae2ef09dd,hr,staff,category_012,518,false,internal,false,2026-07-28T21:45:43Z,\N,2026-08-16T10:23:53Z,\N,1,assert
acme:database_column:acme-data-store-store-00033~b4ca7a540317,database_column,acme,acme:data_store:store-00033~736c89011dd7,hr,hr_fact_00044,notes_013,560,false,confidential,false,2026-08-13T11:39:29Z,\N,2026-08-17T22:50:12Z,\N,1,assert
acme:database_column:acme-data-store-store-00005~9f068dc0ddbe,database_column,acme,acme:data_store:store-00005~d9cb14e88d51,crm,crm_fact_00070,quantity_003,104,false,confidential,true,2026-07-18T11:37:36Z,\N,2026-08-18T12:49:04Z,\N,1,assert
acme:database_column:acme-data-store-store-00008~de79574e291e,database_column,acme,acme:data_store:store-00008~64869a06626c,wh,wh_fact_00018,label_019,825,false,confidential,false,2026-07-25T03:58:33Z,\N,2026-08-18T11:29:18Z,\N,1,assert
acme:database_column:acme-data-store-store-00047~d01e83894da7,database_column,acme,acme:data_store:store-00047~393f06fbb078,wh,wh_fact_00017,http_status_009,391,\N,\N,\N,2026-07-31T03:12:51Z,\N,2026-08-24T18:22:40Z,\N,1,assert
acme:database_column:acme-data-store-store-00035~ebbe085e4001,database_column,acme,acme:data_store:store-00035~61a4f2d1a91f,iam,iam_fact_00086,order_id_001,8,false,confidential,false,2026-07-30T22:27:01Z,\N,2026-08-26T15:02:37Z,\N,1,assert
acme:database_column:acme-data-store-store-00012~c5cadc4bfb46,database_column,acme,acme:data_store:store-00012~3e059b31b745,sales,sales_fact_00016,score_011,475,false,internal,false,2026-07-27T04:49:25Z,\N,2026-08-26T13:17:03Z,\N,1,assert
acme:database_column:acme-data-store-store-00035~a3fd915a3d07,database_column,acme,acme:data_store:store-00035~61a4f2d1a91f,sales,sales_fact_00051,passport_number_024,1022,true,pii,false,2026-07-25T21:37:01Z,\N,2026-08-26T21:27:36Z,\N,1,assert
acme:database_column:acme-data-store-store-00006~5b19081bb1e7,database_column,acme,acme:data_store:store-00006~cefd6d6f83c8,finance,finance_fact_00102,channel_009,370,false,public,false,2026-07-17T07:16:23Z,\N,2026-08-27T11:31:43Z,\N,1,assert
acme:database_column:acme-data-store-store-00058~9b0ba0556992,database_column,acme,acme:data_store:store-00058~c06e3715c28a,ops,ops_dim_00055,referrer_007,305,false,confidential,false,2026-07-18T13:10:01Z,\N,2026-08-28T07:01:58Z,\N,1,assert
acme:database_column:acme-data-store-store-00035~e7c467a4fd34,database_column,acme,acme:data_store:store-00035~61a4f2d1a91f,sales,sales_fact_00051,updated_at_004,162,false,internal,true,2026-08-17T20:10:54Z,\N,2026-08-30T22:55:53Z,\N,1,assert
acme:database_column:acme-data-store-store-00053~f63b5e2e6c21,database_column,acme,acme:data_store:store-00053~cfc974814be8,hr,hr_fact_00033,bytes_out_001,38,false,public,false,2026-08-23T05:17:04Z,\N,2026-09-01T04:36:15Z,\N,1,assert
acme:database_column:acme-data-store-store-00042~eb38d8dd6b2b,database_column,acme,acme:data_store:store-00042~20df4870412d,finance,finance_fact_00039,status_003,105,false,internal,true,2026-08-27T10:16:53Z,\N,2026-09-01T23:04:47Z,\N,1,assert
acme:database_column:acme-data-store-store-00050~d9e36b615ba9,database_column,acme,acme:data_store:store-00050~5048ce7cff7d,sales,sales_dim_00063,region_014,591,false,internal,true,2026-08-06T03:13:37Z,\N,2026-09-02T22:54:41Z,\N,1,assert
acme:database_column:acme-data-store-store-00034~20b86af85aa8,database_column,acme,acme:data_store:store-00034~a13ca0592528,iam,iam_fact_00092,customer_id_002,48,false,confidential,false,2026-08-23T21:47:41Z,\N,2026-09-06T15:24:20Z,\N,1,assert
acme:database_column:acme-data-store-store-00000~5dad2b40c2f6,database_column,acme,acme:data_store:store-00000~199fa6b0c449,wh,wh_dim_00119,hostname_013,553,false,confidential,true,2026-08-14T23:31:22Z,\N,2026-09-07T21:56:40Z,\N,1,assert
acme:database_column:acme-data-store-store-00032~9a8e57fa3817,database_column,acme,acme:data_store:store-00032~3fb7e2e112a8,wh,wh_dim_00015,referrer_016,701,false,confidential,false,2026-09-04T09:09:10Z,\N,2026-09-10T07:59:54Z,\N,1,assert
acme:database_column:acme-data-store-store-00022~99a0562d8be8,database_column,acme,acme:data_store:store-00022~73ab60793373,hr,hr_fact_00024,is_deleted_021,911,false,public,true,2026-08-23T12:38:08Z,\N,2026-09-11T18:34:59Z,\N,1,assert
acme:database_column:acme-data-store-store-00000~47f40380f086,database_column,acme,acme:data_store:store-00000~199fa6b0c449,ops,ops_dim_00115,login_history_022,968,true,pii,true,2026-08-06T05:31:20Z,\N,2026-09-14T09:31:46Z,\N,1,assert
acme:database_column:acme-data-store-store-00028~c487164a64bd,database_column,acme,acme:data_store:store-00028~16ccdbcd0364,finance,finance_dim_00021,checksum_009,380,false,public,true,2026-09-10T13:43:41Z,\N,2026-09-15T08:42:14Z,\N,1,assert
acme:database_column:acme-data-store-store-00002~133e40cd013d,database_column,acme,acme:data_store:store-00002~a544946a70d1,sales,sales_dim_00095,sso_provider_023,1010,false,confidential,false,2026-08-27T23:42:43Z,\N,2026-09-15T04:53:14Z,\N,1,assert
acme:database_column:acme-data-store-store-00031~debe8afb87d5,database_column,acme,acme:data_store:store-00031~e99ebf6bd5d4,crm,crm_fact_00027,currency_019,807,false,internal,false,2026-09-06T22:50:14Z,\N,2026-09-17T14:32:02Z,\N,1,assert
acme:database_column:acme-data-store-store-00035~2e398495b157,database_column,acme,acme:data_store:store-00035~61a4f2d1a91f,iam,iam_fact_00086,medical_notes_010,420,true,pii,true,2026-09-13T03:54:37Z,\N,2026-09-19T17:37:26Z,\N,1,assert
acme:database_column:acme-data-store-store-00041~48311a7686a7,database_column,acme,acme:data_store:store-00041~3a94689d27db,crm,crm_fact_00041,product_id_011,445,false,confidential,true,2026-08-25T14:06:40Z,\N,2026-09-21T07:59:23Z,\N,1,assert
acme:database_column:acme-data-store-store-00005~8ccb2054d86f,database_column,acme,acme:data_store:store-00005~d9cb14e88d51,crm,crm_fact_00070,sso_provider_016,702,false,confidential,false,2026-08-23T09:13:37Z,\N,2026-09-21T09:30:09Z,\N,1,assert
acme:database_column:acme-data-store-store-00035~d0ea63db02c3,database_column,acme,acme:data_store:store-00035~61a4f2d1a91f,iam,iam_fact_00086,policy_id_014,595,false,internal,true,2026-09-02T17:22:32Z,\N,2026-09-23T19:31:06Z,\N,1,assert
acme:database_column:acme-data-store-store-00005~aa95e50b1f1a,database_column,acme,acme:data_store:store-00005~d9cb14e88d51,sales,sales_fact_00058,team_id_021,887,false,confidential,false,2026-08-19T09:29:19Z,\N,2026-09-24T15:18:19Z,\N,1,assert
acme:database_column:acme-data-store-store-00019~9b976129df5e,database_column,acme,acme:data_store:store-00019~5a4a474c1de7,iam,iam_fact_00054,agent_version_013,555,false,internal,false,2026-08-24T20:23:47Z,\N,2026-09-25T19:59:43Z,\N,1,assert
acme:database_column:acme-data-store-store-00000~a8b97ff0074b,database_column,acme,acme:data_store:store-00000~199fa6b0c449,ops,ops_dim_00115,login_history_014,601,true,pii,false,2026-09-10T03:14:43Z,\N,2026-09-25T07:54:37Z,\N,1,assert
acme:database_column:acme-data-store-store-00000~0c227a9a2e5f,database_column,acme,acme:data_store:store-00000~199fa6b0c449,ops,ops_fact_00002,amount_006,234,false,confidential,true,2026-08-20T18:50:49Z,\N,2026-09-26T01:23:07Z,\N,1,assert
acme:database_column:acme-data-store-store-00001~0c58e1883e2e,database_column,acme,acme:data_store:store-00001~f3e021452766,sales,sales_fact_00019,account_id_013,531,false,confidential,false,2026-09-20T04:08:24Z,\N,2026-09-26T15:36:03Z,\N,1,assert
acme:database_column:acme-data-store-store-00005~5944960247bf,database_column,acme,acme:data_store:store-00005~d9cb14e88d51,crm,crm_fact_00070,is_deleted_006,251,false,public,false,2026-09-05T15:24:22Z,\N,2026-09-27T15:26:30Z,\N,1,assert
acme:database_column:acme-data-store-store-00041~2730ffde63af,database_column,acme,acme:data_store:store-00041~3a94689d27db,crm,crm_fact_00041,login_history_007,308,true,pii,true,2026-09-17T15:18:47Z,\N,2026-09-29T09:41:43Z,\N,1,assert
acme:database_column:acme-data-store-store-00013~e77f17d9b957,database_column,acme,acme:data_store:store-00013~0b1d9d7b4c9f,sales,sales_dim_00069,account_id_021,883,\N,\N,\N,2026-09-01T03:28:46Z,\N,2026-10-01T05:10:47Z,\N,1,assert
acme:database_column:acme-data-store-store-00019~3f9a3a4f539e,database_column,acme,acme:data_store:store-00019~5a4a474c1de7,iam,iam_fact_00054,region_004,151,false,confidential,true,2026-08-30T07:49:03Z,\N,2026-10-03T13:22:40Z,\N,1,assert
acme:database_column:acme-data-store-store-00035~8ba658c52a93,database_column,acme,acme:data_store:store-00035~61a4f2d1a91f,wh,wh_fact_00011,site_id_024,1018,false,confidential,false,2026-08-20T08:54:52Z,\N,2026-10-03T10:42:05Z,\N,1,assert
acme:database_column:acme-data-store-store-00047~fee491b471f3,database_column,acme,acme:data_store:store-00047~393f06fbb078,wh,wh_fact_00017,bank_account_025,1094,true,pii,false,2026-08-26T04:07:25Z,\N,2026-10-03T13:00:45Z,\N,1,assert
acme:database_column:acme-data-store-store-00004~091a2f30ea12,database_column,acme,acme:data_store:store-00004~3f005a82b8d6,finance,finance_dim_00067,order_id_023,976,false,confidential,true,2026-08-31T14:04:45Z,\N,2026-10-04T08:25:34Z,\N,1,assert
acme:database_column:acme-data-store-store-00041~68c84346ede8,database_column,acme,acme:data_store:store-00041~3a94689d27db,crm,crm_fact_00041,passport_number_019,817,true,pii,true,2026-09-21T08:36:58Z,\N,2026-10-07T09:15:55Z,\N,1,assert
acme:database_column:acme-data-store-store-00005~ef53d34a981b,database_column,acme,acme:data_store:store-00005~d9cb14e88d51,iam,iam_dim_00109,region_015,635,false,internal,true,2026-10-08T21:29:52Z,\N,2026-10-09T14:59:53Z,\N,1,assert
acme:database_column:acme-data-store-store-00047~c76872669670,database_column,acme,acme:data_store:store-00047~393f06fbb078,crm,crm_fact_00036,updated_at_020,866,false,confidential,true,2026-09-21T13:54:00Z,\N,2026-10-12T02:47:14Z,\N,1,assert
acme:database_column:acme-data-store-store-00024~b8ce784b690d,database_column,acme,acme:data_store:store-00024~330676ebc276,iam,iam_dim_00129,label_014,605,false,public,true,2026-08-31T12:54:47Z,\N,2026-10-13T11:24:09Z,\N,1,assert
acme:database_column:acme-data-store-store-00050~e0e0c892116b,database_column,acme,acme:data_store:store-00050~5048ce7cff7d,hr,hr_fact_00090,sso_flag_014,616,false,internal,false,2026-10-13T13:28:06Z,\N,2026-10-16T16:12:54Z,\N,1,assert
acme:database_column:acme-data-store-store-00030~745f0ff11154,database_column,acme,acme:data_store:store-00030~7cf56a2d81dd,sales,sales_dim_00047,amount_012,498,false,public,false,2026-09-11T09:04:30Z,\N,2026-10-21T04:26:04Z,\N,1,assert
acme:database_column:acme-data-store-store-00047~b37d1ed23935,database_column,acme,acme:data_store:store-00047~393f06fbb078,iam,iam_fact_00116,category_025,1090,false,internal,true,2026-10-02T11:14:30Z,\N,2026-10-21T08:18:19Z,\N,1,assert
acme:database_column:acme-data-store-store-00022~f9eaa89ba6dd,database_column,acme,acme:data_store:store-00022~73ab60793373,hr,hr_fact_00024,updated_at_009,382,false,internal,true,2026-09-25T11:37:22Z,\N,2026-10-24T21:36:23Z,\N,1,assert
acme:database_column:acme-data-store-store-00045~941cd893af7c,database_column,acme,acme:data_store:store-00045~bcae1cb7a646,sales,sales_dim_00009,label_017,737,false,public,true,2026-09-14T19:46:04Z,\N,2026-10-25T11:25:06Z,\N,1,assert
acme:database_column:acme-data-store-store-00005~aa4e2b760301,database_column,acme,acme:data_store:store-00005~d9cb14e88d51,crm,crm_fact_00070,account_id_007,267,false,internal,false,2026-10-12T06:30:01Z,\N,2026-10-27T01:08:45Z,\N,1,assert
acme:database_column:acme-data-store-store-00006~a4e2154d9e01,database_column,acme,acme:data_store:store-00006~cefd6d6f83c8,crm,crm_fact_00038,policy_id_012,507,\N,\N,\N,2026-10-24T01:23:24Z,\N,2026-11-01T06:48:40Z,\N,1,assert
acme:database_column:acme-data-store-store-00005~734640297933,database_column,acme,acme:data_store:store-00005~d9cb14e88d51,iam,iam_dim_00109,salary_004,169,\N,\N,\N,2026-11-01T01:12:45Z,\N,2026-11-07T11:48:46Z,\N,1,assert
acme:database_column:acme-data-store-store-00003~d24231f34f27,database_column,acme,acme:data_store:store-00003~355a60161960,wh,wh_dim_00056,http_status_024,1051,false,internal,true,2026-10-07T14:33:56Z,\N,2026-11-13T20:57:08Z,\N,1,assert
acme:database_column:acme-data-store-store-00041~41dc424a6eaa,database_column,acme,acme:data_store:store-00041~3a94689d27db,finance,finance_dim_00079,event_ts_005,178,false,internal,false,2026-10-26T06:23:47Z,\N,2026-11-14T06:04:19Z,\N,1,assert
acme:database_column:acme-data-store-store-00051~f0dd832889f4,database_column,acme,acme:data_store:store-00051~5b1bb96c3aa6,ops,ops_dim_00010,bank_account_022,962,true,pii,false,2026-10-20T14:38:08Z,\N,2026-11-16T16:55:56Z,\N,1,assert
acme:database_column:acme-data-store-store-00033~a6d1e5b44a73,database_column,acme,acme:data_store:store-00033~736c89011dd7,hr,hr_fact_00044,home_address_012,488,true,pii,false,2026-10-11T09:12:45Z,\N,2026-11-20T17:08:47Z,\N,1,assert
acme:database_column:acme-data-store-store-00004~2b90fd07e7ce,database_column,acme,acme:data_store:store-00004~3f005a82b8d6,sales,sales_dim_00113,quantity_015,632,false,internal,true,2026-10-30T03:42:11Z,\N,2026-11-22T13:03:51Z,\N,1,assert
acme:database_column:acme-data-store-store-00030~64df686e3452,database_column,acme,acme:data_store:store-00030~7cf56a2d81dd,hr,hr_fact_00103,currency_014,587,\N,\N,\N,2026-11-14T08:23:19Z,\N,2026-11-23T06:37:43Z,\N,1,assert
acme:database_column:acme-data-store-store-00001~174751dff630,database_column,acme,acme:data_store:store-00001~f3e021452766,crm,crm_fact_00096,session_token_006,235,true,pii,true,2026-10-12T19:08:46Z,\N,2026-11-25T06:21:07Z,\N,1,assert
acme:database_column:acme-data-store-store-00030~e5b9aa751f2d,database_column,acme,acme:data_store:store-00030~7cf56a2d81dd,sales,sales_dim_00047,quantity_014,588,false,internal,true,2026-11-09T09:07:58Z,\N,2026-11-28T11:37:26Z,\N,1,assert
acme:database_column:acme-data-store-store-00005~f13c56ca61ed,database_column,acme,acme:data_store:store-00005~d9cb14e88d51,iam,iam_fact_00073,http_status_025,1095,false,confidential,true,2026-11-26T15:57:07Z,\N,2026-11-29T06:36:44Z,\N,1,assert
acme:database_column:acme-data-store-store-00003~e498c1a71752,database_column,acme,acme:data_store:store-00003~355a60161960,sales,sales_fact_00053,is_deleted_022,955,false,public,true,2026-10-23T18:14:35Z,\N,2026-11-30T04:54:00Z,\N,1,assert
acme:database_column:acme-data-store-store-00005~77bd03310bec,database_column,acme,acme:data_store:store-00005~d9cb14e88d51,iam,iam_fact_00073,notes_009,384,false,public,false,2026-11-01T12:23:32Z,\N,2026-12-02T22:18:49Z,\N,1,assert
acme:database_column:acme-data-store-store-00007~a97c928126eb,database_column,acme,acme:data_store:store-00007~61b44d6166b5,iam,iam_dim_00029,event_id_006,221,false,public,false,2026-11-20T20:10:23Z,\N,2026-12-04T19:09:33Z,\N,1,assert
acme:database_column:acme-data-store-store-00001~601f88af719a,database_column,acme,acme:data_store:store-00001~f3e021452766,ops,ops_fact_00008,session_id_017,715,false,confidential,true,2026-11-02T02:34:04Z,\N,2026-12-05T20:35:01Z,\N,1,assert
acme:database_column:acme-data-store-store-00001~6c99369cbb0a,database_column,acme,acme:data_store:store-00001~f3e021452766,ops,ops_fact_00008,role_id_003,110,false,confidential,false,2026-11-09T20:06:15Z,\N,2026-12-06T16:54:02Z,\N,1,assert
acme:database_column:acme-data-store-store-00021~0f553eb02d30,database_column,acme,acme:data_store:store-00021~d27ae2ef09dd,finance,finance_fact_00083,site_id_012,490,false,internal,true,2026-11-13T15:28:49Z,\N,2026-12-09T04:55:04Z,\N,1,assert
acme:database_column:acme-data-store-store-00035~288129502398,database_column,acme,acme:data_store:store-00035~61a4f2d1a91f,ops,ops_fact_00013,medical_notes_007,273,true,pii,false,2026-11-11T06:31:05Z,\N,2026-12-10T22:23:52Z,\N,1,assert
acme:database_column:acme-data-store-store-00015~ae4707251940,database_column,acme,acme:data_store:store-00015~b90744b8b425,iam,iam_dim_00040,user_id_021,901,false,public,false,2026-11-16T14:21:10Z,\N,2026-12-10T14:11:44Z,\N,1,assert
acme:database_column:acme-data-store-store-00005~d66ecff66473,database_column,acme,acme:data_store:store-00005~d9cb14e88d51,iam,iam_dim_00109,amount_002,58,false,internal,false,2026-11-09T09:47:44Z,\N,2026-12-11T07:39:16Z,\N,1,assert
acme:database_column:acme-data-store-store-00004~fe562ffd3223,database_column,acme,acme:data_store:store-00004~3f005a82b8d6,hr,hr_dim_00071,channel_013,546,false,public,true,2026-11-29T09:40:33Z,\N,2026-12-11T12:38:20Z,\N,1,assert
acme:database_column:acme-data-store-store-00002~1e45026f7d83,database_column,acme,acme:data_store:store-00002~a544946a70d1,wh,wh_fact_00085,region_023,987,false,internal,true,2026-12-13T11:27:25Z,\N,2026-12-13T11:27:25Z,\N,1,assert
acme:database_column:acme-data-store-store-00002~52d550760eaa,database_column,acme,acme:data_store:store-00002~a544946a70d1,wh,wh_fact_00030,updated_at_005,206,false,public,false,2026-12-12T23:13:50Z,\N,2026-12-14T04:54:04Z,\N,1,assert
acme:database_column:acme-data-store-store-00050~3cc269e5f612,database_column,acme,acme:data_store:store-00050~5048ce7cff7d,hr,hr_fact_00090,product_id_007,269,false,public,false,2026-11-07T03:29:16Z,\N,2026-12-15T00:46:33Z,\N,1,assert
acme:database_column:acme-data-store-store-00030~e794b8ed6d41,database_column,acme,acme:data_store:store-00030~7cf56a2d81dd,ops,ops_fact_00035,segment_002,64,false,confidential,true,2026-11-05T14:41:08Z,\N,2026-12-19T21:55:39Z,\N,1,assert
acme:database_column:acme-data-store-store-00004~fecb3e1672b8,database_column,acme,acme:data_store:store-00004~3f005a82b8d6,sales,sales_dim_00113,account_id_003,91,false,internal,true,2026-12-02T00:51:45Z,\N,2026-12-21T18:26:39Z,\N,1,assert
acme:database_column:acme-data-store-store-00002~c98e4e53a777,database_column,acme,acme:data_store:store-00002~a544946a70d1,hr,hr_fact_00004,policy_id_003,111,false,confidential,false,2026-12-01T09:52:29Z,\N,2026-12-21T23:04:56Z,\N,1,assert
acme:database_column:acme-data-store-store-00003~9168f209ed7f,database_column,acme,acme:data_store:store-00003~355a60161960,finance,finance_fact_00025,agent_version_004,159,\N,\N,\N,2026-12-16T14:44:26Z,\N,2026-12-21T03:49:38Z,\N,1,assert
acme:database_column:acme-data-store-store-00005~95bb425e37b7,database_column,acme,acme:data_store:store-00005~d9cb14e88d51,iam,iam_fact_00122,updated_at_013,558,false,confidential,false,2026-11-26T10:35:53Z,\N,2026-12-24T17:16:52Z,\N,1,assert
acme:database_column:acme-data-store-store-00006~800e17e85626,database_column,acme,acme:data_store:store-00006~cefd6d6f83c8,crm,crm_fact_00038,ticket_id_022,934,false,internal,false,2026-12-01T19:47:24Z,\N,2026-12-27T00:04:21Z,\N,1,assert
acme:database_column:acme-data-store-store-00041~abc112f0d29b,database_column,acme,acme:data_store:store-00041~3a94689d27db,crm,crm_fact_00041,invoice_id_015,625,false,internal,true,2026-11-27T13:17:13Z,\N,2026-12-29T20:29:44Z,\N,1,assert
acme:database_column:acme-data-store-store-00022~bb8aa93ecbfd,database_column,acme,acme:data_store:store-00022~73ab60793373,hr,hr_fact_00024,amount_009,366,false,confidential,true,2026-11-21T18:59:12Z,\N,2026-12-30T14:35:47Z,\N,1,assert
acme:database_column:acme-data-store-store-00002~8489d67e3757,database_column,acme,acme:data_store:store-00002~a544946a70d1,hr,hr_fact_00004,category_018,782,false,internal,false,2026-12-14T20:38:40Z,\N,2026-12-31T20:04:38Z,\N,1,assert
acme:database_column:acme-data-store-store-00015~9bcd0f949966,database_column,acme,acme:data_store:store-00015~b90744b8b425,sales,sales_fact_00022,ip_address_log_011,453,true,pii,true,2026-12-22T07:11:54Z,\N,2027-01-04T11:33:04Z,\N,1,assert
acme:database_column:acme-data-store-store-00047~f75b1ccb1909,database_column,acme,acme:data_store:store-00047~393f06fbb078,crm,crm_fact_00036,mfa_flag_014,615,false,confidential,false,2026-12-23T17:10:16Z,\N,2027-01-05T02:13:54Z,\N,1,assert
acme:database_column:acme-data-store-store-00038~9333cc7cbc66,database_column,acme,acme:data_store:store-00038~ad708d8492b0,finance,finance_fact_00091,is_deleted_004,163,false,public,true,2026-12-11T13:49:56Z,\N,2027-01-08T06:32:30Z,\N,1,assert
acme:database_column:acme-data-store-store-00006~4a0043cf42f6,database_column,acme,acme:data_store:store-00006~cefd6d6f83c8,crm,crm_fact_00038,event_ts_002,46,false,public,true,2026-12-09T00:48:29Z,\N,2027-01-11T10:36:58Z,\N,1,assert
acme:database_column:acme-data-store-store-00003~d29318b56e92,database_column,acme,acme:data_store:store-00003~355a60161960,crm,crm_dim_00105,notes_015,648,false,internal,true,2026-12-26T00:24:41Z,\N,2027-01-11T23:04:47Z,\N,1,assert
acme:database_column:acme-data-store-store-00047~3f4ef07e4ce3,database_column,acme,acme:data_store:store-00047~393f06fbb078,wh,wh_fact_00014,quantity_022,940,false,public,true,2027-01-10T09:16:06Z,\N,2027-01-12T22:17:03Z,\N,1,assert
acme:database_column:acme-data-store-store-00034~93b82bde779c,database_column,acme,acme:data_store:store-00034~a13ca0592528,iam,iam_fact_00092,duration_ms_012,520,false,public,true,2026-12-17T13:48:41Z,\N,2027-01-13T10:11:05Z,\N,1,assert
acme:database_column:acme-data-store-store-00000~efd0026fc1f0,database_column,acme,acme:data_store:store-00000~199fa6b0c449,ops,ops_dim_00115,product_id_015,621,false,internal,false,2026-12-04T08:00:41Z,\N,2027-01-13T08:56:00Z,\N,1,assert
acme:database_column:acme-data-store-store-00034~6262005856e9,database_column,acme,acme:data_store:store-00034~a13ca0592528,iam,iam_fact_00092,agent_version_019,819,\N,\N,\N,2026-12-12T17:17:31Z,\N,2027-01-14T02:26:54Z,\N,1,assert
acme:database_column:acme-data-store-store-00003~326def7d12df,database_column,acme,acme:data_store:store-00003~355a60161960,finance,finance_fact_00025,segment_006,240,false,confidential,true,2027-01-11T08:52:30Z,\N,2027-01-15T20:13:31Z,\N,1,assert
acme:database_column:acme-data-store-store-00035~7ce3a3d8e1da,database_column,acme,acme:data_store:store-00035~61a4f2d1a91f,ops,ops_fact_00013,product_id_003,93,false,confidential,false,2026-12-26T16:43:19Z,\N,2027-01-20T23:11:32Z,\N,1,assert
acme:database_column:acme-data-store-store-00047~36d122c5cc17,database_column,acme,acme:data_store:store-00047~393f06fbb078,wh,wh_fact_00014,site_id_020,842,false,public,true,2026-12-07T08:46:19Z,\N,2027-01-20T06:04:00Z,\N,1,assert
acme:database_column:acme-data-store-store-00030~7d4fef9e7033,database_column,acme,acme:data_store:store-00030~7cf56a2d81dd,iam,iam_fact_00074,sso_flag_008,352,false,internal,true,2026-12-28T23:46:36Z,\N,2027-01-21T18:57:53Z,\N,1,assert
acme:database_column:acme-data-store-store-00026~39721e0cc5db,database_column,acme,acme:data_store:store-00026~a4fd7cb3cc14,ops,ops_dim_00094,dest_ip_024,1025,false,internal,true,2027-01-07T01:26:28Z,\N,2027-01-21T05:44:30Z,\N,1,assert
acme:database_column:acme-data-store-store-00047~a06bd5eb2df3,database_column,acme,acme:data_store:store-00047~393f06fbb078,iam,iam_fact_00116,http_status_013,567,false,internal,true,2026-12-31T04:12:52Z,\N,2027-01-22T13:57:44Z,\N,1,assert
acme:database_column:acme-data-store-store-00002~240ce762af6f,database_column,acme,acme:data_store:store-00002~a544946a70d1,sales,sales_dim_00095,customer_id_004,136,false,internal,true,2027-01-18T20:44:46Z,\N,2027-01-25T20:25:52Z,\N,1,assert
acme:database_column:acme-data-store-store-00002~d3601d87e970,database_column,acme,acme:data_store:store-00002~a544946a70d1,wh,wh_fact_00007,notes_002,76,false,confidential,false,2026-12-28T14:34:18Z,\N,2027-01-27T20:42:58Z,\N,1,assert
acme:database_column:acme-data-store-store-00042~54e3877c6422,database_column,acme,acme:data_store:store-00042~20df4870412d,finance,finance_fact_00039,region_005,195,false,confidential,false,2027-01-12T01:48:47Z,\N,2027-01-30T04:14:58Z,\N,1,assert
acme:database_column:acme-data-store-store-00005~416a72e9bba9,database_column,acme,acme:data_store:store-00005~d9cb14e88d51,iam,iam_fact_00122,score_002,79,false,public,false,2027-01-24T18:13:32Z,\N,2027-01-31T07:34:10Z,\N,1,assert
acme:database_column:acme-data-store-store-00003~3d7f9ab1e76d,database_column,acme,acme:data_store:store-00003~355a60161960,crm,crm_dim_00105,currency_016,675,false,public,false,2026-12-21T18:13:16Z,\N,2027-01-31T18:35:12Z,\N,1,assert
acme:database_column:acme-data-store-store-00004~0d27116a5707,database_column,acme,acme:data_store:store-00004~3f005a82b8d6,sales,sales_dim_00113,created_at_007,293,false,confidential,true,2027-01-21T21:44:31Z,\N,2027-02-02T08:39:54Z,\N,1,assert
acme:database_column:acme-data-store-store-00053~d6bf6e0dbd93,database_column,acme,acme:data_store:store-00053~cfc974814be8,finance,finance_dim_00077,severity_020,860,false,confidential,true,2027-01-26T23:51:29Z,\N,2027-02-03T13:55:32Z,\N,1,assert
acme:database_column:acme-data-store-store-00053~c8b99faa0cf8,database_column,acme,acme:data_store:store-00053~cfc974814be8,hr,hr_fact_00045,bytes_in_017,741,false,public,true,2027-01-25T03:50:58Z,\N,2027-02-04T11:56:13Z,\N,1,assert
acme:database_column:acme-data-store-store-00021~5fc27851fcd7,database_column,acme,acme:data_store:store-00021~d27ae2ef09dd,finance,finance_fact_00083,hostname_023,993,false,confidential,false,2026-12-23T21:51:07Z,\N,2027-02-04T18:06:13Z,\N,1,assert
acme:database_column:acme-data-store-store-00035~e77fb26c91ab,database_column,acme,acme:data_store:store-00035~61a4f2d1a91f,sales,sales_fact_00051,bytes_out_024,1050,false,internal,true,2026-12-30T20:29:45Z,\N,2027-02-05T22:23:38Z,\N,1,assert
acme:database_column:acme-data-store-store-00053~209d57a78353,database_column,acme,acme:data_store:store-00053~cfc974814be8,crm,crm_fact_00121,label_025,1089,false,internal,true,2027-01-29T17:53:40Z,\N,2027-02-05T06:45:39Z,\N,1,assert
acme:database_column:acme-data-store-store-00028~81b4d2c2c09d,database_column,acme,acme:data_store:store-00028~16ccdbcd0364,crm,crm_fact_00065,site_id_003,94,false,confidential,false,2027-01-17T13:23:12Z,\N,2027-02-07T13:26:09Z,\N,1,assert
acme:database_column:acme-data-store-store-00034~529585fabf38,database_column,acme,acme:data_store:store-00034~a13ca0592528,iam,iam_fact_00092,is_deleted_015,647,false,public,true,2027-01-01T20:01:35Z,\N,2027-02-11T05:27:54Z,\N,1,assert
acme:database_column:acme-data-store-store-00002~e70ec2223e52,database_column,acme,acme:data_store:store-00002~a544946a70d1,sales,sales_dim_00095,event_ts_016,662,false,public,false,2027-01-03T09:11:58Z,\N,2027-02-12T03:15:42Z,\N,1,assert
acme:database_column:acme-data-store-store-00041~0e2fd3ea2e17,database_column,acme,acme:data_store:store-00041~3a94689d27db,finance,finance_dim_00114,order_id_019,800,false,internal,false,2027-01-08T10:23:27Z,\N,2027-02-14T13:20:26Z,\N,1,assert
acme:database_column:acme-data-store-store-00001~b65c362b90cd,database_column,acme,acme:data_store:store-00001~f3e021452766,finance,finance_fact_00112,mfa_flag_002,87,false,confidential,true,2027-01-18T01:09:11Z,\N,2027-02-16T11:45:10Z,\N,1,assert
acme:database_column:acme-data-store-store-00015~c4877c1b6003,database_column,acme,acme:data_store:store-00015~b90744b8b425,sales,sales_fact_00022,bytes_in_014,609,false,public,false,2027-02-08T06:35:54Z,\N,2027-02-18T22:05:39Z,\N,1,assert
acme:database_column:acme-data-store-store-00002~dcdfff1f2bc6,database_column,acme,acme:data_store:store-00002~a544946a70d1,wh,wh_fact_00085,quantity_025,1072,false,confidential,true,2027-01-22T15:27:50Z,\N,2027-02-19T18:20:37Z,\N,1,assert
acme:database_column:acme-data-store-store-00030~44a77425bc30,database_column,acme,acme:data_store:store-00030~7cf56a2d81dd,hr,hr_fact_00103,product_id_012,489,false,public,false,2027-02-20T02:55:57Z,\N,2027-02-20T02:55:57Z,\N,1,assert
acme:database_column:acme-data-store-store-00015~90290617ec5a,database_column,acme,acme:data_store:store-00015~b90744b8b425,sales,sales_fact_00022,session_id_016,671,false,confidential,true,2027-02-07T21:35:10Z,\N,2027-02-21T16:43:01Z,\N,1,assert
acme:database_column:acme-data-store-store-00000~aab9be3ee583,database_column,acme,acme:data_store:store-00000~199fa6b0c449,ops,ops_fact_00034,user_id_020,857,false,public,true,2027-01-15T18:20:23Z,\N,2027-02-22T11:03:33Z,\N,1,assert
acme:database_column:acme-data-store-store-00032~f66fb44660af,database_column,acme,acme:data_store:store-00032~3fb7e2e112a8,wh,wh_dim_00015,email_001,35,true,pii,false,2027-01-14T19:36:17Z,\N,2027-02-23T07:24:23Z,\N,1,assert
acme:database_column:acme-data-store-store-00003~e17ff828d3b7,database_column,acme,acme:data_store:store-00003~355a60161960,finance,finance_fact_00025,source_ip_013,540,false,confidential,false,2027-02-20T06:59:07Z,\N,2027-02-24T11:10:29Z,\N,1,assert
acme:database_column:acme-data-store-store-00015~e88051eaf7dc,database_column,acme,acme:data_store:store-00015~b90744b8b425,iam,iam_dim_00040,segment_011,460,false,confidential,false,2027-01-31T23:37:53Z,\N,2027-02-27T11:41:42Z,\N,1,assert
acme:database_column:acme-data-store-store-00033~a9485439b28d,database_column,acme,acme:data_store:store-00033~736c89011dd7,hr,hr_fact_00044,dest_ip_025,1069,false,confidential,false,2027-02-13T05:04:05Z,\N,2027-02-28T02:56:33Z,\N,1,assert
acme:database_column:acme-data-store-store-00001~7bfbf05ab3c2,database_column,acme,acme:data_store:store-00001~f3e021452766,finance,finance_fact_00112,bank_account_005,214,true,pii,true,2027-02-25T09:03:35Z,\N,2027-03-03T15:36:03Z,\N,1,assert
acme:database_column:acme-data-store-store-00035~8ada1ba21a80,database_column,acme,acme:data_store:store-00035~61a4f2d1a91f,finance,finance_fact_00050,quantity_004,148,false,confidential,true,2027-01-26T06:40:53Z,\N,2027-03-05T16:08:21Z,\N,1,assert
acme:database_column:acme-data-store-store-00021~9afcde522510,database_column,acme,acme:data_store:store-00021~d27ae2ef09dd,finance,finance_fact_00083,product_id_004,137,false,public,false,2027-03-08T10:09:13Z,\N,2027-03-10T14:51:32Z,\N,1,assert
acme:database_column:acme-data-store-store-00051~3ea8009be973,database_column,acme,acme:data_store:store-00051~5b1bb96c3aa6,ops,ops_dim_00010,mfa_flag_024,1055,false,confidential,true,2027-02-07T05:59:28Z,\N,2027-03-11T16:23:22Z,\N,1,assert
acme:database_column:acme-data-store-store-00005~ea0bacc8e1a8,database_column,acme,acme:data_store:store-00005~d9cb14e88d51,ops,legacy_events,policy_id_002,67,false,public,true,2027-02-11T17:19:55Z,\N,2027-03-15T08:54:35Z,\N,1,assert
acme:database_column:acme-data-store-store-00000~42a5f83909b3,database_column,acme,acme:data_store:store-00000~199fa6b0c449,hr,employee,os_version_006,246,false,confidential,true,2027-03-02T23:32:43Z,\N,2027-03-16T18:34:02Z,\N,1,assert
acme:database_column:acme-data-store-store-00025~6024e5210f0d,database_column,acme,acme:data_store:store-00025~2cb22659d4cb,wh,wh_fact_00082,order_id_024,1020,false,internal,true,2027-03-04T03:46:20Z,\N,2027-03-17T23:16:38Z,\N,1,assert
acme:database_column:acme-data-store-store-00015~f6a47e84fa6b,database_column,acme,acme:data_store:store-00015~b90744b8b425,iam,iam_dim_00040,channel_002,62,false,confidential,true,2027-02-22T16:00:02Z,\N,2027-03-18T21:46:17Z,\N,1,assert
acme:database_column:acme-data-store-store-00053~8c96a148c701,database_column,acme,acme:data_store:store-00053~cfc974814be8,crm,crm_fact_00121,ticket_id_009,362,false,confidential,true,2027-02-02T00:48:51Z,\N,2027-03-18T01:50:14Z,\N,1,assert
acme:database_column:acme-data-store-store-00010~41a672e03bd8,database_column,acme,acme:data_store:store-00010~c8a799f5f6ea,crm,crm_dim_00093,http_status_014,611,false,public,false,2027-02-11T09:59:31Z,\N,2027-03-18T07:43:45Z,\N,1,assert
acme:database_column:acme-data-store-store-00054~002972fa5ca3,database_column,acme,acme:data_store:store-00054~87bb2b51b4fd,crm,crm_dim_00066,updated_at_018,778,false,public,false,2027-02-27T12:40:40Z,\N,2027-03-21T05:11:37Z,\N,1,assert
acme:database_column:acme-data-store-store-00007~22c8e7762414,database_column,acme,acme:data_store:store-00007~61b44d6166b5,crm,crm_fact_00020,is_deleted_019,823,false,public,false,2027-02-24T04:41:02Z,\N,2027-03-22T08:58:45Z,\N,1,assert
acme:database_column:acme-data-store-store-00003~ccefbf8eb1b8,database_column,acme,acme:data_store:store-00003~355a60161960,sales,sales_fact_00053,bank_account_025,1064,true,pii,true,2027-03-05T00:05:46Z,\N,2027-03-22T01:53:15Z,\N,1,assert
acme:database_column:acme-data-store-store-00042~ebc313ecca85,database_column,acme,acme:data_store:store-00042~20df4870412d,crm,crm_dim_00084,segment_001,20,false,confidential,false,2027-02-24T19:48:55Z,\N,2027-03-23T19:32:41Z,\N,1,assert
acme:database_column:acme-data-store-store-00035~2453ef1722d4,database_column,acme,acme:data_store:store-00035~61a4f2d1a91f,iam,iam_fact_00086,customer_id_025,1060,\N,\N,\N,2027-03-01T19:35:15Z,\N,2027-03-23T19:35:16Z,\N,1,assert
acme:database_column:acme-data-store-store-00030~24feb191693e,database_column,acme,acme:data_store:store-00030~7cf56a2d81dd,wh,wh_fact_00088,order_id_018,756,false,confidential,false,2027-03-01T06:17:12Z,\N,2027-03-25T22:13:22Z,\N,1,assert
acme:database_column:acme-data-store-store-00057~3ee607e012f0,database_column,acme,acme:data_store:store-00057~7169e9cd0ce8,sales,sales_fact_00080,invoice_id_010,405,false,internal,false,2027-03-05T22:11:09Z,\N,2027-03-28T17:36:28Z,\N,1,assert
acme:database_column:acme-data-store-store-00005~031c6a2909ce,database_column,acme,acme:data_store:store-00005~d9cb14e88d51,iam,iam_dim_00109,status_008,325,false,internal,false,2027-02-21T05:37:27Z,\N,2027-04-02T13:03:40Z,\N,1,assert
acme:database_column:acme-data-store-store-00028~7e11f9e2b4da,database_column,acme,acme:data_store:store-00028~16ccdbcd0364,sales,sales_dim_00098,duration_ms_017,740,false,confidential,false,2027-03-02T13:58:49Z,\N,2027-04-03T03:52:56Z,\N,1,assert
acme:database_column:acme-data-store-store-00050~1b288f122d11,database_column,acme,acme:data_store:store-00050~5048ce7cff7d,sales,sales_dim_00063,duration_ms_020,872,false,internal,false,2027-02-28T04:06:14Z,\N,2027-04-04T04:45:55Z,\N,1,assert
acme:database_column:acme-data-store-store-00002~6c62f18d268c,database_column,acme,acme:data_store:store-00002~a544946a70d1,wh,wh_fact_00030,account_id_022,927,\N,\N,\N,2027-02-26T20:33:17Z,\N,2027-04-07T15:42:35Z,\N,1,assert
acme:database_column:acme-data-store-store-00050~404b4dda1ea7,database_column,acme,acme:data_store:store-00050~5048ce7cff7d,hr,hr_fact_00090,session_id_014,583,false,confidential,false,2027-03-02T14:56:25Z,\N,2027-04-10T20:59:31Z,\N,1,assert
acme:database_column:acme-data-store-store-00017~8221286e05b5,database_column,acme,acme:data_store:store-00017~0335de594a0b,crm,crm_fact_00042,ip_address_log_001,43,\N,\N,\N,2027-03-02T09:41:29Z,\N,2027-04-11T07:58:36Z,\N,1,assert
acme:database_column:acme-data-store-store-00000~d5174e89f5ca,database_column,acme,acme:data_store:store-00000~199fa6b0c449,ops,ops_fact_00002,http_status_006,259,false,confidential,true,2027-03-01T03:50:53Z,\N,2027-04-11T17:34:54Z,\N,1,assert
acme:database_column:acme-data-store-store-00042~2c56aa2dc205,database_column,acme,acme:data_store:store-00042~20df4870412d,crm,crm_fact_00064,referrer_024,1053,false,confidential,false,2027-03-10T13:44:19Z,\N,2027-04-17T05:44:13Z,\N,1,assert
