entity_id,entity_type,organization_id,subject,grant,scope,starts_on,valid_from,valid_to,system_from,system_to,revision,operation
acme:entitlement:acme-principal-svc-remote-00005~c7767f9f6119,entitlement,acme,acme:principal:svc-remote-00005~30d3c55860f5,acme:privilege:system-privileged-role-0000~187308e09b07,acme:service:svc-000000~8730c4e3ac92,2021-01-14,2021-01-14T06:19:41Z,\N,2021-01-14T06:19:41Z,\N,1,assert
acme:entitlement:acme-principal-svc-remote-00005~4da14c7e03b8,entitlement,acme,acme:principal:svc-remote-00005~30d3c55860f5,acme:privilege:database-privileged-role-0004~8d29a6c71cae,acme:service:svc-000004~8b82a9c39a2f,2021-01-14,2021-01-14T05:15:53Z,\N,2021-01-14T05:15:53Z,\N,1,assert
acme:entitlement:acme-principal-ad-d82747ad-4a1b-4c2d~75e22c3f77b9,entitlement,acme,acme:principal:ad-d82747ad-4a1b-4c2d-8e3f-28e17bef0ff3~1dccb39977b4,acme:privilege:cloud-privileged-role-0005~2187e4ce771c,acme:service:svc-000000~8730c4e3ac92,2021-01-15,2021-01-15T07:29:47Z,\N,2021-01-15T07:29:47Z,\N,1,assert
acme:entitlement:acme-principal-svc-hq-b2-00002~41756a463716,entitlement,acme,acme:principal:svc-hq-b2-00002~104b273eb686,acme:privilege:cloud-privileged-role-0006~6c1cceedd676,acme:service:svc-000000~8730c4e3ac92,2021-01-16,2021-01-16T22:02:50Z,\N,2021-01-16T22:02:50Z,\N,1,assert
acme:entitlement:acme-principal-svc-hq-b2-00002~464fb502efc8,entitlement,acme,acme:principal:svc-hq-b2-00002~104b273eb686,acme:privilege:system-privileged-role-0010~6d0892d563ac,acme:service:svc-000000~8730c4e3ac92,2021-01-17,2021-01-17T18:52:10Z,\N,2021-01-17T18:52:10Z,\N,1,assert
acme:entitlement:acme-principal-svc-hq-b2-00002~bf54f1c53569,entitlement,acme,acme:principal:svc-hq-b2-00002~104b273eb686,acme:vsphere.vsphere_privilege:virtualmachine-inventory~8366d101fc24,acme:service:svc-000000~8730c4e3ac92,2021-01-18,2021-01-18T04:11:06Z,\N,2021-01-18T04:11:06Z,\N,1,assert
acme:entitlement:acme-principal-ad-5b1ca7d3-4a1b-4c2d~da363d92fcf8,entitlement,acme,acme:principal:ad-5b1ca7d3-4a1b-4c2d-8e3f-106c8ceb4d76~c2d45ed3cc2e,acme:privilege:system-privileged-role-0016~ae165da97610,acme:service:svc-000000~8730c4e3ac92,2021-01-19,2021-01-19T17:07:58Z,\N,2021-01-19T17:07:58Z,\N,1,assert
acme:entitlement:acme-principal-svc-hq-00000~d49af567e0ad,entitlement,acme,acme:principal:svc-hq-00000~01978ce268bc,acme:privilege:cloud-privileged-role-0027~a959c56f013d,acme:service:svc-000002~a580ebf86a44,2021-01-29,2021-01-29T17:22:40Z,\N,2021-01-29T17:22:40Z,\N,1,assert
acme:entitlement:acme-principal-svc-hq-00000~0f55761b8e85,entitlement,acme,acme:principal:svc-hq-00000~01978ce268bc,acme:vsphere.vsphere_privilege:virtualmachine-inventory-delete-018~dbd98f158c25,acme:service:svc-000003~afa5dfe980e5,2021-02-05,2021-02-05T05:05:27Z,\N,2021-02-05T05:05:27Z,\N,1,assert
acme:entitlement:acme-principal-svc-remote-00005~d2f161ddd57f,entitlement,acme,acme:principal:svc-remote-00005~30d3c55860f5,acme:vsphere.vsphere_privilege:virtualmachine-inventory~15b78ea52c01,acme:service:svc-000003~afa5dfe980e5,2021-02-14,2021-02-14T00:07:03Z,\N,2021-02-14T00:07:03Z,\N,1,assert
acme:entitlement:acme-principal-svc-hq-00000~09278b3af9c5,entitlement,acme,acme:principal:svc-hq-00000~01978ce268bc,acme:privilege:cloud-privileged-role-0009~ef174fb8f608,acme:service:svc-000003~afa5dfe980e5,2021-02-14,2021-02-14T03:11:43Z,\N,2021-02-14T03:11:43Z,\N,1,assert
acme:entitlement:acme-principal-ad-d82747ad-4a1b-4c2d~3d2ddf51f92d,entitlement,acme,acme:principal:ad-d82747ad-4a1b-4c2d-8e3f-28e17bef0ff3~1dccb39977b4,acme:privilege:cloud-privileged-role-0027~a959c56f013d,acme:service:svc-000003~afa5dfe980e5,2021-02-20,2021-02-20T20:37:24Z,\N,2021-02-20T20:37:24Z,\N,1,assert
acme:entitlement:acme-principal-ad-d82747ad-4a1b-4c2d~3506a648dc86,entitlement,acme,acme:principal:ad-d82747ad-4a1b-4c2d-8e3f-28e17bef0ff3~1dccb39977b4,acme:privilege:database-privileged-role-0004~8d29a6c71cae,acme:service:svc-000002~a580ebf86a44,2021-02-23,2021-02-23T06:30:54Z,\N,2021-02-23T06:30:54Z,\N,1,assert
acme:entitlement:acme-principal-svc-hq-b2-f1-00008~8110adebeeb5,entitlement,acme,acme:principal:svc-hq-b2-f1-00008~23876d48be88,acme:vsphere.vsphere_privilege:virtualmachine-inventory-delete-018~dbd98f158c25,acme:service:svc-000013~fbaf4ab7d1ca,2021-04-10,2021-04-10T21:27:26Z,\N,2021-04-10T21:27:26Z,\N,1,assert
acme:entitlement:acme-principal-ad-4cca5c22-4a1b-4c2d~56a55302e603,entitlement,acme,acme:principal:ad-4cca5c22-4a1b-4c2d-8e3f-0f74727022d6~6e5d8f71cfd5,acme:vsphere.vsphere_privilege:virtualmachine-inventory-delete-011~56ee20bee91a,acme:service:svc-000003~afa5dfe980e5,2021-04-17,2021-04-17T12:24:12Z,\N,2021-04-17T12:24:12Z,\N,1,assert
acme:entitlement:acme-principal-wl-000011-b76529368c19~ae4926ee38c1,entitlement,acme,acme:principal:wl-000011~b76529368c19,acme:vsphere.vsphere_privilege:virtualmachine-inventory~6d9c4da6c344,acme:service:svc-000013~fbaf4ab7d1ca,2021-05-23,2021-05-23T03:25:12Z,\N,2021-05-23T03:25:12Z,\N,1,assert
acme:entitlement:acme-principal-svc-hq-b2-00002~deb7559c715b,entitlement,acme,acme:principal:svc-hq-b2-00002~104b273eb686,acme:privilege:database-privileged-role-0029~8d7b429b110b,acme:service:svc-000001~014eea2e7ea7,2021-05-27,2021-05-27T08:49:28Z,\N,2021-05-27T08:49:28Z,\N,1,assert
acme:entitlement:acme-principal-wl-000076-48837099739f~ae44403b03f8,entitlement,acme,acme:principal:wl-000076~48837099739f,acme:privilege:cloud-privileged-role-0025~df8db34eef3e,acme:service:svc-000000~8730c4e3ac92,2021-06-19,2021-06-19T17:38:25Z,\N,2021-06-19T17:38:25Z,\N,1,assert
acme:entitlement:acme-principal-ad-4cca5c22-4a1b-4c2d~283b632dcf00,entitlement,acme,acme:principal:ad-4cca5c22-4a1b-4c2d-8e3f-0f74727022d6~6e5d8f71cfd5,acme:vsphere.vsphere_privilege:virtualmachine-inventory~f95644957ffb,acme:service:svc-000002~a580ebf86a44,2021-07-11,2021-07-11T15:52:20Z,\N,2021-07-11T15:52:20Z,\N,1,assert
acme:entitlement:acme-principal-svc-aws-reg-3-00120~b86791aa0a67,entitlement,acme,acme:principal:svc-aws-reg-3-00120~45c27ca7aaa4,acme:privilege:system-privileged-role-0020~e9f1e3186969,acme:service:svc-000003~afa5dfe980e5,2021-08-09,2021-08-09T09:31:06Z,\N,2021-08-09T09:31:06Z,\N,1,assert
acme:entitlement:acme-principal-svc-hq-00000~d2eba5ce8611,entitlement,acme,acme:principal:svc-hq-00000~01978ce268bc,acme:privilege:network-privileged-role-0001~4133d16cfe71,acme:service:svc-000000~8730c4e3ac92,2021-09-01,2021-09-01T12:31:10Z,\N,2021-09-01T12:31:10Z,\N,1,assert
acme:entitlement:acme-principal-svc-hq-00000~02a939663fba,entitlement,acme,acme:principal:svc-hq-00000~01978ce268bc,acme:privilege:directory-privileged-role-0007~1b8f03e34698,acme:service:svc-000001~014eea2e7ea7,2021-09-08,2021-09-08T16:43:09Z,\N,2021-09-08T16:43:09Z,\N,1,assert
acme:entitlement:acme-principal-svc-aws-reg-3-00120~38dff4036486,entitlement,acme,acme:principal:svc-aws-reg-3-00120~45c27ca7aaa4,acme:privilege:directory-privileged-role-0007~1b8f03e34698,acme:service:svc-000000~8730c4e3ac92,2021-09-16,2021-09-16T16:22:24Z,\N,2021-09-16T16:22:24Z,\N,1,assert
acme:entitlement:acme-principal-svc-hq-dc2-00068~4b4acf517bad,entitlement,acme,acme:principal:svc-hq-dc2-00068~d479b6f18449,acme:privilege:system-privileged-role-0026~9027dad0f568,acme:service:svc-000000~8730c4e3ac92,2021-09-19,2021-09-19T02:17:28Z,\N,2021-09-19T02:17:28Z,\N,1,assert
acme:entitlement:acme-principal-svc-hq-b1-00001~f55ca7b9866f,entitlement,acme,acme:principal:svc-hq-b1-00001~e7705707b512,acme:vsphere.vsphere_privilege:virtualmachine-inventory~aec0591186ef,acme:service:svc-000005~5cf24c187690,2021-09-23,2021-09-23T10:48:41Z,\N,2021-09-23T10:48:41Z,\N,1,assert
acme:entitlement:acme-principal-ad-6025eb64-4a1b-4c2d~9434e24d0e73,entitlement,acme,acme:principal:ad-6025eb64-4a1b-4c2d-8e3f-33777912f562~0e17a273a206,acme:vsphere.vsphere_privilege:virtualmachine-inventory-delete-016~40a23fe951a5,acme:service:svc-000003~afa5dfe980e5,2021-10-02,2021-10-02T20:20:08Z,\N,2021-10-02T20:20:08Z,\N,1,assert
acme:entitlement:acme-principal-wl-000011-b76529368c19~5ba2105c4120,entitlement,acme,acme:principal:wl-000011~b76529368c19,acme:privilege:cloud-privileged-role-0006~6c1cceedd676,acme:service:svc-000002~a580ebf86a44,2021-10-11,2021-10-11T02:38:11Z,\N,2021-10-11T02:38:11Z,\N,1,assert
acme:entitlement:acme-principal-ad-4cca5c22-4a1b-4c2d~f1c25efeb96d,entitlement,acme,acme:principal:ad-4cca5c22-4a1b-4c2d-8e3f-0f74727022d6~6e5d8f71cfd5,acme:privilege:directory-privileged-role-0003~7eeb51ea05d5,acme:service:svc-000000~8730c4e3ac92,2021-10-27,2021-10-27T13:55:44Z,\N,2021-10-27T13:55:44Z,\N,1,assert
acme:entitlement:acme-principal-svc-dc2-hall2-rack01~455096f3af21,entitlement,acme,acme:principal:svc-dc2-hall2-rack01-00108~3177d94bb103,acme:vsphere.vsphere_privilege:virtualmachine-inventory-delete-003~6cf2a36a862d,acme:service:svc-000001~014eea2e7ea7,2021-11-26,2021-11-26T07:45:56Z,\N,2021-11-26T07:45:56Z,\N,1,assert
acme:entitlement:acme-principal-ad-4cca5c22-4a1b-4c2d~80d385cea359,entitlement,acme,acme:principal:ad-4cca5c22-4a1b-4c2d-8e3f-0f74727022d6~6e5d8f71cfd5,acme:privilege:system-privileged-role-0017~079b77b03e44,acme:service:svc-000001~014eea2e7ea7,2021-11-29,2021-11-29T11:56:18Z,\N,2021-11-29T11:56:18Z,\N,1,assert
acme:entitlement:acme-principal-ad-d82747ad-4a1b-4c2d~e7f9b6674457,entitlement,acme,acme:principal:ad-d82747ad-4a1b-4c2d-8e3f-28e17bef0ff3~1dccb39977b4,acme:vsphere.vsphere_privilege:virtualmachine-inventory-delete-012~0f062bbc778e,acme:service:svc-000004~8b82a9c39a2f,2022-01-06,2022-01-06T20:42:15Z,\N,2022-01-06T20:42:15Z,\N,1,assert
acme:entitlement:acme-principal-ad-5b1ca7d3-4a1b-4c2d~9f0fdb306dc2,entitlement,acme,acme:principal:ad-5b1ca7d3-4a1b-4c2d-8e3f-106c8ceb4d76~c2d45ed3cc2e,acme:privilege:system-privileged-role-0010~6d0892d563ac,acme:service:svc-000001~014eea2e7ea7,2022-01-19,2022-01-19T01:23:26Z,\N,2022-01-19T01:23:26Z,\N,1,assert
acme:entitlement:acme-principal-svc-dc2-hall2-rack01~2f2919729e27,entitlement,acme,acme:principal:svc-dc2-hall2-rack01-00108~3177d94bb103,acme:privilege:network-privileged-role-0021~61974bb524ef,acme:service:svc-000003~afa5dfe980e5,2022-01-22,2022-01-22T09:43:43Z,\N,2022-01-22T09:43:43Z,\N,1,assert
acme:entitlement:acme-principal-svc-dc2-hall2-rack01~8579713b7430,entitlement,acme,acme:principal:svc-dc2-hall2-rack01-00044~8691b94274cd,acme:privilege:directory-privileged-role-0012~4daaf8324383,acme:service:svc-000001~014eea2e7ea7,2022-05-28,2022-05-28T08:19:33Z,\N,2022-05-28T08:19:33Z,\N,1,assert
acme:entitlement:acme-principal-ad-465eb6d9-4a1b-4c2d~1f104a252bd5,entitlement,acme,acme:principal:ad-465eb6d9-4a1b-4c2d-8e3f-c82646fe4f40~43dbc8366d65,acme:vsphere.vsphere_privilege:virtualmachine-inventory-delete-012~0f062bbc778e,acme:service:svc-000002~a580ebf86a44,2022-06-16,2022-06-16T07:07:35Z,\N,2022-06-16T07:07:35Z,\N,1,assert
acme:entitlement:acme-principal-ad-4cca5c22-4a1b-4c2d~12b936305e32,entitlement,acme,acme:principal:ad-4cca5c22-4a1b-4c2d-8e3f-0f74727022d6~6e5d8f71cfd5,acme:vsphere.vsphere_privilege:virtualmachine-inventory~8366d101fc24,acme:service:svc-000003~afa5dfe980e5,2022-07-01,2022-07-01T13:05:53Z,\N,2022-07-01T13:05:53Z,\N,1,assert
acme:entitlement:acme-principal-svc-hq-dc1-f2-r1-rack02~7fe54126f481,entitlement,acme,acme:principal:svc-hq-dc1-f2-r1-rack02-00033~f3ef5bfccf8c,acme:vsphere.vsphere_privilege:virtualmachine-inventory-delete-009~2e98afba74b0,acme:service:svc-000002~a580ebf86a44,2022-07-06,2022-07-06T15:21:04Z,\N,2022-07-06T15:21:04Z,\N,1,assert
acme:entitlement:acme-principal-svc-remote-00133~ccb965d70f21,entitlement,acme,acme:principal:svc-remote-00133~0a0ea0c4879a,acme:privilege:network-privileged-role-0021~61974bb524ef,acme:service:svc-000002~a580ebf86a44,2022-08-30,2022-08-30T14:20:16Z,\N,2022-08-30T14:20:16Z,\N,1,assert
acme:entitlement:acme-principal-svc-dc2-hall2-rack01~8d139d9a573a,entitlement,acme,acme:principal:svc-dc2-hall2-rack01-00044~8691b94274cd,acme:vsphere.vsphere_privilege:virtualmachine-inventory-delete-018~dbd98f158c25,acme:service:svc-000001~014eea2e7ea7,2022-09-01,2022-09-01T17:46:26Z,\N,2022-09-01T17:46:26Z,\N,1,assert
acme:entitlement:acme-principal-svc-hq-dc2-00068~6ea51b910faa,entitlement,acme,acme:principal:svc-hq-dc2-00068~d479b6f18449,acme:privilege:system-privileged-role-0028~8b9b8422ec78,acme:service:svc-000004~8b82a9c39a2f,2022-09-04,2022-09-04T22:50:13Z,2027-04-03T03:20:41Z,2022-09-04T22:50:13Z,\N,1,assert
acme:entitlement:acme-principal-wl-000104-e95b9fec2728~0a2f7b9a5b65,entitlement,acme,acme:principal:wl-000104~e95b9fec2728,acme:vsphere.vsphere_privilege:virtualmachine-inventory-delete-006~03a80f7d24e5,acme:service:svc-000013~fbaf4ab7d1ca,2022-09-07,2022-09-07T00:10:13Z,\N,2022-09-07T00:10:13Z,\N,1,assert
acme:entitlement:acme-principal-wl-000098-2e6146d1fa5f~90c34fbf4121,entitlement,acme,acme:principal:wl-000098~2e6146d1fa5f,acme:privilege:system-privileged-role-0015~4099e0906929,acme:service:svc-000000~8730c4e3ac92,2022-11-05,2022-11-05T15:38:44Z,\N,2022-11-05T15:38:44Z,\N,1,assert
acme:entitlement:acme-principal-ad-c2a0a94e-4a1b-4c2d~bade6a25038f,entitlement,acme,acme:principal:ad-c2a0a94e-4a1b-4c2d-8e3f-54f2e81bee83~d60ac86c903c,acme:privilege:system-privileged-role-0002~66319b668467,acme:service:svc-000003~afa5dfe980e5,2022-11-06,2022-11-06T04:54:30Z,\N,2022-11-06T04:54:30Z,\N,1,assert
acme:entitlement:acme-principal-ad-8b8cebb7-4a1b-4c2d~08dce2f6afe6,entitlement,acme,acme:principal:ad-8b8cebb7-4a1b-4c2d-8e3f-525ae61a94cc~b3c61a7fd9fa,acme:vsphere.vsphere_privilege:virtualmachine-inventory-delete-016~40a23fe951a5,acme:service:svc-000013~fbaf4ab7d1ca,2023-01-09,2023-01-09T00:47:59Z,\N,2023-01-09T00:47:59Z,\N,1,assert
acme:entitlement:acme-principal-svc-hq-dc1-f2-r1-rack02~09e44b6d3890,entitlement,acme,acme:principal:svc-hq-dc1-f2-r1-rack02-00033~f3ef5bfccf8c,acme:privilege:network-privileged-role-0013~5fe7505b27c1,acme:service:svc-000000~8730c4e3ac92,2023-02-07,2023-02-07T08:18:30Z,\N,2023-02-07T08:18:30Z,\N,1,assert
acme:entitlement:acme-principal-svc-aws-reg-3-00120~8497bf9fb078,entitlement,acme,acme:principal:svc-aws-reg-3-00120~45c27ca7aaa4,acme:privilege:database-privileged-role-0029~8d7b429b110b,acme:service:svc-000003~afa5dfe980e5,2023-03-25,2023-03-25T23:33:08Z,\N,2023-03-25T23:33:08Z,\N,1,assert
acme:entitlement:acme-principal-wl-000059-7a181f9a7d31~49a81cad66ee,entitlement,acme,acme:principal:wl-000059~7a181f9a7d31,acme:privilege:network-privileged-role-0024~0cacce888992,acme:service:svc-000002~a580ebf86a44,2023-03-31,2023-03-31T10:47:03Z,\N,2023-03-31T10:47:03Z,\N,1,assert
acme:entitlement:acme-principal-ad-c2a0a94e-4a1b-4c2d~b80beef2de21,entitlement,acme,acme:principal:ad-c2a0a94e-4a1b-4c2d-8e3f-54f2e81bee83~d60ac86c903c,acme:privilege:system-privileged-role-0017~079b77b03e44,acme:service:svc-000000~8730c4e3ac92,2023-04-16,2023-04-16T18:22:35Z,\N,2023-04-16T18:22:35Z,\N,1,assert
acme:entitlement:acme-principal-svc-aws-reg-3-00120~80e3b1a18138,entitlement,acme,acme:principal:svc-aws-reg-3-00120~45c27ca7aaa4,acme:vsphere.vsphere_privilege:virtualmachine-inventory-delete-009~2e98afba74b0,acme:service:svc-000013~fbaf4ab7d1ca,2023-05-05,2023-05-05T08:26:45Z,\N,2023-05-05T08:26:45Z,\N,1,assert
acme:entitlement:acme-principal-svc-dc2-hall2-rack01~6a1ca1906491,entitlement,acme,acme:principal:svc-dc2-hall2-rack01-00108~3177d94bb103,acme:privilege:database-privileged-role-0029~8d7b429b110b,acme:service:svc-000002~a580ebf86a44,2023-05-14,2023-05-14T08:43:04Z,\N,2023-05-14T08:43:04Z,\N,1,assert
acme:entitlement:acme-principal-svc-hq-b1-f1-00070~6f4ea018c5a6,entitlement,acme,acme:principal:svc-hq-b1-f1-00070~eab000041b11,acme:privilege:database-privileged-role-0019~90a676fe913f,acme:service:svc-000000~8730c4e3ac92,2023-05-24,2023-05-24T01:08:32Z,\N,2023-05-24T01:08:32Z,\N,1,assert
acme:entitlement:acme-principal-svc-hq-b1-f1-00070~4f9b2f868403,entitlement,acme,acme:principal:svc-hq-b1-f1-00070~eab000041b11,acme:vsphere.vsphere_privilege:virtualmachine-inventory-clone-013~bdb382b4404e,acme:service:svc-000003~afa5dfe980e5,2023-05-27,2023-05-27T11:54:21Z,\N,2023-05-27T11:54:21Z,\N,1,assert
acme:entitlement:acme-principal-ad-50d91b9f-4a1b-4c2d~5a8bf5a0954f,entitlement,acme,acme:principal:ad-50d91b9f-4a1b-4c2d-8e3f-dfffa85a40d7~bb896ce7f6e6,acme:vsphere.vsphere_privilege:virtualmachine-inventory~8366d101fc24,acme:service:svc-000005~5cf24c187690,2023-06-11,2023-06-11T22:35:22Z,\N,2023-06-11T22:35:22Z,\N,1,assert
acme:entitlement:acme-principal-svc-hq-dc1-f1-r1-00020~16ab24c2ac2d,entitlement,acme,acme:principal:svc-hq-dc1-f1-r1-00020~fee137ec69ed,acme:vsphere.vsphere_privilege:virtualmachine-inventory~da2273d93db8,acme:service:svc-000003~afa5dfe980e5,2023-06-13,2023-06-13T03:35:14Z,\N,2023-06-13T03:35:14Z,\N,1,assert
acme:entitlement:acme-principal-ad-5b1ca7d3-4a1b-4c2d~992a38a7255b,entitlement,acme,acme:principal:ad-5b1ca7d3-4a1b-4c2d-8e3f-106c8ceb4d76~c2d45ed3cc2e,acme:vsphere.vsphere_privilege:virtualmachine-inventory~8e80b960b940,acme:service:svc-000005~5cf24c187690,2023-06-27,2023-06-27T23:26:21Z,\N,2023-06-27T23:26:21Z,\N,1,assert
acme:entitlement:acme-principal-bg-0009-4655f8d3a057~d8e58a1a4283,entitlement,acme,acme:principal:bg-0009~4655f8d3a057,acme:vsphere.vsphere_privilege:virtualmachine-inventory~18a0a14917ca,acme:service:svc-000001~014eea2e7ea7,2023-09-07,2023-09-07T07:13:42Z,\N,2023-09-07T07:13:42Z,\N,1,assert
acme:entitlement:acme-principal-ad-105e46ce-4a1b-4c2d~f51b2ccfd2c1,entitlement,acme,acme:principal:ad-105e46ce-4a1b-4c2d-8e3f-b0d337ef54c4~befaea9ff3d0,acme:privilege:network-privileged-role-0018~16885639801b,acme:service:svc-000001~014eea2e7ea7,2023-09-07,2023-09-07T20:42:00Z,\N,2023-09-07T20:42:00Z,\N,1,assert
acme:entitlement:acme-principal-svc-hq-dc2-00068~36d22554305e,entitlement,acme,acme:principal:svc-hq-dc2-00068~d479b6f18449,acme:privilege:system-privileged-role-0016~ae165da97610,acme:service:svc-000004~8b82a9c39a2f,2023-09-25,2023-09-25T12:28:30Z,\N,2023-09-25T12:28:30Z,\N,1,assert
acme:entitlement:acme-principal-svc-hq-b1-00001~e7d60dc67edd,entitlement,acme,acme:principal:svc-hq-b1-00001~e7705707b512,acme:privilege:network-privileged-role-0023~cdba7a728893,acme:service:svc-000000~8730c4e3ac92,2023-11-12,2023-11-12T21:51:16Z,\N,2023-11-12T21:51:16Z,\N,1,assert
acme:entitlement:acme-principal-bg-0159-4686559e08b5~f4e9935ce60b,entitlement,acme,acme:principal:bg-0159~4686559e08b5,acme:privilege:system-privileged-role-0002~66319b668467,acme:service:svc-000000~8730c4e3ac92,2023-11-15,2023-11-15T14:24:50Z,\N,2023-11-15T14:24:50Z,\N,1,assert
acme:entitlement:acme-principal-svc-hq-dc1-f2-r2-00087~4b05039a6d1b,entitlement,acme,acme:principal:svc-hq-dc1-f2-r2-00087~1082c550f8df,acme:privilege:network-privileged-role-0023~cdba7a728893,acme:service:svc-000001~014eea2e7ea7,2023-11-25,2023-11-25T00:28:28Z,\N,2023-11-25T00:28:28Z,\N,1,assert
acme:entitlement:acme-principal-svc-remote-office-f2~040e74ea495f,entitlement,acme,acme:principal:svc-remote-office-f2-00115~009c38e3f700,acme:vsphere.vsphere_privilege:virtualmachine-inventory~8e80b960b940,acme:service:svc-000002~a580ebf86a44,2024-01-19,2024-01-19T17:33:37Z,\N,2024-01-19T17:33:37Z,\N,1,assert
acme:entitlement:acme-principal-wl-000030-dea5f8aedc0a~d595c2badead,entitlement,acme,acme:principal:wl-000030~dea5f8aedc0a,acme:vsphere.vsphere_privilege:virtualmachine-inventory-delete-000~9fe8985eb07c,acme:service:svc-000005~5cf24c187690,2024-01-28,2024-01-28T18:42:13Z,\N,2024-01-28T18:42:13Z,\N,1,assert
acme:entitlement:acme-principal-svc-aws-reg-3-00120~75dffe626763,entitlement,acme,acme:principal:svc-aws-reg-3-00120~45c27ca7aaa4,acme:vsphere.vsphere_privilege:virtualmachine-inventory-delete-014~62b997744d6a,acme:service:svc-000013~fbaf4ab7d1ca,2024-02-01,2024-02-01T08:36:10Z,\N,2024-02-01T08:36:10Z,\N,1,assert
acme:entitlement:acme-principal-ad-c8886978-4a1b-4c2d~104ff84835a2,entitlement,acme,acme:principal:ad-c8886978-4a1b-4c2d-8e3f-45bc8687fc13~0ad24a0b2bbd,acme:privilege:network-privileged-role-0001~4133d16cfe71,acme:service:svc-000004~8b82a9c39a2f,2024-02-02,2024-02-02T14:33:39Z,\N,2024-02-02T14:33:39Z,\N,1,assert
acme:entitlement:acme-principal-svc-aws-reg-2-az1-00126~9fee927a259f,entitlement,acme,acme:principal:svc-aws-reg-2-az1-00126~7b3d1ba8487d,acme:privilege:cloud-privileged-role-0022~aadf168a0484,acme:service:svc-000001~014eea2e7ea7,2024-02-20,2024-02-20T21:41:03Z,\N,2024-02-20T21:41:03Z,\N,1,assert
acme:entitlement:acme-principal-ad-50d91b9f-4a1b-4c2d~446d0d983ad9,entitlement,acme,acme:principal:ad-50d91b9f-4a1b-4c2d-8e3f-dfffa85a40d7~bb896ce7f6e6,acme:privilege:cloud-privileged-role-0025~df8db34eef3e,acme:service:svc-000003~afa5dfe980e5,2024-02-21,2024-02-21T12:25:50Z,\N,2024-02-21T12:25:50Z,\N,1,assert
acme:entitlement:acme-principal-ad-c8886978-4a1b-4c2d~405d64653d94,entitlement,acme,acme:principal:ad-c8886978-4a1b-4c2d-8e3f-45bc8687fc13~0ad24a0b2bbd,acme:vsphere.vsphere_privilege:virtualmachine-inventory~aec0591186ef,acme:service:svc-000001~014eea2e7ea7,2024-06-17,2024-06-17T07:08:05Z,\N,2024-06-17T07:08:05Z,\N,1,assert
acme:entitlement:acme-principal-svc-hq-dc1-f1-r1-rack02~a33d0981fef1,entitlement,acme,acme:principal:svc-hq-dc1-f1-r1-rack02-00157~efc9dbfd81a9,acme:privilege:directory-privileged-role-0003~7eeb51ea05d5,acme:service:svc-000002~a580ebf86a44,2024-08-21,2024-08-21T02:52:55Z,\N,2024-08-21T02:52:55Z,\N,1,assert
acme:entitlement:acme-principal-svc-hq-dc1-f2-r1-rack02~a62a849ebe51,entitlement,acme,acme:principal:svc-hq-dc1-f2-r1-rack02-00033~f3ef5bfccf8c,acme:privilege:cloud-privileged-role-0027~a959c56f013d,acme:service:svc-000001~014eea2e7ea7,2024-08-26,2024-08-26T06:59:31Z,\N,2024-08-26T06:59:31Z,\N,1,assert
acme:entitlement:acme-principal-svc-hq-dc1-f2-r2-00151~72bb2183cc21,entitlement,acme,acme:principal:svc-hq-dc1-f2-r2-00151~ed51e76c9ed2,acme:vsphere.vsphere_privilege:virtualmachine-inventory~da2273d93db8,acme:service:svc-000004~8b82a9c39a2f,2024-09-13,2024-09-13T00:15:32Z,\N,2024-09-13T00:15:32Z,\N,1,assert
acme:entitlement:acme-principal-wl-000137-6812bc96ff2a~506e8e2b7329,entitlement,acme,acme:principal:wl-000137~6812bc96ff2a,acme:privilege:system-privileged-role-0015~4099e0906929,acme:service:svc-000003~afa5dfe980e5,2024-09-18,2024-09-18T00:23:17Z,\N,2024-09-18T00:23:17Z,\N,1,assert
acme:entitlement:acme-principal-svc-remote-office-f2~1b27df073e04,entitlement,acme,acme:principal:svc-remote-office-f2-00051~67eb2f56156c,acme:vsphere.vsphere_privilege:virtualmachine-inventory~18a0a14917ca,acme:service:svc-000003~afa5dfe980e5,2024-09-26,2024-09-26T07:28:05Z,\N,2024-09-26T07:28:05Z,\N,1,assert
acme:entitlement:acme-principal-wl-000024-57eb303d5b02~7e385c262722,entitlement,acme,acme:principal:wl-000024~57eb303d5b02,acme:privilege:cloud-privileged-role-0022~aadf168a0484,acme:service:svc-000003~afa5dfe980e5,2024-10-01,2024-10-01T13:58:24Z,\N,2024-10-01T13:58:24Z,\N,1,assert
acme:entitlement:acme-principal-ad-b3742723-4a1b-4c2d~f4f0a220f4f0,entitlement,acme,acme:principal:ad-b3742723-4a1b-4c2d-8e3f-5794e18af603~2dec689a8ee9,acme:privilege:cloud-privileged-role-0027~a959c56f013d,acme:service:svc-000000~8730c4e3ac92,2024-10-30,2024-10-30T05:47:18Z,\N,2024-10-30T05:47:18Z,\N,1,assert
acme:entitlement:acme-principal-wl-000098-2e6146d1fa5f~deb29d653ac3,entitlement,acme,acme:principal:wl-000098~2e6146d1fa5f,acme:privilege:system-privileged-role-0026~9027dad0f568,acme:service:svc-000001~014eea2e7ea7,2024-11-21,2024-11-21T08:10:32Z,\N,2024-11-21T08:10:32Z,\N,1,assert
acme:entitlement:acme-principal-wl-000104-e95b9fec2728~5f6f37f64e15,entitlement,acme,acme:principal:wl-000104~e95b9fec2728,acme:vsphere.vsphere_privilege:virtualmachine-inventory-delete-014~62b997744d6a,acme:service:svc-000001~014eea2e7ea7,2024-11-29,2024-11-29T20:43:29Z,\N,2024-11-29T20:43:29Z,\N,1,assert
acme:entitlement:acme-principal-wl-000056-212c9b9ec695~03ece8cfb21a,entitlement,acme,acme:principal:wl-000056~212c9b9ec695,acme:vsphere.vsphere_privilege:virtualmachine-inventory~8e80b960b940,acme:service:svc-000000~8730c4e3ac92,2024-12-21,2024-12-21T00:29:47Z,\N,2024-12-21T00:29:47Z,\N,1,assert
acme:entitlement:acme-principal-svc-hq-dc1-f1-r1-00020~8cdc8ce7a8ad,entitlement,acme,acme:principal:svc-hq-dc1-f1-r1-00020~fee137ec69ed,acme:vsphere.vsphere_privilege:virtualmachine-inventory-delete-006~03a80f7d24e5,acme:service:svc-000004~8b82a9c39a2f,2025-01-17,2025-01-17T16:52:58Z,\N,2025-01-17T16:52:58Z,\N,1,assert
acme:entitlement:acme-principal-wl-000121-d60efc835dbf~39dfc755f924,entitlement,acme,acme:principal:wl-000121~d60efc835dbf,acme:vsphere.vsphere_privilege:virtualmachine-inventory-delete-016~40a23fe951a5,acme:service:svc-000004~8b82a9c39a2f,2025-01-31,2025-01-31T12:07:34Z,\N,2025-01-31T12:07:34Z,\N,1,assert
acme:entitlement:acme-principal-wl-000092-0dcfee41c174~96c75eb119d1,entitlement,acme,acme:principal:wl-000092~0dcfee41c174,acme:privilege:directory-privileged-role-0012~4daaf8324383,acme:service:svc-000002~a580ebf86a44,2025-02-03,2025-02-03T03:39:27Z,\N,2025-02-03T03:39:27Z,\N,1,assert
acme:entitlement:acme-principal-ad-91a59cbe-4a1b-4c2d~3e3255c41dca,entitlement,acme,acme:principal:ad-91a59cbe-4a1b-4c2d-8e3f-eeb77f8d3fd8~e50cf6dc8010,acme:privilege:system-privileged-role-0016~ae165da97610,acme:service:svc-000002~a580ebf86a44,2025-02-18,2025-02-18T16:05:45Z,\N,2025-02-18T16:05:45Z,\N,1,assert
acme:entitlement:acme-principal-wl-000056-212c9b9ec695~58644b36bdd0,entitlement,acme,acme:principal:wl-000056~212c9b9ec695,acme:privilege:network-privileged-role-0014~419ceee5e762,acme:service:svc-000001~014eea2e7ea7,2025-04-02,2025-04-02T06:33:55Z,\N,2025-04-02T06:33:55Z,\N,1,assert
acme:entitlement:acme-principal-wl-000059-7a181f9a7d31~868156a4a310,entitlement,acme,acme:principal:wl-000059~7a181f9a7d31,acme:vsphere.vsphere_privilege:virtualmachine-inventory~f95644957ffb,acme:service:svc-000004~8b82a9c39a2f,2025-05-10,2025-05-10T13:29:27Z,\N,2025-05-10T13:29:27Z,\N,1,assert
acme:entitlement:acme-principal-wl-000098-2e6146d1fa5f~7c49a072886f,entitlement,acme,acme:principal:wl-000098~2e6146d1fa5f,acme:vsphere.vsphere_privilege:virtualmachine-inventory-delete-018~dbd98f158c25,acme:service:svc-000005~5cf24c187690,2025-06-09,2025-06-09T23:15:58Z,\N,2025-06-09T23:15:58Z,\N,1,assert
acme:entitlement:acme-principal-wl-000076-48837099739f~ecd4c3011574,entitlement,acme,acme:principal:wl-000076~48837099739f,acme:privilege:directory-privileged-role-0012~4daaf8324383,acme:service:svc-000000~8730c4e3ac92,2025-07-09,2025-07-09T10:19:28Z,\N,2025-07-09T10:19:28Z,\N,1,assert
acme:entitlement:acme-principal-wl-000082-a3817a31f4bb~0749428ba269,entitlement,acme,acme:principal:wl-000082~a3817a31f4bb,acme:privilege:system-privileged-role-0028~8b9b8422ec78,acme:service:svc-000002~a580ebf86a44,2025-08-27,2025-08-27T04:02:18Z,\N,2025-08-27T04:02:18Z,\N,1,assert
acme:entitlement:acme-principal-svc-hq-dc1-f2-r2-00087~7ab196bbdfb0,entitlement,acme,acme:principal:svc-hq-dc1-f2-r2-00087~1082c550f8df,acme:privilege:network-privileged-role-0013~5fe7505b27c1,acme:service:svc-000001~014eea2e7ea7,2025-09-16,2025-09-16T15:42:02Z,\N,2025-09-16T15:42:02Z,\N,1,assert
acme:entitlement:acme-principal-svc-hq-00000~ab2c124a94b1,entitlement,acme,acme:principal:svc-hq-00000~01978ce268bc,acme:vsphere.vsphere_privilege:virtualmachine-inventory-delete-003~6cf2a36a862d,acme:service:svc-000013~fbaf4ab7d1ca,2025-09-23,2025-09-23T14:43:14Z,\N,2025-09-23T14:43:14Z,\N,1,assert
acme:entitlement:acme-principal-svc-hq-b2-f1-00008~ee2720003a9f,entitlement,acme,acme:principal:svc-hq-b2-f1-00008~23876d48be88,acme:vsphere.vsphere_privilege:virtualmachine-inventory~f95644957ffb,acme:service:svc-000000~8730c4e3ac92,2025-10-06,2025-10-06T16:30:11Z,\N,2025-10-06T16:30:11Z,\N,1,assert
acme:entitlement:acme-principal-ad-d82747ad-4a1b-4c2d~b1100ce02642,entitlement,acme,acme:principal:ad-d82747ad-4a1b-4c2d-8e3f-28e17bef0ff3~1dccb39977b4,acme:privilege:cloud-privileged-role-0022~aadf168a0484,acme:service:svc-000000~8730c4e3ac92,2025-10-31,2025-10-31T20:50:07Z,\N,2025-10-31T20:50:07Z,\N,1,assert
acme:entitlement:acme-principal-ad-d98c18f0-4a1b-4c2d~233efa776a79,entitlement,acme,acme:principal:ad-d98c18f0-4a1b-4c2d-8e3f-1b3bd7c85929~fe1085106b11,acme:privilege:system-privileged-role-0010~6d0892d563ac,acme:service:svc-000002~a580ebf86a44,2025-11-08,2025-11-08T22:00:19Z,\N,2025-11-08T22:00:19Z,\N,1,assert
acme:entitlement:acme-principal-svc-remote-office-f1~329077944655,entitlement,acme,acme:principal:svc-remote-office-f1-00112~9bdc179724ab,acme:vsphere.vsphere_privilege:virtualmachine-inventory~f95644957ffb,acme:service:svc-000005~5cf24c187690,2025-11-29,2025-11-29T03:15:39Z,\N,2025-11-29T03:15:39Z,\N,1,assert
acme:entitlement:acme-principal-ad-fa2caacf-4a1b-4c2d~669e390dc931,entitlement,acme,acme:principal:ad-fa2caacf-4a1b-4c2d-8e3f-9852ea602d3a~9beab9e4eef6,acme:privilege:network-privileged-role-0021~61974bb524ef,acme:service:svc-000004~8b82a9c39a2f,2025-12-31,2025-12-31T01:22:34Z,\N,2025-12-31T01:22:34Z,\N,1,assert
acme:entitlement:acme-principal-ad-578f58a2-4a1b-4c2d~15441aa74975,entitlement,acme,acme:principal:ad-578f58a2-4a1b-4c2d-8e3f-c046e499b538~d784186d48c7,acme:vsphere.vsphere_privilege:virtualmachine-inventory-delete-004~b667afcbdd49,acme:service:svc-000002~a580ebf86a44,2026-01-19,2026-01-19T08:41:53Z,\N,2026-01-19T08:41:53Z,\N,1,assert
acme:entitlement:acme-principal-svc-remote-office-00047~1e9b5a7408ff,entitlement,acme,acme:principal:svc-remote-office-00047~fe9516ee2209,acme:vsphere.vsphere_privilege:virtualmachine-inventory~da2273d93db8,acme:service:svc-000001~014eea2e7ea7,2026-01-30,2026-01-30T03:57:42Z,\N,2026-01-30T03:57:42Z,\N,1,assert
acme:entitlement:acme-principal-svc-hq-b1-f1-r1-rack04~89e2c5e29469,entitlement,acme,acme:principal:svc-hq-b1-f1-r1-rack04-00091~d41a7994f6d9,acme:privilege:network-privileged-role-0001~4133d16cfe71,acme:service:svc-000001~014eea2e7ea7,2026-01-30,2026-01-30T07:52:55Z,\N,2026-01-30T07:52:55Z,\N,1,assert
acme:entitlement:acme-principal-wl-000040-f466e95a895b~f6ba5902f237,entitlement,acme,acme:principal:wl-000040~f466e95a895b,acme:vsphere.vsphere_privilege:virtualmachine-inventory-clone-013~bdb382b4404e,acme:service:svc-000013~fbaf4ab7d1ca,2026-02-01,2026-02-01T12:08:18Z,\N,2026-02-01T12:08:18Z,\N,1,assert
acme:entitlement:acme-principal-ad-329649c1-4a1b-4c2d~7d3917699519,entitlement,acme,acme:principal:ad-329649c1-4a1b-4c2d-8e3f-d9dc490b1132~f43ba77d652d,acme:vsphere.vsphere_privilege:virtualmachine-inventory~15b78ea52c01,acme:service:svc-000013~fbaf4ab7d1ca,2026-03-04,2026-03-04T06:20:01Z,\N,2026-03-04T06:20:01Z,\N,1,assert
acme:entitlement:acme-principal-svc-aws-reg-2-az1-00126~aebd1973ec47,entitlement,acme,acme:principal:svc-aws-reg-2-az1-00126~7b3d1ba8487d,acme:privilege:directory-privileged-role-0008~af5f57b43692,acme:service:svc-000000~8730c4e3ac92,2026-03-17,2026-03-17T03:19:02Z,\N,2026-03-17T03:19:02Z,\N,1,assert
acme:entitlement:acme-principal-wl-000100-374124a994cd~0f256a5094dc,entitlement,acme,acme:principal:wl-000100~374124a994cd,acme:privilege:directory-privileged-role-0012~4daaf8324383,acme:service:svc-000003~afa5dfe980e5,2026-03-25,2026-03-25T18:29:58Z,\N,2026-03-25T18:29:58Z,\N,1,assert
acme:entitlement:acme-principal-svc-hq-dc1-f1-r1-00020~ef853d151ec8,entitlement,acme,acme:principal:svc-hq-dc1-f1-r1-00020~fee137ec69ed,acme:privilege:system-privileged-role-0028~8b9b8422ec78,acme:service:svc-000001~014eea2e7ea7,2026-03-28,2026-03-28T21:50:01Z,\N,2026-03-28T21:50:01Z,\N,1,assert
acme:entitlement:acme-principal-wl-000022-ad5eadfecef5~6eb872e89792,entitlement,acme,acme:principal:wl-000022~ad5eadfecef5,acme:vsphere.vsphere_privilege:virtualmachine-inventory~da2273d93db8,acme:service:svc-000005~5cf24c187690,2026-04-05,2026-04-05T13:09:52Z,\N,2026-04-05T13:09:52Z,\N,1,assert
acme:entitlement:acme-principal-svc-remote-office-f1~35af26f64c02,entitlement,acme,acme:principal:svc-remote-office-f1-00112~9bdc179724ab,acme:privilege:system-privileged-role-0002~66319b668467,acme:service:svc-000004~8b82a9c39a2f,2026-04-21,2026-04-21T00:56:04Z,\N,2026-04-21T00:56:04Z,\N,1,assert
acme:entitlement:acme-principal-ad-e8a4f727-4a1b-4c2d~28571bdd77cd,entitlement,acme,acme:principal:ad-e8a4f727-4a1b-4c2d-8e3f-27ef49a8177d~6bb8ec003a1d,acme:vsphere.vsphere_privilege:virtualmachine-inventory-delete-000~9fe8985eb07c,acme:service:svc-000003~afa5dfe980e5,2026-04-30,2026-04-30T03:33:16Z,\N,2026-04-30T03:33:16Z,\N,1,assert
acme:entitlement:acme-principal-ad-50d91b9f-4a1b-4c2d~bb82590ff53a,entitlement,acme,acme:principal:ad-50d91b9f-4a1b-4c2d-8e3f-dfffa85a40d7~bb896ce7f6e6,acme:privilege:system-privileged-role-0020~e9f1e3186969,acme:service:svc-000000~8730c4e3ac92,2026-05-06,2026-05-06T05:39:32Z,\N,2026-05-06T05:39:32Z,\N,1,assert
acme:entitlement:acme-principal-svc-remote-office-f2-r1~e1d7b228ffe9,entitlement,acme,acme:principal:svc-remote-office-f2-r1-00116~5b96ae4365b5,acme:vsphere.vsphere_privilege:virtualmachine-inventory-delete-003~6cf2a36a862d,acme:service:svc-000005~5cf24c187690,2026-06-04,2026-06-04T16:10:49Z,\N,2026-06-04T16:10:49Z,\N,1,assert
acme:entitlement:acme-principal-wl-000034-efd5c34966f1~26f2882ef822,entitlement,acme,acme:principal:wl-000034~efd5c34966f1,acme:privilege:directory-privileged-role-0008~af5f57b43692,acme:service:svc-000002~a580ebf86a44,2026-06-19,2026-06-19T17:20:16Z,\N,2026-06-19T17:20:16Z,\N,1,assert
acme:entitlement:acme-principal-ad-578f58a2-4a1b-4c2d~de9fc6b4f3c2,entitlement,acme,acme:principal:ad-578f58a2-4a1b-4c2d-8e3f-c046e499b538~d784186d48c7,acme:privilege:directory-privileged-role-0003~7eeb51ea05d5,acme:service:svc-000003~afa5dfe980e5,2026-06-23,2026-06-23T03:11:02Z,\N,2026-06-23T03:11:02Z,\N,1,assert
acme:entitlement:acme-principal-ad-91a59cbe-4a1b-4c2d~3ac0e13c067b,entitlement,acme,acme:principal:ad-91a59cbe-4a1b-4c2d-8e3f-eeb77f8d3fd8~e50cf6dc8010,acme:privilege:directory-privileged-role-0008~af5f57b43692,acme:service:svc-000001~014eea2e7ea7,2026-06-24,2026-06-24T00:29:44Z,\N,2026-06-24T00:29:44Z,\N,1,assert
acme:entitlement:acme-principal-ad-1ffbce61-4a1b-4c2d~ca1381e72732,entitlement,acme,acme:principal:ad-1ffbce61-4a1b-4c2d-8e3f-b32ffec8029b~2f95fa480efc,acme:privilege:network-privileged-role-0011~88a34f17e921,acme:service:svc-000002~a580ebf86a44,2026-06-24,2026-06-24T18:26:31Z,\N,2026-06-24T18:26:31Z,\N,1,assert
acme:entitlement:acme-principal-ad-4c378159-4a1b-4c2d~1c76019a6ec1,entitlement,acme,acme:principal:ad-4c378159-4a1b-4c2d-8e3f-09c7d07fb8ae~dabb607bc1c4,acme:privilege:network-privileged-role-0018~16885639801b,acme:service:svc-000000~8730c4e3ac92,2026-07-03,2026-07-03T08:08:38Z,\N,2026-07-03T08:08:38Z,\N,1,assert
acme:entitlement:acme-principal-ad-578f58a2-4a1b-4c2d~98ad3b47320b,entitlement,acme,acme:principal:ad-578f58a2-4a1b-4c2d-8e3f-c046e499b538~d784186d48c7,acme:privilege:cloud-privileged-role-0006~6c1cceedd676,acme:service:svc-000004~8b82a9c39a2f,2026-07-07,2026-07-07T04:56:12Z,\N,2026-07-07T04:56:12Z,\N,1,assert
acme:entitlement:acme-principal-ad-4c378159-4a1b-4c2d~1be6b49c8435,entitlement,acme,acme:principal:ad-4c378159-4a1b-4c2d-8e3f-09c7d07fb8ae~dabb607bc1c4,acme:privilege:network-privileged-role-0013~5fe7505b27c1,acme:service:svc-000003~afa5dfe980e5,2026-07-15,2026-07-15T04:04:08Z,\N,2026-07-15T04:04:08Z,\N,1,assert
acme:entitlement:acme-principal-wl-000066-4e9e196b6884~85cfb7b37ddf,entitlement,acme,acme:principal:wl-000066~4e9e196b6884,acme:privilege:network-privileged-role-0011~88a34f17e921,acme:service:svc-000001~014eea2e7ea7,2026-08-02,2026-08-02T18:12:06Z,\N,2026-08-02T18:12:06Z,\N,1,assert
acme:entitlement:acme-principal-svc-hq-b1-f1-r1-00014~5139c4a3baca,entitlement,acme,acme:principal:svc-hq-b1-f1-r1-00014~f3e63dc50635,acme:privilege:system-privileged-role-0015~4099e0906929,acme:service:svc-000013~fbaf4ab7d1ca,2026-08-21,2026-08-21T00:05:35Z,2027-04-03T18:42:29Z,2026-08-21T00:05:35Z,\N,1,assert
acme:entitlement:acme-principal-ad-d446521f-4a1b-4c2d~89167a797657,entitlement,acme,acme:principal:ad-d446521f-4a1b-4c2d-8e3f-2311f7ee6be5~2c0ae8076995,acme:privilege:database-privileged-role-0029~8d7b429b110b,acme:service:svc-000013~fbaf4ab7d1ca,2026-08-21,2026-08-21T00:17:21Z,2027-04-03T15:06:30Z,2026-08-21T00:17:21Z,\N,1,assert
acme:entitlement:acme-principal-svc-hq-00000~8d7dcc2a93ae,entitlement,acme,acme:principal:svc-hq-00000~01978ce268bc,acme:privilege:network-privileged-role-0013~5fe7505b27c1,acme:service:svc-000142~441144e79d15,2026-08-21,2026-08-21T00:25:44Z,2027-04-03T12:11:32Z,2026-08-21T00:25:44Z,\N,1,assert
acme:entitlement:acme-principal-ad-acf1c6e4-4a1b-4c2d~99853916ec5c,entitlement,acme,acme:principal:ad-acf1c6e4-4a1b-4c2d-8e3f-0ac1c96e6e1c~332793f9b72f,acme:privilege:directory-privileged-role-0008~af5f57b43692,acme:service:svc-000079~032b83972e3b,2026-08-21,2026-08-21T00:35:06Z,2027-04-03T21:06:11Z,2026-08-21T00:35:06Z,\N,1,assert
acme:entitlement:acme-principal-ad-d446521f-4a1b-4c2d~f4bc7308347b,entitlement,acme,acme:principal:ad-d446521f-4a1b-4c2d-8e3f-2311f7ee6be5~2c0ae8076995,acme:vsphere.vsphere_privilege:virtualmachine-inventory~6d9c4da6c344,acme:service:svc-000147~ebdf86068801,2026-08-21,2026-08-21T00:37:27Z,2027-04-03T18:49:56Z,2026-08-21T00:37:27Z,\N,1,assert
acme:entitlement:acme-principal-svc-remote-office-f1~3eb0ea8875fd,entitlement,acme,acme:principal:svc-remote-office-f1-00112~9bdc179724ab,acme:vsphere.vsphere_privilege:virtualmachine-inventory~6d9c4da6c344,acme:service:svc-000152~0d72ef533f26,2026-08-21,2026-08-21T00:38:44Z,2027-04-03T22:55:50Z,2026-08-21T00:38:44Z,\N,1,assert
acme:entitlement:acme-principal-svc-hq-b1-00001~eb2f91f38f89,entitlement,acme,acme:principal:svc-hq-b1-00001~e7705707b512,acme:privilege:cloud-privileged-role-0025~df8db34eef3e,acme:service:svc-000147~ebdf86068801,2026-08-21,2026-08-21T00:40:14Z,2027-04-03T11:06:53Z,2026-08-21T00:40:14Z,\N,1,assert
acme:entitlement:acme-principal-svc-aws-reg-2-00119~bc7273bedb60,entitlement,acme,acme:principal:svc-aws-reg-2-00119~cd53453aef6b,acme:privilege:network-privileged-role-0013~5fe7505b27c1,acme:service:svc-000005~5cf24c187690,2026-08-21,2026-08-21T00:43:33Z,2027-04-03T18:13:57Z,2026-08-21T00:43:33Z,\N,1,assert
acme:entitlement:acme-principal-ad-329649c1-4a1b-4c2d~d1c37a94e678,entitlement,acme,acme:principal:ad-329649c1-4a1b-4c2d-8e3f-d9dc490b1132~f43ba77d652d,acme:privilege:cloud-privileged-role-0025~df8db34eef3e,acme:service:svc-000013~fbaf4ab7d1ca,2026-08-21,2026-08-21T00:44:20Z,2027-04-03T13:33:02Z,2026-08-21T00:44:20Z,\N,1,assert
acme:entitlement:acme-principal-svc-dc2-hall2-rack02~1cff6077f387,entitlement,acme,acme:principal:svc-dc2-hall2-rack02-00109~ad83d0db386d,acme:vsphere.vsphere_privilege:virtualmachine-inventory-delete-009~2e98afba74b0,acme:service:svc-000026~b29aa4b4664e,2026-08-21,2026-08-21T00:55:41Z,2027-04-03T16:37:40Z,2026-08-21T00:55:41Z,\N,1,assert
acme:entitlement:acme-principal-ad-acf1c6e4-4a1b-4c2d~16f79344ec9d,entitlement,acme,acme:principal:ad-acf1c6e4-4a1b-4c2d-8e3f-0ac1c96e6e1c~332793f9b72f,acme:vsphere.vsphere_privilege:virtualmachine-inventory-delete-009~2e98afba74b0,acme:service:svc-000152~0d72ef533f26,2026-08-21,2026-08-21T00:59:36Z,2027-04-03T15:24:02Z,2026-08-21T00:59:36Z,\N,1,assert
acme:entitlement:acme-principal-svc-aws-reg-1-az1-00124~944442fc854f,entitlement,acme,acme:principal:svc-aws-reg-1-az1-00124~80377816291a,acme:vsphere.vsphere_privilege:virtualmachine-inventory-delete-002~24c86eba856c,acme:service:svc-000147~ebdf86068801,2026-08-21,2026-08-21T01:04:12Z,2027-04-03T09:51:38Z,2026-08-21T01:04:12Z,\N,1,assert
acme:entitlement:acme-principal-wl-000056-212c9b9ec695~fe8aea28f303,entitlement,acme,acme:principal:wl-000056~212c9b9ec695,acme:privilege:cloud-privileged-role-0009~ef174fb8f608,acme:service:svc-000014~f897b684710c,2026-08-21,2026-08-21T01:05:54Z,2027-04-03T04:10:38Z,2026-08-21T01:05:54Z,\N,1,assert
acme:entitlement:acme-principal-svc-hq-00064~f801732853fd,entitlement,acme,acme:principal:svc-hq-00064~9909373df8b0,acme:privilege:system-privileged-role-0017~079b77b03e44,acme:service:svc-000005~5cf24c187690,2026-08-21,2026-08-21T01:12:58Z,2027-04-03T14:39:00Z,2026-08-21T01:12:58Z,\N,1,assert
acme:entitlement:acme-principal-svc-aws-reg-3-az1-00063~4fa59d28eccf,entitlement,acme,acme:principal:svc-aws-reg-3-az1-00063~2e8fa60ff49c,acme:privilege:directory-privileged-role-0007~1b8f03e34698,acme:service:svc-000005~5cf24c187690,2026-08-21,2026-08-21T01:13:02Z,2027-04-03T18:24:02Z,2026-08-21T01:13:02Z,\N,1,assert
acme:entitlement:acme-principal-ad-5ae8a265-4a1b-4c2d~771ffc0ff049,entitlement,acme,acme:principal:ad-5ae8a265-4a1b-4c2d-8e3f-40132625330e~2891aaaa4229,acme:vsphere.vsphere_privilege:virtualmachine-inventory-clone-013~bdb382b4404e,acme:service:svc-000007~08dce2303212,2026-08-21,2026-08-21T01:21:15Z,2027-04-03T03:35:54Z,2026-08-21T01:21:15Z,\N,1,assert
acme:entitlement:acme-principal-svc-dc2-hall1-rack02~19445b83844c,entitlement,acme,acme:principal:svc-dc2-hall1-rack02-00106~4933dccc7cfd,acme:privilege:network-privileged-role-0021~61974bb524ef,acme:service:svc-000014~f897b684710c,2026-08-21,2026-08-21T01:22:44Z,2027-04-03T13:34:23Z,2026-08-21T01:22:44Z,\N,1,assert
acme:entitlement:acme-principal-svc-hq-dc2-00068~95af51b8cd0e,entitlement,acme,acme:principal:svc-hq-dc2-00068~d479b6f18449,acme:privilege:directory-privileged-role-0012~4daaf8324383,acme:service:svc-000004~8b82a9c39a2f,2026-08-21,2026-08-21T01:26:31Z,2027-04-03T23:16:37Z,2026-08-21T01:26:31Z,\N,1,assert
acme:entitlement:acme-principal-svc-hq-b1-f1-r1-rack01~93ab62f30b80,entitlement,acme,acme:principal:svc-hq-b1-f1-r1-rack01-00088~22bb8ae4475c,acme:privilege:system-privileged-role-0016~ae165da97610,acme:service:svc-000079~032b83972e3b,2026-08-21,2026-08-21T01:36:57Z,2027-04-03T19:53:34Z,2026-08-21T01:36:57Z,\N,1,assert
acme:entitlement:acme-principal-svc-hq-dc1-f2-r2-00151~a15ef469445c,entitlement,acme,acme:principal:svc-hq-dc1-f2-r2-00151~ed51e76c9ed2,acme:privilege:database-privileged-role-0029~8d7b429b110b,acme:service:svc-000147~ebdf86068801,2026-08-21,2026-08-21T01:39:48Z,2027-04-03T09:27:29Z,2026-08-21T01:39:48Z,\N,1,assert
acme:entitlement:acme-principal-svc-hq-b1-f1-r1-rack01~e6e0a2de87a6,entitlement,acme,acme:principal:svc-hq-b1-f1-r1-rack01-00088~22bb8ae4475c,acme:privilege:system-privileged-role-0028~8b9b8422ec78,acme:service:svc-000147~ebdf86068801,2026-08-21,2026-08-21T01:50:37Z,2027-04-03T11:00:52Z,2026-08-21T01:50:37Z,\N,1,assert
acme:entitlement:acme-principal-svc-remote-office-f2-r1~6a3daa966cbd,entitlement,acme,acme:principal:svc-remote-office-f2-r1-00116~5b96ae4365b5,acme:privilege:system-privileged-role-0020~e9f1e3186969,acme:service:svc-000013~fbaf4ab7d1ca,2026-08-21,2026-08-21T01:55:00Z,2027-04-03T01:03:11Z,2026-08-21T01:55:00Z,\N,1,assert
acme:entitlement:acme-principal-wl-000100-374124a994cd~df2667c3bb62,entitlement,acme,acme:principal:wl-000100~374124a994cd,acme:privilege:cloud-privileged-role-0005~2187e4ce771c,acme:service:svc-000142~441144e79d15,2026-08-21,2026-08-21T01:57:59Z,2027-04-03T05:31:54Z,2026-08-21T01:57:59Z,\N,1,assert
acme:entitlement:acme-principal-ad-e8a4f727-4a1b-4c2d~0e2dcfdc6a38,entitlement,acme,acme:principal:ad-e8a4f727-4a1b-4c2d-8e3f-27ef49a8177d~6bb8ec003a1d,acme:privilege:network-privileged-role-0021~61974bb524ef,acme:service:svc-000152~0d72ef533f26,2026-08-21,2026-08-21T01:59:45Z,2027-04-03T15:06:30Z,2026-08-21T01:59:45Z,\N,1,assert
acme:entitlement:acme-principal-ad-758bb1e3-4a1b-4c2d~c1ab67b290fd,entitlement,acme,acme:principal:ad-758bb1e3-4a1b-4c2d-8e3f-f9536e07ca08~666ca7e48d7b,acme:privilege:network-privileged-role-0014~419ceee5e762,acme:service:svc-000014~f897b684710c,2026-08-21,2026-08-21T02:05:11Z,2027-04-03T14:51:35Z,2026-08-21T02:05:11Z,\N,1,assert
acme:entitlement:acme-principal-svc-hq-b2-f2-00073~4840d3984a52,entitlement,acme,acme:principal:svc-hq-b2-f2-00073~449e83cc24b7,acme:privilege:cloud-privileged-role-0027~a959c56f013d,acme:service:svc-000014~f897b684710c,2026-08-21,2026-08-21T02:09:26Z,2027-04-03T08:04:27Z,2026-08-21T02:09:26Z,\N,1,assert
acme:entitlement:acme-principal-svc-hq-b1-f1-00006~7278f28c2113,entitlement,acme,acme:principal:svc-hq-b1-f1-00006~197e9b71f691,acme:privilege:system-privileged-role-0028~8b9b8422ec78,acme:service:svc-000079~032b83972e3b,2026-08-21,2026-08-21T02:11:50Z,2027-04-03T17:04:54Z,2026-08-21T02:11:50Z,\N,1,assert
acme:entitlement:acme-principal-svc-hq-b1-f1-r1-rack04~3be58f588455,entitlement,acme,acme:principal:svc-hq-b1-f1-r1-rack04-00091~d41a7994f6d9,acme:privilege:cloud-privileged-role-0006~6c1cceedd676,acme:service:svc-000005~5cf24c187690,2026-08-21,2026-08-21T02:13:30Z,2027-04-03T17:39:12Z,2026-08-21T02:13:30Z,\N,1,assert
acme:entitlement:acme-principal-ad-388f6b6c-4a1b-4c2d~d878207c2812,entitlement,acme,acme:principal:ad-388f6b6c-4a1b-4c2d-8e3f-ca6e4c84b692~f8a544b1c190,acme:privilege:system-privileged-role-0000~187308e09b07,acme:service:svc-000079~032b83972e3b,2026-08-21,2026-08-21T02:18:07Z,2027-04-03T07:50:03Z,2026-08-21T02:18:07Z,\N,1,assert
acme:entitlement:acme-principal-ad-6025eb64-4a1b-4c2d~f519bac0541f,entitlement,acme,acme:principal:ad-6025eb64-4a1b-4c2d-8e3f-33777912f562~0e17a273a206,acme:privilege:network-privileged-role-0023~cdba7a728893,acme:service:svc-000152~0d72ef533f26,2026-08-21,2026-08-21T02:22:27Z,2027-04-03T10:41:54Z,2026-08-21T02:22:27Z,\N,1,assert
acme:entitlement:acme-principal-ad-c8886978-4a1b-4c2d~eeec3277bde8,entitlement,acme,acme:principal:ad-c8886978-4a1b-4c2d-8e3f-45bc8687fc13~0ad24a0b2bbd,acme:privilege:system-privileged-role-0002~66319b668467,acme:service:svc-000147~ebdf86068801,2026-08-21,2026-08-21T02:33:57Z,2027-04-03T11:34:20Z,2026-08-21T02:33:57Z,\N,1,assert
acme:entitlement:acme-principal-wl-000011-b76529368c19~f059ba24451f,entitlement,acme,acme:principal:wl-000011~b76529368c19,acme:vsphere.vsphere_privilege:virtualmachine-inventory~6d9c4da6c344,acme:service:svc-000101~663f265c1517,2026-08-21,2026-08-21T02:39:56Z,2027-04-03T18:21:08Z,2026-08-21T02:39:56Z,\N,1,assert
acme:entitlement:acme-principal-svc-dc2-hall1-rack03~7a225603f805,entitlement,acme,acme:principal:svc-dc2-hall1-rack03-00107~aa71bee537a4,acme:privilege:system-privileged-role-0015~4099e0906929,acme:service:svc-000125~74cb06cd192e,2026-08-21,2026-08-21T02:51:48Z,2027-04-03T09:56:40Z,2026-08-21T02:51:48Z,\N,1,assert
acme:entitlement:acme-principal-svc-hq-dc1-f1-00138~13b9cf128998,entitlement,acme,acme:principal:svc-hq-dc1-f1-00138~fcc562cc1251,acme:vsphere.vsphere_privilege:virtualmachine-inventory-clone-013~bdb382b4404e,acme:service:svc-000014~f897b684710c,2026-08-21,2026-08-21T02:53:28Z,2027-04-03T04:20:33Z,2026-08-21T02:53:28Z,\N,1,assert
acme:entitlement:acme-principal-ad-a28ee2cb-4a1b-4c2d~4fcc63525cee,entitlement,acme,acme:principal:ad-a28ee2cb-4a1b-4c2d-8e3f-24cee73c40fc~784a64f0a2b6,acme:vsphere.vsphere_privilege:virtualmachine-inventory~8e80b960b940,acme:service:svc-000101~663f265c1517,2026-08-21,2026-08-21T02:56:23Z,2027-04-03T06:06:21Z,2026-08-21T02:56:23Z,\N,1,assert
acme:entitlement:acme-principal-wl-000066-4e9e196b6884~b6be8088c99b,entitlement,acme,acme:principal:wl-000066~4e9e196b6884,acme:privilege:system-privileged-role-0010~6d0892d563ac,acme:service:svc-000125~74cb06cd192e,2026-08-21,2026-08-21T02:59:07Z,2027-04-03T19:12:51Z,2026-08-21T02:59:07Z,\N,1,assert
acme:entitlement:acme-principal-wl-000056-212c9b9ec695~d39242fb2e6d,entitlement,acme,acme:principal:wl-000056~212c9b9ec695,acme:vsphere.vsphere_privilege:virtualmachine-inventory~18a0a14917ca,acme:service:svc-000151~be5868543628,2026-08-21,2026-08-21T02:59:23Z,2027-04-03T20:28:26Z,2026-08-21T02:59:23Z,\N,1,assert
acme:entitlement:acme-principal-ad-6fcf8a0d-4a1b-4c2d~adee3bc0d979,entitlement,acme,acme:principal:ad-6fcf8a0d-4a1b-4c2d-8e3f-e6d823c52945~54a7d9819fd7,acme:privilege:system-privileged-role-0000~187308e09b07,acme:service:svc-000142~441144e79d15,2026-08-21,2026-08-21T03:08:36Z,2027-04-03T18:16:40Z,2026-08-21T03:08:36Z,\N,1,assert
acme:entitlement:acme-principal-ad-d98c18f0-4a1b-4c2d~f19d1a362cf8,entitlement,acme,acme:principal:ad-d98c18f0-4a1b-4c2d-8e3f-1b3bd7c85929~fe1085106b11,acme:privilege:network-privileged-role-0011~88a34f17e921,acme:service:svc-000079~032b83972e3b,2026-08-21,2026-08-21T03:17:39Z,2027-04-03T01:48:25Z,2026-08-21T03:17:39Z,\N,1,assert
acme:entitlement:acme-principal-svc-aws-reg-1-az1-00124~1b5d47b0fdc8,entitlement,acme,acme:principal:svc-aws-reg-1-az1-00124~80377816291a,acme:privilege:system-privileged-role-0028~8b9b8422ec78,acme:service:svc-000142~441144e79d15,2026-08-21,2026-08-21T03:35:21Z,2027-04-03T00:09:37Z,2026-08-21T03:35:21Z,\N,1,assert
acme:entitlement:acme-principal-wl-000103-d23a73f1befc~b86921507734,entitlement,acme,acme:principal:wl-000103~d23a73f1befc,acme:privilege:directory-privileged-role-0007~1b8f03e34698,acme:service:svc-000142~441144e79d15,2026-08-21,2026-08-21T03:37:39Z,2027-04-03T19:51:24Z,2026-08-21T03:37:39Z,\N,1,assert
acme:entitlement:acme-principal-ad-5d9b6449-4a1b-4c2d~2cbff8dab2f6,entitlement,acme,acme:principal:ad-5d9b6449-4a1b-4c2d-8e3f-20bb312cbb17~75adbfc74c6d,acme:privilege:directory-privileged-role-0003~7eeb51ea05d5,acme:service:svc-000147~ebdf86068801,2026-08-21,2026-08-21T03:41:18Z,2027-04-03T00:52:02Z,2026-08-21T03:41:18Z,\N,1,assert
acme:entitlement:acme-principal-svc-hq-b2-f1-r2-00083~0d800bc2c5cf,entitlement,acme,acme:principal:svc-hq-b2-f1-r2-00083~808f7642c554,acme:privilege:network-privileged-role-0023~cdba7a728893,acme:service:svc-000005~5cf24c187690,2026-08-21,2026-08-21T03:42:16Z,2027-04-03T13:58:50Z,2026-08-21T03:42:16Z,\N,1,assert
acme:entitlement:acme-principal-svc-aws-reg-3-az1-00063~13fd5d871539,entitlement,acme,acme:principal:svc-aws-reg-3-az1-00063~2e8fa60ff49c,acme:privilege:system-privileged-role-0028~8b9b8422ec78,acme:service:svc-000152~0d72ef533f26,2026-08-21,2026-08-21T03:45:23Z,2027-04-03T06:30:42Z,2026-08-21T03:45:23Z,\N,1,assert
acme:entitlement:acme-principal-wl-000011-b76529368c19~1c2b4c1b7b3a,entitlement,acme,acme:principal:wl-000011~b76529368c19,acme:privilege:network-privileged-role-0024~0cacce888992,acme:service:svc-000004~8b82a9c39a2f,2026-08-21,2026-08-21T03:53:27Z,2027-04-03T20:02:44Z,2026-08-21T03:53:27Z,\N,1,assert
acme:entitlement:acme-principal-svc-hq-dc2-f2-00077~71cb7ed4f840,entitlement,acme,acme:principal:svc-hq-dc2-f2-00077~0dcfbb58e69d,acme:privilege:directory-privileged-role-0012~4daaf8324383,acme:service:svc-000013~fbaf4ab7d1ca,2026-08-21,2026-08-21T03:53:41Z,2027-04-03T23:51:14Z,2026-08-21T03:53:41Z,\N,1,assert
acme:entitlement:acme-principal-ad-a310b03f-4a1b-4c2d~0360cf1473df,entitlement,acme,acme:principal:ad-a310b03f-4a1b-4c2d-8e3f-93aca092fe72~aa8f627c3b27,acme:vsphere.vsphere_privilege:virtualmachine-inventory~aec0591186ef,acme:service:svc-000079~032b83972e3b,2026-08-21,2026-08-21T03:55:11Z,2027-04-03T00:44:18Z,2026-08-21T03:55:11Z,\N,1,assert
acme:entitlement:acme-principal-ad-5d9b6449-4a1b-4c2d~5d6f4e7263ac,entitlement,acme,acme:principal:ad-5d9b6449-4a1b-4c2d-8e3f-20bb312cbb17~75adbfc74c6d,acme:privilege:network-privileged-role-0024~0cacce888992,acme:service:svc-000014~f897b684710c,2026-08-21,2026-08-21T04:04:03Z,2027-04-03T06:37:01Z,2026-08-21T04:04:03Z,\N,1,assert
acme:entitlement:acme-principal-ad-6fcf8a0d-4a1b-4c2d~421dfa56beb2,entitlement,acme,acme:principal:ad-6fcf8a0d-4a1b-4c2d-8e3f-e6d823c52945~54a7d9819fd7,acme:vsphere.vsphere_privilege:virtualmachine-inventory-delete-016~40a23fe951a5,acme:service:svc-000026~b29aa4b4664e,2026-08-21,2026-08-21T04:06:02Z,2027-04-03T00:39:53Z,2026-08-21T04:06:02Z,\N,1,assert
acme:entitlement:acme-principal-wl-000016-2c303189b68c~a23ef5966779,entitlement,acme,acme:principal:wl-000016~2c303189b68c,acme:vsphere.vsphere_privilege:virtualmachine-inventory-clone-013~bdb382b4404e,acme:service:svc-000151~be5868543628,2026-08-21,2026-08-21T04:20:03Z,2027-04-03T11:42:03Z,2026-08-21T04:20:03Z,\N,1,assert
acme:entitlement:acme-principal-svc-hq-b2-f1-00008~347264735e59,entitlement,acme,acme:principal:svc-hq-b2-f1-00008~23876d48be88,acme:privilege:network-privileged-role-0024~0cacce888992,acme:service:svc-000013~fbaf4ab7d1ca,2026-08-21,2026-08-21T04:20:45Z,2027-04-03T04:16:57Z,2026-08-21T04:20:45Z,\N,1,assert
acme:entitlement:acme-principal-ad-783c7efd-4a1b-4c2d~708ed8c47703,entitlement,acme,acme:principal:ad-783c7efd-4a1b-4c2d-8e3f-3a31a55d9779~f617450dc3b8,acme:privilege:system-privileged-role-0026~9027dad0f568,acme:service:svc-000152~0d72ef533f26,2026-08-21,2026-08-21T04:27:52Z,2027-04-03T11:00:13Z,2026-08-21T04:27:52Z,\N,1,assert
acme:entitlement:acme-principal-wl-000046-4e8da99986d1~42cd680bda5b,entitlement,acme,acme:principal:wl-000046~4e8da99986d1,acme:vsphere.vsphere_privilege:virtualmachine-inventory~8e80b960b940,acme:service:svc-000014~f897b684710c,2026-08-21,2026-08-21T04:29:14Z,2027-04-03T09:27:19Z,2026-08-21T04:29:14Z,\N,1,assert
acme:entitlement:acme-principal-svc-hq-b1-f1-00070~82e8e3cb90be,entitlement,acme,acme:principal:svc-hq-b1-f1-00070~eab000041b11,acme:vsphere.vsphere_privilege:virtualmachine-inventory-delete-002~24c86eba856c,acme:service:svc-000101~663f265c1517,2026-08-21,2026-08-21T04:36:08Z,2027-04-03T11:53:13Z,2026-08-21T04:36:08Z,\N,1,assert
acme:entitlement:acme-principal-svc-hq-b2-00002~adada8403429,entitlement,acme,acme:principal:svc-hq-b2-00002~104b273eb686,acme:privilege:network-privileged-role-0014~419ceee5e762,acme:service:svc-000125~74cb06cd192e,2026-08-21,2026-08-21T04:38:48Z,2027-04-03T20:14:26Z,2026-08-21T04:38:48Z,\N,1,assert
acme:entitlement:acme-principal-wl-000100-374124a994cd~4440fa6c8470,entitlement,acme,acme:principal:wl-000100~374124a994cd,acme:vsphere.vsphere_privilege:virtualmachine-inventory-clone-013~bdb382b4404e,acme:service:svc-000017~a29aa6d805e5,2026-08-21,2026-08-21T04:58:48Z,2027-04-03T20:49:34Z,2026-08-21T04:58:48Z,\N,1,assert
acme:entitlement:acme-principal-ad-d82747ad-4a1b-4c2d~d5bb00dfc75a,entitlement,acme,acme:principal:ad-d82747ad-4a1b-4c2d-8e3f-28e17bef0ff3~1dccb39977b4,acme:privilege:directory-privileged-role-0003~7eeb51ea05d5,acme:service:svc-000014~f897b684710c,2026-08-21,2026-08-21T05:02:28Z,2027-04-03T02:48:42Z,2026-08-21T05:02:28Z,\N,1,assert
acme:entitlement:acme-principal-svc-hq-b1-f1-r1-rack03~39a00b1a1241,entitlement,acme,acme:principal:svc-hq-b1-f1-r1-rack03-00090~6b9c2fb1dc7a,acme:privilege:system-privileged-role-0017~079b77b03e44,acme:service:svc-000004~8b82a9c39a2f,2026-08-21,2026-08-21T05:09:54Z,2027-04-03T05:16:32Z,2026-08-21T05:09:54Z,\N,1,assert
acme:entitlement:acme-principal-wl-000121-d60efc835dbf~4d20efb698a6,entitlement,acme,acme:principal:wl-000121~d60efc835dbf,acme:privilege:directory-privileged-role-0008~af5f57b43692,acme:service:svc-000125~74cb06cd192e,2026-08-21,2026-08-21T05:18:30Z,2027-04-03T19:23:09Z,2026-08-21T05:18:30Z,\N,1,assert
acme:entitlement:acme-principal-wl-000141-ed8c9626ca9d~6a397a407a42,entitlement,acme,acme:principal:wl-000141~ed8c9626ca9d,acme:privilege:network-privileged-role-0024~0cacce888992,acme:service:svc-000142~441144e79d15,2026-08-21,2026-08-21T05:27:48Z,2027-04-03T09:43:40Z,2026-08-21T05:27:48Z,\N,1,assert
acme:entitlement:acme-principal-svc-hq-b2-f1-r2-00083~9e4a5e1a26b8,entitlement,acme,acme:principal:svc-hq-b2-f1-r2-00083~808f7642c554,acme:vsphere.vsphere_privilege:virtualmachine-inventory-delete-006~03a80f7d24e5,acme:service:svc-000152~0d72ef533f26,2026-08-21,2026-08-21T05:30:25Z,2027-04-03T11:19:09Z,2026-08-21T05:30:25Z,\N,1,assert
acme:entitlement:acme-principal-ad-1438803b-4a1b-4c2d~fa19473ddae3,entitlement,acme,acme:principal:ad-1438803b-4a1b-4c2d-8e3f-4977f49d5427~9503a614cf8c,acme:privilege:cloud-privileged-role-0005~2187e4ce771c,acme:service:svc-000013~fbaf4ab7d1ca,2026-08-21,2026-08-21T05:50:35Z,2027-04-03T18:47:35Z,2026-08-21T05:50:35Z,\N,1,assert
acme:entitlement:acme-principal-svc-hq-dc2-f2-00077~18c58b2db253,entitlement,acme,acme:principal:svc-hq-dc2-f2-00077~0dcfbb58e69d,acme:privilege:system-privileged-role-0026~9027dad0f568,acme:service:svc-000013~fbaf4ab7d1ca,2026-08-21,2026-08-21T06:04:24Z,2027-04-03T22:41:21Z,2026-08-21T06:04:24Z,\N,1,assert
acme:entitlement:acme-principal-ad-1ffbce61-4a1b-4c2d~0022e9891938,entitlement,acme,acme:principal:ad-1ffbce61-4a1b-4c2d-8e3f-b32ffec8029b~2f95fa480efc,acme:privilege:directory-privileged-role-0008~af5f57b43692,acme:service:svc-000152~0d72ef533f26,2026-08-21,2026-08-21T06:04:50Z,2027-04-03T08:08:26Z,2026-08-21T06:04:50Z,\N,1,assert
acme:entitlement:acme-principal-svc-hq-b2-f1-r2-00147~388f0857de43,entitlement,acme,acme:principal:svc-hq-b2-f1-r2-00147~8195d258c014,acme:privilege:system-privileged-role-0010~6d0892d563ac,acme:service:svc-000147~ebdf86068801,2026-08-21,2026-08-21T06:10:05Z,2027-04-03T10:10:44Z,2026-08-21T06:10:05Z,\N,1,assert
acme:entitlement:acme-principal-ad-4c378159-4a1b-4c2d~b5ce427fe809,entitlement,acme,acme:principal:ad-4c378159-4a1b-4c2d-8e3f-09c7d07fb8ae~dabb607bc1c4,acme:vsphere.vsphere_privilege:virtualmachine-inventory-delete-018~dbd98f158c25,acme:service:svc-000017~a29aa6d805e5,2026-08-21,2026-08-21T06:11:08Z,2027-04-03T00:56:40Z,2026-08-21T06:11:08Z,\N,1,assert
acme:entitlement:acme-principal-svc-aws-reg-1-az2-00125~4cacdfa7235b,entitlement,acme,acme:principal:svc-aws-reg-1-az2-00125~0d7b4f8de662,acme:vsphere.vsphere_privilege:virtualmachine-inventory~8e80b960b940,acme:service:svc-000097~f64512468127,2026-08-21,2026-08-21T06:21:23Z,2027-04-03T17:08:56Z,2026-08-21T06:21:23Z,\N,1,assert
acme:entitlement:acme-principal-svc-hq-b2-f1-r2-00147~8f5c93a11fd7,entitlement,acme,acme:principal:svc-hq-b2-f1-r2-00147~8195d258c014,acme:vsphere.vsphere_privilege:virtualmachine-inventory-delete-000~9fe8985eb07c,acme:service:svc-000142~441144e79d15,2026-08-21,2026-08-21T06:38:14Z,2027-04-03T01:03:48Z,2026-08-21T06:38:14Z,\N,1,assert
acme:entitlement:acme-principal-ad-d82747ad-4a1b-4c2d~a7fe2e71d8f7,entitlement,acme,acme:principal:ad-d82747ad-4a1b-4c2d-8e3f-28e17bef0ff3~1dccb39977b4,acme:privilege:network-privileged-role-0024~0cacce888992,acme:service:svc-000152~0d72ef533f26,2026-08-21,2026-08-21T06:52:31Z,2027-04-03T09:48:58Z,2026-08-21T06:52:31Z,\N,1,assert
acme:entitlement:acme-principal-svc-hq-dc1-f2-r1-00086~fcc09d3e78be,entitlement,acme,acme:principal:svc-hq-dc1-f2-r1-00086~7232c458e8c2,acme:vsphere.vsphere_privilege:virtualmachine-inventory-delete-003~6cf2a36a862d,acme:service:svc-000014~f897b684710c,2026-08-21,2026-08-21T06:55:25Z,2027-04-03T04:41:49Z,2026-08-21T06:55:25Z,\N,1,assert
acme:entitlement:acme-principal-ad-388f6b6c-4a1b-4c2d~b2834fcf028c,entitlement,acme,acme:principal:ad-388f6b6c-4a1b-4c2d-8e3f-ca6e4c84b692~f8a544b1c190,acme:vsphere.vsphere_privilege:virtualmachine-inventory~8366d101fc24,acme:service:svc-000125~74cb06cd192e,2026-08-21,2026-08-21T07:02:45Z,2027-04-03T02:56:40Z,2026-08-21T07:02:45Z,\N,1,assert
acme:entitlement:acme-principal-svc-dc2-hall1-rack03~688f93ee1083,entitlement,acme,acme:principal:svc-dc2-hall1-rack03-00043~493a3d271cee,acme:privilege:directory-privileged-role-0007~1b8f03e34698,acme:service:svc-000014~f897b684710c,2026-08-21,2026-08-21T07:09:32Z,2027-04-03T12:07:02Z,2026-08-21T07:09:32Z,\N,1,assert
acme:entitlement:acme-principal-ad-91a59cbe-4a1b-4c2d~57861d003c96,entitlement,acme,acme:principal:ad-91a59cbe-4a1b-4c2d-8e3f-eeb77f8d3fd8~e50cf6dc8010,acme:privilege:cloud-privileged-role-0027~a959c56f013d,acme:service:svc-000142~441144e79d15,2026-08-21,2026-08-21T07:09:56Z,2027-04-03T12:19:22Z,2026-08-21T07:09:56Z,\N,1,assert
acme:entitlement:acme-principal-svc-hq-dc1-f1-00138~400d3a010371,entitlement,acme,acme:principal:svc-hq-dc1-f1-00138~fcc562cc1251,acme:privilege:database-privileged-role-0019~90a676fe913f,acme:service:svc-000079~032b83972e3b,2026-08-21,2026-08-21T07:15:58Z,2027-04-03T22:40:50Z,2026-08-21T07:15:58Z,\N,1,assert
acme:entitlement:acme-principal-svc-dc2-hall2-rack01~9740bffead9a,entitlement,acme,acme:principal:svc-dc2-hall2-rack01-00044~8691b94274cd,acme:vsphere.vsphere_privilege:virtualmachine-inventory-delete-012~0f062bbc778e,acme:service:svc-000017~a29aa6d805e5,2026-08-21,2026-08-21T07:40:42Z,2027-04-03T21:13:13Z,2026-08-21T07:40:42Z,\N,1,assert
acme:entitlement:acme-principal-wl-000076-48837099739f~f14380adebb7,entitlement,acme,acme:principal:wl-000076~48837099739f,acme:privilege:system-privileged-role-0000~187308e09b07,acme:service:svc-000014~f897b684710c,2026-08-21,2026-08-21T07:52:00Z,2027-04-03T02:15:11Z,2026-08-21T07:52:00Z,\N,1,assert
acme:entitlement:acme-principal-ad-a310b03f-4a1b-4c2d~b4fed27b17f2,entitlement,acme,acme:principal:ad-a310b03f-4a1b-4c2d-8e3f-93aca092fe72~aa8f627c3b27,acme:privilege:network-privileged-role-0021~61974bb524ef,acme:service:svc-000125~74cb06cd192e,2026-08-21,2026-08-21T07:52:32Z,2027-04-03T12:35:06Z,2026-08-21T07:52:32Z,\N,1,assert
acme:entitlement:acme-principal-ad-4c378159-4a1b-4c2d~5c1efbd0fddb,entitlement,acme,acme:principal:ad-4c378159-4a1b-4c2d-8e3f-09c7d07fb8ae~dabb607bc1c4,acme:privilege:cloud-privileged-role-0022~aadf168a0484,acme:service:svc-000014~f897b684710c,2026-08-21,2026-08-21T07:52:50Z,2027-04-03T18:29:17Z,2026-08-21T07:52:50Z,\N,1,assert
acme:entitlement:acme-principal-svc-hq-dc1-f2-00075~c3e56e37e106,entitlement,acme,acme:principal:svc-hq-dc1-f2-00075~0ac3d9cb8af1,acme:vsphere.vsphere_privilege:virtualmachine-inventory~15b78ea52c01,acme:service:svc-000125~74cb06cd192e,2026-08-21,2026-08-21T08:22:36Z,2027-04-03T16:00:27Z,2026-08-21T08:22:36Z,\N,1,assert
acme:entitlement:acme-principal-svc-dc2-hall1-rack02~3e7cf233e00f,entitlement,acme,acme:principal:svc-dc2-hall1-rack02-00106~4933dccc7cfd,acme:vsphere.vsphere_privilege:virtualmachine-inventory-delete-016~40a23fe951a5,acme:service:svc-000014~f897b684710c,2026-08-21,2026-08-21T08:23:38Z,2027-04-03T23:19:53Z,2026-08-21T08:23:38Z,\N,1,assert
acme:entitlement:acme-principal-svc-hq-b2-f1-r2-00147~53b49d59cc8d,entitlement,acme,acme:principal:svc-hq-b2-f1-r2-00147~8195d258c014,acme:vsphere.vsphere_privilege:virtualmachine-inventory-delete-018~dbd98f158c25,acme:service:svc-000152~0d72ef533f26,2026-08-21,2026-08-21T08:38:54Z,2027-04-03T00:12:45Z,2026-08-21T08:38:54Z,\N,1,assert
acme:entitlement:acme-principal-svc-hq-00000~1e1429d86ecb,entitlement,acme,acme:principal:svc-hq-00000~01978ce268bc,acme:vsphere.vsphere_privilege:virtualmachine-inventory-delete-012~0f062bbc778e,acme:service:svc-000152~0d72ef533f26,2026-08-21,2026-08-21T08:47:17Z,2027-04-03T11:52:30Z,2026-08-21T08:47:17Z,\N,1,assert
acme:entitlement:acme-principal-svc-dc2-hall1-rack03~026402260f9d,entitlement,acme,acme:principal:svc-dc2-hall1-rack03-00043~493a3d271cee,acme:privilege:directory-privileged-role-0007~1b8f03e34698,acme:service:svc-000004~8b82a9c39a2f,2026-08-21,2026-08-21T08:53:36Z,2027-04-03T04:29:33Z,2026-08-21T08:53:36Z,\N,1,assert
acme:entitlement:acme-principal-wl-000034-efd5c34966f1~edc5c38548ff,entitlement,acme,acme:principal:wl-000034~efd5c34966f1,acme:privilege:cloud-privileged-role-0009~ef174fb8f608,acme:service:svc-000079~032b83972e3b,2026-08-21,2026-08-21T09:02:44Z,2027-04-03T00:51:57Z,2026-08-21T09:02:44Z,\N,1,assert
acme:entitlement:acme-principal-wl-000095-4ad104d94f11~6b09c1c631bd,entitlement,acme,acme:principal:wl-000095~4ad104d94f11,acme:privilege:database-privileged-role-0029~8d7b429b110b,acme:service:svc-000152~0d72ef533f26,2026-08-21,2026-08-21T09:05:09Z,2027-04-03T09:26:56Z,2026-08-21T09:05:09Z,\N,1,assert
acme:entitlement:acme-principal-svc-hq-dc1-f1-r1-00020~d5646690e36f,entitlement,acme,acme:principal:svc-hq-dc1-f1-r1-00020~fee137ec69ed,acme:privilege:network-privileged-role-0011~88a34f17e921,acme:service:svc-000147~ebdf86068801,2026-08-21,2026-08-21T09:12:38Z,2027-04-03T19:38:39Z,2026-08-21T09:12:38Z,\N,1,assert
acme:entitlement:acme-principal-ad-b3742723-4a1b-4c2d~69a4f6e81d26,entitlement,acme,acme:principal:ad-b3742723-4a1b-4c2d-8e3f-5794e18af603~2dec689a8ee9,acme:vsphere.vsphere_privilege:virtualmachine-inventory-delete-004~b667afcbdd49,acme:service:svc-000007~08dce2303212,2026-08-21,2026-08-21T09:13:26Z,2027-04-03T14:35:51Z,2026-08-21T09:13:26Z,\N,1,assert
acme:entitlement:acme-principal-ad-50d91b9f-4a1b-4c2d~32b9900d106d,entitlement,acme,acme:principal:ad-50d91b9f-4a1b-4c2d-8e3f-dfffa85a40d7~bb896ce7f6e6,acme:privilege:network-privileged-role-0018~16885639801b,acme:service:svc-000152~0d72ef533f26,2026-08-21,2026-08-21T09:27:22Z,2027-04-03T13:48:11Z,2026-08-21T09:27:22Z,\N,1,assert
acme:entitlement:acme-principal-svc-hq-dc1-f1-r1-00020~59e98af7f178,entitlement,acme,acme:principal:svc-hq-dc1-f1-r1-00020~fee137ec69ed,acme:vsphere.vsphere_privilege:virtualmachine-inventory~da2273d93db8,acme:service:svc-000142~441144e79d15,2026-08-21,2026-08-21T09:35:11Z,2027-04-03T16:26:12Z,2026-08-21T09:35:11Z,\N,1,assert
acme:entitlement:acme-principal-svc-hq-dc1-f2-00075~1d228516444f,entitlement,acme,acme:principal:svc-hq-dc1-f2-00075~0ac3d9cb8af1,acme:privilege:network-privileged-role-0018~16885639801b,acme:service:svc-000125~74cb06cd192e,2026-08-21,2026-08-21T09:36:20Z,2027-04-03T04:00:33Z,2026-08-21T09:36:20Z,\N,1,assert
acme:entitlement:acme-principal-wl-000104-e95b9fec2728~5796c3bab74d,entitlement,acme,acme:principal:wl-000104~e95b9fec2728,acme:vsphere.vsphere_privilege:virtualmachine-inventory~f95644957ffb,acme:service:svc-000152~0d72ef533f26,2026-08-21,2026-08-21T09:36:28Z,2027-04-03T15:01:43Z,2026-08-21T09:36:28Z,\N,1,assert
acme:entitlement:acme-principal-svc-hq-b1-f1-r2-00015~064b5970e419,entitlement,acme,acme:principal:svc-hq-b1-f1-r2-00015~b09c91d58066,acme:privilege:directory-privileged-role-0003~7eeb51ea05d5,acme:service:svc-000079~032b83972e3b,2026-08-21,2026-08-21T09:44:50Z,2027-04-03T04:54:45Z,2026-08-21T09:44:50Z,\N,1,assert
acme:entitlement:acme-principal-svc-hq-b1-f1-r1-rack01~c342939f8694,entitlement,acme,acme:principal:svc-hq-b1-f1-r1-rack01-00088~22bb8ae4475c,acme:privilege:cloud-privileged-role-0006~6c1cceedd676,acme:service:svc-000142~441144e79d15,2026-08-21,2026-08-21T09:53:32Z,2027-04-03T06:03:50Z,2026-08-21T09:53:32Z,\N,1,assert
acme:entitlement:acme-principal-svc-hq-b2-f1-r2-00147~720d2de45281,entitlement,acme,acme:principal:svc-hq-b2-f1-r2-00147~8195d258c014,acme:privilege:system-privileged-role-0017~079b77b03e44,acme:service:svc-000013~fbaf4ab7d1ca,2026-08-21,2026-08-21T10:03:15Z,2027-04-03T12:15:11Z,2026-08-21T10:03:15Z,\N,1,assert
acme:entitlement:acme-principal-wl-000121-d60efc835dbf~0b56070670a4,entitlement,acme,acme:principal:wl-000121~d60efc835dbf,acme:privilege:cloud-privileged-role-0006~6c1cceedd676,acme:service:svc-000147~ebdf86068801,2026-08-21,2026-08-21T10:03:33Z,2027-04-03T22:32:54Z,2026-08-21T10:03:33Z,\N,1,assert
acme:entitlement:acme-principal-svc-hq-dc1-f1-r1-00020~e55fdd9af0fa,entitlement,acme,acme:principal:svc-hq-dc1-f1-r1-00020~fee137ec69ed,acme:privilege:network-privileged-role-0001~4133d16cfe71,acme:service:svc-000014~f897b684710c,2026-08-21,2026-08-21T10:08:23Z,2027-04-03T05:19:34Z,2026-08-21T10:08:23Z,\N,1,assert
acme:entitlement:acme-principal-ad-1438803b-4a1b-4c2d~75308df55698,entitlement,acme,acme:principal:ad-1438803b-4a1b-4c2d-8e3f-4977f49d5427~9503a614cf8c,acme:vsphere.vsphere_privilege:virtualmachine-inventory~15b78ea52c01,acme:service:svc-000152~0d72ef533f26,2026-08-21,2026-08-21T10:27:49Z,2027-04-03T01:43:36Z,2026-08-21T10:27:49Z,\N,1,assert
acme:entitlement:acme-principal-svc-aws-reg-3-az1-00063~838442ab9b38,entitlement,acme,acme:principal:svc-aws-reg-3-az1-00063~2e8fa60ff49c,acme:privilege:cloud-privileged-role-0022~aadf168a0484,acme:service:svc-000013~fbaf4ab7d1ca,2026-08-21,2026-08-21T10:37:57Z,2027-04-03T07:56:49Z,2026-08-21T10:37:57Z,\N,1,assert
acme:entitlement:acme-principal-svc-dc2-hall1-rack01~107e8275da4d,entitlement,acme,acme:principal:svc-dc2-hall1-rack01-00105~2a1f7ac11f85,acme:privilege:system-privileged-role-0000~187308e09b07,acme:service:svc-000152~0d72ef533f26,2026-08-21,2026-08-21T10:51:07Z,2027-04-03T13:44:49Z,2026-08-21T10:51:07Z,\N,1,assert
acme:entitlement:acme-principal-ad-6fcf8a0d-4a1b-4c2d~1c0bd30d2b9d,entitlement,acme,acme:principal:ad-6fcf8a0d-4a1b-4c2d-8e3f-e6d823c52945~54a7d9819fd7,acme:privilege:system-privileged-role-0002~66319b668467,acme:service:svc-000142~441144e79d15,2026-08-21,2026-08-21T10:55:00Z,2027-04-03T09:51:18Z,2026-08-21T10:55:00Z,\N,1,assert
acme:entitlement:acme-principal-ad-06f23028-4a1b-4c2d~7307fd036da5,entitlement,acme,acme:principal:ad-06f23028-4a1b-4c2d-8e3f-426969d2ca40~b9c9d770ac75,acme:privilege:directory-privileged-role-0003~7eeb51ea05d5,acme:service:svc-000142~441144e79d15,2026-08-21,2026-08-21T10:57:24Z,2027-04-03T21:24:51Z,2026-08-21T10:57:24Z,\N,1,assert
acme:entitlement:acme-principal-svc-hq-b1-f1-r1-rack04~c7e24af149f9,entitlement,acme,acme:principal:svc-hq-b1-f1-r1-rack04-00091~d41a7994f6d9,acme:privilege:system-privileged-role-0020~e9f1e3186969,acme:service:svc-000142~441144e79d15,2026-08-21,2026-08-21T11:00:16Z,2027-04-03T12:55:41Z,2026-08-21T11:00:16Z,\N,1,assert
acme:entitlement:acme-principal-svc-hq-b1-f2-r1-00144~e3af13685327,entitlement,acme,acme:principal:svc-hq-b1-f2-r1-00144~ce5611259cf6,acme:vsphere.vsphere_privilege:virtualmachine-inventory-delete-003~6cf2a36a862d,acme:service:svc-000151~be5868543628,2026-08-21,2026-08-21T11:00:31Z,2027-04-03T06:29:12Z,2026-08-21T11:00:31Z,\N,1,assert
acme:entitlement:acme-principal-svc-remote-00133~c30ee1259b7b,entitlement,acme,acme:principal:svc-remote-00133~0a0ea0c4879a,acme:privilege:system-privileged-role-0002~66319b668467,acme:service:svc-000013~fbaf4ab7d1ca,2026-08-21,2026-08-21T11:01:31Z,2027-04-03T02:12:30Z,2026-08-21T11:01:31Z,\N,1,assert
acme:entitlement:acme-principal-svc-dc2-hall1-rack03~a30afbde31b7,entitlement,acme,acme:principal:svc-dc2-hall1-rack03-00043~493a3d271cee,acme:privilege:database-privileged-role-0004~8d29a6c71cae,acme:service:svc-000142~441144e79d15,2026-08-21,2026-08-21T11:04:24Z,2027-04-03T10:50:16Z,2026-08-21T11:04:24Z,\N,1,assert
acme:entitlement:acme-principal-ad-c2a0a94e-4a1b-4c2d~b0e00f911f87,entitlement,acme,acme:principal:ad-c2a0a94e-4a1b-4c2d-8e3f-54f2e81bee83~d60ac86c903c,acme:privilege:network-privileged-role-0018~16885639801b,acme:service:svc-000079~032b83972e3b,2026-08-21,2026-08-21T11:07:36Z,2027-04-03T06:27:31Z,2026-08-21T11:07:36Z,\N,1,assert
acme:entitlement:acme-principal-wl-000011-b76529368c19~b37f86852d9a,entitlement,acme,acme:principal:wl-000011~b76529368c19,acme:privilege:cloud-privileged-role-0025~df8db34eef3e,acme:service:svc-000014~f897b684710c,2026-08-21,2026-08-21T11:15:59Z,2027-04-03T08:09:38Z,2026-08-21T11:15:59Z,\N,1,assert
acme:entitlement:acme-principal-ad-105e46ce-4a1b-4c2d~d3c5aa1a1c07,entitlement,acme,acme:principal:ad-105e46ce-4a1b-4c2d-8e3f-b0d337ef54c4~befaea9ff3d0,acme:privilege:cloud-privileged-role-0027~a959c56f013d,acme:service:svc-000079~032b83972e3b,2026-08-21,2026-08-21T11:23:12Z,2027-04-03T02:56:17Z,2026-08-21T11:23:12Z,\N,1,assert
acme:entitlement:acme-principal-wl-000150-b32d66f5f549~6f064f224e31,entitlement,acme,acme:principal:wl-000150~b32d66f5f549,acme:vsphere.vsphere_privilege:virtualmachine-inventory-delete-012~0f062bbc778e,acme:service:svc-000026~b29aa4b4664e,2026-08-21,2026-08-21T11:28:34Z,2027-04-03T00:47:16Z,2026-08-21T11:28:34Z,\N,1,assert
acme:entitlement:acme-principal-wl-000134-d9ef441fe564~d3edb934bcab,entitlement,acme,acme:principal:wl-000134~d9ef441fe564,acme:vsphere.vsphere_privilege:virtualmachine-inventory~18a0a14917ca,acme:service:svc-000007~08dce2303212,2026-08-21,2026-08-21T11:32:07Z,2027-04-03T20:19:55Z,2026-08-21T11:32:07Z,\N,1,assert
acme:entitlement:acme-principal-wl-000092-0dcfee41c174~744cf5f0fcb0,entitlement,acme,acme:principal:wl-000092~0dcfee41c174,acme:privilege:system-privileged-role-0010~6d0892d563ac,acme:service:svc-000014~f897b684710c,2026-08-21,2026-08-21T11:34:22Z,2027-04-03T18:41:34Z,2026-08-21T11:34:22Z,\N,1,assert
acme:entitlement:acme-principal-ad-5d9b6449-4a1b-4c2d~a00c413c0927,entitlement,acme,acme:principal:ad-5d9b6449-4a1b-4c2d-8e3f-20bb312cbb17~75adbfc74c6d,acme:privilege:database-privileged-role-0019~90a676fe913f,acme:service:svc-000147~ebdf86068801,2026-08-21,2026-08-21T11:37:33Z,2027-04-03T09:03:07Z,2026-08-21T11:37:33Z,\N,1,assert
acme:entitlement:acme-principal-svc-dc2-hall2-rack03~4835d052b3a3,entitlement,acme,acme:principal:svc-dc2-hall2-rack03-00110~43d0f68eb26c,acme:privilege:system-privileged-role-0026~9027dad0f568,acme:service:svc-000005~5cf24c187690,2026-08-21,2026-08-21T11:42:14Z,2027-04-03T13:41:19Z,2026-08-21T11:42:14Z,\N,1,assert
acme:entitlement:acme-principal-svc-hq-dc1-f1-r1-rack02~afef1d3a2460,entitlement,acme,acme:principal:svc-hq-dc1-f1-r1-rack02-00157~efc9dbfd81a9,acme:privilege:cloud-privileged-role-0009~ef174fb8f608,acme:service:svc-000004~8b82a9c39a2f,2026-08-21,2026-08-21T11:43:35Z,2027-04-03T02:30:18Z,2026-08-21T11:43:35Z,\N,1,assert
acme:entitlement:acme-principal-ad-fa2caacf-4a1b-4c2d~0c91cf6a219a,entitlement,acme,acme:principal:ad-fa2caacf-4a1b-4c2d-8e3f-9852ea602d3a~9beab9e4eef6,acme:privilege:system-privileged-role-0015~4099e0906929,acme:service:svc-000142~441144e79d15,2026-08-21,2026-08-21T11:51:41Z,2027-04-03T14:52:58Z,2026-08-21T11:51:41Z,\N,1,assert
acme:entitlement:acme-principal-ad-0268e708-4a1b-4c2d~3403b6f57371,entitlement,acme,acme:principal:ad-0268e708-4a1b-4c2d-8e3f-db290d26f117~550712c68be0,acme:privilege:system-privileged-role-0000~187308e09b07,acme:service:svc-000013~fbaf4ab7d1ca,2026-08-21,2026-08-21T11:56:37Z,2027-04-03T19:58:19Z,2026-08-21T11:56:37Z,\N,1,assert
acme:entitlement:acme-principal-svc-hq-b1-f1-00070~0c53b9e841d2,entitlement,acme,acme:principal:svc-hq-b1-f1-00070~eab000041b11,acme:privilege:database-privileged-role-0019~90a676fe913f,acme:service:svc-000014~f897b684710c,2026-08-21,2026-08-21T12:00:19Z,2027-04-03T07:34:01Z,2026-08-21T12:00:19Z,\N,1,assert
acme:entitlement:acme-principal-svc-dc2-hall2-rack02~fc7513e18eaf,entitlement,acme,acme:principal:svc-dc2-hall2-rack02-00109~ad83d0db386d,acme:vsphere.vsphere_privilege:virtualmachine-inventory-delete-002~24c86eba856c,acme:service:svc-000151~be5868543628,2026-08-21,2026-08-21T12:06:14Z,2027-04-03T20:18:39Z,2026-08-21T12:06:14Z,\N,1,assert
acme:entitlement:acme-principal-ad-c8886978-4a1b-4c2d~7ef8e1ebee6d,entitlement,acme,acme:principal:ad-c8886978-4a1b-4c2d-8e3f-45bc8687fc13~0ad24a0b2bbd,acme:privilege:cloud-privileged-role-0006~6c1cceedd676,acme:service:svc-000152~0d72ef533f26,2026-08-21,2026-08-21T12:06:51Z,2027-04-03T07:39:43Z,2026-08-21T12:06:51Z,\N,1,assert
acme:entitlement:acme-principal-svc-hq-b1-00129~77533dacdd27,entitlement,acme,acme:principal:svc-hq-b1-00129~b08a7eb8ca0c,acme:privilege:directory-privileged-role-0008~af5f57b43692,acme:service:svc-000142~441144e79d15,2026-08-21,2026-08-21T12:09:52Z,2027-04-03T15:20:28Z,2026-08-21T12:09:52Z,\N,1,assert
acme:entitlement:acme-principal-svc-remote-office-f2~a0f266006595,entitlement,acme,acme:principal:svc-remote-office-f2-00051~67eb2f56156c,acme:vsphere.vsphere_privilege:virtualmachine-inventory-delete-003~6cf2a36a862d,acme:service:svc-000097~f64512468127,2026-08-21,2026-08-21T12:10:28Z,2027-04-03T16:21:25Z,2026-08-21T12:10:28Z,\N,1,assert
acme:entitlement:acme-principal-ad-acf1c6e4-4a1b-4c2d~432ae914ba2e,entitlement,acme,acme:principal:ad-acf1c6e4-4a1b-4c2d-8e3f-0ac1c96e6e1c~332793f9b72f,acme:vsphere.vsphere_privilege:virtualmachine-inventory~f95644957ffb,acme:service:svc-000014~f897b684710c,2026-08-21,2026-08-21T12:31:22Z,2027-04-03T21:27:34Z,2026-08-21T12:31:22Z,\N,1,assert
acme:entitlement:acme-principal-ad-8b8cebb7-4a1b-4c2d~f27e586c6963,entitlement,acme,acme:principal:ad-8b8cebb7-4a1b-4c2d-8e3f-525ae61a94cc~b3c61a7fd9fa,acme:privilege:cloud-privileged-role-0025~df8db34eef3e,acme:service:svc-000079~032b83972e3b,2026-08-21,2026-08-21T12:51:16Z,2027-04-03T07:19:17Z,2026-08-21T12:51:16Z,\N,1,assert
acme:entitlement:acme-principal-svc-hq-b1-f2-00007~10b0df3e7ef7,entitlement,acme,acme:principal:svc-hq-b1-f2-00007~abb3f7329145,acme:privilege:cloud-privileged-role-0005~2187e4ce771c,acme:service:svc-000147~ebdf86068801,2026-08-21,2026-08-21T12:54:44Z,2027-04-03T06:01:22Z,2026-08-21T12:54:44Z,\N,1,assert
acme:entitlement:acme-principal-svc-hq-b2-f1-r2-00147~35b0be6ede95,entitlement,acme,acme:principal:svc-hq-b2-f1-r2-00147~8195d258c014,acme:vsphere.vsphere_privilege:virtualmachine-inventory~8e80b960b940,acme:service:svc-000026~b29aa4b4664e,2026-08-21,2026-08-21T12:57:00Z,2027-04-03T18:05:28Z,2026-08-21T12:57:00Z,\N,1,assert
acme:entitlement:acme-principal-wl-000054-0e52a2deafb3~a45caad63816,entitlement,acme,acme:principal:wl-000054~0e52a2deafb3,acme:privilege:system-privileged-role-0017~079b77b03e44,acme:service:svc-000014~f897b684710c,2026-08-21,2026-08-21T13:07:08Z,2027-04-03T16:39:16Z,2026-08-21T13:07:08Z,\N,1,assert
acme:entitlement:acme-principal-wl-000141-ed8c9626ca9d~beb760c6e0f3,entitlement,acme,acme:principal:wl-000141~ed8c9626ca9d,acme:privilege:system-privileged-role-0016~ae165da97610,acme:service:svc-000005~5cf24c187690,2026-08-21,2026-08-21T13:17:33Z,2027-04-03T05:34:52Z,2026-08-21T13:17:33Z,\N,1,assert
acme:entitlement:acme-principal-svc-hq-00000~fdfb128489c6,entitlement,acme,acme:principal:svc-hq-00000~01978ce268bc,acme:privilege:system-privileged-role-0015~4099e0906929,acme:service:svc-000152~0d72ef533f26,2026-08-21,2026-08-21T13:29:25Z,2027-04-03T16:56:13Z,2026-08-21T13:29:25Z,\N,1,assert
acme:entitlement:acme-principal-svc-hq-b1-f1-r2-00143~60dfeced7369,entitlement,acme,acme:principal:svc-hq-b1-f1-r2-00143~49eaedaf7257,acme:privilege:cloud-privileged-role-0006~6c1cceedd676,acme:service:svc-000014~f897b684710c,2026-08-21,2026-08-21T13:31:41Z,2027-04-03T14:51:55Z,2026-08-21T13:31:41Z,\N,1,assert
acme:entitlement:acme-principal-svc-hq-b1-f2-r1-00144~5e07518f0472,entitlement,acme,acme:principal:svc-hq-b1-f2-r1-00144~ce5611259cf6,acme:vsphere.vsphere_privilege:virtualmachine-inventory-delete-000~9fe8985eb07c,acme:service:svc-000079~032b83972e3b,2026-08-21,2026-08-21T13:35:19Z,2027-04-03T17:01:28Z,2026-08-21T13:35:19Z,\N,1,assert
acme:entitlement:acme-principal-ad-388f6b6c-4a1b-4c2d~809d739b9972,entitlement,acme,acme:principal:ad-388f6b6c-4a1b-4c2d-8e3f-ca6e4c84b692~f8a544b1c190,acme:privilege:database-privileged-role-0029~8d7b429b110b,acme:service:svc-000142~441144e79d15,2026-08-21,2026-08-21T13:38:09Z,2027-04-03T05:23:14Z,2026-08-21T13:38:09Z,\N,1,assert
acme:entitlement:acme-principal-wl-000026-819b875d12d2~a078a6944fd5,entitlement,acme,acme:principal:wl-000026~819b875d12d2,acme:vsphere.vsphere_privilege:virtualmachine-inventory-delete-016~40a23fe951a5,acme:service:svc-000097~f64512468127,2026-08-21,2026-08-21T13:38:49Z,2027-04-03T02:41:42Z,2026-08-21T13:38:49Z,\N,1,assert
acme:entitlement:acme-principal-ad-388f6b6c-4a1b-4c2d~e08a752680ed,entitlement,acme,acme:principal:ad-388f6b6c-4a1b-4c2d-8e3f-ca6e4c84b692~f8a544b1c190,acme:privilege:system-privileged-role-0026~9027dad0f568,acme:service:svc-000079~032b83972e3b,2026-08-21,2026-08-21T13:42:46Z,2027-04-03T04:57:16Z,2026-08-21T13:42:46Z,\N,1,assert
acme:entitlement:acme-principal-wl-000141-ed8c9626ca9d~47a516e1cf9a,entitlement,acme,acme:principal:wl-000141~ed8c9626ca9d,acme:privilege:directory-privileged-role-0008~af5f57b43692,acme:service:svc-000005~5cf24c187690,2026-08-21,2026-08-21T13:48:08Z,2027-04-03T12:13:47Z,2026-08-21T13:48:08Z,\N,1,assert
acme:entitlement:acme-principal-ad-1ffbce61-4a1b-4c2d~b34c4aa05d68,entitlement,acme,acme:principal:ad-1ffbce61-4a1b-4c2d-8e3f-b32ffec8029b~2f95fa480efc,acme:vsphere.vsphere_privilege:virtualmachine-inventory~15b78ea52c01,acme:service:svc-000101~663f265c1517,2026-08-21,2026-08-21T13:48:21Z,2027-04-03T09:54:21Z,2026-08-21T13:48:21Z,\N,1,assert
acme:entitlement:acme-principal-ad-d446521f-4a1b-4c2d~33b342b73abf,entitlement,acme,acme:principal:ad-d446521f-4a1b-4c2d-8e3f-2311f7ee6be5~2c0ae8076995,acme:privilege:system-privileged-role-0016~ae165da97610,acme:service:svc-000152~0d72ef533f26,2026-08-21,2026-08-21T13:49:14Z,2027-04-03T08:36:35Z,2026-08-21T13:49:14Z,\N,1,assert
acme:entitlement:acme-principal-wl-000103-d23a73f1befc~ebbe6abe4d3e,entitlement,acme,acme:principal:wl-000103~d23a73f1befc,acme:privilege:directory-privileged-role-0008~af5f57b43692,acme:service:svc-000147~ebdf86068801,2026-08-21,2026-08-21T13:51:45Z,2027-04-03T07:38:52Z,2026-08-21T13:51:45Z,\N,1,assert
acme:entitlement:acme-principal-ad-8b8cebb7-4a1b-4c2d~9e7de17b8d69,entitlement,acme,acme:principal:ad-8b8cebb7-4a1b-4c2d-8e3f-525ae61a94cc~b3c61a7fd9fa,acme:privilege:directory-privileged-role-0012~4daaf8324383,acme:service:svc-000079~032b83972e3b,2026-08-21,2026-08-21T13:56:31Z,2027-04-03T20:50:24Z,2026-08-21T13:56:31Z,\N,1,assert
acme:entitlement:acme-principal-svc-hq-dc1-f2-r2-00087~72f8b8df477b,entitlement,acme,acme:principal:svc-hq-dc1-f2-r2-00087~1082c550f8df,acme:privilege:system-privileged-role-0002~66319b668467,acme:service:svc-000152~0d72ef533f26,2026-08-21,2026-08-21T13:56:52Z,2027-04-03T01:00:15Z,2026-08-21T13:56:52Z,\N,1,assert
acme:entitlement:acme-principal-wl-000016-2c303189b68c~4dae94da61e1,entitlement,acme,acme:principal:wl-000016~2c303189b68c,acme:privilege:network-privileged-role-0014~419ceee5e762,acme:service:svc-000147~ebdf86068801,2026-08-21,2026-08-21T13:58:41Z,2027-04-03T19:14:58Z,2026-08-21T13:58:41Z,\N,1,assert
acme:entitlement:acme-principal-svc-hq-b2-f1-00008~22ca45b1f729,entitlement,acme,acme:principal:svc-hq-b2-f1-00008~23876d48be88,acme:privilege:system-privileged-role-0016~ae165da97610,acme:service:svc-000147~ebdf86068801,2026-08-21,2026-08-21T13:58:46Z,2027-04-03T17:13:58Z,2026-08-21T13:58:46Z,\N,1,assert
acme:entitlement:acme-principal-ad-0268e708-4a1b-4c2d~683d17e76e41,entitlement,acme,acme:principal:ad-0268e708-4a1b-4c2d-8e3f-db290d26f117~550712c68be0,acme:privilege:system-privileged-role-0028~8b9b8422ec78,acme:service:svc-000125~74cb06cd192e,2026-08-21,2026-08-21T14:02:37Z,\N,2026-08-21T14:02:37Z,\N,1,assert
acme:entitlement:acme-principal-ad-acf1c6e4-4a1b-4c2d~34e043dbdd47,entitlement,acme,acme:principal:ad-acf1c6e4-4a1b-4c2d-8e3f-0ac1c96e6e1c~332793f9b72f,acme:privilege:network-privileged-role-0023~cdba7a728893,acme:service:svc-000013~fbaf4ab7d1ca,2026-08-21,2026-08-21T14:26:44Z,2027-04-03T16:28:05Z,2026-08-21T14:26:44Z,\N,1,assert
acme:entitlement:acme-principal-ad-783c7efd-4a1b-4c2d~b8fc44c8ca51,entitlement,acme,acme:principal:ad-783c7efd-4a1b-4c2d-8e3f-3a31a55d9779~f617450dc3b8,acme:vsphere.vsphere_privilege:virtualmachine-inventory~da2273d93db8,acme:service:svc-000097~f64512468127,2026-08-21,2026-08-21T14:27:35Z,2027-04-03T12:58:19Z,2026-08-21T14:27:35Z,\N,1,assert
acme:entitlement:acme-principal-bg-0159-4686559e08b5~a33b96cb23ef,entitlement,acme,acme:principal:bg-0159~4686559e08b5,acme:vsphere.vsphere_privilege:virtualmachine-inventory~f95644957ffb,acme:service:svc-000101~663f265c1517,2026-08-21,2026-08-21T14:43:17Z,2027-04-03T12:37:44Z,2026-08-21T14:43:17Z,\N,1,assert
acme:entitlement:acme-principal-ad-4cca5c22-4a1b-4c2d~944b157ecfa0,entitlement,acme,acme:principal:ad-4cca5c22-4a1b-4c2d-8e3f-0f74727022d6~6e5d8f71cfd5,acme:vsphere.vsphere_privilege:virtualmachine-inventory~8366d101fc24,acme:service:svc-000151~be5868543628,2026-08-21,2026-08-21T14:44:43Z,2027-04-03T19:07:30Z,2026-08-21T14:44:43Z,\N,1,assert
acme:entitlement:acme-principal-ad-b3742723-4a1b-4c2d~238fa52b3b10,entitlement,acme,acme:principal:ad-b3742723-4a1b-4c2d-8e3f-5794e18af603~2dec689a8ee9,acme:privilege:system-privileged-role-0015~4099e0906929,acme:service:svc-000079~032b83972e3b,2026-08-21,2026-08-21T14:48:04Z,2027-04-03T18:30:23Z,2026-08-21T14:48:04Z,\N,1,assert
acme:entitlement:acme-principal-svc-hq-dc1-f1-00074~08fda4cc2beb,entitlement,acme,acme:principal:svc-hq-dc1-f1-00074~28505b0cfb68,acme:privilege:system-privileged-role-0026~9027dad0f568,acme:service:svc-000014~f897b684710c,2026-08-21,2026-08-21T14:48:57Z,2027-04-03T07:35:31Z,2026-08-21T14:48:57Z,\N,1,assert
acme:entitlement:acme-principal-wl-000098-2e6146d1fa5f~f9a8f5483d91,entitlement,acme,acme:principal:wl-000098~2e6146d1fa5f,acme:privilege:system-privileged-role-0000~187308e09b07,acme:service:svc-000147~ebdf86068801,2026-08-21,2026-08-21T15:08:59Z,2027-04-03T02:39:58Z,2026-08-21T15:08:59Z,\N,1,assert
acme:entitlement:acme-principal-wl-000034-efd5c34966f1~10beb809e01b,entitlement,acme,acme:principal:wl-000034~efd5c34966f1,acme:vsphere.vsphere_privilege:virtualmachine-inventory-clone-013~bdb382b4404e,acme:service:svc-000101~663f265c1517,2026-08-21,2026-08-21T15:09:44Z,2027-04-03T13:22:45Z,2026-08-21T15:09:44Z,\N,1,assert
acme:entitlement:acme-principal-ad-fa2caacf-4a1b-4c2d~ae95f78f269c,entitlement,acme,acme:principal:ad-fa2caacf-4a1b-4c2d-8e3f-9852ea602d3a~9beab9e4eef6,acme:vsphere.vsphere_privilege:virtualmachine-inventory-delete-016~40a23fe951a5,acme:service:svc-000017~a29aa6d805e5,2026-08-21,2026-08-21T15:10:08Z,2027-04-03T20:23:08Z,2026-08-21T15:10:08Z,\N,1,assert
acme:entitlement:acme-principal-svc-aws-reg-3-az1-00063~d2b455a0caaf,entitlement,acme,acme:principal:svc-aws-reg-3-az1-00063~2e8fa60ff49c,acme:vsphere.vsphere_privilege:virtualmachine-inventory-delete-012~0f062bbc778e,acme:service:svc-000147~ebdf86068801,2026-08-21,2026-08-21T15:10:17Z,2027-04-03T04:34:17Z,2026-08-21T15:10:17Z,\N,1,assert
acme:entitlement:acme-principal-wl-000059-7a181f9a7d31~93cb208988ad,entitlement,acme,acme:principal:wl-000059~7a181f9a7d31,acme:vsphere.vsphere_privilege:virtualmachine-inventory-delete-002~24c86eba856c,acme:service:svc-000079~032b83972e3b,2026-08-21,2026-08-21T15:12:09Z,2027-04-03T10:25:53Z,2026-08-21T15:12:09Z,\N,1,assert
acme:entitlement:acme-principal-ad-105e46ce-4a1b-4c2d~90c0fd47bf25,entitlement,acme,acme:principal:ad-105e46ce-4a1b-4c2d-8e3f-b0d337ef54c4~befaea9ff3d0,acme:privilege:cloud-privileged-role-0025~df8db34eef3e,acme:service:svc-000152~0d72ef533f26,2026-08-21,2026-08-21T15:12:25Z,2027-04-03T02:43:26Z,2026-08-21T15:12:25Z,\N,1,assert
acme:entitlement:acme-principal-svc-hq-dc1-f1-r1-rack02~0a8e370bb362,entitlement,acme,acme:principal:svc-hq-dc1-f1-r1-rack02-00157~efc9dbfd81a9,acme:privilege:system-privileged-role-0020~e9f1e3186969,acme:service:svc-000005~5cf24c187690,2026-08-21,2026-08-21T15:15:46Z,2027-04-03T17:31:54Z,2026-08-21T15:15:46Z,\N,1,assert
acme:entitlement:acme-principal-wl-000076-48837099739f~d8ae21c416fc,entitlement,acme,acme:principal:wl-000076~48837099739f,acme:privilege:database-privileged-role-0029~8d7b429b110b,acme:service:svc-000079~032b83972e3b,2026-08-21,2026-08-21T15:17:28Z,2027-04-03T17:16:00Z,2026-08-21T15:17:28Z,\N,1,assert
acme:entitlement:acme-principal-svc-hq-dc1-00131~621c89885246,entitlement,acme,acme:principal:svc-hq-dc1-00131~c7450ae9d829,acme:privilege:database-privileged-role-0004~8d29a6c71cae,acme:service:svc-000125~74cb06cd192e,2026-08-21,2026-08-21T15:26:14Z,2027-04-03T19:42:46Z,2026-08-21T15:26:14Z,\N,1,assert
acme:entitlement:acme-principal-bg-0159-4686559e08b5~a48f7f079f61,entitlement,acme,acme:principal:bg-0159~4686559e08b5,acme:privilege:cloud-privileged-role-0006~6c1cceedd676,acme:service:svc-000125~74cb06cd192e,2026-08-21,2026-08-21T15:27:31Z,2027-04-03T10:46:20Z,2026-08-21T15:27:31Z,\N,1,assert
acme:entitlement:acme-principal-svc-hq-b1-f1-r1-00014~50d19dbf6fb5,entitlement,acme,acme:principal:svc-hq-b1-f1-r1-00014~f3e63dc50635,acme:vsphere.vsphere_privilege:virtualmachine-inventory~aec0591186ef,acme:service:svc-000147~ebdf86068801,2026-08-21,2026-08-21T15:35:18Z,2027-04-03T03:53:38Z,2026-08-21T15:35:18Z,\N,1,assert
acme:entitlement:acme-principal-ad-b3742723-4a1b-4c2d~707dce6f1ef3,entitlement,acme,acme:principal:ad-b3742723-4a1b-4c2d-8e3f-5794e18af603~2dec689a8ee9,acme:privilege:cloud-privileged-role-0005~2187e4ce771c,acme:service:svc-000125~74cb06cd192e,2026-08-21,2026-08-21T15:52:57Z,2027-04-03T08:55:48Z,2026-08-21T15:52:57Z,\N,1,assert
acme:entitlement:acme-principal-wl-000095-4ad104d94f11~ccc1ec36eb3c,entitlement,acme,acme:principal:wl-000095~4ad104d94f11,acme:vsphere.vsphere_privilege:virtualmachine-inventory-delete-018~dbd98f158c25,acme:service:svc-000142~441144e79d15,2026-08-21,2026-08-21T15:55:04Z,2027-04-03T08:26:02Z,2026-08-21T15:55:04Z,\N,1,assert
acme:entitlement:acme-principal-ad-0268e708-4a1b-4c2d~39b1f1a44055,entitlement,acme,acme:principal:ad-0268e708-4a1b-4c2d-8e3f-db290d26f117~550712c68be0,acme:privilege:directory-privileged-role-0012~4daaf8324383,acme:service:svc-000152~0d72ef533f26,2026-08-21,2026-08-21T15:59:04Z,2027-04-03T04:09:49Z,2026-08-21T15:59:04Z,\N,1,assert
acme:entitlement:acme-principal-svc-remote-office-f1~d924506f6f63,entitlement,acme,acme:principal:svc-remote-office-f1-00048~cb8ccb37043c,acme:privilege:cloud-privileged-role-0027~a959c56f013d,acme:service:svc-000005~5cf24c187690,2026-08-21,2026-08-21T16:05:49Z,2027-04-03T07:55:43Z,2026-08-21T16:05:49Z,\N,1,assert
acme:entitlement:acme-principal-wl-000046-4e8da99986d1~aef7a8ee5815,entitlement,acme,acme:principal:wl-000046~4e8da99986d1,acme:vsphere.vsphere_privilege:virtualmachine-inventory-delete-011~56ee20bee91a,acme:service:svc-000007~08dce2303212,2026-08-21,2026-08-21T16:08:28Z,2027-04-03T23:00:43Z,2026-08-21T16:08:28Z,\N,1,assert
acme:entitlement:acme-principal-ad-4cca5c22-4a1b-4c2d~9982185a4831,entitlement,acme,acme:principal:ad-4cca5c22-4a1b-4c2d-8e3f-0f74727022d6~6e5d8f71cfd5,acme:vsphere.vsphere_privilege:virtualmachine-inventory-delete-004~b667afcbdd49,acme:service:svc-000026~b29aa4b4664e,2026-08-21,2026-08-21T16:13:39Z,2027-04-03T02:35:48Z,2026-08-21T16:13:39Z,\N,1,assert
acme:entitlement:acme-principal-ad-d82747ad-4a1b-4c2d~e25aa5a3637f,entitlement,acme,acme:principal:ad-d82747ad-4a1b-4c2d-8e3f-28e17bef0ff3~1dccb39977b4,acme:privilege:network-privileged-role-0011~88a34f17e921,acme:service:svc-000005~5cf24c187690,2026-08-21,2026-08-21T16:22:21Z,2027-04-03T20:18:31Z,2026-08-21T16:22:21Z,\N,1,assert
acme:entitlement:acme-principal-svc-aws-reg-3-00120~3de66b838603,entitlement,acme,acme:principal:svc-aws-reg-3-00120~45c27ca7aaa4,acme:vsphere.vsphere_privilege:virtualmachine-inventory-delete-011~56ee20bee91a,acme:service:svc-000079~032b83972e3b,2026-08-21,2026-08-21T16:27:19Z,2027-04-03T05:23:12Z,2026-08-21T16:27:19Z,\N,1,assert
acme:entitlement:acme-principal-wl-000076-48837099739f~0f57bd48705e,entitlement,acme,acme:principal:wl-000076~48837099739f,acme:vsphere.vsphere_privilege:virtualmachine-inventory-delete-004~b667afcbdd49,acme:service:svc-000147~ebdf86068801,2026-08-21,2026-08-21T16:31:30Z,2027-04-03T14:55:50Z,2026-08-21T16:31:30Z,\N,1,assert
acme:entitlement:acme-principal-svc-aws-reg-3-az1-00063~4b74c060b690,entitlement,acme,acme:principal:svc-aws-reg-3-az1-00063~2e8fa60ff49c,acme:privilege:system-privileged-role-0002~66319b668467,acme:service:svc-000014~f897b684710c,2026-08-21,2026-08-21T16:34:54Z,2027-04-03T08:00:22Z,2026-08-21T16:34:54Z,\N,1,assert
acme:entitlement:acme-principal-ad-d446521f-4a1b-4c2d~d48e329c675f,entitlement,acme,acme:principal:ad-d446521f-4a1b-4c2d-8e3f-2311f7ee6be5~2c0ae8076995,acme:privilege:network-privileged-role-0013~5fe7505b27c1,acme:service:svc-000013~fbaf4ab7d1ca,2026-08-21,2026-08-21T16:38:59Z,2027-04-03T03:06:34Z,2026-08-21T16:38:59Z,\N,1,assert
acme:entitlement:acme-principal-ad-47c7dabe-4a1b-4c2d~6100bec58467,entitlement,acme,acme:principal:ad-47c7dabe-4a1b-4c2d-8e3f-84d1c8c493e1~ebf68db88b8e,acme:privilege:network-privileged-role-0018~16885639801b,acme:service:svc-000142~441144e79d15,2026-08-21,2026-08-21T16:40:52Z,2027-04-03T20:17:09Z,2026-08-21T16:40:52Z,\N,1,assert
acme:entitlement:acme-principal-svc-hq-b1-f2-r2-00081~132ccb9d28c1,entitlement,acme,acme:principal:svc-hq-b1-f2-r2-00081~776fe2bbac0a,acme:privilege:network-privileged-role-0021~61974bb524ef,acme:service:svc-000079~032b83972e3b,2026-08-21,2026-08-21T16:42:10Z,2027-04-03T05:40:13Z,2026-08-21T16:42:10Z,\N,1,assert
acme:entitlement:acme-principal-ad-8b8cebb7-4a1b-4c2d~6de9c9f9e16c,entitlement,acme,acme:principal:ad-8b8cebb7-4a1b-4c2d-8e3f-525ae61a94cc~b3c61a7fd9fa,acme:vsphere.vsphere_privilege:virtualmachine-inventory~8e80b960b940,acme:service:svc-000142~441144e79d15,2026-08-21,2026-08-21T16:52:46Z,2027-04-03T23:23:46Z,2026-08-21T16:52:46Z,\N,1,assert
acme:entitlement:acme-principal-svc-hq-dc2-00068~790e905e9dda,entitlement,acme,acme:principal:svc-hq-dc2-00068~d479b6f18449,acme:privilege:database-privileged-role-0029~8d7b429b110b,acme:service:svc-000125~74cb06cd192e,2026-08-21,2026-08-21T17:00:08Z,2027-04-03T08:33:19Z,2026-08-21T17:00:08Z,\N,1,assert
acme:entitlement:acme-principal-ad-1438803b-4a1b-4c2d~d46f88e10c11,entitlement,acme,acme:principal:ad-1438803b-4a1b-4c2d-8e3f-4977f49d5427~9503a614cf8c,acme:privilege:cloud-privileged-role-0009~ef174fb8f608,acme:service:svc-000142~441144e79d15,2026-08-21,2026-08-21T17:11:55Z,2027-04-03T09:29:19Z,2026-08-21T17:11:55Z,\N,1,assert
acme:entitlement:acme-principal-svc-hq-dc2-f1-00012~ca19d30fe0a9,entitlement,acme,acme:principal:svc-hq-dc2-f1-00012~da7028963d7c,acme:privilege:database-privileged-role-0019~90a676fe913f,acme:service:svc-000004~8b82a9c39a2f,2026-08-21,2026-08-21T17:32:31Z,2027-04-03T06:06:32Z,2026-08-21T17:32:31Z,\N,1,assert
acme:entitlement:acme-principal-svc-remote-office-f1~3064bc23a9d8,entitlement,acme,acme:principal:svc-remote-office-f1-00048~cb8ccb37043c,acme:vsphere.vsphere_privilege:virtualmachine-inventory~6d9c4da6c344,acme:service:svc-000014~f897b684710c,2026-08-21,2026-08-21T17:33:43Z,2027-04-03T21:24:56Z,2026-08-21T17:33:43Z,\N,1,assert
acme:entitlement:acme-principal-ad-06f23028-4a1b-4c2d~29ab658ac93f,entitlement,acme,acme:principal:ad-06f23028-4a1b-4c2d-8e3f-426969d2ca40~b9c9d770ac75,acme:vsphere.vsphere_privilege:virtualmachine-inventory-delete-014~62b997744d6a,acme:service:svc-000152~0d72ef533f26,2026-08-21,2026-08-21T17:34:30Z,2027-04-03T19:14:25Z,2026-08-21T17:34:30Z,\N,1,assert
acme:entitlement:acme-principal-svc-aws-reg-2-00119~670de5bef1ff,entitlement,acme,acme:principal:svc-aws-reg-2-00119~cd53453aef6b,acme:privilege:database-privileged-role-0019~90a676fe913f,acme:service:svc-000013~fbaf4ab7d1ca,2026-08-21,2026-08-21T17:35:05Z,2027-04-03T01:24:54Z,2026-08-21T17:35:05Z,\N,1,assert
acme:entitlement:acme-principal-ad-a28ee2cb-4a1b-4c2d~13ef66cf3d44,entitlement,acme,acme:principal:ad-a28ee2cb-4a1b-4c2d-8e3f-24cee73c40fc~784a64f0a2b6,acme:privilege:system-privileged-role-0002~66319b668467,acme:service:svc-000079~032b83972e3b,2026-08-21,2026-08-21T17:40:18Z,2027-04-03T21:03:31Z,2026-08-21T17:40:18Z,\N,1,assert
acme:entitlement:acme-principal-wl-000011-b76529368c19~0b1d178ee7a2,entitlement,acme,acme:principal:wl-000011~b76529368c19,acme:privilege:cloud-privileged-role-0022~aadf168a0484,acme:service:svc-000152~0d72ef533f26,2026-08-21,2026-08-21T17:47:06Z,2027-04-03T05:51:04Z,2026-08-21T17:47:06Z,\N,1,assert
acme:entitlement:acme-principal-wl-000066-4e9e196b6884~2ccc24afbb07,entitlement,acme,acme:principal:wl-000066~4e9e196b6884,acme:vsphere.vsphere_privilege:virtualmachine-inventory-delete-014~62b997744d6a,acme:service:svc-000014~f897b684710c,2026-08-21,2026-08-21T17:47:57Z,2027-04-03T08:52:50Z,2026-08-21T17:47:57Z,\N,1,assert
acme:entitlement:acme-principal-wl-000089-e88ca70df23f~b692bea08e66,entitlement,acme,acme:principal:wl-000089~e88ca70df23f,acme:privilege:network-privileged-role-0023~cdba7a728893,acme:service:svc-000142~441144e79d15,2026-08-21,2026-08-21T17:50:00Z,2027-04-03T15:04:14Z,2026-08-21T17:50:00Z,\N,1,assert
acme:entitlement:acme-principal-svc-hq-00000~579fc019aae3,entitlement,acme,acme:principal:svc-hq-00000~01978ce268bc,acme:privilege:cloud-privileged-role-0005~2187e4ce771c,acme:service:svc-000005~5cf24c187690,2026-08-21,2026-08-21T17:57:50Z,2027-04-03T08:11:59Z,2026-08-21T17:57:50Z,\N,1,assert
acme:entitlement:acme-principal-svc-hq-00064~2b62b2d28788,entitlement,acme,acme:principal:svc-hq-00064~9909373df8b0,acme:privilege:cloud-privileged-role-0006~6c1cceedd676,acme:service:svc-000079~032b83972e3b,2026-08-21,2026-08-21T17:58:29Z,2027-04-03T02:19:34Z,2026-08-21T17:58:29Z,\N,1,assert
acme:entitlement:acme-principal-wl-000089-e88ca70df23f~07a035131ac1,entitlement,acme,acme:principal:wl-000089~e88ca70df23f,acme:privilege:network-privileged-role-0011~88a34f17e921,acme:service:svc-000013~fbaf4ab7d1ca,2026-08-21,2026-08-21T17:58:58Z,2027-04-03T12:50:24Z,2026-08-21T17:58:58Z,\N,1,assert
acme:entitlement:acme-principal-ad-50d91b9f-4a1b-4c2d~50fb26807623,entitlement,acme,acme:principal:ad-50d91b9f-4a1b-4c2d-8e3f-dfffa85a40d7~bb896ce7f6e6,acme:vsphere.vsphere_privilege:virtualmachine-inventory~8e80b960b940,acme:service:svc-000147~ebdf86068801,2026-08-21,2026-08-21T18:08:04Z,2027-04-03T18:30:59Z,2026-08-21T18:08:04Z,\N,1,assert
acme:entitlement:acme-principal-svc-hq-b1-f2-r1-00144~0081e1baf693,entitlement,acme,acme:principal:svc-hq-b1-f2-r1-00144~ce5611259cf6,acme:privilege:directory-privileged-role-0007~1b8f03e34698,acme:service:svc-000147~ebdf86068801,2026-08-21,2026-08-21T18:21:10Z,2027-04-03T06:18:39Z,2026-08-21T18:21:10Z,\N,1,assert
acme:entitlement:acme-principal-wl-000082-a3817a31f4bb~5f813270c6cf,entitlement,acme,acme:principal:wl-000082~a3817a31f4bb,acme:privilege:network-privileged-role-0001~4133d16cfe71,acme:service:svc-000079~032b83972e3b,2026-08-21,2026-08-21T18:28:34Z,2027-04-03T02:42:13Z,2026-08-21T18:28:34Z,\N,1,assert
acme:entitlement:acme-principal-svc-hq-dc1-f1-r1-rack02~d688da16bef7,entitlement,acme,acme:principal:svc-hq-dc1-f1-r1-rack02-00157~efc9dbfd81a9,acme:privilege:system-privileged-role-0015~4099e0906929,acme:service:svc-000147~ebdf86068801,2026-08-21,2026-08-21T18:34:21Z,2027-04-03T06:26:00Z,2026-08-21T18:34:21Z,\N,1,assert
acme:entitlement:acme-principal-ad-a310b03f-4a1b-4c2d~cbdd305670e7,entitlement,acme,acme:principal:ad-a310b03f-4a1b-4c2d-8e3f-93aca092fe72~aa8f627c3b27,acme:privilege:network-privileged-role-0021~61974bb524ef,acme:service:svc-000013~fbaf4ab7d1ca,2026-08-21,2026-08-21T18:35:09Z,2027-04-03T16:04:47Z,2026-08-21T18:35:09Z,\N,1,assert
acme:entitlement:acme-principal-wl-000030-dea5f8aedc0a~5fe4234f1d05,entitlement,acme,acme:principal:wl-000030~dea5f8aedc0a,acme:privilege:cloud-privileged-role-0027~a959c56f013d,acme:service:svc-000013~fbaf4ab7d1ca,2026-08-21,2026-08-21T18:35:50Z,2027-04-03T09:01:35Z,2026-08-21T18:35:50Z,\N,1,assert
acme:entitlement:acme-principal-svc-hq-dc1-f1-r1-rack01~c4a5c9ff538e,entitlement,acme,acme:principal:svc-hq-dc1-f1-r1-rack01-00028~794b35a9aaa7,acme:privilege:database-privileged-role-0019~90a676fe913f,acme:service:svc-000142~441144e79d15,2026-08-21,2026-08-21T18:41:14Z,2027-04-03T11:25:23Z,2026-08-21T18:41:14Z,\N,1,assert
acme:entitlement:acme-principal-svc-aws-reg-6-00123~1f134374d314,entitlement,acme,acme:principal:svc-aws-reg-6-00123~13cdb724c7f9,acme:privilege:system-privileged-role-0010~6d0892d563ac,acme:service:svc-000013~fbaf4ab7d1ca,2026-08-21,2026-08-21T18:43:41Z,2027-04-03T04:21:22Z,2026-08-21T18:43:41Z,\N,1,assert
acme:entitlement:acme-principal-svc-hq-dc2-f1-00012~ac368ee4fa74,entitlement,acme,acme:principal:svc-hq-dc2-f1-00012~da7028963d7c,acme:privilege:system-privileged-role-0010~6d0892d563ac,acme:service:svc-000152~0d72ef533f26,2026-08-21,2026-08-21T18:45:17Z,2027-04-03T06:40:42Z,2026-08-21T18:45:17Z,\N,1,assert
acme:entitlement:acme-principal-svc-dc2-hall2-rack03~3340d651baa7,entitlement,acme,acme:principal:svc-dc2-hall2-rack03-00110~43d0f68eb26c,acme:vsphere.vsphere_privilege:virtualmachine-inventory~8e80b960b940,acme:service:svc-000151~be5868543628,2026-08-21,2026-08-21T18:55:37Z,2027-04-03T00:13:36Z,2026-08-21T18:55:37Z,\N,1,assert
acme:entitlement:acme-principal-ad-3114e915-4a1b-4c2d~354e5406a22a,entitlement,acme,acme:principal:ad-3114e915-4a1b-4c2d-8e3f-2c4cf471f243~c6b6f798f07c,acme:privilege:system-privileged-role-0017~079b77b03e44,acme:service:svc-000079~032b83972e3b,2026-08-21,2026-08-21T19:10:50Z,2027-04-03T11:53:08Z,2026-08-21T19:10:50Z,\N,1,assert
acme:entitlement:acme-principal-svc-hq-dc1-f2-r1-rack02~66320107a383,entitlement,acme,acme:principal:svc-hq-dc1-f2-r1-rack02-00033~f3ef5bfccf8c,acme:privilege:network-privileged-role-0018~16885639801b,acme:service:svc-000014~f897b684710c,2026-08-21,2026-08-21T19:46:40Z,2027-04-03T10:37:06Z,2026-08-21T19:46:40Z,\N,1,assert
acme:entitlement:acme-principal-wl-000059-7a181f9a7d31~d8c097f4d1f2,entitlement,acme,acme:principal:wl-000059~7a181f9a7d31,acme:vsphere.vsphere_privilege:virtualmachine-inventory-delete-003~6cf2a36a862d,acme:service:svc-000101~663f265c1517,2026-08-21,2026-08-21T19:52:25Z,2027-04-03T03:28:53Z,2026-08-21T19:52:25Z,\N,1,assert
acme:entitlement:acme-principal-ad-b3742723-4a1b-4c2d~2ddecd2cbca7,entitlement,acme,acme:principal:ad-b3742723-4a1b-4c2d-8e3f-5794e18af603~2dec689a8ee9,acme:vsphere.vsphere_privilege:virtualmachine-inventory-delete-006~03a80f7d24e5,acme:service:svc-000142~441144e79d15,2026-08-21,2026-08-21T19:58:18Z,2027-04-03T17:06:25Z,2026-08-21T19:58:18Z,\N,1,assert
acme:entitlement:acme-principal-wl-000024-57eb303d5b02~3edcf50ecad4,entitlement,acme,acme:principal:wl-000024~57eb303d5b02,acme:privilege:cloud-privileged-role-0025~df8db34eef3e,acme:service:svc-000005~5cf24c187690,2026-08-21,2026-08-21T20:14:25Z,2027-04-03T07:28:35Z,2026-08-21T20:14:25Z,\N,1,assert
acme:entitlement:acme-principal-wl-000054-0e52a2deafb3~92fa16e291d7,entitlement,acme,acme:principal:wl-000054~0e52a2deafb3,acme:vsphere.vsphere_privilege:virtualmachine-inventory-delete-014~62b997744d6a,acme:service:svc-000147~ebdf86068801,2026-08-21,2026-08-21T20:16:57Z,2027-04-03T21:34:41Z,2026-08-21T20:16:57Z,\N,1,assert
acme:entitlement:acme-principal-svc-hq-dc1-f2-r1-00086~c917721416c0,entitlement,acme,acme:principal:svc-hq-dc1-f2-r1-00086~7232c458e8c2,acme:vsphere.vsphere_privilege:virtualmachine-inventory~15b78ea52c01,acme:service:svc-000079~032b83972e3b,2026-08-21,2026-08-21T20:31:23Z,2027-04-03T13:36:28Z,2026-08-21T20:31:23Z,\N,1,assert
acme:entitlement:acme-principal-svc-aws-reg-1-az1-00124~7bcd7790a78d,entitlement,acme,acme:principal:svc-aws-reg-1-az1-00124~80377816291a,acme:privilege:system-privileged-role-0016~ae165da97610,acme:service:svc-000125~74cb06cd192e,2026-08-21,2026-08-21T20:40:11Z,2027-04-03T19:03:59Z,2026-08-21T20:40:11Z,\N,1,assert
acme:entitlement:acme-principal-svc-hq-dc1-f2-00075~05c7e3953f11,entitlement,acme,acme:principal:svc-hq-dc1-f2-00075~0ac3d9cb8af1,acme:privilege:network-privileged-role-0013~5fe7505b27c1,acme:service:svc-000004~8b82a9c39a2f,2026-08-21,2026-08-21T20:49:25Z,2027-04-03T13:30:48Z,2026-08-21T20:49:25Z,\N,1,assert
acme:entitlement:acme-principal-svc-hq-b1-f1-00070~9e84e5e216c4,entitlement,acme,acme:principal:svc-hq-b1-f1-00070~eab000041b11,acme:privilege:network-privileged-role-0021~61974bb524ef,acme:service:svc-000147~ebdf86068801,2026-08-21,2026-08-21T20:52:20Z,2027-04-03T07:40:50Z,2026-08-21T20:52:20Z,\N,1,assert
acme:entitlement:acme-principal-wl-000098-2e6146d1fa5f~c8d49fc6cca1,entitlement,acme,acme:principal:wl-000098~2e6146d1fa5f,acme:privilege:system-privileged-role-0020~e9f1e3186969,acme:service:svc-000152~0d72ef533f26,2026-08-21,2026-08-21T21:09:58Z,2027-04-03T12:15:07Z,2026-08-21T21:09:58Z,\N,1,assert
acme:entitlement:acme-principal-wl-000059-7a181f9a7d31~0f0f38aaa42d,entitlement,acme,acme:principal:wl-000059~7a181f9a7d31,acme:vsphere.vsphere_privilege:virtualmachine-inventory-delete-000~9fe8985eb07c,acme:service:svc-000007~08dce2303212,2026-08-21,2026-08-21T21:12:49Z,2027-04-03T16:52:35Z,2026-08-21T21:12:49Z,\N,1,assert
acme:entitlement:acme-principal-svc-hq-b1-f1-00006~bd5556ce6fbe,entitlement,acme,acme:principal:svc-hq-b1-f1-00006~197e9b71f691,acme:privilege:network-privileged-role-0014~419ceee5e762,acme:service:svc-000142~441144e79d15,2026-08-21,2026-08-21T21:18:51Z,2027-04-03T01:35:58Z,2026-08-21T21:18:51Z,\N,1,assert
acme:entitlement:acme-principal-ad-d98c18f0-4a1b-4c2d~95f20f9fcd53,entitlement,acme,acme:principal:ad-d98c18f0-4a1b-4c2d-8e3f-1b3bd7c85929~fe1085106b11,acme:privilege:directory-privileged-role-0012~4daaf8324383,acme:service:svc-000014~f897b684710c,2026-08-21,2026-08-21T21:34:54Z,2027-04-03T16:25:21Z,2026-08-21T21:34:54Z,\N,1,assert
acme:entitlement:acme-principal-wl-000057-3726748acbfe~2b48c1b99fc1,entitlement,acme,acme:principal:wl-000057~3726748acbfe,acme:privilege:database-privileged-role-0004~8d29a6c71cae,acme:service:svc-000152~0d72ef533f26,2026-08-21,2026-08-21T21:35:41Z,2027-04-03T06:20:09Z,2026-08-21T21:35:41Z,\N,1,assert
acme:entitlement:acme-principal-svc-hq-dc1-f2-r2-00151~9f858c82480b,entitlement,acme,acme:principal:svc-hq-dc1-f2-r2-00151~ed51e76c9ed2,acme:vsphere.vsphere_privilege:virtualmachine-inventory-delete-012~0f062bbc778e,acme:service:svc-000142~441144e79d15,2026-08-21,2026-08-21T21:38:18Z,2027-04-03T19:50:31Z,2026-08-21T21:38:18Z,\N,1,assert
acme:entitlement:acme-principal-svc-hq-b1-00129~7a82e6be3ba0,entitlement,acme,acme:principal:svc-hq-b1-00129~b08a7eb8ca0c,acme:privilege:system-privileged-role-0002~66319b668467,acme:service:svc-000125~74cb06cd192e,2026-08-21,2026-08-21T21:40:14Z,2027-04-03T21:55:14Z,2026-08-21T21:40:14Z,\N,1,assert
acme:entitlement:acme-principal-wl-000026-819b875d12d2~79e60392b1c9,entitlement,acme,acme:principal:wl-000026~819b875d12d2,acme:privilege:network-privileged-role-0024~0cacce888992,acme:service:svc-000005~5cf24c187690,2026-08-21,2026-08-21T21:50:00Z,2027-04-03T04:38:00Z,2026-08-21T21:50:00Z,\N,1,assert
acme:entitlement:acme-principal-svc-hq-b1-f1-r2-00015~e2b5b65623eb,entitlement,acme,acme:principal:svc-hq-b1-f1-r2-00015~b09c91d58066,acme:privilege:cloud-privileged-role-0022~aadf168a0484,acme:service:svc-000125~74cb06cd192e,2026-08-21,2026-08-21T22:04:08Z,2027-04-03T10:43:51Z,2026-08-21T22:04:08Z,\N,1,assert
acme:entitlement:acme-principal-ad-578f58a2-4a1b-4c2d~d180f3d8358f,entitlement,acme,acme:principal:ad-578f58a2-4a1b-4c2d-8e3f-c046e499b538~d784186d48c7,acme:vsphere.vsphere_privilege:virtualmachine-inventory-delete-009~2e98afba74b0,acme:service:svc-000017~a29aa6d805e5,2026-08-21,2026-08-21T22:07:32Z,2027-04-03T13:31:13Z,2026-08-21T22:07:32Z,\N,1,assert
acme:entitlement:acme-principal-ad-578f58a2-4a1b-4c2d~1f3f11795042,entitlement,acme,acme:principal:ad-578f58a2-4a1b-4c2d-8e3f-c046e499b538~d784186d48c7,acme:privilege:database-privileged-role-0029~8d7b429b110b,acme:service:svc-000014~f897b684710c,2026-08-21,2026-08-21T22:09:33Z,2027-04-03T20:57:23Z,2026-08-21T22:09:33Z,\N,1,assert
acme:entitlement:acme-principal-svc-hq-b2-f1-r2-00147~78563cfe77ff,entitlement,acme,acme:principal:svc-hq-b2-f1-r2-00147~8195d258c014,acme:vsphere.vsphere_privilege:virtualmachine-inventory-delete-003~6cf2a36a862d,acme:service:svc-000079~032b83972e3b,2026-08-21,2026-08-21T22:26:08Z,2027-04-03T05:32:39Z,2026-08-21T22:26:08Z,\N,1,assert
acme:entitlement:acme-principal-svc-hq-dc1-00131~779a69461676,entitlement,acme,acme:principal:svc-hq-dc1-00131~c7450ae9d829,acme:vsphere.vsphere_privilege:virtualmachine-inventory-delete-018~dbd98f158c25,acme:service:svc-000026~b29aa4b4664e,2026-08-21,2026-08-21T22:26:22Z,2027-04-03T10:48:23Z,2026-08-21T22:26:22Z,\N,1,assert
acme:entitlement:acme-principal-svc-hq-dc1-f2-r1-rack02~d73c76df7bbf,entitlement,acme,acme:principal:svc-hq-dc1-f2-r1-rack02-00033~f3ef5bfccf8c,acme:privilege:cloud-privileged-role-0027~a959c56f013d,acme:service:svc-000152~0d72ef533f26,2026-08-21,2026-08-21T22:44:13Z,2027-04-03T13:06:27Z,2026-08-21T22:44:13Z,\N,1,assert
acme:entitlement:acme-principal-ad-4cca5c22-4a1b-4c2d~78603bc4ed32,entitlement,acme,acme:principal:ad-4cca5c22-4a1b-4c2d-8e3f-0f74727022d6~6e5d8f71cfd5,acme:privilege:network-privileged-role-0001~4133d16cfe71,acme:service:svc-000152~0d72ef533f26,2026-08-21,2026-08-21T22:45:38Z,2027-04-03T10:51:41Z,2026-08-21T22:45:38Z,\N,1,assert
acme:entitlement:acme-principal-svc-aws-reg-1-az2-00125~8ca2023a0d56,entitlement,acme,acme:principal:svc-aws-reg-1-az2-00125~0d7b4f8de662,acme:privilege:network-privileged-role-0013~5fe7505b27c1,acme:service:svc-000014~f897b684710c,2026-08-21,2026-08-21T22:49:28Z,2027-04-03T21:02:11Z,2026-08-21T22:49:28Z,\N,1,assert
acme:entitlement:acme-principal-svc-aws-reg-2-00119~08300d5cd935,entitlement,acme,acme:principal:svc-aws-reg-2-00119~cd53453aef6b,acme:vsphere.vsphere_privilege:virtualmachine-inventory-delete-006~03a80f7d24e5,acme:service:svc-000101~663f265c1517,2026-08-21,2026-08-21T22:52:09Z,2027-04-03T07:42:36Z,2026-08-21T22:52:09Z,\N,1,assert
acme:entitlement:acme-principal-ad-5b1ca7d3-4a1b-4c2d~54860f34ff2b,entitlement,acme,acme:principal:ad-5b1ca7d3-4a1b-4c2d-8e3f-106c8ceb4d76~c2d45ed3cc2e,acme:privilege:network-privileged-role-0021~61974bb524ef,acme:service:svc-000142~441144e79d15,2026-08-21,2026-08-21T22:55:33Z,2027-04-03T05:29:22Z,2026-08-21T22:55:33Z,\N,1,assert
acme:entitlement:acme-principal-ad-52dba911-4a1b-4c2d~e4e4a0664368,entitlement,acme,acme:principal:ad-52dba911-4a1b-4c2d-8e3f-1fe7dcbbab51~4a1c9e49daee,acme:privilege:database-privileged-role-0029~8d7b429b110b,acme:service:svc-000005~5cf24c187690,2026-08-21,2026-08-21T23:03:42Z,2027-04-03T11:55:29Z,2026-08-21T23:03:42Z,\N,1,assert
acme:entitlement:acme-principal-svc-hq-b1-f1-r1-rack03~1908ac6ac641,entitlement,acme,acme:principal:svc-hq-b1-f1-r1-rack03-00154~5be6a5f7cc33,acme:privilege:cloud-privileged-role-0027~a959c56f013d,acme:service:svc-000004~8b82a9c39a2f,2026-08-21,2026-08-21T23:05:47Z,2027-04-03T18:17:41Z,2026-08-21T23:05:47Z,\N,1,assert
acme:entitlement:acme-principal-svc-hq-b1-f1-00070~75758f0995f8,entitlement,acme,acme:principal:svc-hq-b1-f1-00070~eab000041b11,acme:vsphere.vsphere_privilege:virtualmachine-inventory-delete-002~24c86eba856c,acme:service:svc-000097~f64512468127,2026-08-21,2026-08-21T23:07:44Z,2027-04-03T02:09:00Z,2026-08-21T23:07:44Z,\N,1,assert
acme:entitlement:acme-principal-svc-hq-dc1-f1-r1-rack02~b1591a4ffb22,entitlement,acme,acme:principal:svc-hq-dc1-f1-r1-rack02-00157~efc9dbfd81a9,acme:vsphere.vsphere_privilege:virtualmachine-inventory-delete-004~b667afcbdd49,acme:service:svc-000017~a29aa6d805e5,2026-08-21,2026-08-21T23:08:30Z,2027-04-03T09:38:03Z,2026-08-21T23:08:30Z,\N,1,assert
acme:entitlement:acme-principal-svc-hq-dc1-f2-r1-00086~cf4b9eb831f0,entitlement,acme,acme:principal:svc-hq-dc1-f2-r1-00086~7232c458e8c2,acme:privilege:system-privileged-role-0028~8b9b8422ec78,acme:service:svc-000005~5cf24c187690,2026-08-21,2026-08-21T23:17:26Z,2027-04-03T13:54:38Z,2026-08-21T23:17:26Z,\N,1,assert
acme:entitlement:acme-principal-svc-hq-dc1-f2-r2-00087~31eef2ea87f0,entitlement,acme,acme:principal:svc-hq-dc1-f2-r2-00087~1082c550f8df,acme:vsphere.vsphere_privilege:virtualmachine-inventory-delete-006~03a80f7d24e5,acme:service:svc-000151~be5868543628,2026-08-21,2026-08-21T23:19:38Z,2027-04-03T17:31:55Z,2026-08-21T23:19:38Z,\N,1,assert
acme:entitlement:acme-principal-svc-hq-b1-f1-00006~408809c377b9,entitlement,acme,acme:principal:svc-hq-b1-f1-00006~197e9b71f691,acme:vsphere.vsphere_privilege:virtualmachine-inventory-delete-018~dbd98f158c25,acme:service:svc-000151~be5868543628,2026-08-21,2026-08-21T23:20:00Z,2027-04-03T03:05:33Z,2026-08-21T23:20:00Z,\N,1,assert
acme:entitlement:acme-principal-ad-3114e915-4a1b-4c2d~fd0f3b949692,entitlement,acme,acme:principal:ad-3114e915-4a1b-4c2d-8e3f-2c4cf471f243~c6b6f798f07c,acme:vsphere.vsphere_privilege:virtualmachine-inventory-delete-003~6cf2a36a862d,acme:service:svc-000026~b29aa4b4664e,2026-08-21,2026-08-21T23:29:28Z,2027-04-03T18:18:25Z,2026-08-21T23:29:28Z,\N,1,assert
acme:entitlement:acme-principal-svc-hq-b1-f1-r1-rack03~8101efa9d653,entitlement,acme,acme:principal:svc-hq-b1-f1-r1-rack03-00090~6b9c2fb1dc7a,acme:vsphere.vsphere_privilege:virtualmachine-inventory-delete-002~24c86eba856c,acme:service:svc-000026~b29aa4b4664e,2026-08-21,2026-08-21T23:32:21Z,2027-04-03T17:56:45Z,2026-08-21T23:32:21Z,\N,1,assert
acme:entitlement:acme-principal-wl-000026-819b875d12d2~4a34031d87ca,entitlement,acme,acme:principal:wl-000026~819b875d12d2,acme:vsphere.vsphere_privilege:virtualmachine-inventory-delete-016~40a23fe951a5,acme:service:svc-000151~be5868543628,2026-08-21,2026-08-21T23:36:55Z,2027-04-03T15:03:43Z,2026-08-21T23:36:55Z,\N,1,assert
acme:entitlement:acme-principal-ad-c2a0a94e-4a1b-4c2d~198c05f5669a,entitlement,acme,acme:principal:ad-c2a0a94e-4a1b-4c2d-8e3f-54f2e81bee83~d60ac86c903c,acme:privilege:directory-privileged-role-0003~7eeb51ea05d5,acme:service:svc-000152~0d72ef533f26,2026-08-21,2026-08-21T23:37:42Z,2027-04-03T01:38:19Z,2026-08-21T23:37:42Z,\N,1,assert
acme:entitlement:acme-principal-wl-000057-3726748acbfe~8c76c4b01861,entitlement,acme,acme:principal:wl-000057~3726748acbfe,acme:privilege:network-privileged-role-0014~419ceee5e762,acme:service:svc-000013~fbaf4ab7d1ca,2026-08-21,2026-08-21T23:45:05Z,2027-04-03T09:05:40Z,2026-08-21T23:45:05Z,\N,1,assert
acme:entitlement:acme-principal-wl-000134-d9ef441fe564~cf895dfad09d,entitlement,acme,acme:principal:wl-000134~d9ef441fe564,acme:privilege:directory-privileged-role-0003~7eeb51ea05d5,acme:service:svc-000004~8b82a9c39a2f,2026-08-21,2026-08-21T23:53:03Z,2027-04-03T22:45:40Z,2026-08-21T23:53:03Z,\N,1,assert
acme:entitlement:acme-principal-ad-a28ee2cb-4a1b-4c2d~ee20baa4b7fc,entitlement,acme,acme:principal:ad-a28ee2cb-4a1b-4c2d-8e3f-24cee73c40fc~784a64f0a2b6,acme:privilege:cloud-privileged-role-0025~df8db34eef3e,acme:service:svc-000125~74cb06cd192e,2026-08-21,2026-08-21T23:53:41Z,2027-04-03T06:58:50Z,2026-08-21T23:53:41Z,\N,1,assert
acme:entitlement:acme-principal-wl-000054-0e52a2deafb3~68feb294e830,entitlement,acme,acme:principal:wl-000054~0e52a2deafb3,acme:privilege:cloud-privileged-role-0009~ef174fb8f608,acme:service:svc-000147~ebdf86068801,2026-08-21,2026-08-21T23:55:55Z,2027-04-03T08:13:16Z,2026-08-21T23:55:55Z,\N,1,assert
acme:entitlement:acme-principal-ad-c8886978-4a1b-4c2d~e94130613c24,entitlement,acme,acme:principal:ad-c8886978-4a1b-4c2d-8e3f-45bc8687fc13~0ad24a0b2bbd,acme:vsphere.vsphere_privilege:virtualmachine-inventory~6d9c4da6c344,acme:service:svc-000026~b29aa4b4664e,2026-08-21,2026-08-21T23:59:30Z,2027-04-03T20:46:59Z,2026-08-21T23:59:30Z,\N,1,assert
acme:entitlement:acme-principal-svc-hq-dc2-00068~68d91931b87f,entitlement,acme,acme:principal:svc-hq-dc2-00068~d479b6f18449,acme:privilege:system-privileged-role-0000~187308e09b07,acme:service:svc-000003~afa5dfe980e5,2026-08-27,2026-08-27T21:27:41Z,\N,2026-08-27T21:27:41Z,\N,1,assert
acme:entitlement:acme-principal-svc-hq-dc2-f1-00012~b83288f07b91,entitlement,acme,acme:principal:svc-hq-dc2-f1-00012~da7028963d7c,acme:privilege:directory-privileged-role-0003~7eeb51ea05d5,acme:service:svc-000001~014eea2e7ea7,2026-09-03,2026-09-03T01:53:25Z,\N,2026-09-03T01:53:25Z,\N,1,assert
acme:entitlement:acme-principal-wl-000095-4ad104d94f11~5f233ba89af4,entitlement,acme,acme:principal:wl-000095~4ad104d94f11,acme:vsphere.vsphere_privilege:virtualmachine-inventory-delete-002~24c86eba856c,acme:service:svc-000002~a580ebf86a44,2026-09-18,2026-09-18T14:26:57Z,\N,2026-09-18T14:26:57Z,\N,1,assert
acme:entitlement:acme-principal-wl-000104-e95b9fec2728~e9ff372f37aa,entitlement,acme,acme:principal:wl-000104~e95b9fec2728,acme:privilege:cloud-privileged-role-0005~2187e4ce771c,acme:service:svc-000001~014eea2e7ea7,2026-09-25,2026-09-25T05:49:59Z,\N,2026-09-25T05:49:59Z,\N,1,assert
acme:entitlement:acme-principal-wl-000021-77b02afdbbf2~2adc60941b39,entitlement,acme,acme:principal:wl-000021~77b02afdbbf2,acme:vsphere.vsphere_privilege:virtualmachine-inventory-delete-004~b667afcbdd49,acme:service:svc-000003~afa5dfe980e5,2026-09-26,2026-09-26T16:16:03Z,\N,2026-09-26T16:16:03Z,\N,1,assert
acme:entitlement:acme-principal-ad-93c4f7c3-4a1b-4c2d~5592451ca79b,entitlement,acme,acme:principal:ad-93c4f7c3-4a1b-4c2d-8e3f-1c63a2e6cd0f~b18743472572,acme:privilege:database-privileged-role-0004~8d29a6c71cae,acme:service:svc-000001~014eea2e7ea7,2026-09-28,2026-09-28T17:22:06Z,\N,2026-09-28T17:22:06Z,\N,1,assert
acme:entitlement:acme-principal-svc-hq-b2-f1-r1-00018~f56586c0e01f,entitlement,acme,acme:principal:svc-hq-b2-f1-r1-00018~d09592c3b23a,acme:privilege:network-privileged-role-0011~88a34f17e921,acme:service:svc-000003~afa5dfe980e5,2026-10-01,2026-10-01T07:03:07Z,\N,2026-10-01T07:03:07Z,\N,1,assert
acme:entitlement:acme-principal-svc-hq-b1-f2-r1-00144~3dbde840863e,entitlement,acme,acme:principal:svc-hq-b1-f2-r1-00144~ce5611259cf6,acme:privilege:network-privileged-role-0018~16885639801b,acme:service:svc-000002~a580ebf86a44,2026-10-09,2026-10-09T15:11:07Z,\N,2026-10-09T15:11:07Z,\N,1,assert
acme:entitlement:acme-principal-ad-758bb1e3-4a1b-4c2d~6b1cc38ddc63,entitlement,acme,acme:principal:ad-758bb1e3-4a1b-4c2d-8e3f-f9536e07ca08~666ca7e48d7b,acme:privilege:network-privileged-role-0014~419ceee5e762,acme:service:svc-000003~afa5dfe980e5,2026-10-13,2026-10-13T20:17:44Z,\N,2026-10-13T20:17:44Z,\N,1,assert
acme:entitlement:acme-principal-svc-hq-b1-f1-r1-rack03~8995c24f311c,entitlement,acme,acme:principal:svc-hq-b1-f1-r1-rack03-00090~6b9c2fb1dc7a,acme:privilege:system-privileged-role-0015~4099e0906929,acme:service:svc-000001~014eea2e7ea7,2026-10-15,2026-10-15T21:38:52Z,\N,2026-10-15T21:38:52Z,\N,1,assert
acme:entitlement:acme-principal-ad-47c7dabe-4a1b-4c2d~eccf119fa51d,entitlement,acme,acme:principal:ad-47c7dabe-4a1b-4c2d-8e3f-84d1c8c493e1~ebf68db88b8e,acme:privilege:database-privileged-role-0019~90a676fe913f,acme:service:svc-000002~a580ebf86a44,2026-10-19,2026-10-19T10:15:26Z,\N,2026-10-19T10:15:26Z,\N,1,assert
acme:entitlement:acme-principal-svc-hq-b1-f1-r1-rack04~5e3fe16cd3ff,entitlement,acme,acme:principal:svc-hq-b1-f1-r1-rack04-00027~be464cb8ea4c,acme:vsphere.vsphere_privilege:virtualmachine-inventory~18a0a14917ca,acme:service:svc-000005~5cf24c187690,2026-10-24,2026-10-24T00:14:35Z,\N,2026-10-24T00:14:35Z,\N,1,assert
acme:entitlement:acme-principal-svc-remote-office-f2~6b0fcabd73f9,entitlement,acme,acme:principal:svc-remote-office-f2-00051~67eb2f56156c,acme:vsphere.vsphere_privilege:virtualmachine-inventory-delete-011~56ee20bee91a,acme:service:svc-000013~fbaf4ab7d1ca,2026-10-29,2026-10-29T11:43:46Z,\N,2026-10-29T11:43:46Z,\N,1,assert
acme:entitlement:acme-principal-svc-aws-reg-2-az1-00382~f125de6d556e,entitlement,acme,acme:principal:svc-aws-reg-2-az1-00382~a9de81faf058,acme:privilege:database-privileged-role-0029~8d7b429b110b,acme:service:svc-000000~8730c4e3ac92,2026-11-04,2026-11-04T04:07:07Z,\N,2026-11-04T04:07:07Z,\N,1,assert
acme:entitlement:acme-principal-svc-hq-b2-f1-r2-00083~8a2c9bdac624,entitlement,acme,acme:principal:svc-hq-b2-f1-r2-00083~808f7642c554,acme:privilege:database-privileged-role-0004~8d29a6c71cae,acme:service:svc-000003~afa5dfe980e5,2026-11-06,2026-11-06T00:47:02Z,\N,2026-11-06T00:47:02Z,\N,1,assert
acme:entitlement:acme-principal-ad-2d374737-4a1b-4c2d~f21ed9ac08fc,entitlement,acme,acme:principal:ad-2d374737-4a1b-4c2d-8e3f-409b0cffb9e2~8e14c56df41d,acme:vsphere.vsphere_privilege:virtualmachine-inventory-delete-002~24c86eba856c,acme:service:svc-000004~8b82a9c39a2f,2026-11-08,2026-11-08T18:42:32Z,\N,2026-11-08T18:42:32Z,\N,1,assert
acme:entitlement:acme-principal-ad-ec944dbc-4a1b-4c2d~ba5fd5986db4,entitlement,acme,acme:principal:ad-ec944dbc-4a1b-4c2d-8e3f-44afa9a425b2~7013c11ea8d0,acme:privilege:cloud-privileged-role-0009~ef174fb8f608,acme:service:svc-000001~014eea2e7ea7,2026-11-28,2026-11-28T04:38:52Z,\N,2026-11-28T04:38:52Z,\N,1,assert
acme:entitlement:acme-principal-wl-000100-374124a994cd~7d3f770e60fe,entitlement,acme,acme:principal:wl-000100~374124a994cd,acme:privilege:network-privileged-role-0014~419ceee5e762,acme:service:svc-000004~8b82a9c39a2f,2026-12-21,2026-12-21T06:56:38Z,\N,2026-12-21T06:56:38Z,\N,1,assert
acme:entitlement:acme-principal-ad-39ea884f-4a1b-4c2d~9b7e4d5336dc,entitlement,acme,acme:principal:ad-39ea884f-4a1b-4c2d-8e3f-7eba10b9dccb~41eabfd46df5,acme:privilege:cloud-privileged-role-0006~6c1cceedd676,acme:service:svc-000003~afa5dfe980e5,2027-01-04,2027-01-04T13:01:29Z,\N,2027-01-04T13:01:29Z,\N,1,assert
acme:entitlement:acme-principal-svc-hq-b1-f2-r1-00400~173ed3558929,entitlement,acme,acme:principal:svc-hq-b1-f2-r1-00400~bc5621650df0,acme:vsphere.vsphere_privilege:virtualmachine-inventory~aec0591186ef,acme:service:svc-000000~8730c4e3ac92,2027-01-16,2027-01-16T15:28:19Z,\N,2027-01-16T15:28:19Z,\N,1,assert
acme:entitlement:acme-principal-bg-0199-cb842b846b71~bd1ef9a27b9e,entitlement,acme,acme:principal:bg-0199~cb842b846b71,acme:vsphere.vsphere_privilege:virtualmachine-inventory~18a0a14917ca,acme:service:svc-000013~fbaf4ab7d1ca,2027-01-24,2027-01-24T00:11:45Z,\N,2027-01-24T00:11:45Z,\N,1,assert
acme:entitlement:acme-principal-svc-hq-b1-f2-00391~a5aa1327b909,entitlement,acme,acme:principal:svc-hq-b1-f2-00391~6dde6ee4cbd5,acme:vsphere.vsphere_privilege:virtualmachine-inventory-delete-018~dbd98f158c25,acme:service:svc-000004~8b82a9c39a2f,2027-01-29,2027-01-29T14:39:04Z,\N,2027-01-29T14:39:04Z,\N,1,assert
acme:entitlement:acme-principal-svc-remote-office-f1-r2~0514f63c21b3,entitlement,acme,acme:principal:svc-remote-office-f1-r2-00178~e9153d80b242,acme:vsphere.vsphere_privilege:virtualmachine-inventory-delete-006~03a80f7d24e5,acme:service:svc-000003~afa5dfe980e5,2027-02-02,2027-02-02T14:34:52Z,\N,2027-02-02T14:34:52Z,\N,1,assert
acme:entitlement:acme-principal-svc-dc2-hall4-00296~7087a39d893a,entitlement,acme,acme:principal:svc-dc2-hall4-00296~48b866f55d8e,acme:vsphere.vsphere_privilege:virtualmachine-inventory-delete-000~9fe8985eb07c,acme:service:svc-000013~fbaf4ab7d1ca,2027-02-05,2027-02-05T14:13:10Z,\N,2027-02-05T14:13:10Z,\N,1,assert
acme:entitlement:acme-principal-wl-000211-4efeac51ac5c~52abe65da489,entitlement,acme,acme:principal:wl-000211~4efeac51ac5c,acme:privilege:network-privileged-role-0013~5fe7505b27c1,acme:service:svc-000002~a580ebf86a44,2027-02-19,2027-02-19T07:01:14Z,\N,2027-02-19T07:01:14Z,\N,1,assert
acme:entitlement:acme-principal-ad-d82747ad-4a1b-4c2d~d5bb00dfc75a,entitlement,acme,\N,\N,\N,\N,2027-04-03T02:48:42Z,\N,2027-04-04T00:02:44Z,\N,2,retract
acme:entitlement:acme-principal-svc-hq-dc2-f1-00012~ca19d30fe0a9,entitlement,acme,\N,\N,\N,\N,2027-04-03T06:06:32Z,\N,2027-04-04T00:04:57Z,\N,2,retract
acme:entitlement:acme-principal-svc-hq-b1-f1-00070~9e84e5e216c4,entitlement,acme,\N,\N,\N,\N,2027-04-03T07:40:50Z,\N,2027-04-04T00:08:01Z,\N,2,retract
acme:entitlement:acme-principal-svc-dc2-hall2-rack03~4835d052b3a3,entitlement,acme,\N,\N,\N,\N,2027-04-03T13:41:19Z,\N,2027-04-04T00:10:56Z,\N,2,retract
acme:entitlement:acme-principal-svc-aws-reg-1-az1-00124~944442fc854f,entitlement,acme,\N,\N,\N,\N,2027-04-03T09:51:38Z,\N,2027-04-04T00:22:59Z,\N,2,retract
acme:entitlement:acme-principal-svc-hq-dc1-f2-00075~c3e56e37e106,entitlement,acme,\N,\N,\N,\N,2027-04-03T16:00:27Z,\N,2027-04-04T00:33:28Z,\N,2,retract
acme:entitlement:acme-principal-wl-000066-4e9e196b6884~b6be8088c99b,entitlement,acme,\N,\N,\N,\N,2027-04-03T19:12:51Z,\N,2027-04-04T00:52:50Z,\N,2,retract
acme:entitlement:acme-principal-wl-000011-b76529368c19~f059ba24451f,entitlement,acme,\N,\N,\N,\N,2027-04-03T18:21:08Z,\N,2027-04-04T01:22:39Z,\N,2,retract
acme:entitlement:acme-principal-ad-a28ee2cb-4a1b-4c2d~13ef66cf3d44,entitlement,acme,\N,\N,\N,\N,2027-04-03T21:03:31Z,\N,2027-04-04T01:30:13Z,\N,2,retract
acme:entitlement:acme-principal-wl-000076-48837099739f~0f57bd48705e,entitlement,acme,\N,\N,\N,\N,2027-04-03T14:55:50Z,\N,2027-04-04T01:31:44Z,\N,2,retract
acme:entitlement:acme-principal-ad-5d9b6449-4a1b-4c2d~2cbff8dab2f6,entitlement,acme,\N,\N,\N,\N,2027-04-03T00:52:02Z,\N,2027-04-04T01:39:52Z,\N,2,retract
acme:entitlement:acme-principal-svc-hq-b2-f1-r2-00147~35b0be6ede95,entitlement,acme,\N,\N,\N,\N,2027-04-03T18:05:28Z,\N,2027-04-04T01:40:24Z,\N,2,retract
acme:entitlement:acme-principal-svc-dc2-hall1-rack02~19445b83844c,entitlement,acme,\N,\N,\N,\N,2027-04-03T13:34:23Z,\N,2027-04-04T01:42:45Z,\N,2,retract
acme:entitlement:acme-principal-ad-d98c18f0-4a1b-4c2d~f19d1a362cf8,entitlement,acme,\N,\N,\N,\N,2027-04-03T01:48:25Z,\N,2027-04-04T01:44:24Z,\N,2,retract
acme:entitlement:acme-principal-svc-hq-b1-f1-r1-rack04~c7e24af149f9,entitlement,acme,\N,\N,\N,\N,2027-04-03T12:55:41Z,\N,2027-04-04T01:59:01Z,\N,2,retract
acme:entitlement:acme-principal-wl-000034-efd5c34966f1~10beb809e01b,entitlement,acme,\N,\N,\N,\N,2027-04-03T13:22:45Z,\N,2027-04-04T02:00:06Z,\N,2,retract
acme:entitlement:acme-principal-ad-388f6b6c-4a1b-4c2d~d878207c2812,entitlement,acme,\N,\N,\N,\N,2027-04-03T07:50:03Z,\N,2027-04-04T02:12:30Z,\N,2,retract
acme:entitlement:acme-principal-bg-0159-4686559e08b5~a48f7f079f61,entitlement,acme,\N,\N,\N,\N,2027-04-03T10:46:20Z,\N,2027-04-04T02:13:00Z,\N,2,retract
acme:entitlement:acme-principal-svc-hq-b1-f2-00007~10b0df3e7ef7,entitlement,acme,\N,\N,\N,\N,2027-04-03T06:01:22Z,\N,2027-04-04T02:36:38Z,\N,2,retract
acme:entitlement:acme-principal-svc-hq-dc1-f2-r1-00086~fcc09d3e78be,entitlement,acme,\N,\N,\N,\N,2027-04-03T04:41:49Z,\N,2027-04-04T02:39:11Z,\N,2,retract
acme:entitlement:acme-principal-svc-hq-b2-f1-r2-00147~8f5c93a11fd7,entitlement,acme,\N,\N,\N,\N,2027-04-03T01:03:48Z,\N,2027-04-04T02:39:25Z,\N,2,retract
acme:entitlement:acme-principal-svc-hq-dc2-f2-00077~18c58b2db253,entitlement,acme,\N,\N,\N,\N,2027-04-03T22:41:21Z,\N,2027-04-04T02:51:17Z,\N,2,retract
acme:entitlement:acme-principal-wl-000141-ed8c9626ca9d~6a397a407a42,entitlement,acme,\N,\N,\N,\N,2027-04-03T09:43:40Z,\N,2027-04-04T03:01:51Z,\N,2,retract
acme:entitlement:acme-principal-svc-hq-b1-f1-r2-00015~064b5970e419,entitlement,acme,\N,\N,\N,\N,2027-04-03T04:54:45Z,\N,2027-04-04T03:11:33Z,\N,2,retract
acme:entitlement:acme-principal-svc-hq-dc1-f1-r1-rack02~d688da16bef7,entitlement,acme,\N,\N,\N,\N,2027-04-03T06:26:00Z,\N,2027-04-04T03:14:45Z,\N,2,retract
acme:entitlement:acme-principal-ad-d446521f-4a1b-4c2d~33b342b73abf,entitlement,acme,\N,\N,\N,\N,2027-04-03T08:36:35Z,\N,2027-04-04T03:22:43Z,\N,2,retract
acme:entitlement:acme-principal-svc-hq-b1-f1-00006~7278f28c2113,entitlement,acme,\N,\N,\N,\N,2027-04-03T17:04:54Z,\N,2027-04-04T03:24:46Z,\N,2,retract
acme:entitlement:acme-principal-ad-5b1ca7d3-4a1b-4c2d~54860f34ff2b,entitlement,acme,\N,\N,\N,\N,2027-04-03T05:29:22Z,\N,2027-04-04T03:29:07Z,\N,2,retract
acme:entitlement:acme-principal-ad-3114e915-4a1b-4c2d~fd0f3b949692,entitlement,acme,\N,\N,\N,\N,2027-04-03T18:18:25Z,\N,2027-04-04T03:33:08Z,\N,2,retract
acme:entitlement:acme-principal-ad-fa2caacf-4a1b-4c2d~0c91cf6a219a,entitlement,acme,\N,\N,\N,\N,2027-04-03T14:52:58Z,\N,2027-04-04T03:35:19Z,\N,2,retract
acme:entitlement:acme-principal-wl-000141-ed8c9626ca9d~beb760c6e0f3,entitlement,acme,\N,\N,\N,\N,2027-04-03T05:34:52Z,\N,2027-04-04T03:35:20Z,\N,2,retract
acme:entitlement:acme-principal-wl-000059-7a181f9a7d31~0f0f38aaa42d,entitlement,acme,\N,\N,\N,\N,2027-04-03T16:52:35Z,\N,2027-04-04T03:48:24Z,\N,2,retract
acme:entitlement:acme-principal-svc-hq-b1-f1-00070~0c53b9e841d2,entitlement,acme,\N,\N,\N,\N,2027-04-03T07:34:01Z,\N,2027-04-04T03:53:58Z,\N,2,retract
acme:entitlement:acme-principal-ad-6025eb64-4a1b-4c2d~f519bac0541f,entitlement,acme,\N,\N,\N,\N,2027-04-03T10:41:54Z,\N,2027-04-04T03:54:56Z,\N,2,retract
acme:entitlement:acme-principal-svc-hq-b1-f1-r2-00143~60dfeced7369,entitlement,acme,\N,\N,\N,\N,2027-04-03T14:51:55Z,\N,2027-04-04T03:55:30Z,\N,2,retract
acme:entitlement:acme-principal-wl-000134-d9ef441fe564~d3edb934bcab,entitlement,acme,\N,\N,\N,\N,2027-04-03T20:19:55Z,\N,2027-04-04T03:56:35Z,\N,2,retract
acme:entitlement:acme-principal-wl-000054-0e52a2deafb3~92fa16e291d7,entitlement,acme,\N,\N,\N,\N,2027-04-03T21:34:41Z,\N,2027-04-04T03:58:12Z,\N,2,retract
acme:entitlement:acme-principal-ad-329649c1-4a1b-4c2d~d1c37a94e678,entitlement,acme,\N,\N,\N,\N,2027-04-03T13:33:02Z,\N,2027-04-04T04:01:18Z,\N,2,retract
acme:entitlement:acme-principal-svc-hq-00064~2b62b2d28788,entitlement,acme,\N,\N,\N,\N,2027-04-03T02:19:34Z,\N,2027-04-04T04:08:06Z,\N,2,retract
acme:entitlement:acme-principal-ad-783c7efd-4a1b-4c2d~708ed8c47703,entitlement,acme,\N,\N,\N,\N,2027-04-03T11:00:13Z,\N,2027-04-04T04:12:24Z,\N,2,retract
acme:entitlement:acme-principal-svc-dc2-hall1-rack03~a30afbde31b7,entitlement,acme,\N,\N,\N,\N,2027-04-03T10:50:16Z,\N,2027-04-04T04:16:52Z,\N,2,retract
acme:entitlement:acme-principal-ad-6fcf8a0d-4a1b-4c2d~adee3bc0d979,entitlement,acme,\N,\N,\N,\N,2027-04-03T18:16:40Z,\N,2027-04-04T04:24:43Z,\N,2,retract
acme:entitlement:acme-principal-svc-hq-dc1-00131~621c89885246,entitlement,acme,\N,\N,\N,\N,2027-04-03T19:42:46Z,\N,2027-04-04T04:43:14Z,\N,2,retract
acme:entitlement:acme-principal-svc-hq-dc2-f2-00077~71cb7ed4f840,entitlement,acme,\N,\N,\N,\N,2027-04-03T23:51:14Z,\N,2027-04-04T04:48:15Z,\N,2,retract
acme:entitlement:acme-principal-svc-dc2-hall2-rack02~fc7513e18eaf,entitlement,acme,\N,\N,\N,\N,2027-04-03T20:18:39Z,\N,2027-04-04T04:54:14Z,\N,2,retract
acme:entitlement:acme-principal-svc-dc2-hall1-rack03~7a225603f805,entitlement,acme,\N,\N,\N,\N,2027-04-03T09:56:40Z,\N,2027-04-04T04:55:43Z,\N,2,retract
acme:entitlement:acme-principal-svc-remote-00133~c30ee1259b7b,entitlement,acme,\N,\N,\N,\N,2027-04-03T02:12:30Z,\N,2027-04-04T04:55:43Z,\N,2,retract
acme:entitlement:acme-principal-ad-783c7efd-4a1b-4c2d~b8fc44c8ca51,entitlement,acme,\N,\N,\N,\N,2027-04-03T12:58:19Z,\N,2027-04-04T05:03:22Z,\N,2,retract
acme:entitlement:acme-principal-svc-hq-dc1-f2-r2-00087~31eef2ea87f0,entitlement,acme,\N,\N,\N,\N,2027-04-03T17:31:55Z,\N,2027-04-04T05:04:21Z,\N,2,retract
acme:entitlement:acme-principal-svc-remote-office-f2-r1~6a3daa966cbd,entitlement,acme,\N,\N,\N,\N,2027-04-03T01:03:11Z,\N,2027-04-04T05:11:04Z,\N,2,retract
acme:entitlement:acme-principal-wl-000059-7a181f9a7d31~93cb208988ad,entitlement,acme,\N,\N,\N,\N,2027-04-03T10:25:53Z,\N,2027-04-04T05:11:44Z,\N,2,retract
acme:entitlement:acme-principal-wl-000034-efd5c34966f1~edc5c38548ff,entitlement,acme,\N,\N,\N,\N,2027-04-03T00:51:57Z,\N,2027-04-04T05:13:13Z,\N,2,retract
acme:entitlement:acme-principal-svc-hq-b1-f1-r1-rack03~8101efa9d653,entitlement,acme,\N,\N,\N,\N,2027-04-03T17:56:45Z,\N,2027-04-04T05:15:52Z,\N,2,retract
acme:entitlement:acme-principal-svc-hq-dc1-f2-r2-00151~9f858c82480b,entitlement,acme,\N,\N,\N,\N,2027-04-03T19:50:31Z,\N,2027-04-04T05:18:00Z,\N,2,retract
acme:entitlement:acme-principal-svc-hq-b1-f1-r1-00014~5139c4a3baca,entitlement,acme,\N,\N,\N,\N,2027-04-03T18:42:29Z,\N,2027-04-04T05:19:21Z,\N,2,retract
acme:entitlement:acme-principal-svc-hq-dc1-f1-00074~08fda4cc2beb,entitlement,acme,\N,\N,\N,\N,2027-04-03T07:35:31Z,\N,2027-04-04T05:21:41Z,\N,2,retract
acme:entitlement:acme-principal-ad-50d91b9f-4a1b-4c2d~32b9900d106d,entitlement,acme,\N,\N,\N,\N,2027-04-03T13:48:11Z,\N,2027-04-04T05:32:05Z,\N,2,retract
acme:entitlement:acme-principal-ad-c8886978-4a1b-4c2d~7ef8e1ebee6d,entitlement,acme,\N,\N,\N,\N,2027-04-03T07:39:43Z,\N,2027-04-04T05:37:21Z,\N,2,retract
acme:entitlement:acme-principal-svc-hq-b2-f1-r2-00083~9e4a5e1a26b8,entitlement,acme,\N,\N,\N,\N,2027-04-03T11:19:09Z,\N,2027-04-04T05:42:02Z,\N,2,retract
acme:entitlement:acme-principal-wl-000092-0dcfee41c174~744cf5f0fcb0,entitlement,acme,\N,\N,\N,\N,2027-04-03T18:41:34Z,\N,2027-04-04T05:48:24Z,\N,2,retract
acme:entitlement:acme-principal-svc-hq-b1-f1-r1-rack04~3be58f588455,entitlement,acme,\N,\N,\N,\N,2027-04-03T17:39:12Z,\N,2027-04-04T05:52:16Z,\N,2,retract
acme:entitlement:acme-principal-ad-50d91b9f-4a1b-4c2d~50fb26807623,entitlement,acme,\N,\N,\N,\N,2027-04-03T18:30:59Z,\N,2027-04-04T05:58:46Z,\N,2,retract
acme:entitlement:acme-principal-svc-hq-dc1-f2-r1-rack02~66320107a383,entitlement,acme,\N,\N,\N,\N,2027-04-03T10:37:06Z,\N,2027-04-04T06:10:25Z,\N,2,retract
acme:entitlement:acme-principal-svc-aws-reg-2-00119~670de5bef1ff,entitlement,acme,\N,\N,\N,\N,2027-04-03T01:24:54Z,\N,2027-04-04T06:15:02Z,\N,2,retract
acme:entitlement:acme-principal-svc-hq-b1-00129~7a82e6be3ba0,entitlement,acme,\N,\N,\N,\N,2027-04-03T21:55:14Z,\N,2027-04-04T06:17:25Z,\N,2,retract
acme:entitlement:acme-principal-ad-3114e915-4a1b-4c2d~354e5406a22a,entitlement,acme,\N,\N,\N,\N,2027-04-03T11:53:08Z,\N,2027-04-04T06:33:57Z,\N,2,retract
acme:entitlement:acme-principal-wl-000103-d23a73f1befc~b86921507734,entitlement,acme,\N,\N,\N,\N,2027-04-03T19:51:24Z,\N,2027-04-04T06:35:30Z,\N,2,retract
acme:entitlement:acme-principal-ad-e8a4f727-4a1b-4c2d~0e2dcfdc6a38,entitlement,acme,\N,\N,\N,\N,2027-04-03T15:06:30Z,\N,2027-04-04T06:48:03Z,\N,2,retract
acme:entitlement:acme-principal-ad-c2a0a94e-4a1b-4c2d~b0e00f911f87,entitlement,acme,\N,\N,\N,\N,2027-04-03T06:27:31Z,\N,2027-04-04T06:52:14Z,\N,2,retract
acme:entitlement:acme-principal-svc-dc2-hall2-rack01~9740bffead9a,entitlement,acme,\N,\N,\N,\N,2027-04-03T21:13:13Z,\N,2027-04-04T06:53:55Z,\N,2,retract
acme:entitlement:acme-principal-ad-105e46ce-4a1b-4c2d~90c0fd47bf25,entitlement,acme,\N,\N,\N,\N,2027-04-03T02:43:26Z,\N,2027-04-04T07:01:29Z,\N,2,retract
acme:entitlement:acme-principal-ad-4cca5c22-4a1b-4c2d~9982185a4831,entitlement,acme,\N,\N,\N,\N,2027-04-03T02:35:48Z,\N,2027-04-04T07:06:13Z,\N,2,retract
acme:entitlement:acme-principal-ad-6fcf8a0d-4a1b-4c2d~1c0bd30d2b9d,entitlement,acme,\N,\N,\N,\N,2027-04-03T09:51:18Z,\N,2027-04-04T07:08:48Z,\N,2,retract
acme:entitlement:acme-principal-ad-d82747ad-4a1b-4c2d~e25aa5a3637f,entitlement,acme,\N,\N,\N,\N,2027-04-03T20:18:31Z,\N,2027-04-04T07:27:39Z,\N,2,retract
acme:entitlement:acme-principal-wl-000046-4e8da99986d1~42cd680bda5b,entitlement,acme,\N,\N,\N,\N,2027-04-03T09:27:19Z,\N,2027-04-04T07:32:34Z,\N,2,retract
acme:entitlement:acme-principal-svc-hq-dc1-f1-r1-rack01~c4a5c9ff538e,entitlement,acme,\N,\N,\N,\N,2027-04-03T11:25:23Z,\N,2027-04-04T07:45:31Z,\N,2,retract
acme:entitlement:acme-principal-wl-000011-b76529368c19~b37f86852d9a,entitlement,acme,\N,\N,\N,\N,2027-04-03T08:09:38Z,\N,2027-04-04T07:48:44Z,\N,2,retract
acme:entitlement:acme-principal-svc-hq-dc1-f2-r2-00151~a15ef469445c,entitlement,acme,\N,\N,\N,\N,2027-04-03T09:27:29Z,\N,2027-04-04T07:58:58Z,\N,2,retract
acme:entitlement:acme-principal-ad-d446521f-4a1b-4c2d~f4bc7308347b,entitlement,acme,\N,\N,\N,\N,2027-04-03T18:49:56Z,\N,2027-04-04T08:01:32Z,\N,2,retract
acme:entitlement:acme-principal-svc-hq-b1-f2-r2-00081~132ccb9d28c1,entitlement,acme,\N,\N,\N,\N,2027-04-03T05:40:13Z,\N,2027-04-04T08:01:41Z,\N,2,retract
acme:entitlement:acme-principal-ad-a28ee2cb-4a1b-4c2d~4fcc63525cee,entitlement,acme,\N,\N,\N,\N,2027-04-03T06:06:21Z,\N,2027-04-04T08:10:40Z,\N,2,retract
acme:entitlement:acme-principal-svc-hq-b2-f1-r2-00147~720d2de45281,entitlement,acme,\N,\N,\N,\N,2027-04-03T12:15:11Z,\N,2027-04-04T08:15:48Z,\N,2,retract
acme:entitlement:acme-principal-ad-8b8cebb7-4a1b-4c2d~f27e586c6963,entitlement,acme,\N,\N,\N,\N,2027-04-03T07:19:17Z,\N,2027-04-04T08:16:14Z,\N,2,retract
acme:entitlement:acme-principal-svc-hq-b1-f1-r1-rack03~39a00b1a1241,entitlement,acme,\N,\N,\N,\N,2027-04-03T05:16:32Z,\N,2027-04-04T08:18:36Z,\N,2,retract
acme:entitlement:acme-principal-svc-hq-dc2-00068~6ea51b910faa,entitlement,acme,\N,\N,\N,\N,2027-04-03T03:20:41Z,\N,2027-04-04T08:22:48Z,\N,2,retract
acme:entitlement:acme-principal-svc-hq-dc2-00068~95af51b8cd0e,entitlement,acme,\N,\N,\N,\N,2027-04-03T23:16:37Z,\N,2027-04-04T08:29:13Z,\N,2,retract
acme:entitlement:acme-principal-ad-d82747ad-4a1b-4c2d~a7fe2e71d8f7,entitlement,acme,\N,\N,\N,\N,2027-04-03T09:48:58Z,\N,2027-04-04T08:29:25Z,\N,2,retract
acme:entitlement:acme-principal-wl-000056-212c9b9ec695~fe8aea28f303,entitlement,acme,\N,\N,\N,\N,2027-04-03T04:10:38Z,\N,2027-04-04T08:44:27Z,\N,2,retract
acme:entitlement:acme-principal-svc-dc2-hall2-rack02~1cff6077f387,entitlement,acme,\N,\N,\N,\N,2027-04-03T16:37:40Z,\N,2027-04-04T08:49:25Z,\N,2,retract
acme:entitlement:acme-principal-svc-hq-dc1-f1-00138~13b9cf128998,entitlement,acme,\N,\N,\N,\N,2027-04-03T04:20:33Z,\N,2027-04-04T08:52:41Z,\N,2,retract
acme:entitlement:acme-principal-svc-aws-reg-3-00120~3de66b838603,entitlement,acme,\N,\N,\N,\N,2027-04-03T05:23:12Z,\N,2027-04-04T09:04:56Z,\N,2,retract
acme:entitlement:acme-principal-ad-5d9b6449-4a1b-4c2d~5d6f4e7263ac,entitlement,acme,\N,\N,\N,\N,2027-04-03T06:37:01Z,\N,2027-04-04T09:13:46Z,\N,2,retract
acme:entitlement:acme-principal-ad-758bb1e3-4a1b-4c2d~c1ab67b290fd,entitlement,acme,\N,\N,\N,\N,2027-04-03T14:51:35Z,\N,2027-04-04T09:21:05Z,\N,2,retract
acme:entitlement:acme-principal-svc-hq-b1-f1-r2-00015~e2b5b65623eb,entitlement,acme,\N,\N,\N,\N,2027-04-03T10:43:51Z,\N,2027-04-04T09:22:54Z,\N,2,retract
acme:entitlement:acme-principal-svc-aws-reg-6-00123~1f134374d314,entitlement,acme,\N,\N,\N,\N,2027-04-03T04:21:22Z,\N,2027-04-04T09:34:03Z,\N,2,retract
acme:entitlement:acme-principal-ad-acf1c6e4-4a1b-4c2d~99853916ec5c,entitlement,acme,\N,\N,\N,\N,2027-04-03T21:06:11Z,\N,2027-04-04T09:45:38Z,\N,2,retract
acme:entitlement:acme-principal-svc-hq-b1-f1-00070~82e8e3cb90be,entitlement,acme,\N,\N,\N,\N,2027-04-03T11:53:13Z,\N,2027-04-04T09:55:46Z,\N,2,retract
acme:entitlement:acme-principal-ad-d446521f-4a1b-4c2d~89167a797657,entitlement,acme,\N,\N,\N,\N,2027-04-03T15:06:30Z,\N,2027-04-04T09:56:31Z,\N,2,retract
acme:entitlement:acme-principal-wl-000076-48837099739f~f14380adebb7,entitlement,acme,\N,\N,\N,\N,2027-04-03T02:15:11Z,\N,2027-04-04T09:59:30Z,\N,2,retract
acme:entitlement:acme-principal-ad-a310b03f-4a1b-4c2d~0360cf1473df,entitlement,acme,\N,\N,\N,\N,2027-04-03T00:44:18Z,\N,2027-04-04T10:14:21Z,\N,2,retract
acme:entitlement:acme-principal-ad-1438803b-4a1b-4c2d~fa19473ddae3,entitlement,acme,\N,\N,\N,\N,2027-04-03T18:47:35Z,\N,2027-04-04T10:25:15Z,\N,2,retract
acme:entitlement:acme-principal-svc-aws-reg-1-az2-00125~4cacdfa7235b,entitlement,acme,\N,\N,\N,\N,2027-04-03T17:08:56Z,\N,2027-04-04T10:26:08Z,\N,2,retract
acme:entitlement:acme-principal-wl-000056-212c9b9ec695~d39242fb2e6d,entitlement,acme,\N,\N,\N,\N,2027-04-03T20:28:26Z,\N,2027-04-04T10:37:25Z,\N,2,retract
acme:entitlement:acme-principal-wl-000098-2e6146d1fa5f~c8d49fc6cca1,entitlement,acme,\N,\N,\N,\N,2027-04-03T12:15:07Z,\N,2027-04-04T10:52:00Z,\N,2,retract
acme:entitlement:acme-principal-svc-hq-00000~fdfb128489c6,entitlement,acme,\N,\N,\N,\N,2027-04-03T16:56:13Z,\N,2027-04-04T10:55:19Z,\N,2,retract
acme:entitlement:acme-principal-svc-aws-reg-3-az1-00063~838442ab9b38,entitlement,acme,\N,\N,\N,\N,2027-04-03T07:56:49Z,\N,2027-04-04T11:05:15Z,\N,2,retract
acme:entitlement:acme-principal-svc-hq-b1-f1-r1-00014~50d19dbf6fb5,entitlement,acme,\N,\N,\N,\N,2027-04-03T03:53:38Z,\N,2027-04-04T11:05:51Z,\N,2,retract
acme:entitlement:acme-principal-bg-0159-4686559e08b5~a33b96cb23ef,entitlement,acme,\N,\N,\N,\N,2027-04-03T12:37:44Z,\N,2027-04-04T11:15:41Z,\N,2,retract
acme:entitlement:acme-principal-svc-dc2-hall1-rack02~3e7cf233e00f,entitlement,acme,\N,\N,\N,\N,2027-04-03T23:19:53Z,\N,2027-04-04T11:28:36Z,\N,2,retract
acme:entitlement:acme-principal-ad-acf1c6e4-4a1b-4c2d~16f79344ec9d,entitlement,acme,\N,\N,\N,\N,2027-04-03T15:24:02Z,\N,2027-04-04T11:33:35Z,\N,2,retract
acme:entitlement:acme-principal-svc-dc2-hall1-rack03~688f93ee1083,entitlement,acme,\N,\N,\N,\N,2027-04-03T12:07:02Z,\N,2027-04-04T11:40:02Z,\N,2,retract
acme:entitlement:acme-principal-wl-000011-b76529368c19~1c2b4c1b7b3a,entitlement,acme,\N,\N,\N,\N,2027-04-03T20:02:44Z,\N,2027-04-04T11:40:10Z,\N,2,retract
acme:entitlement:acme-principal-wl-000095-4ad104d94f11~6b09c1c631bd,entitlement,acme,\N,\N,\N,\N,2027-04-03T09:26:56Z,\N,2027-04-04T11:41:34Z,\N,2,retract
acme:entitlement:acme-principal-svc-hq-dc1-f2-00075~05c7e3953f11,entitlement,acme,\N,\N,\N,\N,2027-04-03T13:30:48Z,\N,2027-04-04T11:43:34Z,\N,2,retract
acme:entitlement:acme-principal-ad-6fcf8a0d-4a1b-4c2d~421dfa56beb2,entitlement,acme,\N,\N,\N,\N,2027-04-03T00:39:53Z,\N,2027-04-04T11:51:53Z,\N,2,retract
acme:entitlement:acme-principal-ad-47c7dabe-4a1b-4c2d~6100bec58467,entitlement,acme,\N,\N,\N,\N,2027-04-03T20:17:09Z,\N,2027-04-04T12:00:22Z,\N,2,retract
acme:entitlement:acme-principal-ad-fa2caacf-4a1b-4c2d~ae95f78f269c,entitlement,acme,\N,\N,\N,\N,2027-04-03T20:23:08Z,\N,2027-04-04T12:01:25Z,\N,2,retract
acme:entitlement:acme-principal-svc-hq-dc1-f2-r1-00086~c917721416c0,entitlement,acme,\N,\N,\N,\N,2027-04-03T13:36:28Z,\N,2027-04-04T12:07:09Z,\N,2,retract
acme:entitlement:acme-principal-svc-aws-reg-1-az1-00124~1b5d47b0fdc8,entitlement,acme,\N,\N,\N,\N,2027-04-03T00:09:37Z,\N,2027-04-04T12:12:28Z,\N,2,retract
acme:entitlement:acme-principal-svc-aws-reg-3-az1-00063~4b74c060b690,entitlement,acme,\N,\N,\N,\N,2027-04-03T08:00:22Z,\N,2027-04-04T12:13:06Z,\N,2,retract
acme:entitlement:acme-principal-ad-a310b03f-4a1b-4c2d~cbdd305670e7,entitlement,acme,\N,\N,\N,\N,2027-04-03T16:04:47Z,\N,2027-04-04T12:30:52Z,\N,2,retract
acme:entitlement:acme-principal-ad-06f23028-4a1b-4c2d~7307fd036da5,entitlement,acme,\N,\N,\N,\N,2027-04-03T21:24:51Z,\N,2027-04-04T12:45:51Z,\N,2,retract
acme:entitlement:acme-principal-ad-d98c18f0-4a1b-4c2d~95f20f9fcd53,entitlement,acme,\N,\N,\N,\N,2027-04-03T16:25:21Z,\N,2027-04-04T12:51:54Z,\N,2,retract
acme:entitlement:acme-principal-svc-hq-00000~8d7dcc2a93ae,entitlement,acme,\N,\N,\N,\N,2027-04-03T12:11:32Z,\N,2027-04-04T13:01:45Z,\N,2,retract
acme:entitlement:acme-principal-wl-000095-4ad104d94f11~ccc1ec36eb3c,entitlement,acme,\N,\N,\N,\N,2027-04-03T08:26:02Z,\N,2027-04-04T13:08:36Z,\N,2,retract
acme:entitlement:acme-principal-svc-aws-reg-2-00119~bc7273bedb60,entitlement,acme,\N,\N,\N,\N,2027-04-03T18:13:57Z,\N,2027-04-04T13:09:59Z,\N,2,retract
acme:entitlement:acme-principal-svc-aws-reg-1-az1-00124~7bcd7790a78d,entitlement,acme,\N,\N,\N,\N,2027-04-03T19:03:59Z,\N,2027-04-04T13:16:29Z,\N,2,retract
acme:entitlement:acme-principal-svc-hq-b2-f1-r2-00147~78563cfe77ff,entitlement,acme,\N,\N,\N,\N,2027-04-03T05:32:39Z,\N,2027-04-04T13:17:06Z,\N,2,retract
acme:entitlement:acme-principal-svc-hq-b2-f1-00008~347264735e59,entitlement,acme,\N,\N,\N,\N,2027-04-03T04:16:57Z,\N,2027-04-04T13:17:20Z,\N,2,retract
acme:entitlement:acme-principal-wl-000057-3726748acbfe~8c76c4b01861,entitlement,acme,\N,\N,\N,\N,2027-04-03T09:05:40Z,\N,2027-04-04T13:23:34Z,\N,2,retract
acme:entitlement:acme-principal-svc-hq-b1-f1-r1-rack03~1908ac6ac641,entitlement,acme,\N,\N,\N,\N,2027-04-03T18:17:41Z,\N,2027-04-04T13:29:22Z,\N,2,retract
acme:entitlement:acme-principal-svc-hq-b2-f1-r2-00147~388f0857de43,entitlement,acme,\N,\N,\N,\N,2027-04-03T10:10:44Z,\N,2027-04-04T13:36:13Z,\N,2,retract
acme:entitlement:acme-principal-svc-hq-b1-f2-r1-00144~0081e1baf693,entitlement,acme,\N,\N,\N,\N,2027-04-03T06:18:39Z,\N,2027-04-04T13:37:41Z,\N,2,retract
acme:entitlement:acme-principal-wl-000046-4e8da99986d1~aef7a8ee5815,entitlement,acme,\N,\N,\N,\N,2027-04-03T23:00:43Z,\N,2027-04-04T13:41:16Z,\N,2,retract
acme:entitlement:acme-principal-svc-hq-b1-f1-r1-rack01~c342939f8694,entitlement,acme,\N,\N,\N,\N,2027-04-03T06:03:50Z,\N,2027-04-04T13:46:24Z,\N,2,retract
acme:entitlement:acme-principal-svc-dc2-hall1-rack03~026402260f9d,entitlement,acme,\N,\N,\N,\N,2027-04-03T04:29:33Z,\N,2027-04-04T13:59:10Z,\N,2,retract
acme:entitlement:acme-principal-wl-000076-48837099739f~d8ae21c416fc,entitlement,acme,\N,\N,\N,\N,2027-04-03T17:16:00Z,\N,2027-04-04T14:00:26Z,\N,2,retract
acme:entitlement:acme-principal-svc-hq-b1-f2-r1-00144~e3af13685327,entitlement,acme,\N,\N,\N,\N,2027-04-03T06:29:12Z,\N,2027-04-04T14:04:05Z,\N,2,retract
acme:entitlement:acme-principal-ad-388f6b6c-4a1b-4c2d~809d739b9972,entitlement,acme,\N,\N,\N,\N,2027-04-03T05:23:14Z,\N,2027-04-04T14:05:47Z,\N,2,retract
acme:entitlement:acme-principal-ad-b3742723-4a1b-4c2d~2ddecd2cbca7,entitlement,acme,\N,\N,\N,\N,2027-04-03T17:06:25Z,\N,2027-04-04T14:16:07Z,\N,2,retract
acme:entitlement:acme-principal-svc-hq-dc1-f2-r1-00086~cf4b9eb831f0,entitlement,acme,\N,\N,\N,\N,2027-04-03T13:54:38Z,\N,2027-04-04T14:22:26Z,\N,2,retract
acme:entitlement:acme-principal-svc-hq-b1-f2-r1-00144~5e07518f0472,entitlement,acme,\N,\N,\N,\N,2027-04-03T17:01:28Z,\N,2027-04-04T14:29:46Z,\N,2,retract
acme:entitlement:acme-principal-wl-000016-2c303189b68c~4dae94da61e1,entitlement,acme,\N,\N,\N,\N,2027-04-03T19:14:58Z,\N,2027-04-04T14:30:19Z,\N,2,retract
acme:entitlement:acme-principal-wl-000089-e88ca70df23f~b692bea08e66,entitlement,acme,\N,\N,\N,\N,2027-04-03T15:04:14Z,\N,2027-04-04T14:34:45Z,\N,2,retract
acme:entitlement:acme-principal-svc-hq-b1-00001~eb2f91f38f89,entitlement,acme,\N,\N,\N,\N,2027-04-03T11:06:53Z,\N,2027-04-04T14:35:02Z,\N,2,retract
acme:entitlement:acme-principal-wl-000141-ed8c9626ca9d~47a516e1cf9a,entitlement,acme,\N,\N,\N,\N,2027-04-03T12:13:47Z,\N,2027-04-04T14:37:11Z,\N,2,retract
acme:entitlement:acme-principal-ad-b3742723-4a1b-4c2d~69a4f6e81d26,entitlement,acme,\N,\N,\N,\N,2027-04-03T14:35:51Z,\N,2027-04-04T14:53:00Z,\N,2,retract
acme:entitlement:acme-principal-ad-c8886978-4a1b-4c2d~eeec3277bde8,entitlement,acme,\N,\N,\N,\N,2027-04-03T11:34:20Z,\N,2027-04-04T14:55:21Z,\N,2,retract
acme:entitlement:acme-principal-svc-hq-b1-f1-r1-rack01~93ab62f30b80,entitlement,acme,\N,\N,\N,\N,2027-04-03T19:53:34Z,\N,2027-04-04T15:07:03Z,\N,2,retract
acme:entitlement:acme-principal-svc-aws-reg-3-az1-00063~4fa59d28eccf,entitlement,acme,\N,\N,\N,\N,2027-04-03T18:24:02Z,\N,2027-04-04T15:14:01Z,\N,2,retract
acme:entitlement:acme-principal-wl-000024-57eb303d5b02~3edcf50ecad4,entitlement,acme,\N,\N,\N,\N,2027-04-03T07:28:35Z,\N,2027-04-04T15:16:38Z,\N,2,retract
acme:entitlement:acme-principal-wl-000066-4e9e196b6884~2ccc24afbb07,entitlement,acme,\N,\N,\N,\N,2027-04-03T08:52:50Z,\N,2027-04-04T15:20:36Z,\N,2,retract
acme:entitlement:acme-principal-svc-hq-b1-f1-r1-rack01~e6e0a2de87a6,entitlement,acme,\N,\N,\N,\N,2027-04-03T11:00:52Z,\N,2027-04-04T15:28:22Z,\N,2,retract
acme:entitlement:acme-principal-svc-remote-office-f1~3064bc23a9d8,entitlement,acme,\N,\N,\N,\N,2027-04-03T21:24:56Z,\N,2027-04-04T15:41:28Z,\N,2,retract
acme:entitlement:acme-principal-wl-000121-d60efc835dbf~0b56070670a4,entitlement,acme,\N,\N,\N,\N,2027-04-03T22:32:54Z,\N,2027-04-04T15:44:26Z,\N,2,retract
acme:entitlement:acme-principal-ad-0268e708-4a1b-4c2d~3403b6f57371,entitlement,acme,\N,\N,\N,\N,2027-04-03T19:58:19Z,\N,2027-04-04T15:48:04Z,\N,2,retract
acme:entitlement:acme-principal-ad-388f6b6c-4a1b-4c2d~b2834fcf028c,entitlement,acme,\N,\N,\N,\N,2027-04-03T02:56:40Z,\N,2027-04-04T15:50:08Z,\N,2,retract
acme:entitlement:acme-principal-ad-1438803b-4a1b-4c2d~75308df55698,entitlement,acme,\N,\N,\N,\N,2027-04-03T01:43:36Z,\N,2027-04-04T15:54:50Z,\N,2,retract
acme:entitlement:acme-principal-ad-acf1c6e4-4a1b-4c2d~432ae914ba2e,entitlement,acme,\N,\N,\N,\N,2027-04-03T21:27:34Z,\N,2027-04-04T16:00:50Z,\N,2,retract
acme:entitlement:acme-principal-svc-remote-office-f1~3eb0ea8875fd,entitlement,acme,\N,\N,\N,\N,2027-04-03T22:55:50Z,\N,2027-04-04T16:02:02Z,\N,2,retract
acme:entitlement:acme-principal-ad-a310b03f-4a1b-4c2d~b4fed27b17f2,entitlement,acme,\N,\N,\N,\N,2027-04-03T12:35:06Z,\N,2027-04-04T16:04:13Z,\N,2,retract
acme:entitlement:acme-principal-ad-b3742723-4a1b-4c2d~707dce6f1ef3,entitlement,acme,\N,\N,\N,\N,2027-04-03T08:55:48Z,\N,2027-04-04T16:07:38Z,\N,2,retract
acme:entitlement:acme-principal-svc-hq-dc1-f1-r1-00020~d5646690e36f,entitlement,acme,\N,\N,\N,\N,2027-04-03T19:38:39Z,\N,2027-04-04T16:16:17Z,\N,2,retract
acme:entitlement:acme-principal-ad-4c378159-4a1b-4c2d~b5ce427fe809,entitlement,acme,\N,\N,\N,\N,2027-04-03T00:56:40Z,\N,2027-04-04T16:17:45Z,\N,2,retract
acme:entitlement:acme-principal-svc-hq-dc1-f1-r1-00020~59e98af7f178,entitlement,acme,\N,\N,\N,\N,2027-04-03T16:26:12Z,\N,2027-04-04T16:19:23Z,\N,2,retract
acme:entitlement:acme-principal-svc-hq-b2-f1-00008~22ca45b1f729,entitlement,acme,\N,\N,\N,\N,2027-04-03T17:13:58Z,\N,2027-04-04T16:21:05Z,\N,2,retract
acme:entitlement:acme-principal-ad-5d9b6449-4a1b-4c2d~a00c413c0927,entitlement,acme,\N,\N,\N,\N,2027-04-03T09:03:07Z,\N,2027-04-04T16:31:01Z,\N,2,retract
acme:entitlement:acme-principal-svc-aws-reg-1-az2-00125~8ca2023a0d56,entitlement,acme,\N,\N,\N,\N,2027-04-03T21:02:11Z,\N,2027-04-04T16:31:06Z,\N,2,retract
acme:entitlement:acme-principal-wl-000057-3726748acbfe~2b48c1b99fc1,entitlement,acme,\N,\N,\N,\N,2027-04-03T06:20:09Z,\N,2027-04-04T16:52:14Z,\N,2,retract
acme:entitlement:acme-principal-wl-000134-d9ef441fe564~cf895dfad09d,entitlement,acme,\N,\N,\N,\N,2027-04-03T22:45:40Z,\N,2027-04-04T16:52:21Z,\N,2,retract
acme:entitlement:acme-principal-wl-000054-0e52a2deafb3~a45caad63816,entitlement,acme,\N,\N,\N,\N,2027-04-03T16:39:16Z,\N,2027-04-04T17:13:24Z,\N,2,retract
acme:entitlement:acme-principal-ad-5ae8a265-4a1b-4c2d~771ffc0ff049,entitlement,acme,\N,\N,\N,\N,2027-04-03T03:35:54Z,\N,2027-04-04T17:25:37Z,\N,2,retract
acme:entitlement:acme-principal-wl-000082-a3817a31f4bb~5f813270c6cf,entitlement,acme,\N,\N,\N,\N,2027-04-03T02:42:13Z,\N,2027-04-04T17:39:03Z,\N,2,retract
acme:entitlement:acme-principal-ad-91a59cbe-4a1b-4c2d~57861d003c96,entitlement,acme,\N,\N,\N,\N,2027-04-03T12:19:22Z,\N,2027-04-04T17:51:35Z,\N,2,retract
acme:entitlement:acme-principal-svc-hq-dc1-f2-r2-00087~72f8b8df477b,entitlement,acme,\N,\N,\N,\N,2027-04-03T01:00:15Z,\N,2027-04-04T17:52:39Z,\N,2,retract
acme:entitlement:acme-principal-ad-388f6b6c-4a1b-4c2d~e08a752680ed,entitlement,acme,\N,\N,\N,\N,2027-04-03T04:57:16Z,\N,2027-04-04T18:11:32Z,\N,2,retract
acme:entitlement:acme-principal-ad-8b8cebb7-4a1b-4c2d~6de9c9f9e16c,entitlement,acme,\N,\N,\N,\N,2027-04-03T23:23:46Z,\N,2027-04-04T18:15:17Z,\N,2,retract
acme:entitlement:acme-principal-wl-000030-dea5f8aedc0a~5fe4234f1d05,entitlement,acme,\N,\N,\N,\N,2027-04-03T09:01:35Z,\N,2027-04-04T18:19:18Z,\N,2,retract
acme:entitlement:acme-principal-ad-578f58a2-4a1b-4c2d~d180f3d8358f,entitlement,acme,\N,\N,\N,\N,2027-04-03T13:31:13Z,\N,2027-04-04T18:26:00Z,\N,2,retract
acme:entitlement:acme-principal-wl-000121-d60efc835dbf~4d20efb698a6,entitlement,acme,\N,\N,\N,\N,2027-04-03T19:23:09Z,\N,2027-04-04T18:26:22Z,\N,2,retract
acme:entitlement:acme-principal-svc-hq-b1-00129~77533dacdd27,entitlement,acme,\N,\N,\N,\N,2027-04-03T15:20:28Z,\N,2027-04-04T18:26:54Z,\N,2,retract
acme:entitlement:acme-principal-wl-000100-374124a994cd~df2667c3bb62,entitlement,acme,\N,\N,\N,\N,2027-04-03T05:31:54Z,\N,2027-04-04T18:27:02Z,\N,2,retract
acme:entitlement:acme-principal-wl-000100-374124a994cd~4440fa6c8470,entitlement,acme,\N,\N,\N,\N,2027-04-03T20:49:34Z,\N,2027-04-04T18:33:57Z,\N,2,retract
acme:entitlement:acme-principal-wl-000016-2c303189b68c~a23ef5966779,entitlement,acme,\N,\N,\N,\N,2027-04-03T11:42:03Z,\N,2027-04-04T18:36:12Z,\N,2,retract
acme:entitlement:acme-principal-wl-000098-2e6146d1fa5f~f9a8f5483d91,entitlement,acme,\N,\N,\N,\N,2027-04-03T02:39:58Z,\N,2027-04-04T18:43:54Z,\N,2,retract
acme:entitlement:acme-principal-svc-remote-office-f2~a0f266006595,entitlement,acme,\N,\N,\N,\N,2027-04-03T16:21:25Z,\N,2027-04-04T18:45:46Z,\N,2,retract
acme:entitlement:acme-principal-ad-a28ee2cb-4a1b-4c2d~ee20baa4b7fc,entitlement,acme,\N,\N,\N,\N,2027-04-03T06:58:50Z,\N,2027-04-04T18:46:00Z,\N,2,retract
acme:entitlement:acme-principal-svc-hq-00064~f801732853fd,entitlement,acme,\N,\N,\N,\N,2027-04-03T14:39:00Z,\N,2027-04-04T19:01:10Z,\N,2,retract
acme:entitlement:acme-principal-svc-hq-dc1-f1-r1-rack02~afef1d3a2460,entitlement,acme,\N,\N,\N,\N,2027-04-03T02:30:18Z,\N,2027-04-04T19:11:35Z,\N,2,retract
acme:entitlement:acme-principal-ad-52dba911-4a1b-4c2d~e4e4a0664368,entitlement,acme,\N,\N,\N,\N,2027-04-03T11:55:29Z,\N,2027-04-04T19:12:35Z,\N,2,retract
acme:entitlement:acme-principal-wl-000054-0e52a2deafb3~68feb294e830,entitlement,acme,\N,\N,\N,\N,2027-04-03T08:13:16Z,\N,2027-04-04T19:13:02Z,\N,2,retract
acme:entitlement:acme-principal-wl-000103-d23a73f1befc~ebbe6abe4d3e,entitlement,acme,\N,\N,\N,\N,2027-04-03T07:38:52Z,\N,2027-04-04T19:23:42Z,\N,2,retract
acme:entitlement:acme-principal-ad-1438803b-4a1b-4c2d~d46f88e10c11,entitlement,acme,\N,\N,\N,\N,2027-04-03T09:29:19Z,\N,2027-04-04T19:25:46Z,\N,2,retract
acme:entitlement:acme-principal-ad-105e46ce-4a1b-4c2d~d3c5aa1a1c07,entitlement,acme,\N,\N,\N,\N,2027-04-03T02:56:17Z,\N,2027-04-04T19:32:19Z,\N,2,retract
acme:entitlement:acme-principal-wl-000150-b32d66f5f549~6f064f224e31,entitlement,acme,\N,\N,\N,\N,2027-04-03T00:47:16Z,\N,2027-04-04T19:34:17Z,\N,2,retract
acme:entitlement:acme-principal-svc-hq-dc1-f1-r1-00020~e55fdd9af0fa,entitlement,acme,\N,\N,\N,\N,2027-04-03T05:19:34Z,\N,2027-04-04T19:35:08Z,\N,2,retract
acme:entitlement:acme-principal-wl-000104-e95b9fec2728~5796c3bab74d,entitlement,acme,\N,\N,\N,\N,2027-04-03T15:01:43Z,\N,2027-04-04T19:50:10Z,\N,2,retract
acme:entitlement:acme-principal-ad-0268e708-4a1b-4c2d~39b1f1a44055,entitlement,acme,\N,\N,\N,\N,2027-04-03T04:09:49Z,\N,2027-04-04T19:57:35Z,\N,2,retract
acme:entitlement:acme-principal-svc-hq-b1-f1-00070~75758f0995f8,entitlement,acme,\N,\N,\N,\N,2027-04-03T02:09:00Z,\N,2027-04-04T20:07:59Z,\N,2,retract
acme:entitlement:acme-principal-ad-8b8cebb7-4a1b-4c2d~9e7de17b8d69,entitlement,acme,\N,\N,\N,\N,2027-04-03T20:50:24Z,\N,2027-04-04T20:09:23Z,\N,2,retract
acme:entitlement:acme-principal-svc-hq-dc1-f1-r1-rack02~0a8e370bb362,entitlement,acme,\N,\N,\N,\N,2027-04-03T17:31:54Z,\N,2027-04-04T20:16:58Z,\N,2,retract
acme:entitlement:acme-principal-svc-hq-dc1-00131~779a69461676,entitlement,acme,\N,\N,\N,\N,2027-04-03T10:48:23Z,\N,2027-04-04T20:18:54Z,\N,2,retract
acme:entitlement:acme-principal-wl-000089-e88ca70df23f~07a035131ac1,entitlement,acme,\N,\N,\N,\N,2027-04-03T12:50:24Z,\N,2027-04-04T20:19:57Z,\N,2,retract
acme:entitlement:acme-principal-svc-hq-00000~579fc019aae3,entitlement,acme,\N,\N,\N,\N,2027-04-03T08:11:59Z,\N,2027-04-04T20:24:20Z,\N,2,retract
acme:entitlement:acme-principal-wl-000059-7a181f9a7d31~d8c097f4d1f2,entitlement,acme,\N,\N,\N,\N,2027-04-03T03:28:53Z,\N,2027-04-04T20:33:23Z,\N,2,retract
acme:entitlement:acme-principal-ad-c8886978-4a1b-4c2d~e94130613c24,entitlement,acme,\N,\N,\N,\N,2027-04-03T20:46:59Z,\N,2027-04-04T20:35:08Z,\N,2,retract
acme:entitlement:acme-principal-ad-1ffbce61-4a1b-4c2d~0022e9891938,entitlement,acme,\N,\N,\N,\N,2027-04-03T08:08:26Z,\N,2027-04-04T20:40:07Z,\N,2,retract
acme:entitlement:acme-principal-svc-hq-dc2-00068~790e905e9dda,entitlement,acme,\N,\N,\N,\N,2027-04-03T08:33:19Z,\N,2027-04-04T20:42:05Z,\N,2,retract
acme:entitlement:acme-principal-ad-4cca5c22-4a1b-4c2d~78603bc4ed32,entitlement,acme,\N,\N,\N,\N,2027-04-03T10:51:41Z,\N,2027-04-04T21:07:00Z,\N,2,retract
acme:entitlement:acme-principal-svc-hq-dc1-f2-00075~1d228516444f,entitlement,acme,\N,\N,\N,\N,2027-04-03T04:00:33Z,\N,2027-04-04T21:09:53Z,\N,2,retract
acme:entitlement:acme-principal-wl-000026-819b875d12d2~79e60392b1c9,entitlement,acme,\N,\N,\N,\N,2027-04-03T04:38:00Z,\N,2027-04-04T21:11:38Z,\N,2,retract
acme:entitlement:acme-principal-wl-000011-b76529368c19~0b1d178ee7a2,entitlement,acme,\N,\N,\N,\N,2027-04-03T05:51:04Z,\N,2027-04-04T21:16:19Z,\N,2,retract
acme:entitlement:acme-principal-svc-hq-b1-f1-00006~408809c377b9,entitlement,acme,\N,\N,\N,\N,2027-04-03T03:05:33Z,\N,2027-04-04T21:17:32Z,\N,2,retract
acme:entitlement:acme-principal-svc-hq-dc2-f1-00012~ac368ee4fa74,entitlement,acme,\N,\N,\N,\N,2027-04-03T06:40:42Z,\N,2027-04-04T21:25:09Z,\N,2,retract
acme:entitlement:acme-principal-svc-hq-b2-00002~adada8403429,entitlement,acme,\N,\N,\N,\N,2027-04-03T20:14:26Z,\N,2027-04-04T21:39:56Z,\N,2,retract
acme:entitlement:acme-principal-svc-aws-reg-3-az1-00063~d2b455a0caaf,entitlement,acme,\N,\N,\N,\N,2027-04-03T04:34:17Z,\N,2027-04-04T21:48:27Z,\N,2,retract
acme:entitlement:acme-principal-ad-b3742723-4a1b-4c2d~238fa52b3b10,entitlement,acme,\N,\N,\N,\N,2027-04-03T18:30:23Z,\N,2027-04-04T21:54:40Z,\N,2,retract
acme:entitlement:acme-principal-ad-1ffbce61-4a1b-4c2d~b34c4aa05d68,entitlement,acme,\N,\N,\N,\N,2027-04-03T09:54:21Z,\N,2027-04-04T21:56:26Z,\N,2,retract
acme:entitlement:acme-principal-ad-c2a0a94e-4a1b-4c2d~198c05f5669a,entitlement,acme,\N,\N,\N,\N,2027-04-03T01:38:19Z,\N,2027-04-04T22:02:06Z,\N,2,retract
acme:entitlement:acme-principal-svc-remote-office-f1~d924506f6f63,entitlement,acme,\N,\N,\N,\N,2027-04-03T07:55:43Z,\N,2027-04-04T22:11:19Z,\N,2,retract
acme:entitlement:acme-principal-svc-hq-b2-f1-r2-00147~53b49d59cc8d,entitlement,acme,\N,\N,\N,\N,2027-04-03T00:12:45Z,\N,2027-04-04T22:14:04Z,\N,2,retract
acme:entitlement:acme-principal-ad-4c378159-4a1b-4c2d~5c1efbd0fddb,entitlement,acme,\N,\N,\N,\N,2027-04-03T18:29:17Z,\N,2027-04-04T22:14:47Z,\N,2,retract
acme:entitlement:acme-principal-svc-hq-dc1-f1-r1-rack02~b1591a4ffb22,entitlement,acme,\N,\N,\N,\N,2027-04-03T09:38:03Z,\N,2027-04-04T22:17:17Z,\N,2,retract
acme:entitlement:acme-principal-wl-000026-819b875d12d2~4a34031d87ca,entitlement,acme,\N,\N,\N,\N,2027-04-03T15:03:43Z,\N,2027-04-04T22:20:06Z,\N,2,retract
acme:entitlement:acme-principal-svc-aws-reg-3-az1-00063~13fd5d871539,entitlement,acme,\N,\N,\N,\N,2027-04-03T06:30:42Z,\N,2027-04-04T22:24:38Z,\N,2,retract
acme:entitlement:acme-principal-svc-hq-b2-f2-00073~4840d3984a52,entitlement,acme,\N,\N,\N,\N,2027-04-03T08:04:27Z,\N,2027-04-04T22:34:39Z,\N,2,retract
acme:entitlement:acme-principal-ad-578f58a2-4a1b-4c2d~1f3f11795042,entitlement,acme,\N,\N,\N,\N,2027-04-03T20:57:23Z,\N,2027-04-04T22:37:53Z,\N,2,retract
acme:entitlement:acme-principal-svc-hq-b2-f1-r2-00083~0d800bc2c5cf,entitlement,acme,\N,\N,\N,\N,2027-04-03T13:58:50Z,\N,2027-04-04T22:47:22Z,\N,2,retract
acme:entitlement:acme-principal-ad-06f23028-4a1b-4c2d~29ab658ac93f,entitlement,acme,\N,\N,\N,\N,2027-04-03T19:14:25Z,\N,2027-04-04T22:55:32Z,\N,2,retract
acme:entitlement:acme-principal-ad-d446521f-4a1b-4c2d~d48e329c675f,entitlement,acme,\N,\N,\N,\N,2027-04-03T03:06:34Z,\N,2027-04-04T23:12:17Z,\N,2,retract
acme:entitlement:acme-principal-svc-hq-dc1-f2-r1-rack02~d73c76df7bbf,entitlement,acme,\N,\N,\N,\N,2027-04-03T13:06:27Z,\N,2027-04-04T23:19:15Z,\N,2,retract
acme:entitlement:acme-principal-svc-hq-dc1-f1-00138~400d3a010371,entitlement,acme,\N,\N,\N,\N,2027-04-03T22:40:50Z,\N,2027-04-04T23:25:03Z,\N,2,retract
acme:entitlement:acme-principal-ad-4cca5c22-4a1b-4c2d~944b157ecfa0,entitlement,acme,\N,\N,\N,\N,2027-04-03T19:07:30Z,\N,2027-04-04T23:37:16Z,\N,2,retract
acme:entitlement:acme-principal-svc-hq-b1-f1-00006~bd5556ce6fbe,entitlement,acme,\N,\N,\N,\N,2027-04-03T01:35:58Z,\N,2027-04-04T23:37:16Z,\N,2,retract
acme:entitlement:acme-principal-svc-dc2-hall1-rack01~107e8275da4d,entitlement,acme,\N,\N,\N,\N,2027-04-03T13:44:49Z,\N,2027-04-04T23:38:36Z,\N,2,retract
acme:entitlement:acme-principal-wl-000026-819b875d12d2~a078a6944fd5,entitlement,acme,\N,\N,\N,\N,2027-04-03T02:41:42Z,\N,2027-04-04T23:43:15Z,\N,2,retract
acme:entitlement:acme-principal-svc-aws-reg-2-00119~08300d5cd935,entitlement,acme,\N,\N,\N,\N,2027-04-03T07:42:36Z,\N,2027-04-04T23:48:09Z,\N,2,retract
acme:entitlement:acme-principal-svc-hq-00000~1e1429d86ecb,entitlement,acme,\N,\N,\N,\N,2027-04-03T11:52:30Z,\N,2027-04-04T23:51:49Z,\N,2,retract
acme:entitlement:acme-principal-svc-dc2-hall2-rack03~3340d651baa7,entitlement,acme,\N,\N,\N,\N,2027-04-03T00:13:36Z,\N,2027-04-04T23:56:51Z,\N,2,retract
acme:entitlement:acme-principal-ad-acf1c6e4-4a1b-4c2d~34e043dbdd47,entitlement,acme,\N,\N,\N,\N,2027-04-03T16:28:05Z,\N,2027-04-04T23:57:07Z,\N,2,retract
