entity_id,entity_type,organization_id,source_system,observed_at,kind,subject,severity,confidence,valid_from,valid_to,system_from,system_to,revision,operation
acme:observation:acme-source-system-cmdb-primary~1dc5de9fa067,observation,acme,acme:source_system:cmdb-primary~c902d8335625,2027-03-09T04:37:38Z,penetration_test,acme:ip_address:172-16-40-115~6e6062103386,high,0.60,2027-03-09T04:37:38Z,\N,2027-03-09T04:37:38Z,\N,1,assert
acme:observation:acme-source-system-cmdb-dc2-legacy~e8d63be53c25,observation,acme,acme:source_system:cmdb-dc2-legacy~4c63646d6078,2027-03-09T19:12:36Z,vulnerability,acme:software_installation:acme-compute-node-end-0000105~d5851ce06783,medium,0.95,2027-03-09T19:12:36Z,\N,2027-03-09T19:12:36Z,\N,1,assert
acme:observation:acme-source-system-hr-workday~0623efa09220,observation,acme,acme:source_system:hr-workday~1390a88c18f8,2027-03-09T02:30:55Z,vulnerability,acme:network_segment:172-16-43-0-24~6fde6a75f162,medium,0.95,2027-03-09T02:30:55Z,\N,2027-03-09T02:30:55Z,\N,1,assert
acme:observation:acme-source-system-sweep-active~08a78b7f6f2d,observation,acme,acme:source_system:sweep-active~109a94e8519c,2027-03-09T07:43:44Z,vulnerability,acme:software_installation:acme-compute-node-end-0000470~08d4e69ebce6,medium,0.80,2027-03-09T07:43:44Z,\N,2027-03-09T07:43:44Z,\N,1,assert
acme:observation:acme-source-system-scanner-vuln~896c001b0b94,observation,acme,acme:source_system:scanner-vuln~5e912e477c14,2027-03-09T14:14:00Z,configuration,acme:software_installation:acme-compute-node-end-0000186~713693f1e5ee,informational,0.95,2027-03-09T14:14:00Z,\N,2027-03-09T14:14:00Z,\N,1,assert
acme:observation:acme-source-system-walkdown-sites~af18060707f0,observation,acme,acme:source_system:walkdown-sites~d4fc30691224,2027-03-09T04:23:32Z,configuration,acme:compute_node:end-0000061~3f3128297c02,medium,0.80,2027-03-09T04:23:32Z,\N,2027-03-09T04:23:32Z,\N,1,assert
acme:observation:acme-source-system-vcenter-readonly~374aa4c554a3,observation,acme,acme:source_system:vcenter-readonly~b602e829e731,2027-03-09T06:32:31Z,channel_defect,acme:access_rule:rule-000020~7175a591ba43,medium,0.95,2027-03-09T06:32:31Z,\N,2027-03-09T06:32:31Z,\N,1,assert
acme:observation:acme-source-system-scanner-vuln~589fadd5166d,observation,acme,acme:source_system:scanner-vuln~5e912e477c14,2027-03-09T05:58:49Z,vulnerability,acme:certificate:remote-office-f2-r1-acme-example~94b6196b9afb,high,0.60,2027-03-09T05:58:49Z,\N,2027-03-09T05:58:49Z,\N,1,assert
acme:observation:acme-source-system-iam-corp~a938524b6e2c,observation,acme,acme:source_system:iam-corp~09e42672555d,2027-03-09T22:00:24Z,exposure,acme:access_rule:rule-000036~1a66116be323,critical,0.80,2027-03-09T22:00:24Z,\N,2027-03-09T22:00:24Z,\N,1,assert
acme:observation:acme-source-system-scanner-vuln~835224808ee7,observation,acme,acme:source_system:scanner-vuln~5e912e477c14,2027-03-09T18:37:48Z,vulnerability,acme:network_segment:10-107-0-0-24~2515f407c09c,critical,0.80,2027-03-09T18:37:48Z,\N,2027-03-09T18:37:48Z,\N,1,assert
acme:observation:acme-source-system-pentest-external~8b5422250aaf,observation,acme,acme:source_system:pentest-external~ae7acfd1ffac,2027-03-09T17:47:00Z,vulnerability,acme:ip_address:172-16-40-73~e9c9f23550d2,low,0.80,2027-03-09T17:47:00Z,\N,2027-03-09T17:47:00Z,\N,1,assert
acme:observation:acme-source-system-hr-workday~8bcb5ffb04fa,observation,acme,acme:source_system:hr-workday~1390a88c18f8,2027-03-09T23:42:40Z,configuration,acme:compute_node:end-0000101~6f4b26372bf0,high,0.95,2027-03-09T23:42:40Z,\N,2027-03-09T23:42:40Z,\N,1,assert
acme:observation:acme-source-system-flow-netflow~e181b6956990,observation,acme,acme:source_system:flow-netflow~69050d4209de,2027-03-09T23:09:00Z,configuration,acme:software_installation:acme-compute-node-end-0000317~3ccca14fbdbd,high,0.95,2027-03-09T23:09:00Z,\N,2027-03-09T23:09:00Z,\N,1,assert
acme:observation:acme-source-system-flow-netflow~177f1ff8ea28,observation,acme,acme:source_system:flow-netflow~69050d4209de,2027-03-09T17:02:06Z,policy_deviation,acme:access_rule:rule-000042~967e17528da1,low,0.80,2027-03-09T17:02:06Z,\N,2027-03-09T17:02:06Z,\N,1,assert
acme:observation:acme-source-system-cmdb-dc2-legacy~ca8285e0282e,observation,acme,acme:source_system:cmdb-dc2-legacy~4c63646d6078,2027-03-09T11:23:44Z,policy_deviation,acme:software_installation:acme-compute-node-vir-0000004~d513cdb1be4b,high,0.60,2027-03-09T11:23:44Z,\N,2027-03-09T11:23:44Z,\N,1,assert
acme:observation:acme-source-system-flow-netflow~1ba96ef9f707,observation,acme,acme:source_system:flow-netflow~69050d4209de,2027-03-09T02:06:35Z,vulnerability,acme:network_segment:10-60-5-0-24~d20697c485fb,high,0.95,2027-03-09T02:06:35Z,\N,2027-03-09T02:06:35Z,\N,1,assert
acme:observation:acme-source-system-pentest-external~96340e9624db,observation,acme,acme:source_system:pentest-external~ae7acfd1ffac,2027-03-09T08:54:44Z,audit_exception,acme:entitlement:acme-principal-svc-hq-b1-00001~e7d60dc67edd,high,0.95,2027-03-09T08:54:44Z,\N,2027-03-10T10:04:41Z,\N,1,assert
acme:observation:acme-source-system-cmdb-contractor~57abdb511c26,observation,acme,acme:source_system:cmdb-contractor~29997cbbc3a1,2027-03-09T21:32:12Z,vulnerability,acme:software_installation:acme-compute-node-end-0000273~3e76e9341629,medium,0.60,2027-03-09T21:32:12Z,\N,2027-03-10T09:41:12Z,\N,1,assert
acme:observation:acme-source-system-cmdb-primary~33657b6c9d9b,observation,acme,acme:source_system:cmdb-primary~c902d8335625,2027-03-09T13:53:45Z,policy_deviation,acme:compute_node:end-0000316~f66f1592cd16,medium,0.80,2027-03-09T13:53:45Z,\N,2027-03-10T18:40:50Z,\N,1,assert
acme:observation:acme-source-system-pentest-external~b4d3fab93d82,observation,acme,acme:source_system:pentest-external~ae7acfd1ffac,2027-03-09T09:15:38Z,penetration_test,acme:data_store:store-00025~2cb22659d4cb,high,0.60,2027-03-09T09:15:38Z,\N,2027-03-10T14:38:08Z,\N,1,assert
acme:observation:acme-source-system-cmdb-contractor~5f6352c14d45,observation,acme,acme:source_system:cmdb-contractor~29997cbbc3a1,2027-03-09T07:36:24Z,policy_deviation,acme:compute_node:end-0000181~fe7b7c10ee24,informational,0.95,2027-03-09T07:36:24Z,\N,2027-03-10T09:04:26Z,\N,1,assert
acme:observation:acme-source-system-flow-netflow~8c266c5050a7,observation,acme,acme:source_system:flow-netflow~69050d4209de,2027-03-09T02:16:33Z,malware,acme:access_rule:rule-000027~20e297207222,low,0.95,2027-03-09T02:16:33Z,\N,2027-03-10T21:30:00Z,\N,1,assert
acme:observation:acme-source-system-vcenter-readonly~457cd7328d63,observation,acme,acme:source_system:vcenter-readonly~b602e829e731,2027-03-09T06:54:38Z,configuration,acme:certificate:dc2-hall3-acme-example-abafff2ed4ac~cd492c55a7af,low,0.80,2027-03-09T06:54:38Z,\N,2027-03-10T16:37:34Z,\N,1,assert
acme:observation:acme-source-system-vcenter-readonly~d95cb0fc581e,observation,acme,acme:source_system:vcenter-readonly~b602e829e731,2027-03-09T13:07:20Z,policy_deviation,acme:software_installation:acme-compute-node-end-0000429~b2500c9d820d,critical,0.60,2027-03-09T13:07:20Z,\N,2027-03-10T00:06:02Z,\N,1,assert
acme:observation:acme-source-system-iam-emea~09b7b874a7a2,observation,acme,acme:source_system:iam-emea~165ad3d676e1,2027-03-09T10:25:24Z,configuration,acme:service:svc-000143~616a63dd4b9e,informational,0.95,2027-03-09T10:25:24Z,\N,2027-03-11T21:39:54Z,\N,1,assert
acme:observation:acme-source-system-cmdb-dc2-legacy~3f90d17121f0,observation,acme,acme:source_system:cmdb-dc2-legacy~4c63646d6078,2027-03-09T18:24:45Z,vulnerability,acme:compute_node:end-0000509~2ff4e28347d3,informational,0.80,2027-03-09T18:24:45Z,\N,2027-03-11T11:17:47Z,\N,1,assert
acme:observation:acme-source-system-ticket-bridge~4f9bc2b504b4,observation,acme,acme:source_system:ticket-bridge~77ac6940d0b4,2027-03-09T21:30:46Z,channel_defect,acme:certificate:dc2-hall2-rack03-acme-example~4bb061d79214,low,0.80,2027-03-09T21:30:46Z,\N,2027-03-11T09:57:00Z,\N,1,assert
acme:observation:acme-source-system-scanner-vuln~b36edb84b38e,observation,acme,acme:source_system:scanner-vuln~5e912e477c14,2027-03-09T16:08:49Z,vulnerability,acme:compute_node:end-0000287~bca29b0af581,medium,0.60,2027-03-09T16:08:49Z,\N,2027-03-11T22:08:45Z,\N,1,assert
acme:observation:acme-source-system-walkdown-sites~bb99a352f9e3,observation,acme,acme:source_system:walkdown-sites~d4fc30691224,2027-03-09T05:49:39Z,policy_deviation,acme:access_rule:rule-000041~2fd2dff8c1a2,informational,0.95,2027-03-09T05:49:39Z,\N,2027-03-11T01:03:42Z,\N,1,assert
acme:observation:acme-source-system-iam-emea~7d917c7ff6fd,observation,acme,acme:source_system:iam-emea~165ad3d676e1,2027-03-09T22:06:34Z,vulnerability,acme:service:svc-000090~447d90b08b86,low,0.60,2027-03-09T22:06:34Z,\N,2027-03-11T09:05:57Z,\N,1,assert
acme:observation:acme-source-system-cmdb-contractor~3d3adae67719,observation,acme,acme:source_system:cmdb-contractor~29997cbbc3a1,2027-03-09T01:21:34Z,policy_deviation,acme:ip_address:10-106-0-225~14066a3ec3f5,low,0.40,2027-03-09T01:21:34Z,\N,2027-03-11T03:00:25Z,\N,1,assert
acme:observation:acme-source-system-sweep-active~3b1d3b6bcce2,observation,acme,acme:source_system:sweep-active~109a94e8519c,2027-03-09T08:23:26Z,vulnerability,acme:ip_address:10-106-0-234~01fd86036c2a,medium,0.60,2027-03-09T08:23:26Z,\N,2027-03-12T13:33:03Z,\N,1,assert
acme:observation:acme-source-system-cmdb-primary~3f44ff4c34e9,observation,acme,acme:source_system:cmdb-primary~c902d8335625,2027-03-09T00:15:42Z,policy_deviation,acme:certificate:hq-b2-f1-r2-acme-example-f57313ecf1f1~8a1b408a4729,high,0.80,2027-03-09T00:15:42Z,\N,2027-03-12T11:17:51Z,\N,1,assert
acme:observation:acme-source-system-walkdown-sites~3e77864ea1ae,observation,acme,acme:source_system:walkdown-sites~d4fc30691224,2027-03-09T13:36:26Z,vulnerability,acme:compute_node:end-0000255~52e6b0a1e9e9,low,0.80,2027-03-09T13:36:26Z,\N,2027-03-12T01:12:01Z,\N,1,assert
acme:observation:acme-source-system-ticket-bridge~712f08268caa,observation,acme,acme:source_system:ticket-bridge~77ac6940d0b4,2027-03-09T16:43:24Z,vulnerability,acme:software_installation:acme-compute-node-end-0000067~db7c7c8bc094,medium,0.60,2027-03-09T16:43:24Z,\N,2027-03-12T20:58:43Z,\N,1,assert
acme:observation:acme-source-system-cmdb-primary~bad26286ea1f,observation,acme,acme:source_system:cmdb-primary~c902d8335625,2027-03-09T10:20:57Z,vulnerability,acme:compute_node:end-0000061~3f3128297c02,medium,0.60,2027-03-09T10:20:57Z,\N,2027-03-12T10:02:52Z,\N,1,assert
acme:observation:acme-source-system-cmdb-primary~a53a9ff83e52,observation,acme,acme:source_system:cmdb-primary~c902d8335625,2027-03-09T07:14:22Z,policy_deviation,acme:compute_node:end-0000420~e4c2bb0d9cda,low,0.40,2027-03-09T07:14:22Z,\N,2027-03-12T02:50:07Z,\N,1,assert
acme:observation:acme-source-system-iam-emea~7f9b0842eb68,observation,acme,acme:source_system:iam-emea~165ad3d676e1,2027-03-09T19:59:00Z,policy_deviation,acme:software_installation:acme-compute-node-end-0000154~260ba89fd76e,medium,0.95,2027-03-09T19:59:00Z,\N,2027-03-13T08:28:00Z,\N,1,assert
acme:observation:acme-source-system-scanner-vuln~2f98b0d14337,observation,acme,acme:source_system:scanner-vuln~5e912e477c14,2027-03-09T00:16:50Z,policy_deviation,acme:software_installation:acme-compute-node-end-0000225~e62b28c861ac,critical,0.60,2027-03-09T00:16:50Z,\N,2027-03-13T06:33:38Z,\N,1,assert
acme:observation:acme-source-system-iam-emea~7d0d884c4af2,observation,acme,acme:source_system:iam-emea~165ad3d676e1,2027-03-09T09:10:01Z,vulnerability,acme:software_installation:acme-compute-node-end-0000593~e6bdf39dcf5a,medium,0.80,2027-03-09T09:10:01Z,\N,2027-03-13T01:55:00Z,\N,1,assert
acme:observation:acme-source-system-walkdown-sites~d4fdc9cae34e,observation,acme,acme:source_system:walkdown-sites~d4fc30691224,2027-03-09T19:21:12Z,exposure,acme:software_installation:acme-compute-node-end-0000534~e826423322d1,informational,0.95,2027-03-09T19:21:12Z,\N,2027-03-13T06:56:05Z,\N,1,assert
acme:observation:acme-source-system-vcenter-readonly~d2af21befa1b,observation,acme,acme:source_system:vcenter-readonly~b602e829e731,2027-03-09T07:48:42Z,exposure,acme:entitlement:acme-principal-svc-hq-b1-f1-00070~75758f0995f8,low,0.95,2027-03-09T07:48:42Z,\N,2027-03-13T19:44:10Z,\N,1,assert
acme:observation:acme-source-system-aws-org-control~9759b4c780b4,observation,acme,acme:source_system:aws-org-control-tower~b5c83222a3f6,2027-03-09T02:58:52Z,policy_deviation,acme:aws.aws_subscription:s-700000000000~ddc8a5db893a,low,0.95,2027-03-09T02:58:52Z,\N,2027-03-13T22:36:29Z,\N,1,assert
acme:observation:acme-source-system-sweep-active~5320bc92a971,observation,acme,acme:source_system:sweep-active~109a94e8519c,2027-03-09T23:04:02Z,exposure,acme:certificate:hq-b1-f2-r1-acme-example-d6928e7d03da~482bbb0d2948,low,0.95,2027-03-09T23:04:02Z,\N,2027-03-13T20:51:54Z,\N,1,assert
acme:observation:acme-source-system-iam-corp~36046cce9aad,observation,acme,acme:source_system:iam-corp~09e42672555d,2027-03-09T22:20:02Z,malware,acme:software_installation:acme-compute-node-con-0000121~2ea38fc36b61,high,0.95,2027-03-09T22:20:02Z,\N,2027-03-13T04:33:22Z,\N,1,assert
acme:observation:acme-source-system-sweep-active~4f27c52f6902,observation,acme,acme:source_system:sweep-active~109a94e8519c,2027-03-09T02:59:20Z,exposure,acme:ip_address:172-16-40-198~4e7fce5acbc7,medium,0.95,2027-03-09T02:59:20Z,\N,2027-03-13T11:24:18Z,\N,1,assert
acme:observation:acme-source-system-pentest-external~2c1c540c7060,observation,acme,acme:source_system:pentest-external~ae7acfd1ffac,2027-03-09T12:47:32Z,malware,acme:access_rule:rule-000018~dd3e596a6a90,critical,0.95,2027-03-09T12:47:32Z,\N,2027-03-13T15:03:19Z,\N,1,assert
acme:observation:acme-source-system-scanner-vuln~b810057a1486,observation,acme,acme:source_system:scanner-vuln~5e912e477c14,2027-03-09T11:40:52Z,vulnerability,acme:data_store:store-00039~c1346766e9e9,medium,0.95,2027-03-09T11:40:52Z,\N,2027-03-14T18:55:41Z,\N,1,assert
acme:observation:acme-source-system-cmdb-dc2-legacy~6fafbc23d33d,observation,acme,acme:source_system:cmdb-dc2-legacy~4c63646d6078,2027-03-09T18:09:54Z,configuration,acme:certificate:dc2-hall3-acme-example-abafff2ed4ac~cd492c55a7af,critical,0.80,2027-03-09T18:09:54Z,\N,2027-03-14T14:07:42Z,\N,1,assert
acme:observation:acme-source-system-iam-corp~05e08c973b20,observation,acme,acme:source_system:iam-corp~09e42672555d,2027-03-09T03:38:14Z,exposure,acme:access_rule:rule-000037~b310ddae8b93,medium,0.80,2027-03-09T03:38:14Z,\N,2027-03-14T22:52:54Z,\N,1,assert
acme:observation:acme-source-system-vcenter-readonly~100dc86c1128,observation,acme,acme:source_system:vcenter-readonly~b602e829e731,2027-03-09T18:03:17Z,exposure,acme:ip_address:10-106-0-12~af2f0ea51e61,high,0.80,2027-03-09T18:03:17Z,\N,2027-03-14T01:28:17Z,\N,1,assert
acme:observation:acme-source-system-cmdb-dc2-legacy~0e3d0fd7bb81,observation,acme,acme:source_system:cmdb-dc2-legacy~4c63646d6078,2027-03-09T18:34:08Z,configuration,acme:compute_node:end-0000199~c81560863470,high,0.40,2027-03-09T18:34:08Z,\N,2027-03-14T16:27:31Z,\N,1,assert
acme:observation:acme-source-system-hr-workday~e3eeeff8e835,observation,acme,acme:source_system:hr-workday~1390a88c18f8,2027-03-09T23:04:11Z,configuration,acme:compute_node:end-0000041~c65908af5457,high,0.95,2027-03-09T23:04:11Z,\N,2027-03-14T14:12:57Z,\N,1,assert
acme:observation:acme-source-system-pentest-external~b0b7ece9b5dd,observation,acme,acme:source_system:pentest-external~ae7acfd1ffac,2027-03-09T22:19:25Z,vulnerability,acme:software_installation:acme-compute-node-end-0000015~91c2056fe9d8,low,0.95,2027-03-09T22:19:25Z,\N,2027-03-14T11:54:57Z,\N,1,assert
acme:observation:acme-source-system-cmdb-contractor~57622ddff2d6,observation,acme,acme:source_system:cmdb-contractor~29997cbbc3a1,2027-03-09T23:04:40Z,configuration,acme:certificate:aws-reg-1-az2-acme-example-797ac3be540b~d7dec86ee9dc,medium,0.60,2027-03-09T23:04:40Z,\N,2027-03-14T23:57:16Z,\N,1,assert
acme:observation:acme-source-system-hr-workday~f21d1ab7700b,observation,acme,acme:source_system:hr-workday~1390a88c18f8,2027-03-09T06:05:12Z,malware,acme:access_rule:rule-000020~7175a591ba43,medium,0.60,2027-03-09T06:05:12Z,\N,2027-03-14T07:59:22Z,\N,1,assert
acme:observation:acme-source-system-iam-corp~e1bf028a4df8,observation,acme,acme:source_system:iam-corp~09e42672555d,2027-03-09T10:00:04Z,configuration,acme:access_rule:rule-000041~2fd2dff8c1a2,high,0.80,2027-03-09T10:00:04Z,\N,2027-03-14T00:41:50Z,\N,1,assert
acme:observation:acme-source-system-scanner-vuln~46cf86abd5cf,observation,acme,acme:source_system:scanner-vuln~5e912e477c14,2027-03-09T15:31:46Z,policy_deviation,acme:software_installation:acme-compute-node-con-0000117~b24f7057db7d,low,0.95,2027-03-09T15:31:46Z,\N,2027-03-14T00:25:11Z,\N,1,assert
acme:observation:acme-source-system-aws-org-control~5bcee3eda22a,observation,acme,acme:source_system:aws-org-control-tower~b5c83222a3f6,2027-03-09T13:20:59Z,vulnerability,acme:network_segment:10-60-5-0-24~d20697c485fb,informational,0.80,2027-03-09T13:20:59Z,\N,2027-03-14T14:29:09Z,\N,1,assert
acme:observation:acme-source-system-ticket-bridge~dbff109652e8,observation,acme,acme:source_system:ticket-bridge~77ac6940d0b4,2027-03-09T13:43:55Z,vulnerability,acme:compute_node:end-0000336~bbcaa42f216d,medium,0.95,2027-03-09T13:43:55Z,\N,2027-03-15T17:27:38Z,\N,1,assert
acme:observation:acme-source-system-hr-workday~ad7e553223b2,observation,acme,acme:source_system:hr-workday~1390a88c18f8,2027-03-09T05:27:17Z,policy_deviation,acme:software_installation:acme-compute-node-end-0000095~c8efa20e79ef,medium,0.60,2027-03-09T05:27:17Z,\N,2027-03-15T19:08:17Z,\N,1,assert
acme:observation:acme-source-system-scanner-vuln~c09bee36f076,observation,acme,acme:source_system:scanner-vuln~5e912e477c14,2027-03-09T12:13:16Z,vulnerability,acme:software_installation:acme-compute-node-vir-0000004~a7c8df24bacd,high,0.80,2027-03-09T12:13:16Z,\N,2027-03-15T20:06:14Z,\N,1,assert
acme:observation:acme-source-system-cmdb-dc2-legacy~cf93cf281755,observation,acme,acme:source_system:cmdb-dc2-legacy~4c63646d6078,2027-03-09T10:51:08Z,vulnerability,acme:ip_address:172-16-40-213~c200cf4c6048,medium,0.80,2027-03-09T10:51:08Z,\N,2027-03-15T22:13:20Z,\N,1,assert
acme:observation:acme-source-system-ticket-bridge~5a8acbe40aae,observation,acme,acme:source_system:ticket-bridge~77ac6940d0b4,2027-03-09T22:30:21Z,vulnerability,acme:ip_address:10-106-0-14~977b01f0a77f,medium,0.80,2027-03-09T22:30:21Z,\N,2027-03-15T05:36:11Z,\N,1,assert
acme:observation:acme-source-system-walkdown-sites~c1c37a2a0d66,observation,acme,acme:source_system:walkdown-sites~d4fc30691224,2027-03-09T09:43:21Z,vulnerability,acme:software_installation:acme-compute-node-end-0000011~d0204afa6f92,informational,0.80,2027-03-09T09:43:21Z,\N,2027-03-15T17:56:32Z,\N,1,assert
acme:observation:acme-source-system-pentest-external~3a89f78417d0,observation,acme,acme:source_system:pentest-external~ae7acfd1ffac,2027-03-09T14:54:08Z,vulnerability,acme:certificate:remote-office-f2-acme-example~2a7d314e9373,medium,0.80,2027-03-09T14:54:08Z,\N,2027-03-15T08:06:06Z,\N,1,assert
acme:observation:acme-source-system-hr-workday~7f587a44078c,observation,acme,acme:source_system:hr-workday~1390a88c18f8,2027-03-09T00:43:02Z,vulnerability,acme:software_installation:acme-compute-node-end-0000361~a652500c9733,low,0.80,2027-03-09T00:43:02Z,\N,2027-03-15T13:08:06Z,\N,1,assert
acme:observation:acme-source-system-iam-corp~825341b77408,observation,acme,acme:source_system:iam-corp~09e42672555d,2027-03-09T03:46:44Z,malware,acme:ip_address:172-16-40-32~b785137652db,medium,0.80,2027-03-09T03:46:44Z,\N,2027-03-15T23:03:28Z,\N,1,assert
acme:observation:acme-source-system-vcenter-readonly~78ae0e57f42c,observation,acme,acme:source_system:vcenter-readonly~b602e829e731,2027-03-09T06:12:37Z,vulnerability,acme:certificate:hq-dc1-f2-r1-rack02-acme-example~4fd220bfdf39,medium,0.80,2027-03-09T06:12:37Z,\N,2027-03-15T07:56:38Z,\N,1,assert
acme:observation:acme-source-system-scanner-vuln~694a6af8d4ef,observation,acme,acme:source_system:scanner-vuln~5e912e477c14,2027-03-09T05:05:06Z,audit_exception,acme:ip_address:172-16-40-75~a9c369ba7d84,high,0.80,2027-03-09T05:05:06Z,\N,2027-03-15T04:09:26Z,\N,1,assert
acme:observation:acme-source-system-iam-corp~3da4967e08d7,observation,acme,acme:source_system:iam-corp~09e42672555d,2027-03-09T15:12:32Z,policy_deviation,acme:compute_node:end-0000100~1eb14114b935,high,0.60,2027-03-09T15:12:32Z,\N,2027-03-15T16:48:48Z,\N,1,assert
acme:observation:acme-source-system-aws-org-control~3383a8de498f,observation,acme,acme:source_system:aws-org-control-tower~b5c83222a3f6,2027-03-09T07:01:33Z,configuration,acme:software_installation:acme-compute-node-end-0000382~43001f7e5ee5,informational,0.95,2027-03-09T07:01:33Z,\N,2027-03-16T01:11:06Z,\N,1,assert
acme:observation:acme-source-system-pentest-external~5e4e5818364e,observation,acme,acme:source_system:pentest-external~ae7acfd1ffac,2027-03-09T12:41:03Z,vulnerability,acme:aws.aws_vpc:vpc-00000000~c6996b97dc3c,high,0.80,2027-03-09T12:41:03Z,\N,2027-03-16T23:36:53Z,\N,1,assert
acme:observation:acme-source-system-pentest-external~1b046930e8cb,observation,acme,acme:source_system:pentest-external~ae7acfd1ffac,2027-03-09T07:53:28Z,malware,acme:certificate:hq-dc1-f1-r1-rack01-acme-example~55c30bf0654e,medium,0.60,2027-03-09T07:53:28Z,\N,2027-03-16T22:52:01Z,\N,1,assert
acme:observation:acme-source-system-flow-netflow~ff34592ba1ac,observation,acme,acme:source_system:flow-netflow~69050d4209de,2027-03-09T17:41:28Z,configuration,acme:compute_node:end-0000602~bbccf44922a8,informational,0.80,2027-03-09T17:41:28Z,\N,2027-03-16T17:47:56Z,\N,1,assert
acme:observation:acme-source-system-iam-emea~2e608ef8b21e,observation,acme,acme:source_system:iam-emea~165ad3d676e1,2027-03-09T11:22:29Z,vulnerability,acme:certificate:hq-dc1-f1-acme-example-6aea8bd7ba11~153ae852e20a,low,0.80,2027-03-09T11:22:29Z,\N,2027-03-16T10:17:10Z,\N,1,assert
acme:observation:acme-source-system-iam-corp~0d02874d2348,observation,acme,acme:source_system:iam-corp~09e42672555d,2027-03-09T09:54:49Z,vulnerability,acme:software_installation:acme-compute-node-end-0000403~9b29deaee883,medium,0.40,2027-03-09T09:54:49Z,\N,2027-03-16T18:58:22Z,\N,1,assert
acme:observation:acme-source-system-iam-emea~8b3a0902e3ab,observation,acme,acme:source_system:iam-emea~165ad3d676e1,2027-03-09T06:18:04Z,exposure,acme:software_installation:acme-compute-node-end-0000463~36ac82cc273c,low,0.95,2027-03-09T06:18:04Z,\N,2027-03-16T10:52:29Z,\N,1,assert
acme:observation:acme-source-system-cmdb-primary~e655a2c452cf,observation,acme,acme:source_system:cmdb-primary~c902d8335625,2027-03-09T20:44:53Z,vulnerability,acme:access_rule:rule-000011~d7f34d10af94,medium,0.80,2027-03-09T20:44:53Z,\N,2027-03-16T09:13:59Z,\N,1,assert
acme:observation:acme-source-system-vcenter-readonly~6dad7219fd37,observation,acme,acme:source_system:vcenter-readonly~b602e829e731,2027-03-09T07:12:10Z,vulnerability,acme:software_installation:acme-compute-node-end-0000236~147a0c8dc144,medium,0.60,2027-03-09T07:12:10Z,\N,2027-03-16T23:34:31Z,\N,1,assert
acme:observation:acme-source-system-flow-netflow~134573b4d048,observation,acme,acme:source_system:flow-netflow~69050d4209de,2027-03-09T10:16:00Z,penetration_test,acme:software_installation:acme-compute-node-con-0000119~83f28de10547,low,0.80,2027-03-09T10:16:00Z,\N,2027-03-16T02:45:01Z,\N,1,assert
acme:observation:acme-source-system-cmdb-contractor~f8ad27b5155b,observation,acme,acme:source_system:cmdb-contractor~29997cbbc3a1,2027-03-09T11:55:47Z,penetration_test,acme:software_installation:acme-compute-node-end-0000406~14fc7798ddaf,low,0.60,2027-03-09T11:55:47Z,\N,2027-03-16T22:29:17Z,\N,1,assert
acme:observation:acme-source-system-walkdown-sites~b091809fb459,observation,acme,acme:source_system:walkdown-sites~d4fc30691224,2027-03-09T09:11:34Z,configuration,acme:software_installation:acme-compute-node-vir-0000002~f32fd3b430b8,medium,0.95,2027-03-09T09:11:34Z,\N,2027-03-16T19:21:10Z,\N,1,assert
acme:observation:acme-source-system-aws-org-control~fdecfc5a3455,observation,acme,acme:source_system:aws-org-control-tower~b5c83222a3f6,2027-03-09T18:20:26Z,policy_deviation,acme:data_store:store-00037~8127cffb5927,low,0.40,2027-03-09T18:20:26Z,\N,2027-03-16T09:35:34Z,\N,1,assert
acme:observation:acme-source-system-iam-corp~27907711af3b,observation,acme,acme:source_system:iam-corp~09e42672555d,2027-03-09T20:11:19Z,penetration_test,acme:aws.aws_subscription:s-700000000000~ddc8a5db893a,high,0.60,2027-03-09T20:11:19Z,\N,2027-03-16T04:42:09Z,\N,1,assert
acme:observation:acme-source-system-scanner-vuln~63269a41dc50,observation,acme,acme:source_system:scanner-vuln~5e912e477c14,2027-03-09T21:36:25Z,exposure,acme:access_rule:rule-000024~d60c85937969,medium,0.80,2027-03-09T21:36:25Z,\N,2027-03-16T14:16:30Z,\N,1,assert
acme:observation:acme-source-system-cmdb-primary~8067b384add1,observation,acme,acme:source_system:cmdb-primary~c902d8335625,2027-03-09T04:36:03Z,malware,acme:compute_node:end-0000254~3525ba8ae230,medium,0.80,2027-03-09T04:36:03Z,\N,2027-03-17T14:55:27Z,\N,1,assert
acme:observation:acme-source-system-ticket-bridge~cd5df2a02224,observation,acme,acme:source_system:ticket-bridge~77ac6940d0b4,2027-03-09T03:25:12Z,vulnerability,acme:network_segment:10-80-1-0-24~deebc90295da,high,0.40,2027-03-09T03:25:12Z,\N,2027-03-17T15:09:16Z,\N,1,assert
acme:observation:acme-source-system-ticket-bridge~ff6261df3722,observation,acme,acme:source_system:ticket-bridge~77ac6940d0b4,2027-03-09T10:36:06Z,penetration_test,acme:aws.aws_vpc:vpc-00000001~8ecf8f04704e,medium,0.40,2027-03-09T10:36:06Z,\N,2027-03-17T11:03:40Z,\N,1,assert
acme:observation:acme-source-system-iam-corp~a19a7731d17f,observation,acme,acme:source_system:iam-corp~09e42672555d,2027-03-09T05:53:21Z,channel_defect,acme:access_rule:rule-000019~1b350b462622,informational,0.95,2027-03-09T05:53:21Z,\N,2027-03-17T13:28:04Z,\N,1,assert
acme:observation:acme-source-system-cmdb-primary~3811008ce4f6,observation,acme,acme:source_system:cmdb-primary~c902d8335625,2027-03-09T08:45:39Z,vulnerability,acme:ip_address:172-16-40-83~85cdae4f4a59,critical,0.80,2027-03-09T08:45:39Z,\N,2027-03-17T02:31:47Z,\N,1,assert
acme:observation:acme-source-system-scanner-vuln~ea61b6dd6ef5,observation,acme,acme:source_system:scanner-vuln~5e912e477c14,2027-03-09T09:32:48Z,vulnerability,acme:ip_address:10-106-0-60~27ef1105f914,low,0.80,2027-03-09T09:32:48Z,\N,2027-03-17T22:48:18Z,\N,1,assert
acme:observation:acme-source-system-cmdb-contractor~d5b1b87cb5dd,observation,acme,acme:source_system:cmdb-contractor~29997cbbc3a1,2027-03-09T22:07:22Z,audit_exception,acme:service:svc-000073~d6f91ff4aeb4,medium,0.95,2027-03-09T22:07:22Z,\N,2027-03-17T12:10:27Z,\N,1,assert
acme:observation:acme-source-system-hr-workday~45dbbb2b26ba,observation,acme,acme:source_system:hr-workday~1390a88c18f8,2027-03-09T14:53:25Z,configuration,acme:compute_node:end-0000334~4360eceebeff,high,0.60,2027-03-09T14:53:25Z,\N,2027-03-17T20:14:21Z,\N,1,assert
acme:observation:acme-source-system-aws-org-control~d4a031a5d7ef,observation,acme,acme:source_system:aws-org-control-tower~b5c83222a3f6,2027-03-09T08:34:10Z,vulnerability,acme:certificate:dc2-hall2-rack03-acme-example~4bb061d79214,low,0.95,2027-03-09T08:34:10Z,\N,2027-03-18T08:11:55Z,\N,1,assert
acme:observation:acme-source-system-cmdb-contractor~9e04642b6efa,observation,acme,acme:source_system:cmdb-contractor~29997cbbc3a1,2027-03-09T23:33:37Z,audit_exception,acme:compute_node:end-0000478~b6b6969f7248,low,0.95,2027-03-09T23:33:37Z,\N,2027-03-18T23:20:53Z,\N,1,assert
acme:observation:acme-source-system-hr-workday~7076d64aa3fe,observation,acme,acme:source_system:hr-workday~1390a88c18f8,2027-03-09T14:09:06Z,configuration,acme:compute_node:end-0000537~545ff634fbc9,medium,0.60,2027-03-09T14:09:06Z,\N,2027-03-18T05:20:57Z,\N,1,assert
acme:observation:acme-source-system-vcenter-readonly~93d921915773,observation,acme,acme:source_system:vcenter-readonly~b602e829e731,2027-03-09T16:54:55Z,policy_deviation,acme:software_installation:acme-compute-node-end-0000386~5916fc7181aa,low,0.80,2027-03-09T16:54:55Z,\N,2027-03-18T11:26:17Z,\N,1,assert
acme:observation:acme-source-system-flow-netflow~f51212577f5c,observation,acme,acme:source_system:flow-netflow~69050d4209de,2027-03-09T03:21:13Z,exposure,acme:software_installation:acme-compute-node-end-0000339~ff23c0b9a68c,informational,0.80,2027-03-09T03:21:13Z,\N,2027-03-18T00:23:11Z,\N,1,assert
acme:observation:acme-source-system-aws-org-control~f4b1430883e7,observation,acme,acme:source_system:aws-org-control-tower~b5c83222a3f6,2027-03-09T18:38:07Z,vulnerability,acme:software_installation:acme-compute-node-end-0000042~d97100d7fd99,medium,0.80,2027-03-09T18:38:07Z,\N,2027-03-18T11:27:50Z,\N,1,assert
acme:observation:acme-source-system-cmdb-dc2-legacy~6a462325dee8,observation,acme,acme:source_system:cmdb-dc2-legacy~4c63646d6078,2027-03-09T15:16:39Z,vulnerability,acme:software_installation:acme-compute-node-end-0000201~b51de3ebd463,medium,0.60,2027-03-09T15:16:39Z,\N,2027-03-18T16:01:23Z,\N,1,assert
acme:observation:acme-source-system-aws-org-control~cfcbb67c4621,observation,acme,acme:source_system:aws-org-control-tower~b5c83222a3f6,2027-03-09T17:18:31Z,vulnerability,acme:software_installation:acme-compute-node-end-0000468~12aad309f8c3,medium,0.95,2027-03-09T17:18:31Z,\N,2027-03-18T18:24:21Z,\N,1,assert
acme:observation:acme-source-system-flow-netflow~3332f58b2093,observation,acme,acme:source_system:flow-netflow~69050d4209de,2027-03-09T20:20:01Z,policy_deviation,acme:software_installation:acme-compute-node-end-0000465~5b6b9607a533,high,0.60,2027-03-09T20:20:01Z,\N,2027-03-18T08:09:44Z,\N,1,assert
acme:observation:acme-source-system-walkdown-sites~11cfea1686f4,observation,acme,acme:source_system:walkdown-sites~d4fc30691224,2027-03-09T21:07:11Z,configuration,acme:software_installation:acme-compute-node-end-0000013~1628b750a94d,high,0.60,2027-03-09T21:07:11Z,\N,2027-03-18T23:59:42Z,\N,1,assert
acme:observation:acme-source-system-aws-org-control~e161016bbd90,observation,acme,acme:source_system:aws-org-control-tower~b5c83222a3f6,2027-03-09T06:02:26Z,configuration,acme:compute_node:end-0000162~72623585cacf,critical,0.80,2027-03-09T06:02:26Z,\N,2027-03-18T12:50:38Z,\N,1,assert
acme:observation:acme-source-system-iam-emea~1071b5ceaa18,observation,acme,acme:source_system:iam-emea~165ad3d676e1,2027-03-09T06:31:54Z,penetration_test,acme:certificate:remote-office-f2-acme-example~2a7d314e9373,medium,0.60,2027-03-09T06:31:54Z,\N,2027-03-18T04:36:31Z,\N,1,assert
acme:observation:acme-source-system-sweep-active~39663ea335ba,observation,acme,acme:source_system:sweep-active~109a94e8519c,2027-03-09T11:00:07Z,vulnerability,acme:service:svc-000171~c1d37cc424b9,medium,0.80,2027-03-09T11:00:07Z,\N,2027-03-19T09:07:53Z,\N,1,assert
acme:observation:acme-source-system-iam-corp~3bf94bceab94,observation,acme,acme:source_system:iam-corp~09e42672555d,2027-03-09T20:02:28Z,malware,acme:certificate:hq-b2-acme-example-bf76208f6f1b~037bc2204dc6,high,0.80,2027-03-09T20:02:28Z,\N,2027-03-19T18:31:00Z,\N,1,assert
acme:observation:acme-source-system-aws-org-control~c9f494d1347b,observation,acme,acme:source_system:aws-org-control-tower~b5c83222a3f6,2027-03-09T02:35:21Z,configuration,acme:access_rule:rule-000020~7175a591ba43,medium,0.80,2027-03-09T02:35:21Z,\N,2027-03-19T21:24:56Z,\N,1,assert
acme:observation:acme-source-system-cmdb-primary~691043e096eb,observation,acme,acme:source_system:cmdb-primary~c902d8335625,2027-03-09T15:17:11Z,configuration,acme:certificate:dc2-hall1-rack01-acme-example~a6eedcb35cc6,high,0.60,2027-03-09T15:17:11Z,\N,2027-03-19T18:46:04Z,\N,1,assert
acme:observation:acme-source-system-cmdb-primary~1d1f2d92d754,observation,acme,acme:source_system:cmdb-primary~c902d8335625,2027-03-09T00:41:24Z,vulnerability,acme:service:svc-000014~f897b684710c,medium,0.60,2027-03-09T00:41:24Z,\N,2027-03-19T00:00:44Z,\N,1,assert
acme:observation:acme-source-system-cmdb-contractor~278d9cdaa939,observation,acme,acme:source_system:cmdb-contractor~29997cbbc3a1,2027-03-09T21:36:29Z,vulnerability,acme:software_installation:acme-compute-node-end-0000201~b51de3ebd463,informational,0.60,2027-03-09T21:36:29Z,\N,2027-03-19T17:01:56Z,\N,1,assert
acme:observation:acme-source-system-cmdb-dc2-legacy~af13eafb34ab,observation,acme,acme:source_system:cmdb-dc2-legacy~4c63646d6078,2027-03-09T11:54:36Z,exposure,acme:data_store:store-00022~73ab60793373,medium,0.80,2027-03-09T11:54:36Z,\N,2027-03-19T23:09:57Z,\N,1,assert
acme:observation:acme-source-system-scanner-vuln~7d5e585cce4f,observation,acme,acme:source_system:scanner-vuln~5e912e477c14,2027-03-09T15:32:17Z,malware,acme:software_installation:acme-compute-node-end-0000372~14cc594c51a3,high,0.60,2027-03-09T15:32:17Z,\N,2027-03-19T03:08:07Z,\N,1,assert
acme:observation:acme-source-system-walkdown-sites~8d1aa8dc6f1b,observation,acme,acme:source_system:walkdown-sites~d4fc30691224,2027-03-09T22:35:36Z,vulnerability,acme:data_store:store-00029~ad7fa07fc588,low,0.80,2027-03-09T22:35:36Z,\N,2027-03-19T20:30:19Z,\N,1,assert
acme:observation:acme-source-system-cmdb-contractor~037b51a94b20,observation,acme,acme:source_system:cmdb-contractor~29997cbbc3a1,2027-03-09T17:04:02Z,audit_exception,acme:software_installation:acme-compute-node-end-0000368~3c8aef38aea8,medium,0.80,2027-03-09T17:04:02Z,\N,2027-03-20T04:01:07Z,\N,1,assert
acme:observation:acme-source-system-sweep-active~cdd22373dec8,observation,acme,acme:source_system:sweep-active~109a94e8519c,2027-03-09T13:32:19Z,policy_deviation,acme:compute_node:end-0000374~e0cc2d99d081,low,0.80,2027-03-09T13:32:19Z,\N,2027-03-20T12:42:04Z,\N,1,assert
acme:observation:acme-source-system-iam-corp~1e57ad3a7408,observation,acme,acme:source_system:iam-corp~09e42672555d,2027-03-09T14:15:02Z,vulnerability,acme:software_installation:acme-compute-node-end-0000272~b7abe66d3f06,medium,0.95,2027-03-09T14:15:02Z,\N,2027-03-20T07:25:20Z,\N,1,assert
acme:observation:acme-source-system-iam-corp~9d9b95509b9f,observation,acme,acme:source_system:iam-corp~09e42672555d,2027-03-09T18:37:49Z,configuration,acme:certificate:hq-dc2-acme-example-d6a6bc38a74c~39cb3e74b0e5,medium,0.95,2027-03-09T18:37:49Z,\N,2027-03-20T01:52:29Z,\N,1,assert
acme:observation:acme-source-system-flow-netflow~de4bbbc7c31a,observation,acme,acme:source_system:flow-netflow~69050d4209de,2027-03-09T02:43:41Z,audit_exception,acme:compute_node:end-0000054~0b29ffe1f1a9,informational,0.60,2027-03-09T02:43:41Z,\N,2027-03-20T18:43:37Z,\N,1,assert
acme:observation:acme-source-system-cmdb-dc2-legacy~dc5cae403ad5,observation,acme,acme:source_system:cmdb-dc2-legacy~4c63646d6078,2027-03-09T20:54:32Z,configuration,acme:software_installation:acme-compute-node-end-0000590~ca978cc773bc,critical,0.80,2027-03-09T20:54:32Z,\N,2027-03-20T21:28:32Z,\N,1,assert
acme:observation:acme-source-system-ticket-bridge~3ad08f7a4d2f,observation,acme,acme:source_system:ticket-bridge~77ac6940d0b4,2027-03-09T10:44:58Z,exposure,acme:software_installation:acme-compute-node-end-0000580~f840f6218ad6,high,0.40,2027-03-09T10:44:58Z,\N,2027-03-20T21:38:51Z,\N,1,assert
acme:observation:acme-source-system-sweep-active~c9cee2181cc1,observation,acme,acme:source_system:sweep-active~109a94e8519c,2027-03-09T22:09:10Z,malware,acme:network_segment:10-40-7-0-24~fe150a70fcd9,low,0.80,2027-03-09T22:09:10Z,\N,2027-03-20T19:04:32Z,\N,1,assert
acme:observation:acme-source-system-hr-workday~774e3e877038,observation,acme,acme:source_system:hr-workday~1390a88c18f8,2027-03-09T06:50:54Z,vulnerability,acme:compute_node:end-0000401~33b8ec270d18,medium,0.80,2027-03-09T06:50:54Z,\N,2027-03-21T15:02:15Z,\N,1,assert
acme:observation:acme-source-system-walkdown-sites~8b56db1d3276,observation,acme,acme:source_system:walkdown-sites~d4fc30691224,2027-03-09T11:31:12Z,vulnerability,acme:certificate:hq-dc1-f2-r1-acme-example-7f9082ddab13~d2793ec7ce3e,informational,0.95,2027-03-09T11:31:12Z,\N,2027-03-21T02:53:02Z,\N,1,assert
acme:observation:acme-source-system-scanner-vuln~cc8cf925be70,observation,acme,acme:source_system:scanner-vuln~5e912e477c14,2027-03-09T04:05:59Z,vulnerability,acme:access_rule:rule-000027~20e297207222,low,0.95,2027-03-09T04:05:59Z,\N,2027-03-21T23:19:26Z,\N,1,assert
acme:observation:acme-source-system-vcenter-readonly~72b399905271,observation,acme,acme:source_system:vcenter-readonly~b602e829e731,2027-03-09T23:46:58Z,configuration,acme:compute_node:end-0000519~455cb82b7e54,low,0.80,2027-03-09T23:46:58Z,\N,2027-03-21T21:48:35Z,\N,1,assert
acme:observation:acme-source-system-cmdb-contractor~8b675f4eeacf,observation,acme,acme:source_system:cmdb-contractor~29997cbbc3a1,2027-03-09T14:18:12Z,malware,acme:access_rule:rule-000013~3981d9bc39b7,low,0.60,2027-03-09T14:18:12Z,\N,2027-03-21T01:50:43Z,\N,1,assert
acme:observation:acme-source-system-cmdb-contractor~69f47ed93228,observation,acme,acme:source_system:cmdb-contractor~29997cbbc3a1,2027-03-09T04:55:19Z,configuration,acme:ip_address:172-16-40-170~1ba1eefeb85f,medium,0.60,2027-03-09T04:55:19Z,\N,2027-03-21T01:30:00Z,\N,1,assert
acme:observation:acme-source-system-scanner-vuln~698d3bc1bb47,observation,acme,acme:source_system:scanner-vuln~5e912e477c14,2027-03-09T19:01:28Z,configuration,acme:compute_node:end-0000259~d2b8675a0301,low,0.80,2027-03-09T19:01:28Z,\N,2027-03-21T13:26:37Z,\N,1,assert
acme:observation:acme-source-system-sweep-active~849a96a4de29,observation,acme,acme:source_system:sweep-active~109a94e8519c,2027-03-09T01:09:56Z,exposure,acme:software_installation:acme-compute-node-vir-0000002~f47880094997,critical,0.60,2027-03-09T01:09:56Z,\N,2027-03-21T16:47:52Z,\N,1,assert
acme:observation:acme-source-system-flow-netflow~efd3243f8176,observation,acme,acme:source_system:flow-netflow~69050d4209de,2027-03-09T18:13:08Z,policy_deviation,acme:software_installation:acme-compute-node-con-0000117~e49f6f3270f2,low,0.40,2027-03-09T18:13:08Z,\N,2027-03-21T04:27:47Z,\N,1,assert
acme:observation:acme-source-system-aws-org-control~6e26ae234b8c,observation,acme,acme:source_system:aws-org-control-tower~b5c83222a3f6,2027-03-09T14:37:11Z,configuration,acme:access_rule:rule-000017~8fb6de10dc9c,high,0.95,2027-03-09T14:37:11Z,\N,2027-03-21T21:02:31Z,\N,1,assert
acme:observation:acme-source-system-iam-corp~f89fd41547e7,observation,acme,acme:source_system:iam-corp~09e42672555d,2027-03-09T23:32:03Z,vulnerability,acme:compute_node:end-0000433~8f425c6e8dd8,low,0.95,2027-03-09T23:32:03Z,\N,2027-03-21T17:21:04Z,\N,1,assert
acme:observation:acme-source-system-cmdb-dc2-legacy~30df1f8e3f2b,observation,acme,acme:source_system:cmdb-dc2-legacy~4c63646d6078,2027-03-09T15:06:58Z,configuration,acme:software_installation:acme-compute-node-end-0000403~778e341c341c,high,0.95,2027-03-09T15:06:58Z,\N,2027-03-21T00:04:40Z,\N,1,assert
acme:observation:acme-source-system-vcenter-readonly~aec874b72f20,observation,acme,acme:source_system:vcenter-readonly~b602e829e731,2027-03-09T19:47:14Z,malware,acme:software_installation:acme-compute-node-end-0000098~e804704b45b5,high,0.95,2027-03-09T19:47:14Z,\N,2027-03-22T08:19:07Z,\N,1,assert
acme:observation:acme-source-system-aws-org-control~35b94afcfe2b,observation,acme,acme:source_system:aws-org-control-tower~b5c83222a3f6,2027-03-09T16:23:24Z,policy_deviation,acme:software_installation:acme-compute-node-end-0000551~ec4defa6ff56,informational,0.80,2027-03-09T16:23:24Z,\N,2027-03-22T01:38:07Z,\N,1,assert
acme:observation:acme-source-system-sweep-active~f5dfb5be93b8,observation,acme,acme:source_system:sweep-active~109a94e8519c,2027-03-09T23:34:31Z,vulnerability,acme:compute_node:end-0000310~b0479b428d5a,informational,0.40,2027-03-09T23:34:31Z,\N,2027-03-22T13:54:12Z,\N,1,assert
acme:observation:acme-source-system-walkdown-sites~7ff823616a44,observation,acme,acme:source_system:walkdown-sites~d4fc30691224,2027-03-09T01:48:27Z,malware,acme:software_installation:acme-compute-node-end-0000590~6c5575c1c5f1,low,0.80,2027-03-09T01:48:27Z,\N,2027-03-22T05:56:06Z,\N,1,assert
acme:observation:acme-source-system-ticket-bridge~6ac5fdf060b8,observation,acme,acme:source_system:ticket-bridge~77ac6940d0b4,2027-03-09T23:46:59Z,policy_deviation,acme:compute_node:end-0000479~956280c693da,informational,0.95,2027-03-09T23:46:59Z,\N,2027-03-22T22:56:20Z,\N,1,assert
acme:observation:acme-source-system-walkdown-sites~27f230157dd4,observation,acme,acme:source_system:walkdown-sites~d4fc30691224,2027-03-09T22:20:25Z,exposure,acme:certificate:hq-dc2-acme-example-6b9da4a7b759~32d20857d35d,medium,0.95,2027-03-09T22:20:25Z,\N,2027-03-22T23:01:01Z,\N,1,assert
acme:observation:acme-source-system-iam-corp~e40c9400d7fe,observation,acme,acme:source_system:iam-corp~09e42672555d,2027-03-09T23:56:20Z,exposure,acme:software_installation:acme-compute-node-clu-0000135~f4765786bee8,low,0.80,2027-03-09T23:56:20Z,\N,2027-03-22T16:31:40Z,\N,1,assert
acme:observation:acme-source-system-cmdb-dc2-legacy~8c6afaa2c145,observation,acme,acme:source_system:cmdb-dc2-legacy~4c63646d6078,2027-03-09T05:57:11Z,vulnerability,acme:compute_node:end-0000466~e8cdefc866e6,medium,0.60,2027-03-09T05:57:11Z,\N,2027-03-23T01:03:03Z,\N,1,assert
acme:observation:acme-source-system-iam-corp~01721d449077,observation,acme,acme:source_system:iam-corp~09e42672555d,2027-03-09T21:34:58Z,configuration,acme:compute_node:end-0000283~ae95bf3508e1,low,0.60,2027-03-09T21:34:58Z,\N,2027-03-23T07:46:52Z,\N,1,assert
acme:observation:acme-source-system-sweep-active~6a1030bf605d,observation,acme,acme:source_system:sweep-active~109a94e8519c,2027-03-09T00:01:48Z,malware,acme:software_installation:acme-compute-node-end-0000474~6340ed4cee24,medium,0.60,2027-03-09T00:01:48Z,\N,2027-03-23T06:31:57Z,\N,1,assert
acme:observation:acme-source-system-pentest-external~1715b1cd9429,observation,acme,acme:source_system:pentest-external~ae7acfd1ffac,2027-03-09T14:55:35Z,configuration,acme:certificate:hq-dc1-acme-example-b28d98996d82~9cb1efddd740,low,0.95,2027-03-09T14:55:35Z,\N,2027-03-23T01:29:35Z,\N,1,assert
acme:observation:acme-source-system-pentest-external~0f9ca2ee5977,observation,acme,acme:source_system:pentest-external~ae7acfd1ffac,2027-03-09T00:47:26Z,vulnerability,acme:certificate:hq-b1-acme-example-7699ed55b06b~245a3a366c79,medium,0.80,2027-03-09T00:47:26Z,\N,2027-03-23T19:32:08Z,\N,1,assert
acme:observation:acme-source-system-walkdown-sites~f25a4f195a9a,observation,acme,acme:source_system:walkdown-sites~d4fc30691224,2027-03-09T03:24:54Z,penetration_test,acme:compute_node:end-0000346~2326b7cba6d6,informational,0.60,2027-03-09T03:24:54Z,\N,2027-03-23T07:53:07Z,\N,1,assert
acme:observation:acme-source-system-pentest-external~eb1cdab01f6d,observation,acme,acme:source_system:pentest-external~ae7acfd1ffac,2027-03-09T02:00:15Z,configuration,acme:access_rule:rule-000019~1b350b462622,medium,0.60,2027-03-09T02:00:15Z,\N,2027-03-24T12:25:18Z,\N,1,assert
acme:observation:acme-source-system-flow-netflow~e38991ff2b18,observation,acme,acme:source_system:flow-netflow~69050d4209de,2027-03-09T20:14:02Z,channel_defect,acme:ip_address:172-16-40-99~d03014c7b75f,medium,0.40,2027-03-09T20:14:02Z,\N,2027-03-24T13:00:23Z,\N,1,assert
acme:observation:acme-source-system-scanner-vuln~75dbc246a3eb,observation,acme,acme:source_system:scanner-vuln~5e912e477c14,2027-03-09T19:52:07Z,malware,acme:compute_node:end-0000078~cd00968bc60a,informational,0.40,2027-03-09T19:52:07Z,\N,2027-03-24T19:38:52Z,\N,1,assert
acme:observation:acme-source-system-vcenter-readonly~b08b67ad9958,observation,acme,acme:source_system:vcenter-readonly~b602e829e731,2027-03-09T10:35:43Z,configuration,acme:access_rule:rule-000014~c4488b9b623b,low,0.95,2027-03-09T10:35:43Z,\N,2027-03-24T01:59:23Z,\N,1,assert
acme:observation:acme-source-system-vcenter-readonly~9f06bd8894fc,observation,acme,acme:source_system:vcenter-readonly~b602e829e731,2027-03-09T19:59:54Z,vulnerability,acme:access_rule:rule-000022~5a503e9fa9e5,medium,0.60,2027-03-09T19:59:54Z,\N,2027-03-24T15:10:45Z,\N,1,assert
acme:observation:acme-source-system-iam-corp~a0f640eb6a21,observation,acme,acme:source_system:iam-corp~09e42672555d,2027-03-09T03:14:23Z,audit_exception,acme:network_segment:10-60-8-0-24~4d27c2c5949c,critical,0.80,2027-03-09T03:14:23Z,\N,2027-03-24T20:45:00Z,\N,1,assert
acme:observation:acme-source-system-ticket-bridge~36d694bc40ee,observation,acme,acme:source_system:ticket-bridge~77ac6940d0b4,2027-03-09T02:57:52Z,malware,acme:data_store:store-00019~5a4a474c1de7,medium,0.80,2027-03-09T02:57:52Z,\N,2027-03-25T23:16:51Z,\N,1,assert
acme:observation:acme-source-system-walkdown-sites~447a458d2661,observation,acme,acme:source_system:walkdown-sites~d4fc30691224,2027-03-09T19:29:17Z,vulnerability,acme:certificate:hq-dc1-f1-r2-acme-example-1abba2ff6b1a~22be3d830267,medium,0.95,2027-03-09T19:29:17Z,\N,2027-03-25T14:58:14Z,\N,1,assert
acme:observation:acme-source-system-cmdb-contractor~e943167258cd,observation,acme,acme:source_system:cmdb-contractor~29997cbbc3a1,2027-03-09T04:38:34Z,vulnerability,acme:access_rule:rule-000018~dd3e596a6a90,critical,0.80,2027-03-09T04:38:34Z,\N,2027-03-25T17:19:49Z,\N,1,assert
acme:observation:acme-source-system-ticket-bridge~6bffb0369aa9,observation,acme,acme:source_system:ticket-bridge~77ac6940d0b4,2027-03-09T09:37:32Z,exposure,acme:ip_address:10-106-0-94~f0338d32c318,low,0.95,2027-03-09T09:37:32Z,\N,2027-03-25T22:00:04Z,\N,1,assert
acme:observation:acme-source-system-iam-emea~5f10c3ce3a19,observation,acme,acme:source_system:iam-emea~165ad3d676e1,2027-03-09T03:41:43Z,exposure,acme:software_installation:acme-compute-node-end-0000461~d749c8b9fab5,medium,0.95,2027-03-09T03:41:43Z,\N,2027-03-25T20:51:00Z,\N,1,assert
acme:observation:acme-source-system-pentest-external~9334378edcfb,observation,acme,acme:source_system:pentest-external~ae7acfd1ffac,2027-03-09T04:04:21Z,vulnerability,acme:certificate:remote-office-f2-r1-acme-example~94b6196b9afb,medium,0.80,2027-03-09T04:04:21Z,\N,2027-03-25T01:21:09Z,\N,1,assert
acme:observation:acme-source-system-cmdb-dc2-legacy~b8ff9d2b9a22,observation,acme,acme:source_system:cmdb-dc2-legacy~4c63646d6078,2027-03-09T15:10:25Z,configuration,acme:data_store:store-00056~6e84be45afe6,medium,0.95,2027-03-09T15:10:25Z,\N,2027-03-25T02:27:53Z,\N,1,assert
acme:observation:acme-source-system-flow-netflow~b32632ae31b0,observation,acme,acme:source_system:flow-netflow~69050d4209de,2027-03-09T20:25:22Z,exposure,acme:software_installation:acme-compute-node-end-0000275~81f3448dbb8b,informational,0.60,2027-03-09T20:25:22Z,\N,2027-03-25T23:08:07Z,\N,1,assert
acme:observation:acme-source-system-aws-org-control~9bc34c2b0386,observation,acme,acme:source_system:aws-org-control-tower~b5c83222a3f6,2027-03-09T07:20:09Z,vulnerability,acme:ip_address:10-106-0-157~3a8c337f70ec,low,0.80,2027-03-09T07:20:09Z,\N,2027-03-25T14:54:24Z,\N,1,assert
acme:observation:acme-source-system-scanner-vuln~97df65c5c7f2,observation,acme,acme:source_system:scanner-vuln~5e912e477c14,2027-03-09T13:58:45Z,vulnerability,acme:software_installation:acme-compute-node-end-0000330~54421d8925ef,medium,0.95,2027-03-09T13:58:45Z,\N,2027-03-26T11:15:41Z,\N,1,assert
acme:observation:acme-source-system-walkdown-sites~1eecb8f81268,observation,acme,acme:source_system:walkdown-sites~d4fc30691224,2027-03-09T14:25:08Z,configuration,acme:compute_node:end-0000270~9be454970cc3,low,0.80,2027-03-09T14:25:08Z,\N,2027-03-26T10:00:09Z,\N,1,assert
acme:observation:acme-source-system-iam-corp~32edef967531,observation,acme,acme:source_system:iam-corp~09e42672555d,2027-03-09T09:14:03Z,penetration_test,acme:compute_node:end-0000249~b71a7385dd93,medium,0.60,2027-03-09T09:14:03Z,\N,2027-03-26T06:35:43Z,\N,1,assert
acme:observation:acme-source-system-cmdb-primary~865c5921c555,observation,acme,acme:source_system:cmdb-primary~c902d8335625,2027-03-09T17:49:56Z,channel_defect,acme:software_installation:acme-compute-node-end-0000215~65335cfc0c3e,low,0.95,2027-03-09T17:49:56Z,\N,2027-03-26T13:54:11Z,\N,1,assert
acme:observation:acme-source-system-ticket-bridge~349087d37299,observation,acme,acme:source_system:ticket-bridge~77ac6940d0b4,2027-03-09T06:25:10Z,malware,acme:compute_node:end-0000049~025daf2c0d84,informational,0.95,2027-03-09T06:25:10Z,\N,2027-03-26T22:52:41Z,\N,1,assert
acme:observation:acme-source-system-cmdb-dc2-legacy~75bd78936c40,observation,acme,acme:source_system:cmdb-dc2-legacy~4c63646d6078,2027-03-09T08:31:53Z,audit_exception,acme:compute_node:end-0000053~787a0edc2b9e,medium,0.95,2027-03-09T08:31:53Z,\N,2027-03-26T12:54:30Z,\N,1,assert
acme:observation:acme-source-system-iam-emea~efd10b8b0310,observation,acme,acme:source_system:iam-emea~165ad3d676e1,2027-03-09T17:12:33Z,configuration,acme:access_rule:rule-000028~9a30c4b1ddbb,medium,0.80,2027-03-09T17:12:33Z,\N,2027-03-26T19:22:16Z,\N,1,assert
acme:observation:acme-source-system-hr-workday~dde805aab6b2,observation,acme,acme:source_system:hr-workday~1390a88c18f8,2027-03-09T07:52:35Z,policy_deviation,acme:ip_address:172-16-40-21~6b0cba16d5c0,medium,0.80,2027-03-09T07:52:35Z,\N,2027-03-26T13:48:36Z,\N,1,assert
acme:observation:acme-source-system-aws-org-control~d2154fc1c9a0,observation,acme,acme:source_system:aws-org-control-tower~b5c83222a3f6,2027-03-09T05:49:59Z,exposure,acme:ip_address:172-16-40-146~ad40082d5a20,high,0.80,2027-03-09T05:49:59Z,\N,2027-03-26T22:53:48Z,\N,1,assert
acme:observation:acme-source-system-ticket-bridge~e41b13360784,observation,acme,acme:source_system:ticket-bridge~77ac6940d0b4,2027-03-09T21:20:19Z,vulnerability,acme:entitlement:acme-principal-wl-000011-b76529368c19~b37f86852d9a,medium,0.60,2027-03-09T21:20:19Z,\N,2027-03-26T20:37:25Z,\N,1,assert
acme:observation:acme-source-system-sweep-active~f3867e7b84f9,observation,acme,acme:source_system:sweep-active~109a94e8519c,2027-03-09T18:05:53Z,vulnerability,acme:software_installation:acme-compute-node-end-0000042~c98ac2aa3374,critical,0.60,2027-03-09T18:05:53Z,\N,2027-03-27T18:31:56Z,\N,1,assert
acme:observation:acme-source-system-aws-org-control~15199c59a669,observation,acme,acme:source_system:aws-org-control-tower~b5c83222a3f6,2027-03-09T15:47:07Z,channel_defect,acme:compute_node:end-0000061~3f3128297c02,informational,0.95,2027-03-09T15:47:07Z,\N,2027-03-27T13:46:59Z,\N,1,assert
acme:observation:acme-source-system-hr-workday~5f44fc5b58b1,observation,acme,acme:source_system:hr-workday~1390a88c18f8,2027-03-09T08:05:48Z,policy_deviation,acme:software_installation:acme-compute-node-end-0000201~e39103d7af50,low,0.60,2027-03-09T08:05:48Z,\N,2027-03-27T16:59:45Z,\N,1,assert
acme:observation:acme-source-system-hr-workday~a0a2bade35c1,observation,acme,acme:source_system:hr-workday~1390a88c18f8,2027-03-09T23:33:06Z,malware,acme:ip_address:172-16-40-62~2af17dbdc218,high,0.60,2027-03-09T23:33:06Z,\N,2027-03-27T01:24:57Z,\N,1,assert
acme:observation:acme-source-system-sweep-active~15f314e797a5,observation,acme,acme:source_system:sweep-active~109a94e8519c,2027-03-09T21:29:19Z,vulnerability,acme:compute_node:end-0000286~73beb624598d,critical,0.40,2027-03-09T21:29:19Z,\N,2027-03-27T17:18:43Z,\N,1,assert
acme:observation:acme-source-system-sweep-active~ed5163d39daa,observation,acme,acme:source_system:sweep-active~109a94e8519c,2027-03-09T04:45:19Z,vulnerability,acme:software_installation:acme-compute-node-end-0000145~1a9dec5913ab,medium,0.80,2027-03-09T04:45:19Z,\N,2027-03-27T17:45:27Z,\N,1,assert
acme:observation:acme-source-system-scanner-vuln~9025300e56ab,observation,acme,acme:source_system:scanner-vuln~5e912e477c14,2027-03-09T14:54:48Z,policy_deviation,acme:aws.aws_vpc:vpc-00000002~e61beb5c2cdc,medium,0.95,2027-03-09T14:54:48Z,\N,2027-03-27T09:41:42Z,\N,1,assert
acme:observation:acme-source-system-sweep-active~7f9e2ca249e0,observation,acme,acme:source_system:sweep-active~109a94e8519c,2027-03-09T22:55:18Z,policy_deviation,acme:software_installation:acme-compute-node-phy-0000000~2ea6464226d2,informational,0.95,2027-03-09T22:55:18Z,\N,2027-03-27T13:04:56Z,\N,1,assert
acme:observation:acme-source-system-aws-org-control~78631e35cda7,observation,acme,acme:source_system:aws-org-control-tower~b5c83222a3f6,2027-03-09T04:57:28Z,malware,acme:ip_address:10-20-0-21~abb5723bd1ba,medium,0.80,2027-03-09T04:57:28Z,\N,2027-03-28T18:03:38Z,\N,1,assert
acme:observation:acme-source-system-cmdb-primary~1a51eb01fcb1,observation,acme,acme:source_system:cmdb-primary~c902d8335625,2027-03-09T00:36:10Z,configuration,acme:software_installation:acme-compute-node-end-0000225~61415def4bdc,critical,0.80,2027-03-09T00:36:10Z,\N,2027-03-28T02:28:44Z,\N,1,assert
acme:observation:acme-source-system-vcenter-readonly~3fbac5771bb5,observation,acme,acme:source_system:vcenter-readonly~b602e829e731,2027-03-09T21:55:00Z,audit_exception,acme:software_installation:acme-compute-node-end-0000324~88e1f225f6ed,low,0.80,2027-03-09T21:55:00Z,\N,2027-03-28T06:30:12Z,\N,1,assert
acme:observation:acme-source-system-ticket-bridge~86983d7873d2,observation,acme,acme:source_system:ticket-bridge~77ac6940d0b4,2027-03-09T22:30:21Z,vulnerability,acme:compute_node:end-0000304~83d741b4798c,low,0.80,2027-03-09T22:30:21Z,\N,2027-03-28T05:44:54Z,\N,1,assert
acme:observation:acme-source-system-cmdb-contractor~d240ccf89b0e,observation,acme,acme:source_system:cmdb-contractor~29997cbbc3a1,2027-03-09T00:26:22Z,channel_defect,acme:software_installation:acme-compute-node-con-0000119~ef79d17e501c,low,0.60,2027-03-09T00:26:22Z,\N,2027-03-28T00:17:23Z,\N,1,assert
acme:observation:acme-source-system-cmdb-primary~c5b0affcedbf,observation,acme,acme:source_system:cmdb-primary~c902d8335625,2027-03-09T10:51:32Z,vulnerability,acme:software_installation:acme-compute-node-end-0000211~fc66eea79222,informational,0.95,2027-03-09T10:51:32Z,\N,2027-03-28T14:51:09Z,\N,1,assert
acme:observation:acme-source-system-cmdb-primary~ace19a4da7a8,observation,acme,acme:source_system:cmdb-primary~c902d8335625,2027-03-09T05:48:18Z,vulnerability,acme:compute_node:end-0000227~250edfad13ef,high,0.95,2027-03-09T05:48:18Z,\N,2027-03-28T07:34:49Z,\N,1,assert
acme:observation:acme-source-system-cmdb-primary~f7a89c048330,observation,acme,acme:source_system:cmdb-primary~c902d8335625,2027-03-09T03:25:48Z,malware,acme:software_installation:acme-compute-node-end-0000550~68dec1ffee1c,low,0.80,2027-03-09T03:25:48Z,\N,2027-03-29T19:51:11Z,\N,1,assert
acme:observation:acme-source-system-hr-workday~0613acb89919,observation,acme,acme:source_system:hr-workday~1390a88c18f8,2027-03-09T17:29:58Z,malware,acme:certificate:aws-reg-1-az2-acme-example-797ac3be540b~d7dec86ee9dc,high,0.80,2027-03-09T17:29:58Z,\N,2027-03-29T07:46:44Z,\N,1,assert
acme:observation:acme-source-system-vcenter-readonly~0cf970fbed1a,observation,acme,acme:source_system:vcenter-readonly~b602e829e731,2027-03-09T22:29:15Z,malware,acme:certificate:hq-b2-f1-acme-example-0f3a9f14dbba~363a81c2b5aa,medium,0.60,2027-03-09T22:29:15Z,\N,2027-03-29T10:19:12Z,\N,1,assert
acme:observation:acme-source-system-aws-org-control~173fdb6eb2c6,observation,acme,acme:source_system:aws-org-control-tower~b5c83222a3f6,2027-03-09T09:08:31Z,policy_deviation,acme:software_installation:acme-compute-node-end-0000415~72cf88782564,medium,0.95,2027-03-09T09:08:31Z,\N,2027-03-29T04:11:52Z,\N,1,assert
acme:observation:acme-source-system-sweep-active~95c039a56390,observation,acme,acme:source_system:sweep-active~109a94e8519c,2027-03-09T10:03:58Z,policy_deviation,acme:entitlement:acme-principal-ad-50d91b9f-4a1b-4c2d~446d0d983ad9,medium,0.80,2027-03-09T10:03:58Z,\N,2027-03-29T20:20:47Z,\N,1,assert
acme:observation:acme-source-system-pentest-external~a9a373561c6b,observation,acme,acme:source_system:pentest-external~ae7acfd1ffac,2027-03-09T11:28:18Z,policy_deviation,acme:software_installation:acme-compute-node-end-0000186~cd3c9a3d2eb2,low,0.95,2027-03-09T11:28:18Z,\N,2027-03-29T23:22:11Z,\N,1,assert
acme:observation:acme-source-system-cmdb-dc2-legacy~0f5230873e9c,observation,acme,acme:source_system:cmdb-dc2-legacy~4c63646d6078,2027-03-09T05:25:41Z,exposure,acme:software_installation:acme-compute-node-clu-0000131~75001ecc3e43,critical,0.95,2027-03-09T05:25:41Z,\N,2027-03-29T06:06:31Z,\N,1,assert
acme:observation:acme-source-system-cmdb-dc2-legacy~ecc2d59042ca,observation,acme,acme:source_system:cmdb-dc2-legacy~4c63646d6078,2027-03-09T00:57:20Z,vulnerability,acme:aws.aws_subscription:s-700000000001~72b8cfd47ab0,medium,0.95,2027-03-09T00:57:20Z,\N,2027-03-29T23:53:17Z,\N,1,assert
acme:observation:acme-source-system-iam-emea~63b802797cc5,observation,acme,acme:source_system:iam-emea~165ad3d676e1,2027-03-09T05:50:01Z,penetration_test,acme:aws.aws_subscription:s-700000000001~72b8cfd47ab0,informational,0.95,2027-03-09T05:50:01Z,\N,2027-03-29T08:03:00Z,\N,1,assert
acme:observation:acme-source-system-vcenter-readonly~76951ed57915,observation,acme,acme:source_system:vcenter-readonly~b602e829e731,2027-03-09T14:03:44Z,vulnerability,acme:service:svc-000036~1940951d046a,high,0.60,2027-03-09T14:03:44Z,\N,2027-03-30T08:28:00Z,\N,1,assert
acme:observation:acme-source-system-sweep-active~73173ac06ff9,observation,acme,acme:source_system:sweep-active~109a94e8519c,2027-03-09T00:00:28Z,malware,acme:software_installation:acme-compute-node-end-0000470~f53a0c6ffe9f,informational,0.60,2027-03-09T00:00:28Z,\N,2027-03-30T19:38:16Z,\N,1,assert
acme:observation:acme-source-system-walkdown-sites~b889dd534023,observation,acme,acme:source_system:walkdown-sites~d4fc30691224,2027-03-09T02:22:41Z,vulnerability,acme:data_store:store-00034~a13ca0592528,medium,0.80,2027-03-09T02:22:41Z,\N,2027-03-30T21:38:25Z,\N,1,assert
acme:observation:acme-source-system-iam-corp~35c9cd4442bf,observation,acme,acme:source_system:iam-corp~09e42672555d,2027-03-09T02:33:37Z,exposure,acme:aws.aws_vpc:vpc-00000002~e61beb5c2cdc,medium,0.80,2027-03-09T02:33:37Z,\N,2027-03-30T02:28:18Z,\N,1,assert
acme:observation:acme-source-system-cmdb-contractor~d66334539214,observation,acme,acme:source_system:cmdb-contractor~29997cbbc3a1,2027-03-09T02:39:30Z,vulnerability,acme:compute_node:end-0000027~24f3598eb4e3,medium,0.95,2027-03-09T02:39:30Z,\N,2027-03-30T16:07:32Z,\N,1,assert
acme:observation:acme-source-system-sweep-active~69ef7df5183b,observation,acme,acme:source_system:sweep-active~109a94e8519c,2027-03-09T10:36:54Z,policy_deviation,acme:compute_node:end-0000051~6d3d559a123b,medium,0.95,2027-03-09T10:36:54Z,\N,2027-03-30T07:22:02Z,\N,1,assert
acme:observation:acme-source-system-ticket-bridge~23c01f706058,observation,acme,acme:source_system:ticket-bridge~77ac6940d0b4,2027-03-09T09:02:32Z,penetration_test,acme:service:svc-000192~e5a678fdd667,critical,0.95,2027-03-09T09:02:32Z,\N,2027-03-30T20:13:13Z,\N,1,assert
acme:observation:acme-source-system-flow-netflow~bd38ae26bb11,observation,acme,acme:source_system:flow-netflow~69050d4209de,2027-03-09T16:14:05Z,channel_defect,acme:software_installation:acme-compute-node-end-0000236~798b05785f7d,medium,0.60,2027-03-09T16:14:05Z,\N,2027-03-31T11:16:46Z,\N,1,assert
acme:observation:acme-source-system-flow-netflow~0938620437e5,observation,acme,acme:source_system:flow-netflow~69050d4209de,2027-03-09T23:04:57Z,configuration,acme:software_installation:acme-compute-node-end-0000511~fb941dd0a708,high,0.95,2027-03-09T23:04:57Z,\N,2027-03-31T16:20:52Z,\N,1,assert
acme:observation:acme-source-system-iam-emea~8f5b0b37136b,observation,acme,acme:source_system:iam-emea~165ad3d676e1,2027-03-09T19:15:48Z,channel_defect,acme:access_rule:rule-000035~e61a20e6933f,medium,0.95,2027-03-09T19:15:48Z,\N,2027-03-31T10:04:10Z,\N,1,assert
acme:observation:acme-source-system-pentest-external~2b5c2d3a668d,observation,acme,acme:source_system:pentest-external~ae7acfd1ffac,2027-03-09T13:36:08Z,policy_deviation,acme:ip_address:10-106-0-118~8e2e3e08b470,critical,0.95,2027-03-09T13:36:08Z,\N,2027-03-31T15:22:47Z,\N,1,assert
acme:observation:acme-source-system-ticket-bridge~7be191e42115,observation,acme,acme:source_system:ticket-bridge~77ac6940d0b4,2027-03-09T00:39:09Z,malware,acme:software_installation:acme-compute-node-end-0000580~505e9e33f759,medium,0.95,2027-03-09T00:39:09Z,\N,2027-03-31T22:07:40Z,\N,1,assert
acme:observation:acme-source-system-vcenter-readonly~44a0db7df38b,observation,acme,acme:source_system:vcenter-readonly~b602e829e731,2027-03-09T04:01:47Z,policy_deviation,acme:service:svc-000051~ddad096e2a6c,medium,0.80,2027-03-09T04:01:47Z,\N,2027-03-31T16:12:00Z,\N,1,assert
acme:observation:acme-source-system-pentest-external~cc6b7e17340e,observation,acme,acme:source_system:pentest-external~ae7acfd1ffac,2027-03-09T12:52:12Z,configuration,acme:software_installation:acme-compute-node-vir-0000005~189f173caebd,critical,0.60,2027-03-09T12:52:12Z,\N,2027-04-01T01:54:19Z,\N,1,assert
acme:observation:acme-source-system-flow-netflow~6d6227479efa,observation,acme,acme:source_system:flow-netflow~69050d4209de,2027-03-09T08:57:24Z,vulnerability,acme:aws.aws_subscription:s-700000000000~ddc8a5db893a,low,0.95,2027-03-09T08:57:24Z,\N,2027-04-01T21:47:06Z,\N,1,assert
acme:observation:acme-source-system-aws-org-control~7acefa597c26,observation,acme,acme:source_system:aws-org-control-tower~b5c83222a3f6,2027-03-09T21:45:46Z,policy_deviation,acme:software_installation:acme-compute-node-end-0000294~b76e7f5d7f04,low,0.80,2027-03-09T21:45:46Z,\N,2027-04-01T00:03:28Z,\N,1,assert
acme:observation:acme-source-system-ticket-bridge~284e1a958446,observation,acme,acme:source_system:ticket-bridge~77ac6940d0b4,2027-03-09T22:26:21Z,policy_deviation,acme:compute_node:end-0000562~2bbbfc1e4194,low,0.40,2027-03-09T22:26:21Z,\N,2027-04-01T09:24:23Z,\N,1,assert
acme:observation:acme-source-system-flow-netflow~ddeb28183a51,observation,acme,acme:source_system:flow-netflow~69050d4209de,2027-03-09T18:47:55Z,vulnerability,acme:software_installation:acme-compute-node-con-0000121~578d9ddf44db,low,0.95,2027-03-09T18:47:55Z,\N,2027-04-01T15:20:09Z,\N,1,assert
acme:observation:acme-source-system-cmdb-primary~97251a453649,observation,acme,acme:source_system:cmdb-primary~c902d8335625,2027-03-09T07:30:16Z,policy_deviation,acme:network_segment:10-105-1-0-24~92eefc23d7fa,high,0.40,2027-03-09T07:30:16Z,\N,2027-04-01T18:48:42Z,\N,1,assert
acme:observation:acme-source-system-ticket-bridge~1de425b6d9d7,observation,acme,acme:source_system:ticket-bridge~77ac6940d0b4,2027-03-09T04:53:42Z,exposure,acme:software_installation:acme-compute-node-end-0000091~57154696de2f,medium,0.95,2027-03-09T04:53:42Z,\N,2027-04-01T20:30:04Z,\N,1,assert
acme:observation:acme-source-system-pentest-external~f5694368c106,observation,acme,acme:source_system:pentest-external~ae7acfd1ffac,2027-03-09T04:14:20Z,malware,acme:aws.aws_subscription:s-700000000001~72b8cfd47ab0,high,0.60,2027-03-09T04:14:20Z,\N,2027-04-01T14:37:14Z,\N,1,assert
acme:observation:acme-source-system-walkdown-sites~add2bcc06538,observation,acme,acme:source_system:walkdown-sites~d4fc30691224,2027-03-09T10:06:54Z,exposure,acme:certificate:hq-b1-f1-r1-rack04-acme-example~2917c69b2217,medium,0.40,2027-03-09T10:06:54Z,\N,2027-04-01T10:04:16Z,\N,1,assert
acme:observation:acme-source-system-flow-netflow~4bd4ef2c4ffb,observation,acme,acme:source_system:flow-netflow~69050d4209de,2027-03-09T03:32:23Z,configuration,acme:compute_node:end-0000428~dda90966a247,medium,0.40,2027-03-09T03:32:23Z,\N,2027-04-02T07:30:36Z,\N,1,assert
acme:observation:acme-source-system-iam-emea~86e80c18b87d,observation,acme,acme:source_system:iam-emea~165ad3d676e1,2027-03-09T07:00:19Z,configuration,acme:certificate:aws-reg-5-acme-example-a58c6e2fc166~f166adfe4225,high,0.60,2027-03-09T07:00:19Z,\N,2027-04-02T13:40:24Z,\N,1,assert
acme:observation:acme-source-system-cmdb-dc2-legacy~86aa7bcf9d6e,observation,acme,acme:source_system:cmdb-dc2-legacy~4c63646d6078,2027-03-09T14:30:22Z,penetration_test,acme:compute_node:end-0000362~425cc3e5362a,informational,0.95,2027-03-09T14:30:22Z,\N,2027-04-02T06:23:05Z,\N,1,assert
acme:observation:acme-source-system-pentest-external~bb584a3aed13,observation,acme,acme:source_system:pentest-external~ae7acfd1ffac,2027-03-09T06:23:33Z,penetration_test,acme:certificate:hq-dc2-f1-acme-example-30649aca129d~9044d2d8e9b5,medium,0.95,2027-03-09T06:23:33Z,\N,2027-04-02T22:05:36Z,\N,1,assert
acme:observation:acme-source-system-walkdown-sites~2d1e89531027,observation,acme,acme:source_system:walkdown-sites~d4fc30691224,2027-03-09T08:41:38Z,vulnerability,acme:software_installation:acme-compute-node-end-0000294~b76e7f5d7f04,high,0.80,2027-03-09T08:41:38Z,\N,2027-04-02T10:33:22Z,\N,1,assert
acme:observation:acme-source-system-walkdown-sites~cb6f6aae59aa,observation,acme,acme:source_system:walkdown-sites~d4fc30691224,2027-03-09T18:07:50Z,vulnerability,acme:ip_address:172-16-40-82~7b0b460c87aa,medium,0.60,2027-03-09T18:07:50Z,\N,2027-04-02T16:08:22Z,\N,1,assert
acme:observation:acme-source-system-iam-corp~7eeca5a4985d,observation,acme,acme:source_system:iam-corp~09e42672555d,2027-03-09T05:32:03Z,policy_deviation,acme:service:svc-000048~7346a1bbe0c7,low,0.80,2027-03-09T05:32:03Z,\N,2027-04-02T13:54:01Z,\N,1,assert
acme:observation:acme-source-system-walkdown-sites~a00cad7e6720,observation,acme,acme:source_system:walkdown-sites~d4fc30691224,2027-03-09T01:10:02Z,vulnerability,acme:certificate:hq-dc1-acme-example-b28d98996d82~9cb1efddd740,low,0.60,2027-03-09T01:10:02Z,\N,2027-04-02T15:30:40Z,\N,1,assert
acme:observation:acme-source-system-scanner-vuln~e4b0128bd389,observation,acme,acme:source_system:scanner-vuln~5e912e477c14,2027-03-09T22:51:26Z,malware,acme:software_installation:acme-compute-node-end-0000324~88e1f225f6ed,high,0.60,2027-03-09T22:51:26Z,\N,2027-04-02T21:56:55Z,\N,1,assert
acme:observation:acme-source-system-hr-workday~a9b572fc2df9,observation,acme,acme:source_system:hr-workday~1390a88c18f8,2027-03-09T07:19:51Z,configuration,acme:service:svc-000086~19076e04c1e6,medium,0.60,2027-03-09T07:19:51Z,\N,2027-04-02T09:12:16Z,\N,1,assert
acme:observation:acme-source-system-hr-workday~e317baa49408,observation,acme,acme:source_system:hr-workday~1390a88c18f8,2027-03-09T10:33:19Z,configuration,acme:software_installation:acme-compute-node-phy-0000000~c6515e6940d4,low,0.60,2027-03-09T10:33:19Z,\N,2027-04-03T04:15:45Z,\N,1,assert
acme:observation:acme-source-system-cmdb-primary~4c03a9353b78,observation,acme,acme:source_system:cmdb-primary~c902d8335625,2027-03-09T21:03:18Z,exposure,acme:network_segment:10-0-0-0-24~70dd3740e76e,medium,0.95,2027-03-09T21:03:18Z,\N,2027-04-03T09:38:03Z,\N,1,assert
acme:observation:acme-source-system-cmdb-dc2-legacy~8387a8d2467b,observation,acme,acme:source_system:cmdb-dc2-legacy~4c63646d6078,2027-03-09T01:31:57Z,malware,acme:software_installation:acme-compute-node-end-0000339~e8a355eda0f8,critical,0.60,2027-03-09T01:31:57Z,\N,2027-04-04T11:47:40Z,\N,1,assert
acme:observation:acme-source-system-pentest-external~7edf15ee1c38,observation,acme,acme:source_system:pentest-external~ae7acfd1ffac,2027-03-09T14:08:42Z,penetration_test,acme:access_rule:rule-000008~bb578843f2bc,informational,0.40,2027-03-09T14:08:42Z,\N,2027-04-04T19:42:48Z,\N,1,assert
acme:observation:acme-source-system-pentest-external~dec3e27caa26,observation,acme,acme:source_system:pentest-external~ae7acfd1ffac,2027-03-09T01:12:23Z,vulnerability,acme:compute_node:end-0000093~25d794bdb09b,low,0.80,2027-03-09T01:12:23Z,\N,2027-04-04T08:01:41Z,\N,1,assert
acme:observation:acme-source-system-cmdb-primary~84b2a03844aa,observation,acme,acme:source_system:cmdb-primary~c902d8335625,2027-03-09T21:57:39Z,malware,acme:certificate:hq-dc1-f2-r2-acme-example-2b13cb729d1a~530175969389,medium,0.60,2027-03-09T21:57:39Z,\N,2027-04-05T04:54:31Z,\N,1,assert
acme:observation:acme-source-system-iam-corp~8660f6a7ff1a,observation,acme,acme:source_system:iam-corp~09e42672555d,2027-03-09T21:27:14Z,configuration,acme:certificate:remote-acme-example-f9570ecc1a1a~e1f0411b653f,high,0.95,2027-03-09T21:27:14Z,\N,2027-04-05T19:11:28Z,\N,1,assert
acme:observation:acme-source-system-aws-org-control~e8854549e624,observation,acme,acme:source_system:aws-org-control-tower~b5c83222a3f6,2027-03-09T12:05:43Z,malware,acme:compute_node:end-0000552~3975e23802d1,critical,0.80,2027-03-09T12:05:43Z,\N,2027-04-05T07:20:41Z,\N,1,assert
acme:observation:acme-source-system-cmdb-dc2-legacy~adcea313e4b1,observation,acme,acme:source_system:cmdb-dc2-legacy~4c63646d6078,2027-03-09T13:35:15Z,exposure,acme:service:svc-000125~74cb06cd192e,low,0.40,2027-03-09T13:35:15Z,\N,2027-04-05T17:10:37Z,\N,1,assert
acme:observation:acme-source-system-walkdown-sites~5587edf7ecbc,observation,acme,acme:source_system:walkdown-sites~d4fc30691224,2027-03-09T07:32:26Z,configuration,acme:data_store:store-00052~26da29c2901e,high,0.95,2027-03-09T07:32:26Z,\N,2027-04-05T01:58:11Z,\N,1,assert
acme:observation:acme-source-system-vcenter-readonly~3b1540fb7efe,observation,acme,acme:source_system:vcenter-readonly~b602e829e731,2027-03-09T16:11:52Z,vulnerability,acme:certificate:remote-acme-example-5827549faee9~e535d1cb5734,informational,0.60,2027-03-09T16:11:52Z,\N,2027-04-05T15:16:44Z,\N,1,assert
acme:observation:acme-source-system-iam-emea~a16c095386ca,observation,acme,acme:source_system:iam-emea~165ad3d676e1,2027-03-09T10:11:49Z,penetration_test,acme:compute_node:end-0000231~db999454855e,medium,0.60,2027-03-09T10:11:49Z,\N,2027-04-05T18:56:13Z,\N,1,assert
acme:observation:acme-source-system-walkdown-sites~f689445166d0,observation,acme,acme:source_system:walkdown-sites~d4fc30691224,2027-03-09T07:09:25Z,channel_defect,acme:compute_node:end-0000546~3b23ec851b7f,low,0.80,2027-03-09T07:09:25Z,\N,2027-04-06T07:52:28Z,\N,1,assert
acme:observation:acme-source-system-ticket-bridge~9e5a61fc57fd,observation,acme,acme:source_system:ticket-bridge~77ac6940d0b4,2027-03-09T05:42:53Z,configuration,acme:software_installation:acme-compute-node-end-0000247~5c1764a25233,medium,0.80,2027-03-09T05:42:53Z,\N,2027-04-06T05:12:09Z,\N,1,assert
acme:observation:acme-source-system-hr-workday~62e539ee554d,observation,acme,acme:source_system:hr-workday~1390a88c18f8,2027-03-09T06:38:04Z,vulnerability,acme:compute_node:end-0000286~73beb624598d,low,0.95,2027-03-09T06:38:04Z,\N,2027-04-06T23:08:02Z,\N,1,assert
acme:observation:acme-source-system-cmdb-primary~e2fb63963ba1,observation,acme,acme:source_system:cmdb-primary~c902d8335625,2027-03-09T15:25:34Z,audit_exception,acme:compute_node:end-0000463~e3140df852ea,low,0.80,2027-03-09T15:25:34Z,\N,2027-04-06T19:29:53Z,\N,1,assert
acme:observation:acme-source-system-cmdb-contractor~08c5b1edfdb3,observation,acme,acme:source_system:cmdb-contractor~29997cbbc3a1,2027-03-09T01:12:37Z,audit_exception,acme:software_installation:acme-compute-node-end-0000381~bd0282089f0b,medium,0.95,2027-03-09T01:12:37Z,\N,2027-04-06T06:01:27Z,\N,1,assert
acme:observation:acme-source-system-flow-netflow~757be04f0b7b,observation,acme,acme:source_system:flow-netflow~69050d4209de,2027-03-09T11:53:27Z,vulnerability,acme:software_installation:acme-compute-node-end-0000175~457f49b5e5f8,low,0.95,2027-03-09T11:53:27Z,\N,2027-04-06T14:31:53Z,\N,1,assert
acme:observation:acme-source-system-aws-org-control~27fdb7845591,observation,acme,acme:source_system:aws-org-control-tower~b5c83222a3f6,2027-03-09T08:19:07Z,configuration,acme:certificate:dc2-hall2-rack03-acme-example~4bb061d79214,high,0.80,2027-03-09T08:19:07Z,\N,2027-04-06T13:13:17Z,\N,1,assert
acme:observation:acme-source-system-iam-emea~104e016a1873,observation,acme,acme:source_system:iam-emea~165ad3d676e1,2027-03-09T20:18:39Z,malware,acme:ip_address:10-106-0-84~c1966791e936,medium,0.95,2027-03-09T20:18:39Z,\N,2027-04-06T21:38:44Z,\N,1,assert
acme:observation:acme-source-system-iam-corp~7636eb08b9fa,observation,acme,acme:source_system:iam-corp~09e42672555d,2027-03-09T19:58:01Z,malware,acme:software_installation:acme-compute-node-end-0000356~11a289921559,informational,0.40,2027-03-09T19:58:01Z,\N,2027-04-06T18:12:51Z,\N,1,assert
acme:observation:acme-source-system-aws-org-control~b7944f081376,observation,acme,acme:source_system:aws-org-control-tower~b5c83222a3f6,2027-03-09T11:21:05Z,vulnerability,acme:compute_node:end-0000210~28a7f1c11b6c,high,0.95,2027-03-09T11:21:05Z,\N,2027-04-07T05:34:27Z,\N,1,assert
acme:observation:acme-source-system-iam-emea~f1386c5d8c9f,observation,acme,acme:source_system:iam-emea~165ad3d676e1,2027-03-09T15:19:45Z,penetration_test,acme:software_installation:acme-compute-node-end-0000259~7e8d77f1b74d,informational,0.95,2027-03-09T15:19:45Z,\N,2027-04-07T12:12:17Z,\N,1,assert
acme:observation:acme-source-system-walkdown-sites~c385d5326b08,observation,acme,acme:source_system:walkdown-sites~d4fc30691224,2027-03-09T21:40:19Z,vulnerability,acme:aws.aws_vpc:vpc-00000001~8ecf8f04704e,medium,0.40,2027-03-09T21:40:19Z,\N,2027-04-07T17:19:55Z,\N,1,assert
acme:observation:acme-source-system-aws-org-control~07101e8bfed3,observation,acme,acme:source_system:aws-org-control-tower~b5c83222a3f6,2027-03-09T03:03:06Z,configuration,acme:software_installation:acme-compute-node-end-0000175~457f49b5e5f8,medium,0.80,2027-03-09T03:03:06Z,\N,2027-04-07T21:54:56Z,\N,1,assert
acme:observation:acme-source-system-ticket-bridge~cf8bdd132b4c,observation,acme,acme:source_system:ticket-bridge~77ac6940d0b4,2027-03-09T10:26:34Z,exposure,acme:compute_node:end-0000275~1971fd1b5e71,low,0.40,2027-03-09T10:26:34Z,\N,2027-04-07T21:37:53Z,\N,1,assert
acme:observation:acme-source-system-ticket-bridge~a9b843403649,observation,acme,acme:source_system:ticket-bridge~77ac6940d0b4,2027-03-09T06:24:45Z,audit_exception,acme:certificate:hq-acme-example-9a477cdd0d36~ebcbd80dbd9c,high,0.40,2027-03-09T06:24:45Z,\N,2027-04-07T15:44:39Z,\N,1,assert
acme:observation:acme-source-system-cmdb-primary~db8766f096f2,observation,acme,acme:source_system:cmdb-primary~c902d8335625,2027-03-09T22:44:36Z,malware,acme:software_installation:acme-compute-node-end-0000356~a00e7f233629,low,0.80,2027-03-09T22:44:36Z,\N,2027-04-08T20:28:55Z,\N,1,assert
acme:observation:acme-source-system-sweep-active~e1cbf7b50a50,observation,acme,acme:source_system:sweep-active~109a94e8519c,2027-03-09T02:21:04Z,vulnerability,acme:ip_address:172-16-40-29~9233332bd6b6,low,0.80,2027-03-09T02:21:04Z,\N,2027-04-08T04:15:21Z,\N,1,assert
acme:observation:acme-source-system-iam-corp~c6b8d2d67c3c,observation,acme,acme:source_system:iam-corp~09e42672555d,2027-03-09T12:25:07Z,vulnerability,acme:software_installation:acme-compute-node-phy-0000000~09c2920e64bb,low,0.60,2027-03-09T12:25:07Z,\N,2027-04-08T19:13:04Z,\N,1,assert
acme:observation:acme-source-system-flow-netflow~b8940fa16a51,observation,acme,acme:source_system:flow-netflow~69050d4209de,2027-03-09T09:07:04Z,exposure,acme:entitlement:acme-principal-wl-000030-dea5f8aedc0a~d595c2badead,medium,0.95,2027-03-09T09:07:04Z,\N,2027-04-08T11:47:49Z,\N,1,assert
acme:observation:acme-source-system-walkdown-sites~23a70a96399c,observation,acme,acme:source_system:walkdown-sites~d4fc30691224,2027-03-09T12:14:57Z,penetration_test,acme:ip_address:10-106-0-75~47eb3f660e81,medium,0.80,2027-03-09T12:14:57Z,\N,2027-04-08T19:21:14Z,\N,1,assert
acme:observation:acme-source-system-vcenter-readonly~d8fe1a609740,observation,acme,acme:source_system:vcenter-readonly~b602e829e731,2027-03-09T09:25:34Z,configuration,acme:certificate:remote-office-f1-r1-acme-example~953ab3695fdf,critical,0.60,2027-03-09T09:25:34Z,\N,2027-04-08T20:20:44Z,\N,1,assert
acme:observation:acme-source-system-cmdb-contractor~a1bbe4ff533e,observation,acme,acme:source_system:cmdb-contractor~29997cbbc3a1,2027-03-09T12:06:36Z,vulnerability,acme:compute_node:clu-0000135~0d1f47238cd4,low,0.80,2027-03-09T12:06:36Z,\N,2027-04-08T12:52:48Z,\N,1,assert
acme:observation:acme-source-system-cmdb-dc2-legacy~cde83a384833,observation,acme,acme:source_system:cmdb-dc2-legacy~4c63646d6078,2027-03-09T23:30:23Z,malware,acme:software_installation:acme-compute-node-vir-0000005~148495a77df6,high,0.95,2027-03-09T23:30:23Z,\N,2027-04-08T18:09:20Z,\N,1,assert
acme:observation:acme-source-system-aws-org-control~4b45ddf187ea,observation,acme,acme:source_system:aws-org-control-tower~b5c83222a3f6,2027-03-09T21:32:10Z,configuration,acme:certificate:aws-reg-2-az1-acme-example-c270e25ffc33~e0617ee3aa10,low,0.95,2027-03-09T21:32:10Z,\N,2027-04-08T05:37:27Z,\N,1,assert
acme:observation:acme-source-system-aws-org-control~789287eed95e,observation,acme,acme:source_system:aws-org-control-tower~b5c83222a3f6,2027-03-09T01:05:03Z,configuration,acme:compute_node:end-0000284~a8480e50ba43,critical,0.80,2027-03-09T01:05:03Z,\N,2027-04-08T01:03:24Z,\N,1,assert
acme:observation:acme-source-system-pentest-external~853e23d2e43a,observation,acme,acme:source_system:pentest-external~ae7acfd1ffac,2027-03-09T11:05:03Z,configuration,acme:compute_node:end-0000345~b94ebdb396b7,medium,0.95,2027-03-09T11:05:03Z,\N,2027-04-08T05:27:23Z,\N,1,assert
acme:observation:acme-source-system-iam-corp~13b2d6c63d20,observation,acme,acme:source_system:iam-corp~09e42672555d,2027-03-09T12:00:17Z,policy_deviation,acme:service:svc-000174~d59d6b870906,informational,0.80,2027-03-09T12:00:17Z,\N,2027-04-08T17:30:56Z,\N,1,assert
acme:observation:acme-source-system-vcenter-readonly~6af1c94c6f6d,observation,acme,acme:source_system:vcenter-readonly~b602e829e731,2027-03-09T10:51:15Z,policy_deviation,acme:service:svc-000163~7aed675dba19,low,0.60,2027-03-09T10:51:15Z,\N,2027-04-08T10:18:41Z,\N,1,assert
acme:observation:acme-source-system-hr-workday~f12e7c7e1f54,observation,acme,acme:source_system:hr-workday~1390a88c18f8,2027-03-09T15:33:09Z,channel_defect,acme:certificate:remote-office-f1-r1-acme-example~953ab3695fdf,medium,0.95,2027-03-09T15:33:09Z,\N,2027-04-08T15:11:27Z,\N,1,assert
acme:observation:acme-source-system-iam-corp~6b63917aa109,observation,acme,acme:source_system:iam-corp~09e42672555d,2027-03-09T15:19:03Z,policy_deviation,acme:ip_address:172-16-40-247~10a17cef4b0f,medium,0.95,2027-03-09T15:19:03Z,\N,2027-04-09T03:21:33Z,\N,1,assert
acme:observation:acme-source-system-iam-emea~fdf4c04c5717,observation,acme,acme:source_system:iam-emea~165ad3d676e1,2027-03-09T16:13:32Z,exposure,acme:compute_node:clu-0000141~a3a162ef3b41,medium,0.80,2027-03-09T16:13:32Z,\N,2027-04-09T17:08:00Z,\N,1,assert
acme:observation:acme-source-system-flow-netflow~6e7d8480b901,observation,acme,acme:source_system:flow-netflow~69050d4209de,2027-03-09T16:26:46Z,configuration,acme:compute_node:end-0000253~5f14ef10a9e7,medium,0.60,2027-03-09T16:26:46Z,\N,2027-04-09T19:32:57Z,\N,1,assert
acme:observation:acme-source-system-cmdb-contractor~cffd0053e273,observation,acme,acme:source_system:cmdb-contractor~29997cbbc3a1,2027-03-09T00:57:56Z,vulnerability,acme:compute_node:end-0000598~f97edea6e0c6,medium,0.95,2027-03-09T00:57:56Z,\N,2027-04-09T22:04:35Z,\N,1,assert
acme:observation:acme-source-system-hr-workday~647883bd0766,observation,acme,acme:source_system:hr-workday~1390a88c18f8,2027-03-09T10:48:50Z,configuration,acme:access_rule:rule-000038~4302139ebe31,low,0.80,2027-03-09T10:48:50Z,\N,2027-04-09T18:26:00Z,\N,1,assert
acme:observation:acme-source-system-vcenter-readonly~fc5b5d7c6df0,observation,acme,acme:source_system:vcenter-readonly~b602e829e731,2027-03-09T16:03:38Z,channel_defect,acme:certificate:dc2-hall2-rack01-acme-example~eab65a1e8ca8,high,0.60,2027-03-09T16:03:38Z,\N,2027-04-09T06:17:40Z,\N,1,assert
acme:observation:acme-source-system-cmdb-dc2-legacy~2dd010d4f76c,observation,acme,acme:source_system:cmdb-dc2-legacy~4c63646d6078,2027-03-09T19:33:03Z,vulnerability,acme:compute_node:end-0000450~b9e59b4d8f5d,high,0.80,2027-03-09T19:33:03Z,\N,2027-04-09T04:21:16Z,\N,1,assert
acme:observation:acme-source-system-aws-org-control~cc11eec886d2,observation,acme,acme:source_system:aws-org-control-tower~b5c83222a3f6,2027-03-09T16:29:18Z,configuration,acme:network_segment:172-16-42-0-24~6dd99a084551,critical,0.80,2027-03-09T16:29:18Z,\N,2027-04-09T20:42:24Z,\N,1,assert
acme:observation:acme-source-system-pentest-external~07bac5c511ea,observation,acme,acme:source_system:pentest-external~ae7acfd1ffac,2027-03-09T22:21:13Z,malware,acme:software_installation:acme-compute-node-end-0000034~ec2131d705a4,informational,0.80,2027-03-09T22:21:13Z,\N,2027-04-10T01:33:12Z,\N,1,assert
acme:observation:acme-source-system-flow-netflow~e9a07eda2fb2,observation,acme,acme:source_system:flow-netflow~69050d4209de,2027-03-09T20:45:11Z,exposure,acme:compute_node:end-0000237~ee52960bcce2,low,0.60,2027-03-09T20:45:11Z,\N,2027-04-10T17:23:11Z,\N,1,assert
acme:observation:acme-source-system-iam-emea~63afaf8e60b1,observation,acme,acme:source_system:iam-emea~165ad3d676e1,2027-03-09T07:10:40Z,vulnerability,acme:compute_node:end-0000532~770b1ebe7a3d,medium,0.80,2027-03-09T07:10:40Z,\N,2027-04-10T04:12:51Z,\N,1,assert
acme:observation:acme-source-system-cmdb-contractor~60fb4d6035b9,observation,acme,acme:source_system:cmdb-contractor~29997cbbc3a1,2027-03-09T08:40:30Z,configuration,acme:compute_node:end-0000577~2e550d67e521,low,0.40,2027-03-09T08:40:30Z,\N,2027-04-10T06:03:19Z,\N,1,assert
acme:observation:acme-source-system-sweep-active~a57b2f2de44b,observation,acme,acme:source_system:sweep-active~109a94e8519c,2027-03-09T16:46:27Z,vulnerability,acme:compute_node:end-0000600~8f22bb57fdcf,medium,0.40,2027-03-09T16:46:27Z,\N,2027-04-10T06:48:25Z,\N,1,assert
acme:observation:acme-source-system-vcenter-readonly~fe165599fc12,observation,acme,acme:source_system:vcenter-readonly~b602e829e731,2027-03-09T08:52:00Z,policy_deviation,acme:certificate:hq-dc2-f2-acme-example-ba819c27cb19~64ba496e778d,critical,0.80,2027-03-09T08:52:00Z,\N,2027-04-10T21:16:07Z,\N,1,assert
acme:observation:acme-source-system-cmdb-primary~917f4b3ddae2,observation,acme,acme:source_system:cmdb-primary~c902d8335625,2027-03-09T03:55:31Z,penetration_test,acme:compute_node:end-0000383~7194fed66696,medium,0.60,2027-03-09T03:55:31Z,\N,2027-04-10T21:25:16Z,\N,1,assert
acme:observation:acme-source-system-scanner-vuln~1a0262fb0088,observation,acme,acme:source_system:scanner-vuln~5e912e477c14,2027-03-09T10:24:16Z,configuration,acme:software_installation:acme-compute-node-end-0000425~d87b037837c4,high,0.60,2027-03-09T10:24:16Z,\N,2027-04-11T21:51:56Z,\N,1,assert
acme:observation:acme-source-system-pentest-external~522113c9743a,observation,acme,acme:source_system:pentest-external~ae7acfd1ffac,2027-03-09T12:06:15Z,channel_defect,acme:compute_node:con-0000120~5cf4563c03d0,medium,0.80,2027-03-09T12:06:15Z,\N,2027-04-11T00:38:09Z,\N,1,assert
acme:observation:acme-source-system-cmdb-contractor~19da28d1ee84,observation,acme,acme:source_system:cmdb-contractor~29997cbbc3a1,2027-03-09T03:53:57Z,policy_deviation,acme:software_installation:acme-compute-node-end-0000571~43550eab2cad,low,0.80,2027-03-09T03:53:57Z,\N,2027-04-11T18:28:23Z,\N,1,assert
acme:observation:acme-source-system-vcenter-readonly~c37fe02a7999,observation,acme,acme:source_system:vcenter-readonly~b602e829e731,2027-03-09T13:05:54Z,policy_deviation,acme:network_segment:10-107-2-0-24~7494fa2de4d7,medium,0.40,2027-03-09T13:05:54Z,\N,2027-04-11T12:29:28Z,\N,1,assert
acme:observation:acme-source-system-hr-workday~8d7e9fa93f67,observation,acme,acme:source_system:hr-workday~1390a88c18f8,2027-03-09T13:46:36Z,malware,acme:software_installation:acme-compute-node-end-0000270~017bc2a1422b,medium,0.80,2027-03-09T13:46:36Z,\N,2027-04-11T11:40:04Z,\N,1,assert
acme:observation:acme-source-system-walkdown-sites~0d658508e342,observation,acme,acme:source_system:walkdown-sites~d4fc30691224,2027-03-09T13:25:57Z,exposure,acme:software_installation:acme-compute-node-end-0000453~c49da3b04274,low,0.95,2027-03-09T13:25:57Z,\N,2027-04-11T04:45:05Z,\N,1,assert
acme:observation:acme-source-system-cmdb-dc2-legacy~064d4c159aec,observation,acme,acme:source_system:cmdb-dc2-legacy~4c63646d6078,2027-03-09T07:23:13Z,configuration,acme:ip_address:10-106-0-63~e30f47d75a5e,medium,0.80,2027-03-09T07:23:13Z,\N,2027-04-11T00:29:31Z,\N,1,assert
acme:observation:acme-source-system-pentest-external~a4ece79e6840,observation,acme,acme:source_system:pentest-external~ae7acfd1ffac,2027-03-09T10:01:55Z,malware,acme:compute_node:end-0000437~7dca654ce2a3,low,0.95,2027-03-09T10:01:55Z,\N,2027-04-11T14:02:53Z,\N,1,assert
acme:observation:acme-source-system-cmdb-contractor~9d57095c9ae7,observation,acme,acme:source_system:cmdb-contractor~29997cbbc3a1,2027-03-09T19:11:36Z,malware,acme:certificate:remote-office-f1-r2-acme-example~3a36e903ea7a,high,0.95,2027-03-09T19:11:36Z,\N,2027-04-12T16:17:12Z,\N,1,assert
acme:observation:acme-source-system-scanner-vuln~1f199498b661,observation,acme,acme:source_system:scanner-vuln~5e912e477c14,2027-03-09T10:41:59Z,malware,acme:access_rule:rule-000010~ebc5ec011e99,medium,0.80,2027-03-09T10:41:59Z,\N,2027-04-12T09:42:15Z,\N,1,assert
acme:observation:acme-source-system-flow-netflow~f28b8d34f441,observation,acme,acme:source_system:flow-netflow~69050d4209de,2027-03-09T17:10:19Z,vulnerability,acme:certificate:dc2-hall1-rack01-acme-example~a6eedcb35cc6,low,0.80,2027-03-09T17:10:19Z,\N,2027-04-12T01:23:50Z,\N,1,assert
acme:observation:acme-source-system-cmdb-contractor~6df5e97467d4,observation,acme,acme:source_system:cmdb-contractor~29997cbbc3a1,2027-03-09T18:12:54Z,vulnerability,acme:network_segment:10-20-6-0-24~ce617dd58e5d,critical,0.95,2027-03-09T18:12:54Z,\N,2027-04-12T19:45:45Z,\N,1,assert
acme:observation:acme-source-system-iam-emea~fbf08f117dad,observation,acme,acme:source_system:iam-emea~165ad3d676e1,2027-03-09T22:48:44Z,configuration,acme:network_segment:10-101-2-0-24~af619d46ac75,low,0.80,2027-03-09T22:48:44Z,\N,2027-04-12T20:42:08Z,\N,1,assert
acme:observation:acme-source-system-flow-netflow~90f818f9d61d,observation,acme,acme:source_system:flow-netflow~69050d4209de,2027-03-09T02:23:22Z,vulnerability,acme:software_installation:acme-compute-node-end-0000590~d1b9c64699d5,medium,0.95,2027-03-09T02:23:22Z,\N,2027-04-13T10:03:40Z,\N,1,assert
acme:observation:acme-source-system-hr-workday~9e77e593254e,observation,acme,acme:source_system:hr-workday~1390a88c18f8,2027-03-09T00:55:25Z,policy_deviation,acme:compute_node:end-0000232~4a0919d7f58d,high,0.60,2027-03-09T00:55:25Z,\N,2027-04-13T10:13:54Z,\N,1,assert
acme:observation:acme-source-system-sweep-active~4a73317d95ef,observation,acme,acme:source_system:sweep-active~109a94e8519c,2027-03-09T06:20:29Z,malware,acme:certificate:hq-b1-f2-r2-acme-example-7b2708c856cf~573acae6775d,informational,0.95,2027-03-09T06:20:29Z,\N,2027-04-13T11:30:44Z,\N,1,assert
acme:observation:acme-source-system-cmdb-primary~d4aeda9029db,observation,acme,acme:source_system:cmdb-primary~c902d8335625,2027-03-09T11:05:01Z,configuration,acme:certificate:hq-b1-f1-r1-rack04-acme-example~2917c69b2217,medium,0.60,2027-03-09T11:05:01Z,\N,2027-04-13T11:16:01Z,\N,1,assert
acme:observation:acme-source-system-cmdb-dc2-legacy~a821da402354,observation,acme,acme:source_system:cmdb-dc2-legacy~4c63646d6078,2027-03-09T17:10:08Z,policy_deviation,acme:service:svc-000088~7bf53fef587f,medium,0.80,2027-03-09T17:10:08Z,\N,2027-04-14T07:40:55Z,\N,1,assert
acme:observation:acme-source-system-aws-org-control~2f3f974c4465,observation,acme,acme:source_system:aws-org-control-tower~b5c83222a3f6,2027-03-09T19:59:44Z,malware,acme:software_installation:acme-compute-node-end-0000319~41967340307e,high,0.95,2027-03-09T19:59:44Z,\N,2027-04-14T15:15:10Z,\N,1,assert
acme:observation:acme-source-system-hr-workday~04b0ae622b70,observation,acme,acme:source_system:hr-workday~1390a88c18f8,2027-03-09T19:02:22Z,exposure,acme:certificate:hq-dc1-f2-acme-example-cd2363368418~c1759bfb4fc5,informational,0.80,2027-03-09T19:02:22Z,\N,2027-04-14T11:43:01Z,\N,1,assert
acme:observation:acme-source-system-walkdown-sites~c751454c9033,observation,acme,acme:source_system:walkdown-sites~d4fc30691224,2027-03-09T22:34:18Z,policy_deviation,acme:network_segment:10-40-3-0-24~16019b7a6c96,low,0.80,2027-03-09T22:34:18Z,\N,2027-04-14T21:28:19Z,\N,1,assert
acme:observation:acme-source-system-sweep-active~4a7822ea3024,observation,acme,acme:source_system:sweep-active~109a94e8519c,2027-03-09T01:59:21Z,audit_exception,acme:certificate:hq-b2-f2-acme-example-81655a4523e4~5ca9bf06ddf3,medium,0.60,2027-03-09T01:59:21Z,\N,2027-04-14T23:14:28Z,\N,1,assert
acme:observation:acme-source-system-scanner-vuln~7614c64922ea,observation,acme,acme:source_system:scanner-vuln~5e912e477c14,2027-03-09T13:23:33Z,penetration_test,acme:software_installation:acme-compute-node-end-0000359~5c5f81ad3901,low,0.95,2027-03-09T13:23:33Z,\N,2027-04-14T19:42:21Z,\N,1,assert
acme:observation:acme-source-system-cmdb-dc2-legacy~560a833a2073,observation,acme,acme:source_system:cmdb-dc2-legacy~4c63646d6078,2027-03-09T06:14:09Z,configuration,acme:access_rule:rule-000010~ebc5ec011e99,medium,0.80,2027-03-09T06:14:09Z,\N,2027-04-14T07:21:47Z,\N,1,assert
acme:observation:acme-source-system-hr-workday~ef4b1f35b4a7,observation,acme,acme:source_system:hr-workday~1390a88c18f8,2027-03-09T23:44:49Z,malware,acme:aws.aws_vpc:vpc-00000001~8ecf8f04704e,medium,0.95,2027-03-09T23:44:49Z,\N,2027-04-14T00:26:41Z,\N,1,assert
acme:observation:acme-source-system-hr-workday~6e6909dc8daf,observation,acme,acme:source_system:hr-workday~1390a88c18f8,2027-03-09T00:44:25Z,configuration,acme:compute_node:end-0000180~b679e9141929,low,0.60,2027-03-09T00:44:25Z,\N,2027-04-14T21:54:34Z,\N,1,assert
acme:observation:acme-source-system-iam-emea~133cfb6f8cb7,observation,acme,acme:source_system:iam-emea~165ad3d676e1,2027-03-09T02:43:40Z,vulnerability,acme:compute_node:end-0000574~7e6de27a6289,medium,0.60,2027-03-09T02:43:40Z,\N,2027-04-14T09:57:14Z,\N,1,assert
acme:observation:acme-source-system-pentest-external~8787094520bc,observation,acme,acme:source_system:pentest-external~ae7acfd1ffac,2027-03-09T15:04:06Z,policy_deviation,acme:certificate:hq-dc2-f2-acme-example-ba819c27cb19~64ba496e778d,low,0.80,2027-03-09T15:04:06Z,\N,2027-04-15T14:00:50Z,\N,1,assert
acme:observation:acme-source-system-flow-netflow~51c749b924d4,observation,acme,acme:source_system:flow-netflow~69050d4209de,2027-03-09T00:58:28Z,policy_deviation,acme:data_store:store-00012~3e059b31b745,medium,0.95,2027-03-09T00:58:28Z,\N,2027-04-15T12:33:14Z,\N,1,assert
acme:observation:acme-source-system-ticket-bridge~faf5bc5d736e,observation,acme,acme:source_system:ticket-bridge~77ac6940d0b4,2027-03-09T04:37:33Z,malware,acme:software_installation:acme-compute-node-end-0000590~2915cfa2451b,high,0.60,2027-03-09T04:37:33Z,\N,2027-04-15T05:11:46Z,\N,1,assert
acme:observation:acme-source-system-iam-corp~c980d07cf5ca,observation,acme,acme:source_system:iam-corp~09e42672555d,2027-03-09T07:18:11Z,channel_defect,acme:software_installation:acme-compute-node-end-0000406~14fc7798ddaf,medium,0.95,2027-03-09T07:18:11Z,\N,2027-04-15T10:16:09Z,\N,1,assert
acme:observation:acme-source-system-aws-org-control~6e1252633e9a,observation,acme,acme:source_system:aws-org-control-tower~b5c83222a3f6,2027-03-09T19:06:35Z,configuration,acme:aws.aws_subscription:s-700000000001~72b8cfd47ab0,low,0.95,2027-03-09T19:06:35Z,\N,2027-04-15T11:21:36Z,\N,1,assert
acme:observation:acme-source-system-sweep-active~113d351f6cbd,observation,acme,acme:source_system:sweep-active~109a94e8519c,2027-03-09T03:35:50Z,vulnerability,acme:network_segment:10-104-1-0-24~56f755298451,medium,0.40,2027-03-09T03:35:50Z,\N,2027-04-15T00:38:44Z,\N,1,assert
acme:observation:acme-source-system-iam-corp~bbaff68a52c5,observation,acme,acme:source_system:iam-corp~09e42672555d,2027-03-09T06:13:30Z,configuration,acme:software_installation:acme-compute-node-end-0000217~5d3102e290b6,medium,0.80,2027-03-09T06:13:30Z,\N,2027-04-15T07:12:00Z,\N,1,assert
acme:observation:acme-source-system-iam-emea~e9a15209f1fd,observation,acme,acme:source_system:iam-emea~165ad3d676e1,2027-03-09T07:31:40Z,vulnerability,acme:software_installation:acme-compute-node-end-0000528~7a4eb33ff6f9,low,0.80,2027-03-09T07:31:40Z,\N,2027-04-15T21:54:53Z,\N,1,assert
acme:observation:acme-source-system-sweep-active~0bbbedb8cbfa,observation,acme,acme:source_system:sweep-active~109a94e8519c,2027-03-09T21:44:15Z,penetration_test,acme:access_rule:rule-000035~e61a20e6933f,medium,0.80,2027-03-09T21:44:15Z,\N,2027-04-15T15:33:19Z,\N,1,assert
acme:observation:acme-source-system-sweep-active~06d29c90476d,observation,acme,acme:source_system:sweep-active~109a94e8519c,2027-03-09T12:37:50Z,configuration,acme:aws.aws_subscription:s-700000000000~ddc8a5db893a,medium,0.95,2027-03-09T12:37:50Z,\N,2027-04-15T12:50:15Z,\N,1,assert
acme:observation:acme-source-system-walkdown-sites~d168114a4c63,observation,acme,acme:source_system:walkdown-sites~d4fc30691224,2027-03-09T11:14:51Z,policy_deviation,acme:certificate:aws-reg-6-acme-example-074ec062134a~9079a3bdc282,informational,0.80,2027-03-09T11:14:51Z,\N,2027-04-16T03:40:31Z,\N,1,assert
acme:observation:acme-source-system-scanner-vuln~280ae21d0ec7,observation,acme,acme:source_system:scanner-vuln~5e912e477c14,2027-03-09T03:54:21Z,exposure,acme:compute_node:end-0000020~d851c1f24f52,medium,0.95,2027-03-09T03:54:21Z,\N,2027-04-16T20:08:37Z,\N,1,assert
acme:observation:acme-source-system-flow-netflow~3f35b1f3a463,observation,acme,acme:source_system:flow-netflow~69050d4209de,2027-03-09T09:27:11Z,channel_defect,acme:aws.aws_subscription:s-700000000000~ddc8a5db893a,informational,0.60,2027-03-09T09:27:11Z,\N,2027-04-16T15:52:07Z,\N,1,assert
acme:observation:acme-source-system-hr-workday~3a8a310bdda3,observation,acme,acme:source_system:hr-workday~1390a88c18f8,2027-03-09T18:45:15Z,vulnerability,acme:software_installation:acme-compute-node-end-0000265~1c8003b1d04d,medium,0.80,2027-03-09T18:45:15Z,\N,2027-04-16T21:34:22Z,\N,1,assert
acme:observation:acme-source-system-scanner-vuln~386d3a334acb,observation,acme,acme:source_system:scanner-vuln~5e912e477c14,2027-03-09T10:13:04Z,vulnerability,acme:compute_node:end-0000040~bc4c3aab8f24,informational,0.80,2027-03-09T10:13:04Z,\N,2027-04-16T22:14:27Z,\N,1,assert
acme:observation:acme-source-system-ticket-bridge~ec2937eaff14,observation,acme,acme:source_system:ticket-bridge~77ac6940d0b4,2027-03-09T02:56:17Z,configuration,acme:compute_node:end-0000584~359ebb5a2eb4,low,0.60,2027-03-09T02:56:17Z,\N,2027-04-16T18:56:14Z,\N,1,assert
acme:observation:acme-source-system-scanner-vuln~5ab689a02751,observation,acme,acme:source_system:scanner-vuln~5e912e477c14,2027-03-09T03:25:35Z,penetration_test,acme:software_installation:acme-compute-node-end-0000394~32e9f0d37e92,medium,0.40,2027-03-09T03:25:35Z,\N,2027-04-17T05:04:29Z,\N,1,assert
acme:observation:acme-source-system-vcenter-readonly~5d01ae495fea,observation,acme,acme:source_system:vcenter-readonly~b602e829e731,2027-03-09T03:50:02Z,vulnerability,acme:compute_node:end-0000513~bfffbaee22dc,medium,0.60,2027-03-09T03:50:02Z,\N,2027-04-17T19:19:56Z,\N,1,assert
acme:observation:acme-source-system-cmdb-primary~afc266b72fb4,observation,acme,acme:source_system:cmdb-primary~c902d8335625,2027-03-09T10:23:35Z,configuration,acme:network_segment:10-106-2-0-24~bc8b89461036,medium,0.60,2027-03-09T10:23:35Z,\N,2027-04-17T14:07:52Z,\N,1,assert
acme:observation:acme-source-system-cmdb-dc2-legacy~626e70c389c0,observation,acme,acme:source_system:cmdb-dc2-legacy~4c63646d6078,2027-03-09T10:28:08Z,configuration,acme:ip_address:10-106-0-43~2a1381f65b49,medium,0.40,2027-03-09T10:28:08Z,\N,2027-04-17T10:00:40Z,\N,1,assert
acme:observation:acme-source-system-ticket-bridge~e9f20c78d337,observation,acme,acme:source_system:ticket-bridge~77ac6940d0b4,2027-03-09T00:43:41Z,malware,acme:ip_address:172-16-40-174~16758bec73ce,high,0.60,2027-03-09T00:43:41Z,\N,2027-04-17T12:49:11Z,\N,1,assert
acme:observation:acme-source-system-pentest-external~7bd40e3c212e,observation,acme,acme:source_system:pentest-external~ae7acfd1ffac,2027-03-09T21:16:15Z,malware,acme:access_rule:rule-000029~224d3cd5531c,low,0.80,2027-03-09T21:16:15Z,\N,2027-04-17T13:01:02Z,\N,1,assert
acme:observation:acme-source-system-vcenter-readonly~c1381bc05253,observation,acme,acme:source_system:vcenter-readonly~b602e829e731,2027-03-09T01:41:58Z,configuration,acme:network_segment:10-20-1-0-24~68414b5c10b1,medium,0.80,2027-03-09T01:41:58Z,\N,2027-04-17T11:05:04Z,\N,1,assert
acme:observation:acme-source-system-hr-workday~cd01cb26f85d,observation,acme,acme:source_system:hr-workday~1390a88c18f8,2027-03-09T18:49:11Z,vulnerability,acme:software_installation:acme-compute-node-end-0000460~fc80dcaeaf6f,high,0.80,2027-03-09T18:49:11Z,\N,2027-04-17T14:30:03Z,\N,1,assert
acme:observation:acme-source-system-cmdb-contractor~968bb88ba0e7,observation,acme,acme:source_system:cmdb-contractor~29997cbbc3a1,2027-03-09T18:48:18Z,exposure,acme:compute_node:end-0000231~db999454855e,medium,0.95,2027-03-09T18:48:18Z,\N,2027-04-18T16:24:34Z,\N,1,assert
acme:observation:acme-source-system-cmdb-primary~583cff90d5ae,observation,acme,acme:source_system:cmdb-primary~c902d8335625,2027-03-09T09:38:01Z,exposure,acme:service:svc-000043~9d2660c3e4dc,low,0.60,2027-03-09T09:38:01Z,\N,2027-04-18T00:45:25Z,\N,1,assert
acme:observation:acme-source-system-cmdb-primary~4e0ec81fa36b,observation,acme,acme:source_system:cmdb-primary~c902d8335625,2027-03-09T03:06:25Z,vulnerability,acme:compute_node:end-0000373~208854e53945,high,0.80,2027-03-09T03:06:25Z,\N,2027-04-18T03:31:21Z,\N,1,assert
acme:observation:acme-source-system-scanner-vuln~af229d311236,observation,acme,acme:source_system:scanner-vuln~5e912e477c14,2027-03-09T19:21:14Z,malware,acme:compute_node:end-0000212~9d4e2ce29388,low,0.95,2027-03-09T19:21:14Z,\N,2027-04-18T23:02:28Z,\N,1,assert
acme:observation:acme-source-system-walkdown-sites~4d8341722a24,observation,acme,acme:source_system:walkdown-sites~d4fc30691224,2027-03-09T06:57:26Z,audit_exception,acme:network_segment:172-16-40-0-24~c8f04678e644,low,0.80,2027-03-09T06:57:26Z,\N,2027-04-18T08:25:58Z,\N,1,assert
acme:observation:acme-source-system-hr-workday~e668b8a8475a,observation,acme,acme:source_system:hr-workday~1390a88c18f8,2027-03-09T00:18:18Z,malware,acme:software_installation:acme-compute-node-end-0000478~94ecf959fbe5,medium,0.80,2027-03-09T00:18:18Z,\N,2027-04-18T03:11:17Z,\N,1,assert
acme:observation:acme-source-system-cmdb-contractor~8fe13b75c440,observation,acme,acme:source_system:cmdb-contractor~29997cbbc3a1,2027-03-09T18:42:21Z,vulnerability,acme:compute_node:end-0000360~8a87248625f3,high,0.80,2027-03-09T18:42:21Z,\N,2027-04-18T02:55:58Z,\N,1,assert
acme:observation:acme-source-system-iam-corp~d3bd557dbd69,observation,acme,acme:source_system:iam-corp~09e42672555d,2027-03-09T12:56:03Z,vulnerability,acme:certificate:aws-reg-4-acme-example-b4bef2f73413~a70963322968,critical,0.95,2027-03-09T12:56:03Z,\N,2027-04-19T01:41:43Z,\N,1,assert
acme:observation:acme-source-system-cmdb-dc2-legacy~37aef4041c02,observation,acme,acme:source_system:cmdb-dc2-legacy~4c63646d6078,2027-03-09T07:13:11Z,vulnerability,acme:network_segment:10-60-5-0-24~d20697c485fb,medium,0.80,2027-03-09T07:13:11Z,\N,2027-04-19T13:36:32Z,\N,1,assert
acme:observation:acme-source-system-vcenter-readonly~ec4e756f1656,observation,acme,acme:source_system:vcenter-readonly~b602e829e731,2027-03-09T13:55:35Z,vulnerability,acme:certificate:hq-b2-f2-acme-example-81655a4523e4~5ca9bf06ddf3,medium,0.80,2027-03-09T13:55:35Z,\N,2027-04-19T19:16:58Z,\N,1,assert
acme:observation:acme-source-system-iam-emea~412c3aa79244,observation,acme,acme:source_system:iam-emea~165ad3d676e1,2027-03-09T04:04:00Z,penetration_test,acme:compute_node:end-0000447~25b90642c749,medium,0.80,2027-03-09T04:04:00Z,\N,2027-04-19T22:32:38Z,\N,1,assert
acme:observation:acme-source-system-iam-emea~36659e7edab0,observation,acme,acme:source_system:iam-emea~165ad3d676e1,2027-03-09T18:45:53Z,vulnerability,acme:software_installation:acme-compute-node-end-0000366~475076e34291,informational,0.40,2027-03-09T18:45:53Z,\N,2027-04-19T23:59:57Z,\N,1,assert
acme:observation:acme-source-system-vcenter-readonly~3e068205b7b3,observation,acme,acme:source_system:vcenter-readonly~b602e829e731,2027-03-09T02:40:06Z,channel_defect,acme:entitlement:acme-principal-svc-hq-b1-f1-00006~bd5556ce6fbe,low,0.95,2027-03-09T02:40:06Z,\N,2027-04-20T09:49:42Z,\N,1,assert
acme:observation:acme-source-system-iam-emea~b778ce27ae4b,observation,acme,acme:source_system:iam-emea~165ad3d676e1,2027-03-09T04:48:19Z,malware,acme:compute_node:end-0000100~1eb14114b935,high,0.60,2027-03-09T04:48:19Z,\N,2027-04-20T17:55:03Z,\N,1,assert
acme:observation:acme-source-system-aws-org-control~6483cc6e7144,observation,acme,acme:source_system:aws-org-control-tower~b5c83222a3f6,2027-03-09T08:32:51Z,exposure,acme:certificate:hq-dc1-f1-acme-example-6aea8bd7ba11~153ae852e20a,high,0.60,2027-03-09T08:32:51Z,\N,2027-04-20T17:41:10Z,\N,1,assert
acme:observation:acme-source-system-iam-emea~3eec8af83814,observation,acme,acme:source_system:iam-emea~165ad3d676e1,2027-03-09T16:48:32Z,vulnerability,acme:software_installation:acme-compute-node-end-0000395~49afc05fbd46,medium,0.60,2027-03-09T16:48:32Z,\N,2027-04-20T07:18:07Z,\N,1,assert
acme:observation:acme-source-system-cmdb-primary~ab4d36bdceb0,observation,acme,acme:source_system:cmdb-primary~c902d8335625,2027-03-09T20:43:05Z,exposure,acme:compute_node:end-0000445~dac80a847bd6,informational,0.95,2027-03-09T20:43:05Z,\N,2027-04-20T23:30:11Z,\N,1,assert
acme:observation:acme-source-system-cmdb-contractor~25f592fafbd2,observation,acme,acme:source_system:cmdb-contractor~29997cbbc3a1,2027-03-09T18:01:17Z,configuration,acme:access_rule:rule-000023~e9f031e86708,critical,0.95,2027-03-09T18:01:17Z,\N,2027-04-20T18:37:39Z,\N,1,assert
acme:observation:acme-source-system-cmdb-primary~be1894c9f7e3,observation,acme,acme:source_system:cmdb-primary~c902d8335625,2027-03-09T14:21:25Z,configuration,acme:ip_address:172-16-40-17~c779453dbe19,medium,0.95,2027-03-09T14:21:25Z,\N,2027-04-20T21:10:30Z,\N,1,assert
acme:observation:acme-source-system-flow-netflow~f79aafd2be27,observation,acme,acme:source_system:flow-netflow~69050d4209de,2027-03-09T15:46:53Z,malware,acme:entitlement:acme-principal-svc-aws-reg-1-az1-00124~1b5d47b0fdc8,high,0.60,2027-03-09T15:46:53Z,\N,2027-04-20T04:18:34Z,\N,1,assert
acme:observation:acme-source-system-cmdb-contractor~cec53819061c,observation,acme,acme:source_system:cmdb-contractor~29997cbbc3a1,2027-03-09T06:27:03Z,configuration,acme:software_installation:acme-compute-node-end-0000098~e804704b45b5,high,0.95,2027-03-09T06:27:03Z,\N,2027-04-21T19:13:00Z,\N,1,assert
acme:observation:acme-source-system-ticket-bridge~15bba0f3af24,observation,acme,acme:source_system:ticket-bridge~77ac6940d0b4,2027-03-09T22:53:44Z,vulnerability,acme:certificate:hq-b2-f1-r1-acme-example-cc1080a5e964~dfeb204a2ef1,critical,0.80,2027-03-09T22:53:44Z,\N,2027-04-21T13:01:16Z,\N,1,assert
acme:observation:acme-source-system-sweep-active~9bc9650165a4,observation,acme,acme:source_system:sweep-active~109a94e8519c,2027-03-09T07:09:15Z,vulnerability,acme:entitlement:acme-principal-ad-1ffbce61-4a1b-4c2d~b34c4aa05d68,medium,0.40,2027-03-09T07:09:15Z,\N,2027-04-21T16:19:29Z,\N,1,assert
acme:observation:acme-source-system-cmdb-primary~336d828cbffd,observation,acme,acme:source_system:cmdb-primary~c902d8335625,2027-03-09T04:05:40Z,audit_exception,acme:compute_node:end-0000417~c40646be601e,medium,0.40,2027-03-09T04:05:40Z,\N,2027-04-21T10:37:53Z,\N,1,assert
acme:observation:acme-source-system-iam-emea~695d01c43cea,observation,acme,acme:source_system:iam-emea~165ad3d676e1,2027-03-09T13:27:14Z,configuration,acme:software_installation:acme-compute-node-end-0000395~8d8b2dff3712,informational,0.60,2027-03-09T13:27:14Z,\N,2027-04-21T00:06:36Z,\N,1,assert
acme:observation:acme-source-system-flow-netflow~8abdcc6804ca,observation,acme,acme:source_system:flow-netflow~69050d4209de,2027-03-09T02:18:25Z,vulnerability,acme:certificate:hq-dc2-f1-acme-example-30649aca129d~9044d2d8e9b5,medium,0.95,2027-03-09T02:18:25Z,\N,2027-04-21T02:49:13Z,\N,1,assert
acme:observation:acme-source-system-ticket-bridge~e36c4a3520a5,observation,acme,acme:source_system:ticket-bridge~77ac6940d0b4,2027-03-09T18:15:51Z,malware,acme:ip_address:10-106-0-6~9a1f54a182fa,informational,0.60,2027-03-09T18:15:51Z,\N,2027-04-21T19:45:43Z,\N,1,assert
acme:observation:acme-source-system-iam-emea~0a1ee0ea52e9,observation,acme,acme:source_system:iam-emea~165ad3d676e1,2027-03-09T09:18:41Z,penetration_test,acme:compute_node:end-0000243~f55a443e20cb,medium,0.95,2027-03-09T09:18:41Z,\N,2027-04-21T15:54:47Z,\N,1,assert
acme:observation:acme-source-system-ticket-bridge~55ecdefa3103,observation,acme,acme:source_system:ticket-bridge~77ac6940d0b4,2027-03-09T02:46:33Z,vulnerability,acme:software_installation:acme-compute-node-end-0000105~6f6bb06df13c,medium,0.40,2027-03-09T02:46:33Z,\N,2027-04-21T21:45:37Z,\N,1,assert
acme:observation:acme-source-system-ticket-bridge~e907ca62cd76,observation,acme,acme:source_system:ticket-bridge~77ac6940d0b4,2027-03-09T12:13:31Z,vulnerability,acme:certificate:aws-reg-2-az1-acme-example-c270e25ffc33~e0617ee3aa10,informational,0.80,2027-03-09T12:13:31Z,\N,2027-04-22T10:13:46Z,\N,1,assert
acme:observation:acme-source-system-scanner-vuln~fb549ddf751b,observation,acme,acme:source_system:scanner-vuln~5e912e477c14,2027-03-09T09:19:44Z,exposure,acme:service:svc-000171~c1d37cc424b9,high,0.80,2027-03-09T09:19:44Z,\N,2027-04-22T08:32:06Z,\N,1,assert
acme:observation:acme-source-system-hr-workday~87696b0afdcc,observation,acme,acme:source_system:hr-workday~1390a88c18f8,2027-03-09T05:28:59Z,vulnerability,acme:software_installation:acme-compute-node-end-0000558~20a2ae996906,medium,0.80,2027-03-09T05:28:59Z,\N,2027-04-22T15:10:36Z,\N,1,assert
acme:observation:acme-source-system-sweep-active~b22cf087323e,observation,acme,acme:source_system:sweep-active~109a94e8519c,2027-03-09T13:04:37Z,policy_deviation,acme:software_installation:acme-compute-node-end-0000042~8e5e1f7730f5,medium,0.60,2027-03-09T13:04:37Z,\N,2027-04-22T16:12:37Z,\N,1,assert
acme:observation:acme-source-system-scanner-vuln~b8c405c7056a,observation,acme,acme:source_system:scanner-vuln~5e912e477c14,2027-03-09T00:03:42Z,configuration,acme:entitlement:acme-principal-wl-000076-48837099739f~f14380adebb7,critical,0.60,2027-03-09T00:03:42Z,\N,2027-04-22T06:54:16Z,\N,1,assert
acme:observation:acme-source-system-vcenter-readonly~d0ef23bb5e48,observation,acme,acme:source_system:vcenter-readonly~b602e829e731,2027-03-09T09:41:05Z,exposure,acme:compute_node:end-0000353~22470cec33aa,low,0.60,2027-03-09T09:41:05Z,\N,2027-04-22T19:37:56Z,\N,1,assert
acme:observation:acme-source-system-cmdb-dc2-legacy~0bb399909e3b,observation,acme,acme:source_system:cmdb-dc2-legacy~4c63646d6078,2027-03-09T00:11:02Z,vulnerability,acme:certificate:hq-dc1-f2-r1-rack03-acme-example~30290708012d,medium,0.60,2027-03-09T00:11:02Z,\N,2027-04-22T00:38:10Z,\N,1,assert
acme:observation:acme-source-system-pentest-external~623cd75d46f5,observation,acme,acme:source_system:pentest-external~ae7acfd1ffac,2027-03-09T20:05:46Z,exposure,acme:compute_node:end-0000330~dae601ec2096,medium,0.80,2027-03-09T20:05:46Z,\N,2027-04-22T23:56:44Z,\N,1,assert
acme:observation:acme-source-system-cmdb-dc2-legacy~960dd4d7e295,observation,acme,acme:source_system:cmdb-dc2-legacy~4c63646d6078,2027-03-09T04:46:36Z,policy_deviation,acme:software_installation:acme-compute-node-vir-0000002~e9a996cf9fb9,informational,0.95,2027-03-09T04:46:36Z,\N,2027-04-22T21:59:47Z,\N,1,assert
acme:observation:acme-source-system-sweep-active~5f5be772f3ed,observation,acme,acme:source_system:sweep-active~109a94e8519c,2027-03-09T10:58:23Z,vulnerability,acme:certificate:hq-b1-f1-r1-rack02-acme-example~4e681eff2fed,medium,0.80,2027-03-09T10:58:23Z,\N,2027-04-22T13:24:01Z,\N,1,assert
acme:observation:acme-source-system-cmdb-contractor~3b04c79fc8f6,observation,acme,acme:source_system:cmdb-contractor~29997cbbc3a1,2027-03-09T14:54:36Z,policy_deviation,acme:compute_node:end-0000083~9fd014fa31ac,low,0.40,2027-03-09T14:54:36Z,\N,2027-04-22T17:03:42Z,\N,1,assert
acme:observation:acme-source-system-iam-emea~93ca54fc0cd5,observation,acme,acme:source_system:iam-emea~165ad3d676e1,2027-03-09T02:46:05Z,vulnerability,acme:compute_node:end-0000598~f97edea6e0c6,informational,0.80,2027-03-09T02:46:05Z,\N,2027-04-22T07:11:41Z,\N,1,assert
acme:observation:acme-source-system-pentest-external~73f79a89775b,observation,acme,acme:source_system:pentest-external~ae7acfd1ffac,2027-03-09T03:15:35Z,configuration,acme:aws.aws_vpc:vpc-00000002~e61beb5c2cdc,low,0.95,2027-03-09T03:15:35Z,\N,2027-04-22T08:14:59Z,\N,1,assert
acme:observation:acme-source-system-cmdb-contractor~3b6b8c354db1,observation,acme,acme:source_system:cmdb-contractor~29997cbbc3a1,2027-03-09T22:18:54Z,exposure,acme:software_installation:acme-compute-node-end-0000014~c4704b35a6e5,high,0.95,2027-03-09T22:18:54Z,\N,2027-04-22T09:07:51Z,\N,1,assert
acme:observation:acme-source-system-cmdb-dc2-legacy~d1dd42da349c,observation,acme,acme:source_system:cmdb-dc2-legacy~4c63646d6078,2027-03-09T23:57:52Z,vulnerability,acme:certificate:aws-reg-3-az1-acme-example-41ddff059be6~9eae13cfa43b,medium,0.95,2027-03-09T23:57:52Z,\N,2027-04-22T22:36:07Z,\N,1,assert
