entity_id,entity_type,organization_id,compute_node,product_model,install_path,version,valid_from,valid_to,system_from,system_to,revision,operation
acme:software_installation:acme-compute-node-phy-0000000~3d426d1e2716,software_installation,acme,acme:compute_node:phy-0000000~0e09674a1941,acme:product_model:v0012-sof-00090-software~0cc63c0435da,/opt/wagner0,5.6.0,2021-01-07T17:42:12Z,\N,2021-01-07T17:42:12Z,\N,1,assert
acme:software_installation:acme-compute-node-phy-0000000~09c2920e64bb,software_installation,acme,acme:compute_node:phy-0000000~0e09674a1941,acme:product_model:v0044-sof-00145-software~25cece5fec63,C:/Program Files/haddad1,6.5.2,2021-01-08T00:49:40Z,\N,2021-01-08T00:49:40Z,\N,1,assert
acme:software_installation:acme-compute-node-phy-0000000~888cb27bd816,software_installation,acme,acme:compute_node:phy-0000000~0e09674a1941,acme:product_model:v0019-con-00048-consumable~47c091f6b382,/usr/lib/gundersen2,5.8.25,2021-01-09T05:28:29Z,\N,2021-01-09T05:28:29Z,\N,1,assert
acme:software_installation:acme-compute-node-phy-0000001~cc961cd20a4c,software_installation,acme,acme:compute_node:phy-0000001~331ac2cb8862,acme:product_model:v0045-ser-00185-service~d45bbd49dc8b,/opt/nakamura3,2.8.11,2021-01-10T10:58:54Z,\N,2021-01-10T10:58:54Z,\N,1,assert
acme:software_installation:acme-compute-node-vir-0000004~94c779e7aeaa,software_installation,acme,acme:compute_node:vir-0000004~4d8d56ada3b5,acme:product_model:v0034-har-00051-hardware~096017fe85a4,C:/Program Files/yilmaz4,1.19.25,2021-01-11T13:34:04Z,\N,2021-01-11T13:34:04Z,\N,1,assert
acme:software_installation:acme-compute-node-vir-0000004~a7c8df24bacd,software_installation,acme,acme:compute_node:vir-0000004~4d8d56ada3b5,acme:product_model:v0048-har-00104-hardware~77d5631870df,/usr/lib/gundersen5,2.3.28,2021-01-12T06:34:58Z,\N,2021-01-12T06:34:58Z,\N,1,assert
acme:software_installation:acme-compute-node-phy-0000001~0f12d8ce9340,software_installation,acme,acme:compute_node:phy-0000001~331ac2cb8862,acme:product_model:v0034-sof-00219-software~aefca92d1ae7,/opt/wagner150,3.23.8,2021-01-07T10:56:06Z,\N,2021-01-22T21:28:23Z,\N,1,assert
acme:software_installation:acme-compute-node-phy-0000000~576c5c88ee90,software_installation,acme,acme:compute_node:phy-0000000~0e09674a1941,acme:product_model:v0024-sof-00200-software~a33bc615a03c,/var/lib/ueda112,0.21.19,2021-01-22T00:27:55Z,\N,2021-01-29T12:27:44Z,\N,1,assert
acme:software_installation:acme-compute-node-vir-0000002~f32fd3b430b8,software_installation,acme,acme:compute_node:vir-0000002~d3ab61bcb3b3,acme:product_model:v0032-sof-00168-software~d88794a9f100,/Applications/kaminski701,0.19.1,2021-01-30T08:24:03Z,\N,2021-01-31T21:39:18Z,\N,1,assert
acme:software_installation:acme-compute-node-vir-0000003~4bf3eff55316,software_installation,acme,acme:compute_node:vir-0000003~09c563b6bd8f,acme:product_model:v0023-sof-00098-software~ee559ff31e44,C:/Windows/System32/jablonski579,4.1.3,2021-02-20T01:56:17Z,\N,2021-02-25T04:33:59Z,\N,1,assert
acme:software_installation:acme-compute-node-end-0000154~3147cc32492a,software_installation,acme,acme:compute_node:end-0000154~5b82527c4c0b,acme:product_model:v0045-sof-00155-software~a3280ef344a9,C:/Program Files (x86)/jablonski154,8.12.29,2021-02-03T21:30:11Z,\N,2021-03-01T22:42:15Z,\N,1,assert
acme:software_installation:acme-compute-node-phy-0000000~325bebe9ae44,software_installation,acme,acme:compute_node:phy-0000000~0e09674a1941,acme:product_model:v0034-ser-00067-service~6369f588422d,/Applications/ueda221,4.7.1,2021-03-02T20:13:37Z,\N,2021-03-04T19:48:23Z,\N,1,assert
acme:software_installation:acme-compute-node-vir-0000004~ed159efbdb13,software_installation,acme,acme:compute_node:vir-0000004~4d8d56ada3b5,acme:product_model:v0034-har-00211-hardware~8c9138ba6c05,C:/Program Files (x86)/ivanova114,0.16.4,2021-01-29T05:22:22Z,\N,2021-03-06T09:26:25Z,\N,1,assert
acme:software_installation:acme-compute-node-end-0000201~b51de3ebd463,software_installation,acme,acme:compute_node:end-0000201~48728e11d7f0,acme:product_model:v0034-har-00034-hardware~aff92df47b62,C:/Program Files/jablonski387,2.12.39,2021-02-17T03:58:36Z,\N,2021-03-08T10:02:00Z,\N,1,assert
acme:software_installation:acme-compute-node-phy-0000000~c15bc3743af3,software_installation,acme,acme:compute_node:phy-0000000~0e09674a1941,acme:product_model:v0011-sof-00045-software~ebbcc1be6a90,C:/Windows/System32/nakamura94,5.15.2,2021-02-27T20:01:12Z,\N,2021-03-12T09:09:39Z,\N,1,assert
acme:software_installation:acme-compute-node-end-0000085~378527ee413a,software_installation,acme,acme:compute_node:end-0000085~ffd40d9b8d11,acme:product_model:v0044-ser-00195-service~abf83cdd0efb,/var/lib/okonkwo763,8.15.25,2021-03-09T03:09:47Z,\N,2021-03-19T05:05:21Z,\N,1,assert
acme:software_installation:acme-compute-node-end-0000172~3e83cd881f9e,software_installation,acme,acme:compute_node:end-0000172~059694a6bc79,acme:product_model:v0033-con-00161-consumable~ac78fa3cd767,/opt/castellanos497,4.12.21,2021-02-13T00:11:22Z,\N,2021-03-20T10:06:30Z,\N,1,assert
acme:software_installation:acme-compute-node-vir-0000005~189f173caebd,software_installation,acme,acme:compute_node:vir-0000005~ce048ebb62ef,acme:product_model:v0034-ser-00067-service~6369f588422d,/opt/mbatha518,8.13.2,2021-02-19T19:24:01Z,\N,2021-03-24T03:07:30Z,\N,1,assert
acme:software_installation:acme-compute-node-phy-0000000~635a65eebe9d,software_installation,acme,acme:compute_node:phy-0000000~0e09674a1941,acme:product_model:v0044-sof-00178-software~8a6557a3489e,/usr/lib/yilmaz730,6.15.11,2021-02-22T15:12:29Z,\N,2021-03-26T21:28:05Z,\N,1,assert
acme:software_installation:acme-compute-node-vir-0000002~2264602aa1a4,software_installation,acme,acme:compute_node:vir-0000002~d3ab61bcb3b3,acme:product_model:v0046-sof-00068-software~986f68f8da1a,/opt/abbott395,1.13.11,2021-03-28T03:36:32Z,\N,2021-03-28T03:36:32Z,\N,1,assert
acme:software_installation:acme-compute-node-vir-0000003~a84662fbe87a,software_installation,acme,acme:compute_node:vir-0000003~09c563b6bd8f,acme:product_model:v0009-ser-00004-service~f864b7a3e80f,/opt/pereira376,2.12.34,2021-03-04T10:50:55Z,\N,2021-03-29T22:24:10Z,\N,1,assert
acme:software_installation:acme-compute-node-phy-0000000~c6515e6940d4,software_installation,acme,acme:compute_node:phy-0000000~0e09674a1941,acme:product_model:v0038-har-00013-hardware~7dc5ad8abb19,C:/Program Files (x86)/gundersen585,5.10.10,2021-03-26T03:51:36Z,\N,2021-03-29T23:34:27Z,\N,1,assert
acme:software_installation:acme-compute-node-vir-0000004~f4fd1a6100cd,software_installation,acme,acme:compute_node:vir-0000004~4d8d56ada3b5,acme:product_model:v0030-sof-00201-software~482033bc5a20,C:/Program Files (x86)/delacroix99,8.7.16,2021-03-06T03:21:51Z,\N,2021-04-01T03:52:12Z,\N,1,assert
acme:software_installation:acme-compute-node-vir-0000002~494b0cb119ff,software_installation,acme,acme:compute_node:vir-0000002~d3ab61bcb3b3,acme:product_model:v0045-ser-00185-service~d45bbd49dc8b,C:/Program Files/weiss243,4.16.10,2021-03-12T03:55:25Z,\N,2021-04-04T21:35:21Z,\N,1,assert
acme:software_installation:acme-compute-node-end-0000201~e39103d7af50,software_installation,acme,acme:compute_node:end-0000201~48728e11d7f0,acme:product_model:v0013-sof-00053-software~bff0a8417ded,C:/Program Files (x86)/chowdhury776,4.11.7,2021-03-23T13:29:05Z,\N,2021-04-05T00:05:18Z,\N,1,assert
acme:software_installation:acme-compute-node-end-0000421~aeab64269169,software_installation,acme,acme:compute_node:end-0000421~57e4e3fae7a4,acme:product_model:v0023-sof-00098-software~ee559ff31e44,C:/Program Files (x86)/novak408,6.19.5,2021-03-27T16:15:42Z,\N,2021-04-07T08:44:00Z,\N,1,assert
acme:software_installation:acme-compute-node-end-0000093~f3dd602c122e,software_installation,acme,acme:compute_node:end-0000093~25d794bdb09b,acme:product_model:v0020-sof-00140-software~4b0a9d2f1b86,/usr/lib/novak578,0.12.0,2021-02-24T01:12:50Z,\N,2021-04-08T13:18:38Z,\N,1,assert
acme:software_installation:acme-compute-node-vir-0000002~f47880094997,software_installation,acme,acme:compute_node:vir-0000002~d3ab61bcb3b3,acme:product_model:v0048-sof-00141-software~d6f1f9a24641,/usr/local/quintero149,3.20.14,2021-04-08T05:00:19Z,\N,2021-04-11T12:59:01Z,\N,1,assert
acme:software_installation:acme-compute-node-end-0000421~6e912fe5d1ac,software_installation,acme,acme:compute_node:end-0000421~57e4e3fae7a4,acme:product_model:v0024-har-00123-hardware~78591293f57d,/usr/local/nakamura228,5.20.5,2021-04-03T09:35:50Z,\N,2021-04-14T05:00:05Z,\N,1,assert
acme:software_installation:acme-compute-node-end-0000403~28508137e0c6,software_installation,acme,acme:compute_node:end-0000403~f24f83f1a37b,acme:product_model:v0005-sof-00030-software~82fa9037060e,C:/Program Files (x86)/zhang418,3.16.13,2021-04-04T10:29:36Z,\N,2021-04-15T16:00:45Z,\N,1,assert
acme:software_installation:acme-compute-node-end-0000156~e275d2103595,software_installation,acme,acme:compute_node:end-0000156~b2ebd851620a,acme:product_model:v0001-sof-00010-software~1d8c5e5dfaf0,/Applications/lindqvist798,1.20.21,2021-03-21T17:14:08Z,\N,2021-04-19T17:46:32Z,\N,1,assert
acme:software_installation:acme-compute-node-end-0000235~5840c95f618e,software_installation,acme,acme:compute_node:end-0000235~8635a5086d78,acme:product_model:v0020-sof-00140-software~4b0a9d2f1b86,/usr/local/lindqvist665,7.0.26,2021-03-19T21:11:17Z,\N,2021-04-20T10:32:04Z,\N,1,assert
acme:software_installation:acme-compute-node-end-0000085~30b51b556bc6,software_installation,acme,acme:compute_node:end-0000085~ffd40d9b8d11,acme:product_model:v0045-har-00165-hardware~13587a2971e8,/usr/local/vaughan368,3.10.11,2021-03-20T20:12:18Z,\N,2021-04-22T08:16:49Z,\N,1,assert
acme:software_installation:acme-compute-node-end-0000596~9a7701858791,software_installation,acme,acme:compute_node:end-0000596~e30797e18b4a,acme:product_model:v0032-sof-00118-software~348e714a91e4,C:/Program Files/yilmaz152,2.17.2,2021-03-24T18:53:54Z,\N,2021-04-24T05:50:50Z,\N,1,assert
acme:software_installation:acme-compute-node-vir-0000004~1fe5d556a92a,software_installation,acme,acme:compute_node:vir-0000004~4d8d56ada3b5,acme:product_model:v0007-har-00150-hardware~124b8eba6994,/var/lib/marchetti488,6.22.2,2021-04-19T22:52:18Z,\N,2021-04-25T17:49:50Z,\N,1,assert
acme:software_installation:acme-compute-node-end-0000528~7a4eb33ff6f9,software_installation,acme,acme:compute_node:end-0000528~ecbfbb0b3415,acme:product_model:v0048-sof-00141-software~d6f1f9a24641,C:/Program Files/kaminski577,4.0.3,2021-04-08T19:18:19Z,\N,2021-05-02T21:13:59Z,\N,1,assert
acme:software_installation:acme-compute-node-end-0000534~85bf4138900f,software_installation,acme,acme:compute_node:end-0000534~bc192703189e,acme:product_model:v0012-sof-00090-software~0cc63c0435da,/usr/lib/mbatha769,1.16.9,2021-04-27T20:09:20Z,\N,2021-05-03T08:44:28Z,\N,1,assert
acme:software_installation:acme-compute-node-end-0000528~3bd00556d25d,software_installation,acme,acme:compute_node:end-0000528~ecbfbb0b3415,acme:product_model:v0028-sof-00022-software~3c001cab9e4f,/usr/local/weiss69,4.1.16,2021-03-29T07:57:43Z,\N,2021-05-05T20:35:04Z,\N,1,assert
acme:software_installation:acme-compute-node-end-0000534~01860d8dccd9,software_installation,acme,acme:compute_node:end-0000534~bc192703189e,acme:product_model:v0048-har-00104-hardware~77d5631870df,/usr/local/rasmussen569,1.0.10,2021-04-14T12:03:36Z,\N,2021-05-07T01:33:04Z,\N,1,assert
acme:software_installation:acme-compute-node-end-0000421~ad577ff53ec0,software_installation,acme,acme:compute_node:end-0000421~57e4e3fae7a4,acme:product_model:v0045-har-00165-hardware~13587a2971e8,/opt/oyelaran75,8.4.31,2021-05-05T23:19:36Z,\N,2021-05-23T07:21:53Z,\N,1,assert
acme:software_installation:acme-compute-node-end-0000571~43550eab2cad,software_installation,acme,acme:compute_node:end-0000571~c7b91efb3c66,acme:product_model:v0043-ser-00146-service~d25b8a7606ab,/var/lib/gallagher637,0.13.36,2021-05-11T02:39:28Z,\N,2021-05-23T10:58:14Z,\N,1,assert
acme:software_installation:acme-compute-node-phy-0000000~667c2968c239,software_installation,acme,acme:compute_node:phy-0000000~0e09674a1941,acme:product_model:v0001-sof-00010-software~1d8c5e5dfaf0,/usr/lib/novak527,1.22.19,2021-04-29T11:07:49Z,\N,2021-05-29T21:58:50Z,\N,1,assert
acme:software_installation:acme-compute-node-end-0000085~62565620e5dd,software_installation,acme,acme:compute_node:end-0000085~ffd40d9b8d11,acme:product_model:v0044-ser-00156-service~dd8978add055,/Applications/gallagher467,6.13.0,2021-05-17T04:32:45Z,\N,2021-06-09T13:02:29Z,\N,1,assert
acme:software_installation:acme-compute-node-vir-0000002~da9495821e57,software_installation,acme,acme:compute_node:vir-0000002~d3ab61bcb3b3,acme:product_model:v0038-sof-00122-software~854ed4f8dfd7,/Applications/okonkwo766,2.20.33,2021-05-30T06:05:22Z,\N,2021-06-23T23:21:51Z,\N,1,assert
acme:software_installation:acme-compute-node-end-0000590~6c5575c1c5f1,software_installation,acme,acme:compute_node:end-0000590~d75cb953f27d,acme:product_model:v0012-sof-00090-software~0cc63c0435da,C:/Program Files/fontaine558,7.23.26,2021-06-15T09:46:23Z,\N,2021-06-24T20:12:26Z,\N,1,assert
acme:software_installation:acme-compute-node-vir-0000003~79f548c47479,software_installation,acme,acme:compute_node:vir-0000003~09c563b6bd8f,acme:product_model:v0024-ser-00193-service~25697d65b0be,C:/Program Files (x86)/marchetti535,4.2.11,2021-05-15T12:02:06Z,\N,2021-06-25T13:05:21Z,\N,1,assert
acme:software_installation:acme-compute-node-end-0000093~5daf72d76b2f,software_installation,acme,acme:compute_node:end-0000093~25d794bdb09b,acme:product_model:v0031-con-00132-consumable~bf7caf4bed30,/usr/local/chowdhury765,4.13.7,2021-06-18T22:30:59Z,\N,2021-06-25T07:21:19Z,\N,1,assert
acme:software_installation:acme-compute-node-con-0000126~99f8fddbcd34,software_installation,acme,acme:compute_node:con-0000126~78b9c331ce74,acme:product_model:v0025-sof-00176-software~648715e2703d,/usr/lib/pereira51,3.14.39,2021-06-20T17:24:43Z,\N,2021-06-29T13:10:39Z,\N,1,assert
acme:software_installation:acme-compute-node-vir-0000005~7ce3904e7f1a,software_installation,acme,acme:compute_node:vir-0000005~ce048ebb62ef,acme:product_model:v0001-sof-00208-software~5eb7533557e8,/usr/lib/novak204,4.5.33,2021-06-10T11:27:56Z,\N,2021-07-02T17:37:43Z,\N,1,assert
acme:software_installation:acme-compute-node-vir-0000003~91159d5f9d73,software_installation,acme,acme:compute_node:vir-0000003~09c563b6bd8f,acme:product_model:v0007-har-00149-hardware~6ad5daf915be,/usr/lib/nakamura625,7.12.5,2021-07-02T19:24:37Z,\N,2021-07-03T17:55:31Z,\N,1,assert
acme:software_installation:acme-compute-node-end-0000201~7f05c119cb7a,software_installation,acme,acme:compute_node:end-0000201~48728e11d7f0,acme:product_model:v0024-sof-00005-software~35a45f8dc5fe,/opt/haddad157,4.4.7,2021-06-26T23:00:04Z,\N,2021-07-09T12:46:55Z,\N,1,assert
acme:software_installation:acme-compute-node-end-0000421~0be35c10989d,software_installation,acme,acme:compute_node:end-0000421~57e4e3fae7a4,acme:product_model:v0036-sof-00133-software~3768a066acec,C:/Windows/System32/ivanova140,0.15.11,2021-07-08T00:58:25Z,\N,2021-07-11T17:55:47Z,\N,1,assert
acme:software_installation:acme-compute-node-end-0000596~2d45413fb926,software_installation,acme,acme:compute_node:end-0000596~e30797e18b4a,acme:product_model:v0038-con-00171-consumable~adf762045edd,/opt/mbatha775,4.16.22,2021-06-05T18:43:40Z,\N,2021-07-14T10:17:18Z,\N,1,assert
acme:software_installation:acme-compute-node-end-0000328~f55074b4ccc1,software_installation,acme,acme:compute_node:end-0000328~2db715b87332,acme:product_model:v0020-sof-00016-software~6bf03d717c9a,C:/Program Files/castellanos80,5.12.22,2021-06-15T05:06:45Z,\N,2021-07-18T08:59:04Z,\N,1,assert
acme:software_installation:acme-compute-node-end-0000403~778e341c341c,software_installation,acme,acme:compute_node:end-0000403~f24f83f1a37b,acme:product_model:v0013-sof-00056-software~7c73a26f1dcd,/opt/yilmaz506,7.9.18,2021-06-11T13:38:26Z,\N,2021-07-22T14:33:32Z,\N,1,assert
acme:software_installation:acme-compute-node-end-0000368~9ea324135d2a,software_installation,acme,acme:compute_node:end-0000368~fad32109b79c,acme:product_model:v0032-sof-00166-software~7bfda5e25441,/var/lib/mbatha76,6.20.23,2021-06-16T12:34:52Z,\N,2021-07-24T08:51:11Z,\N,1,assert
acme:software_installation:acme-compute-node-end-0000093~dacd190ff00f,software_installation,acme,acme:compute_node:end-0000093~25d794bdb09b,acme:product_model:v0019-sof-00057-software~c2a710a4c400,/usr/local/kovac123,2.12.32,2021-07-06T06:10:51Z,\N,2021-07-29T02:00:10Z,\N,1,assert
acme:software_installation:acme-compute-node-end-0000154~260ba89fd76e,software_installation,acme,acme:compute_node:end-0000154~5b82527c4c0b,acme:product_model:v0044-sof-00129-software~c79ef0bbb311,/opt/chowdhury609,5.21.21,2021-07-30T10:08:18Z,\N,2021-08-02T01:59:51Z,\N,1,assert
acme:software_installation:acme-compute-node-end-0000421~508abe5002c4,software_installation,acme,acme:compute_node:end-0000421~57e4e3fae7a4,acme:product_model:v0027-sof-00207-software~a3e463b3cbe2,/usr/lib/gallagher454,1.2.31,2021-07-23T01:10:23Z,\N,2021-08-05T06:39:56Z,\N,1,assert
acme:software_installation:acme-compute-node-end-0000215~ae6129c54090,software_installation,acme,acme:compute_node:end-0000215~c2eac71bb216,acme:product_model:v0009-ser-00004-service~f864b7a3e80f,C:/Windows/System32/gallagher273,8.12.13,2021-08-08T05:35:11Z,\N,2021-08-09T20:12:21Z,\N,1,assert
acme:software_installation:acme-compute-node-end-0000550~e51feefe58fb,software_installation,acme,acme:compute_node:end-0000550~6e028eeb0e6b,acme:product_model:v0007-sof-00163-software~24be948641de,C:/Program Files/wagner514,2.6.30,2021-08-08T13:43:46Z,\N,2021-08-14T03:39:01Z,\N,1,assert
acme:software_installation:acme-compute-node-end-0000368~6eefbe118fb3,software_installation,acme,acme:compute_node:end-0000368~fad32109b79c,acme:product_model:v0032-har-00106-hardware~bb5187261394,/opt/gallagher754,7.18.25,2021-07-17T02:40:13Z,\N,2021-08-17T20:50:10Z,\N,1,assert
acme:software_installation:acme-compute-node-end-0000497~732e321c7dde,software_installation,acme,acme:compute_node:end-0000497~b6a2af906817,acme:product_model:v0017-ser-00137-service~a3ce68e8b7dc,/usr/lib/wagner89,2.9.37,2021-08-12T02:41:23Z,\N,2021-08-19T09:49:03Z,\N,1,assert
acme:software_installation:acme-compute-node-end-0000587~e931138f0cb2,software_installation,acme,acme:compute_node:end-0000587~2af903288fe1,acme:product_model:v0031-har-00082-hardware~05890fd3d7ee,/var/lib/ueda155,8.16.18,2021-08-17T09:00:55Z,\N,2021-09-02T20:13:36Z,\N,1,assert
acme:software_installation:acme-compute-node-vir-0000005~ec6ddc1e8f08,software_installation,acme,acme:compute_node:vir-0000005~ce048ebb62ef,acme:product_model:v0002-har-00075-hardware~6911d7a7958d,/usr/lib/abbott255,4.19.34,2021-08-13T00:52:40Z,\N,2021-09-05T10:47:15Z,\N,1,assert
acme:software_installation:acme-compute-node-end-0000497~879932be3ca8,software_installation,acme,acme:compute_node:end-0000497~b6a2af906817,acme:product_model:v0013-har-00189-hardware~25ab2a03ee74,C:/Program Files/haddad668,5.16.33,2021-07-30T04:32:05Z,\N,2021-09-07T09:53:02Z,\N,1,assert
acme:software_installation:acme-compute-node-end-0000211~75f7e0a51fb1,software_installation,acme,acme:compute_node:end-0000211~68c73bae58df,acme:product_model:v0030-sof-00148-software~2e69bc29794f,/usr/lib/oyelaran742,0.3.4,2021-07-28T09:57:10Z,\N,2021-09-08T22:44:38Z,\N,1,assert
acme:software_installation:acme-compute-node-end-0000553~967f3669662b,software_installation,acme,acme:compute_node:end-0000553~7bb2a11466d1,acme:product_model:v0017-ser-00139-service~3f2bcfae50be,C:/Windows/System32/vaughan380,7.5.8,2021-08-07T19:49:12Z,\N,2021-09-12T23:14:51Z,\N,1,assert
acme:software_installation:acme-compute-node-end-0000497~67b9c3607472,software_installation,acme,acme:compute_node:end-0000497~b6a2af906817,acme:product_model:v0030-sof-00060-software~00d082d6cc81,C:/Program Files (x86)/ivanova738,1.21.24,2021-09-08T02:19:45Z,\N,2021-09-13T05:11:02Z,\N,1,assert
acme:software_installation:acme-compute-node-end-0000172~78aa4f4c6c28,software_installation,acme,acme:compute_node:end-0000172~059694a6bc79,acme:product_model:v0014-har-00086-hardware~d1eb968ce602,/usr/lib/bergstrom304,5.16.15,2021-08-29T01:37:49Z,\N,2021-09-15T17:35:17Z,\N,1,assert
acme:software_installation:acme-compute-node-end-0000587~b5a01660cc6a,software_installation,acme,acme:compute_node:end-0000587~2af903288fe1,acme:product_model:v0025-ser-00001-service~2eed8e875790,C:/Program Files/marchetti62,5.1.3,2021-09-12T04:37:45Z,\N,2021-09-17T16:36:59Z,\N,1,assert
acme:software_installation:acme-compute-node-phy-0000000~d627ce3a2f5f,software_installation,acme,acme:compute_node:phy-0000000~0e09674a1941,acme:product_model:v0034-sof-00064-software~826c8b3ae203,/usr/local/novak141,7.17.13,2021-09-20T09:41:50Z,\N,2021-09-20T09:41:50Z,\N,1,assert
acme:software_installation:acme-compute-node-end-0000154~3707447b254c,software_installation,acme,acme:compute_node:end-0000154~5b82527c4c0b,acme:product_model:v0017-ser-00183-service~2f96842fac67,C:/Windows/System32/schneider54,0.14.26,2021-08-31T01:01:08Z,\N,2021-10-02T12:47:26Z,\N,1,assert
acme:software_installation:acme-compute-node-clu-0000135~f4765786bee8,software_installation,acme,acme:compute_node:clu-0000135~0d1f47238cd4,acme:product_model:v0030-sof-00148-software~2e69bc29794f,/Applications/abbott110,0.16.24,2021-08-26T06:55:32Z,\N,2021-10-04T10:05:13Z,\N,1,assert
acme:software_installation:acme-compute-node-end-0000016~4218001cf9c0,software_installation,acme,acme:compute_node:end-0000016~59b7a81cfa43,acme:product_model:v0013-sof-00049-software~415f86679c2d,C:/Program Files/haddad483,8.7.18,2021-09-16T06:11:27Z,\N,2021-10-04T12:13:34Z,\N,1,assert
acme:software_installation:acme-compute-node-end-0000522~60f1cf5ad3e4,software_installation,acme,acme:compute_node:end-0000522~73ead19376ba,acme:product_model:v0017-sof-00046-software~fec9987664cf,/var/lib/chowdhury31,1.11.13,2021-09-15T01:41:06Z,\N,2021-10-07T13:51:30Z,\N,1,assert
acme:software_installation:acme-compute-node-end-0000215~f895197fd0be,software_installation,acme,acme:compute_node:end-0000215~c2eac71bb216,acme:product_model:v0025-sof-00190-software~d88f598b0f28,/var/lib/rasmussen293,4.0.10,2021-10-01T04:52:27Z,\N,2021-10-15T04:56:09Z,\N,1,assert
acme:software_installation:acme-compute-node-end-0000403~32ac0542382c,software_installation,acme,acme:compute_node:end-0000403~f24f83f1a37b,acme:product_model:v0034-sof-00064-software~826c8b3ae203,/usr/lib/abbott445,2.11.16,2021-10-13T10:39:53Z,\N,2021-10-21T01:19:02Z,\N,1,assert
acme:software_installation:acme-compute-node-end-0000105~6f6bb06df13c,software_installation,acme,acme:compute_node:end-0000105~da20da36c0bd,acme:product_model:v0044-sof-00126-software~b119dc592415,C:/Program Files/santos242,8.8.24,2021-10-02T23:38:12Z,\N,2021-10-22T00:29:52Z,\N,1,assert
acme:software_installation:acme-compute-node-end-0000211~fc66eea79222,software_installation,acme,acme:compute_node:end-0000211~68c73bae58df,acme:product_model:v0037-sof-00044-software~4c9be175524b,/var/lib/haddad643,3.6.25,2021-10-15T18:18:46Z,\N,2021-11-03T01:29:51Z,\N,1,assert
acme:software_installation:acme-compute-node-end-0000563~d16720ce6597,software_installation,acme,acme:compute_node:end-0000563~3079827e68f5,acme:product_model:v0024-har-00212-hardware~372b1d2a6785,/opt/silvestri265,4.14.35,2021-10-08T00:57:21Z,\N,2021-11-04T13:18:45Z,\N,1,assert
acme:software_installation:acme-compute-node-end-0000215~15a8d17bb474,software_installation,acme,acme:compute_node:end-0000215~c2eac71bb216,acme:product_model:v0025-sof-00164-software~639d5de2b1e9,/usr/lib/nakamura14,0.19.27,2021-11-05T14:43:15Z,\N,2021-11-05T14:43:15Z,\N,1,assert
acme:software_installation:acme-compute-node-end-0000503~2122005e73a6,software_installation,acme,acme:compute_node:end-0000503~d5e9d68f3888,acme:product_model:v0044-har-00061-hardware~e5d938a4a93c,C:/Windows/System32/bergstrom347,0.1.24,2021-11-05T15:17:10Z,\N,2021-11-08T23:05:03Z,\N,1,assert
acme:software_installation:acme-compute-node-end-0000497~46b998f20fd7,software_installation,acme,acme:compute_node:end-0000497~b6a2af906817,acme:product_model:v0047-sof-00215-software~d07defa9de75,/usr/local/rasmussen207,0.18.15,2021-10-18T10:28:16Z,\N,2021-11-13T15:19:06Z,\N,1,assert
acme:software_installation:acme-compute-node-phy-0000000~2ea6464226d2,software_installation,acme,acme:compute_node:phy-0000000~0e09674a1941,acme:product_model:v0046-har-00121-hardware~26b3cfd937dc,C:/Program Files/marchetti84,2.18.3,2021-10-09T11:51:58Z,\N,2021-11-15T01:11:37Z,\N,1,assert
acme:software_installation:acme-compute-node-end-0000497~f13573359969,software_installation,acme,acme:compute_node:end-0000497~b6a2af906817,acme:product_model:v0025-sof-00181-software~c261916744f3,C:/Windows/System32/schneider225,8.5.20,2021-11-06T18:53:50Z,\N,2021-11-16T03:51:22Z,\N,1,assert
acme:software_installation:acme-compute-node-end-0000580~71e4a9cf51b8,software_installation,acme,acme:compute_node:end-0000580~373dbf279bdf,acme:product_model:v0043-sof-00119-software~463d91a6f124,/Applications/chowdhury716,7.9.27,2021-11-07T22:26:10Z,\N,2021-11-27T05:51:10Z,\N,1,assert
acme:software_installation:acme-compute-node-end-0000363~de2e192f5b1a,software_installation,acme,acme:compute_node:end-0000363~f579d49d487f,acme:product_model:v0013-sof-00049-software~415f86679c2d,C:/Windows/System32/marchetti41,8.12.38,2021-11-12T08:27:49Z,\N,2021-12-03T18:54:11Z,\N,1,assert
acme:software_installation:acme-compute-node-phy-0000001~0d5ae2bb9121,software_installation,acme,acme:compute_node:phy-0000001~331ac2cb8862,acme:product_model:v0047-sof-00018-software~20a4046901a0,/usr/local/chowdhury276,5.11.22,2021-11-16T11:13:24Z,\N,2021-12-25T03:41:46Z,\N,1,assert
acme:software_installation:acme-compute-node-end-0000546~e1d59b7debb6,software_installation,acme,acme:compute_node:end-0000546~3b23ec851b7f,acme:product_model:v0024-sof-00200-software~a33bc615a03c,/var/lib/haddad103,5.18.5,2021-11-23T12:52:17Z,\N,2022-01-03T11:08:18Z,\N,1,assert
acme:software_installation:acme-compute-node-end-0000273~7c15193268fe,software_installation,acme,acme:compute_node:end-0000273~4a39515dcf92,acme:product_model:v0005-sof-00030-software~82fa9037060e,C:/Windows/System32/castellanos206,4.5.17,2021-12-17T06:14:07Z,\N,2022-01-10T22:42:36Z,\N,1,assert
acme:software_installation:acme-compute-node-end-0000453~61292ca49c4c,software_installation,acme,acme:compute_node:end-0000453~e80c6401a912,acme:product_model:v0015-sof-00188-software~22a77abd1574,/opt/abbott244,6.22.33,2022-01-02T03:33:39Z,\N,2022-01-14T04:36:50Z,\N,1,assert
acme:software_installation:acme-compute-node-end-0000588~4b7928d4d7cd,software_installation,acme,acme:compute_node:end-0000588~b7e58f76e4e2,acme:product_model:v0034-sof-00064-software~826c8b3ae203,/opt/santos13,5.23.32,2021-12-09T16:43:43Z,\N,2022-01-17T03:54:15Z,\N,1,assert
acme:software_installation:acme-compute-node-end-0000211~f54db62b6702,software_installation,acme,acme:compute_node:end-0000211~68c73bae58df,acme:product_model:v0024-har-00031-hardware~f1e62c580e14,/usr/lib/castellanos128,1.15.38,2022-01-06T19:58:00Z,\N,2022-02-09T00:25:18Z,\N,1,assert
acme:software_installation:acme-compute-node-end-0000463~3e1e527cf38d,software_installation,acme,acme:compute_node:end-0000463~e3140df852ea,acme:product_model:v0028-ser-00012-service~4f4145335f09,/var/lib/eberhardt314,6.8.25,2022-01-21T04:43:13Z,\N,2022-02-11T04:32:50Z,\N,1,assert
acme:software_installation:acme-compute-node-end-0000342~9953e0102853,software_installation,acme,acme:compute_node:end-0000342~511c3443f7a1,acme:product_model:v0017-ser-00183-service~2f96842fac67,/Applications/ueda423,2.18.8,2022-01-15T17:52:52Z,\N,2022-02-11T10:02:14Z,\N,1,assert
acme:software_installation:acme-compute-node-end-0000425~d87b037837c4,software_installation,acme,acme:compute_node:end-0000425~932066741c22,acme:product_model:v0036-sof-00169-software~6c3a3494b2c4,/Applications/lindqvist561,2.2.22,2022-01-02T22:42:14Z,\N,2022-02-11T16:35:37Z,\N,1,assert
acme:software_installation:acme-compute-node-end-0000193~2203aca16c95,software_installation,acme,acme:compute_node:end-0000193~46c5588d105a,acme:product_model:v0027-ser-00135-service~5728a6b1c180,/usr/local/thorsen787,6.19.22,2022-01-14T02:25:30Z,\N,2022-02-15T13:15:16Z,\N,1,assert
acme:software_installation:acme-compute-node-end-0000488~9024678119d3,software_installation,acme,acme:compute_node:end-0000488~e2a4792719de,acme:product_model:v0032-sof-00216-software~ed9530e2f071,C:/Windows/System32/thorsen458,8.0.26,2022-02-07T18:16:08Z,\N,2022-02-22T20:12:45Z,\N,1,assert
acme:software_installation:acme-compute-node-end-0000563~34d25e46d4d0,software_installation,acme,acme:compute_node:end-0000563~3079827e68f5,acme:product_model:v0048-sof-00089-software~9edb679f4148,/opt/okonkwo736,0.3.32,2022-01-15T19:24:17Z,\N,2022-02-24T04:52:02Z,\N,1,assert
acme:software_installation:acme-compute-node-end-0000193~948d941b80d6,software_installation,acme,acme:compute_node:end-0000193~46c5588d105a,acme:product_model:v0044-sof-00129-software~c79ef0bbb311,/usr/lib/novak764,7.11.14,2022-02-04T17:46:53Z,\N,2022-03-02T00:39:35Z,\N,1,assert
acme:software_installation:acme-compute-node-end-0000045~72d8692fad26,software_installation,acme,acme:compute_node:end-0000045~ec50513c607e,acme:product_model:v0025-har-00050-hardware~8070203c3969,/usr/lib/kaminski167,2.9.15,2022-03-05T03:06:26Z,\N,2022-03-05T03:06:26Z,\N,1,assert
acme:software_installation:acme-compute-node-end-0000534~2d332bfce88c,software_installation,acme,acme:compute_node:end-0000534~bc192703189e,acme:product_model:v0006-sof-00187-software~85831ba47dce,/usr/lib/kovac602,0.5.32,2022-02-08T07:07:54Z,\N,2022-03-05T06:16:27Z,\N,1,assert
acme:software_installation:acme-compute-node-end-0000328~d6ffc351df78,software_installation,acme,acme:compute_node:end-0000328~2db715b87332,acme:product_model:v0038-sof-00122-software~854ed4f8dfd7,/usr/local/gundersen555,2.21.30,2022-02-27T08:56:28Z,\N,2022-03-10T22:51:10Z,\N,1,assert
acme:software_installation:acme-compute-node-end-0000201~f75f1aa5aea3,software_installation,acme,acme:compute_node:end-0000201~48728e11d7f0,acme:product_model:v0044-sof-00153-software~78b5e7000e38,/var/lib/nakamura670,2.14.27,2022-02-05T17:59:26Z,\N,2022-03-13T03:30:26Z,\N,1,assert
acme:software_installation:acme-compute-node-end-0000553~21de4eef9f62,software_installation,acme,acme:compute_node:end-0000553~7bb2a11466d1,acme:product_model:v0036-sof-00202-software~6ba62f63b134,C:/Program Files (x86)/marchetti327,5.12.39,2022-02-24T02:09:47Z,\N,2022-03-14T12:15:43Z,\N,1,assert
acme:software_installation:acme-compute-node-phy-0000001~98a8d36b3f06,software_installation,acme,acme:compute_node:phy-0000001~331ac2cb8862,acme:product_model:v0000-sof-00074-software~7f88c3648756,/opt/santos479,8.13.21,2022-03-14T00:40:42Z,\N,2022-03-15T15:13:31Z,\N,1,assert
acme:software_installation:acme-compute-node-end-0000225~61415def4bdc,software_installation,acme,acme:compute_node:end-0000225~906d402014a9,acme:product_model:v0031-sof-00099-software~820f7e6eef33,/var/lib/schneider349,8.17.27,2022-03-12T10:18:17Z,\N,2022-03-23T14:34:04Z,\N,1,assert
acme:software_installation:acme-compute-node-end-0000468~12aad309f8c3,software_installation,acme,acme:compute_node:end-0000468~63209c5fb49b,acme:product_model:v0030-sof-00019-software~9c0baccfa8dd,C:/Windows/System32/marchetti301,4.0.1,2022-03-02T15:27:13Z,\N,2022-03-25T21:02:30Z,\N,1,assert
acme:software_installation:acme-compute-node-end-0000238~47e48eb0e7d0,software_installation,acme,acme:compute_node:end-0000238~48071af625e4,acme:product_model:v0038-har-00032-hardware~96b45a11e3e3,/usr/lib/abbott226,8.7.18,2022-02-19T06:12:50Z,\N,2022-04-01T19:32:11Z,\N,1,assert
acme:software_installation:acme-compute-node-end-0000156~78b2afe41feb,software_installation,acme,acme:compute_node:end-0000156~b2ebd851620a,acme:product_model:v0028-sof-00022-software~3c001cab9e4f,C:/Program Files/kovac425,2.7.33,2022-03-14T21:57:16Z,\N,2022-04-07T03:33:06Z,\N,1,assert
acme:software_installation:acme-compute-node-end-0000328~329f6c6b7c21,software_installation,acme,acme:compute_node:end-0000328~2db715b87332,acme:product_model:v0007-sof-00163-software~24be948641de,C:/Program Files (x86)/okonkwo632,7.4.1,2022-03-31T03:07:02Z,\N,2022-04-08T18:49:46Z,\N,1,assert
acme:software_installation:acme-compute-node-end-0000429~d152c1ff33c0,software_installation,acme,acme:compute_node:end-0000429~7b18ad8ccbc0,acme:product_model:v0048-ser-00182-service~f7d331cbeb83,/usr/local/novak24,8.13.36,2022-03-14T12:47:15Z,\N,2022-04-10T04:06:31Z,\N,1,assert
acme:software_installation:acme-compute-node-end-0000273~3e76e9341629,software_installation,acme,acme:compute_node:end-0000273~4a39515dcf92,acme:product_model:v0040-sof-00077-software~86f20911772a,C:/Program Files (x86)/oyelaran8,5.2.17,2022-04-13T06:24:40Z,\N,2022-04-14T15:54:28Z,\N,1,assert
acme:software_installation:acme-compute-node-end-0000084~e1d120850c3b,software_installation,acme,acme:compute_node:end-0000084~6668236acaa3,acme:product_model:v0044-sof-00126-software~b119dc592415,/usr/lib/haddad619,2.2.33,2022-03-29T13:41:41Z,\N,2022-04-16T12:48:29Z,\N,1,assert
acme:software_installation:acme-compute-node-end-0000105~66a012c4ab7f,software_installation,acme,acme:compute_node:end-0000105~da20da36c0bd,acme:product_model:v0024-har-00212-hardware~372b1d2a6785,/var/lib/baptiste732,6.20.26,2022-03-30T12:04:14Z,\N,2022-04-17T13:04:34Z,\N,1,assert
acme:software_installation:acme-compute-node-end-0000235~8d4acf0150b0,software_installation,acme,acme:compute_node:end-0000235~8635a5086d78,acme:product_model:v0017-ser-00139-service~3f2bcfae50be,C:/Program Files/kovac644,2.3.19,2022-03-09T00:44:53Z,\N,2022-04-19T00:35:40Z,\N,1,assert
acme:software_installation:acme-compute-node-end-0000511~9065c6dd2d52,software_installation,acme,acme:compute_node:end-0000511~185079b710ef,acme:product_model:v0007-har-00149-hardware~6ad5daf915be,/usr/lib/bergstrom507,3.13.17,2022-04-06T04:08:23Z,\N,2022-04-20T16:38:34Z,\N,1,assert
acme:software_installation:acme-compute-node-con-0000126~8f3f6d5daeaf,software_installation,acme,acme:compute_node:con-0000126~78b9c331ce74,acme:product_model:v0032-sof-00166-software~7bfda5e25441,C:/Program Files/nakamura757,2.9.3,2022-04-10T09:50:37Z,\N,2022-05-04T10:28:39Z,\N,1,assert
acme:software_installation:acme-compute-node-end-0000085~3f223476046f,software_installation,acme,acme:compute_node:end-0000085~ffd40d9b8d11,acme:product_model:v0015-sof-00188-software~22a77abd1574,/var/lib/gallagher374,7.5.12,2022-04-14T18:49:38Z,\N,2022-05-07T20:19:03Z,\N,1,assert
acme:software_installation:acme-compute-node-end-0000360~13c706dccaa9,software_installation,acme,acme:compute_node:end-0000360~8a87248625f3,acme:product_model:v0014-har-00108-hardware~976ee98ea0c8,C:/Windows/System32/ivanova341,3.2.2,2022-05-06T00:33:23Z,\N,2022-05-21T23:35:51Z,\N,1,assert
acme:software_installation:acme-compute-node-end-0000193~460d223da73b,software_installation,acme,acme:compute_node:end-0000193~46c5588d105a,acme:product_model:v0002-sof-00015-software~43a675731435,/var/lib/pereira256,8.9.35,2022-04-17T19:27:26Z,\N,2022-05-22T18:36:35Z,\N,1,assert
acme:software_installation:acme-compute-node-end-0000031~1634d9e2e280,software_installation,acme,acme:compute_node:end-0000031~5f97e56c23df,acme:product_model:v0048-ser-00080-service~7d013ea0a2ef,/usr/local/chowdhury208,8.2.7,2022-05-10T15:29:38Z,\N,2022-05-25T04:01:35Z,\N,1,assert
acme:software_installation:acme-compute-node-end-0000511~fb941dd0a708,software_installation,acme,acme:compute_node:end-0000511~185079b710ef,acme:product_model:v0030-sof-00148-software~2e69bc29794f,C:/Windows/System32/vaughan767,1.4.30,2022-05-15T18:55:54Z,\N,2022-05-27T20:19:24Z,\N,1,assert
acme:software_installation:acme-compute-node-end-0000156~b8299e5ca80f,software_installation,acme,acme:compute_node:end-0000156~b2ebd851620a,acme:product_model:v0034-sof-00064-software~826c8b3ae203,/var/lib/bergstrom399,7.6.17,2022-04-16T03:36:22Z,\N,2022-05-28T17:36:23Z,\N,1,assert
acme:software_installation:acme-compute-node-end-0000360~b4e40f29714c,software_installation,acme,acme:compute_node:end-0000360~8a87248625f3,acme:product_model:v0040-ser-00144-service~cea57795c784,C:/Program Files/delacroix700,6.6.11,2022-05-16T09:29:25Z,\N,2022-05-29T01:40:43Z,\N,1,assert
acme:software_installation:acme-compute-node-end-0000193~4af337ec1a9f,software_installation,acme,acme:compute_node:end-0000193~46c5588d105a,acme:product_model:v0038-har-00091-hardware~e8b5956900f9,C:/Program Files/schneider783,0.7.6,2022-05-08T02:42:27Z,\N,2022-05-30T00:05:43Z,\N,1,assert
acme:software_installation:acme-compute-node-end-0000360~1b4048c38528,software_installation,acme,acme:compute_node:end-0000360~8a87248625f3,acme:product_model:v0015-sof-00152-software~f3fb6cf495c1,C:/Windows/System32/gundersen428,2.4.30,2022-06-04T09:20:30Z,\N,2022-06-07T06:00:33Z,\N,1,assert
acme:software_installation:acme-compute-node-end-0000360~5cc7b2e339a3,software_installation,acme,acme:compute_node:end-0000360~8a87248625f3,acme:product_model:v0007-sof-00163-software~24be948641de,C:/Windows/System32/jablonski789,5.9.17,2022-05-13T13:16:51Z,\N,2022-06-08T15:40:41Z,\N,1,assert
acme:software_installation:acme-compute-node-end-0000045~1d1e122ee369,software_installation,acme,acme:compute_node:end-0000045~ec50513c607e,acme:product_model:v0048-ser-00029-service~9218c7b6f9d3,/var/lib/santos679,2.16.6,2022-06-08T00:44:49Z,\N,2022-06-16T07:08:57Z,\N,1,assert
acme:software_installation:acme-compute-node-phy-0000000~d9790b5697fe,software_installation,acme,acme:compute_node:phy-0000000~0e09674a1941,acme:product_model:v0030-sof-00026-software~de32d637b66b,/Applications/nakamura566,6.22.13,2022-05-21T09:46:10Z,\N,2022-06-18T03:23:51Z,\N,1,assert
acme:software_installation:acme-compute-node-end-0000553~12fd80d3ab52,software_installation,acme,acme:compute_node:end-0000553~7bb2a11466d1,acme:product_model:v0006-sof-00187-software~85831ba47dce,/var/lib/okonkwo96,7.6.14,2022-05-25T13:52:22Z,\N,2022-06-22T04:23:48Z,\N,1,assert
acme:software_installation:acme-compute-node-end-0000429~b2500c9d820d,software_installation,acme,acme:compute_node:end-0000429~7b18ad8ccbc0,acme:product_model:v0034-ser-00037-service~34c0995ff895,/opt/yilmaz173,5.21.28,2022-05-24T13:36:03Z,\N,2022-06-22T05:54:06Z,\N,1,assert
acme:software_installation:acme-compute-node-clu-0000135~d94a46827daa,software_installation,acme,acme:compute_node:clu-0000135~0d1f47238cd4,acme:product_model:v0031-sof-00014-software~69a3722aa151,/usr/local/abbott557,0.22.30,2022-05-27T06:57:28Z,\N,2022-06-22T20:24:21Z,\N,1,assert
acme:software_installation:acme-compute-node-end-0000215~b4ff57f64ee2,software_installation,acme,acme:compute_node:end-0000215~c2eac71bb216,acme:product_model:v0000-sof-00074-software~7f88c3648756,C:/Windows/System32/gundersen659,1.19.19,2022-05-17T02:06:20Z,\N,2022-06-23T08:03:08Z,\N,1,assert
acme:software_installation:acme-compute-node-end-0000478~edf691ce71ba,software_installation,acme,acme:compute_node:end-0000478~b6b6969f7248,acme:product_model:v0034-sof-00092-software~d50f64dbb57b,C:/Windows/System32/yilmaz283,4.13.5,2022-06-19T10:15:56Z,\N,2022-06-27T10:26:50Z,\N,1,assert
acme:software_installation:acme-compute-node-end-0000328~b8eaa5fcaffd,software_installation,acme,acme:compute_node:end-0000328~2db715b87332,acme:product_model:v0019-sof-00057-software~c2a710a4c400,/Applications/nakamura713,7.16.39,2022-06-12T00:57:35Z,\N,2022-06-27T14:52:15Z,\N,1,assert
acme:software_installation:acme-compute-node-end-0000588~967227418fef,software_installation,acme,acme:compute_node:end-0000588~b7e58f76e4e2,acme:product_model:v0009-ser-00004-service~f864b7a3e80f,C:/Program Files/lindqvist599,3.17.34,2022-05-30T08:55:33Z,\N,2022-06-29T03:58:33Z,\N,1,assert
acme:software_installation:acme-compute-node-end-0000085~a69dc8a9bddb,software_installation,acme,acme:compute_node:end-0000085~ffd40d9b8d11,acme:product_model:v0045-sof-00155-software~a3280ef344a9,C:/Program Files/gundersen709,2.3.9,2022-05-23T23:54:04Z,\N,2022-06-30T18:33:51Z,\N,1,assert
acme:software_installation:acme-compute-node-end-0000470~2e7933ea214d,software_installation,acme,acme:compute_node:end-0000470~fa3cfd52e8bb,acme:product_model:v0044-ser-00158-service~bb17f30c2fea,C:/Windows/System32/quintero465,4.16.32,2022-05-24T19:12:15Z,\N,2022-07-04T09:55:46Z,\N,1,assert
acme:software_installation:acme-compute-node-end-0000154~ea9c8dba0f3f,software_installation,acme,acme:compute_node:end-0000154~5b82527c4c0b,acme:product_model:v0025-sof-00011-software~a181fbc537ac,/var/lib/lindqvist302,3.10.33,2022-06-29T12:02:03Z,\N,2022-07-07T20:56:01Z,\N,1,assert
acme:software_installation:acme-compute-node-end-0000550~68dec1ffee1c,software_installation,acme,acme:compute_node:end-0000550~6e028eeb0e6b,acme:product_model:v0012-sof-00090-software~0cc63c0435da,/usr/local/castellanos693,3.9.24,2022-06-09T10:34:52Z,\N,2022-07-10T05:04:36Z,\N,1,assert
acme:software_installation:acme-compute-node-end-0000429~c67b017420ce,software_installation,acme,acme:compute_node:end-0000429~7b18ad8ccbc0,acme:product_model:v0046-sof-00180-software~7a5a24e80eb8,/var/lib/kovac733,3.22.39,2022-07-09T19:43:01Z,\N,2022-07-18T11:23:28Z,\N,1,assert
acme:software_installation:acme-compute-node-end-0000355~f0f11e7b42c9,software_installation,acme,acme:compute_node:end-0000355~22a750eec318,acme:product_model:v0047-ser-00214-service~5de9fe155c28,/usr/local/okonkwo115,3.3.25,2022-06-15T09:02:47Z,\N,2022-07-23T13:36:17Z,\N,1,assert
acme:software_installation:acme-compute-node-end-0000508~069bdc8a8f05,software_installation,acme,acme:compute_node:end-0000508~2cf55486b9f2,acme:product_model:v0003-ser-00079-service~8b5b5159c89f,/var/lib/quintero23,3.0.7,2022-07-23T22:44:03Z,\N,2022-08-02T14:12:46Z,\N,1,assert
acme:software_installation:acme-compute-node-end-0000511~545051b1f3f8,software_installation,acme,acme:compute_node:end-0000511~185079b710ef,acme:product_model:v0014-har-00108-hardware~976ee98ea0c8,C:/Program Files (x86)/kovac184,8.6.13,2022-07-14T19:01:56Z,\N,2022-08-06T19:59:03Z,\N,1,assert
acme:software_installation:acme-compute-node-end-0000225~a14f84754bc5,software_installation,acme,acme:compute_node:end-0000225~906d402014a9,acme:product_model:v0034-har-00211-hardware~8c9138ba6c05,/var/lib/castellanos509,2.5.25,2022-08-01T12:52:55Z,\N,2022-08-10T08:52:46Z,\N,1,assert
acme:software_installation:acme-compute-node-phy-0000000~02648e544273,software_installation,acme,acme:compute_node:phy-0000000~0e09674a1941,acme:product_model:v0034-sof-00160-software~42d0c95c5fc1,C:/Program Files/schneider737,0.19.17,2022-06-27T13:46:23Z,\N,2022-08-10T19:24:25Z,\N,1,assert
acme:software_installation:acme-compute-node-end-0000172~fec110b59d1a,software_installation,acme,acme:compute_node:end-0000172~059694a6bc79,acme:product_model:v0031-sof-00081-software~d5093ad2ac78,C:/Program Files/gundersen61,2.2.32,2022-07-12T17:19:23Z,\N,2022-08-12T13:23:53Z,\N,1,assert
acme:software_installation:acme-compute-node-end-0000105~d5851ce06783,software_installation,acme,acme:compute_node:end-0000105~da20da36c0bd,acme:product_model:v0017-sof-00199-software~5712c9185b4c,C:/Program Files/eberhardt748,6.23.37,2022-08-08T05:05:16Z,\N,2022-08-14T03:26:54Z,\N,1,assert
acme:software_installation:acme-compute-node-end-0000100~845ae4d7317b,software_installation,acme,acme:compute_node:end-0000100~1eb14114b935,acme:product_model:v0046-sof-00007-software~093e367fd5c7,/usr/local/lindqvist725,7.2.35,2022-08-09T19:13:00Z,\N,2022-08-19T15:01:54Z,\N,1,assert
acme:software_installation:acme-compute-node-end-0000172~67e7f6087d65,software_installation,acme,acme:compute_node:end-0000172~059694a6bc79,acme:product_model:v0048-har-00107-hardware~8d89aea65747,/usr/local/santos703,1.3.5,2022-07-31T01:31:39Z,\N,2022-08-23T05:07:27Z,\N,1,assert
acme:software_installation:acme-compute-node-end-0000522~63edb647779c,software_installation,acme,acme:compute_node:end-0000522~73ead19376ba,acme:product_model:v0034-ser-00067-service~6369f588422d,C:/Program Files (x86)/weiss777,7.15.14,2022-07-24T01:54:20Z,\N,2022-08-31T01:21:01Z,\N,1,assert
acme:software_installation:acme-compute-node-end-0000598~5108b7405ce1,software_installation,acme,acme:compute_node:end-0000598~f97edea6e0c6,acme:product_model:v0007-sof-00163-software~24be948641de,/var/lib/gundersen588,6.2.34,2022-07-24T18:00:15Z,\N,2022-09-01T15:16:19Z,\N,1,assert
acme:software_installation:acme-compute-node-vir-0000004~b61eb93e4016,software_installation,acme,acme:compute_node:vir-0000004~4d8d56ada3b5,acme:product_model:v0048-sof-00089-software~9edb679f4148,C:/Windows/System32/quintero359,2.16.39,2022-07-28T19:07:54Z,\N,2022-09-03T11:47:04Z,\N,1,assert
acme:software_installation:acme-compute-node-end-0000297~7caee33e3c5b,software_installation,acme,acme:compute_node:end-0000297~ac24395a2222,acme:product_model:v0007-sof-00163-software~24be948641de,/usr/lib/zhang309,3.6.0,2022-08-25T19:02:39Z,\N,2022-09-09T20:23:47Z,\N,1,assert
acme:software_installation:acme-compute-node-end-0000156~71a82386d636,software_installation,acme,acme:compute_node:end-0000156~b2ebd851620a,acme:product_model:v0047-ser-00111-service~8feb8a3849c9,/Applications/bergstrom782,4.4.7,2022-09-01T16:14:57Z,\N,2022-09-09T02:33:52Z,\N,1,assert
acme:software_installation:acme-compute-node-end-0000595~6173bce102b9,software_installation,acme,acme:compute_node:end-0000595~c828def4c84b,acme:product_model:v0041-ser-00017-service~47f7953a321d,/var/lib/kovac252,6.16.39,2022-08-31T06:49:02Z,\N,2022-09-12T09:20:18Z,\N,1,assert
acme:software_installation:acme-compute-node-end-0000590~ca978cc773bc,software_installation,acme,acme:compute_node:end-0000590~d75cb953f27d,acme:product_model:v0025-sof-00164-software~639d5de2b1e9,/usr/local/tanaka654,3.22.19,2022-08-05T06:36:43Z,\N,2022-09-15T18:35:23Z,\N,1,assert
acme:software_installation:acme-compute-node-end-0000453~5de70f0ab718,software_installation,acme,acme:compute_node:end-0000453~e80c6401a912,acme:product_model:v0000-sof-00002-software~61ff0803e0b2,/usr/lib/quintero321,6.19.22,2022-09-14T18:09:23Z,\N,2022-09-20T19:54:10Z,\N,1,assert
acme:software_installation:acme-compute-node-phy-0000000~f432651d8fbf,software_installation,acme,acme:compute_node:phy-0000000~0e09674a1941,acme:product_model:v0010-har-00128-hardware~eda6b2f1aba4,C:/Windows/System32/ivanova98,1.20.20,2022-08-12T08:10:46Z,\N,2022-09-23T05:47:44Z,\N,1,assert
acme:software_installation:acme-compute-node-end-0000470~0e1c31c51e17,software_installation,acme,acme:compute_node:end-0000470~fa3cfd52e8bb,acme:product_model:v0044-sof-00218-software~216e03dd50f3,/usr/local/baptiste68,6.8.1,2022-09-11T04:47:59Z,\N,2022-09-24T12:06:58Z,\N,1,assert
acme:software_installation:acme-compute-node-end-0000403~9b29deaee883,software_installation,acme,acme:compute_node:end-0000403~f24f83f1a37b,acme:product_model:v0034-sof-00219-software~aefca92d1ae7,/Applications/bergstrom153,2.13.11,2022-09-23T18:16:09Z,\N,2022-09-25T03:49:02Z,\N,1,assert
acme:software_installation:acme-compute-node-end-0000084~ffd7b9c878a6,software_installation,acme,acme:compute_node:end-0000084~6668236acaa3,acme:product_model:v0000-sof-00002-software~61ff0803e0b2,/opt/gundersen431,0.0.25,2022-08-31T11:46:56Z,\N,2022-09-27T00:15:23Z,\N,1,assert
acme:software_installation:acme-compute-node-vir-0000005~fe4f3d1d6665,software_installation,acme,acme:compute_node:vir-0000005~ce048ebb62ef,acme:product_model:v0043-ser-00146-service~d25b8a7606ab,/usr/lib/mbatha551,6.2.14,2022-08-19T00:48:21Z,\N,2022-09-30T07:14:02Z,\N,1,assert
acme:software_installation:acme-compute-node-end-0000421~18aa9386e8f2,software_installation,acme,acme:compute_node:end-0000421~57e4e3fae7a4,acme:product_model:v0004-sof-00078-software~4c214702c427,C:/Windows/System32/zhang595,4.20.18,2022-08-22T22:54:27Z,\N,2022-10-01T17:01:11Z,\N,1,assert
acme:software_installation:acme-compute-node-end-0000186~713693f1e5ee,software_installation,acme,acme:compute_node:end-0000186~afbc296b3386,acme:product_model:v0025-sof-00011-software~a181fbc537ac,C:/Program Files (x86)/mbatha750,6.6.1,2022-09-19T21:04:32Z,\N,2022-10-03T16:28:01Z,\N,1,assert
acme:software_installation:acme-compute-node-end-0000142~560703a098ba,software_installation,acme,acme:compute_node:end-0000142~63ea35cce109,acme:product_model:v0034-sof-00064-software~826c8b3ae203,C:/Program Files/yilmaz185,0.18.26,2022-09-04T01:47:57Z,\N,2022-10-10T10:56:00Z,\N,1,assert
acme:software_installation:acme-compute-node-end-0000596~61173398fa8f,software_installation,acme,acme:compute_node:end-0000596~e30797e18b4a,acme:product_model:v0047-ser-00214-service~5de9fe155c28,C:/Windows/System32/ivanova756,1.4.15,2022-09-12T12:39:12Z,\N,2022-10-17T00:17:33Z,\N,1,assert
acme:software_installation:acme-compute-node-end-0000360~02609c53e52c,software_installation,acme,acme:compute_node:end-0000360~8a87248625f3,acme:product_model:v0019-con-00048-consumable~47c091f6b382,/usr/lib/delacroix774,7.9.33,2022-10-11T16:39:19Z,\N,2022-10-21T13:37:26Z,\N,1,assert
acme:software_installation:acme-compute-node-end-0000510~0e0c1b796ddf,software_installation,acme,acme:compute_node:end-0000510~94ab9d775724,acme:product_model:v0007-sof-00163-software~24be948641de,/var/lib/baptiste541,4.9.9,2022-09-23T13:18:02Z,\N,2022-10-22T05:57:31Z,\N,1,assert
acme:software_installation:acme-compute-node-end-0000511~7dfe87db0a11,software_installation,acme,acme:compute_node:end-0000511~185079b710ef,acme:product_model:v0001-sof-00177-software~4a373e066a18,C:/Program Files/tanaka71,6.11.38,2022-09-28T11:15:24Z,\N,2022-10-24T08:02:02Z,\N,1,assert
acme:software_installation:acme-compute-node-end-0000297~a0e726b72e34,software_installation,acme,acme:compute_node:end-0000297~ac24395a2222,acme:product_model:v0043-sof-00042-software~de6ab371f830,/usr/local/kovac237,8.17.33,2022-10-13T08:10:28Z,\N,2022-10-24T19:16:06Z,\N,1,assert
acme:software_installation:acme-compute-node-clu-0000137~0bab7f4f1047,software_installation,acme,acme:compute_node:clu-0000137~9351a0fe2316,acme:product_model:v0018-sof-00115-software~6f97c8c48d8d,/Applications/tanaka47,7.18.19,2022-09-17T02:19:34Z,\N,2022-10-25T02:31:29Z,\N,1,assert
acme:software_installation:acme-compute-node-end-0000042~debcca368d72,software_installation,acme,acme:compute_node:end-0000042~5944e5c72f86,acme:product_model:v0025-sof-00181-software~c261916744f3,C:/Windows/System32/zhang343,3.13.2,2022-10-02T14:23:15Z,\N,2022-11-02T20:49:12Z,\N,1,assert
acme:software_installation:acme-compute-node-end-0000488~54c554788b4a,software_installation,acme,acme:compute_node:end-0000488~e2a4792719de,acme:product_model:v0013-sof-00053-software~bff0a8417ded,C:/Program Files (x86)/fontaine190,7.14.7,2022-09-29T09:52:50Z,\N,2022-11-07T07:19:29Z,\N,1,assert
acme:software_installation:acme-compute-node-end-0000522~df9dfcfa90e2,software_installation,acme,acme:compute_node:end-0000522~73ead19376ba,acme:product_model:v0017-sof-00120-software~2248054f68c9,C:/Program Files (x86)/okonkwo791,4.4.14,2022-10-08T12:27:30Z,\N,2022-11-07T07:25:04Z,\N,1,assert
acme:software_installation:acme-compute-node-end-0000595~6606b51ae45e,software_installation,acme,acme:compute_node:end-0000595~c828def4c84b,acme:product_model:v0000-con-00204-consumable~ade3497d0778,/opt/fontaine626,0.15.32,2022-10-13T15:33:10Z,\N,2022-11-23T14:04:44Z,\N,1,assert
acme:software_installation:acme-compute-node-end-0000508~26325c80ec8e,software_installation,acme,acme:compute_node:end-0000508~2cf55486b9f2,acme:product_model:v0046-sof-00007-software~093e367fd5c7,C:/Program Files/marchetti666,1.7.8,2022-11-24T23:51:23Z,\N,2022-11-24T23:51:23Z,\N,1,assert
acme:software_installation:acme-compute-node-end-0000355~f3d3b97640a8,software_installation,acme,acme:compute_node:end-0000355~22a750eec318,acme:product_model:v0002-sof-00015-software~43a675731435,/usr/lib/oyelaran162,2.10.13,2022-11-28T17:01:07Z,\N,2022-12-01T01:30:32Z,\N,1,assert
acme:software_installation:acme-compute-node-end-0000504~62dcdea8eecd,software_installation,acme,acme:compute_node:end-0000504~09ee2e0d003d,acme:product_model:v0002-sof-00059-software~e10e945bebac,C:/Program Files/kovac308,0.13.29,2022-10-26T00:38:01Z,\N,2022-12-03T10:44:41Z,\N,1,assert
acme:software_installation:acme-compute-node-clu-0000138~418f5184fdc8,software_installation,acme,acme:compute_node:clu-0000138~db22d2a9f5e7,acme:product_model:v0007-sof-00173-software~fecd106a6fa7,/opt/vaughan37,8.10.28,2022-11-04T05:59:07Z,\N,2022-12-04T04:52:47Z,\N,1,assert
acme:software_installation:acme-compute-node-clu-0000138~d56011a7ed05,software_installation,acme,acme:compute_node:clu-0000138~db22d2a9f5e7,acme:product_model:v0025-sof-00028-software~bfb5859c4926,/Applications/ueda338,3.17.33,2022-10-27T22:29:03Z,\N,2022-12-05T19:49:44Z,\N,1,assert
acme:software_installation:acme-compute-node-end-0000259~7e8d77f1b74d,software_installation,acme,acme:compute_node:end-0000259~d2b8675a0301,acme:product_model:v0005-sof-00030-software~82fa9037060e,C:/Windows/System32/kaminski749,8.20.28,2022-11-12T09:57:52Z,\N,2022-12-05T23:02:18Z,\N,1,assert
acme:software_installation:acme-compute-node-end-0000053~bcc0c9c9b9aa,software_installation,acme,acme:compute_node:end-0000053~787a0edc2b9e,acme:product_model:v0013-har-00023-hardware~b3514b383e01,/usr/lib/delacroix277,8.8.8,2022-11-09T14:27:42Z,\N,2022-12-07T06:32:11Z,\N,1,assert
acme:software_installation:acme-compute-node-end-0000249~972a156c9a13,software_installation,acme,acme:compute_node:end-0000249~b71a7385dd93,acme:product_model:v0045-sof-00155-software~a3280ef344a9,/usr/local/gallagher81,3.22.39,2022-11-29T22:58:58Z,\N,2022-12-15T01:00:57Z,\N,1,assert
acme:software_installation:acme-compute-node-end-0000269~51d68461f666,software_installation,acme,acme:compute_node:end-0000269~331f6df4fbe9,acme:product_model:v0031-sof-00027-software~505ce0d370c5,/opt/lindqvist151,3.8.29,2022-11-22T14:10:52Z,\N,2022-12-17T21:08:15Z,\N,1,assert
acme:software_installation:acme-compute-node-end-0000389~99f0defd104c,software_installation,acme,acme:compute_node:end-0000389~6fcb0e755bbf,acme:product_model:v0009-sof-00065-software~76e1c9faeb67,/opt/marchetti613,5.7.19,2022-11-17T09:31:51Z,\N,2022-12-20T02:21:38Z,\N,1,assert
acme:software_installation:acme-compute-node-end-0000511~c6682592699c,software_installation,acme,acme:compute_node:end-0000511~185079b710ef,acme:product_model:v0048-har-00107-hardware~8d89aea65747,/Applications/thorsen10,6.9.0,2022-12-03T21:29:17Z,\N,2022-12-25T15:09:25Z,\N,1,assert
acme:software_installation:acme-compute-node-end-0000259~55293e358830,software_installation,acme,acme:compute_node:end-0000259~d2b8675a0301,acme:product_model:v0032-sof-00118-software~348e714a91e4,C:/Windows/System32/marchetti706,6.16.18,2022-11-22T10:16:53Z,\N,2022-12-31T07:56:40Z,\N,1,assert
acme:software_installation:acme-compute-node-end-0000172~e5428cdc33d8,software_installation,acme,acme:compute_node:end-0000172~059694a6bc79,acme:product_model:v0003-sof-00134-software~046278dfd07d,/var/lib/mbatha707,5.21.2,2022-12-16T03:43:47Z,\N,2023-01-03T08:25:44Z,\N,1,assert
acme:software_installation:acme-compute-node-end-0000042~d97100d7fd99,software_installation,acme,acme:compute_node:end-0000042~5944e5c72f86,acme:product_model:v0048-sof-00186-software~e2985692f7e2,/opt/baptiste719,3.13.1,2022-12-20T05:10:09Z,\N,2023-01-05T16:33:16Z,\N,1,assert
acme:software_installation:acme-compute-node-end-0000581~7c600d4f2eea,software_installation,acme,acme:compute_node:end-0000581~e08f5ba4025f,acme:product_model:v0001-har-00072-hardware~c6a985da8579,C:/Windows/System32/oyelaran432,5.14.28,2022-12-30T14:56:21Z,\N,2023-01-10T23:30:06Z,\N,1,assert
acme:software_installation:acme-compute-node-end-0000550~3bf6b5f9321b,software_installation,acme,acme:compute_node:end-0000550~6e028eeb0e6b,acme:product_model:v0030-sof-00148-software~2e69bc29794f,/usr/local/kaminski67,4.20.25,2022-12-06T17:19:04Z,\N,2023-01-12T20:09:12Z,\N,1,assert
acme:software_installation:acme-compute-node-end-0000580~f840f6218ad6,software_installation,acme,acme:compute_node:end-0000580~373dbf279bdf,acme:product_model:v0034-har-00094-hardware~8b59318136b9,C:/Program Files (x86)/quintero503,4.14.29,2022-12-08T08:26:12Z,\N,2023-01-15T18:33:25Z,\N,1,assert
acme:software_installation:acme-compute-node-end-0000357~378f5d38ef69,software_installation,acme,acme:compute_node:end-0000357~d3aa4c16d383,acme:product_model:v0024-har-00212-hardware~372b1d2a6785,C:/Program Files (x86)/oyelaran584,6.23.4,2023-01-15T10:34:24Z,\N,2023-01-16T06:04:10Z,\N,1,assert
acme:software_installation:acme-compute-node-end-0000563~810a3e7fb019,software_installation,acme,acme:compute_node:end-0000563~3079827e68f5,acme:product_model:v0033-con-00161-consumable~ac78fa3cd767,C:/Windows/System32/abbott357,0.15.35,2022-12-21T07:49:25Z,\N,2023-01-18T22:30:07Z,\N,1,assert
acme:software_installation:acme-compute-node-end-0000312~f8bb872efce0,software_installation,acme,acme:compute_node:end-0000312~ef60d47cc254,acme:product_model:v0043-sof-00042-software~de6ab371f830,C:/Program Files (x86)/gundersen46,1.8.20,2023-01-04T02:09:55Z,\N,2023-01-20T14:36:40Z,\N,1,assert
acme:software_installation:acme-compute-node-end-0000528~2b9b805d89aa,software_installation,acme,acme:compute_node:end-0000528~ecbfbb0b3415,acme:product_model:v0025-sof-00190-software~d88f598b0f28,C:/Program Files (x86)/delacroix460,4.7.28,2023-01-02T23:20:29Z,\N,2023-01-20T18:09:37Z,\N,1,assert
acme:software_installation:acme-compute-node-end-0000319~c5ac451ccb15,software_installation,acme,acme:compute_node:end-0000319~4294e0c602e5,acme:product_model:v0036-sof-00169-software~6c3a3494b2c4,/opt/ueda616,6.8.6,2023-01-13T23:10:45Z,\N,2023-01-25T08:37:32Z,\N,1,assert
acme:software_installation:acme-compute-node-end-0000415~a02c41c794d0,software_installation,acme,acme:compute_node:end-0000415~8421fbb9f423,acme:product_model:v0000-sof-00194-software~9932bcd4f7e5,C:/Windows/System32/marchetti148,1.6.24,2022-12-29T08:08:46Z,\N,2023-01-26T06:49:18Z,\N,1,assert
acme:software_installation:acme-compute-node-end-0000421~c90a98a2dca1,software_installation,acme,acme:compute_node:end-0000421~57e4e3fae7a4,acme:product_model:v0002-har-00075-hardware~6911d7a7958d,/usr/local/zhang424,8.2.37,2023-01-03T22:03:09Z,\N,2023-01-26T20:47:11Z,\N,1,assert
acme:software_installation:acme-compute-node-end-0000484~eb96c148f3cc,software_installation,acme,acme:compute_node:end-0000484~fe96f276f9f1,acme:product_model:v0020-sof-00016-software~6bf03d717c9a,/usr/lib/jablonski417,3.9.5,2023-01-13T05:26:49Z,\N,2023-01-27T17:50:19Z,\N,1,assert
acme:software_installation:acme-compute-node-end-0000425~771788510ded,software_installation,acme,acme:compute_node:end-0000425~932066741c22,acme:product_model:v0024-har-00031-hardware~f1e62c580e14,/Applications/yilmaz522,8.5.32,2023-01-12T05:45:21Z,\N,2023-01-31T19:43:25Z,\N,1,assert
acme:software_installation:acme-compute-node-end-0000319~84faa5f68771,software_installation,acme,acme:compute_node:end-0000319~4294e0c602e5,acme:product_model:v0025-sof-00028-software~bfb5859c4926,C:/Windows/System32/gallagher689,2.20.33,2023-01-25T20:51:47Z,\N,2023-02-08T10:45:50Z,\N,1,assert
acme:software_installation:acme-compute-node-end-0000580~51f2914a4d1a,software_installation,acme,acme:compute_node:end-0000580~373dbf279bdf,acme:product_model:v0027-ser-00135-service~5728a6b1c180,C:/Program Files (x86)/thorsen365,2.21.30,2023-01-29T10:08:26Z,\N,2023-02-14T17:52:32Z,\N,1,assert
acme:software_installation:acme-compute-node-end-0000319~00027b5066ca,software_installation,acme,acme:compute_node:end-0000319~4294e0c602e5,acme:product_model:v0006-sof-00101-software~e3110aff00ec,/var/lib/bergstrom168,0.16.34,2023-01-15T13:59:24Z,\N,2023-02-23T17:01:03Z,\N,1,assert
acme:software_installation:acme-compute-node-end-0000045~4006ed879f2f,software_installation,acme,acme:compute_node:end-0000045~ec50513c607e,acme:product_model:v0020-sof-00140-software~4b0a9d2f1b86,C:/Program Files/okonkwo362,0.10.39,2023-02-09T19:50:08Z,\N,2023-02-24T03:03:45Z,\N,1,assert
acme:software_installation:acme-compute-node-end-0000105~132c0e770ce2,software_installation,acme,acme:compute_node:end-0000105~da20da36c0bd,acme:product_model:v0017-sof-00009-software~784807e294fe,/var/lib/quintero102,4.18.36,2023-02-14T21:07:26Z,\N,2023-03-06T21:42:27Z,\N,1,assert
acme:software_installation:acme-compute-node-end-0000295~7b486a016cd0,software_installation,acme,acme:compute_node:end-0000295~b6a6b2ed8954,acme:product_model:v0048-sof-00186-software~e2985692f7e2,C:/Windows/System32/baptiste100,6.23.23,2023-02-17T13:38:25Z,\N,2023-03-13T22:54:20Z,\N,1,assert
acme:software_installation:acme-compute-node-end-0000295~7662e4971eca,software_installation,acme,acme:compute_node:end-0000295~b6a6b2ed8954,acme:product_model:v0038-con-00171-consumable~adf762045edd,/usr/lib/kovac720,0.5.30,2023-02-10T17:09:09Z,\N,2023-03-14T05:32:00Z,\N,1,assert
acme:software_installation:acme-compute-node-end-0000563~5aa15de2c3ac,software_installation,acme,acme:compute_node:end-0000563~3079827e68f5,acme:product_model:v0043-ser-00146-service~d25b8a7606ab,/usr/local/abbott605,7.18.11,2023-02-06T01:46:48Z,\N,2023-03-18T07:07:03Z,\N,1,assert
acme:software_installation:acme-compute-node-end-0000172~55856d6d8e8c,software_installation,acme,acme:compute_node:end-0000172~059694a6bc79,acme:product_model:v0039-har-00112-hardware~940d89e8592d,C:/Program Files/thorsen118,1.19.39,2023-02-12T20:52:10Z,\N,2023-03-21T06:22:53Z,\N,1,assert
acme:software_installation:acme-compute-node-end-0000235~84be6c12b8c0,software_installation,acme,acme:compute_node:end-0000235~8635a5086d78,acme:product_model:v0031-sof-00021-software~7444ab93a277,/usr/local/santos55,8.18.38,2023-03-13T19:27:06Z,\N,2023-03-29T16:11:46Z,\N,1,assert
acme:software_installation:acme-compute-node-end-0000240~38147f8e1f65,software_installation,acme,acme:compute_node:end-0000240~69845f38edfa,acme:product_model:v0000-sof-00114-software~2b55fcfc0c35,C:/Windows/System32/wagner704,7.21.16,2023-03-27T13:27:26Z,\N,2023-03-29T20:59:45Z,\N,1,assert
acme:software_installation:acme-compute-node-end-0000510~1ba4a7737cbf,software_installation,acme,acme:compute_node:end-0000510~94ab9d775724,acme:product_model:v0003-con-00036-consumable~a534f553cae8,C:/Windows/System32/bergstrom189,3.14.2,2023-03-24T02:57:45Z,\N,2023-03-30T15:16:58Z,\N,1,assert
acme:software_installation:acme-compute-node-end-0000249~828df9ed3c20,software_installation,acme,acme:compute_node:end-0000249~b71a7385dd93,acme:product_model:v0034-ser-00100-service~682ddc66a6b8,C:/Program Files/gallagher463,4.16.36,2023-03-01T17:56:48Z,\N,2023-03-30T04:42:00Z,\N,1,assert
acme:software_installation:acme-compute-node-end-0000322~251c8941f6d5,software_installation,acme,acme:compute_node:end-0000322~b8ee25354694,acme:product_model:v0026-sof-00008-software~d41a4f228b29,C:/Program Files (x86)/yilmaz457,0.21.29,2023-03-29T20:40:17Z,\N,2023-04-01T05:03:49Z,\N,1,assert
acme:software_installation:acme-compute-node-end-0000504~d2c37dccca3c,software_installation,acme,acme:compute_node:end-0000504~09ee2e0d003d,acme:product_model:v0009-sof-00065-software~76e1c9faeb67,/usr/local/abbott652,0.21.33,2023-03-15T20:05:17Z,\N,2023-04-01T08:13:38Z,\N,1,assert
acme:software_installation:acme-compute-node-end-0000273~e45e7d26f9c8,software_installation,acme,acme:compute_node:end-0000273~4a39515dcf92,acme:product_model:v0038-sof-00124-software~136d335a8fbe,/usr/local/mbatha559,0.3.34,2023-03-20T17:34:44Z,\N,2023-04-02T09:57:45Z,\N,1,assert
acme:software_installation:acme-compute-node-end-0000590~d1b9c64699d5,software_installation,acme,acme:compute_node:end-0000590~d75cb953f27d,acme:product_model:v0017-ser-00139-service~3f2bcfae50be,C:/Program Files/ivanova105,5.18.5,2023-03-02T15:04:08Z,\N,2023-04-06T13:06:17Z,\N,1,assert
acme:software_installation:acme-compute-node-end-0000498~8b721abeaa3d,software_installation,acme,acme:compute_node:end-0000498~a99f7118422a,acme:product_model:v0048-har-00103-hardware~ff4f23401a16,C:/Program Files (x86)/baptiste594,8.14.13,2023-03-16T16:45:23Z,\N,2023-04-06T18:03:09Z,\N,1,assert
acme:software_installation:acme-compute-node-end-0000296~b40ddc1a2743,software_installation,acme,acme:compute_node:end-0000296~6b9691f91e28,acme:product_model:v0017-ser-00137-service~a3ce68e8b7dc,/opt/ueda289,6.2.35,2023-03-21T11:48:03Z,\N,2023-04-07T20:23:57Z,\N,1,assert
acme:software_installation:acme-compute-node-end-0000595~e317f96b7425,software_installation,acme,acme:compute_node:end-0000595~c828def4c84b,acme:product_model:v0047-ser-00210-service~c8c02fbe91e7,C:/Program Files (x86)/baptiste415,0.0.19,2023-03-09T16:09:38Z,\N,2023-04-08T22:05:23Z,\N,1,assert
acme:software_installation:acme-compute-node-end-0000322~e8cd4613ae86,software_installation,acme,acme:compute_node:end-0000322~b8ee25354694,acme:product_model:v0044-sof-00153-software~78b5e7000e38,/Applications/wagner156,1.2.18,2023-03-22T05:40:42Z,\N,2023-04-12T01:52:57Z,\N,1,assert
acme:software_installation:acme-compute-node-end-0000598~aef49c8b7b43,software_installation,acme,acme:compute_node:end-0000598~f97edea6e0c6,acme:product_model:v0034-sof-00219-software~aefca92d1ae7,/Applications/jablonski131,5.23.28,2023-03-23T10:13:44Z,\N,2023-04-15T09:15:02Z,\N,1,assert
acme:software_installation:acme-compute-node-vir-0000005~018acd1932cd,software_installation,acme,acme:compute_node:vir-0000005~ce048ebb62ef,acme:product_model:v0034-sof-00064-software~826c8b3ae203,/usr/lib/yilmaz672,5.8.23,2023-04-02T20:39:35Z,\N,2023-04-18T19:37:33Z,\N,1,assert
acme:software_installation:acme-compute-node-end-0000025~164d92c5c101,software_installation,acme,acme:compute_node:end-0000025~848eef76c6a1,acme:product_model:v0045-ser-00185-service~d45bbd49dc8b,/usr/lib/thorsen174,1.11.33,2023-04-04T16:20:54Z,\N,2023-04-19T06:32:12Z,\N,1,assert
acme:software_installation:acme-compute-node-end-0000401~de9c46c363bd,software_installation,acme,acme:compute_node:end-0000401~33b8ec270d18,acme:product_model:v0024-har-00031-hardware~f1e62c580e14,/usr/lib/castellanos604,6.8.1,2023-03-10T19:40:43Z,\N,2023-04-20T07:36:50Z,\N,1,assert
acme:software_installation:acme-compute-node-end-0000181~112c6f3d96f9,software_installation,acme,acme:compute_node:end-0000181~fe7b7c10ee24,acme:product_model:v0019-sof-00057-software~c2a710a4c400,/var/lib/novak565,5.9.35,2023-03-19T23:14:29Z,\N,2023-04-23T20:41:30Z,\N,1,assert
acme:software_installation:acme-compute-node-end-0000212~4d8f2cd7655d,software_installation,acme,acme:compute_node:end-0000212~9d4e2ce29388,acme:product_model:v0011-har-00003-hardware~ab0a7ff681b2,/var/lib/ueda346,0.1.10,2023-03-18T22:24:51Z,\N,2023-04-27T20:24:53Z,\N,1,assert
acme:software_installation:acme-compute-node-end-0000156~b8c4eb318f68,software_installation,acme,acme:compute_node:end-0000156~b2ebd851620a,acme:product_model:v0040-ser-00070-service~8fe3db4f811d,/usr/lib/rasmussen797,7.18.34,2023-04-21T23:50:17Z,\N,2023-04-29T11:00:40Z,\N,1,assert
acme:software_installation:acme-compute-node-end-0000156~470078792b11,software_installation,acme,acme:compute_node:end-0000156~b2ebd851620a,acme:product_model:v0024-ser-00193-service~25697d65b0be,/Applications/kaminski83,0.2.13,2023-04-27T16:11:31Z,\N,2023-05-03T16:15:34Z,\N,1,assert
acme:software_installation:acme-compute-node-end-0000357~2ac5cf101c78,software_installation,acme,acme:compute_node:end-0000357~d3aa4c16d383,acme:product_model:v0024-har-00212-hardware~372b1d2a6785,/opt/castellanos361,4.6.28,2023-05-02T09:42:41Z,\N,2023-05-05T21:30:46Z,\N,1,assert
acme:software_installation:acme-compute-node-end-0000098~1506b764cbaf,software_installation,acme,acme:compute_node:end-0000098~69f46552e395,acme:product_model:v0048-har-00107-hardware~8d89aea65747,C:/Windows/System32/fontaine712,1.6.18,2023-04-21T11:22:11Z,\N,2023-05-05T20:14:01Z,\N,1,assert
acme:software_installation:acme-compute-node-end-0000237~8031583ff9a9,software_installation,acme,acme:compute_node:end-0000237~ee52960bcce2,acme:product_model:v0009-sof-00065-software~76e1c9faeb67,C:/Program Files (x86)/thorsen188,8.5.19,2023-03-26T14:38:50Z,\N,2023-05-08T07:36:20Z,\N,1,assert
acme:software_installation:acme-compute-node-end-0000493~b3ffa154eff5,software_installation,acme,acme:compute_node:end-0000493~00c305b3e0fc,acme:product_model:v0047-ser-00210-service~c8c02fbe91e7,C:/Program Files/gundersen217,6.17.31,2023-05-04T05:30:20Z,\N,2023-05-15T11:12:18Z,\N,1,assert
acme:software_installation:acme-compute-node-end-0000470~f53a0c6ffe9f,software_installation,acme,acme:compute_node:end-0000470~fa3cfd52e8bb,acme:product_model:v0048-har-00104-hardware~77d5631870df,C:/Program Files (x86)/ueda88,2.11.7,2023-05-18T02:16:19Z,\N,2023-05-18T02:16:19Z,\N,1,assert
acme:software_installation:acme-compute-node-end-0000310~5f1a207b07e5,software_installation,acme,acme:compute_node:end-0000310~b0479b428d5a,acme:product_model:v0025-sof-00110-software~1a2d3f6d019f,C:/Program Files (x86)/silvestri450,1.21.35,2023-04-15T22:08:52Z,\N,2023-05-29T05:20:19Z,\N,1,assert
acme:software_installation:acme-compute-node-end-0000215~ed3e97f238a7,software_installation,acme,acme:compute_node:end-0000215~c2eac71bb216,acme:product_model:v0038-har-00013-hardware~7dc5ad8abb19,C:/Windows/System32/ueda410,1.6.29,2023-04-26T01:57:26Z,\N,2023-06-01T13:24:59Z,\N,1,assert
acme:software_installation:acme-compute-node-clu-0000135~c7f864d4e882,software_installation,acme,acme:compute_node:clu-0000135~0d1f47238cd4,acme:product_model:v0011-sof-00039-software~885f515398ec,/usr/lib/oyelaran533,6.11.6,2023-05-03T07:55:39Z,\N,2023-06-05T13:16:53Z,\N,1,assert
acme:software_installation:acme-compute-node-phy-0000000~14acd677a2d4,software_installation,acme,acme:compute_node:phy-0000000~0e09674a1941,acme:product_model:v0003-sof-00134-software~046278dfd07d,C:/Program Files/marchetti734,4.8.30,2023-05-09T07:39:26Z,\N,2023-06-14T01:25:09Z,\N,1,assert
acme:software_installation:acme-compute-node-end-0000527~dfc74702ee86,software_installation,acme,acme:compute_node:end-0000527~39c09c8fa4c8,acme:product_model:v0025-har-00151-hardware~3463505999b0,C:/Program Files/jablonski575,2.23.6,2023-06-07T07:11:31Z,\N,2023-06-19T13:28:10Z,\N,1,assert
acme:software_installation:acme-compute-node-end-0000550~fd28cdeaa2be,software_installation,acme,acme:compute_node:end-0000550~6e028eeb0e6b,acme:product_model:v0048-ser-00182-service~f7d331cbeb83,C:/Program Files (x86)/pereira49,5.7.4,2023-06-24T04:27:04Z,\N,2023-06-26T18:00:23Z,\N,1,assert
acme:software_installation:acme-compute-node-end-0000361~a652500c9733,software_installation,acme,acme:compute_node:end-0000361~4f593b720a0e,acme:product_model:v0028-ser-00012-service~4f4145335f09,C:/Program Files/schneider510,0.9.39,2023-06-05T09:20:12Z,\N,2023-07-10T13:46:07Z,\N,1,assert
acme:software_installation:acme-compute-node-end-0000322~32c07b6c304c,software_installation,acme,acme:compute_node:end-0000322~b8ee25354694,acme:product_model:v0018-sof-00115-software~6f97c8c48d8d,/usr/lib/delacroix196,8.4.8,2023-06-20T04:48:07Z,\N,2023-07-11T00:02:06Z,\N,1,assert
acme:software_installation:acme-compute-node-end-0000550~ca491bf73b63,software_installation,acme,acme:compute_node:end-0000550~6e028eeb0e6b,acme:product_model:v0034-har-00211-hardware~8c9138ba6c05,C:/Windows/System32/thorsen285,7.6.37,2023-07-05T23:39:32Z,\N,2023-07-12T00:36:54Z,\N,1,assert
acme:software_installation:acme-compute-node-end-0000419~bbb7e4bd08d8,software_installation,acme,acme:compute_node:end-0000419~313b1b1e75d4,acme:product_model:v0048-sof-00141-software~d6f1f9a24641,C:/Program Files/thorsen11,5.19.17,2023-07-14T19:10:20Z,\N,2023-07-15T17:42:04Z,\N,1,assert
acme:software_installation:acme-compute-node-clu-0000133~23c6176ecf80,software_installation,acme,acme:compute_node:clu-0000133~9771032742c2,acme:product_model:v0042-har-00191-hardware~6b5988b1a07d,C:/Windows/System32/bergstrom403,0.14.32,2023-06-20T07:01:30Z,\N,2023-07-23T07:00:18Z,\N,1,assert
acme:software_installation:acme-compute-node-end-0000181~ef6b3cbc7401,software_installation,acme,acme:compute_node:end-0000181~fe7b7c10ee24,acme:product_model:v0020-sof-00016-software~6bf03d717c9a,C:/Windows/System32/abbott491,0.21.34,2023-07-10T07:03:37Z,\N,2023-07-26T19:07:28Z,\N,1,assert
acme:software_installation:acme-compute-node-end-0000254~b774c3c9c54f,software_installation,acme,acme:compute_node:end-0000254~3525ba8ae230,acme:product_model:v0003-sof-00134-software~046278dfd07d,/usr/local/abbott620,3.20.29,2023-07-03T03:00:07Z,\N,2023-07-26T22:22:21Z,\N,1,assert
acme:software_installation:acme-compute-node-end-0000201~5687176754d4,software_installation,acme,acme:compute_node:end-0000201~48728e11d7f0,acme:product_model:v0025-sof-00190-software~d88f598b0f28,C:/Windows/System32/rasmussen21,8.17.24,2023-06-17T08:11:24Z,\N,2023-07-30T20:00:55Z,\N,1,assert
acme:software_installation:acme-compute-node-end-0000042~c1e86a15e939,software_installation,acme,acme:compute_node:end-0000042~5944e5c72f86,acme:product_model:v0027-ser-00135-service~5728a6b1c180,/usr/lib/kaminski240,6.6.35,2023-07-09T10:38:15Z,\N,2023-07-30T06:32:02Z,\N,1,assert
acme:software_installation:acme-compute-node-end-0000042~4c7d7d5df24d,software_installation,acme,acme:compute_node:end-0000042~5944e5c72f86,acme:product_model:v0017-sof-00009-software~784807e294fe,C:/Windows/System32/tanaka489,0.10.3,2023-07-13T23:53:42Z,\N,2023-08-01T22:28:38Z,\N,1,assert
acme:software_installation:acme-compute-node-end-0000342~8fcab8c34914,software_installation,acme,acme:compute_node:end-0000342~511c3443f7a1,acme:product_model:v0031-sof-00099-software~820f7e6eef33,C:/Program Files/bergstrom508,6.3.34,2023-07-20T18:27:18Z,\N,2023-08-18T11:58:12Z,\N,1,assert
acme:software_installation:acme-compute-node-end-0000415~992131564db3,software_installation,acme,acme:compute_node:end-0000415~8421fbb9f423,acme:product_model:v0011-sof-00116-software~86ba659891c7,/Applications/novak386,4.13.29,2023-07-31T04:35:52Z,\N,2023-08-22T09:41:44Z,\N,1,assert
acme:software_installation:acme-compute-node-end-0000084~5ba0a7343000,software_installation,acme,acme:compute_node:end-0000084~6668236acaa3,acme:product_model:v0024-sof-00005-software~35a45f8dc5fe,/usr/local/nakamura694,1.3.9,2023-08-18T22:12:38Z,\N,2023-08-22T10:54:02Z,\N,1,assert
acme:software_installation:acme-compute-node-end-0000236~d85c99002fb6,software_installation,acme,acme:compute_node:end-0000236~768bf513c059,acme:product_model:v0024-ser-00193-service~25697d65b0be,/Applications/pereira678,0.17.4,2023-07-26T11:09:32Z,\N,2023-08-27T03:27:39Z,\N,1,assert
acme:software_installation:acme-compute-node-end-0000215~105ff1d1d4f6,software_installation,acme,acme:compute_node:end-0000215~c2eac71bb216,acme:product_model:v0025-sof-00176-software~648715e2703d,/var/lib/zhang337,5.0.17,2023-09-01T22:02:31Z,\N,2023-09-03T05:35:15Z,\N,1,assert
acme:software_installation:acme-compute-node-end-0000528~c5e0f5070a0d,software_installation,acme,acme:compute_node:end-0000528~ecbfbb0b3415,acme:product_model:v0015-sof-00152-software~f3fb6cf495c1,/Applications/kaminski266,5.23.12,2023-08-05T09:53:25Z,\N,2023-09-05T13:17:26Z,\N,1,assert
acme:software_installation:acme-compute-node-end-0000239~92b8c43f7eda,software_installation,acme,acme:compute_node:end-0000239~1c265a5e814f,acme:product_model:v0034-sof-00136-software~47a6a1b406af,/usr/lib/castellanos692,7.14.33,2023-08-07T16:59:45Z,\N,2023-09-13T13:01:25Z,\N,1,assert
acme:software_installation:acme-compute-node-end-0000534~e826423322d1,software_installation,acme,acme:compute_node:end-0000534~bc192703189e,acme:product_model:v0045-har-00165-hardware~13587a2971e8,/Applications/okonkwo683,3.1.32,2023-08-23T17:30:08Z,\N,2023-09-14T01:50:47Z,\N,1,assert
acme:software_installation:acme-compute-node-end-0000193~1f328ac486dd,software_installation,acme,acme:compute_node:end-0000193~46c5588d105a,acme:product_model:v0044-sof-00126-software~b119dc592415,/usr/local/bergstrom209,8.10.0,2023-08-22T01:26:20Z,\N,2023-09-15T22:05:22Z,\N,1,assert
acme:software_installation:acme-compute-node-clu-0000137~9c230fb76601,software_installation,acme,acme:compute_node:clu-0000137~9351a0fe2316,acme:product_model:v0000-sof-00071-software~7773a5ff10d1,C:/Program Files (x86)/thorsen222,8.19.0,2023-08-14T12:36:06Z,\N,2023-09-22T09:50:56Z,\N,1,assert
acme:software_installation:acme-compute-node-end-0000193~585c8a5e7e49,software_installation,acme,acme:compute_node:end-0000193~46c5588d105a,acme:product_model:v0033-ser-00159-service~fa4e022b1c5d,/usr/lib/fontaine474,7.6.35,2023-08-17T02:21:14Z,\N,2023-09-22T09:21:31Z,\N,1,assert
acme:software_installation:acme-compute-node-end-0000342~052b0e5f05e1,software_installation,acme,acme:compute_node:end-0000342~511c3443f7a1,acme:product_model:v0045-har-00165-hardware~13587a2971e8,/usr/lib/kovac117,7.3.12,2023-09-09T03:50:35Z,\N,2023-09-24T16:48:49Z,\N,1,assert
acme:software_installation:acme-compute-node-end-0000552~d68b602ac507,software_installation,acme,acme:compute_node:end-0000552~3975e23802d1,acme:product_model:v0001-sof-00010-software~1d8c5e5dfaf0,C:/Program Files (x86)/novak773,5.2.30,2023-09-21T13:00:59Z,\N,2023-09-25T20:44:43Z,\N,1,assert
acme:software_installation:acme-compute-node-end-0000211~7885f959bf80,software_installation,acme,acme:compute_node:end-0000211~68c73bae58df,acme:product_model:v0003-sof-00134-software~046278dfd07d,C:/Windows/System32/ueda354,8.23.39,2023-09-27T02:56:22Z,\N,2023-10-06T01:34:54Z,\N,1,assert
acme:software_installation:acme-compute-node-end-0000470~08d4e69ebce6,software_installation,acme,acme:compute_node:end-0000470~fa3cfd52e8bb,acme:product_model:v0003-con-00036-consumable~a534f553cae8,C:/Program Files (x86)/abbott614,6.1.36,2023-09-27T11:45:50Z,\N,2023-10-06T02:44:51Z,\N,1,assert
acme:software_installation:acme-compute-node-end-0000504~0ef1a838a283,software_installation,acme,acme:compute_node:end-0000504~09ee2e0d003d,acme:product_model:v0046-sof-00068-software~986f68f8da1a,/opt/zhang232,0.20.39,2023-10-13T19:40:10Z,\N,2023-10-14T11:18:30Z,\N,1,assert
acme:software_installation:acme-compute-node-end-0000312~f3abaa35a62e,software_installation,acme,acme:compute_node:end-0000312~ef60d47cc254,acme:product_model:v0031-har-00082-hardware~05890fd3d7ee,/usr/lib/thorsen589,0.8.28,2023-09-20T12:58:56Z,\N,2023-10-18T09:54:22Z,\N,1,assert
acme:software_installation:acme-compute-node-end-0000373~52a264637ed7,software_installation,acme,acme:compute_node:end-0000373~208854e53945,acme:product_model:v0000-har-00198-hardware~be3946a1dcf2,/usr/local/nakamura472,6.3.31,2023-09-21T21:14:23Z,\N,2023-10-21T09:19:17Z,\N,1,assert
acme:software_installation:acme-compute-node-end-0000581~6e6aa78b7e75,software_installation,acme,acme:compute_node:end-0000581~e08f5ba4025f,acme:product_model:v0031-sof-00081-software~d5093ad2ac78,C:/Windows/System32/quintero233,8.23.3,2023-09-20T10:48:26Z,\N,2023-10-22T14:50:11Z,\N,1,assert
acme:software_installation:acme-compute-node-end-0000322~d65350da5841,software_installation,acme,acme:compute_node:end-0000322~b8ee25354694,acme:product_model:v0024-har-00031-hardware~f1e62c580e14,C:/Program Files/haddad230,1.11.0,2023-10-21T03:18:40Z,\N,2023-10-24T09:37:51Z,\N,1,assert
acme:software_installation:acme-compute-node-end-0000236~de0ddc6a29c7,software_installation,acme,acme:compute_node:end-0000236~768bf513c059,acme:product_model:v0003-ser-00079-service~8b5b5159c89f,/Applications/jablonski422,3.19.6,2023-09-30T14:07:11Z,\N,2023-10-24T13:33:13Z,\N,1,assert
acme:software_installation:acme-compute-node-end-0000496~abd0a204fc54,software_installation,acme,acme:compute_node:end-0000496~c3255676ec16,acme:product_model:v0048-sof-00089-software~9edb679f4148,C:/Program Files (x86)/gundersen163,4.1.22,2023-10-12T21:26:58Z,\N,2023-10-29T18:24:02Z,\N,1,assert
acme:software_installation:acme-compute-node-end-0000368~3c8aef38aea8,software_installation,acme,acme:compute_node:end-0000368~fad32109b79c,acme:product_model:v0028-har-00157-hardware~086fcfabf06e,/var/lib/schneider416,6.14.32,2023-10-19T22:43:23Z,\N,2023-11-05T13:39:14Z,\N,1,assert
acme:software_installation:acme-compute-node-end-0000395~49afc05fbd46,software_installation,acme,acme:compute_node:end-0000395~de31369bb1dd,acme:product_model:v0011-har-00006-hardware~2fa89d488ae1,/opt/haddad254,3.1.26,2023-10-29T20:12:52Z,\N,2023-11-17T09:14:48Z,\N,1,assert
acme:software_installation:acme-compute-node-end-0000550~8d9c4df0f447,software_installation,acme,acme:compute_node:end-0000550~6e028eeb0e6b,acme:product_model:v0000-sof-00002-software~61ff0803e0b2,/usr/lib/haddad342,2.5.17,2023-11-05T14:55:42Z,\N,2023-11-21T14:59:40Z,\N,1,assert
acme:software_installation:acme-compute-node-end-0000339~e8a355eda0f8,software_installation,acme,acme:compute_node:end-0000339~cb1ad246ddcc,acme:product_model:v0000-sof-00002-software~61ff0803e0b2,/Applications/kovac726,3.14.2,2023-11-18T13:46:36Z,\N,2023-11-23T08:14:11Z,\N,1,assert
acme:software_installation:acme-compute-node-end-0000378~9904a32a082f,software_installation,acme,acme:compute_node:end-0000378~0fd2f090a1d2,acme:product_model:v0000-ser-00206-service~84e0d9fede26,C:/Windows/System32/schneider214,5.21.2,2023-10-24T14:54:45Z,\N,2023-11-30T01:15:56Z,\N,1,assert
acme:software_installation:acme-compute-node-end-0000269~344d555f246d,software_installation,acme,acme:compute_node:end-0000269~331f6df4fbe9,acme:product_model:v0012-sof-00090-software~0cc63c0435da,/Applications/nakamura200,2.17.24,2023-11-07T05:21:54Z,\N,2023-12-02T02:58:43Z,\N,1,assert
acme:software_installation:acme-compute-node-end-0000517~5dc273a545e4,software_installation,acme,acme:compute_node:end-0000517~3c02eacd04c0,acme:product_model:v0034-sof-00064-software~826c8b3ae203,C:/Windows/System32/okonkwo121,1.16.30,2023-11-30T10:26:03Z,\N,2023-12-03T22:34:17Z,\N,1,assert
acme:software_installation:acme-compute-node-end-0000406~d9755e9ea702,software_installation,acme,acme:compute_node:end-0000406~1e43b44170c4,acme:product_model:v0004-sof-00147-software~cedc57d80d22,/Applications/yilmaz657,5.11.9,2023-11-03T20:37:28Z,\N,2023-12-13T22:55:36Z,\N,1,assert
acme:software_installation:acme-compute-node-end-0000312~167af6d3d8de,software_installation,acme,acme:compute_node:end-0000312~ef60d47cc254,acme:product_model:v0044-har-00127-hardware~88d42e914a04,/usr/lib/santos727,8.1.9,2023-11-16T01:17:57Z,\N,2023-12-14T19:42:45Z,\N,1,assert
acme:software_installation:acme-compute-node-end-0000497~a3fb2e7e90c8,software_installation,acme,acme:compute_node:end-0000497~b6a2af906817,acme:product_model:v0043-sof-00119-software~463d91a6f124,/var/lib/jablonski264,4.6.4,2023-11-20T11:17:46Z,\N,2023-12-16T20:32:19Z,\N,1,assert
acme:software_installation:acme-compute-node-end-0000317~5558edbec840,software_installation,acme,acme:compute_node:end-0000317~50c37c7ea389,acme:product_model:v0046-sof-00180-software~7a5a24e80eb8,C:/Program Files/thorsen645,2.14.1,2023-11-25T16:33:08Z,\N,2023-12-18T02:35:34Z,\N,1,assert
acme:software_installation:acme-compute-node-end-0000395~b5e167fca284,software_installation,acme,acme:compute_node:end-0000395~de31369bb1dd,acme:product_model:v0002-sof-00059-software~e10e945bebac,/opt/weiss42,1.4.21,2023-11-18T23:26:11Z,\N,2023-12-19T00:01:39Z,\N,1,assert
acme:software_installation:acme-compute-node-end-0000212~478cc7ec38e7,software_installation,acme,acme:compute_node:end-0000212~9d4e2ce29388,acme:product_model:v0024-har-00212-hardware~372b1d2a6785,/usr/lib/chowdhury287,0.11.4,2023-11-08T20:01:02Z,\N,2023-12-20T00:04:47Z,\N,1,assert
acme:software_installation:acme-compute-node-end-0000201~ec2737d66b59,software_installation,acme,acme:compute_node:end-0000201~48728e11d7f0,acme:product_model:v0019-sof-00033-software~cae63af9f6fa,/opt/oyelaran635,7.6.30,2023-11-10T15:16:40Z,\N,2023-12-23T07:38:09Z,\N,1,assert
acme:software_installation:acme-compute-node-end-0000510~eee52e6a86c1,software_installation,acme,acme:compute_node:end-0000510~94ab9d775724,acme:product_model:v0047-ser-00214-service~5de9fe155c28,/opt/santos638,3.10.11,2023-12-20T11:05:14Z,\N,2023-12-27T06:49:08Z,\N,1,assert
acme:software_installation:acme-compute-node-end-0000317~fd4c481aac1a,software_installation,acme,acme:compute_node:end-0000317~50c37c7ea389,acme:product_model:v0038-sof-00124-software~136d335a8fbe,/Applications/abbott263,4.23.17,2023-11-20T09:18:29Z,\N,2023-12-28T06:48:43Z,\N,1,assert
acme:software_installation:acme-compute-node-vir-0000005~148495a77df6,software_installation,acme,acme:compute_node:vir-0000005~ce048ebb62ef,acme:product_model:v0036-sof-00169-software~6c3a3494b2c4,/var/lib/ueda494,3.8.4,2023-12-28T01:13:06Z,\N,2024-01-09T18:46:10Z,\N,1,assert
acme:software_installation:acme-compute-node-end-0000543~64523a680063,software_installation,acme,acme:compute_node:end-0000543~922458762aee,acme:product_model:v0001-sof-00066-software~a704c8e55f44,C:/Windows/System32/jablonski799,1.11.3,2024-01-06T22:18:24Z,\N,2024-01-11T21:46:54Z,\N,1,assert
acme:software_installation:acme-compute-node-end-0000401~1d1f7197ced1,software_installation,acme,acme:compute_node:end-0000401~33b8ec270d18,acme:product_model:v0028-sof-00105-software~dce17a6613c4,C:/Program Files/ueda570,1.21.16,2023-12-05T04:18:11Z,\N,2024-01-13T09:06:55Z,\N,1,assert
acme:software_installation:acme-compute-node-end-0000273~4f32f1372ac7,software_installation,acme,acme:compute_node:end-0000273~4a39515dcf92,acme:product_model:v0002-har-00075-hardware~6911d7a7958d,/Applications/delacroix134,3.10.25,2024-01-10T07:30:48Z,\N,2024-01-14T09:29:51Z,\N,1,assert
acme:software_installation:acme-compute-node-end-0000249~dd5865b00361,software_installation,acme,acme:compute_node:end-0000249~b71a7385dd93,acme:product_model:v0003-sof-00134-software~046278dfd07d,C:/Program Files/silvestri495,4.23.10,2024-01-13T18:40:46Z,\N,2024-01-16T19:56:59Z,\N,1,assert
acme:software_installation:acme-compute-node-end-0000317~75f2bbd801e4,software_installation,acme,acme:compute_node:end-0000317~50c37c7ea389,acme:product_model:v0038-sof-00124-software~136d335a8fbe,C:/Windows/System32/gundersen316,1.5.20,2024-01-08T15:10:38Z,\N,2024-01-18T00:29:45Z,\N,1,assert
acme:software_installation:acme-compute-node-end-0000415~0ea951bf5ba0,software_installation,acme,acme:compute_node:end-0000415~8421fbb9f423,acme:product_model:v0034-sof-00160-software~42d0c95c5fc1,/usr/local/gallagher724,8.11.31,2023-12-14T09:53:36Z,\N,2024-01-18T17:10:04Z,\N,1,assert
acme:software_installation:acme-compute-node-end-0000187~a2ed6e6fa6e1,software_installation,acme,acme:compute_node:end-0000187~d9cfde93df75,acme:product_model:v0027-sof-00038-software~50c988234439,C:/Windows/System32/wagner532,3.6.1,2023-12-11T20:36:11Z,\N,2024-01-21T11:26:32Z,\N,1,assert
acme:software_installation:acme-compute-node-end-0000339~beda9c231560,software_installation,acme,acme:compute_node:end-0000339~cb1ad246ddcc,acme:product_model:v0011-sof-00040-software~115bea67ab52,/opt/chowdhury260,8.15.38,2023-12-27T11:51:43Z,\N,2024-01-30T04:12:20Z,\N,1,assert
acme:software_installation:acme-compute-node-end-0000385~03bb61417fc9,software_installation,acme,acme:compute_node:end-0000385~da168d72f21b,acme:product_model:v0011-sof-00039-software~885f515398ec,/usr/local/kaminski36,0.12.35,2024-01-21T01:12:27Z,\N,2024-02-01T15:45:53Z,\N,1,assert
acme:software_installation:acme-compute-node-end-0000211~db82eda82f27,software_installation,acme,acme:compute_node:end-0000211~68c73bae58df,acme:product_model:v0010-har-00058-hardware~12eaeccad99a,/opt/lindqvist656,8.1.19,2023-12-24T04:10:04Z,\N,2024-02-04T20:28:50Z,\N,1,assert
acme:software_installation:acme-compute-node-end-0000574~cdc250423759,software_installation,acme,acme:compute_node:end-0000574~7e6de27a6289,acme:product_model:v0034-sof-00136-software~47a6a1b406af,/usr/lib/silvestri130,3.21.28,2024-01-04T12:01:48Z,\N,2024-02-08T18:33:32Z,\N,1,assert
acme:software_installation:acme-compute-node-end-0000421~9eccc04c5a9c,software_installation,acme,acme:compute_node:end-0000421~57e4e3fae7a4,acme:product_model:v0045-sof-00142-software~fa5e37254560,C:/Program Files/quintero529,3.1.31,2024-01-01T23:12:11Z,\N,2024-02-09T05:38:15Z,\N,1,assert
acme:software_installation:acme-compute-node-end-0000377~cb619bbda7d4,software_installation,acme,acme:compute_node:end-0000377~730638e8bd98,acme:product_model:v0042-har-00191-hardware~6b5988b1a07d,C:/Program Files/gundersen129,7.3.12,2024-02-03T11:43:04Z,\N,2024-02-10T19:16:36Z,\N,1,assert
acme:software_installation:acme-compute-node-end-0000177~fc0441b76623,software_installation,acme,acme:compute_node:end-0000177~82128a96fe67,acme:product_model:v0001-ser-00209-service~a84bd3a48de9,/usr/local/zhang27,3.2.8,2024-01-05T09:20:15Z,\N,2024-02-13T03:44:00Z,\N,1,assert
acme:software_installation:acme-compute-node-phy-0000001~bbc140619d69,software_installation,acme,acme:compute_node:phy-0000001~331ac2cb8862,acme:product_model:v0006-sof-00187-software~85831ba47dce,/usr/local/schneider161,8.15.31,2024-01-08T04:32:51Z,\N,2024-02-17T14:16:39Z,\N,1,assert
acme:software_installation:acme-compute-node-end-0000170~a67c48b1b60c,software_installation,acme,acme:compute_node:end-0000170~4eb916ba1730,acme:product_model:v0007-sof-00173-software~fecd106a6fa7,/usr/lib/yilmaz414,6.15.20,2024-02-15T05:27:19Z,\N,2024-02-22T04:51:31Z,\N,1,assert
acme:software_installation:acme-compute-node-end-0000187~cc9aea2b229f,software_installation,acme,acme:compute_node:end-0000187~d9cfde93df75,acme:product_model:v0048-har-00103-hardware~ff4f23401a16,/Applications/gallagher348,6.17.10,2024-01-15T16:48:45Z,\N,2024-02-25T10:33:50Z,\N,1,assert
acme:software_installation:acme-compute-node-end-0000265~1c8003b1d04d,software_installation,acme,acme:compute_node:end-0000265~349c31ab356c,acme:product_model:v0040-ser-00070-service~8fe3db4f811d,C:/Windows/System32/kaminski392,8.3.17,2024-02-19T03:02:49Z,\N,2024-03-09T12:28:46Z,\N,1,assert
acme:software_installation:acme-compute-node-end-0000181~c01d11407bca,software_installation,acme,acme:compute_node:end-0000181~fe7b7c10ee24,acme:product_model:v0019-sof-00057-software~c2a710a4c400,/Applications/mbatha267,1.7.4,2024-03-15T17:53:37Z,\N,2024-03-15T17:53:37Z,\N,1,assert
acme:software_installation:acme-compute-node-end-0000296~d88873a71d52,software_installation,acme,acme:compute_node:end-0000296~6b9691f91e28,acme:product_model:v0018-sof-00115-software~6f97c8c48d8d,/usr/local/rasmussen160,6.9.11,2024-03-16T17:54:09Z,\N,2024-03-18T00:14:53Z,\N,1,assert
acme:software_installation:acme-compute-node-end-0000366~bd6b584ccc48,software_installation,acme,acme:compute_node:end-0000366~9d36f3c3395a,acme:product_model:v0002-sof-00015-software~43a675731435,C:/Program Files (x86)/abbott182,7.13.19,2024-03-03T21:15:11Z,\N,2024-03-19T05:37:27Z,\N,1,assert
acme:software_installation:acme-compute-node-con-0000117~b24f7057db7d,software_installation,acme,acme:compute_node:con-0000117~67b8df246417,acme:product_model:v0044-ser-00158-service~bb17f30c2fea,C:/Windows/System32/castellanos336,6.6.12,2024-02-28T16:20:09Z,\N,2024-03-19T14:25:43Z,\N,1,assert
acme:software_installation:acme-compute-node-end-0000142~df60505ba2b9,software_installation,acme,acme:compute_node:end-0000142~63ea35cce109,acme:product_model:v0033-con-00161-consumable~ac78fa3cd767,C:/Program Files/gundersen723,4.3.30,2024-02-26T09:54:41Z,\N,2024-03-19T17:30:02Z,\N,1,assert
acme:software_installation:acme-compute-node-end-0000031~c8597a20dcfa,software_installation,acme,acme:compute_node:end-0000031~5f97e56c23df,acme:product_model:v0045-har-00165-hardware~13587a2971e8,C:/Program Files/pereira178,2.11.6,2024-03-17T22:20:51Z,\N,2024-03-20T08:22:37Z,\N,1,assert
acme:software_installation:acme-compute-node-end-0000290~31f5b0161d4b,software_installation,acme,acme:compute_node:end-0000290~131b55c89bd2,acme:product_model:v0017-ser-00137-service~a3ce68e8b7dc,/usr/local/marchetti360,1.21.25,2024-03-09T04:13:20Z,\N,2024-03-21T11:17:00Z,\N,1,assert
acme:software_installation:acme-compute-node-end-0000470~f8d106756a3c,software_installation,acme,acme:compute_node:end-0000470~fa3cfd52e8bb,acme:product_model:v0030-sof-00148-software~2e69bc29794f,/var/lib/ivanova334,0.15.31,2024-02-27T23:09:01Z,\N,2024-03-23T17:11:18Z,\N,1,assert
acme:software_installation:acme-compute-node-end-0000563~9e9089991085,software_installation,acme,acme:compute_node:end-0000563~3079827e68f5,acme:product_model:v0034-ser-00067-service~6369f588422d,/usr/lib/kovac459,6.4.31,2024-03-14T23:33:13Z,\N,2024-03-26T05:57:00Z,\N,1,assert
acme:software_installation:acme-compute-node-end-0000375~1b67bca40e94,software_installation,acme,acme:compute_node:end-0000375~fda083cfceb5,acme:product_model:v0048-sof-00089-software~9edb679f4148,C:/Program Files/eberhardt593,8.4.18,2024-03-16T07:42:08Z,\N,2024-03-27T18:30:22Z,\N,1,assert
acme:software_installation:acme-compute-node-end-0000046~062008833f5f,software_installation,acme,acme:compute_node:end-0000046~8ca56cca581e,acme:product_model:v0034-sof-00092-software~d50f64dbb57b,C:/Program Files (x86)/kovac596,5.14.37,2024-03-23T15:32:20Z,\N,2024-03-27T18:14:56Z,\N,1,assert
acme:software_installation:acme-compute-node-end-0000269~3b9099aa62c4,software_installation,acme,acme:compute_node:end-0000269~331f6df4fbe9,acme:product_model:v0003-sof-00134-software~046278dfd07d,C:/Program Files (x86)/silvestri53,7.15.13,2024-03-17T10:40:03Z,\N,2024-04-01T04:28:36Z,\N,1,assert
acme:software_installation:acme-compute-node-end-0000522~d48a83262bed,software_installation,acme,acme:compute_node:end-0000522~73ead19376ba,acme:product_model:v0035-har-00205-hardware~313790e35486,/opt/thorsen628,7.22.2,2024-03-17T21:06:09Z,\N,2024-04-01T12:07:21Z,\N,1,assert
acme:software_installation:acme-compute-node-end-0000499~2a801dd9a6a7,software_installation,acme,acme:compute_node:end-0000499~c780711bfd83,acme:product_model:v0048-har-00107-hardware~8d89aea65747,/opt/abbott721,3.14.37,2024-03-15T21:01:15Z,\N,2024-04-02T08:03:19Z,\N,1,assert
acme:software_installation:acme-compute-node-end-0000053~47f19e142db3,software_installation,acme,acme:compute_node:end-0000053~787a0edc2b9e,acme:product_model:v0014-har-00108-hardware~976ee98ea0c8,/usr/local/nakamura86,1.11.32,2024-04-21T19:36:59Z,\N,2024-04-22T07:52:07Z,\N,1,assert
acme:software_installation:acme-compute-node-end-0000212~cde4b41d09fb,software_installation,acme,acme:compute_node:end-0000212~9d4e2ce29388,acme:product_model:v0013-har-00189-hardware~25ab2a03ee74,/usr/local/gundersen438,0.13.21,2024-04-18T08:06:18Z,\N,2024-05-03T21:40:27Z,\N,1,assert
acme:software_installation:acme-compute-node-end-0000552~e338f20f1f94,software_installation,acme,acme:compute_node:end-0000552~3975e23802d1,acme:product_model:v0047-ser-00210-service~c8c02fbe91e7,/usr/lib/zhang60,8.20.37,2024-04-16T19:20:21Z,\N,2024-05-04T22:47:15Z,\N,1,assert
acme:software_installation:acme-compute-node-end-0000487~efd8718bd7d1,software_installation,acme,acme:compute_node:end-0000487~459cb364417d,acme:product_model:v0046-sof-00180-software~7a5a24e80eb8,/var/lib/fontaine792,5.0.14,2024-04-29T06:19:36Z,\N,2024-05-05T15:43:12Z,\N,1,assert
acme:software_installation:acme-compute-node-end-0000180~622ea82131ad,software_installation,acme,acme:compute_node:end-0000180~b679e9141929,acme:product_model:v0033-ser-00043-service~c4167e411d46,/var/lib/quintero355,8.18.6,2024-04-05T20:35:05Z,\N,2024-05-06T11:57:19Z,\N,1,assert
acme:software_installation:acme-compute-node-end-0000310~dc1c4f0562ff,software_installation,acme,acme:compute_node:end-0000310~b0479b428d5a,acme:product_model:v0038-har-00032-hardware~96b45a11e3e3,/opt/mbatha137,7.3.14,2024-04-10T04:08:35Z,\N,2024-05-11T20:52:06Z,\N,1,assert
acme:software_installation:acme-compute-node-end-0000310~20edb060cba8,software_installation,acme,acme:compute_node:end-0000310~b0479b428d5a,acme:product_model:v0040-ser-00144-service~cea57795c784,/var/lib/santos451,4.14.15,2024-05-13T02:21:59Z,\N,2024-05-21T01:26:20Z,\N,1,assert
acme:software_installation:acme-compute-node-end-0000384~e25d76052a99,software_installation,acme,acme:compute_node:end-0000384~8c7467b4462c,acme:product_model:v0017-ser-00183-service~2f96842fac67,C:/Program Files (x86)/fontaine159,0.12.7,2024-04-18T03:05:13Z,\N,2024-05-23T11:24:54Z,\N,1,assert
acme:software_installation:acme-compute-node-end-0000590~4d69c3b006b6,software_installation,acme,acme:compute_node:end-0000590~d75cb953f27d,acme:product_model:v0038-con-00171-consumable~adf762045edd,/var/lib/novak377,3.12.7,2024-04-20T17:05:00Z,\N,2024-05-24T14:42:32Z,\N,1,assert
acme:software_installation:acme-compute-node-end-0000509~c90ecc1f5c27,software_installation,acme,acme:compute_node:end-0000509~2ff4e28347d3,acme:product_model:v0032-sof-00166-software~7bfda5e25441,C:/Program Files (x86)/novak690,6.18.13,2024-05-19T16:43:39Z,\N,2024-05-24T23:43:22Z,\N,1,assert
acme:software_installation:acme-compute-node-end-0000546~a313d9f7c426,software_installation,acme,acme:compute_node:end-0000546~3b23ec851b7f,acme:product_model:v0036-sof-00202-software~6ba62f63b134,C:/Windows/System32/weiss653,0.0.35,2024-05-17T11:41:40Z,\N,2024-05-26T23:12:12Z,\N,1,assert
acme:software_installation:acme-compute-node-end-0000236~147a0c8dc144,software_installation,acme,acme:compute_node:end-0000236~768bf513c059,acme:product_model:v0048-sof-00089-software~9edb679f4148,/usr/lib/ueda391,4.1.17,2024-05-16T12:36:39Z,\N,2024-06-02T20:42:54Z,\N,1,assert
acme:software_installation:acme-compute-node-end-0000042~c98ac2aa3374,software_installation,acme,acme:compute_node:end-0000042~5944e5c72f86,acme:product_model:v0036-sof-00133-software~3768a066acec,/opt/oyelaran647,5.8.27,2024-04-29T18:16:00Z,\N,2024-06-07T18:24:08Z,\N,1,assert
acme:software_installation:acme-compute-node-end-0000142~1eb3ebae955a,software_installation,acme,acme:compute_node:end-0000142~63ea35cce109,acme:product_model:v0000-ser-00206-service~84e0d9fede26,C:/Windows/System32/weiss34,6.10.21,2024-05-03T09:40:23Z,\N,2024-06-13T02:10:30Z,\N,1,assert
acme:software_installation:acme-compute-node-end-0000508~34c82cebbff4,software_installation,acme,acme:compute_node:end-0000508~2cf55486b9f2,acme:product_model:v0003-ser-00079-service~8b5b5159c89f,/var/lib/gundersen572,8.5.20,2024-06-11T01:30:31Z,\N,2024-06-14T12:36:14Z,\N,1,assert
acme:software_installation:acme-compute-node-end-0000211~76adab1144ef,software_installation,acme,acme:compute_node:end-0000211~68c73bae58df,acme:product_model:v0045-ser-00185-service~d45bbd49dc8b,/usr/local/quintero548,0.14.21,2024-05-22T17:57:11Z,\N,2024-06-17T20:56:13Z,\N,1,assert
acme:software_installation:acme-compute-node-end-0000493~f3c3b7969888,software_installation,acme,acme:compute_node:end-0000493~00c305b3e0fc,acme:product_model:v0045-sof-00155-software~a3280ef344a9,/Applications/fontaine576,5.14.27,2024-06-15T10:04:37Z,\N,2024-06-17T20:49:10Z,\N,1,assert
acme:software_installation:acme-compute-node-end-0000458~295ca8670580,software_installation,acme,acme:compute_node:end-0000458~0d07cf932fad,acme:product_model:v0048-sof-00141-software~d6f1f9a24641,C:/Program Files (x86)/yilmaz229,0.21.1,2024-05-28T14:42:31Z,\N,2024-06-22T02:56:50Z,\N,1,assert
acme:software_installation:acme-compute-node-end-0000551~8a5883f16cb7,software_installation,acme,acme:compute_node:end-0000551~211c4b3eea8a,acme:product_model:v0004-sof-00078-software~4c214702c427,/usr/local/chowdhury430,2.23.13,2024-06-10T22:05:54Z,\N,2024-06-22T20:45:26Z,\N,1,assert
acme:software_installation:acme-compute-node-end-0000249~3005ca04195c,software_installation,acme,acme:compute_node:end-0000249~b71a7385dd93,acme:product_model:v0032-sof-00166-software~7bfda5e25441,/usr/lib/tanaka398,4.11.37,2024-05-28T08:50:31Z,\N,2024-06-27T16:32:59Z,\N,1,assert
acme:software_installation:acme-compute-node-end-0000517~9e78024d6158,software_installation,acme,acme:compute_node:end-0000517~3c02eacd04c0,acme:product_model:v0011-har-00162-hardware~113a927c954d,/usr/local/quintero667,5.4.24,2024-05-30T11:54:31Z,\N,2024-06-29T16:17:34Z,\N,1,assert
acme:software_installation:acme-compute-node-end-0000470~a7fc9fba7cc7,software_installation,acme,acme:compute_node:end-0000470~fa3cfd52e8bb,acme:product_model:v0024-ser-00193-service~25697d65b0be,/opt/nakamura478,2.4.27,2024-06-16T18:03:01Z,\N,2024-06-30T15:27:26Z,\N,1,assert
acme:software_installation:acme-compute-node-phy-0000001~1aed53172bef,software_installation,acme,acme:compute_node:phy-0000001~331ac2cb8862,acme:product_model:v0011-har-00162-hardware~113a927c954d,/usr/lib/fontaine437,5.22.20,2024-06-23T15:40:24Z,\N,2024-07-04T23:26:11Z,\N,1,assert
acme:software_installation:acme-compute-node-end-0000384~503b54384e3f,software_installation,acme,acme:compute_node:end-0000384~8c7467b4462c,acme:product_model:v0045-sof-00142-software~fa5e37254560,/usr/local/wagner729,8.21.16,2024-06-10T20:27:16Z,\N,2024-07-06T13:27:29Z,\N,1,assert
acme:software_installation:acme-compute-node-end-0000553~108a13f67133,software_installation,acme,acme:compute_node:end-0000553~7bb2a11466d1,acme:product_model:v0048-har-00143-hardware~746c10ce3518,/Applications/santos402,6.1.24,2024-06-05T07:18:01Z,\N,2024-07-09T10:42:04Z,\N,1,assert
acme:software_installation:acme-compute-node-end-0000581~5ea0a66d9c78,software_installation,acme,acme:compute_node:end-0000581~e08f5ba4025f,acme:product_model:v0028-sof-00022-software~3c001cab9e4f,C:/Windows/System32/chowdhury295,4.8.11,2024-06-05T14:45:44Z,\N,2024-07-11T22:19:40Z,\N,1,assert
acme:software_installation:acme-compute-node-con-0000128~36ce3b160df9,software_installation,acme,acme:compute_node:con-0000128~19b45abeeb63,acme:product_model:v0000-sof-00114-software~2b55fcfc0c35,/usr/local/oyelaran122,4.13.11,2024-07-12T14:52:47Z,\N,2024-07-12T14:52:47Z,\N,1,assert
acme:software_installation:acme-compute-node-end-0000415~55c94c7c11ae,software_installation,acme,acme:compute_node:end-0000415~8421fbb9f423,acme:product_model:v0014-har-00054-hardware~5531b0743bf4,/var/lib/silvestri446,6.16.22,2024-07-09T02:21:15Z,\N,2024-07-12T18:37:10Z,\N,1,assert
acme:software_installation:acme-compute-node-end-0000550~376c350a2600,software_installation,acme,acme:compute_node:end-0000550~6e028eeb0e6b,acme:product_model:v0031-sof-00027-software~505ce0d370c5,C:/Program Files (x86)/quintero275,1.7.22,2024-06-08T02:52:21Z,\N,2024-07-14T13:36:29Z,\N,1,assert
acme:software_installation:acme-compute-node-end-0000403~f5a8887b3cf6,software_installation,acme,acme:compute_node:end-0000403~f24f83f1a37b,acme:product_model:v0031-sof-00102-software~8048cee75928,/usr/local/gallagher743,3.14.37,2024-06-15T23:58:07Z,\N,2024-07-19T01:42:24Z,\N,1,assert
acme:software_installation:acme-compute-node-end-0000339~4c317ce7733d,software_installation,acme,acme:compute_node:end-0000339~cb1ad246ddcc,acme:product_model:v0004-sof-00078-software~4c214702c427,/var/lib/oyelaran297,7.18.16,2024-07-14T11:44:21Z,\N,2024-07-26T11:22:13Z,\N,1,assert
acme:software_installation:acme-compute-node-end-0000595~476692320718,software_installation,acme,acme:compute_node:end-0000595~c828def4c84b,acme:product_model:v0046-har-00121-hardware~26b3cfd937dc,/usr/local/santos364,3.19.38,2024-07-04T17:59:21Z,\N,2024-07-26T19:50:02Z,\N,1,assert
acme:software_installation:acme-compute-node-end-0000384~a4d98fc937a6,software_installation,acme,acme:compute_node:end-0000384~8c7467b4462c,acme:product_model:v0025-ser-00087-service~3f367620603a,/usr/lib/gundersen310,4.7.39,2024-07-05T23:59:48Z,\N,2024-07-27T09:25:09Z,\N,1,assert
acme:software_installation:acme-compute-node-end-0000406~14fc7798ddaf,software_installation,acme,acme:compute_node:end-0000406~1e43b44170c4,acme:product_model:v0005-sof-00131-software~b8e9f95f32fc,C:/Program Files/thorsen496,2.19.35,2024-06-17T10:33:56Z,\N,2024-07-28T15:08:54Z,\N,1,assert
acme:software_installation:acme-compute-node-end-0000441~10ad910aa4a2,software_installation,acme,acme:compute_node:end-0000441~0b943cf8aadb,acme:product_model:v0014-har-00197-hardware~9c53a024ba86,C:/Program Files/nakamura486,4.6.23,2024-06-24T01:12:32Z,\N,2024-07-29T11:57:15Z,\N,1,assert
acme:software_installation:acme-compute-node-end-0000587~45aac70f7088,software_installation,acme,acme:compute_node:end-0000587~2af903288fe1,acme:product_model:v0002-sof-00015-software~43a675731435,/usr/lib/schneider655,5.18.0,2024-06-17T13:13:17Z,\N,2024-07-30T01:34:28Z,\N,1,assert
acme:software_installation:acme-compute-node-end-0000187~ce6aa797d12d,software_installation,acme,acme:compute_node:end-0000187~d9cfde93df75,acme:product_model:v0005-ser-00047-service~07ad54d4c8f7,C:/Program Files (x86)/delacroix394,7.12.17,2024-07-18T01:51:55Z,\N,2024-08-12T14:09:41Z,\N,1,assert
acme:software_installation:acme-compute-node-end-0000237~f9099f0edb22,software_installation,acme,acme:compute_node:end-0000237~ee52960bcce2,acme:product_model:v0017-sof-00199-software~5712c9185b4c,C:/Windows/System32/wagner493,8.10.24,2024-07-10T06:41:52Z,\N,2024-08-12T06:56:20Z,\N,1,assert
acme:software_installation:acme-compute-node-end-0000312~030356ad8058,software_installation,acme,acme:compute_node:end-0000312~ef60d47cc254,acme:product_model:v0023-ser-00113-service~8c1c9a1fd539,/usr/local/gallagher517,2.21.4,2024-07-25T06:36:30Z,\N,2024-08-14T15:19:22Z,\N,1,assert
acme:software_installation:acme-compute-node-end-0000273~eca42fff4b3e,software_installation,acme,acme:compute_node:end-0000273~4a39515dcf92,acme:product_model:v0002-sof-00059-software~e10e945bebac,C:/Program Files/fontaine553,3.18.24,2024-07-30T14:28:45Z,\N,2024-08-19T09:59:09Z,\N,1,assert
acme:software_installation:acme-compute-node-end-0000066~c6f2d629993d,software_installation,acme,acme:compute_node:end-0000066~9c891c48a3a2,acme:product_model:v0002-sof-00015-software~43a675731435,C:/Windows/System32/oyelaran281,1.23.21,2024-07-26T18:27:43Z,\N,2024-08-20T16:10:33Z,\N,1,assert
acme:software_installation:acme-compute-node-end-0000310~746ac160933f,software_installation,acme,acme:compute_node:end-0000310~b0479b428d5a,acme:product_model:v0025-sof-00011-software~a181fbc537ac,C:/Windows/System32/pereira16,4.12.26,2024-07-26T04:01:03Z,\N,2024-08-25T01:50:29Z,\N,1,assert
acme:software_installation:acme-compute-node-end-0000366~42139ccfe0ef,software_installation,acme,acme:compute_node:end-0000366~9d36f3c3395a,acme:product_model:v0044-sof-00153-software~78b5e7000e38,/usr/local/pereira26,3.1.21,2024-07-23T12:18:18Z,\N,2024-08-25T10:40:20Z,\N,1,assert
acme:software_installation:acme-compute-node-end-0000595~acd01424df15,software_installation,acme,acme:compute_node:end-0000595~c828def4c84b,acme:product_model:v0035-sof-00109-software~0a54ae896fc5,C:/Program Files (x86)/thorsen702,0.9.30,2024-08-13T01:01:03Z,\N,2024-08-28T08:56:28Z,\N,1,assert
acme:software_installation:acme-compute-node-end-0000508~27805dd4bf29,software_installation,acme,acme:compute_node:end-0000508~2cf55486b9f2,acme:product_model:v0028-sof-00022-software~3c001cab9e4f,/usr/lib/okonkwo299,1.23.5,2024-07-18T10:57:26Z,\N,2024-08-31T08:08:24Z,\N,1,assert
acme:software_installation:acme-compute-node-end-0000310~2920f4049cbf,software_installation,acme,acme:compute_node:end-0000310~b0479b428d5a,acme:product_model:v0014-har-00054-hardware~5531b0743bf4,/Applications/novak464,4.23.9,2024-08-05T05:22:23Z,\N,2024-09-01T02:43:34Z,\N,1,assert
acme:software_installation:acme-compute-node-end-0000463~36ac82cc273c,software_installation,acme,acme:compute_node:end-0000463~e3140df852ea,acme:product_model:v0001-har-00076-hardware~6843fe9d9f3f,/usr/local/kaminski524,5.18.27,2024-09-05T02:32:54Z,\N,2024-09-08T07:38:35Z,\N,1,assert
acme:software_installation:acme-compute-node-end-0000531~cf1ee7c79199,software_installation,acme,acme:compute_node:end-0000531~9c56f2adf6f5,acme:product_model:v0048-ser-00080-service~7d013ea0a2ef,/usr/lib/mbatha90,5.11.18,2024-08-05T21:53:58Z,\N,2024-09-12T14:14:37Z,\N,1,assert
acme:software_installation:acme-compute-node-end-0000103~ff9db8677f67,software_installation,acme,acme:compute_node:end-0000103~410fc2e6adcf,acme:product_model:v0048-sof-00186-software~e2985692f7e2,C:/Windows/System32/tanaka17,3.22.9,2024-08-30T08:30:33Z,\N,2024-09-13T20:47:33Z,\N,1,assert
acme:software_installation:acme-compute-node-end-0000170~e71e331f0536,software_installation,acme,acme:compute_node:end-0000170~4eb916ba1730,acme:product_model:v0011-har-00088-hardware~daaf648f923f,C:/Windows/System32/vaughan303,4.18.35,2024-08-08T13:59:56Z,\N,2024-09-19T04:07:42Z,\N,1,assert
acme:software_installation:acme-compute-node-end-0000290~7dea1607382e,software_installation,acme,acme:compute_node:end-0000290~131b55c89bd2,acme:product_model:v0025-ser-00087-service~3f367620603a,/opt/yilmaz583,7.1.38,2024-08-30T19:45:33Z,\N,2024-09-22T17:27:44Z,\N,1,assert
acme:software_installation:acme-compute-node-end-0000391~db529f9b7ad9,software_installation,acme,acme:compute_node:end-0000391~e7ed2558704e,acme:product_model:v0038-con-00171-consumable~adf762045edd,C:/Program Files (x86)/tanaka519,3.18.32,2024-09-20T13:07:37Z,\N,2024-09-23T11:57:23Z,\N,1,assert
acme:software_installation:acme-compute-node-phy-0000001~f7e7cc0a8bbe,software_installation,acme,acme:compute_node:phy-0000001~331ac2cb8862,acme:product_model:v0034-ser-00100-service~682ddc66a6b8,/usr/local/ivanova560,8.17.12,2024-09-08T10:50:00Z,\N,2024-09-27T01:00:25Z,\N,1,assert
acme:software_installation:acme-compute-node-end-0000105~c296cfd4a692,software_installation,acme,acme:compute_node:end-0000105~da20da36c0bd,acme:product_model:v0000-ser-00206-service~84e0d9fede26,/var/lib/fontaine567,1.6.38,2024-09-02T03:15:02Z,\N,2024-09-28T10:27:39Z,\N,1,assert
acme:software_installation:acme-compute-node-end-0000504~91d5c1c15628,software_installation,acme,acme:compute_node:end-0000504~09ee2e0d003d,acme:product_model:v0013-sof-00049-software~415f86679c2d,/usr/lib/yilmaz697,6.16.12,2024-09-26T00:35:14Z,\N,2024-09-28T19:42:53Z,\N,1,assert
acme:software_installation:acme-compute-node-end-0000042~8e5e1f7730f5,software_installation,acme,acme:compute_node:end-0000042~5944e5c72f86,acme:product_model:v0000-sof-00002-software~61ff0803e0b2,/var/lib/bergstrom70,7.23.13,2024-08-24T12:52:15Z,\N,2024-10-01T23:46:37Z,\N,1,assert
acme:software_installation:acme-compute-node-end-0000215~9b9fb54b35ae,software_installation,acme,acme:compute_node:end-0000215~c2eac71bb216,acme:product_model:v0005-ser-00047-service~07ad54d4c8f7,C:/Program Files/nakamura490,1.12.29,2024-09-27T17:41:23Z,\N,2024-10-02T14:21:43Z,\N,1,assert
acme:software_installation:acme-compute-node-end-0000415~8eb6c8b06cad,software_installation,acme,acme:compute_node:end-0000415~8421fbb9f423,acme:product_model:v0046-har-00121-hardware~26b3cfd937dc,/usr/local/novak107,0.2.6,2024-09-25T21:14:01Z,\N,2024-10-04T02:19:37Z,\N,1,assert
acme:software_installation:acme-compute-node-end-0000059~e65b8377e011,software_installation,acme,acme:compute_node:end-0000059~b0ffa68ed016,acme:product_model:v0034-sof-00160-software~42d0c95c5fc1,/usr/local/zhang330,1.18.28,2024-09-16T20:45:29Z,\N,2024-10-06T10:19:16Z,\N,1,assert
acme:software_installation:acme-compute-node-end-0000347~271215ca0b57,software_installation,acme,acme:compute_node:end-0000347~ea4f3e0efe3c,acme:product_model:v0044-ser-00158-service~bb17f30c2fea,/usr/lib/tanaka531,4.6.15,2024-09-07T18:20:15Z,\N,2024-10-17T17:36:29Z,\N,1,assert
acme:software_installation:acme-compute-node-end-0000574~b35a404068f8,software_installation,acme,acme:compute_node:end-0000574~7e6de27a6289,acme:product_model:v0024-sof-00005-software~35a45f8dc5fe,/usr/lib/weiss759,3.14.24,2024-09-29T17:27:55Z,\N,2024-10-19T21:23:25Z,\N,1,assert
acme:software_installation:acme-compute-node-end-0000551~d9e2db23dca2,software_installation,acme,acme:compute_node:end-0000551~211c4b3eea8a,acme:product_model:v0000-con-00204-consumable~ade3497d0778,/Applications/novak545,6.11.34,2024-09-23T17:30:01Z,\N,2024-10-21T08:34:53Z,\N,1,assert
acme:software_installation:acme-compute-node-end-0000319~41967340307e,software_installation,acme,acme:compute_node:end-0000319~4294e0c602e5,acme:product_model:v0000-sof-00074-software~7f88c3648756,/opt/delacroix22,5.15.18,2024-10-04T00:35:11Z,\N,2024-10-25T15:40:58Z,\N,1,assert
acme:software_installation:acme-compute-node-vir-0000002~e9a996cf9fb9,software_installation,acme,acme:compute_node:vir-0000002~d3ab61bcb3b3,acme:product_model:v0040-har-00192-hardware~75b074753ce7,/opt/quintero536,7.23.19,2024-10-26T16:15:41Z,\N,2024-10-28T15:08:55Z,\N,1,assert
acme:software_installation:acme-compute-node-end-0000296~21df51c810b3,software_installation,acme,acme:compute_node:end-0000296~6b9691f91e28,acme:product_model:v0011-har-00003-hardware~ab0a7ff681b2,/opt/bergstrom781,6.9.22,2024-10-17T20:41:31Z,\N,2024-10-30T06:06:19Z,\N,1,assert
acme:software_installation:acme-compute-node-end-0000356~9399c3157ca9,software_installation,acme,acme:compute_node:end-0000356~f3e6e9ba35ba,acme:product_model:v0046-sof-00083-software~3b90c8469f89,C:/Program Files (x86)/lindqvist179,8.4.2,2024-10-11T10:39:33Z,\N,2024-11-01T12:10:16Z,\N,1,assert
acme:software_installation:acme-compute-node-end-0000187~5239723cdc2e,software_installation,acme,acme:compute_node:end-0000187~d9cfde93df75,acme:product_model:v0046-sof-00068-software~986f68f8da1a,/usr/local/okonkwo758,1.6.11,2024-10-30T23:31:45Z,\N,2024-11-04T15:28:25Z,\N,1,assert
acme:software_installation:acme-compute-node-end-0000389~a3d4928e1069,software_installation,acme,acme:compute_node:end-0000389~6fcb0e755bbf,acme:product_model:v0011-sof-00039-software~885f515398ec,C:/Program Files/gundersen280,7.18.24,2024-11-01T06:22:46Z,\N,2024-11-18T15:01:23Z,\N,1,assert
acme:software_installation:acme-compute-node-end-0000356~d4785f0602c5,software_installation,acme,acme:compute_node:end-0000356~f3e6e9ba35ba,acme:product_model:v0035-har-00205-hardware~313790e35486,/usr/lib/abbott245,0.22.12,2024-11-08T03:49:31Z,\N,2024-11-20T19:35:00Z,\N,1,assert
acme:software_installation:acme-compute-node-phy-0000000~c23e18eeb8da,software_installation,acme,acme:compute_node:phy-0000000~0e09674a1941,acme:product_model:v0043-sof-00119-software~463d91a6f124,/Applications/schneider525,7.3.20,2024-10-31T16:33:06Z,\N,2024-11-29T20:31:50Z,\N,1,assert
acme:software_installation:acme-compute-node-end-0000498~d909dda3d9ea,software_installation,acme,acme:compute_node:end-0000498~a99f7118422a,acme:product_model:v0033-con-00161-consumable~ac78fa3cd767,/opt/marchetti56,7.21.13,2024-11-16T11:21:42Z,\N,2024-12-10T23:34:31Z,\N,1,assert
acme:software_installation:acme-compute-node-end-0000277~3856316e72ef,software_installation,acme,acme:compute_node:end-0000277~df4a2ac33c4e,acme:product_model:v0013-har-00023-hardware~b3514b383e01,C:/Program Files/baptiste591,0.21.22,2024-11-14T00:56:57Z,\N,2024-12-17T03:57:10Z,\N,1,assert
acme:software_installation:acme-compute-node-end-0000415~72cf88782564,software_installation,acme,acme:compute_node:end-0000415~8421fbb9f423,acme:product_model:v0018-har-00203-hardware~525e89fff3c5,C:/Program Files (x86)/zhang48,6.2.26,2024-11-27T18:25:02Z,\N,2024-12-21T17:59:20Z,\N,1,assert
acme:software_installation:acme-compute-node-con-0000111~4782302974af,software_installation,acme,acme:compute_node:con-0000111~f8c946d113e5,acme:product_model:v0032-har-00154-hardware~53fde5a895b5,/opt/wagner180,1.20.6,2024-11-11T22:48:57Z,\N,2024-12-22T20:39:45Z,\N,1,assert
acme:software_installation:acme-compute-node-end-0000389~371649297048,software_installation,acme,acme:compute_node:end-0000389~6fcb0e755bbf,acme:product_model:v0013-har-00023-hardware~b3514b383e01,C:/Windows/System32/castellanos351,4.20.1,2024-12-08T22:12:56Z,\N,2024-12-26T18:39:47Z,\N,1,assert
acme:software_installation:acme-compute-node-end-0000356~a00e7f233629,software_installation,acme,acme:compute_node:end-0000356~f3e6e9ba35ba,acme:product_model:v0013-har-00189-hardware~25ab2a03ee74,/var/lib/thorsen550,5.12.11,2024-12-25T14:00:12Z,\N,2024-12-28T10:41:12Z,\N,1,assert
acme:software_installation:acme-compute-node-end-0000368~452484c72af9,software_installation,acme,acme:compute_node:end-0000368~fad32109b79c,acme:product_model:v0032-har-00154-hardware~53fde5a895b5,/usr/lib/delacroix571,6.13.37,2024-11-15T01:36:29Z,\N,2024-12-29T00:45:20Z,\N,1,assert
acme:software_installation:acme-compute-node-end-0000571~b8b5796c8dd2,software_installation,acme,acme:compute_node:end-0000571~c7b91efb3c66,acme:product_model:v0027-sof-00038-software~50c988234439,C:/Windows/System32/quintero250,7.2.17,2024-12-31T11:09:46Z,\N,2024-12-31T11:09:46Z,\N,1,assert
acme:software_installation:acme-compute-node-end-0000287~e9305eaba7ba,software_installation,acme,acme:compute_node:end-0000287~bca29b0af581,acme:product_model:v0030-har-00213-hardware~0ee314933cc1,/Applications/tanaka109,4.6.1,2024-12-23T21:40:21Z,\N,2025-01-01T05:14:55Z,\N,1,assert
acme:software_installation:acme-compute-node-end-0000497~634f4d885c99,software_installation,acme,acme:compute_node:end-0000497~b6a2af906817,acme:product_model:v0034-ser-00100-service~682ddc66a6b8,C:/Windows/System32/ueda108,0.19.0,2024-11-25T11:47:59Z,\N,2025-01-07T18:17:08Z,\N,1,assert
acme:software_installation:acme-compute-node-phy-0000000~06924867ce12,software_installation,acme,acme:compute_node:phy-0000000~0e09674a1941,acme:product_model:v0027-ser-00135-service~5728a6b1c180,C:/Windows/System32/pereira406,8.16.27,2024-11-25T16:42:10Z,\N,2025-01-07T01:50:51Z,\N,1,assert
acme:software_installation:acme-compute-node-end-0000376~cd318dd36f93,software_installation,acme,acme:compute_node:end-0000376~e3ba04ec9b1a,acme:product_model:v0043-sof-00042-software~de6ab371f830,C:/Program Files/gallagher332,8.21.35,2024-12-05T20:46:31Z,\N,2025-01-10T10:43:37Z,\N,1,assert
acme:software_installation:acme-compute-node-end-0000441~57f1180d1427,software_installation,acme,acme:compute_node:end-0000441~0b943cf8aadb,acme:product_model:v0044-sof-00052-software~6991e915c268,/opt/wagner7,2.20.17,2025-01-01T11:23:16Z,\N,2025-01-12T16:59:39Z,\N,1,assert
acme:software_installation:acme-compute-node-clu-0000137~13db6b68d7dd,software_installation,acme,acme:compute_node:clu-0000137~9351a0fe2316,acme:product_model:v0044-sof-00052-software~6991e915c268,/usr/local/wagner101,1.2.3,2024-12-05T10:55:25Z,\N,2025-01-16T13:21:54Z,\N,1,assert
acme:software_installation:acme-compute-node-vir-0000004~d513cdb1be4b,software_installation,acme,acme:compute_node:vir-0000004~4d8d56ada3b5,acme:product_model:v0046-har-00121-hardware~26b3cfd937dc,/usr/local/wagner481,7.1.2,2025-01-27T03:59:03Z,\N,2025-01-30T03:31:17Z,\N,1,assert
acme:software_installation:acme-compute-node-end-0000478~94ecf959fbe5,software_installation,acme,acme:compute_node:end-0000478~b6b6969f7248,acme:product_model:v0025-sof-00190-software~d88f598b0f28,C:/Windows/System32/castellanos650,8.23.31,2025-01-02T09:00:32Z,\N,2025-01-30T16:58:56Z,\N,1,assert
acme:software_installation:acme-compute-node-end-0000453~c49da3b04274,software_installation,acme,acme:compute_node:end-0000453~e80c6401a912,acme:product_model:v0024-sof-00200-software~a33bc615a03c,/usr/local/baptiste116,7.0.35,2025-01-26T04:27:58Z,\N,2025-02-05T01:20:55Z,\N,1,assert
acme:software_installation:acme-compute-node-end-0000495~2b2ac01521bc,software_installation,acme,acme:compute_node:end-0000495~306fb205a611,acme:product_model:v0024-har-00031-hardware~f1e62c580e14,/usr/lib/weiss119,1.5.8,2025-01-18T21:50:36Z,\N,2025-02-14T16:14:11Z,\N,1,assert
acme:software_installation:acme-compute-node-vir-0000002~5a5cfd74c6dd,software_installation,acme,acme:compute_node:vir-0000002~d3ab61bcb3b3,acme:product_model:v0005-sof-00131-software~b8e9f95f32fc,C:/Program Files (x86)/abbott477,4.14.27,2025-02-11T00:25:55Z,\N,2025-02-17T11:25:01Z,\N,1,assert
acme:software_installation:acme-compute-node-end-0000408~856dfc26c9dc,software_installation,acme,acme:compute_node:end-0000408~816073641146,acme:product_model:v0006-sof-00101-software~e3110aff00ec,C:/Program Files/ivanova421,1.1.39,2025-01-19T20:07:22Z,\N,2025-02-18T22:06:28Z,\N,1,assert
acme:software_installation:acme-compute-node-end-0000176~a648504c31c2,software_installation,acme,acme:compute_node:end-0000176~87d0a39625b7,acme:product_model:v0025-sof-00028-software~bfb5859c4926,/opt/tanaka671,2.10.16,2025-02-11T13:42:05Z,\N,2025-02-19T14:39:49Z,\N,1,assert
acme:software_installation:acme-compute-node-end-0000350~0deb8d7157ab,software_installation,acme,acme:compute_node:end-0000350~829179d39812,acme:product_model:v0044-sof-00126-software~b119dc592415,C:/Windows/System32/zhang606,8.15.36,2025-01-11T11:44:03Z,\N,2025-02-22T09:21:50Z,\N,1,assert
acme:software_installation:acme-compute-node-end-0000394~32e9f0d37e92,software_installation,acme,acme:compute_node:end-0000394~30ff9254d042,acme:product_model:v0027-ser-00135-service~5728a6b1c180,C:/Windows/System32/bergstrom448,7.9.5,2025-02-18T00:55:30Z,\N,2025-02-24T18:13:09Z,\N,1,assert
acme:software_installation:acme-compute-node-end-0000085~c70187f2f2b1,software_installation,acme,acme:compute_node:end-0000085~ffd40d9b8d11,acme:product_model:v0025-sof-00184-software~c2d7212aae29,C:/Windows/System32/abbott710,1.18.23,2025-02-09T10:39:09Z,\N,2025-02-26T12:30:13Z,\N,1,assert
acme:software_installation:acme-compute-node-end-0000496~21659141d687,software_installation,acme,acme:compute_node:end-0000496~c3255676ec16,acme:product_model:v0025-sof-00181-software~c261916744f3,/var/lib/abbott274,2.9.13,2025-02-18T14:07:44Z,\N,2025-03-01T11:32:11Z,\N,1,assert
acme:software_installation:acme-compute-node-con-0000117~e49f6f3270f2,software_installation,acme,acme:compute_node:con-0000117~67b8df246417,acme:product_model:v0039-har-00112-hardware~940d89e8592d,C:/Program Files/ivanova537,0.8.17,2025-02-06T00:54:29Z,\N,2025-03-04T20:13:21Z,\N,1,assert
acme:software_installation:acme-compute-node-end-0000240~ac714784203c,software_installation,acme,acme:compute_node:end-0000240~69845f38edfa,acme:product_model:v0011-har-00162-hardware~113a927c954d,/opt/oyelaran262,0.15.34,2025-02-09T04:17:58Z,\N,2025-03-06T06:00:46Z,\N,1,assert
acme:software_installation:acme-compute-node-end-0000059~dc125228701b,software_installation,acme,acme:compute_node:end-0000059~b0ffa68ed016,acme:product_model:v0043-sof-00119-software~463d91a6f124,C:/Program Files/kaminski44,8.12.5,2025-03-13T12:43:25Z,\N,2025-03-13T12:43:25Z,\N,1,assert
acme:software_installation:acme-compute-node-end-0000378~49be5ed6603c,software_installation,acme,acme:compute_node:end-0000378~0fd2f090a1d2,acme:product_model:v0045-ser-00185-service~d45bbd49dc8b,C:/Program Files (x86)/fontaine38,4.15.16,2025-03-07T13:30:28Z,\N,2025-03-20T03:42:15Z,\N,1,assert
acme:software_installation:acme-compute-node-end-0000156~ffe14106428a,software_installation,acme,acme:compute_node:end-0000156~b2ebd851620a,acme:product_model:v0031-sof-00014-software~69a3722aa151,C:/Program Files/schneider236,5.6.17,2025-03-19T08:02:10Z,\N,2025-03-20T17:52:52Z,\N,1,assert
acme:software_installation:acme-compute-node-end-0000171~bc0a365fa7b9,software_installation,acme,acme:compute_node:end-0000171~c49ffcaacbb3,acme:product_model:v0028-har-00157-hardware~086fcfabf06e,/opt/nakamura187,2.3.17,2025-03-21T05:07:33Z,\N,2025-03-24T20:47:04Z,\N,1,assert
acme:software_installation:acme-compute-node-end-0000479~1522cd6c455f,software_installation,acme,acme:compute_node:end-0000479~956280c693da,acme:product_model:v0013-sof-00049-software~415f86679c2d,C:/Program Files (x86)/chowdhury136,5.1.12,2025-03-11T10:54:49Z,\N,2025-03-26T21:13:38Z,\N,1,assert
acme:software_installation:acme-compute-node-end-0000215~65335cfc0c3e,software_installation,acme,acme:compute_node:end-0000215~c2eac71bb216,acme:product_model:v0017-ser-00137-service~a3ce68e8b7dc,C:/Program Files/quintero549,2.1.20,2025-02-21T13:51:03Z,\N,2025-03-31T21:37:36Z,\N,1,assert
acme:software_installation:acme-compute-node-end-0000574~668de330226f,software_installation,acme,acme:compute_node:end-0000574~7e6de27a6289,acme:product_model:v0000-har-00198-hardware~be3946a1dcf2,C:/Program Files/abbott175,5.8.34,2025-03-13T15:28:11Z,\N,2025-04-04T18:37:13Z,\N,1,assert
acme:software_installation:acme-compute-node-end-0000319~e1df7d96cdcc,software_installation,acme,acme:compute_node:end-0000319~4294e0c602e5,acme:product_model:v0036-har-00063-hardware~271e13aa7493,C:/Windows/System32/chowdhury441,6.3.14,2025-03-10T17:02:54Z,\N,2025-04-04T19:03:09Z,\N,1,assert
acme:software_installation:acme-compute-node-end-0000574~c9447e528e52,software_installation,acme,acme:compute_node:end-0000574~7e6de27a6289,acme:product_model:v0015-sof-00188-software~22a77abd1574,/opt/ivanova680,3.20.9,2025-03-30T17:02:01Z,\N,2025-04-05T15:24:06Z,\N,1,assert
acme:software_installation:acme-compute-node-end-0000350~c9b70b81a1b9,software_installation,acme,acme:compute_node:end-0000350~829179d39812,acme:product_model:v0018-sof-00115-software~6f97c8c48d8d,/usr/local/gallagher600,4.2.19,2025-03-11T21:52:51Z,\N,2025-04-08T13:27:36Z,\N,1,assert
acme:software_installation:acme-compute-node-end-0000510~4bb0a4140e48,software_installation,acme,acme:compute_node:end-0000510~94ab9d775724,acme:product_model:v0031-sof-00102-software~8048cee75928,/opt/pereira132,2.23.39,2025-03-31T02:41:26Z,\N,2025-04-13T11:08:08Z,\N,1,assert
acme:software_installation:acme-compute-node-end-0000225~e62b28c861ac,software_installation,acme,acme:compute_node:end-0000225~906d402014a9,acme:product_model:v0024-sof-00005-software~35a45f8dc5fe,/Applications/thorsen33,7.8.11,2025-03-17T18:21:53Z,\N,2025-04-15T03:50:18Z,\N,1,assert
acme:software_installation:acme-compute-node-end-0000247~5c1764a25233,software_installation,acme,acme:compute_node:end-0000247~b91b32775895,acme:product_model:v0031-sof-00081-software~d5093ad2ac78,/Applications/marchetti290,6.16.14,2025-03-12T17:46:40Z,\N,2025-04-21T14:21:56Z,\N,1,assert
acme:software_installation:acme-compute-node-end-0000270~017bc2a1422b,software_installation,acme,acme:compute_node:end-0000270~9be454970cc3,acme:product_model:v0016-ser-00055-service~2e2a69fd4559,C:/Program Files (x86)/gallagher771,3.18.36,2025-04-22T08:06:27Z,\N,2025-05-03T05:36:22Z,\N,1,assert
acme:software_installation:acme-compute-node-end-0000359~5c5f81ad3901,software_installation,acme,acme:compute_node:end-0000359~0e9ea630afe9,acme:product_model:v0027-sof-00207-software~a3e463b3cbe2,/Applications/weiss419,4.6.1,2025-05-10T02:16:38Z,\N,2025-05-12T13:53:47Z,\N,1,assert
acme:software_installation:acme-compute-node-end-0000527~ee435da8bbab,software_installation,acme,acme:compute_node:end-0000527~39c09c8fa4c8,acme:product_model:v0032-sof-00168-software~d88794a9f100,/usr/lib/tanaka695,1.3.20,2025-04-04T08:55:50Z,\N,2025-05-14T02:34:53Z,\N,1,assert
acme:software_installation:acme-compute-node-con-0000121~578d9ddf44db,software_installation,acme,acme:compute_node:con-0000121~995e0c0222a0,acme:product_model:v0005-sof-00125-software~5d4aea7902d5,/opt/santos146,2.23.3,2025-05-07T12:15:48Z,\N,2025-05-19T02:22:41Z,\N,1,assert
acme:software_installation:acme-compute-node-end-0000034~ec2131d705a4,software_installation,acme,acme:compute_node:end-0000034~a9c4d8fe6779,acme:product_model:v0007-sof-00173-software~fecd106a6fa7,/usr/local/zhang82,5.14.13,2025-04-14T20:56:52Z,\N,2025-05-20T03:49:16Z,\N,1,assert
acme:software_installation:acme-compute-node-end-0000291~a06a1583ae46,software_installation,acme,acme:compute_node:end-0000291~62814eddb435,acme:product_model:v0001-ser-00209-service~a84bd3a48de9,/var/lib/bergstrom582,2.16.5,2025-04-28T22:29:33Z,\N,2025-05-30T00:14:30Z,\N,1,assert
acme:software_installation:acme-compute-node-end-0000581~d54a5fc5b411,software_installation,acme,acme:compute_node:end-0000581~e08f5ba4025f,acme:product_model:v0001-sof-00208-software~5eb7533557e8,C:/Program Files/silvestri247,4.8.14,2025-04-25T20:59:24Z,\N,2025-06-02T16:05:53Z,\N,1,assert
acme:software_installation:acme-compute-node-end-0000085~5a8eb338a6ce,software_installation,acme,acme:compute_node:end-0000085~ffd40d9b8d11,acme:product_model:v0039-har-00112-hardware~940d89e8592d,C:/Program Files (x86)/lindqvist177,7.21.12,2025-05-03T06:14:04Z,\N,2025-06-06T16:00:35Z,\N,1,assert
acme:software_installation:acme-compute-node-end-0000465~89a3e02c79d8,software_installation,acme,acme:compute_node:end-0000465~2a3aed6c31b2,acme:product_model:v0040-sof-00077-software~86f20911772a,/opt/marchetti78,2.14.36,2025-05-25T13:14:19Z,\N,2025-06-11T20:16:00Z,\N,1,assert
acme:software_installation:acme-compute-node-end-0000176~7acdad083e9b,software_installation,acme,acme:compute_node:end-0000176~87d0a39625b7,acme:product_model:v0004-sof-00078-software~4c214702c427,C:/Program Files/eberhardt544,4.9.7,2025-06-12T20:41:55Z,\N,2025-06-15T12:09:57Z,\N,1,assert
acme:software_installation:acme-compute-node-end-0000060~5e5f671ed9fd,software_installation,acme,acme:compute_node:end-0000060~44809bc3c4f6,acme:product_model:v0013-sof-00053-software~bff0a8417ded,C:/Program Files/pereira28,5.6.32,2025-05-17T13:14:57Z,\N,2025-06-20T06:23:30Z,\N,1,assert
acme:software_installation:acme-compute-node-end-0000297~f12c1dddf561,software_installation,acme,acme:compute_node:end-0000297~ac24395a2222,acme:product_model:v0031-har-00082-hardware~05890fd3d7ee,C:/Windows/System32/mbatha193,5.14.10,2025-05-27T07:43:06Z,\N,2025-06-22T17:57:28Z,\N,1,assert
acme:software_installation:acme-compute-node-end-0000239~c5fba382d77c,software_installation,acme,acme:compute_node:end-0000239~1c265a5e814f,acme:product_model:v0032-har-00154-hardware~53fde5a895b5,/usr/local/weiss515,8.19.19,2025-05-30T23:45:32Z,\N,2025-06-22T02:51:51Z,\N,1,assert
acme:software_installation:acme-compute-node-end-0000580~505e9e33f759,software_installation,acme,acme:compute_node:end-0000580~373dbf279bdf,acme:product_model:v0044-har-00127-hardware~88d42e914a04,/var/lib/rasmussen452,3.2.5,2025-05-19T08:12:44Z,\N,2025-06-25T02:24:25Z,\N,1,assert
acme:software_installation:acme-compute-node-end-0000373~c78b31a22c3c,software_installation,acme,acme:compute_node:end-0000373~208854e53945,acme:product_model:v0025-ser-00095-service~3581e95fdd5b,/var/lib/mbatha249,6.10.13,2025-06-23T08:28:18Z,\N,2025-06-29T00:46:16Z,\N,1,assert
acme:software_installation:acme-compute-node-end-0000403~84bf2a3fb7e6,software_installation,acme,acme:compute_node:end-0000403~f24f83f1a37b,acme:product_model:v0000-har-00117-hardware~95fb0602a2d4,/opt/bergstrom778,3.11.31,2025-05-25T21:10:29Z,\N,2025-07-01T23:32:35Z,\N,1,assert
acme:software_installation:acme-compute-node-end-0000217~5d3102e290b6,software_installation,acme,acme:compute_node:end-0000217~9e350d02858e,acme:product_model:v0002-sof-00015-software~43a675731435,/var/lib/quintero686,8.18.26,2025-05-30T12:58:14Z,\N,2025-07-13T14:32:30Z,\N,1,assert
acme:software_installation:acme-compute-node-clu-0000131~75001ecc3e43,software_installation,acme,acme:compute_node:clu-0000131~e410bc15cc35,acme:product_model:v0003-sof-00134-software~046278dfd07d,C:/Windows/System32/weiss19,4.3.2,2025-07-09T13:31:15Z,\N,2025-07-17T15:29:58Z,\N,1,assert
acme:software_installation:acme-compute-node-end-0000504~64f47607f25a,software_installation,acme,acme:compute_node:end-0000504~09ee2e0d003d,acme:product_model:v0025-sof-00110-software~1a2d3f6d019f,C:/Program Files/okonkwo447,2.12.25,2025-07-04T16:47:42Z,\N,2025-07-18T22:28:05Z,\N,1,assert
acme:software_installation:acme-compute-node-phy-0000001~264acb3e26f6,software_installation,acme,acme:compute_node:phy-0000001~331ac2cb8862,acme:product_model:v0024-har-00123-hardware~78591293f57d,C:/Program Files/mbatha705,2.23.37,2025-06-06T10:54:57Z,\N,2025-07-18T11:04:38Z,\N,1,assert
acme:software_installation:acme-compute-node-end-0000361~5c37c8c3739e,software_installation,acme,acme:compute_node:end-0000361~4f593b720a0e,acme:product_model:v0014-sof-00073-software~2c0d56226e1b,/usr/lib/gundersen111,3.7.16,2025-07-16T13:42:27Z,\N,2025-07-23T16:43:07Z,\N,1,assert
acme:software_installation:acme-compute-node-end-0000368~de47b5d80f70,software_installation,acme,acme:compute_node:end-0000368~fad32109b79c,acme:product_model:v0030-har-00167-hardware~4401456f2e33,/opt/bergstrom211,6.4.16,2025-07-08T14:09:45Z,\N,2025-07-25T14:41:37Z,\N,1,assert
acme:software_installation:acme-compute-node-end-0000363~53cb497c2b93,software_installation,acme,acme:compute_node:end-0000363~f579d49d487f,acme:product_model:v0048-har-00107-hardware~8d89aea65747,/opt/chowdhury461,0.1.33,2025-07-28T04:35:14Z,\N,2025-07-28T04:35:14Z,\N,1,assert
acme:software_installation:acme-compute-node-end-0000417~537f3575d9f5,software_installation,acme,acme:compute_node:end-0000417~c40646be601e,acme:product_model:v0033-ser-00159-service~fa4e022b1c5d,/usr/lib/thorsen344,0.13.1,2025-06-25T00:10:20Z,\N,2025-08-05T00:57:57Z,\N,1,assert
acme:software_installation:acme-compute-node-end-0000474~6340ed4cee24,software_installation,acme,acme:compute_node:end-0000474~b11f34694002,acme:product_model:v0013-har-00189-hardware~25ab2a03ee74,/opt/pereira590,2.4.28,2025-07-10T12:26:17Z,\N,2025-08-18T21:59:41Z,\N,1,assert
acme:software_installation:acme-compute-node-end-0000095~b865600ab685,software_installation,acme,acme:compute_node:end-0000095~d886b3f3f318,acme:product_model:v0036-sof-00169-software~6c3a3494b2c4,/usr/local/jablonski612,8.21.36,2025-07-23T07:10:56Z,\N,2025-08-24T05:22:25Z,\N,1,assert
acme:software_installation:acme-compute-node-end-0000532~4aa5ad295655,software_installation,acme,acme:compute_node:end-0000532~770b1ebe7a3d,acme:product_model:v0011-har-00006-hardware~2fa89d488ae1,/Applications/schneider455,8.2.33,2025-08-24T08:09:07Z,\N,2025-08-27T05:02:32Z,\N,1,assert
acme:software_installation:acme-compute-node-end-0000236~798b05785f7d,software_installation,acme,acme:compute_node:end-0000236~768bf513c059,acme:product_model:v0048-har-00143-hardware~746c10ce3518,C:/Program Files (x86)/ivanova780,0.3.24,2025-08-28T02:43:47Z,\N,2025-08-30T14:57:32Z,\N,1,assert
acme:software_installation:acme-compute-node-end-0000091~57154696de2f,software_installation,acme,acme:compute_node:end-0000091~c8532395d76e,acme:product_model:v0001-har-00072-hardware~c6a985da8579,C:/Program Files/santos624,2.14.32,2025-07-24T22:20:36Z,\N,2025-09-02T16:30:04Z,\N,1,assert
acme:software_installation:acme-compute-node-end-0000335~2036d3d8fa57,software_installation,acme,acme:compute_node:end-0000335~2a6ddd57a484,acme:product_model:v0044-sof-00126-software~b119dc592415,/var/lib/thorsen45,2.10.27,2025-07-31T02:39:50Z,\N,2025-09-04T08:53:11Z,\N,1,assert
acme:software_installation:acme-compute-node-end-0000200~b6c2c3919aa9,software_installation,acme,acme:compute_node:end-0000200~5795258f340f,acme:product_model:v0044-sof-00126-software~b119dc592415,/Applications/lindqvist699,0.14.29,2025-08-21T08:02:57Z,\N,2025-09-16T07:08:35Z,\N,1,assert
acme:software_installation:acme-compute-node-end-0000076~14e04ce7b24e,software_installation,acme,acme:compute_node:end-0000076~51123f0a4d0e,acme:product_model:v0013-sof-00049-software~415f86679c2d,/usr/local/silvestri165,7.0.4,2025-09-03T15:27:55Z,\N,2025-09-17T10:57:11Z,\N,1,assert
acme:software_installation:acme-compute-node-end-0000053~b804e212319e,software_installation,acme,acme:compute_node:end-0000053~787a0edc2b9e,acme:product_model:v0045-har-00165-hardware~13587a2971e8,/var/lib/santos235,7.11.29,2025-09-09T09:18:10Z,\N,2025-09-17T10:20:15Z,\N,1,assert
acme:software_installation:acme-compute-node-end-0000193~371de8147a6f,software_installation,acme,acme:compute_node:end-0000193~46c5588d105a,acme:product_model:v0048-sof-00186-software~e2985692f7e2,C:/Program Files (x86)/ivanova12,1.5.20,2025-08-26T18:32:30Z,\N,2025-09-23T17:45:39Z,\N,1,assert
acme:software_installation:acme-compute-node-end-0000422~2c22ad6c4042,software_installation,acme,acme:compute_node:end-0000422~349f56c42b5d,acme:product_model:v0030-sof-00019-software~9c0baccfa8dd,/usr/local/thorsen147,4.9.36,2025-08-25T08:23:48Z,\N,2025-09-24T13:58:01Z,\N,1,assert
acme:software_installation:acme-compute-node-end-0000181~6033ee13d3e0,software_installation,acme,acme:compute_node:end-0000181~fe7b7c10ee24,acme:product_model:v0010-har-00058-hardware~12eaeccad99a,C:/Program Files/nakamura753,8.21.21,2025-09-26T01:08:49Z,\N,2025-09-27T19:05:43Z,\N,1,assert
acme:software_installation:acme-compute-node-con-0000121~2ea38fc36b61,software_installation,acme,acme:compute_node:con-0000121~995e0c0222a0,acme:product_model:v0048-ser-00182-service~f7d331cbeb83,/Applications/baptiste375,5.5.26,2025-09-26T04:28:53Z,\N,2025-10-03T05:33:00Z,\N,1,assert
acme:software_installation:acme-compute-node-end-0000391~bcf27049942a,software_installation,acme,acme:compute_node:end-0000391~e7ed2558704e,acme:product_model:v0039-har-00112-hardware~940d89e8592d,/opt/haddad526,5.14.7,2025-09-22T21:08:38Z,\N,2025-10-14T20:20:27Z,\N,1,assert
acme:software_installation:acme-compute-node-end-0000551~ec4defa6ff56,software_installation,acme,acme:compute_node:end-0000551~211c4b3eea8a,acme:product_model:v0001-sof-00170-software~71c84146fc96,C:/Program Files/lindqvist534,5.19.19,2025-09-03T08:56:25Z,\N,2025-10-14T19:11:59Z,\N,1,assert
acme:software_installation:acme-compute-node-end-0000260~00cd8c741799,software_installation,acme,acme:compute_node:end-0000260~2c97fd0fbdf0,acme:product_model:v0017-ser-00137-service~a3ce68e8b7dc,/var/lib/eberhardt32,5.0.29,2025-09-11T18:00:14Z,\N,2025-10-22T13:37:54Z,\N,1,assert
acme:software_installation:acme-compute-node-end-0000399~ae937492bf76,software_installation,acme,acme:compute_node:end-0000399~ac5cc22d5b0c,acme:product_model:v0047-ser-00111-service~8feb8a3849c9,/usr/lib/okonkwo744,5.10.10,2025-09-25T12:30:53Z,\N,2025-10-26T06:54:49Z,\N,1,assert
acme:software_installation:acme-compute-node-end-0000297~dec1dd5fffca,software_installation,acme,acme:compute_node:end-0000297~ac24395a2222,acme:product_model:v0031-con-00132-consumable~bf7caf4bed30,/usr/local/quintero504,6.20.0,2025-10-15T09:23:12Z,\N,2025-10-31T05:22:43Z,\N,1,assert
acme:software_installation:acme-compute-node-end-0000406~4abb7272ab6b,software_installation,acme,acme:compute_node:end-0000406~1e43b44170c4,acme:product_model:v0044-sof-00126-software~b119dc592415,C:/Program Files (x86)/kovac735,6.22.8,2025-11-02T06:47:14Z,\N,2025-11-04T17:58:51Z,\N,1,assert
acme:software_installation:acme-compute-node-end-0000590~2915cfa2451b,software_installation,acme,acme:compute_node:end-0000590~d75cb953f27d,acme:product_model:v0017-ser-00183-service~2f96842fac67,C:/Windows/System32/vaughan409,4.4.17,2025-09-26T03:52:09Z,\N,2025-11-09T06:23:45Z,\N,1,assert
acme:software_installation:acme-compute-node-end-0000470~58496a6954f0,software_installation,acme,acme:compute_node:end-0000470~fa3cfd52e8bb,acme:product_model:v0032-sof-00118-software~348e714a91e4,/usr/local/fontaine322,2.9.27,2025-09-30T17:18:04Z,\N,2025-11-11T23:54:52Z,\N,1,assert
acme:software_installation:acme-compute-node-end-0000197~a44c7df09925,software_installation,acme,acme:compute_node:end-0000197~222510cf1aac,acme:product_model:v0014-har-00086-hardware~d1eb968ce602,C:/Program Files (x86)/nakamura603,1.12.2,2025-11-06T12:02:46Z,\N,2025-11-11T11:16:56Z,\N,1,assert
acme:software_installation:acme-compute-node-end-0000328~a4d353f488d5,software_installation,acme,acme:compute_node:end-0000328~2db715b87332,acme:product_model:v0017-ser-00139-service~3f2bcfae50be,C:/Program Files (x86)/eberhardt92,8.11.38,2025-11-03T18:22:08Z,\N,2025-11-12T06:22:59Z,\N,1,assert
acme:software_installation:acme-compute-node-end-0000321~a34035a9c0fc,software_installation,acme,acme:compute_node:end-0000321~06c1d7b1a5d8,acme:product_model:v0009-sof-00130-software~adcecf3ad25b,/var/lib/weiss698,3.11.37,2025-11-11T03:35:07Z,\N,2025-11-15T14:26:03Z,\N,1,assert
acme:software_installation:acme-compute-node-end-0000484~0dbacad8af6f,software_installation,acme,acme:compute_node:end-0000484~fe96f276f9f1,acme:product_model:v0034-ser-00037-service~34c0995ff895,/var/lib/weiss195,3.0.34,2025-10-11T13:45:34Z,\N,2025-11-18T15:25:55Z,\N,1,assert
acme:software_installation:acme-compute-node-clu-0000130~431de309da90,software_installation,acme,acme:compute_node:clu-0000130~b3995827d201,acme:product_model:v0026-sof-00008-software~d41a4f228b29,C:/Windows/System32/chowdhury192,1.20.0,2025-11-20T13:11:50Z,\N,2025-11-23T23:33:57Z,\N,1,assert
acme:software_installation:acme-compute-node-end-0000076~70a4e516d757,software_installation,acme,acme:compute_node:end-0000076~51123f0a4d0e,acme:product_model:v0007-har-00150-hardware~124b8eba6994,C:/Program Files/castellanos363,1.0.18,2025-11-22T21:10:40Z,\N,2025-11-29T17:56:48Z,\N,1,assert
acme:software_installation:acme-compute-node-end-0000263~24f1579c1fa1,software_installation,acme,acme:compute_node:end-0000263~650125f0504c,acme:product_model:v0025-sof-00028-software~bfb5859c4926,/var/lib/bergstrom542,8.0.38,2025-11-24T13:50:14Z,\N,2025-11-30T04:33:45Z,\N,1,assert
acme:software_installation:acme-compute-node-end-0000291~ce089753a20b,software_installation,acme,acme:compute_node:end-0000291~62814eddb435,acme:product_model:v0044-ser-00084-service~66aca362601d,/Applications/marchetti547,7.19.11,2025-11-16T21:51:33Z,\N,2025-12-10T02:00:16Z,\N,1,assert
acme:software_installation:acme-compute-node-end-0000487~f4f190354ee3,software_installation,acme,acme:compute_node:end-0000487~459cb364417d,acme:product_model:v0017-sof-00199-software~5712c9185b4c,C:/Windows/System32/okonkwo202,2.6.29,2025-12-05T16:28:29Z,\N,2025-12-11T16:10:42Z,\N,1,assert
acme:software_installation:acme-compute-node-end-0000567~44a7c4f33bd0,software_installation,acme,acme:compute_node:end-0000567~1e09f2a6dccf,acme:product_model:v0005-ser-00047-service~07ad54d4c8f7,C:/Windows/System32/delacroix312,4.0.19,2025-12-06T10:19:38Z,\N,2025-12-16T08:56:55Z,\N,1,assert
acme:software_installation:acme-compute-node-vir-0000003~f92300990a4a,software_installation,acme,acme:compute_node:vir-0000003~09c563b6bd8f,acme:product_model:v0033-ser-00159-service~fa4e022b1c5d,/opt/eberhardt681,4.14.35,2025-11-28T21:43:35Z,\N,2025-12-19T00:41:34Z,\N,1,assert
acme:software_installation:acme-compute-node-con-0000128~58555e34834b,software_installation,acme,acme:compute_node:con-0000128~19b45abeeb63,acme:product_model:v0031-sof-00099-software~820f7e6eef33,/usr/local/santos388,0.2.25,2025-12-04T17:26:51Z,\N,2025-12-21T06:23:15Z,\N,1,assert
acme:software_installation:acme-compute-node-end-0000093~0cfc8aebbb14,software_installation,acme,acme:compute_node:end-0000093~25d794bdb09b,acme:product_model:v0013-sof-00056-software~7c73a26f1dcd,/usr/lib/tanaka412,4.13.6,2025-12-15T16:38:16Z,\N,2025-12-22T17:16:21Z,\N,1,assert
acme:software_installation:acme-compute-node-end-0000588~788c0d636eae,software_installation,acme,acme:compute_node:end-0000588~b7e58f76e4e2,acme:product_model:v0038-sof-00217-software~352209132d74,/opt/kovac323,7.3.39,2025-12-23T08:25:27Z,\N,2025-12-24T10:44:01Z,\N,1,assert
acme:software_installation:acme-compute-node-end-0000558~20a2ae996906,software_installation,acme,acme:compute_node:end-0000558~cdaf4ea6d190,acme:product_model:v0024-sof-00024-software~588dda475342,/usr/local/oyelaran633,4.17.17,2025-11-18T04:36:42Z,\N,2026-01-01T18:49:39Z,\N,1,assert
acme:software_installation:acme-compute-node-end-0000156~3a3e6d35a6aa,software_installation,acme,acme:compute_node:end-0000156~b2ebd851620a,acme:product_model:v0017-sof-00009-software~784807e294fe,C:/Program Files/thorsen586,6.6.36,2025-11-21T23:51:59Z,\N,2026-01-03T00:55:10Z,\N,1,assert
acme:software_installation:acme-compute-node-end-0000559~681910ba4003,software_installation,acme,acme:compute_node:end-0000559~4fd029723f88,acme:product_model:v0019-con-00048-consumable~47c091f6b382,/usr/lib/lindqvist646,1.1.18,2025-12-16T06:48:54Z,\N,2026-01-04T00:21:08Z,\N,1,assert
acme:software_installation:acme-compute-node-end-0000330~128b13f8ee22,software_installation,acme,acme:compute_node:end-0000330~dae601ec2096,acme:product_model:v0033-ser-00159-service~fa4e022b1c5d,/Applications/quintero345,0.12.36,2025-12-18T09:26:10Z,\N,2026-01-06T00:28:58Z,\N,1,assert
acme:software_installation:acme-compute-node-end-0000161~7a6e5c6fe10a,software_installation,acme,acme:compute_node:end-0000161~21fe2976a49d,acme:product_model:v0001-har-00076-hardware~6843fe9d9f3f,/usr/lib/kovac259,3.18.25,2025-12-09T19:05:13Z,\N,2026-01-07T22:36:57Z,\N,1,assert
acme:software_installation:acme-compute-node-end-0000540~901ec664d194,software_installation,acme,acme:compute_node:end-0000540~78cca3f725bc,acme:product_model:v0034-ser-00100-service~682ddc66a6b8,C:/Windows/System32/mbatha642,7.2.39,2025-12-05T02:19:03Z,\N,2026-01-10T03:41:57Z,\N,1,assert
acme:software_installation:acme-compute-node-end-0000440~0e1dbe250ef3,software_installation,acme,acme:compute_node:end-0000440~91b5e7ec4bb8,acme:product_model:v0025-har-00050-hardware~8070203c3969,/usr/lib/jablonski469,1.7.5,2025-12-19T01:34:16Z,\N,2026-01-16T16:09:25Z,\N,1,assert
acme:software_installation:acme-compute-node-end-0000328~ecc58753c4f4,software_installation,acme,acme:compute_node:end-0000328~2db715b87332,acme:product_model:v0000-sof-00114-software~2b55fcfc0c35,C:/Windows/System32/okonkwo133,6.13.19,2026-01-04T03:46:15Z,\N,2026-01-19T11:07:12Z,\N,1,assert
acme:software_installation:acme-compute-node-end-0000211~3114471b02be,software_installation,acme,acme:compute_node:end-0000211~68c73bae58df,acme:product_model:v0003-con-00036-consumable~a534f553cae8,/var/lib/gallagher597,6.13.35,2026-01-15T02:18:28Z,\N,2026-01-20T07:48:23Z,\N,1,assert
acme:software_installation:acme-compute-node-end-0000187~44de788c26ba,software_installation,acme,acme:compute_node:end-0000187~d9cfde93df75,acme:product_model:v0048-ser-00182-service~f7d331cbeb83,/usr/lib/gallagher618,3.17.5,2026-01-19T16:12:23Z,\N,2026-01-20T20:49:02Z,\N,1,assert
acme:software_installation:acme-compute-node-end-0000330~7d99c8482a5a,software_installation,acme,acme:compute_node:end-0000330~dae601ec2096,acme:product_model:v0031-har-00082-hardware~05890fd3d7ee,/var/lib/thorsen400,8.1.34,2025-12-24T21:09:37Z,\N,2026-01-23T15:27:44Z,\N,1,assert
acme:software_installation:acme-compute-node-end-0000060~e1a7fe842b50,software_installation,acme,acme:compute_node:end-0000060~44809bc3c4f6,acme:product_model:v0038-con-00171-consumable~adf762045edd,/Applications/rasmussen317,2.14.22,2026-01-09T12:40:24Z,\N,2026-01-25T20:50:05Z,\N,1,assert
acme:software_installation:acme-compute-node-end-0000315~e89a8f6ff542,software_installation,acme,acme:compute_node:end-0000315~27b56e28e04d,acme:product_model:v0030-sof-00148-software~2e69bc29794f,C:/Program Files/ivanova554,2.17.10,2026-01-23T19:09:47Z,\N,2026-01-25T20:42:20Z,\N,1,assert
acme:software_installation:acme-compute-node-end-0000355~2d3a2873c69a,software_installation,acme,acme:compute_node:end-0000355~22a750eec318,acme:product_model:v0034-har-00051-hardware~096017fe85a4,/usr/local/haddad443,1.5.19,2026-01-11T17:31:00Z,\N,2026-01-27T04:36:04Z,\N,1,assert
acme:software_installation:acme-compute-node-end-0000181~c1eae7df8061,software_installation,acme,acme:compute_node:end-0000181~fe7b7c10ee24,acme:product_model:v0028-sof-00105-software~dce17a6613c4,/usr/local/mbatha390,5.16.18,2026-01-11T06:10:53Z,\N,2026-01-30T19:47:38Z,\N,1,assert
acme:software_installation:acme-compute-node-end-0000091~29dc03207990,software_installation,acme,acme:compute_node:end-0000091~c8532395d76e,acme:product_model:v0034-ser-00037-service~34c0995ff895,C:/Program Files (x86)/nakamura741,0.22.15,2026-01-09T22:20:35Z,\N,2026-01-30T15:34:45Z,\N,1,assert
acme:software_installation:acme-compute-node-end-0000273~8ece87a9e160,software_installation,acme,acme:compute_node:end-0000273~4a39515dcf92,acme:product_model:v0025-sof-00184-software~c2d7212aae29,C:/Program Files/kovac64,0.1.17,2026-01-05T06:48:41Z,\N,2026-02-01T05:53:25Z,\N,1,assert
acme:software_installation:acme-compute-node-end-0000465~5b6b9607a533,software_installation,acme,acme:compute_node:end-0000465~2a3aed6c31b2,acme:product_model:v0003-con-00036-consumable~a534f553cae8,/usr/lib/zhang65,7.4.0,2026-01-24T05:50:03Z,\N,2026-02-03T05:21:31Z,\N,1,assert
acme:software_installation:acme-compute-node-end-0000593~e6bdf39dcf5a,software_installation,acme,acme:compute_node:end-0000593~d523fe346c11,acme:product_model:v0032-sof-00168-software~d88794a9f100,C:/Windows/System32/ueda6,7.19.24,2026-01-01T08:49:39Z,\N,2026-02-04T08:11:20Z,\N,1,assert
acme:software_installation:acme-compute-node-end-0000368~b02c7e271b5f,software_installation,acme,acme:compute_node:end-0000368~fad32109b79c,acme:product_model:v0001-sof-00208-software~5eb7533557e8,C:/Program Files/fontaine793,2.20.7,2026-01-21T12:22:04Z,\N,2026-02-04T19:14:39Z,\N,1,assert
acme:software_installation:acme-compute-node-end-0000254~315a94d89644,software_installation,acme,acme:compute_node:end-0000254~3525ba8ae230,acme:product_model:v0045-har-00165-hardware~13587a2971e8,C:/Windows/System32/bergstrom581,0.13.39,2026-01-15T23:39:03Z,\N,2026-02-13T23:58:51Z,\N,1,assert
acme:software_installation:acme-compute-node-end-0000361~b2aacb0b6bd0,software_installation,acme,acme:compute_node:end-0000361~4f593b720a0e,acme:product_model:v0011-har-00162-hardware~113a927c954d,/Applications/haddad396,2.5.38,2026-02-10T11:59:45Z,\N,2026-02-18T22:29:59Z,\N,1,assert
acme:software_installation:acme-compute-node-end-0000144~fa2095c003af,software_installation,acme,acme:compute_node:end-0000144~167367ac3ba0,acme:product_model:v0018-har-00203-hardware~525e89fff3c5,/usr/local/thorsen40,5.7.36,2026-01-26T23:19:50Z,\N,2026-02-20T06:23:09Z,\N,1,assert
acme:software_installation:acme-compute-node-end-0000408~715f85ca4a93,software_installation,acme,acme:compute_node:end-0000408~816073641146,acme:product_model:v0035-har-00205-hardware~313790e35486,/opt/kovac384,3.9.12,2026-02-08T15:24:15Z,\N,2026-02-20T16:09:32Z,\N,1,assert
acme:software_installation:acme-compute-node-end-0000237~c2c31d110de8,software_installation,acme,acme:compute_node:end-0000237~ee52960bcce2,acme:product_model:v0000-sof-00194-software~9932bcd4f7e5,C:/Program Files/bergstrom480,8.2.12,2026-01-12T15:04:45Z,\N,2026-02-21T04:54:11Z,\N,1,assert
acme:software_installation:acme-compute-node-end-0000301~6d777a1c2430,software_installation,acme,acme:compute_node:end-0000301~c4fa3b8ef56a,acme:product_model:v0017-sof-00138-software~540b87669d1f,/Applications/kovac543,3.5.19,2026-02-20T01:26:47Z,\N,2026-02-21T18:43:26Z,\N,1,assert
acme:software_installation:acme-compute-node-end-0000262~e7e002fbcf7b,software_installation,acme,acme:compute_node:end-0000262~80547d71318b,acme:product_model:v0039-har-00112-hardware~940d89e8592d,/usr/lib/thorsen164,3.23.36,2026-02-04T10:06:47Z,\N,2026-02-23T01:44:17Z,\N,1,assert
acme:software_installation:acme-compute-node-clu-0000137~bbb38118e048,software_installation,acme,acme:compute_node:clu-0000137~9351a0fe2316,acme:product_model:v0013-sof-00049-software~415f86679c2d,/var/lib/quintero631,8.11.3,2026-01-29T14:33:21Z,\N,2026-02-28T00:30:10Z,\N,1,assert
acme:software_installation:acme-compute-node-end-0000217~265db68726f6,software_installation,acme,acme:compute_node:end-0000217~9e350d02858e,acme:product_model:v0001-ser-00209-service~a84bd3a48de9,/opt/novak224,7.16.16,2026-02-02T11:59:34Z,\N,2026-03-02T19:09:14Z,\N,1,assert
acme:software_installation:acme-compute-node-end-0000273~9a0030b68adc,software_installation,acme,acme:compute_node:end-0000273~4a39515dcf92,acme:product_model:v0014-sof-00073-software~2c0d56226e1b,/Applications/bergstrom291,7.21.38,2026-02-10T07:59:52Z,\N,2026-03-03T08:29:16Z,\N,1,assert
acme:software_installation:acme-compute-node-end-0000200~483aa91d0c0d,software_installation,acme,acme:compute_node:end-0000200~5795258f340f,acme:product_model:v0047-har-00093-hardware~c263755c6ca9,/usr/lib/wagner59,2.17.17,2026-02-10T14:45:10Z,\N,2026-03-04T09:40:50Z,\N,1,assert
acme:software_installation:acme-compute-node-end-0000020~fe95ad055740,software_installation,acme,acme:compute_node:end-0000020~d851c1f24f52,acme:product_model:v0044-sof-00069-software~30e92774cd6f,/var/lib/eberhardt25,6.21.28,2026-02-11T14:36:04Z,\N,2026-03-05T20:56:51Z,\N,1,assert
acme:software_installation:acme-compute-node-end-0000190~61764be6c01f,software_installation,acme,acme:compute_node:end-0000190~09d2c28304b8,acme:product_model:v0025-sof-00164-software~639d5de2b1e9,C:/Windows/System32/fontaine411,6.22.1,2026-02-14T15:14:55Z,\N,2026-03-05T17:48:46Z,\N,1,assert
acme:software_installation:acme-compute-node-end-0000503~e5ca1a33c7e4,software_installation,acme,acme:compute_node:end-0000503~d5e9d68f3888,acme:product_model:v0014-har-00086-hardware~d1eb968ce602,C:/Program Files (x86)/okonkwo203,2.20.14,2026-02-14T08:23:40Z,\N,2026-03-06T17:46:01Z,\N,1,assert
acme:software_installation:acme-compute-node-end-0000236~befa2a9db79b,software_installation,acme,acme:compute_node:end-0000236~768bf513c059,acme:product_model:v0002-sof-00059-software~e10e945bebac,/opt/novak253,3.6.38,2026-01-26T19:53:05Z,\N,2026-03-06T12:50:56Z,\N,1,assert
acme:software_installation:acme-compute-node-end-0000511~e181e725d2f0,software_installation,acme,acme:compute_node:end-0000511~185079b710ef,acme:product_model:v0001-ser-00209-service~a84bd3a48de9,C:/Program Files/oyelaran329,3.21.27,2026-03-08T17:52:44Z,\N,2026-03-08T17:52:44Z,\N,1,assert
acme:software_installation:acme-compute-node-end-0000416~a4f43f6993b7,software_installation,acme,acme:compute_node:end-0000416~9b8b029d729a,acme:product_model:v0002-har-00075-hardware~6911d7a7958d,/usr/local/wagner684,0.6.22,2026-02-23T10:20:15Z,\N,2026-03-08T00:04:23Z,\N,1,assert
acme:software_installation:acme-compute-node-end-0000265~51ea1059e023,software_installation,acme,acme:compute_node:end-0000265~349c31ab356c,acme:product_model:v0000-sof-00071-software~7773a5ff10d1,/var/lib/schneider407,3.17.12,2026-02-19T19:20:52Z,\N,2026-03-09T02:30:40Z,\N,1,assert
acme:software_installation:acme-compute-node-end-0000453~0c95ccd43ce7,software_installation,acme,acme:compute_node:end-0000453~e80c6401a912,acme:product_model:v0009-sof-00065-software~76e1c9faeb67,/usr/local/novak300,0.0.10,2026-03-06T16:25:15Z,\N,2026-03-10T22:44:35Z,\N,1,assert
acme:software_installation:acme-compute-node-end-0000580~a5c1636c1acf,software_installation,acme,acme:compute_node:end-0000580~373dbf279bdf,acme:product_model:v0044-sof-00069-software~30e92774cd6f,/usr/lib/eberhardt449,4.15.23,2026-03-10T01:58:15Z,\N,2026-03-11T20:38:28Z,\N,1,assert
acme:software_installation:acme-compute-node-end-0000559~31d1a0a14b4a,software_installation,acme,acme:compute_node:end-0000559~4fd029723f88,acme:product_model:v0044-har-00061-hardware~e5d938a4a93c,/usr/lib/silvestri714,6.5.29,2026-03-06T11:23:31Z,\N,2026-03-19T19:14:23Z,\N,1,assert
acme:software_installation:acme-compute-node-con-0000117~cc3585cba69e,software_installation,acme,acme:compute_node:con-0000117~67b8df246417,acme:product_model:v0014-har-00054-hardware~5531b0743bf4,/usr/lib/kaminski43,8.20.1,2026-02-14T00:28:10Z,\N,2026-03-20T18:17:35Z,\N,1,assert
acme:software_installation:acme-compute-node-end-0000317~3ccca14fbdbd,software_installation,acme,acme:compute_node:end-0000317~50c37c7ea389,acme:product_model:v0025-sof-00176-software~648715e2703d,/usr/local/chowdhury484,2.20.29,2026-02-18T13:28:30Z,\N,2026-03-24T17:54:18Z,\N,1,assert
acme:software_installation:acme-compute-node-end-0000527~2ac62eb52a7f,software_installation,acme,acme:compute_node:end-0000527~39c09c8fa4c8,acme:product_model:v0048-har-00104-hardware~77d5631870df,/usr/local/wagner58,8.22.22,2026-03-12T16:17:32Z,\N,2026-03-28T20:10:02Z,\N,1,assert
acme:software_installation:acme-compute-node-end-0000266~93eeca93db02,software_installation,acme,acme:compute_node:end-0000266~a02054ed82ef,acme:product_model:v0028-sof-00022-software~3c001cab9e4f,/var/lib/schneider538,8.1.4,2026-02-24T05:31:35Z,\N,2026-03-29T19:22:46Z,\N,1,assert
acme:software_installation:acme-compute-node-end-0000496~73fc55acf655,software_installation,acme,acme:compute_node:end-0000496~c3255676ec16,acme:product_model:v0030-har-00167-hardware~4401456f2e33,C:/Program Files (x86)/oyelaran501,2.15.8,2026-03-29T01:44:24Z,\N,2026-03-31T03:48:40Z,\N,1,assert
acme:software_installation:acme-compute-node-phy-0000000~b8a12c313d8a,software_installation,acme,acme:compute_node:phy-0000000~0e09674a1941,acme:product_model:v0009-sof-00130-software~adcecf3ad25b,/Applications/bergstrom630,2.15.16,2026-02-23T14:41:52Z,\N,2026-04-02T18:42:11Z,\N,1,assert
acme:software_installation:acme-compute-node-end-0000574~671607b3db66,software_installation,acme,acme:compute_node:end-0000574~7e6de27a6289,acme:product_model:v0007-sof-00163-software~24be948641de,/usr/local/thorsen298,6.2.26,2026-02-19T14:10:54Z,\N,2026-04-03T03:51:37Z,\N,1,assert
acme:software_installation:acme-compute-node-end-0000395~8d8b2dff3712,software_installation,acme,acme:compute_node:end-0000395~de31369bb1dd,acme:product_model:v0005-sof-00131-software~b8e9f95f32fc,/usr/lib/schneider661,4.19.5,2026-02-28T06:37:37Z,\N,2026-04-04T03:03:24Z,\N,1,assert
acme:software_installation:acme-compute-node-con-0000112~1e57e21b604f,software_installation,acme,acme:compute_node:con-0000112~3069ce9cf962,acme:product_model:v0017-sof-00009-software~784807e294fe,/Applications/lindqvist292,0.20.37,2026-03-26T01:15:09Z,\N,2026-04-11T05:49:24Z,\N,1,assert
acme:software_installation:acme-compute-node-end-0000523~0de63849d75c,software_installation,acme,acme:compute_node:end-0000523~83add51ee0fe,acme:product_model:v0021-sof-00062-software~eb9f19b85feb,/Applications/mbatha50,0.2.35,2026-03-07T19:06:05Z,\N,2026-04-12T13:19:09Z,\N,1,assert
acme:software_installation:acme-compute-node-end-0000408~675b95dac774,software_installation,acme,acme:compute_node:end-0000408~816073641146,acme:product_model:v0046-har-00121-hardware~26b3cfd937dc,C:/Windows/System32/yilmaz139,3.2.25,2026-03-22T14:12:18Z,\N,2026-04-13T02:10:11Z,\N,1,assert
acme:software_installation:acme-compute-node-end-0000571~94c1ae21cd67,software_installation,acme,acme:compute_node:end-0000571~c7b91efb3c66,acme:product_model:v0010-har-00128-hardware~eda6b2f1aba4,/usr/local/weiss311,4.20.0,2026-03-27T05:21:50Z,\N,2026-04-13T08:52:31Z,\N,1,assert
acme:software_installation:acme-compute-node-end-0000333~e8dea89d3a4e,software_installation,acme,acme:compute_node:end-0000333~6c6ca4056069,acme:product_model:v0000-sof-00071-software~7773a5ff10d1,C:/Program Files/okonkwo498,2.2.22,2026-03-26T13:17:57Z,\N,2026-04-15T00:43:22Z,\N,1,assert
acme:software_installation:acme-compute-node-end-0000177~4d08cc682a84,software_installation,acme,acme:compute_node:end-0000177~82128a96fe67,acme:product_model:v0013-sof-00056-software~7c73a26f1dcd,C:/Program Files (x86)/kovac685,3.17.15,2026-03-17T00:23:06Z,\N,2026-04-15T12:00:47Z,\N,1,assert
acme:software_installation:acme-compute-node-end-0000335~9124348188db,software_installation,acme,acme:compute_node:end-0000335~2a6ddd57a484,acme:product_model:v0048-ser-00029-service~9218c7b6f9d3,/usr/local/thorsen288,2.9.7,2026-03-31T12:32:23Z,\N,2026-04-18T19:01:02Z,\N,1,assert
acme:software_installation:acme-compute-node-end-0000368~398c11d23105,software_installation,acme,acme:compute_node:end-0000368~fad32109b79c,acme:product_model:v0031-sof-00099-software~820f7e6eef33,C:/Program Files/nakamura435,2.17.33,2026-03-27T19:34:22Z,\N,2026-04-18T19:11:02Z,\N,1,assert
acme:software_installation:acme-compute-node-end-0000496~762959741c6d,software_installation,acme,acme:compute_node:end-0000496~c3255676ec16,acme:product_model:v0032-sof-00216-software~ed9530e2f071,/Applications/vaughan261,7.1.1,2026-03-06T11:57:10Z,\N,2026-04-19T08:15:32Z,\N,1,assert
acme:software_installation:acme-compute-node-end-0000358~46e4e16edd4b,software_installation,acme,acme:compute_node:end-0000358~e73a83ab8bc7,acme:product_model:v0024-sof-00005-software~35a45f8dc5fe,/Applications/rasmussen649,7.12.8,2026-03-14T21:21:17Z,\N,2026-04-21T19:05:26Z,\N,1,assert
acme:software_installation:acme-compute-node-end-0000345~8bc2199195fe,software_installation,acme,acme:compute_node:end-0000345~b94ebdb396b7,acme:product_model:v0044-har-00061-hardware~e5d938a4a93c,/opt/weiss282,5.2.35,2026-04-10T09:02:48Z,\N,2026-04-22T22:02:30Z,\N,1,assert
acme:software_installation:acme-compute-node-end-0000569~3b0df5dbea53,software_installation,acme,acme:compute_node:end-0000569~4e16024ec5f8,acme:product_model:v0031-sof-00027-software~505ce0d370c5,/var/lib/vaughan186,8.16.36,2026-04-23T06:33:49Z,\N,2026-04-25T06:36:05Z,\N,1,assert
acme:software_installation:acme-compute-node-end-0000560~21209ce4d26b,software_installation,acme,acme:compute_node:end-0000560~a9f992870f57,acme:product_model:v0000-ser-00000-service~29bc941cf5db,/usr/lib/tanaka429,4.6.23,2026-03-14T11:11:16Z,\N,2026-04-26T03:36:48Z,\N,1,assert
acme:software_installation:acme-compute-node-end-0000571~16c3e303a7a2,software_installation,acme,acme:compute_node:end-0000571~c7b91efb3c66,acme:product_model:v0032-sof-00118-software~348e714a91e4,C:/Program Files (x86)/thorsen113,2.18.36,2026-03-22T18:52:32Z,\N,2026-04-28T13:06:11Z,\N,1,assert
acme:software_installation:acme-compute-node-end-0000142~91c56e17b884,software_installation,acme,acme:compute_node:end-0000142~63ea35cce109,acme:product_model:v0044-sof-00052-software~6991e915c268,C:/Program Files/wagner241,3.13.3,2026-03-21T18:03:06Z,\N,2026-04-29T19:03:21Z,\N,1,assert
acme:software_installation:acme-compute-node-end-0000095~c8efa20e79ef,software_installation,acme,acme:compute_node:end-0000095~d886b3f3f318,acme:product_model:v0025-sof-00164-software~639d5de2b1e9,/usr/lib/ueda540,7.14.1,2026-03-19T02:33:25Z,\N,2026-04-29T06:45:02Z,\N,1,assert
acme:software_installation:acme-compute-node-end-0000431~5740b612ebb8,software_installation,acme,acme:compute_node:end-0000431~ec6acbb0633b,acme:product_model:v0002-sof-00059-software~e10e945bebac,/usr/lib/schneider166,2.6.31,2026-04-18T03:10:39Z,\N,2026-04-30T19:54:42Z,\N,1,assert
acme:software_installation:acme-compute-node-end-0000180~d38fa52be6d1,software_installation,acme,acme:compute_node:end-0000180~b679e9141929,acme:product_model:v0001-sof-00170-software~71c84146fc96,/usr/local/abbott127,3.1.1,2026-03-18T23:13:43Z,\N,2026-05-01T09:14:44Z,\N,1,assert
acme:software_installation:acme-compute-node-end-0000427~bcfe6d4a4805,software_installation,acme,acme:compute_node:end-0000427~8b98488a627e,acme:product_model:v0000-ser-00000-service~29bc941cf5db,/var/lib/santos382,3.10.26,2026-04-28T16:41:49Z,\N,2026-05-01T22:40:39Z,\N,1,assert
acme:software_installation:acme-compute-node-end-0000204~778195698f66,software_installation,acme,acme:compute_node:end-0000204~8a49eda4ffd2,acme:product_model:v0000-ser-00000-service~29bc941cf5db,C:/Program Files/gallagher367,7.6.14,2026-04-10T07:59:12Z,\N,2026-05-05T18:18:30Z,\N,1,assert
acme:software_installation:acme-compute-node-end-0000564~a27917531278,software_installation,acme,acme:compute_node:end-0000564~d7faa19ec5ed,acme:product_model:v0001-ser-00209-service~a84bd3a48de9,/Applications/mbatha651,6.4.30,2026-04-17T12:31:52Z,\N,2026-05-18T07:05:09Z,\N,1,assert
acme:software_installation:acme-compute-node-end-0000339~d4e5e0ee7d38,software_installation,acme,acme:compute_node:end-0000339~cb1ad246ddcc,acme:product_model:v0014-sof-00073-software~2c0d56226e1b,/usr/local/silvestri615,8.17.2,2026-04-28T16:12:01Z,\N,2026-05-20T20:19:00Z,\N,1,assert
acme:software_installation:acme-compute-node-end-0000109~5eb77dad0b90,software_installation,acme,acme:compute_node:end-0000109~780e0aeef911,acme:product_model:v0038-con-00171-consumable~adf762045edd,/Applications/santos568,3.1.10,2026-04-09T03:55:21Z,\N,2026-05-22T23:28:15Z,\N,1,assert
acme:software_installation:acme-compute-node-end-0000033~4e207e0b7f5e,software_installation,acme,acme:compute_node:end-0000033~cbce324c4329,acme:product_model:v0025-sof-00181-software~c261916744f3,/usr/local/fontaine379,6.6.26,2026-05-15T22:14:59Z,\N,2026-05-23T12:22:48Z,\N,1,assert
acme:software_installation:acme-compute-node-end-0000480~408435efac8d,software_installation,acme,acme:compute_node:end-0000480~48f8b101b18a,acme:product_model:v0011-har-00088-hardware~daaf648f923f,C:/Program Files/jablonski318,6.11.0,2026-04-30T22:15:44Z,\N,2026-05-25T19:57:20Z,\N,1,assert
acme:software_installation:acme-compute-node-end-0000511~1372633a71a6,software_installation,acme,acme:compute_node:end-0000511~185079b710ef,acme:product_model:v0011-har-00003-hardware~ab0a7ff681b2,C:/Program Files (x86)/tanaka77,6.14.25,2026-04-24T05:03:16Z,\N,2026-05-27T20:15:30Z,\N,1,assert
acme:software_installation:acme-compute-node-end-0000262~e634defc4694,software_installation,acme,acme:compute_node:end-0000262~80547d71318b,acme:product_model:v0034-sof-00136-software~47a6a1b406af,/Applications/baptiste785,8.19.8,2026-05-16T01:34:28Z,\N,2026-05-27T20:59:42Z,\N,1,assert
acme:software_installation:acme-compute-node-end-0000478~bef7572c3e91,software_installation,acme,acme:compute_node:end-0000478~b6b6969f7248,acme:product_model:v0048-ser-00080-service~7d013ea0a2ef,/usr/local/zhang366,0.11.3,2026-04-22T14:55:54Z,\N,2026-05-28T04:10:50Z,\N,1,assert
acme:software_installation:acme-compute-node-end-0000405~5c88e736e9ba,software_installation,acme,acme:compute_node:end-0000405~aefbfd94d0f0,acme:product_model:v0024-sof-00174-software~63e98a4bbd23,C:/Windows/System32/vaughan143,1.21.30,2026-05-01T09:14:56Z,\N,2026-05-29T09:52:04Z,\N,1,assert
acme:software_installation:acme-compute-node-end-0000466~fe61c0cec1bd,software_installation,acme,acme:compute_node:end-0000466~e8cdefc866e6,acme:product_model:v0019-sof-00033-software~cae63af9f6fa,C:/Program Files (x86)/bergstrom248,0.15.22,2026-04-20T20:16:31Z,\N,2026-05-29T03:11:47Z,\N,1,assert
acme:software_installation:acme-compute-node-end-0000310~a3ed9c9abf00,software_installation,acme,acme:compute_node:end-0000310~b0479b428d5a,acme:product_model:v0033-con-00161-consumable~ac78fa3cd767,/usr/lib/ivanova385,5.2.16,2026-05-21T21:42:07Z,\N,2026-05-29T07:08:43Z,\N,1,assert
acme:software_installation:acme-compute-node-end-0000190~916a9f04f155,software_installation,acme,acme:compute_node:end-0000190~09d2c28304b8,acme:product_model:v0043-har-00196-hardware~112e035e648c,/opt/kovac95,6.10.35,2026-05-19T16:02:07Z,\N,2026-05-30T07:50:19Z,\N,1,assert
acme:software_installation:acme-compute-node-end-0000059~2ad3aae77453,software_installation,acme,acme:compute_node:end-0000059~b0ffa68ed016,acme:product_model:v0023-ser-00113-service~8c1c9a1fd539,C:/Windows/System32/delacroix97,5.0.1,2026-05-09T23:31:19Z,\N,2026-06-01T22:48:53Z,\N,1,assert
acme:software_installation:acme-compute-node-end-0000266~6cf6d2206576,software_installation,acme,acme:compute_node:end-0000266~a02054ed82ef,acme:product_model:v0028-sof-00179-software~d5af48d8d759,/var/lib/pereira339,0.4.13,2026-05-01T06:45:15Z,\N,2026-06-01T07:10:21Z,\N,1,assert
acme:software_installation:acme-compute-node-end-0000487~666892f80beb,software_installation,acme,acme:compute_node:end-0000487~459cb364417d,acme:product_model:v0024-har-00031-hardware~f1e62c580e14,/Applications/oyelaran648,8.4.14,2026-05-01T03:17:20Z,\N,2026-06-02T06:07:21Z,\N,1,assert
acme:software_installation:acme-compute-node-end-0000069~4a7086780451,software_installation,acme,acme:compute_node:end-0000069~522b0794b0b2,acme:product_model:v0000-sof-00194-software~9932bcd4f7e5,C:/Program Files (x86)/oyelaran795,3.2.4,2026-05-21T20:00:11Z,\N,2026-06-05T21:28:09Z,\N,1,assert
acme:software_installation:acme-compute-node-end-0000363~1f3f306494d3,software_installation,acme,acme:compute_node:end-0000363~f579d49d487f,acme:product_model:v0045-ser-00185-service~d45bbd49dc8b,C:/Program Files/wagner728,2.14.35,2026-05-22T18:56:28Z,\N,2026-06-06T20:07:33Z,\N,1,assert
acme:software_installation:acme-compute-node-end-0000404~19093b9cc1b5,software_installation,acme,acme:compute_node:end-0000404~f50fac7faf3f,acme:product_model:v0009-sof-00065-software~76e1c9faeb67,/opt/pereira794,3.17.5,2026-05-23T06:28:59Z,\N,2026-06-17T00:26:48Z,\N,1,assert
acme:software_installation:acme-compute-node-end-0000483~155f90c63a9d,software_installation,acme,acme:compute_node:end-0000483~758171d7a3f1,acme:product_model:v0027-ser-00135-service~5728a6b1c180,C:/Program Files (x86)/oyelaran530,3.19.35,2026-05-23T08:53:53Z,\N,2026-06-19T09:02:19Z,\N,1,assert
acme:software_installation:acme-compute-node-end-0000487~894bd34dc822,software_installation,acme,acme:compute_node:end-0000487~459cb364417d,acme:product_model:v0034-ser-00100-service~682ddc66a6b8,C:/Program Files/tanaka210,3.13.26,2026-06-15T00:04:12Z,\N,2026-06-20T23:05:05Z,\N,1,assert
acme:software_installation:acme-compute-node-end-0000299~9d7e1fadf588,software_installation,acme,acme:compute_node:end-0000299~1da6c4611dd0,acme:product_model:v0047-ser-00214-service~5de9fe155c28,C:/Program Files/santos272,4.10.10,2026-05-07T16:06:19Z,\N,2026-06-20T20:51:06Z,\N,1,assert
acme:software_installation:acme-compute-node-end-0000223~48b3a1eaba77,software_installation,acme,acme:compute_node:end-0000223~c1729a50522b,acme:product_model:v0000-sof-00114-software~2b55fcfc0c35,C:/Program Files/ivanova492,3.9.10,2026-06-09T08:08:57Z,\N,2026-06-20T01:49:13Z,\N,1,assert
acme:software_installation:acme-compute-node-con-0000114~87dc1437f527,software_installation,acme,acme:compute_node:con-0000114~2076508f4303,acme:product_model:v0040-har-00192-hardware~75b074753ce7,/usr/lib/quintero238,7.7.18,2026-05-27T23:16:36Z,\N,2026-06-21T03:48:51Z,\N,1,assert
acme:software_installation:acme-compute-node-end-0000338~5cc6c3cb8078,software_installation,acme,acme:compute_node:end-0000338~31512827a80a,acme:product_model:v0047-har-00093-hardware~c263755c6ca9,/usr/lib/eberhardt296,8.21.21,2026-05-19T16:05:31Z,\N,2026-06-21T12:02:05Z,\N,1,assert
acme:software_installation:acme-compute-node-end-0000207~435bbc1ae962,software_installation,acme,acme:compute_node:end-0000207~9ca001437ef9,acme:product_model:v0044-ser-00084-service~66aca362601d,C:/Windows/System32/fontaine372,7.6.22,2026-05-15T11:40:29Z,\N,2026-06-22T21:52:21Z,\N,1,assert
acme:software_installation:acme-compute-node-end-0000105~0819df06d61d,software_installation,acme,acme:compute_node:end-0000105~da20da36c0bd,acme:product_model:v0025-sof-00176-software~648715e2703d,/usr/lib/abbott191,0.16.26,2026-06-03T12:12:48Z,\N,2026-06-23T19:20:08Z,\N,1,assert
acme:software_installation:acme-compute-node-clu-0000139~c89963478a25,software_installation,acme,acme:compute_node:clu-0000139~32917487bfbf,acme:product_model:v0025-har-00050-hardware~8070203c3969,/Applications/marchetti373,2.6.39,2026-06-09T15:41:27Z,\N,2026-06-23T16:09:17Z,\N,1,assert
acme:software_installation:acme-compute-node-end-0000089~d43132a5758e,software_installation,acme,acme:compute_node:end-0000089~55b14e9fe192,acme:product_model:v0044-sof-00129-software~c79ef0bbb311,/usr/local/jablonski158,1.20.26,2026-06-24T20:10:41Z,\N,2026-06-24T20:10:41Z,\N,1,assert
acme:software_installation:acme-compute-node-end-0000269~31a1267c9852,software_installation,acme,acme:compute_node:end-0000269~331f6df4fbe9,acme:product_model:v0044-con-00020-consumable~700e50990515,C:/Program Files/fontaine124,2.11.14,2026-06-05T16:58:22Z,\N,2026-06-27T23:23:45Z,\N,1,assert
acme:software_installation:acme-compute-node-end-0000184~7d01d0929708,software_installation,acme,acme:compute_node:end-0000184~232bd13c4aaf,acme:product_model:v0025-sof-00011-software~a181fbc537ac,/opt/jablonski546,7.7.31,2026-06-25T05:43:09Z,\N,2026-06-29T20:38:11Z,\N,1,assert
acme:software_installation:acme-compute-node-end-0000098~e804704b45b5,software_installation,acme,acme:compute_node:end-0000098~69f46552e395,acme:product_model:v0021-sof-00062-software~eb9f19b85feb,/Applications/kaminski752,1.11.23,2026-06-06T07:32:07Z,\N,2026-06-29T18:14:32Z,\N,1,assert
acme:software_installation:acme-compute-node-end-0000351~28704f90909b,software_installation,acme,acme:compute_node:end-0000351~ead82e7802bb,acme:product_model:v0011-har-00003-hardware~ab0a7ff681b2,/var/lib/okonkwo73,6.22.38,2026-06-17T02:49:40Z,\N,2026-07-01T04:08:26Z,\N,1,assert
acme:software_installation:acme-compute-node-end-0000432~cbb434fe3a16,software_installation,acme,acme:compute_node:end-0000432~505f352627e1,acme:product_model:v0046-sof-00180-software~7a5a24e80eb8,/var/lib/baptiste427,5.19.33,2026-06-17T09:58:15Z,\N,2026-07-01T11:01:38Z,\N,1,assert
acme:software_installation:acme-compute-node-end-0000438~b0b98b938c7e,software_installation,acme,acme:compute_node:end-0000438~f1311fdf48d0,acme:product_model:v0003-ser-00079-service~8b5b5159c89f,/Applications/bergstrom746,1.19.33,2026-06-23T22:04:14Z,\N,2026-07-01T17:24:05Z,\N,1,assert
acme:software_installation:acme-compute-node-end-0000440~adecd3570bc5,software_installation,acme,acme:compute_node:end-0000440~91b5e7ec4bb8,acme:product_model:v0043-ser-00146-service~d25b8a7606ab,/opt/mbatha436,8.3.8,2026-06-14T02:34:00Z,\N,2026-07-03T08:14:37Z,\N,1,assert
acme:software_installation:acme-compute-node-end-0000253~1b36e26f80ab,software_installation,acme,acme:compute_node:end-0000253~5f14ef10a9e7,acme:product_model:v0043-sof-00097-software~fb7dc1142cde,/var/lib/novak772,3.2.26,2026-05-28T00:01:45Z,\N,2026-07-05T08:42:56Z,\N,1,assert
acme:software_installation:acme-compute-node-end-0000581~580358c80971,software_installation,acme,acme:compute_node:end-0000581~e08f5ba4025f,acme:product_model:v0027-ser-00135-service~5728a6b1c180,C:/Program Files (x86)/kovac219,1.19.1,2026-06-18T00:24:52Z,\N,2026-07-13T22:07:23Z,\N,1,assert
acme:software_installation:acme-compute-node-end-0000076~cd68495453d8,software_installation,acme,acme:compute_node:end-0000076~51123f0a4d0e,acme:product_model:v0000-har-00198-hardware~be3946a1dcf2,/var/lib/pereira286,6.8.12,2026-06-30T23:02:19Z,\N,2026-07-13T04:11:36Z,\N,1,assert
acme:software_installation:acme-compute-node-end-0000523~131a142920ca,software_installation,acme,acme:compute_node:end-0000523~83add51ee0fe,acme:product_model:v0014-har-00108-hardware~976ee98ea0c8,/usr/local/haddad269,7.16.16,2026-07-02T13:39:16Z,\N,2026-07-15T09:19:05Z,\N,1,assert
acme:software_installation:acme-compute-node-end-0000084~de66c1ee0883,software_installation,acme,acme:compute_node:end-0000084~6668236acaa3,acme:product_model:v0011-har-00162-hardware~113a927c954d,/usr/local/silvestri270,1.4.32,2026-06-07T11:57:46Z,\N,2026-07-17T23:56:19Z,\N,1,assert
acme:software_installation:acme-compute-node-end-0000559~ba3cabe85eae,software_installation,acme,acme:compute_node:end-0000559~4fd029723f88,acme:product_model:v0032-sof-00175-software~ae54a90851e2,C:/Program Files/eberhardt328,7.4.30,2026-07-01T12:17:45Z,\N,2026-07-17T16:00:20Z,\N,1,assert
acme:software_installation:acme-compute-node-end-0000498~682895b75c75,software_installation,acme,acme:compute_node:end-0000498~a99f7118422a,acme:product_model:v0032-sof-00216-software~ed9530e2f071,/var/lib/gundersen331,1.15.9,2026-06-08T10:27:34Z,\N,2026-07-17T06:45:30Z,\N,1,assert
acme:software_installation:acme-compute-node-end-0000330~54421d8925ef,software_installation,acme,acme:compute_node:end-0000330~dae601ec2096,acme:product_model:v0027-sof-00038-software~50c988234439,/opt/thorsen473,8.21.14,2026-06-21T00:42:21Z,\N,2026-07-17T05:09:51Z,\N,1,assert
acme:software_installation:acme-compute-node-end-0000359~c7dd0aebb012,software_installation,acme,acme:compute_node:end-0000359~0e9ea630afe9,acme:product_model:v0019-sof-00033-software~cae63af9f6fa,/usr/local/rasmussen278,5.7.24,2026-06-22T13:11:27Z,\N,2026-07-18T13:50:04Z,\N,1,assert
acme:software_installation:acme-compute-node-con-0000121~9ad908a608ba,software_installation,acme,acme:compute_node:con-0000121~995e0c0222a0,acme:product_model:v0038-har-00013-hardware~7dc5ad8abb19,C:/Program Files (x86)/baptiste325,7.16.11,2026-06-27T14:20:07Z,\N,2026-07-18T01:05:04Z,\N,1,assert
acme:software_installation:acme-compute-node-end-0000527~986e4319518b,software_installation,acme,acme:compute_node:end-0000527~39c09c8fa4c8,acme:product_model:v0038-con-00171-consumable~adf762045edd,C:/Program Files (x86)/pereira556,5.2.18,2026-07-18T05:02:37Z,\N,2026-07-18T05:02:37Z,\N,1,assert
acme:software_installation:acme-compute-node-end-0000552~f0d9669df4bd,software_installation,acme,acme:compute_node:end-0000552~3975e23802d1,acme:product_model:v0030-sof-00148-software~2e69bc29794f,C:/Program Files/marchetti426,5.11.6,2026-06-22T18:07:27Z,\N,2026-07-19T09:25:11Z,\N,1,assert
acme:software_installation:acme-compute-node-end-0000188~467600eaea6d,software_installation,acme,acme:compute_node:end-0000188~fe8418d73aa9,acme:product_model:v0001-har-00072-hardware~c6a985da8579,/opt/okonkwo663,6.20.22,2026-07-04T02:57:46Z,\N,2026-07-20T11:59:28Z,\N,1,assert
acme:software_installation:acme-compute-node-end-0000322~7fd6f9bdc51e,software_installation,acme,acme:compute_node:end-0000322~b8ee25354694,acme:product_model:v0033-ser-00043-service~c4167e411d46,/usr/local/oyelaran708,4.3.7,2026-07-05T06:23:40Z,\N,2026-07-20T08:13:39Z,\N,1,assert
acme:software_installation:acme-compute-node-end-0000031~0716df8a0c2b,software_installation,acme,acme:compute_node:end-0000031~5f97e56c23df,acme:product_model:v0025-sof-00011-software~a181fbc537ac,/var/lib/mbatha475,8.19.0,2026-07-04T01:09:00Z,\N,2026-07-23T16:05:09Z,\N,1,assert
acme:software_installation:acme-compute-node-end-0000356~11a289921559,software_installation,acme,acme:compute_node:end-0000356~f3e6e9ba35ba,acme:product_model:v0011-sof-00045-software~ebbcc1be6a90,C:/Program Files (x86)/ivanova639,3.9.26,2026-06-26T19:58:52Z,\N,2026-07-24T22:29:12Z,\N,1,assert
acme:software_installation:acme-compute-node-end-0000037~92c59f466335,software_installation,acme,acme:compute_node:end-0000037~d2b482eda8a4,acme:product_model:v0032-har-00154-hardware~53fde5a895b5,/usr/lib/kovac664,2.0.14,2026-06-22T09:48:30Z,\N,2026-07-24T14:27:49Z,\N,1,assert
acme:software_installation:acme-compute-node-clu-0000140~a1a6e701b339,software_installation,acme,acme:compute_node:clu-0000140~80b1a170f53a,acme:product_model:v0047-sof-00018-software~20a4046901a0,/opt/silvestri142,3.3.10,2026-07-23T10:12:54Z,\N,2026-07-26T07:38:41Z,\N,1,assert
acme:software_installation:acme-compute-node-end-0000509~8762bb5532bb,software_installation,acme,acme:compute_node:end-0000509~2ff4e28347d3,acme:product_model:v0025-ser-00087-service~3f367620603a,C:/Program Files/pereira353,3.20.14,2026-07-20T19:52:32Z,\N,2026-07-28T07:21:38Z,\N,1,assert
acme:software_installation:acme-compute-node-end-0000251~48b6da15a8c3,software_installation,acme,acme:compute_node:end-0000251~b53e39815ea5,acme:product_model:v0007-sof-00173-software~fecd106a6fa7,/var/lib/kaminski93,2.6.5,2026-06-29T23:02:17Z,\N,2026-07-30T13:52:35Z,\N,1,assert
acme:software_installation:acme-compute-node-phy-0000001~c16af194ec10,software_installation,acme,acme:compute_node:phy-0000001~331ac2cb8862,acme:product_model:v0000-sof-00194-software~9932bcd4f7e5,/Applications/lindqvist420,1.23.7,2026-07-27T13:22:59Z,\N,2026-07-31T13:22:29Z,\N,1,assert
acme:software_installation:acme-compute-node-end-0000595~af84dea52d8e,software_installation,acme,acme:compute_node:end-0000595~c828def4c84b,acme:product_model:v0017-sof-00009-software~784807e294fe,/opt/abbott223,0.8.35,2026-07-07T14:04:50Z,\N,2026-08-01T11:36:07Z,\N,1,assert
acme:software_installation:acme-compute-node-end-0000186~cd3c9a3d2eb2,software_installation,acme,acme:compute_node:end-0000186~afbc296b3386,acme:product_model:v0001-ser-00209-service~a84bd3a48de9,/usr/local/castellanos662,8.18.24,2026-07-15T22:07:25Z,\N,2026-08-04T06:20:16Z,\N,1,assert
acme:software_installation:acme-compute-node-end-0000368~2715fce75484,software_installation,acme,acme:compute_node:end-0000368~fad32109b79c,acme:product_model:v0034-har-00094-hardware~8b59318136b9,C:/Program Files/gallagher677,1.16.0,2026-06-24T08:02:33Z,\N,2026-08-05T19:28:02Z,\N,1,assert
acme:software_installation:acme-compute-node-end-0000563~de2801d76362,software_installation,acme,acme:compute_node:end-0000563~3079827e68f5,acme:product_model:v0007-har-00150-hardware~124b8eba6994,/opt/lindqvist20,2.14.5,2026-06-23T01:20:13Z,\N,2026-08-06T17:23:18Z,\N,1,assert
acme:software_installation:acme-compute-node-end-0000045~6da04ff5729e,software_installation,acme,acme:compute_node:end-0000045~ec50513c607e,acme:product_model:v0013-sof-00049-software~415f86679c2d,/opt/ivanova125,7.0.26,2026-07-24T16:42:21Z,\N,2026-08-10T03:26:21Z,\N,1,assert
acme:software_installation:acme-compute-node-end-0000519~ba9e3589413c,software_installation,acme,acme:compute_node:end-0000519~455cb82b7e54,acme:product_model:v0028-sof-00105-software~dce17a6613c4,C:/Program Files (x86)/ivanova340,3.14.24,2026-07-16T04:44:59Z,\N,2026-08-14T12:31:53Z,\N,1,assert
acme:software_installation:acme-compute-node-end-0000367~d933da1eef6a,software_installation,acme,acme:compute_node:end-0000367~9ac06c1c48bb,acme:product_model:v0003-con-00036-consumable~a534f553cae8,/Applications/oyelaran610,3.10.29,2026-07-15T18:15:49Z,\N,2026-08-16T23:26:00Z,\N,1,assert
acme:software_installation:acme-compute-node-end-0000447~e44231de9323,software_installation,acme,acme:compute_node:end-0000447~25b90642c749,acme:product_model:v0005-sof-00125-software~5d4aea7902d5,/var/lib/bergstrom319,6.13.32,2026-07-30T14:34:54Z,\N,2026-08-18T10:30:18Z,\N,1,assert
acme:software_installation:acme-compute-node-end-0000269~d37613c0f774,software_installation,acme,acme:compute_node:end-0000269~331f6df4fbe9,acme:product_model:v0025-sof-00190-software~d88f598b0f28,C:/Program Files (x86)/okonkwo405,6.15.3,2026-07-21T02:17:27Z,\N,2026-08-18T08:47:09Z,\N,1,assert
acme:software_installation:acme-compute-node-end-0000506~9c2639d01169,software_installation,acme,acme:compute_node:end-0000506~3f2e1452373a,acme:product_model:v0011-sof-00116-software~86ba659891c7,/var/lib/jablonski669,1.19.17,2026-07-08T18:11:39Z,\N,2026-08-20T22:58:07Z,\N,1,assert
acme:software_installation:acme-compute-node-end-0000023~6883c4590e61,software_installation,acme,acme:compute_node:end-0000023~d2155353a123,acme:product_model:v0011-sof-00045-software~ebbcc1be6a90,C:/Program Files/fontaine755,1.15.9,2026-07-25T11:58:22Z,\N,2026-08-20T03:06:30Z,\N,1,assert
acme:software_installation:acme-compute-node-end-0000170~e949f6042dc7,software_installation,acme,acme:compute_node:end-0000170~4eb916ba1730,acme:product_model:v0048-ser-00080-service~7d013ea0a2ef,C:/Program Files (x86)/chowdhury370,8.11.0,2026-07-19T17:06:41Z,\N,2026-08-22T15:54:07Z,\N,1,assert
acme:software_installation:acme-compute-node-end-0000316~b28b7af473aa,software_installation,acme,acme:compute_node:end-0000316~f66f1592cd16,acme:product_model:v0026-sof-00008-software~d41a4f228b29,C:/Windows/System32/zhang641,3.21.27,2026-08-01T23:22:44Z,\N,2026-08-24T16:21:01Z,\N,1,assert
acme:software_installation:acme-compute-node-end-0000011~d0204afa6f92,software_installation,acme,acme:compute_node:end-0000011~d6ce3dcb6e4f,acme:product_model:v0027-ser-00135-service~5728a6b1c180,C:/Program Files/silvestri485,2.9.24,2026-08-02T01:56:05Z,\N,2026-08-25T18:52:13Z,\N,1,assert
acme:software_installation:acme-compute-node-end-0000297~59ab427d93d7,software_installation,acme,acme:compute_node:end-0000297~ac24395a2222,acme:product_model:v0044-har-00061-hardware~e5d938a4a93c,C:/Program Files (x86)/ivanova106,5.2.32,2026-08-08T20:05:19Z,\N,2026-08-27T12:43:56Z,\N,1,assert
acme:software_installation:acme-compute-node-end-0000569~78eedfa348ff,software_installation,acme,acme:compute_node:end-0000569~4e16024ec5f8,acme:product_model:v0035-sof-00109-software~0a54ae896fc5,/var/lib/castellanos205,4.6.9,2026-07-23T04:01:32Z,\N,2026-08-28T17:20:57Z,\N,1,assert
acme:software_installation:acme-compute-node-end-0000475~b81372fb9e12,software_installation,acme,acme:compute_node:end-0000475~b59d87fc76f8,acme:product_model:v0020-sof-00140-software~4b0a9d2f1b86,C:/Windows/System32/santos85,7.1.16,2026-08-26T00:52:01Z,\N,2026-08-29T01:54:20Z,\N,1,assert
acme:software_installation:acme-compute-node-end-0000042~c56648398063,software_installation,acme,acme:compute_node:end-0000042~5944e5c72f86,acme:product_model:v0025-ser-00095-service~3581e95fdd5b,/var/lib/mbatha313,5.12.18,2026-07-26T02:35:11Z,\N,2026-08-29T09:27:00Z,\N,1,assert
acme:software_installation:acme-compute-node-end-0000384~7c213e8e069c,software_installation,acme,acme:compute_node:end-0000384~8c7467b4462c,acme:product_model:v0020-sof-00016-software~6bf03d717c9a,/usr/local/ivanova358,5.4.9,2026-08-08T01:42:35Z,\N,2026-08-29T20:18:08Z,\N,1,assert
acme:software_installation:acme-compute-node-end-0000058~959b936bf0fe,software_installation,acme,acme:compute_node:end-0000058~1371b226a788,acme:product_model:v0005-sof-00131-software~b8e9f95f32fc,/var/lib/novak751,4.21.15,2026-08-13T20:11:39Z,\N,2026-08-30T14:27:50Z,\N,1,assert
acme:software_installation:acme-compute-node-end-0000489~d73f56621cf3,software_installation,acme,acme:compute_node:end-0000489~8c7a57747639,acme:product_model:v0037-sof-00044-software~4c9be175524b,C:/Windows/System32/jablonski413,7.23.37,2026-09-02T08:18:00Z,\N,2026-09-02T08:18:00Z,\N,1,assert
acme:software_installation:acme-compute-node-end-0000492~f2475b1fc3e9,software_installation,acme,acme:compute_node:end-0000492~5b8187353ed6,acme:product_model:v0004-sof-00147-software~cedc57d80d22,C:/Windows/System32/mbatha627,8.19.14,2026-08-13T06:46:01Z,\N,2026-09-04T16:16:05Z,\N,1,assert
acme:software_installation:acme-compute-node-end-0000092~7b40cc7ff69e,software_installation,acme,acme:compute_node:end-0000092~11f50499f65d,acme:product_model:v0000-har-00198-hardware~be3946a1dcf2,C:/Windows/System32/nakamura350,8.19.24,2026-08-09T22:41:31Z,\N,2026-09-05T22:28:03Z,\N,1,assert
acme:software_installation:acme-compute-node-end-0000397~b8ffd4e20bfd,software_installation,acme,acme:compute_node:end-0000397~72bde8c28297,acme:product_model:v0045-har-00165-hardware~13587a2971e8,C:/Windows/System32/wagner393,8.11.37,2026-07-23T02:36:42Z,\N,2026-09-05T19:50:23Z,\N,1,assert
acme:software_installation:acme-compute-node-end-0000216~8ff6d04d3a7e,software_installation,acme,acme:compute_node:end-0000216~9e2363a872bf,acme:product_model:v0025-ser-00087-service~3f367620603a,/Applications/bergstrom499,7.3.29,2026-09-06T00:45:11Z,\N,2026-09-07T12:15:04Z,\N,1,assert
acme:software_installation:acme-compute-node-end-0000517~178b5c287da0,software_installation,acme,acme:compute_node:end-0000517~3c02eacd04c0,acme:product_model:v0021-sof-00062-software~eb9f19b85feb,/opt/ivanova611,0.23.9,2026-08-31T11:22:07Z,\N,2026-09-10T08:25:58Z,\N,1,assert
acme:software_installation:acme-compute-node-end-0000176~e38563a4e2b3,software_installation,acme,acme:compute_node:end-0000176~87d0a39625b7,acme:product_model:v0001-sof-00208-software~5eb7533557e8,/Applications/bergstrom456,6.1.31,2026-08-22T18:30:26Z,\N,2026-09-13T15:01:04Z,\N,1,assert
acme:software_installation:acme-compute-node-end-0000395~c67b547ef873,software_installation,acme,acme:compute_node:end-0000395~de31369bb1dd,acme:product_model:v0012-sof-00090-software~0cc63c0435da,/usr/lib/lindqvist601,4.19.5,2026-08-28T10:06:43Z,\N,2026-09-14T17:15:20Z,\N,1,assert
acme:software_installation:acme-compute-node-end-0000067~63fec4a04df7,software_installation,acme,acme:compute_node:end-0000067~d97b704724f9,acme:product_model:v0048-sof-00186-software~e2985692f7e2,/usr/local/okonkwo397,8.0.9,2026-08-17T15:02:32Z,\N,2026-09-15T23:20:23Z,\N,1,assert
acme:software_installation:acme-compute-node-end-0000469~0ad91929c78b,software_installation,acme,acme:compute_node:end-0000469~123a4a81cfda,acme:product_model:v0038-har-00091-hardware~e8b5956900f9,C:/Program Files/silvestri552,3.12.20,2026-09-03T19:47:13Z,\N,2026-09-16T07:10:41Z,\N,1,assert
acme:software_installation:acme-compute-node-end-0000044~bb52cfeb78e3,software_installation,acme,acme:compute_node:end-0000044~86de6ab7155e,acme:product_model:v0047-har-00093-hardware~c263755c6ca9,C:/Program Files/delacroix389,8.22.20,2026-08-20T20:40:28Z,\N,2026-09-17T17:57:19Z,\N,1,assert
acme:software_installation:acme-compute-node-end-0000253~c125ab5ae44f,software_installation,acme,acme:compute_node:end-0000253~5f14ef10a9e7,acme:product_model:v0003-ser-00079-service~8b5b5159c89f,/opt/kovac470,6.2.36,2026-08-25T16:10:37Z,\N,2026-09-17T02:53:35Z,\N,1,assert
acme:software_installation:acme-compute-node-end-0000357~e8227f66146c,software_installation,acme,acme:compute_node:end-0000357~d3aa4c16d383,acme:product_model:v0025-sof-00184-software~c2d7212aae29,/usr/lib/ivanova784,4.13.1,2026-08-20T05:55:44Z,\N,2026-09-18T09:21:59Z,\N,1,assert
acme:software_installation:acme-compute-node-end-0000419~b4bc95ef0d93,software_installation,acme,acme:compute_node:end-0000419~313b1b1e75d4,acme:product_model:v0001-sof-00066-software~a704c8e55f44,C:/Windows/System32/wagner201,3.2.18,2026-08-13T05:54:15Z,\N,2026-09-22T23:03:17Z,\N,1,assert
acme:software_installation:acme-compute-node-end-0000460~fc80dcaeaf6f,software_installation,acme,acme:compute_node:end-0000460~4ce5320cee3e,acme:product_model:v0025-ser-00095-service~3581e95fdd5b,/Applications/rasmussen442,5.20.2,2026-09-03T08:33:20Z,\N,2026-09-22T17:02:20Z,\N,1,assert
acme:software_installation:acme-compute-node-con-0000129~306551340e1b,software_installation,acme,acme:compute_node:con-0000129~ae8aadcc8f0d,acme:product_model:v0017-sof-00138-software~540b87669d1f,/usr/lib/chowdhury138,6.22.6,2026-08-19T07:15:01Z,\N,2026-09-29T03:51:19Z,\N,1,assert
acme:software_installation:acme-compute-node-end-0000373~1ef4bb1e51bd,software_installation,acme,acme:compute_node:end-0000373~208854e53945,acme:product_model:v0023-ser-00113-service~8c1c9a1fd539,C:/Windows/System32/haddad779,3.16.18,2026-09-28T14:31:29Z,\N,2026-09-29T18:21:10Z,\N,1,assert
acme:software_installation:acme-compute-node-end-0000168~94014629203c,software_installation,acme,acme:compute_node:end-0000168~ca3e32c5e9fb,acme:product_model:v0031-sof-00102-software~8048cee75928,C:/Program Files/chowdhury505,4.8.25,2026-09-03T08:42:28Z,\N,2026-10-03T07:57:11Z,\N,1,assert
acme:software_installation:acme-compute-node-end-0000156~d08278e0a587,software_installation,acme,acme:compute_node:end-0000156~b2ebd851620a,acme:product_model:v0038-sof-00122-software~854ed4f8dfd7,C:/Program Files/kovac284,6.4.32,2026-08-30T16:20:29Z,\N,2026-10-04T05:53:05Z,\N,1,assert
acme:software_installation:acme-compute-node-end-0000336~fe2fb0a6d677,software_installation,acme,acme:compute_node:end-0000336~bbcaa42f216d,acme:product_model:v0014-har-00108-hardware~976ee98ea0c8,/var/lib/fontaine378,1.17.18,2026-08-26T00:53:36Z,\N,2026-10-05T13:01:05Z,\N,1,assert
acme:software_installation:acme-compute-node-end-0000224~8079703d5755,software_installation,acme,acme:compute_node:end-0000224~6eb3aa696e72,acme:product_model:v0045-har-00165-hardware~13587a2971e8,C:/Windows/System32/ueda197,2.15.16,2026-08-23T08:53:51Z,\N,2026-10-06T05:16:14Z,\N,1,assert
acme:software_installation:acme-compute-node-end-0000475~71e453fafb39,software_installation,acme,acme:compute_node:end-0000475~b59d87fc76f8,acme:product_model:v0010-har-00058-hardware~12eaeccad99a,C:/Program Files/weiss218,4.17.25,2026-09-21T11:09:17Z,\N,2026-10-06T16:49:22Z,\N,1,assert
acme:software_installation:acme-compute-node-end-0000476~c8b0b6ddd88b,software_installation,acme,acme:compute_node:end-0000476~845e6d7d8b05,acme:product_model:v0005-sof-00030-software~82fa9037060e,C:/Program Files/okonkwo381,6.11.29,2026-09-24T03:25:31Z,\N,2026-10-06T15:19:59Z,\N,1,assert
acme:software_installation:acme-compute-node-end-0000324~1ffb1fb33034,software_installation,acme,acme:compute_node:end-0000324~4979a46cc207,acme:product_model:v0024-sof-00200-software~a33bc615a03c,C:/Program Files (x86)/silvestri607,4.3.22,2026-09-03T19:17:45Z,\N,2026-10-06T07:29:26Z,\N,1,assert
acme:software_installation:acme-compute-node-end-0000324~88e1f225f6ed,software_installation,acme,acme:compute_node:end-0000324~4979a46cc207,acme:product_model:v0034-har-00034-hardware~aff92df47b62,/usr/local/oyelaran487,8.3.13,2026-09-04T11:07:37Z,\N,2026-10-07T12:17:13Z,\N,1,assert
acme:software_installation:acme-compute-node-end-0000346~8fa766e689f0,software_installation,acme,acme:compute_node:end-0000346~2326b7cba6d6,acme:product_model:v0002-har-00075-hardware~6911d7a7958d,/usr/local/wagner574,1.1.36,2026-09-07T15:50:23Z,\N,2026-10-07T04:17:16Z,\N,1,assert
acme:software_installation:acme-compute-node-end-0000027~19751bb384f4,software_installation,acme,acme:compute_node:end-0000027~24f3598eb4e3,acme:product_model:v0044-har-00127-hardware~88d42e914a04,/usr/lib/fontaine482,6.8.24,2026-09-26T21:08:17Z,\N,2026-10-08T13:06:53Z,\N,1,assert
acme:software_installation:acme-compute-node-end-0000567~f67f3522f36d,software_installation,acme,acme:compute_node:end-0000567~1e09f2a6dccf,acme:product_model:v0047-ser-00111-service~8feb8a3849c9,/var/lib/delacroix145,5.17.32,2026-10-01T12:18:26Z,\N,2026-10-14T14:49:24Z,\N,1,assert
acme:software_installation:acme-compute-node-end-0000326~11c1b4f9bec3,software_installation,acme,acme:compute_node:end-0000326~0176cc07a751,acme:product_model:v0020-sof-00016-software~6bf03d717c9a,C:/Windows/System32/fontaine169,6.7.8,2026-09-15T03:06:46Z,\N,2026-10-17T18:34:14Z,\N,1,assert
acme:software_installation:acme-compute-node-end-0000337~8d4184d9efe7,software_installation,acme,acme:compute_node:end-0000337~f8fd995f825a,acme:product_model:v0014-sof-00073-software~2c0d56226e1b,/usr/local/kaminski199,5.6.32,2026-10-16T07:46:19Z,\N,2026-10-17T16:40:20Z,\N,1,assert
acme:software_installation:acme-compute-node-end-0000221~4bc7f0d739e9,software_installation,acme,acme:compute_node:end-0000221~4bacc69ac625,acme:product_model:v0048-ser-00080-service~7d013ea0a2ef,/Applications/abbott717,0.3.10,2026-09-20T14:24:46Z,\N,2026-10-18T16:08:31Z,\N,1,assert
acme:software_installation:acme-compute-node-end-0000062~00088c6710e0,software_installation,acme,acme:compute_node:end-0000062~31da09bcf89a,acme:product_model:v0034-har-00211-hardware~8c9138ba6c05,/opt/castellanos216,2.21.30,2026-09-30T08:36:01Z,\N,2026-10-19T20:53:41Z,\N,1,assert
acme:software_installation:acme-compute-node-end-0000570~257059a6ea6b,software_installation,acme,acme:compute_node:end-0000570~2800a2b7bb0a,acme:product_model:v0035-sof-00109-software~0a54ae896fc5,/var/lib/gundersen502,6.2.17,2026-09-18T20:30:41Z,\N,2026-10-20T10:11:44Z,\N,1,assert
acme:software_installation:acme-compute-node-end-0000367~bcf5a9449582,software_installation,acme,acme:compute_node:end-0000367~9ac06c1c48bb,acme:product_model:v0017-sof-00120-software~2248054f68c9,C:/Program Files (x86)/santos513,1.9.21,2026-09-14T04:41:25Z,\N,2026-10-21T06:40:50Z,\N,1,assert
acme:software_installation:acme-compute-node-end-0000168~9fd096309a80,software_installation,acme,acme:compute_node:end-0000168~ca3e32c5e9fb,acme:product_model:v0045-sof-00155-software~a3280ef344a9,C:/Program Files/kaminski691,3.1.0,2026-09-29T01:48:08Z,\N,2026-10-21T19:14:08Z,\N,1,assert
acme:software_installation:acme-compute-node-end-0000391~49b7764ed1c3,software_installation,acme,acme:compute_node:end-0000391~e7ed2558704e,acme:product_model:v0027-sof-00038-software~50c988234439,/opt/vaughan176,7.0.38,2026-10-14T11:55:54Z,\N,2026-10-22T22:05:20Z,\N,1,assert
acme:software_installation:acme-compute-node-end-0000239~a9a2367a84f7,software_installation,acme,acme:compute_node:end-0000239~1c265a5e814f,acme:product_model:v0000-sof-00114-software~2b55fcfc0c35,C:/Windows/System32/nakamura682,6.4.39,2026-10-21T04:04:21Z,\N,2026-10-22T06:53:07Z,\N,1,assert
acme:software_installation:acme-compute-node-end-0000551~53623bec305c,software_installation,acme,acme:compute_node:end-0000551~211c4b3eea8a,acme:product_model:v0030-har-00167-hardware~4401456f2e33,C:/Program Files/weiss444,5.7.7,2026-10-05T08:40:46Z,\N,2026-10-23T07:55:38Z,\N,1,assert
acme:software_installation:acme-compute-node-end-0000378~75c7a9d8383a,software_installation,acme,acme:compute_node:end-0000378~0fd2f090a1d2,acme:product_model:v0045-har-00165-hardware~13587a2971e8,C:/Program Files (x86)/kaminski9,4.5.14,2026-10-12T04:37:31Z,\N,2026-10-25T23:26:41Z,\N,1,assert
acme:software_installation:acme-compute-node-end-0000457~48c6a745e209,software_installation,acme,acme:compute_node:end-0000457~e8de4b03ca7e,acme:product_model:v0010-har-00128-hardware~eda6b2f1aba4,/Applications/kovac215,5.8.22,2026-10-24T00:34:27Z,\N,2026-10-25T19:08:51Z,\N,1,assert
acme:software_installation:acme-compute-node-end-0000223~f627f4b637e4,software_installation,acme,acme:compute_node:end-0000223~c1729a50522b,acme:product_model:v0007-sof-00173-software~fecd106a6fa7,/opt/nakamura573,0.5.14,2026-10-06T06:38:03Z,\N,2026-10-30T10:58:00Z,\N,1,assert
acme:software_installation:acme-compute-node-vir-0000009~80da5ae24d46,software_installation,acme,acme:compute_node:vir-0000009~0f89c79f70fe,acme:product_model:v0034-ser-00100-service~682ddc66a6b8,/usr/local/weiss696,1.5.28,2026-10-03T10:16:00Z,\N,2026-10-31T00:25:23Z,\N,1,assert
acme:software_installation:acme-compute-node-end-0000277~38639ce352d5,software_installation,acme,acme:compute_node:end-0000277~df4a2ac33c4e,acme:product_model:v0032-har-00106-hardware~bb5187261394,/Applications/kovac673,6.17.26,2026-10-20T05:35:09Z,\N,2026-11-02T04:50:25Z,\N,1,assert
acme:software_installation:acme-compute-node-vir-0000006~df29371ce63e,software_installation,acme,acme:compute_node:vir-0000006~7bf415733371,acme:product_model:v0000-con-00204-consumable~ade3497d0778,/usr/lib/gallagher251,5.3.0,2026-10-05T16:44:47Z,\N,2026-11-05T19:11:05Z,\N,1,assert
acme:software_installation:acme-compute-node-end-0000044~65198be344f4,software_installation,acme,acme:compute_node:end-0000044~86de6ab7155e,acme:product_model:v0007-sof-00173-software~fecd106a6fa7,C:/Windows/System32/kaminski718,7.15.7,2026-10-16T10:19:00Z,\N,2026-11-06T02:04:34Z,\N,1,assert
acme:software_installation:acme-compute-node-end-0000376~cf280ad7afca,software_installation,acme,acme:compute_node:end-0000376~e3ba04ec9b1a,acme:product_model:v0033-con-00161-consumable~ac78fa3cd767,/usr/lib/quintero352,0.9.3,2026-10-11T04:03:14Z,\N,2026-11-08T00:24:52Z,\N,1,assert
acme:software_installation:acme-compute-node-end-0000301~239af4092a68,software_installation,acme,acme:compute_node:end-0000301~c4fa3b8ef56a,acme:product_model:v0047-ser-00111-service~8feb8a3849c9,/var/lib/kaminski520,1.20.6,2026-10-31T03:12:11Z,\N,2026-11-08T08:51:14Z,\N,1,assert
acme:software_installation:acme-compute-node-end-0000386~5916fc7181aa,software_installation,acme,acme:compute_node:end-0000386~5d2cf12ff49d,acme:product_model:v0044-sof-00145-software~25cece5fec63,/var/lib/wagner617,7.6.31,2026-11-09T00:57:20Z,\N,2026-11-13T00:11:48Z,\N,1,assert
acme:software_installation:acme-compute-node-end-0000065~8349f1cfe1cb,software_installation,acme,acme:compute_node:end-0000065~b2a1f0b048eb,acme:product_model:v0011-har-00162-hardware~113a927c954d,/usr/local/jablonski731,7.0.13,2026-10-13T22:47:09Z,\N,2026-11-13T19:48:13Z,\N,1,assert
acme:software_installation:acme-compute-node-end-0000293~89642105813c,software_installation,acme,acme:compute_node:end-0000293~10c4ab8bcd83,acme:product_model:v0031-sof-00085-software~096bd1b3fba1,/var/lib/nakamura333,2.8.24,2026-10-17T16:42:18Z,\N,2026-11-14T13:10:07Z,\N,1,assert
acme:software_installation:acme-compute-node-end-0000144~8d64c7158260,software_installation,acme,acme:compute_node:end-0000144~167367ac3ba0,acme:product_model:v0024-sof-00174-software~63e98a4bbd23,/usr/lib/vaughan500,4.4.39,2026-10-19T16:07:50Z,\N,2026-11-15T23:39:51Z,\N,1,assert
acme:software_installation:acme-compute-node-end-0000432~4789bc6b3c81,software_installation,acme,acme:compute_node:end-0000432~505f352627e1,acme:product_model:v0040-har-00192-hardware~75b074753ce7,C:/Program Files/okonkwo634,3.3.5,2026-10-20T03:18:27Z,\N,2026-11-15T10:11:50Z,\N,1,assert
acme:software_installation:acme-compute-node-end-0000233~60b9a0488d49,software_installation,acme,acme:compute_node:end-0000233~7b2700e7cde5,acme:product_model:v0019-sof-00057-software~c2a710a4c400,C:/Windows/System32/delacroix747,0.17.20,2026-11-10T15:23:39Z,\N,2026-11-15T14:25:54Z,\N,1,assert
acme:software_installation:acme-compute-node-end-0000593~2da1a9bfd43c,software_installation,acme,acme:compute_node:end-0000593~d523fe346c11,acme:product_model:v0048-har-00104-hardware~77d5631870df,/usr/local/nakamura183,7.3.27,2026-10-09T04:41:13Z,\N,2026-11-20T05:49:50Z,\N,1,assert
acme:software_installation:acme-compute-node-end-0000552~a1fe95ee88a4,software_installation,acme,acme:compute_node:end-0000552~3975e23802d1,acme:product_model:v0010-har-00058-hardware~12eaeccad99a,/Applications/abbott220,5.17.33,2026-11-13T08:52:01Z,\N,2026-11-24T19:57:44Z,\N,1,assert
acme:software_installation:acme-compute-node-end-0000416~44859e7f68a7,software_installation,acme,acme:compute_node:end-0000416~9b8b029d729a,acme:product_model:v0044-sof-00126-software~b119dc592415,C:/Program Files (x86)/thorsen120,2.0.25,2026-10-17T17:56:46Z,\N,2026-11-25T15:07:33Z,\N,1,assert
acme:software_installation:acme-compute-node-end-0000190~4809b62f235c,software_installation,acme,acme:compute_node:end-0000190~09d2c28304b8,acme:product_model:v0013-sof-00049-software~415f86679c2d,C:/Windows/System32/wagner268,3.15.1,2026-11-13T12:02:22Z,\N,2026-11-26T08:55:30Z,\N,1,assert
acme:software_installation:acme-compute-node-end-0000015~91c2056fe9d8,software_installation,acme,acme:compute_node:end-0000015~0f209e86d434,acme:product_model:v0044-ser-00156-service~dd8978add055,C:/Program Files/bergstrom401,0.11.36,2026-11-14T23:09:01Z,\N,2026-11-27T20:07:52Z,\N,1,assert
acme:software_installation:acme-compute-node-end-0000272~b7abe66d3f06,software_installation,acme,acme:compute_node:end-0000272~28eb68129681,acme:product_model:v0000-ser-00206-service~84e0d9fede26,/Applications/kaminski172,1.17.0,2026-10-19T16:07:09Z,\N,2026-11-29T17:26:29Z,\N,1,assert
acme:software_installation:acme-compute-node-end-0000461~d749c8b9fab5,software_installation,acme,acme:compute_node:end-0000461~1b9cd6cbc600,acme:product_model:v0028-sof-00105-software~dce17a6613c4,C:/Program Files/weiss433,0.10.20,2026-10-30T12:30:54Z,\N,2026-11-30T15:41:04Z,\N,1,assert
acme:software_installation:acme-compute-node-end-0000453~53c1cbaef16b,software_installation,acme,acme:compute_node:end-0000453~e80c6401a912,acme:product_model:v0001-har-00072-hardware~c6a985da8579,/opt/vaughan271,5.8.17,2026-11-27T08:28:49Z,\N,2026-12-01T18:55:53Z,\N,1,assert
acme:software_installation:acme-compute-node-end-0000228~003f0f6d9418,software_installation,acme,acme:compute_node:end-0000228~851afe7b5039,acme:product_model:v0011-har-00162-hardware~113a927c954d,/opt/gundersen592,0.5.15,2026-11-05T04:20:28Z,\N,2026-12-01T21:09:18Z,\N,1,assert
acme:software_installation:acme-compute-node-end-0000569~f652dd485b84,software_installation,acme,acme:compute_node:end-0000569~4e16024ec5f8,acme:product_model:v0032-sof-00168-software~d88794a9f100,/var/lib/tanaka564,3.20.19,2026-12-03T15:59:22Z,\N,2026-12-03T15:59:22Z,\N,1,assert
acme:software_installation:acme-compute-node-end-0000188~87928d840483,software_installation,acme,acme:compute_node:end-0000188~fe8418d73aa9,acme:product_model:v0028-har-00157-hardware~086fcfabf06e,C:/Windows/System32/thorsen580,7.23.22,2026-10-28T16:43:15Z,\N,2026-12-03T15:14:48Z,\N,1,assert
acme:software_installation:acme-compute-node-end-0000054~05a24aa5f7aa,software_installation,acme,acme:compute_node:end-0000054~0b29ffe1f1a9,acme:product_model:v0044-sof-00178-software~8a6557a3489e,/Applications/lindqvist658,8.3.33,2026-10-23T02:09:18Z,\N,2026-12-03T01:11:38Z,\N,1,assert
acme:software_installation:acme-compute-node-end-0000331~ba3d265e1e47,software_installation,acme,acme:compute_node:end-0000331~438c7a53deca,acme:product_model:v0034-sof-00064-software~826c8b3ae203,/Applications/marchetti790,7.12.3,2026-11-06T16:23:30Z,\N,2026-12-05T20:38:47Z,\N,1,assert
acme:software_installation:acme-compute-node-end-0000335~d297da5b80fe,software_installation,acme,acme:compute_node:end-0000335~2a6ddd57a484,acme:product_model:v0048-sof-00089-software~9edb679f4148,/var/lib/silvestri640,0.11.6,2026-11-22T01:13:12Z,\N,2026-12-07T14:24:39Z,\N,1,assert
acme:software_installation:acme-compute-node-end-0000372~14cc594c51a3,software_installation,acme,acme:compute_node:end-0000372~ce430e3f54c5,acme:product_model:v0024-har-00041-hardware~004674c51e1c,/usr/local/wagner715,1.9.4,2026-12-02T11:13:20Z,\N,2026-12-07T21:36:48Z,\N,1,assert
acme:software_installation:acme-compute-node-end-0000321~751897259864,software_installation,acme,acme:compute_node:end-0000321~06c1d7b1a5d8,acme:product_model:v0048-sof-00141-software~d6f1f9a24641,/usr/lib/castellanos383,6.4.20,2026-11-26T22:27:18Z,\N,2026-12-09T15:58:44Z,\N,1,assert
acme:software_installation:acme-compute-node-end-0000200~ab3bad435215,software_installation,acme,acme:compute_node:end-0000200~5795258f340f,acme:product_model:v0034-sof-00160-software~42d0c95c5fc1,C:/Windows/System32/jablonski523,7.11.10,2026-11-08T21:15:33Z,\N,2026-12-09T06:47:46Z,\N,1,assert
acme:software_installation:acme-compute-node-end-0000379~cca3edeb42ab,software_installation,acme,acme:compute_node:end-0000379~a0bae3a494f1,acme:product_model:v0001-sof-00177-software~4a373e066a18,/var/lib/marchetti258,1.18.31,2026-10-27T04:17:07Z,\N,2026-12-10T20:13:32Z,\N,1,assert
acme:software_installation:acme-compute-node-end-0000033~fd211acbaa87,software_installation,acme,acme:compute_node:end-0000033~cbce324c4329,acme:product_model:v0036-sof-00202-software~6ba62f63b134,C:/Windows/System32/kovac66,8.20.0,2026-11-17T07:45:06Z,\N,2026-12-12T21:53:23Z,\N,1,assert
acme:software_installation:acme-compute-node-end-0000383~6ad3213fdd7b,software_installation,acme,acme:compute_node:end-0000383~7194fed66696,acme:product_model:v0017-sof-00120-software~2248054f68c9,/usr/lib/eberhardt212,0.10.5,2026-11-05T20:03:06Z,\N,2026-12-12T16:23:24Z,\N,1,assert
acme:software_installation:acme-compute-node-end-0000240~c335cf19fd2e,software_installation,acme,acme:compute_node:end-0000240~69845f38edfa,acme:product_model:v0044-sof-00145-software~25cece5fec63,/Applications/baptiste369,2.10.16,2026-11-13T23:07:28Z,\N,2026-12-12T11:16:51Z,\N,1,assert
acme:software_installation:acme-compute-node-end-0000371~cbff5bdb90c9,software_installation,acme,acme:compute_node:end-0000371~88ee53b2948b,acme:product_model:v0023-ser-00113-service~8c1c9a1fd539,C:/Windows/System32/ueda688,5.0.20,2026-11-18T21:25:06Z,\N,2026-12-13T04:37:18Z,\N,1,assert
acme:software_installation:acme-compute-node-end-0000526~fc67de01425f,software_installation,acme,acme:compute_node:end-0000526~64b2a5c8add7,acme:product_model:v0025-sof-00184-software~c2d7212aae29,/Applications/marchetti786,3.13.39,2026-11-02T20:50:11Z,\N,2026-12-13T01:08:09Z,\N,1,assert
acme:software_installation:acme-compute-node-end-0000336~90c61b62ca41,software_installation,acme,acme:compute_node:end-0000336~bbcaa42f216d,acme:product_model:v0011-sof-00039-software~885f515398ec,C:/Program Files (x86)/silvestri371,4.1.19,2026-12-05T09:02:32Z,\N,2026-12-14T08:06:22Z,\N,1,assert
acme:software_installation:acme-compute-node-end-0000014~c4704b35a6e5,software_installation,acme,acme:compute_node:end-0000014~e88676d87759,acme:product_model:v0017-sof-00120-software~2248054f68c9,/usr/local/marchetti29,2.4.6,2026-12-12T08:12:47Z,\N,2026-12-15T14:12:59Z,\N,1,assert
acme:software_installation:acme-compute-node-end-0000491~596737d47b86,software_installation,acme,acme:compute_node:end-0000491~9e649bc6d79d,acme:product_model:v0043-sof-00097-software~fb7dc1142cde,/var/lib/fontaine239,6.11.35,2026-11-08T12:52:34Z,\N,2026-12-16T20:49:15Z,\N,1,assert
acme:software_installation:acme-compute-node-con-0000117~5a1668582680,software_installation,acme,acme:compute_node:con-0000117~67b8df246417,acme:product_model:v0025-sof-00176-software~648715e2703d,/usr/local/abbott15,2.3.4,2026-11-30T11:50:25Z,\N,2026-12-18T22:59:31Z,\N,1,assert
acme:software_installation:acme-compute-node-end-0000275~81f3448dbb8b,software_installation,acme,acme:compute_node:end-0000275~1971fd1b5e71,acme:product_model:v0009-sof-00065-software~76e1c9faeb67,C:/Program Files (x86)/bergstrom516,7.1.4,2026-11-28T18:12:42Z,\N,2026-12-20T06:24:03Z,\N,1,assert
acme:software_installation:acme-compute-node-end-0000466~61ab40a87416,software_installation,acme,acme:compute_node:end-0000466~e8cdefc866e6,acme:product_model:v0028-ser-00012-service~4f4145335f09,/usr/local/zhang740,6.16.10,2026-12-11T00:28:29Z,\N,2026-12-20T20:40:10Z,\N,1,assert
acme:software_installation:acme-compute-node-end-0000495~e23595bbc6c6,software_installation,acme,acme:compute_node:end-0000495~306fb205a611,acme:product_model:v0031-sof-00085-software~096bd1b3fba1,C:/Windows/System32/yilmaz246,4.8.29,2026-12-20T19:06:23Z,\N,2026-12-23T12:11:53Z,\N,1,assert
acme:software_installation:acme-compute-node-end-0000013~1628b750a94d,software_installation,acme,acme:compute_node:end-0000013~27421b66ce83,acme:product_model:v0002-sof-00015-software~43a675731435,/var/lib/schneider126,0.20.25,2026-11-24T00:31:24Z,\N,2026-12-24T16:39:22Z,\N,1,assert
acme:software_installation:acme-compute-node-end-0000047~39c43da1f9bf,software_installation,acme,acme:compute_node:end-0000047~65dfddc10136,acme:product_model:v0038-sof-00122-software~854ed4f8dfd7,/usr/local/santos621,7.20.20,2026-12-19T23:34:40Z,\N,2026-12-25T22:12:49Z,\N,1,assert
acme:software_installation:acme-compute-node-end-0000243~507d2ea67501,software_installation,acme,acme:compute_node:end-0000243~f55a443e20cb,acme:product_model:v0009-sof-00065-software~76e1c9faeb67,/usr/lib/santos453,5.3.26,2026-12-19T09:49:41Z,\N,2026-12-26T00:04:00Z,\N,1,assert
acme:software_installation:acme-compute-node-end-0000070~5799171b9b2d,software_installation,acme,acme:compute_node:end-0000070~0d83f9ac0e42,acme:product_model:v0048-har-00143-hardware~746c10ce3518,/usr/local/silvestri711,5.10.37,2026-12-22T17:06:01Z,\N,2026-12-26T08:18:49Z,\N,1,assert
acme:software_installation:acme-compute-node-clu-0000131~0cfd90fbb975,software_installation,acme,acme:compute_node:clu-0000131~e410bc15cc35,acme:product_model:v0027-ser-00135-service~5728a6b1c180,C:/Program Files (x86)/gundersen194,5.5.30,2026-12-08T12:53:45Z,\N,2026-12-27T10:04:28Z,\N,1,assert
acme:software_installation:acme-compute-node-end-0000176~8998be37a81e,software_installation,acme,acme:compute_node:end-0000176~87d0a39625b7,acme:product_model:v0048-sof-00025-software~f5fab549f71d,/opt/ueda476,7.7.39,2026-12-02T20:35:42Z,\N,2026-12-27T04:50:26Z,\N,1,assert
acme:software_installation:acme-compute-node-end-0000316~663b04b8fa0c,software_installation,acme,acme:compute_node:end-0000316~f66f1592cd16,acme:product_model:v0017-ser-00139-service~3f2bcfae50be,/Applications/castellanos181,3.22.7,2026-11-24T09:07:29Z,\N,2026-12-28T07:03:37Z,\N,1,assert
acme:software_installation:acme-compute-node-end-0000094~4fa14af4a9bf,software_installation,acme,acme:compute_node:end-0000094~e7f9a3176f26,acme:product_model:v0048-har-00103-hardware~ff4f23401a16,/Applications/novak636,5.6.35,2026-11-16T17:50:16Z,\N,2026-12-28T21:07:07Z,\N,1,assert
acme:software_installation:acme-compute-node-end-0000053~10cb76696b5e,software_installation,acme,acme:compute_node:end-0000053~787a0edc2b9e,acme:product_model:v0031-sof-00102-software~8048cee75928,/usr/lib/oyelaran227,5.4.10,2026-12-13T00:21:23Z,\N,2027-01-03T11:38:25Z,\N,1,assert
acme:software_installation:acme-compute-node-end-0000381~cfe8153a1ff8,software_installation,acme,acme:compute_node:end-0000381~464fc1139d76,acme:product_model:v0044-sof-00052-software~6991e915c268,/opt/wagner563,3.0.5,2026-12-08T09:47:25Z,\N,2027-01-04T11:22:03Z,\N,1,assert
acme:software_installation:acme-compute-node-end-0000347~6e21b673b6e5,software_installation,acme,acme:compute_node:end-0000347~ea4f3e0efe3c,acme:product_model:v0034-har-00094-hardware~8b59318136b9,C:/Windows/System32/oyelaran257,5.2.7,2026-12-27T19:33:58Z,\N,2027-01-07T23:04:16Z,\N,1,assert
acme:software_installation:acme-compute-node-end-0000235~3d9a2efa6349,software_installation,acme,acme:compute_node:end-0000235~8635a5086d78,acme:product_model:v0024-sof-00005-software~35a45f8dc5fe,C:/Program Files/delacroix39,1.18.24,2027-01-02T10:26:32Z,\N,2027-01-08T06:45:32Z,\N,1,assert
acme:software_installation:acme-compute-node-end-0000085~85963823b99b,software_installation,acme,acme:compute_node:end-0000085~ffd40d9b8d11,acme:product_model:v0014-har-00197-hardware~9c53a024ba86,C:/Windows/System32/gundersen623,2.8.6,2026-12-22T11:27:13Z,\N,2027-01-08T05:23:55Z,\N,1,assert
acme:software_installation:acme-compute-node-end-0000375~1c791825b995,software_installation,acme,acme:compute_node:end-0000375~fda083cfceb5,acme:product_model:v0017-sof-00046-software~fec9987664cf,C:/Windows/System32/gallagher722,6.13.3,2026-12-14T22:45:21Z,\N,2027-01-08T02:47:49Z,\N,1,assert
acme:software_installation:acme-compute-node-end-0000294~b76e7f5d7f04,software_installation,acme,acme:compute_node:end-0000294~ee705d89d938,acme:product_model:v0048-ser-00080-service~7d013ea0a2ef,/Applications/abbott79,4.4.6,2026-12-14T07:40:47Z,\N,2027-01-09T02:42:25Z,\N,1,assert
acme:software_installation:acme-compute-node-end-0000394~fb7f8192a4e3,software_installation,acme,acme:compute_node:end-0000394~30ff9254d042,acme:product_model:v0025-sof-00190-software~d88f598b0f28,C:/Windows/System32/yilmaz135,7.17.0,2027-01-05T19:35:10Z,\N,2027-01-10T10:00:27Z,\N,1,assert
acme:software_installation:acme-compute-node-end-0000236~27283614d5c4,software_installation,acme,acme:compute_node:end-0000236~768bf513c059,acme:product_model:v0011-sof-00040-software~115bea67ab52,C:/Windows/System32/kovac404,6.19.10,2026-12-05T14:54:57Z,\N,2027-01-13T17:31:33Z,\N,1,assert
acme:software_installation:acme-compute-node-end-0000403~fe3d4b90615e,software_installation,acme,acme:compute_node:end-0000403~f24f83f1a37b,acme:product_model:v0024-har-00041-hardware~004674c51e1c,/var/lib/castellanos511,0.21.21,2026-12-13T12:26:27Z,\N,2027-01-16T15:03:50Z,\N,1,assert
acme:software_installation:acme-compute-node-end-0000339~ff23c0b9a68c,software_installation,acme,acme:compute_node:end-0000339~cb1ad246ddcc,acme:product_model:v0032-har-00154-hardware~53fde5a895b5,/var/lib/jablonski622,0.16.5,2026-12-12T12:12:30Z,\N,2027-01-16T05:39:50Z,\N,1,assert
acme:software_installation:acme-compute-node-end-0000030~7d421e459696,software_installation,acme,acme:compute_node:end-0000030~b67da2f3c0df,acme:product_model:v0048-har-00107-hardware~8d89aea65747,/usr/local/weiss170,2.9.26,2026-12-20T20:00:35Z,\N,2027-01-18T06:33:01Z,\N,1,assert
acme:software_installation:acme-compute-node-end-0000106~5c620254daf3,software_installation,acme,acme:compute_node:end-0000106~aaf623394654,acme:product_model:v0036-sof-00133-software~3768a066acec,/opt/fontaine326,1.3.3,2027-01-03T01:39:22Z,\N,2027-01-19T11:23:57Z,\N,1,assert
acme:software_installation:acme-compute-node-end-0000475~58b2f5b43de1,software_installation,acme,acme:compute_node:end-0000475~b59d87fc76f8,acme:product_model:v0046-sof-00180-software~7a5a24e80eb8,/usr/local/okonkwo104,5.0.6,2027-01-16T16:51:48Z,\N,2027-01-21T20:44:08Z,\N,1,assert
acme:software_installation:acme-compute-node-con-0000113~d8cfcf6baea1,software_installation,acme,acme:compute_node:con-0000113~1bf2a9cc41a1,acme:product_model:v0043-ser-00146-service~d25b8a7606ab,/usr/lib/zhang768,6.22.9,2026-12-14T18:12:35Z,\N,2027-01-22T09:29:19Z,\N,1,assert
acme:software_installation:acme-compute-node-end-0000581~84f3af5bc31e,software_installation,acme,acme:compute_node:end-0000581~e08f5ba4025f,acme:product_model:v0000-har-00117-hardware~95fb0602a2d4,/var/lib/rasmussen770,0.0.9,2027-01-13T17:27:00Z,\N,2027-01-24T13:50:42Z,\N,1,assert
acme:software_installation:acme-compute-node-end-0000537~44a769481ba0,software_installation,acme,acme:compute_node:end-0000537~545ff634fbc9,acme:product_model:v0013-sof-00049-software~415f86679c2d,/var/lib/marchetti796,0.2.16,2027-01-02T15:12:56Z,\N,2027-01-24T18:43:02Z,\N,1,assert
acme:software_installation:acme-compute-node-end-0000377~9ae8230f7689,software_installation,acme,acme:compute_node:end-0000377~730638e8bd98,acme:product_model:v0031-sof-00021-software~7444ab93a277,/var/lib/delacroix294,6.0.21,2027-01-08T22:27:08Z,\N,2027-01-25T13:33:09Z,\N,1,assert
acme:software_installation:acme-compute-node-end-0000406~528222a26a09,software_installation,acme,acme:compute_node:end-0000406~1e43b44170c4,acme:product_model:v0036-har-00063-hardware~271e13aa7493,/Applications/baptiste528,3.22.31,2027-01-21T10:39:58Z,\N,2027-01-27T07:12:18Z,\N,1,assert
acme:software_installation:acme-compute-node-end-0000563~89808c81a045,software_installation,acme,acme:compute_node:end-0000563~3079827e68f5,acme:product_model:v0001-har-00072-hardware~c6a985da8579,/Applications/chowdhury305,1.15.15,2026-12-24T05:36:05Z,\N,2027-01-28T18:05:29Z,\N,1,assert
acme:software_installation:acme-compute-node-end-0000107~76416574a525,software_installation,acme,acme:compute_node:end-0000107~4c21219eac78,acme:product_model:v0044-sof-00126-software~b119dc592415,/usr/lib/bergstrom471,8.6.19,2027-01-11T14:49:50Z,\N,2027-01-28T17:43:14Z,\N,1,assert
acme:software_installation:acme-compute-node-end-0000225~9ac2ff85e7d9,software_installation,acme,acme:compute_node:end-0000225~906d402014a9,acme:product_model:v0044-har-00127-hardware~88d42e914a04,/usr/lib/okonkwo18,8.22.24,2026-12-18T20:18:47Z,\N,2027-01-31T02:43:02Z,\N,1,assert
acme:software_installation:acme-compute-node-end-0000404~042f8c826ab7,software_installation,acme,acme:compute_node:end-0000404~f50fac7faf3f,acme:product_model:v0043-sof-00097-software~fb7dc1142cde,/Applications/okonkwo234,2.6.23,2027-01-22T09:25:53Z,\N,2027-02-03T21:07:08Z,\N,1,assert
acme:software_installation:acme-compute-node-end-0000459~8dc0fadbe061,software_installation,acme,acme:compute_node:end-0000459~8ccb72e93cad,acme:product_model:v0030-sof-00026-software~de32d637b66b,C:/Windows/System32/eberhardt72,2.1.20,2027-01-28T05:59:23Z,\N,2027-02-04T14:44:17Z,\N,1,assert
acme:software_installation:acme-compute-node-end-0000192~741aaa8e86e2,software_installation,acme,acme:compute_node:end-0000192~7b9424567354,acme:product_model:v0013-sof-00053-software~bff0a8417ded,/Applications/tanaka324,5.0.37,2027-01-22T08:21:12Z,\N,2027-02-04T15:37:28Z,\N,1,assert
acme:software_installation:acme-compute-node-end-0000337~e87f2cdd729b,software_installation,acme,acme:compute_node:end-0000337~f8fd995f825a,acme:product_model:v0047-ser-00214-service~5de9fe155c28,/opt/yilmaz320,2.0.0,2027-01-17T02:37:42Z,\N,2027-02-05T22:55:00Z,\N,1,assert
acme:software_installation:acme-compute-node-end-0000230~22728232ad4f,software_installation,acme,acme:compute_node:end-0000230~bd78f841c71f,acme:product_model:v0044-ser-00156-service~dd8978add055,/Applications/ueda468,7.13.7,2027-02-01T19:53:08Z,\N,2027-02-06T02:10:56Z,\N,1,assert
acme:software_installation:acme-compute-node-end-0000183~130e796db203,software_installation,acme,acme:compute_node:end-0000183~017d98973544,acme:product_model:v0044-sof-00126-software~b119dc592415,/opt/lindqvist608,2.10.38,2027-01-22T02:35:19Z,\N,2027-02-07T00:14:59Z,\N,1,assert
acme:software_installation:acme-compute-node-end-0000476~ae7031ffe6f4,software_installation,acme,acme:compute_node:end-0000476~845e6d7d8b05,acme:product_model:v0005-sof-00030-software~82fa9037060e,/opt/silvestri231,5.23.37,2027-01-03T02:46:22Z,\N,2027-02-09T18:40:50Z,\N,1,assert
acme:software_installation:acme-compute-node-end-0000382~43001f7e5ee5,software_installation,acme,acme:compute_node:end-0000382~a96391685561,acme:product_model:v0023-ser-00113-service~8c1c9a1fd539,C:/Windows/System32/kovac434,7.12.1,2027-02-05T05:31:43Z,\N,2027-02-09T16:09:07Z,\N,1,assert
acme:software_installation:acme-compute-node-end-0000077~4b9dca7c2761,software_installation,acme,acme:compute_node:end-0000077~d02462fd0a15,acme:product_model:v0032-sof-00216-software~ed9530e2f071,/usr/lib/lindqvist440,8.13.16,2027-02-01T23:20:01Z,\N,2027-02-11T06:29:37Z,\N,1,assert
acme:software_installation:acme-compute-node-end-0000378~2552c31306a3,software_installation,acme,acme:compute_node:end-0000378~0fd2f090a1d2,acme:product_model:v0025-ser-00001-service~2eed8e875790,/usr/local/okonkwo762,2.6.28,2027-01-09T14:32:54Z,\N,2027-02-12T16:30:27Z,\N,1,assert
acme:software_installation:acme-compute-node-con-0000119~ef79d17e501c,software_installation,acme,acme:compute_node:con-0000119~ae60850757da,acme:product_model:v0038-sof-00217-software~352209132d74,C:/Program Files/tanaka788,5.9.26,2027-01-22T16:03:21Z,\N,2027-02-13T16:00:26Z,\N,1,assert
acme:software_installation:acme-compute-node-con-0000119~83f28de10547,software_installation,acme,acme:compute_node:con-0000119~ae60850757da,acme:product_model:v0024-sof-00174-software~63e98a4bbd23,/usr/local/okonkwo315,6.17.14,2027-02-16T02:25:35Z,\N,2027-02-16T02:25:35Z,\N,1,assert
acme:software_installation:acme-compute-node-end-0000366~475076e34291,software_installation,acme,acme:compute_node:end-0000366~9d36f3c3395a,acme:product_model:v0026-sof-00008-software~d41a4f228b29,/var/lib/rasmussen279,8.13.8,2027-02-02T16:01:26Z,\N,2027-02-17T00:55:29Z,\N,1,assert
acme:software_installation:acme-compute-node-end-0000513~634a49aa9c8a,software_installation,acme,acme:compute_node:end-0000513~bfffbaee22dc,acme:product_model:v0036-sof-00133-software~3768a066acec,C:/Program Files (x86)/okonkwo35,3.20.9,2027-01-07T04:20:50Z,\N,2027-02-18T04:29:45Z,\N,1,assert
acme:software_installation:acme-compute-node-end-0000017~56f3ac1e4740,software_installation,acme,acme:compute_node:end-0000017~ffc929d74496,acme:product_model:v0014-sof-00073-software~2c0d56226e1b,/usr/local/jablonski335,3.5.0,2027-01-29T01:39:16Z,\N,2027-02-19T08:26:50Z,\N,1,assert
acme:software_installation:acme-compute-node-end-0000440~ed71879fc5eb,software_installation,acme,acme:compute_node:end-0000440~91b5e7ec4bb8,acme:product_model:v0025-sof-00176-software~648715e2703d,/Applications/jablonski539,0.17.28,2027-01-15T17:20:35Z,\N,2027-02-20T06:59:07Z,\N,1,assert
acme:software_installation:acme-compute-node-end-0000339~84619c886edb,software_installation,acme,acme:compute_node:end-0000339~cb1ad246ddcc,acme:product_model:v0047-har-00093-hardware~c263755c6ca9,/usr/local/chowdhury307,0.20.12,2027-01-15T03:25:14Z,\N,2027-02-22T07:20:25Z,\N,1,assert
acme:software_installation:acme-compute-node-end-0000558~b77a5c75bf9d,software_installation,acme,acme:compute_node:end-0000558~cdaf4ea6d190,acme:product_model:v0033-ser-00043-service~c4167e411d46,/Applications/thorsen739,3.8.11,2027-01-18T07:08:18Z,\N,2027-02-23T00:22:13Z,\N,1,assert
acme:software_installation:acme-compute-node-end-0000490~af628b4d171b,software_installation,acme,acme:compute_node:end-0000490~ace45ddd4943,acme:product_model:v0013-sof-00049-software~415f86679c2d,/var/lib/jablonski52,4.6.26,2027-01-14T12:50:54Z,\N,2027-02-24T09:04:00Z,\N,1,assert
acme:software_installation:acme-compute-node-end-0000194~83d853cdedee,software_installation,acme,acme:compute_node:end-0000194~ff74dda9a0a0,acme:product_model:v0047-ser-00214-service~5de9fe155c28,C:/Program Files/haddad562,2.23.28,2027-01-20T05:01:40Z,\N,2027-02-27T18:30:58Z,\N,1,assert
acme:software_installation:acme-compute-node-end-0000563~9129dfd3cdbf,software_installation,acme,acme:compute_node:end-0000563~3079827e68f5,acme:product_model:v0011-sof-00116-software~86ba659891c7,C:/Program Files (x86)/gundersen356,7.16.32,2027-01-20T08:38:26Z,\N,2027-02-28T22:10:39Z,\N,1,assert
acme:software_installation:acme-compute-node-end-0000308~5923912b74b8,software_installation,acme,acme:compute_node:end-0000308~f1d0c090a05f,acme:product_model:v0017-sof-00120-software~2248054f68c9,/var/lib/gallagher745,8.22.22,2027-01-17T10:14:25Z,\N,2027-03-01T10:14:54Z,\N,1,assert
acme:software_installation:acme-compute-node-end-0000067~db7c7c8bc094,software_installation,acme,acme:compute_node:end-0000067~d97b704724f9,acme:product_model:v0048-ser-00182-service~f7d331cbeb83,/usr/local/thorsen74,2.6.39,2027-01-21T04:19:21Z,\N,2027-03-02T05:52:18Z,\N,1,assert
acme:software_installation:acme-compute-node-end-0000334~2d3a190e7129,software_installation,acme,acme:compute_node:end-0000334~4360eceebeff,acme:product_model:v0047-har-00093-hardware~c263755c6ca9,/usr/lib/jablonski198,1.16.15,2027-02-01T18:04:41Z,\N,2027-03-03T12:36:25Z,\N,1,assert
acme:software_installation:acme-compute-node-end-0000145~1a9dec5913ab,software_installation,acme,acme:compute_node:end-0000145~17529d32e258,acme:product_model:v0000-sof-00074-software~7f88c3648756,/var/lib/yilmaz171,7.17.14,2027-02-28T06:18:49Z,\N,2027-03-07T11:05:03Z,\N,1,assert
acme:software_installation:acme-compute-node-end-0000074~00ad0f3674dd,software_installation,acme,acme:compute_node:end-0000074~3db403830bf7,acme:product_model:v0045-sof-00155-software~a3280ef344a9,/var/lib/kaminski598,8.15.16,2027-03-02T21:38:13Z,\N,2027-03-08T16:10:14Z,\N,1,assert
acme:software_installation:acme-compute-node-end-0000085~ef7c50f0c0a9,software_installation,acme,acme:compute_node:end-0000085~ffd40d9b8d11,acme:product_model:v0040-sof-00077-software~86f20911772a,C:/Windows/System32/nakamura629,8.21.11,2027-01-26T05:50:54Z,\N,2027-03-11T12:03:26Z,\N,1,assert
acme:software_installation:acme-compute-node-end-0000410~37b96bf310d6,software_installation,acme,acme:compute_node:end-0000410~a48b6b7317cf,acme:product_model:v0048-sof-00025-software~f5fab549f71d,/usr/lib/wagner660,4.14.16,2027-02-25T14:08:23Z,\N,2027-03-13T05:26:09Z,\N,1,assert
acme:software_installation:acme-compute-node-end-0000459~5ec64e5218ac,software_installation,acme,acme:compute_node:end-0000459~8ccb72e93cad,acme:product_model:v0044-sof-00069-software~30e92774cd6f,C:/Windows/System32/thorsen512,3.9.16,2027-02-08T01:45:01Z,\N,2027-03-15T04:10:17Z,\N,1,assert
acme:software_installation:acme-compute-node-end-0000255~b192c2d5b96d,software_installation,acme,acme:compute_node:end-0000255~52e6b0a1e9e9,acme:product_model:v0030-har-00167-hardware~4401456f2e33,C:/Windows/System32/weiss761,4.3.25,2027-03-07T03:12:01Z,\N,2027-03-16T16:20:16Z,\N,1,assert
acme:software_installation:acme-compute-node-end-0000294~8e34a0c0fa01,software_installation,acme,acme:compute_node:end-0000294~ee705d89d938,acme:product_model:v0000-sof-00071-software~7773a5ff10d1,C:/Program Files/silvestri462,1.12.26,2027-02-14T02:07:38Z,\N,2027-03-20T12:38:59Z,\N,1,assert
acme:software_installation:acme-compute-node-end-0000306~1adf9721f8a6,software_installation,acme,acme:compute_node:end-0000306~eeb4cd984c88,acme:product_model:v0032-sof-00168-software~d88794a9f100,/var/lib/chowdhury675,3.10.0,2027-02-16T21:03:27Z,\N,2027-03-23T23:39:38Z,\N,1,assert
acme:software_installation:acme-compute-node-end-0000526~ffbef0cf9074,software_installation,acme,acme:compute_node:end-0000526~64b2a5c8add7,acme:product_model:v0037-sof-00044-software~4c9be175524b,C:/Program Files/zhang87,4.8.37,2027-03-08T02:47:49Z,\N,2027-03-25T17:27:14Z,\N,1,assert
acme:software_installation:acme-compute-node-end-0000381~bd0282089f0b,software_installation,acme,acme:compute_node:end-0000381~464fc1139d76,acme:product_model:v0048-har-00104-hardware~77d5631870df,/usr/lib/oyelaran144,2.13.1,2027-03-06T08:25:41Z,\N,2027-03-27T09:56:28Z,\N,1,assert
acme:software_installation:acme-compute-node-end-0000258~0e876c4fe24f,software_installation,acme,acme:compute_node:end-0000258~ad73ea90c3bb,acme:product_model:v0030-sof-00026-software~de32d637b66b,/usr/local/pereira57,6.11.38,2027-02-17T20:31:51Z,\N,2027-03-28T14:13:40Z,\N,1,assert
acme:software_installation:acme-compute-node-end-0000489~ef6d2ca6fa27,software_installation,acme,acme:compute_node:end-0000489~8c7a57747639,acme:product_model:v0004-sof-00078-software~4c214702c427,/opt/eberhardt213,4.15.30,2027-03-10T03:42:21Z,\N,2027-03-28T18:31:00Z,\N,1,assert
acme:software_installation:acme-compute-node-end-0000058~04961a638d57,software_installation,acme,acme:compute_node:end-0000058~1371b226a788,acme:product_model:v0040-har-00192-hardware~75b074753ce7,/usr/lib/jablonski521,7.17.32,2027-03-11T06:17:30Z,\N,2027-03-28T12:16:11Z,\N,1,assert
acme:software_installation:acme-compute-node-end-0000565~9202dcd8bffe,software_installation,acme,acme:compute_node:end-0000565~02a5685154cf,acme:product_model:v0024-har-00123-hardware~78591293f57d,/Applications/pereira760,0.18.0,2027-02-22T08:10:13Z,\N,2027-03-28T21:31:19Z,\N,1,assert
acme:software_installation:acme-compute-node-end-0000018~30811e8bd4e6,software_installation,acme,acme:compute_node:end-0000018~946204b9871c,acme:product_model:v0002-sof-00015-software~43a675731435,C:/Program Files/marchetti687,7.18.13,2027-03-08T20:36:21Z,\N,2027-03-29T10:11:42Z,\N,1,assert
acme:software_installation:acme-compute-node-end-0000175~457f49b5e5f8,software_installation,acme,acme:compute_node:end-0000175~7470df16d8a6,acme:product_model:v0018-har-00203-hardware~525e89fff3c5,/Applications/yilmaz439,1.11.39,2027-03-09T00:30:28Z,\N,2027-04-04T01:23:01Z,\N,1,assert
acme:software_installation:acme-compute-node-end-0000564~d4b6557f9f3a,software_installation,acme,acme:compute_node:end-0000564~d7faa19ec5ed,acme:product_model:v0041-ser-00017-service~47f7953a321d,C:/Windows/System32/marchetti676,0.21.16,2027-02-21T08:58:44Z,\N,2027-04-04T16:52:19Z,\N,1,assert
acme:software_installation:acme-compute-node-end-0000510~ec9c1519469d,software_installation,acme,acme:compute_node:end-0000510~94ab9d775724,acme:product_model:v0017-ser-00139-service~3f2bcfae50be,/Applications/thorsen587,5.15.29,2027-02-28T21:05:45Z,\N,2027-04-05T05:25:24Z,\N,1,assert
acme:software_installation:acme-compute-node-end-0000270~9ae21a553b41,software_installation,acme,acme:compute_node:end-0000270~9be454970cc3,acme:product_model:v0024-har-00212-hardware~372b1d2a6785,/usr/lib/okonkwo306,4.2.1,2027-03-11T03:00:25Z,\N,2027-04-08T06:20:37Z,\N,1,assert
acme:software_installation:acme-compute-node-end-0000292~2faeb962de84,software_installation,acme,acme:compute_node:end-0000292~83ccd8c55c28,acme:product_model:v0013-sof-00053-software~bff0a8417ded,C:/Program Files (x86)/baptiste466,8.21.28,2027-03-06T21:34:23Z,\N,2027-04-08T21:54:18Z,\N,1,assert
acme:software_installation:acme-compute-node-end-0000369~bc960ab98489,software_installation,acme,acme:compute_node:end-0000369~dd76b9902479,acme:product_model:v0036-sof-00133-software~3768a066acec,C:/Program Files/gallagher63,3.10.38,2027-02-28T05:47:11Z,\N,2027-04-10T22:38:31Z,\N,1,assert
acme:software_installation:acme-compute-node-end-0000467~746ea8a93efa,software_installation,acme,acme:compute_node:end-0000467~e0273da0b664,acme:product_model:v0024-ser-00193-service~25697d65b0be,C:/Program Files (x86)/thorsen674,0.3.39,2027-03-11T04:03:17Z,\N,2027-04-10T16:37:16Z,\N,1,assert
acme:software_installation:acme-compute-node-end-0000390~4d88bbe4d2af,software_installation,acme,acme:compute_node:end-0000390~3cd7c489f3b8,acme:product_model:v0000-ser-00206-service~84e0d9fede26,/usr/lib/rasmussen30,1.15.27,2027-03-11T09:46:39Z,\N,2027-04-12T02:54:03Z,\N,1,assert
acme:software_installation:acme-compute-node-end-0000187~c25dad31ed9c,software_installation,acme,acme:compute_node:end-0000187~d9cfde93df75,acme:product_model:v0025-sof-00181-software~c261916744f3,C:/Program Files (x86)/castellanos91,3.14.19,2027-03-07T03:24:01Z,\N,2027-04-17T14:26:52Z,\N,1,assert
