entity_id,entity_type,organization_id,security_group_id,group_name,description,is_default,valid_from,valid_to,system_from,system_to,revision,operation
acme:aws.aws_security_group:sg-00000000~f8d17d019edd,aws.aws_security_group,acme,sg-00000000,tier-0,Security group 0,true,2026-09-15T03:45:06Z,\N,2026-09-15T03:45:06Z,\N,1,assert
acme:aws.aws_security_group:sg-00000001~9e8713cb2335,aws.aws_security_group,acme,sg-00000001,tier-1,Security group 1,false,2026-09-15T07:56:08Z,\N,2026-09-15T07:56:08Z,\N,1,assert
acme:aws.aws_security_group:sg-00000002~ee39e2739b96,aws.aws_security_group,acme,sg-00000002,tier-2,Security group 2,false,2026-09-15T07:26:31Z,\N,2026-09-15T07:26:31Z,\N,1,assert
acme:aws.aws_security_group:sg-00000003~ce812458a704,aws.aws_security_group,acme,sg-00000003,tier-3,Security group 3,false,2026-09-15T08:38:07Z,\N,2026-09-15T08:38:07Z,\N,1,assert
acme:aws.aws_security_group:sg-00000004~80acf9506523,aws.aws_security_group,acme,sg-00000004,tier-4,Security group 4,false,2026-09-15T04:17:52Z,\N,2026-09-15T04:17:52Z,\N,1,assert
acme:aws.aws_security_group:sg-00000005~0ec4af5f7d33,aws.aws_security_group,acme,sg-00000005,tier-0,Security group 5,true,2026-09-15T18:30:55Z,\N,2026-09-15T18:30:55Z,\N,1,assert
acme:aws.aws_security_group:sg-00000024~6287359c7fa8,aws.aws_security_group,acme,sg-00000024,tier-4,Security group 24,false,2026-09-15T08:58:38Z,\N,2026-09-15T08:58:38Z,\N,1,assert
acme:aws.aws_security_group:sg-00000047~3fd9471566e3,aws.aws_security_group,acme,sg-00000047,tier-2,Security group 47,false,2026-09-15T07:06:18Z,\N,2026-09-15T07:06:18Z,\N,1,assert
acme:aws.aws_security_group:sg-00000207~8c8aea78c313,aws.aws_security_group,acme,sg-00000207,tier-2,Security group 207,false,2026-09-15T13:30:58Z,\N,2026-09-15T13:30:58Z,\N,1,assert
acme:aws.aws_security_group:sg-00000426~1b935d06db63,aws.aws_security_group,acme,sg-00000426,tier-1,Security group 426,false,2026-09-15T10:45:49Z,\N,2026-09-15T10:45:49Z,\N,1,assert
acme:aws.aws_security_group:sg-00000457~165d4390cfd2,aws.aws_security_group,acme,sg-00000457,tier-2,Security group 457,false,2026-09-15T14:40:55Z,\N,2026-09-15T14:40:55Z,\N,1,assert
acme:aws.aws_security_group:sg-00000460~b350585efa77,aws.aws_security_group,acme,sg-00000460,tier-0,Security group 460,true,2026-09-15T15:04:33Z,\N,2026-09-15T15:04:33Z,\N,1,assert
acme:aws.aws_security_group:sg-00000501~b37dbbdd2c12,aws.aws_security_group,acme,sg-00000501,tier-1,Security group 501,false,2026-09-15T10:35:34Z,\N,2026-09-15T10:35:34Z,\N,1,assert
acme:aws.aws_security_group:sg-00000508~7eae18b5d20a,aws.aws_security_group,acme,sg-00000508,tier-3,Security group 508,false,2026-09-15T20:05:35Z,\N,2026-09-15T20:05:35Z,\N,1,assert
acme:aws.aws_security_group:sg-00000569~928c47265463,aws.aws_security_group,acme,sg-00000569,tier-4,Security group 569,false,2026-09-15T15:28:40Z,\N,2026-09-15T15:28:40Z,\N,1,assert
acme:aws.aws_security_group:sg-00000591~fa951d64b0ef,aws.aws_security_group,acme,sg-00000591,tier-1,Security group 591,false,2026-09-15T10:41:59Z,\N,2026-09-15T10:41:59Z,\N,1,assert
acme:aws.aws_security_group:sg-00000594~ba2642e36942,aws.aws_security_group,acme,sg-00000594,tier-4,Security group 594,false,2026-09-15T16:09:51Z,\N,2026-09-15T16:09:51Z,\N,1,assert
acme:aws.aws_security_group:sg-00000603~8bd3650be514,aws.aws_security_group,acme,sg-00000603,tier-3,Security group 603,false,2026-09-15T11:59:15Z,\N,2026-09-15T11:59:15Z,\N,1,assert
acme:aws.aws_security_group:sg-00000012~1a2a2caf51c0,aws.aws_security_group,acme,sg-00000012,tier-2,Security group 12,false,2026-09-15T05:53:40Z,\N,2026-09-16T06:35:51Z,\N,1,assert
acme:aws.aws_security_group:sg-00000043~8a4b04b8f367,aws.aws_security_group,acme,sg-00000043,tier-3,Security group 43,false,2026-09-15T01:17:00Z,\N,2026-09-16T05:35:02Z,\N,1,assert
acme:aws.aws_security_group:sg-00000063~5b7410972b76,aws.aws_security_group,acme,sg-00000063,tier-3,Security group 63,false,2026-09-15T18:19:21Z,\N,2026-09-16T17:22:32Z,\N,1,assert
acme:aws.aws_security_group:sg-00000107~d7499a28f45f,aws.aws_security_group,acme,sg-00000107,tier-2,Security group 107,false,2026-09-15T06:30:43Z,\N,2026-09-16T00:24:55Z,\N,1,assert
acme:aws.aws_security_group:sg-00000130~646b354648f0,aws.aws_security_group,acme,sg-00000130,tier-0,Security group 130,true,2026-09-15T11:27:04Z,\N,2026-09-16T23:45:27Z,\N,1,assert
acme:aws.aws_security_group:sg-00000209~73ef5f0f621c,aws.aws_security_group,acme,sg-00000209,tier-4,Security group 209,false,2026-09-15T03:13:34Z,\N,2026-09-16T21:29:55Z,\N,1,assert
acme:aws.aws_security_group:sg-00000264~bc039a82d9b4,aws.aws_security_group,acme,sg-00000264,tier-4,Security group 264,false,2026-09-15T06:23:12Z,\N,2026-09-16T05:46:26Z,\N,1,assert
acme:aws.aws_security_group:sg-00000271~7fc396c2a298,aws.aws_security_group,acme,sg-00000271,tier-1,Security group 271,false,2026-09-15T13:51:26Z,\N,2026-09-16T00:00:12Z,\N,1,assert
acme:aws.aws_security_group:sg-00000357~351cdb390977,aws.aws_security_group,acme,sg-00000357,tier-2,Security group 357,false,2026-09-15T11:48:13Z,\N,2026-09-16T22:28:00Z,\N,1,assert
acme:aws.aws_security_group:sg-00000407~2e121132835b,aws.aws_security_group,acme,sg-00000407,tier-2,Security group 407,false,2026-09-15T00:16:44Z,\N,2026-09-16T23:48:58Z,\N,1,assert
acme:aws.aws_security_group:sg-00000412~6998c4deed77,aws.aws_security_group,acme,sg-00000412,tier-2,Security group 412,false,2026-09-15T08:51:15Z,\N,2026-09-16T08:25:11Z,\N,1,assert
acme:aws.aws_security_group:sg-00000415~f4ca41ba9ef7,aws.aws_security_group,acme,sg-00000415,tier-0,Security group 415,true,2026-09-15T10:34:37Z,\N,2026-09-16T12:55:59Z,\N,1,assert
acme:aws.aws_security_group:sg-00000443~b6d2ef79b7b5,aws.aws_security_group,acme,sg-00000443,tier-3,Security group 443,false,2026-09-15T13:19:22Z,\N,2026-09-16T20:58:09Z,\N,1,assert
acme:aws.aws_security_group:sg-00000007~0aed8d96b820,aws.aws_security_group,acme,sg-00000007,tier-2,Security group 7,false,2026-09-15T17:35:31Z,\N,2026-09-17T23:12:28Z,\N,1,assert
acme:aws.aws_security_group:sg-00000118~71bcc0a3149d,aws.aws_security_group,acme,sg-00000118,tier-3,Security group 118,false,2026-09-15T05:45:14Z,\N,2026-09-17T12:16:59Z,\N,1,assert
acme:aws.aws_security_group:sg-00000139~92beef05bd05,aws.aws_security_group,acme,sg-00000139,tier-4,Security group 139,false,2026-09-15T11:35:31Z,\N,2026-09-17T01:03:20Z,\N,1,assert
acme:aws.aws_security_group:sg-00000295~1b56d66faca4,aws.aws_security_group,acme,sg-00000295,tier-0,Security group 295,true,2026-09-15T06:51:41Z,\N,2026-09-17T22:47:16Z,\N,1,assert
acme:aws.aws_security_group:sg-00000378~09138416857d,aws.aws_security_group,acme,sg-00000378,tier-3,Security group 378,false,2026-09-15T18:41:51Z,\N,2026-09-17T23:28:48Z,\N,1,assert
acme:aws.aws_security_group:sg-00000480~372886c0d833,aws.aws_security_group,acme,sg-00000480,tier-0,Security group 480,true,2026-09-15T18:00:42Z,\N,2026-09-17T12:52:20Z,\N,1,assert
acme:aws.aws_security_group:sg-00000485~138d22b06a23,aws.aws_security_group,acme,sg-00000485,tier-0,Security group 485,true,2026-09-15T20:43:07Z,\N,2026-09-17T20:45:05Z,\N,1,assert
acme:aws.aws_security_group:sg-00000584~b4b4f9de8e8a,aws.aws_security_group,acme,sg-00000584,tier-4,Security group 584,false,2026-09-15T22:49:15Z,\N,2026-09-17T08:07:29Z,\N,1,assert
acme:aws.aws_security_group:sg-00000606~e5b13f4f54b3,aws.aws_security_group,acme,sg-00000606,tier-1,Security group 606,false,2026-09-15T06:53:30Z,\N,2026-09-17T06:51:42Z,\N,1,assert
acme:aws.aws_security_group:sg-00000629~79ecf398ae69,aws.aws_security_group,acme,sg-00000629,tier-4,Security group 629,false,2026-09-15T05:13:18Z,\N,2026-09-17T16:23:36Z,\N,1,assert
acme:aws.aws_security_group:sg-00000252~47c64b284061,aws.aws_security_group,acme,sg-00000252,tier-2,Security group 252,false,2026-09-15T23:14:42Z,\N,2026-09-18T21:56:21Z,\N,1,assert
acme:aws.aws_security_group:sg-00000304~659c5a598c24,aws.aws_security_group,acme,sg-00000304,tier-4,Security group 304,false,2026-09-15T21:59:25Z,\N,2026-09-18T02:33:28Z,\N,1,assert
acme:aws.aws_security_group:sg-00000325~0da45954d9db,aws.aws_security_group,acme,sg-00000325,tier-0,Security group 325,true,2026-09-15T09:49:09Z,\N,2026-09-18T19:39:05Z,\N,1,assert
acme:aws.aws_security_group:sg-00000334~67825fe8c9b6,aws.aws_security_group,acme,sg-00000334,tier-4,Security group 334,false,2026-09-15T08:20:42Z,\N,2026-09-18T10:58:17Z,\N,1,assert
acme:aws.aws_security_group:sg-00000432~95be8585c96f,aws.aws_security_group,acme,sg-00000432,tier-2,Security group 432,false,2026-09-15T21:21:56Z,\N,2026-09-18T07:59:31Z,\N,1,assert
acme:aws.aws_security_group:sg-00000434~5bc3b4f99371,aws.aws_security_group,acme,sg-00000434,tier-4,Security group 434,false,2026-09-15T08:19:00Z,\N,2026-09-18T02:37:24Z,\N,1,assert
acme:aws.aws_security_group:sg-00000455~540de17af7ed,aws.aws_security_group,acme,sg-00000455,tier-0,Security group 455,true,2026-09-15T14:16:24Z,\N,2026-09-18T01:59:25Z,\N,1,assert
acme:aws.aws_security_group:sg-00000487~0c6531f5462b,aws.aws_security_group,acme,sg-00000487,tier-2,Security group 487,false,2026-09-15T03:01:17Z,\N,2026-09-18T14:18:15Z,\N,1,assert
acme:aws.aws_security_group:sg-00000517~b80f569479b1,aws.aws_security_group,acme,sg-00000517,tier-2,Security group 517,false,2026-09-15T09:19:16Z,\N,2026-09-18T23:53:50Z,\N,1,assert
acme:aws.aws_security_group:sg-00000044~be39eb7049f7,aws.aws_security_group,acme,sg-00000044,tier-4,Security group 44,false,2026-09-15T09:00:57Z,\N,2026-09-19T19:42:25Z,\N,1,assert
acme:aws.aws_security_group:sg-00000050~8eaba05ff5ad,aws.aws_security_group,acme,sg-00000050,tier-0,Security group 50,true,2026-09-15T23:10:59Z,\N,2026-09-19T21:09:11Z,\N,1,assert
acme:aws.aws_security_group:sg-00000140~95a97468563b,aws.aws_security_group,acme,sg-00000140,tier-0,Security group 140,true,2026-09-15T16:56:55Z,\N,2026-09-19T00:18:04Z,\N,1,assert
acme:aws.aws_security_group:sg-00000512~68be0bbcc101,aws.aws_security_group,acme,sg-00000512,tier-2,Security group 512,false,2026-09-15T20:41:55Z,\N,2026-09-19T01:11:11Z,\N,1,assert
acme:aws.aws_security_group:sg-00000587~12bbaa27207c,aws.aws_security_group,acme,sg-00000587,tier-2,Security group 587,false,2026-09-15T03:39:52Z,\N,2026-09-19T21:10:01Z,\N,1,assert
acme:aws.aws_security_group:sg-00000029~41bcb596d8a0,aws.aws_security_group,acme,sg-00000029,tier-4,Security group 29,false,2026-09-15T09:52:14Z,\N,2026-09-20T17:10:49Z,\N,1,assert
acme:aws.aws_security_group:sg-00000172~3219fdad2782,aws.aws_security_group,acme,sg-00000172,tier-2,Security group 172,false,2026-09-15T22:48:03Z,\N,2026-09-20T19:05:48Z,\N,1,assert
acme:aws.aws_security_group:sg-00000178~54de5eacdec5,aws.aws_security_group,acme,sg-00000178,tier-3,Security group 178,false,2026-09-15T04:19:39Z,\N,2026-09-20T10:08:45Z,\N,1,assert
acme:aws.aws_security_group:sg-00000188~2c8f295aa448,aws.aws_security_group,acme,sg-00000188,tier-3,Security group 188,false,2026-09-15T15:50:31Z,\N,2026-09-20T14:28:16Z,\N,1,assert
acme:aws.aws_security_group:sg-00000240~5829e9b59271,aws.aws_security_group,acme,sg-00000240,tier-0,Security group 240,true,2026-09-15T22:24:05Z,\N,2026-09-20T07:50:05Z,\N,1,assert
acme:aws.aws_security_group:sg-00000308~ff08314a699e,aws.aws_security_group,acme,sg-00000308,tier-3,Security group 308,false,2026-09-15T18:58:24Z,\N,2026-09-20T03:05:58Z,\N,1,assert
acme:aws.aws_security_group:sg-00000505~c44825cda974,aws.aws_security_group,acme,sg-00000505,tier-0,Security group 505,true,2026-09-15T22:09:06Z,\N,2026-09-20T13:28:03Z,\N,1,assert
acme:aws.aws_security_group:sg-00000519~8d26db2f37ed,aws.aws_security_group,acme,sg-00000519,tier-4,Security group 519,false,2026-09-15T14:14:00Z,\N,2026-09-20T07:35:01Z,\N,1,assert
acme:aws.aws_security_group:sg-00000524~63356933be61,aws.aws_security_group,acme,sg-00000524,tier-4,Security group 524,false,2026-09-15T01:16:33Z,\N,2026-09-20T22:16:54Z,\N,1,assert
acme:aws.aws_security_group:sg-00000549~f556af15cb3e,aws.aws_security_group,acme,sg-00000549,tier-4,Security group 549,false,2026-09-15T01:50:53Z,\N,2026-09-20T21:50:29Z,\N,1,assert
acme:aws.aws_security_group:sg-00000601~cbac4aebe4d9,aws.aws_security_group,acme,sg-00000601,tier-1,Security group 601,false,2026-09-15T15:54:20Z,\N,2026-09-20T16:01:32Z,\N,1,assert
acme:aws.aws_security_group:sg-00000077~76983e7ea130,aws.aws_security_group,acme,sg-00000077,tier-2,Security group 77,false,2026-09-15T11:16:21Z,\N,2026-09-21T12:30:42Z,\N,1,assert
acme:aws.aws_security_group:sg-00000091~306abaf19f90,aws.aws_security_group,acme,sg-00000091,tier-1,Security group 91,false,2026-09-15T03:24:21Z,\N,2026-09-21T08:58:46Z,\N,1,assert
acme:aws.aws_security_group:sg-00000154~75e36d215eea,aws.aws_security_group,acme,sg-00000154,tier-4,Security group 154,false,2026-09-15T09:57:01Z,\N,2026-09-21T17:41:39Z,\N,1,assert
acme:aws.aws_security_group:sg-00000176~e34c904437b8,aws.aws_security_group,acme,sg-00000176,tier-1,Security group 176,false,2026-09-15T23:52:00Z,\N,2026-09-21T05:10:24Z,\N,1,assert
acme:aws.aws_security_group:sg-00000201~f7ddbe2ccdc9,aws.aws_security_group,acme,sg-00000201,tier-1,Security group 201,false,2026-09-15T15:35:30Z,\N,2026-09-21T05:18:02Z,\N,1,assert
acme:aws.aws_security_group:sg-00000222~365ce3bb523e,aws.aws_security_group,acme,sg-00000222,tier-2,Security group 222,false,2026-09-15T12:30:36Z,\N,2026-09-21T03:24:25Z,\N,1,assert
acme:aws.aws_security_group:sg-00000328~c8fa213cd703,aws.aws_security_group,acme,sg-00000328,tier-3,Security group 328,false,2026-09-15T15:04:54Z,\N,2026-09-21T15:22:51Z,\N,1,assert
acme:aws.aws_security_group:sg-00000339~f6a3f07a4b7d,aws.aws_security_group,acme,sg-00000339,tier-4,Security group 339,false,2026-09-15T11:50:14Z,\N,2026-09-21T00:03:27Z,\N,1,assert
acme:aws.aws_security_group:sg-00000364~e2cb9b1729d3,aws.aws_security_group,acme,sg-00000364,tier-4,Security group 364,false,2026-09-15T01:53:38Z,\N,2026-09-21T14:05:31Z,\N,1,assert
acme:aws.aws_security_group:sg-00000436~d1f6bb579397,aws.aws_security_group,acme,sg-00000436,tier-1,Security group 436,false,2026-09-15T07:06:28Z,\N,2026-09-21T21:56:45Z,\N,1,assert
acme:aws.aws_security_group:sg-00000490~7b4dd3905f75,aws.aws_security_group,acme,sg-00000490,tier-0,Security group 490,true,2026-09-15T00:02:23Z,\N,2026-09-21T11:56:36Z,\N,1,assert
acme:aws.aws_security_group:sg-00000520~13c5ee1a58fa,aws.aws_security_group,acme,sg-00000520,tier-0,Security group 520,true,2026-09-15T08:41:01Z,\N,2026-09-21T18:18:48Z,\N,1,assert
acme:aws.aws_security_group:sg-00000573~2aab2c1e6aa1,aws.aws_security_group,acme,sg-00000573,tier-3,Security group 573,false,2026-09-15T02:27:19Z,\N,2026-09-21T04:50:27Z,\N,1,assert
acme:aws.aws_security_group:sg-00000585~52660d19df16,aws.aws_security_group,acme,sg-00000585,tier-0,Security group 585,true,2026-09-15T16:59:23Z,\N,2026-09-21T20:18:22Z,\N,1,assert
acme:aws.aws_security_group:sg-00000596~a963ba7152e5,aws.aws_security_group,acme,sg-00000596,tier-1,Security group 596,false,2026-09-15T13:16:41Z,\N,2026-09-21T09:51:13Z,\N,1,assert
acme:aws.aws_security_group:sg-00000632~34714b9f444c,aws.aws_security_group,acme,sg-00000632,tier-2,Security group 632,false,2026-09-15T15:29:43Z,\N,2026-09-21T23:22:32Z,\N,1,assert
acme:aws.aws_security_group:sg-00000017~556ffd3aa177,aws.aws_security_group,acme,sg-00000017,tier-2,Security group 17,false,2026-09-15T02:08:55Z,\N,2026-09-22T06:51:15Z,\N,1,assert
acme:aws.aws_security_group:sg-00000036~ba12263e0ba3,aws.aws_security_group,acme,sg-00000036,tier-1,Security group 36,false,2026-09-15T15:05:26Z,\N,2026-09-22T07:15:35Z,\N,1,assert
acme:aws.aws_security_group:sg-00000039~93632fe473e1,aws.aws_security_group,acme,sg-00000039,tier-4,Security group 39,false,2026-09-15T17:06:50Z,\N,2026-09-22T02:45:57Z,\N,1,assert
acme:aws.aws_security_group:sg-00000278~ffa394f5a331,aws.aws_security_group,acme,sg-00000278,tier-3,Security group 278,false,2026-09-15T00:54:16Z,\N,2026-09-22T13:57:37Z,\N,1,assert
acme:aws.aws_security_group:sg-00000373~9a5fe5e672ee,aws.aws_security_group,acme,sg-00000373,tier-3,Security group 373,false,2026-09-15T04:08:16Z,\N,2026-09-22T18:03:37Z,\N,1,assert
acme:aws.aws_security_group:sg-00000401~41f0d964e98a,aws.aws_security_group,acme,sg-00000401,tier-1,Security group 401,false,2026-09-15T03:58:57Z,\N,2026-09-22T15:19:07Z,\N,1,assert
acme:aws.aws_security_group:sg-00000486~4cd027ba47a7,aws.aws_security_group,acme,sg-00000486,tier-1,Security group 486,false,2026-09-15T00:24:23Z,\N,2026-09-22T11:03:33Z,\N,1,assert
acme:aws.aws_security_group:sg-00000541~3d11f2f50ea3,aws.aws_security_group,acme,sg-00000541,tier-1,Security group 541,false,2026-09-15T06:22:47Z,\N,2026-09-22T01:36:39Z,\N,1,assert
acme:aws.aws_security_group:sg-00000544~e6b5697c5227,aws.aws_security_group,acme,sg-00000544,tier-4,Security group 544,false,2026-09-15T12:48:48Z,\N,2026-09-22T03:30:25Z,\N,1,assert
acme:aws.aws_security_group:sg-00000032~5f5cbbe5df97,aws.aws_security_group,acme,sg-00000032,tier-2,Security group 32,false,2026-09-15T23:58:34Z,\N,2026-09-23T10:14:39Z,\N,1,assert
acme:aws.aws_security_group:sg-00000058~56c388e0918b,aws.aws_security_group,acme,sg-00000058,tier-3,Security group 58,false,2026-09-15T02:56:55Z,\N,2026-09-23T22:01:48Z,\N,1,assert
acme:aws.aws_security_group:sg-00000080~6d2f467625d0,aws.aws_security_group,acme,sg-00000080,tier-0,Security group 80,true,2026-09-15T17:53:50Z,\N,2026-09-23T05:20:29Z,\N,1,assert
acme:aws.aws_security_group:sg-00000119~9837116bf066,aws.aws_security_group,acme,sg-00000119,tier-4,Security group 119,false,2026-09-15T05:34:42Z,\N,2026-09-23T01:14:01Z,\N,1,assert
acme:aws.aws_security_group:sg-00000212~cc81f559ca96,aws.aws_security_group,acme,sg-00000212,tier-2,Security group 212,false,2026-09-15T11:44:11Z,\N,2026-09-23T22:37:23Z,\N,1,assert
acme:aws.aws_security_group:sg-00000347~8100314f96c1,aws.aws_security_group,acme,sg-00000347,tier-2,Security group 347,false,2026-09-15T21:02:09Z,\N,2026-09-23T14:25:26Z,\N,1,assert
acme:aws.aws_security_group:sg-00000376~84295d131761,aws.aws_security_group,acme,sg-00000376,tier-1,Security group 376,false,2026-09-15T03:34:15Z,\N,2026-09-23T22:10:18Z,\N,1,assert
acme:aws.aws_security_group:sg-00000447~5f4eb221aa3f,aws.aws_security_group,acme,sg-00000447,tier-2,Security group 447,false,2026-09-15T11:51:46Z,\N,2026-09-23T22:20:15Z,\N,1,assert
acme:aws.aws_security_group:sg-00000478~ae833fea7394,aws.aws_security_group,acme,sg-00000478,tier-3,Security group 478,false,2026-09-15T05:23:09Z,\N,2026-09-23T01:51:36Z,\N,1,assert
acme:aws.aws_security_group:sg-00000534~5118ce563614,aws.aws_security_group,acme,sg-00000534,tier-4,Security group 534,false,2026-09-15T10:01:20Z,\N,2026-09-23T17:56:26Z,\N,1,assert
acme:aws.aws_security_group:sg-00000564~876a0a0977d1,aws.aws_security_group,acme,sg-00000564,tier-4,Security group 564,false,2026-09-15T13:58:20Z,\N,2026-09-23T21:12:32Z,\N,1,assert
acme:aws.aws_security_group:sg-00000634~df22628eff50,aws.aws_security_group,acme,sg-00000634,tier-4,Security group 634,false,2026-09-15T20:02:20Z,\N,2026-09-23T22:59:13Z,\N,1,assert
acme:aws.aws_security_group:sg-00000015~3514fc4b8847,aws.aws_security_group,acme,sg-00000015,tier-0,Security group 15,true,2026-09-15T06:40:19Z,\N,2026-09-24T04:25:53Z,\N,1,assert
acme:aws.aws_security_group:sg-00000123~a3587fa3b3bb,aws.aws_security_group,acme,sg-00000123,tier-3,Security group 123,false,2026-09-15T15:38:06Z,\N,2026-09-24T16:02:45Z,\N,1,assert
acme:aws.aws_security_group:sg-00000163~8f5f92db4c63,aws.aws_security_group,acme,sg-00000163,tier-3,Security group 163,false,2026-09-15T00:59:02Z,\N,2026-09-24T13:20:56Z,\N,1,assert
acme:aws.aws_security_group:sg-00000173~2d418005b75d,aws.aws_security_group,acme,sg-00000173,tier-3,Security group 173,false,2026-09-15T19:36:34Z,\N,2026-09-24T05:50:49Z,\N,1,assert
acme:aws.aws_security_group:sg-00000174~363681b18181,aws.aws_security_group,acme,sg-00000174,tier-4,Security group 174,false,2026-09-15T20:29:29Z,\N,2026-09-24T23:17:01Z,\N,1,assert
acme:aws.aws_security_group:sg-00000217~679b194ff586,aws.aws_security_group,acme,sg-00000217,tier-2,Security group 217,false,2026-09-15T14:28:45Z,\N,2026-09-24T13:14:06Z,\N,1,assert
acme:aws.aws_security_group:sg-00000249~9fbfc3df019b,aws.aws_security_group,acme,sg-00000249,tier-4,Security group 249,false,2026-09-15T19:20:25Z,\N,2026-09-24T06:11:43Z,\N,1,assert
acme:aws.aws_security_group:sg-00000335~1c5cc6bf03bb,aws.aws_security_group,acme,sg-00000335,tier-0,Security group 335,true,2026-09-15T08:32:34Z,\N,2026-09-24T03:46:28Z,\N,1,assert
acme:aws.aws_security_group:sg-00000348~1705cfbf6134,aws.aws_security_group,acme,sg-00000348,tier-3,Security group 348,false,2026-09-15T04:31:03Z,\N,2026-09-24T01:18:44Z,\N,1,assert
acme:aws.aws_security_group:sg-00000398~03892bd8cff7,aws.aws_security_group,acme,sg-00000398,tier-3,Security group 398,false,2026-09-15T16:55:52Z,\N,2026-09-24T17:08:07Z,\N,1,assert
acme:aws.aws_security_group:sg-00000474~69247cbc0603,aws.aws_security_group,acme,sg-00000474,tier-4,Security group 474,false,2026-09-15T12:56:46Z,\N,2026-09-24T15:11:24Z,\N,1,assert
acme:aws.aws_security_group:sg-00000516~dcc6c4ac1dfc,aws.aws_security_group,acme,sg-00000516,tier-1,Security group 516,false,2026-09-15T06:01:53Z,\N,2026-09-24T16:03:30Z,\N,1,assert
acme:aws.aws_security_group:sg-00000071~cedd29f2ed90,aws.aws_security_group,acme,sg-00000071,tier-1,Security group 71,false,2026-09-15T09:19:50Z,\N,2026-09-25T13:55:47Z,\N,1,assert
acme:aws.aws_security_group:sg-00000099~7c7f2273c8d6,aws.aws_security_group,acme,sg-00000099,tier-4,Security group 99,false,2026-09-15T10:47:11Z,\N,2026-09-25T14:10:45Z,\N,1,assert
acme:aws.aws_security_group:sg-00000150~dc700db2423b,aws.aws_security_group,acme,sg-00000150,tier-0,Security group 150,true,2026-09-15T02:58:33Z,\N,2026-09-25T11:30:46Z,\N,1,assert
acme:aws.aws_security_group:sg-00000151~4636a2704bc0,aws.aws_security_group,acme,sg-00000151,tier-1,Security group 151,false,2026-09-15T03:07:02Z,\N,2026-09-25T01:37:07Z,\N,1,assert
acme:aws.aws_security_group:sg-00000161~1a549f84e919,aws.aws_security_group,acme,sg-00000161,tier-1,Security group 161,false,2026-09-15T06:29:27Z,\N,2026-09-25T11:46:50Z,\N,1,assert
acme:aws.aws_security_group:sg-00000200~c0edf251bcae,aws.aws_security_group,acme,sg-00000200,tier-0,Security group 200,true,2026-09-15T16:07:58Z,\N,2026-09-25T21:36:08Z,\N,1,assert
acme:aws.aws_security_group:sg-00000316~2906cfca5e8d,aws.aws_security_group,acme,sg-00000316,tier-1,Security group 316,false,2026-09-15T11:23:09Z,\N,2026-09-25T08:43:04Z,\N,1,assert
acme:aws.aws_security_group:sg-00000365~ecd8e8ccd51f,aws.aws_security_group,acme,sg-00000365,tier-0,Security group 365,true,2026-09-15T12:54:24Z,\N,2026-09-25T21:03:40Z,\N,1,assert
acme:aws.aws_security_group:sg-00000384~43a22c5c5a16,aws.aws_security_group,acme,sg-00000384,tier-4,Security group 384,false,2026-09-15T10:14:31Z,\N,2026-09-25T18:41:39Z,\N,1,assert
acme:aws.aws_security_group:sg-00000440~6879d0b5bdcc,aws.aws_security_group,acme,sg-00000440,tier-0,Security group 440,true,2026-09-15T17:43:30Z,\N,2026-09-25T00:14:31Z,\N,1,assert
acme:aws.aws_security_group:sg-00000552~62f94cd21889,aws.aws_security_group,acme,sg-00000552,tier-2,Security group 552,false,2026-09-15T17:35:01Z,\N,2026-09-25T10:26:31Z,\N,1,assert
acme:aws.aws_security_group:sg-00000553~6bea47c33732,aws.aws_security_group,acme,sg-00000553,tier-3,Security group 553,false,2026-09-15T14:15:48Z,\N,2026-09-25T07:22:42Z,\N,1,assert
acme:aws.aws_security_group:sg-00000635~aae66f59ae5b,aws.aws_security_group,acme,sg-00000635,tier-0,Security group 635,true,2026-09-15T14:43:57Z,\N,2026-09-25T14:11:12Z,\N,1,assert
acme:aws.aws_security_group:sg-00000638~ff9d0c186605,aws.aws_security_group,acme,sg-00000638,tier-3,Security group 638,false,2026-09-15T12:22:05Z,\N,2026-09-25T06:43:30Z,\N,1,assert
acme:aws.aws_security_group:sg-00000083~f01acd30c175,aws.aws_security_group,acme,sg-00000083,tier-3,Security group 83,false,2026-09-15T04:57:37Z,\N,2026-09-26T02:51:12Z,\N,1,assert
acme:aws.aws_security_group:sg-00000157~ee72604b008a,aws.aws_security_group,acme,sg-00000157,tier-2,Security group 157,false,2026-09-15T13:52:45Z,\N,2026-09-26T10:34:16Z,\N,1,assert
acme:aws.aws_security_group:sg-00000203~d7abd76af2ab,aws.aws_security_group,acme,sg-00000203,tier-3,Security group 203,false,2026-09-15T13:04:57Z,\N,2026-09-26T22:40:39Z,\N,1,assert
acme:aws.aws_security_group:sg-00000266~e7316b733c6f,aws.aws_security_group,acme,sg-00000266,tier-1,Security group 266,false,2026-09-15T03:04:41Z,\N,2026-09-26T02:55:29Z,\N,1,assert
acme:aws.aws_security_group:sg-00000288~c6f17e0a5df5,aws.aws_security_group,acme,sg-00000288,tier-3,Security group 288,false,2026-09-15T15:13:12Z,\N,2026-09-26T20:40:42Z,\N,1,assert
acme:aws.aws_security_group:sg-00000344~f71f53291d89,aws.aws_security_group,acme,sg-00000344,tier-4,Security group 344,false,2026-09-15T21:56:46Z,\N,2026-09-26T05:09:12Z,\N,1,assert
acme:aws.aws_security_group:sg-00000358~85f79006d4e8,aws.aws_security_group,acme,sg-00000358,tier-3,Security group 358,false,2026-09-15T14:29:51Z,\N,2026-09-26T22:48:32Z,\N,1,assert
acme:aws.aws_security_group:sg-00000377~c980eff49651,aws.aws_security_group,acme,sg-00000377,tier-2,Security group 377,false,2026-09-15T22:43:23Z,\N,2026-09-26T22:40:59Z,\N,1,assert
acme:aws.aws_security_group:sg-00000391~6959471ce682,aws.aws_security_group,acme,sg-00000391,tier-1,Security group 391,false,2026-09-15T19:26:52Z,\N,2026-09-26T04:08:14Z,\N,1,assert
acme:aws.aws_security_group:sg-00000429~2060e325378a,aws.aws_security_group,acme,sg-00000429,tier-4,Security group 429,false,2026-09-15T07:00:45Z,\N,2026-09-26T03:50:14Z,\N,1,assert
acme:aws.aws_security_group:sg-00000556~4684862a9220,aws.aws_security_group,acme,sg-00000556,tier-1,Security group 556,false,2026-09-15T21:27:26Z,\N,2026-09-26T08:40:09Z,\N,1,assert
acme:aws.aws_security_group:sg-00000628~b80f1dca0f7d,aws.aws_security_group,acme,sg-00000628,tier-3,Security group 628,false,2026-09-15T14:57:41Z,\N,2026-09-26T01:19:55Z,\N,1,assert
acme:aws.aws_security_group:sg-00000054~0ce06d876fa5,aws.aws_security_group,acme,sg-00000054,tier-4,Security group 54,false,2026-09-15T11:45:09Z,\N,2026-09-27T09:56:54Z,\N,1,assert
acme:aws.aws_security_group:sg-00000134~77a5d32ee700,aws.aws_security_group,acme,sg-00000134,tier-4,Security group 134,false,2026-09-15T00:13:35Z,\N,2026-09-27T14:24:39Z,\N,1,assert
acme:aws.aws_security_group:sg-00000175~d3961d17e051,aws.aws_security_group,acme,sg-00000175,tier-0,Security group 175,true,2026-09-15T17:23:12Z,\N,2026-09-27T00:12:34Z,\N,1,assert
acme:aws.aws_security_group:sg-00000181~3ab0837c40d2,aws.aws_security_group,acme,sg-00000181,tier-1,Security group 181,false,2026-09-15T05:32:34Z,\N,2026-09-27T00:51:02Z,\N,1,assert
acme:aws.aws_security_group:sg-00000204~4cc0344a7fa2,aws.aws_security_group,acme,sg-00000204,tier-4,Security group 204,false,2026-09-15T21:44:22Z,\N,2026-09-27T02:00:35Z,\N,1,assert
acme:aws.aws_security_group:sg-00000214~e90fcab917a5,aws.aws_security_group,acme,sg-00000214,tier-4,Security group 214,false,2026-09-15T12:22:06Z,\N,2026-09-27T11:13:34Z,\N,1,assert
acme:aws.aws_security_group:sg-00000380~9bc4ab30ebf5,aws.aws_security_group,acme,sg-00000380,tier-0,Security group 380,true,2026-09-15T16:50:53Z,\N,2026-09-27T04:42:15Z,\N,1,assert
acme:aws.aws_security_group:sg-00000416~61ec2269c978,aws.aws_security_group,acme,sg-00000416,tier-1,Security group 416,false,2026-09-15T17:45:00Z,\N,2026-09-27T17:42:50Z,\N,1,assert
acme:aws.aws_security_group:sg-00000421~a625a0fcf449,aws.aws_security_group,acme,sg-00000421,tier-1,Security group 421,false,2026-09-15T14:51:08Z,\N,2026-09-27T06:13:49Z,\N,1,assert
acme:aws.aws_security_group:sg-00000451~b875b4708aaf,aws.aws_security_group,acme,sg-00000451,tier-1,Security group 451,false,2026-09-15T21:21:24Z,\N,2026-09-27T03:01:03Z,\N,1,assert
acme:aws.aws_security_group:sg-00000539~d11f47fb0acf,aws.aws_security_group,acme,sg-00000539,tier-4,Security group 539,false,2026-09-15T09:38:16Z,\N,2026-09-27T19:04:07Z,\N,1,assert
acme:aws.aws_security_group:sg-00000545~cf42660cc6ca,aws.aws_security_group,acme,sg-00000545,tier-0,Security group 545,true,2026-09-15T15:58:55Z,\N,2026-09-27T18:09:49Z,\N,1,assert
acme:aws.aws_security_group:sg-00000618~21696f72af8e,aws.aws_security_group,acme,sg-00000618,tier-3,Security group 618,false,2026-09-15T14:21:36Z,\N,2026-09-27T22:17:09Z,\N,1,assert
acme:aws.aws_security_group:sg-00000008~ff73ab3105c6,aws.aws_security_group,acme,sg-00000008,tier-3,Security group 8,false,2026-09-15T11:19:56Z,\N,2026-09-28T10:53:01Z,\N,1,assert
acme:aws.aws_security_group:sg-00000033~9baec35265a1,aws.aws_security_group,acme,sg-00000033,tier-3,Security group 33,false,2026-09-15T08:23:14Z,\N,2026-09-28T06:14:34Z,\N,1,assert
acme:aws.aws_security_group:sg-00000089~df90ba0cefbf,aws.aws_security_group,acme,sg-00000089,tier-4,Security group 89,false,2026-09-15T18:43:32Z,\N,2026-09-28T21:05:22Z,\N,1,assert
acme:aws.aws_security_group:sg-00000090~1e9a665e88a3,aws.aws_security_group,acme,sg-00000090,tier-0,Security group 90,true,2026-09-15T01:58:40Z,\N,2026-09-28T10:20:58Z,\N,1,assert
acme:aws.aws_security_group:sg-00000131~750d734e83eb,aws.aws_security_group,acme,sg-00000131,tier-1,Security group 131,false,2026-09-15T17:22:40Z,\N,2026-09-28T12:58:08Z,\N,1,assert
acme:aws.aws_security_group:sg-00000148~625e79a7466b,aws.aws_security_group,acme,sg-00000148,tier-3,Security group 148,false,2026-09-15T22:00:37Z,\N,2026-09-28T03:30:52Z,\N,1,assert
acme:aws.aws_security_group:sg-00000156~7a7c1794b6fa,aws.aws_security_group,acme,sg-00000156,tier-1,Security group 156,false,2026-09-15T19:27:53Z,\N,2026-09-28T20:27:53Z,\N,1,assert
acme:aws.aws_security_group:sg-00000164~eb25c7ed5f9e,aws.aws_security_group,acme,sg-00000164,tier-4,Security group 164,false,2026-09-15T00:11:39Z,\N,2026-09-28T14:10:36Z,\N,1,assert
acme:aws.aws_security_group:sg-00000199~a714939d01f0,aws.aws_security_group,acme,sg-00000199,tier-4,Security group 199,false,2026-09-15T11:53:13Z,\N,2026-09-28T05:04:12Z,\N,1,assert
acme:aws.aws_security_group:sg-00000462~d4a53d899431,aws.aws_security_group,acme,sg-00000462,tier-2,Security group 462,false,2026-09-15T02:17:42Z,\N,2026-09-28T00:22:51Z,\N,1,assert
acme:aws.aws_security_group:sg-00000598~527922cc338e,aws.aws_security_group,acme,sg-00000598,tier-3,Security group 598,false,2026-09-15T00:23:55Z,\N,2026-09-28T22:11:24Z,\N,1,assert
acme:aws.aws_security_group:sg-00000620~bbb039a12ecf,aws.aws_security_group,acme,sg-00000620,tier-0,Security group 620,true,2026-09-15T08:44:31Z,\N,2026-09-28T07:44:22Z,\N,1,assert
acme:aws.aws_security_group:sg-00000112~19548f9f0031,aws.aws_security_group,acme,sg-00000112,tier-2,Security group 112,false,2026-09-15T06:30:07Z,\N,2026-09-29T04:43:35Z,\N,1,assert
acme:aws.aws_security_group:sg-00000126~284ba4f9fb54,aws.aws_security_group,acme,sg-00000126,tier-1,Security group 126,false,2026-09-15T22:50:23Z,\N,2026-09-29T00:09:54Z,\N,1,assert
acme:aws.aws_security_group:sg-00000143~06284dd4f195,aws.aws_security_group,acme,sg-00000143,tier-3,Security group 143,false,2026-09-15T19:18:34Z,\N,2026-09-29T00:17:32Z,\N,1,assert
acme:aws.aws_security_group:sg-00000272~0e77300faf17,aws.aws_security_group,acme,sg-00000272,tier-2,Security group 272,false,2026-09-15T17:24:08Z,\N,2026-09-29T17:08:55Z,\N,1,assert
acme:aws.aws_security_group:sg-00000283~d9a2cc8337ea,aws.aws_security_group,acme,sg-00000283,tier-3,Security group 283,false,2026-09-15T18:31:29Z,\N,2026-09-29T13:22:12Z,\N,1,assert
acme:aws.aws_security_group:sg-00000336~82728b81f61d,aws.aws_security_group,acme,sg-00000336,tier-1,Security group 336,false,2026-09-15T08:45:55Z,\N,2026-09-29T23:13:47Z,\N,1,assert
acme:aws.aws_security_group:sg-00000363~b18b0d7c332a,aws.aws_security_group,acme,sg-00000363,tier-3,Security group 363,false,2026-09-15T05:42:15Z,\N,2026-09-29T11:49:45Z,\N,1,assert
acme:aws.aws_security_group:sg-00000386~ccc40bed0aea,aws.aws_security_group,acme,sg-00000386,tier-1,Security group 386,false,2026-09-15T00:02:28Z,\N,2026-09-29T09:19:46Z,\N,1,assert
acme:aws.aws_security_group:sg-00000422~de1e3f7a2fb6,aws.aws_security_group,acme,sg-00000422,tier-2,Security group 422,false,2026-09-15T02:49:28Z,\N,2026-09-29T13:28:02Z,\N,1,assert
acme:aws.aws_security_group:sg-00000529~37ec688a2619,aws.aws_security_group,acme,sg-00000529,tier-4,Security group 529,false,2026-09-15T04:10:31Z,\N,2026-09-29T13:22:07Z,\N,1,assert
acme:aws.aws_security_group:sg-00000589~6eda6a2191fe,aws.aws_security_group,acme,sg-00000589,tier-4,Security group 589,false,2026-09-15T01:24:40Z,\N,2026-09-29T02:23:02Z,\N,1,assert
acme:aws.aws_security_group:sg-00000046~820abc920803,aws.aws_security_group,acme,sg-00000046,tier-1,Security group 46,false,2026-09-15T07:22:46Z,\N,2026-09-30T13:25:04Z,\N,1,assert
acme:aws.aws_security_group:sg-00000108~e312a14ce762,aws.aws_security_group,acme,sg-00000108,tier-3,Security group 108,false,2026-09-15T01:56:39Z,\N,2026-09-30T07:17:46Z,\N,1,assert
acme:aws.aws_security_group:sg-00000184~b973f0c4821a,aws.aws_security_group,acme,sg-00000184,tier-4,Security group 184,false,2026-09-15T22:44:24Z,\N,2026-09-30T11:17:56Z,\N,1,assert
acme:aws.aws_security_group:sg-00000193~375aca2c7706,aws.aws_security_group,acme,sg-00000193,tier-3,Security group 193,false,2026-09-15T16:03:32Z,\N,2026-09-30T00:05:30Z,\N,1,assert
acme:aws.aws_security_group:sg-00000280~e21a6a1fc6f8,aws.aws_security_group,acme,sg-00000280,tier-0,Security group 280,true,2026-09-15T09:49:47Z,\N,2026-09-30T09:07:30Z,\N,1,assert
acme:aws.aws_security_group:sg-00000343~94ceb6493429,aws.aws_security_group,acme,sg-00000343,tier-3,Security group 343,false,2026-09-15T00:29:39Z,\N,2026-09-30T17:45:14Z,\N,1,assert
acme:aws.aws_security_group:sg-00000368~d9e04cd988a3,aws.aws_security_group,acme,sg-00000368,tier-3,Security group 368,false,2026-09-15T13:47:40Z,\N,2026-09-30T12:26:47Z,\N,1,assert
acme:aws.aws_security_group:sg-00000383~ee8b2807b367,aws.aws_security_group,acme,sg-00000383,tier-3,Security group 383,false,2026-09-15T19:36:33Z,\N,2026-09-30T00:01:47Z,\N,1,assert
acme:aws.aws_security_group:sg-00000400~e6ad932b328e,aws.aws_security_group,acme,sg-00000400,tier-0,Security group 400,true,2026-09-15T20:57:33Z,\N,2026-09-30T20:41:37Z,\N,1,assert
acme:aws.aws_security_group:sg-00000403~1d33a8784b56,aws.aws_security_group,acme,sg-00000403,tier-3,Security group 403,false,2026-09-15T16:08:57Z,\N,2026-09-30T05:08:25Z,\N,1,assert
acme:aws.aws_security_group:sg-00000431~fe5c5e0b797b,aws.aws_security_group,acme,sg-00000431,tier-1,Security group 431,false,2026-09-15T13:41:10Z,\N,2026-09-30T21:22:38Z,\N,1,assert
acme:aws.aws_security_group:sg-00000489~486d456dba1b,aws.aws_security_group,acme,sg-00000489,tier-4,Security group 489,false,2026-09-15T21:58:29Z,\N,2026-09-30T11:56:51Z,\N,1,assert
acme:aws.aws_security_group:sg-00000567~b08da76d3b27,aws.aws_security_group,acme,sg-00000567,tier-2,Security group 567,false,2026-09-15T02:31:41Z,\N,2026-09-30T05:23:18Z,\N,1,assert
acme:aws.aws_security_group:sg-00000630~91df86274080,aws.aws_security_group,acme,sg-00000630,tier-0,Security group 630,true,2026-09-15T03:42:13Z,\N,2026-09-30T22:36:43Z,\N,1,assert
acme:aws.aws_security_group:sg-00000031~e9e21af1ee91,aws.aws_security_group,acme,sg-00000031,tier-1,Security group 31,false,2026-09-15T08:01:50Z,\N,2026-10-01T00:16:01Z,\N,1,assert
acme:aws.aws_security_group:sg-00000093~80f58905b8fb,aws.aws_security_group,acme,sg-00000093,tier-3,Security group 93,false,2026-09-15T18:10:31Z,\N,2026-10-01T13:04:17Z,\N,1,assert
acme:aws.aws_security_group:sg-00000159~60e8dee6a5b7,aws.aws_security_group,acme,sg-00000159,tier-4,Security group 159,false,2026-09-15T20:36:08Z,\N,2026-10-01T02:53:41Z,\N,1,assert
acme:aws.aws_security_group:sg-00000261~168503335c46,aws.aws_security_group,acme,sg-00000261,tier-1,Security group 261,false,2026-09-15T17:09:02Z,\N,2026-10-01T04:32:07Z,\N,1,assert
acme:aws.aws_security_group:sg-00000332~07fbefd709df,aws.aws_security_group,acme,sg-00000332,tier-2,Security group 332,false,2026-09-15T10:00:40Z,\N,2026-10-01T11:59:57Z,\N,1,assert
acme:aws.aws_security_group:sg-00000420~cf9ecb3c17a4,aws.aws_security_group,acme,sg-00000420,tier-0,Security group 420,true,2026-09-15T15:40:39Z,\N,2026-10-01T05:54:45Z,\N,1,assert
acme:aws.aws_security_group:sg-00000454~1b07fd11bfe3,aws.aws_security_group,acme,sg-00000454,tier-4,Security group 454,false,2026-09-15T03:47:39Z,\N,2026-10-01T22:23:51Z,\N,1,assert
acme:aws.aws_security_group:sg-00000481~0a6b534ff82b,aws.aws_security_group,acme,sg-00000481,tier-1,Security group 481,false,2026-09-15T05:59:35Z,\N,2026-10-01T05:16:59Z,\N,1,assert
acme:aws.aws_security_group:sg-00000577~73b0b0910534,aws.aws_security_group,acme,sg-00000577,tier-2,Security group 577,false,2026-09-15T21:41:35Z,\N,2026-10-01T09:06:53Z,\N,1,assert
acme:aws.aws_security_group:sg-00000617~ae740f4d000d,aws.aws_security_group,acme,sg-00000617,tier-2,Security group 617,false,2026-09-15T19:48:15Z,\N,2026-10-01T01:20:39Z,\N,1,assert
acme:aws.aws_security_group:sg-00000625~7611700a67d1,aws.aws_security_group,acme,sg-00000625,tier-0,Security group 625,true,2026-09-15T06:44:22Z,\N,2026-10-01T12:24:08Z,\N,1,assert
acme:aws.aws_security_group:sg-00000030~0184ccdbeb80,aws.aws_security_group,acme,sg-00000030,tier-0,Security group 30,true,2026-09-15T12:11:26Z,\N,2026-10-02T20:14:05Z,\N,1,assert
acme:aws.aws_security_group:sg-00000045~9c2e2e4d01b3,aws.aws_security_group,acme,sg-00000045,tier-0,Security group 45,true,2026-09-15T15:54:23Z,\N,2026-10-02T22:30:36Z,\N,1,assert
acme:aws.aws_security_group:sg-00000048~a91f4a8be41c,aws.aws_security_group,acme,sg-00000048,tier-3,Security group 48,false,2026-09-15T12:30:05Z,\N,2026-10-02T08:50:17Z,\N,1,assert
acme:aws.aws_security_group:sg-00000052~619503fea31f,aws.aws_security_group,acme,sg-00000052,tier-2,Security group 52,false,2026-09-15T23:44:05Z,\N,2026-10-02T16:51:34Z,\N,1,assert
acme:aws.aws_security_group:sg-00000082~3df906877d67,aws.aws_security_group,acme,sg-00000082,tier-2,Security group 82,false,2026-09-15T22:38:18Z,\N,2026-10-02T10:19:16Z,\N,1,assert
acme:aws.aws_security_group:sg-00000129~ff26e51ff028,aws.aws_security_group,acme,sg-00000129,tier-4,Security group 129,false,2026-09-15T04:19:05Z,\N,2026-10-02T09:05:59Z,\N,1,assert
acme:aws.aws_security_group:sg-00000189~f54fc5b59f56,aws.aws_security_group,acme,sg-00000189,tier-4,Security group 189,false,2026-09-15T02:35:30Z,\N,2026-10-02T19:23:28Z,\N,1,assert
acme:aws.aws_security_group:sg-00000205~f2733b32e2b3,aws.aws_security_group,acme,sg-00000205,tier-0,Security group 205,true,2026-09-15T14:21:12Z,\N,2026-10-02T05:14:30Z,\N,1,assert
acme:aws.aws_security_group:sg-00000282~cda2b821ff6b,aws.aws_security_group,acme,sg-00000282,tier-2,Security group 282,false,2026-09-15T16:06:48Z,\N,2026-10-02T15:19:48Z,\N,1,assert
acme:aws.aws_security_group:sg-00000352~4d3a8ffd3b1f,aws.aws_security_group,acme,sg-00000352,tier-2,Security group 352,false,2026-09-15T16:23:11Z,\N,2026-10-02T12:40:05Z,\N,1,assert
acme:aws.aws_security_group:sg-00000411~25bb267ce990,aws.aws_security_group,acme,sg-00000411,tier-1,Security group 411,false,2026-09-15T12:57:24Z,\N,2026-10-02T09:59:53Z,\N,1,assert
acme:aws.aws_security_group:sg-00000479~c57760306375,aws.aws_security_group,acme,sg-00000479,tier-4,Security group 479,false,2026-09-15T08:05:45Z,\N,2026-10-02T17:13:14Z,\N,1,assert
acme:aws.aws_security_group:sg-00000497~5af546ed3cab,aws.aws_security_group,acme,sg-00000497,tier-2,Security group 497,false,2026-09-15T11:38:33Z,\N,2026-10-02T13:57:21Z,\N,1,assert
acme:aws.aws_security_group:sg-00000522~f70489c7ba8f,aws.aws_security_group,acme,sg-00000522,tier-2,Security group 522,false,2026-09-15T06:20:42Z,\N,2026-10-02T14:16:08Z,\N,1,assert
acme:aws.aws_security_group:sg-00000607~ba6bee6a58cc,aws.aws_security_group,acme,sg-00000607,tier-2,Security group 607,false,2026-09-15T15:19:48Z,\N,2026-10-02T22:32:55Z,\N,1,assert
acme:aws.aws_security_group:sg-00000009~7d7c83600853,aws.aws_security_group,acme,sg-00000009,tier-4,Security group 9,false,2026-09-15T12:56:40Z,\N,2026-10-03T22:17:45Z,\N,1,assert
acme:aws.aws_security_group:sg-00000020~4708c7acad2d,aws.aws_security_group,acme,sg-00000020,tier-0,Security group 20,true,2026-09-15T17:36:07Z,\N,2026-10-03T21:35:36Z,\N,1,assert
acme:aws.aws_security_group:sg-00000067~19b39d417b32,aws.aws_security_group,acme,sg-00000067,tier-2,Security group 67,false,2026-09-15T08:59:40Z,\N,2026-10-03T04:30:44Z,\N,1,assert
acme:aws.aws_security_group:sg-00000088~4e0e7d3fafdb,aws.aws_security_group,acme,sg-00000088,tier-3,Security group 88,false,2026-09-15T21:54:08Z,\N,2026-10-03T22:02:41Z,\N,1,assert
acme:aws.aws_security_group:sg-00000135~57401e240732,aws.aws_security_group,acme,sg-00000135,tier-0,Security group 135,true,2026-09-15T02:22:07Z,\N,2026-10-03T22:41:34Z,\N,1,assert
acme:aws.aws_security_group:sg-00000226~e7627cfd7c49,aws.aws_security_group,acme,sg-00000226,tier-1,Security group 226,false,2026-09-15T13:36:36Z,\N,2026-10-03T01:03:02Z,\N,1,assert
acme:aws.aws_security_group:sg-00000239~0cfbbc6da518,aws.aws_security_group,acme,sg-00000239,tier-4,Security group 239,false,2026-09-15T23:31:18Z,\N,2026-10-03T16:41:06Z,\N,1,assert
acme:aws.aws_security_group:sg-00000329~443e28e5b10f,aws.aws_security_group,acme,sg-00000329,tier-4,Security group 329,false,2026-09-15T18:18:28Z,\N,2026-10-03T03:34:09Z,\N,1,assert
acme:aws.aws_security_group:sg-00000360~1d7051e37451,aws.aws_security_group,acme,sg-00000360,tier-0,Security group 360,true,2026-09-15T11:51:32Z,\N,2026-10-03T21:36:30Z,\N,1,assert
acme:aws.aws_security_group:sg-00000371~06d01e02b38d,aws.aws_security_group,acme,sg-00000371,tier-1,Security group 371,false,2026-09-15T12:38:03Z,\N,2026-10-03T18:12:43Z,\N,1,assert
acme:aws.aws_security_group:sg-00000389~dd2e59711fec,aws.aws_security_group,acme,sg-00000389,tier-4,Security group 389,false,2026-09-15T05:11:50Z,\N,2026-10-03T00:40:24Z,\N,1,assert
acme:aws.aws_security_group:sg-00000413~fa8a749fd972,aws.aws_security_group,acme,sg-00000413,tier-3,Security group 413,false,2026-09-15T02:00:21Z,\N,2026-10-03T05:43:04Z,\N,1,assert
acme:aws.aws_security_group:sg-00000471~a5a7cf49375e,aws.aws_security_group,acme,sg-00000471,tier-1,Security group 471,false,2026-09-15T03:38:04Z,\N,2026-10-03T06:50:18Z,\N,1,assert
acme:aws.aws_security_group:sg-00000502~32a11b5c045e,aws.aws_security_group,acme,sg-00000502,tier-2,Security group 502,false,2026-09-15T09:32:28Z,\N,2026-10-03T18:33:15Z,\N,1,assert
acme:aws.aws_security_group:sg-00000532~c69df19aa82e,aws.aws_security_group,acme,sg-00000532,tier-2,Security group 532,false,2026-09-15T04:27:16Z,\N,2026-10-03T00:55:32Z,\N,1,assert
acme:aws.aws_security_group:sg-00000554~95d836863f7f,aws.aws_security_group,acme,sg-00000554,tier-4,Security group 554,false,2026-09-15T20:26:01Z,\N,2026-10-03T02:16:02Z,\N,1,assert
acme:aws.aws_security_group:sg-00000579~d71305c0a75b,aws.aws_security_group,acme,sg-00000579,tier-4,Security group 579,false,2026-09-15T08:46:02Z,\N,2026-10-03T02:36:20Z,\N,1,assert
acme:aws.aws_security_group:sg-00000018~9c39ec9636e4,aws.aws_security_group,acme,sg-00000018,tier-3,Security group 18,false,2026-09-17T03:15:24Z,\N,2026-10-04T14:57:25Z,\N,1,assert
acme:aws.aws_security_group:sg-00000097~a0549caa5b0d,aws.aws_security_group,acme,sg-00000097,tier-2,Security group 97,false,2026-09-15T10:13:26Z,\N,2026-10-04T07:15:42Z,\N,1,assert
acme:aws.aws_security_group:sg-00000185~552ad010f65a,aws.aws_security_group,acme,sg-00000185,tier-0,Security group 185,true,2026-09-15T12:28:14Z,\N,2026-10-04T09:43:06Z,\N,1,assert
acme:aws.aws_security_group:sg-00000267~700e5015dc63,aws.aws_security_group,acme,sg-00000267,tier-2,Security group 267,false,2026-09-15T12:42:23Z,\N,2026-10-04T23:04:59Z,\N,1,assert
acme:aws.aws_security_group:sg-00000302~1a91d07df972,aws.aws_security_group,acme,sg-00000302,tier-2,Security group 302,false,2026-09-15T21:42:17Z,\N,2026-10-04T05:34:25Z,\N,1,assert
acme:aws.aws_security_group:sg-00000324~6c2809bc7d32,aws.aws_security_group,acme,sg-00000324,tier-4,Security group 324,false,2026-09-15T09:49:05Z,\N,2026-10-04T16:02:02Z,\N,1,assert
acme:aws.aws_security_group:sg-00000366~97fb965a8399,aws.aws_security_group,acme,sg-00000366,tier-1,Security group 366,false,2026-09-15T21:11:01Z,\N,2026-10-04T08:26:57Z,\N,1,assert
acme:aws.aws_security_group:sg-00000387~9df7bfb19a98,aws.aws_security_group,acme,sg-00000387,tier-2,Security group 387,false,2026-09-15T23:27:51Z,\N,2026-10-04T09:51:15Z,\N,1,assert
acme:aws.aws_security_group:sg-00000525~2927cfc57dea,aws.aws_security_group,acme,sg-00000525,tier-0,Security group 525,true,2026-09-15T05:59:20Z,\N,2026-10-04T08:17:41Z,\N,1,assert
acme:aws.aws_security_group:sg-00000536~63a48b373df8,aws.aws_security_group,acme,sg-00000536,tier-1,Security group 536,false,2026-09-15T20:14:45Z,\N,2026-10-04T21:33:44Z,\N,1,assert
acme:aws.aws_security_group:sg-00000599~7cec193ce3a8,aws.aws_security_group,acme,sg-00000599,tier-4,Security group 599,false,2026-09-15T07:51:00Z,\N,2026-10-04T07:34:09Z,\N,1,assert
acme:aws.aws_security_group:sg-00000022~f1fa443d67b6,aws.aws_security_group,acme,sg-00000022,tier-2,Security group 22,false,2026-09-15T22:21:27Z,\N,2026-10-05T07:05:43Z,\N,1,assert
acme:aws.aws_security_group:sg-00000066~c3746e82b95f,aws.aws_security_group,acme,sg-00000066,tier-1,Security group 66,false,2026-09-15T01:45:50Z,\N,2026-10-05T16:40:41Z,\N,1,assert
acme:aws.aws_security_group:sg-00000079~2872b1c86e6a,aws.aws_security_group,acme,sg-00000079,tier-4,Security group 79,false,2026-09-15T10:09:57Z,\N,2026-10-05T11:59:26Z,\N,1,assert
acme:aws.aws_security_group:sg-00000114~1bf78c80937e,aws.aws_security_group,acme,sg-00000114,tier-4,Security group 114,false,2026-09-15T11:30:13Z,\N,2026-10-05T11:12:06Z,\N,1,assert
acme:aws.aws_security_group:sg-00000141~951190b3aaa6,aws.aws_security_group,acme,sg-00000141,tier-1,Security group 141,false,2026-09-15T10:41:26Z,\N,2026-10-05T03:09:02Z,\N,1,assert
acme:aws.aws_security_group:sg-00000224~65428e54927e,aws.aws_security_group,acme,sg-00000224,tier-4,Security group 224,false,2026-09-15T16:11:50Z,\N,2026-10-05T02:36:16Z,\N,1,assert
acme:aws.aws_security_group:sg-00000248~559c8beff0d8,aws.aws_security_group,acme,sg-00000248,tier-3,Security group 248,false,2026-09-15T23:42:14Z,\N,2026-10-05T17:18:23Z,\N,1,assert
acme:aws.aws_security_group:sg-00000285~4bfe256dc032,aws.aws_security_group,acme,sg-00000285,tier-0,Security group 285,true,2026-09-15T17:20:29Z,\N,2026-10-05T01:02:22Z,\N,1,assert
acme:aws.aws_security_group:sg-00000382~3b282b8c159e,aws.aws_security_group,acme,sg-00000382,tier-2,Security group 382,false,2026-09-15T02:02:46Z,\N,2026-10-05T10:43:35Z,\N,1,assert
acme:aws.aws_security_group:sg-00000392~76cf215def22,aws.aws_security_group,acme,sg-00000392,tier-2,Security group 392,false,2026-09-15T04:39:49Z,\N,2026-10-05T22:24:27Z,\N,1,assert
acme:aws.aws_security_group:sg-00000406~8fedd1283ffa,aws.aws_security_group,acme,sg-00000406,tier-1,Security group 406,false,2026-09-15T21:07:51Z,\N,2026-10-05T14:23:05Z,\N,1,assert
acme:aws.aws_security_group:sg-00000476~f014ac019271,aws.aws_security_group,acme,sg-00000476,tier-1,Security group 476,false,2026-09-15T04:18:12Z,\N,2026-10-05T18:18:21Z,\N,1,assert
acme:aws.aws_security_group:sg-00000495~68b5dd50fa40,aws.aws_security_group,acme,sg-00000495,tier-0,Security group 495,true,2026-09-15T22:37:43Z,\N,2026-10-05T03:41:33Z,\N,1,assert
acme:aws.aws_security_group:sg-00000543~fc4f23b12853,aws.aws_security_group,acme,sg-00000543,tier-3,Security group 543,false,2026-09-22T17:09:55Z,\N,2026-10-05T18:08:53Z,\N,1,assert
acme:aws.aws_security_group:sg-00000581~78d2a3331f08,aws.aws_security_group,acme,sg-00000581,tier-1,Security group 581,false,2026-09-15T06:14:06Z,\N,2026-10-05T10:26:19Z,\N,1,assert
acme:aws.aws_security_group:sg-00000127~3f75911488d0,aws.aws_security_group,acme,sg-00000127,tier-2,Security group 127,false,2026-09-15T19:53:57Z,\N,2026-10-06T23:05:17Z,\N,1,assert
acme:aws.aws_security_group:sg-00000136~fdfce94b4806,aws.aws_security_group,acme,sg-00000136,tier-1,Security group 136,false,2026-09-15T12:46:54Z,\N,2026-10-06T23:45:37Z,\N,1,assert
acme:aws.aws_security_group:sg-00000166~bd33cf44a203,aws.aws_security_group,acme,sg-00000166,tier-1,Security group 166,false,2026-09-15T10:56:46Z,\N,2026-10-06T13:08:49Z,\N,1,assert
acme:aws.aws_security_group:sg-00000219~1fdf131ca94f,aws.aws_security_group,acme,sg-00000219,tier-4,Security group 219,false,2026-09-15T18:37:44Z,\N,2026-10-06T16:58:46Z,\N,1,assert
acme:aws.aws_security_group:sg-00000338~22d5e2e7e9c8,aws.aws_security_group,acme,sg-00000338,tier-3,Security group 338,false,2026-09-15T10:43:26Z,\N,2026-10-06T18:00:13Z,\N,1,assert
acme:aws.aws_security_group:sg-00000418~569c5edda20b,aws.aws_security_group,acme,sg-00000418,tier-3,Security group 418,false,2026-09-15T11:56:37Z,\N,2026-10-06T02:27:27Z,\N,1,assert
acme:aws.aws_security_group:sg-00000453~188c79712ff9,aws.aws_security_group,acme,sg-00000453,tier-3,Security group 453,false,2026-09-15T06:01:21Z,\N,2026-10-06T10:06:22Z,\N,1,assert
acme:aws.aws_security_group:sg-00000494~d2b0ba68dfe9,aws.aws_security_group,acme,sg-00000494,tier-4,Security group 494,false,2026-09-15T02:12:39Z,\N,2026-10-06T03:56:44Z,\N,1,assert
acme:aws.aws_security_group:sg-00000531~6c8fb831ef33,aws.aws_security_group,acme,sg-00000531,tier-1,Security group 531,false,2026-09-15T17:20:17Z,\N,2026-10-06T23:02:32Z,\N,1,assert
acme:aws.aws_security_group:sg-00000551~0bcefb20aea6,aws.aws_security_group,acme,sg-00000551,tier-1,Security group 551,false,2026-09-15T03:44:14Z,\N,2026-10-06T23:56:21Z,\N,1,assert
acme:aws.aws_security_group:sg-00000593~1e43a33604b7,aws.aws_security_group,acme,sg-00000593,tier-3,Security group 593,false,2026-09-15T05:29:08Z,\N,2026-10-06T00:54:00Z,\N,1,assert
acme:aws.aws_security_group:sg-00000595~ddb4853b6855,aws.aws_security_group,acme,sg-00000595,tier-0,Security group 595,true,2026-09-15T09:07:09Z,\N,2026-10-06T11:44:10Z,\N,1,assert
acme:aws.aws_security_group:sg-00000631~cf7ba141f058,aws.aws_security_group,acme,sg-00000631,tier-1,Security group 631,false,2026-09-15T00:44:42Z,\N,2026-10-06T18:11:23Z,\N,1,assert
acme:aws.aws_security_group:sg-00000637~5ff727d210a2,aws.aws_security_group,acme,sg-00000637,tier-2,Security group 637,false,2026-09-15T15:26:24Z,\N,2026-10-06T00:09:12Z,\N,1,assert
acme:aws.aws_security_group:sg-00000059~6d99ce5fa066,aws.aws_security_group,acme,sg-00000059,tier-4,Security group 59,false,2026-09-15T00:48:11Z,\N,2026-10-07T05:18:13Z,\N,1,assert
acme:aws.aws_security_group:sg-00000078~dc0b539d1451,aws.aws_security_group,acme,sg-00000078,tier-3,Security group 78,false,2026-09-15T00:29:28Z,\N,2026-10-07T07:58:49Z,\N,1,assert
acme:aws.aws_security_group:sg-00000100~0404995e2b2c,aws.aws_security_group,acme,sg-00000100,tier-0,Security group 100,true,2026-09-15T01:40:52Z,\N,2026-10-07T08:13:21Z,\N,1,assert
acme:aws.aws_security_group:sg-00000179~6e4246a85c9c,aws.aws_security_group,acme,sg-00000179,tier-4,Security group 179,false,2026-09-15T22:47:52Z,\N,2026-10-07T17:59:32Z,\N,1,assert
acme:aws.aws_security_group:sg-00000183~0024e8427ef8,aws.aws_security_group,acme,sg-00000183,tier-3,Security group 183,false,2026-09-15T10:20:10Z,\N,2026-10-07T17:50:22Z,\N,1,assert
acme:aws.aws_security_group:sg-00000254~af129d76da7b,aws.aws_security_group,acme,sg-00000254,tier-4,Security group 254,false,2026-09-15T10:45:25Z,\N,2026-10-07T14:27:49Z,\N,1,assert
acme:aws.aws_security_group:sg-00000484~a674be8b0269,aws.aws_security_group,acme,sg-00000484,tier-4,Security group 484,false,2026-09-15T00:09:02Z,\N,2026-10-07T01:26:51Z,\N,1,assert
acme:aws.aws_security_group:sg-00000518~62def91b376b,aws.aws_security_group,acme,sg-00000518,tier-3,Security group 518,false,2026-09-15T22:06:20Z,\N,2026-10-07T06:55:31Z,\N,1,assert
acme:aws.aws_security_group:sg-00000527~69c7c5c1264b,aws.aws_security_group,acme,sg-00000527,tier-2,Security group 527,false,2026-09-15T18:00:57Z,\N,2026-10-07T10:07:55Z,\N,1,assert
acme:aws.aws_security_group:sg-00000557~8552412119b9,aws.aws_security_group,acme,sg-00000557,tier-2,Security group 557,false,2026-09-15T12:21:46Z,\N,2026-10-07T16:15:49Z,\N,1,assert
acme:aws.aws_security_group:sg-00000604~d206bdf09557,aws.aws_security_group,acme,sg-00000604,tier-4,Security group 604,false,2026-09-15T01:41:08Z,\N,2026-10-07T02:36:21Z,\N,1,assert
acme:aws.aws_security_group:sg-00000028~191e816eb4c1,aws.aws_security_group,acme,sg-00000028,tier-3,Security group 28,false,2026-09-15T16:37:34Z,\N,2026-10-08T07:59:36Z,\N,1,assert
acme:aws.aws_security_group:sg-00000053~83ea416757ab,aws.aws_security_group,acme,sg-00000053,tier-3,Security group 53,false,2026-09-15T08:31:15Z,\N,2026-10-08T01:59:35Z,\N,1,assert
acme:aws.aws_security_group:sg-00000105~3bc23e6a91a3,aws.aws_security_group,acme,sg-00000105,tier-0,Security group 105,true,2026-09-15T20:20:04Z,\N,2026-10-08T00:07:19Z,\N,1,assert
acme:aws.aws_security_group:sg-00000115~ca919b28c8df,aws.aws_security_group,acme,sg-00000115,tier-0,Security group 115,true,2026-09-15T22:59:49Z,\N,2026-10-08T13:42:36Z,\N,1,assert
acme:aws.aws_security_group:sg-00000120~ad4cfce6997b,aws.aws_security_group,acme,sg-00000120,tier-0,Security group 120,true,2026-09-15T03:11:39Z,\N,2026-10-08T14:23:27Z,\N,1,assert
acme:aws.aws_security_group:sg-00000132~50123a180a74,aws.aws_security_group,acme,sg-00000132,tier-2,Security group 132,false,2026-09-15T03:37:26Z,\N,2026-10-08T22:34:53Z,\N,1,assert
acme:aws.aws_security_group:sg-00000293~fd6872b050be,aws.aws_security_group,acme,sg-00000293,tier-3,Security group 293,false,2026-09-15T02:48:32Z,\N,2026-10-08T19:57:29Z,\N,1,assert
acme:aws.aws_security_group:sg-00000297~b6aab4d62987,aws.aws_security_group,acme,sg-00000297,tier-2,Security group 297,false,2026-09-15T14:37:57Z,\N,2026-10-08T18:45:36Z,\N,1,assert
acme:aws.aws_security_group:sg-00000526~23a462dfe430,aws.aws_security_group,acme,sg-00000526,tier-1,Security group 526,false,2026-09-15T01:23:30Z,\N,2026-10-08T20:15:55Z,\N,1,assert
acme:aws.aws_security_group:sg-00000057~5ca4fd5bab79,aws.aws_security_group,acme,sg-00000057,tier-2,Security group 57,false,2026-09-15T13:14:22Z,\N,2026-10-09T17:41:32Z,\N,1,assert
acme:aws.aws_security_group:sg-00000061~b5a20bfaae20,aws.aws_security_group,acme,sg-00000061,tier-1,Security group 61,false,2026-09-15T16:19:02Z,\N,2026-10-09T04:03:05Z,\N,1,assert
acme:aws.aws_security_group:sg-00000111~30c9b09453c4,aws.aws_security_group,acme,sg-00000111,tier-1,Security group 111,false,2026-09-15T05:35:55Z,\N,2026-10-09T14:39:27Z,\N,1,assert
acme:aws.aws_security_group:sg-00000117~e36c5349d2dd,aws.aws_security_group,acme,sg-00000117,tier-2,Security group 117,false,2026-09-15T11:13:53Z,\N,2026-10-09T09:05:39Z,\N,1,assert
acme:aws.aws_security_group:sg-00000180~f8ca22dae213,aws.aws_security_group,acme,sg-00000180,tier-0,Security group 180,true,2026-09-15T22:06:03Z,\N,2026-10-09T09:09:24Z,\N,1,assert
acme:aws.aws_security_group:sg-00000218~3766b90b3173,aws.aws_security_group,acme,sg-00000218,tier-3,Security group 218,false,2026-09-15T10:39:52Z,\N,2026-10-09T02:12:45Z,\N,1,assert
acme:aws.aws_security_group:sg-00000257~feb9a8fd0e4f,aws.aws_security_group,acme,sg-00000257,tier-2,Security group 257,false,2026-09-15T15:49:40Z,\N,2026-10-09T23:40:20Z,\N,1,assert
acme:aws.aws_security_group:sg-00000291~356bc1c00308,aws.aws_security_group,acme,sg-00000291,tier-1,Security group 291,false,2026-09-15T08:52:11Z,\N,2026-10-09T23:12:18Z,\N,1,assert
acme:aws.aws_security_group:sg-00000321~5d186932ad7b,aws.aws_security_group,acme,sg-00000321,tier-1,Security group 321,false,2026-09-15T18:32:34Z,\N,2026-10-09T13:31:26Z,\N,1,assert
acme:aws.aws_security_group:sg-00000362~81be98337925,aws.aws_security_group,acme,sg-00000362,tier-2,Security group 362,false,2026-09-15T12:17:38Z,\N,2026-10-09T16:51:18Z,\N,1,assert
acme:aws.aws_security_group:sg-00000427~d33dafd6edd4,aws.aws_security_group,acme,sg-00000427,tier-2,Security group 427,false,2026-09-15T23:31:59Z,\N,2026-10-09T09:40:23Z,\N,1,assert
acme:aws.aws_security_group:sg-00000509~aab243cfbafa,aws.aws_security_group,acme,sg-00000509,tier-4,Security group 509,false,2026-09-15T21:37:12Z,\N,2026-10-09T11:48:39Z,\N,1,assert
acme:aws.aws_security_group:sg-00000528~dbfabedbbff9,aws.aws_security_group,acme,sg-00000528,tier-3,Security group 528,false,2026-09-15T11:54:41Z,\N,2026-10-09T23:27:04Z,\N,1,assert
acme:aws.aws_security_group:sg-00000542~b84074dddbaf,aws.aws_security_group,acme,sg-00000542,tier-2,Security group 542,false,2026-09-15T00:58:59Z,\N,2026-10-09T20:29:55Z,\N,1,assert
acme:aws.aws_security_group:sg-00000563~c69a1d250f11,aws.aws_security_group,acme,sg-00000563,tier-3,Security group 563,false,2026-09-15T14:16:56Z,\N,2026-10-09T04:17:25Z,\N,1,assert
acme:aws.aws_security_group:sg-00000038~e49e2bbe822f,aws.aws_security_group,acme,sg-00000038,tier-3,Security group 38,false,2026-09-15T10:39:16Z,\N,2026-10-10T18:39:03Z,\N,1,assert
acme:aws.aws_security_group:sg-00000128~8781b2ca9684,aws.aws_security_group,acme,sg-00000128,tier-3,Security group 128,false,2026-09-15T23:55:42Z,\N,2026-10-10T04:55:57Z,\N,1,assert
acme:aws.aws_security_group:sg-00000256~0ddaf5d27c0f,aws.aws_security_group,acme,sg-00000256,tier-1,Security group 256,false,2026-09-15T07:54:40Z,\N,2026-10-10T01:12:06Z,\N,1,assert
acme:aws.aws_security_group:sg-00000355~afcaf84cc887,aws.aws_security_group,acme,sg-00000355,tier-0,Security group 355,true,2026-09-15T16:50:35Z,\N,2026-10-10T17:52:28Z,\N,1,assert
acme:aws.aws_security_group:sg-00000369~13ffe1e8b993,aws.aws_security_group,acme,sg-00000369,tier-4,Security group 369,false,2026-09-15T10:30:58Z,\N,2026-10-10T02:58:19Z,\N,1,assert
acme:aws.aws_security_group:sg-00000445~0d3891332305,aws.aws_security_group,acme,sg-00000445,tier-0,Security group 445,true,2026-09-15T22:58:52Z,\N,2026-10-10T17:19:12Z,\N,1,assert
acme:aws.aws_security_group:sg-00000483~164a1576d6cc,aws.aws_security_group,acme,sg-00000483,tier-3,Security group 483,false,2026-09-15T15:16:22Z,\N,2026-10-10T14:56:27Z,\N,1,assert
acme:aws.aws_security_group:sg-00000496~a98b44009e0c,aws.aws_security_group,acme,sg-00000496,tier-1,Security group 496,false,2026-09-15T04:05:10Z,\N,2026-10-10T17:06:04Z,\N,1,assert
acme:aws.aws_security_group:sg-00000568~afe6fb9bc0b7,aws.aws_security_group,acme,sg-00000568,tier-3,Security group 568,false,2026-09-15T19:22:19Z,\N,2026-10-10T18:24:38Z,\N,1,assert
acme:aws.aws_security_group:sg-00000121~4a34aaaebe0b,aws.aws_security_group,acme,sg-00000121,tier-1,Security group 121,false,2026-09-15T07:49:40Z,\N,2026-10-11T20:40:48Z,\N,1,assert
acme:aws.aws_security_group:sg-00000142~c31caacd7954,aws.aws_security_group,acme,sg-00000142,tier-2,Security group 142,false,2026-09-15T04:39:42Z,\N,2026-10-11T01:57:46Z,\N,1,assert
acme:aws.aws_security_group:sg-00000215~495e4cbdf7bd,aws.aws_security_group,acme,sg-00000215,tier-0,Security group 215,true,2026-10-01T18:14:17Z,\N,2026-10-11T06:51:01Z,\N,1,assert
acme:aws.aws_security_group:sg-00000320~869df9708675,aws.aws_security_group,acme,sg-00000320,tier-0,Security group 320,true,2026-09-15T19:30:54Z,\N,2026-10-11T03:27:06Z,\N,1,assert
acme:aws.aws_security_group:sg-00000323~509ac951cbb8,aws.aws_security_group,acme,sg-00000323,tier-3,Security group 323,false,2026-09-15T08:01:00Z,\N,2026-10-11T23:15:25Z,\N,1,assert
acme:aws.aws_security_group:sg-00000395~ef92eb236984,aws.aws_security_group,acme,sg-00000395,tier-0,Security group 395,true,2026-09-15T16:02:02Z,\N,2026-10-11T19:32:37Z,\N,1,assert
acme:aws.aws_security_group:sg-00000444~129ffbec9acc,aws.aws_security_group,acme,sg-00000444,tier-4,Security group 444,false,2026-09-15T08:50:11Z,\N,2026-10-11T21:31:25Z,\N,1,assert
acme:aws.aws_security_group:sg-00000588~89798f8e25fb,aws.aws_security_group,acme,sg-00000588,tier-3,Security group 588,false,2026-09-15T19:23:29Z,\N,2026-10-11T02:03:48Z,\N,1,assert
acme:aws.aws_security_group:sg-00000616~25dc22f731ce,aws.aws_security_group,acme,sg-00000616,tier-1,Security group 616,false,2026-09-15T01:42:35Z,\N,2026-10-11T03:28:13Z,\N,1,assert
acme:aws.aws_security_group:sg-00000619~5bfb0d4fe277,aws.aws_security_group,acme,sg-00000619,tier-4,Security group 619,false,2026-09-15T05:38:31Z,\N,2026-10-11T22:05:21Z,\N,1,assert
acme:aws.aws_security_group:sg-00000149~e54b903a513d,aws.aws_security_group,acme,sg-00000149,tier-4,Security group 149,false,2026-09-15T06:14:47Z,\N,2026-10-12T17:28:26Z,\N,1,assert
acme:aws.aws_security_group:sg-00000263~f11d9e8bca87,aws.aws_security_group,acme,sg-00000263,tier-3,Security group 263,false,2026-09-15T15:25:11Z,\N,2026-10-12T01:31:06Z,\N,1,assert
acme:aws.aws_security_group:sg-00000268~1107ce10c2a1,aws.aws_security_group,acme,sg-00000268,tier-3,Security group 268,false,2026-09-15T06:40:57Z,\N,2026-10-12T07:10:55Z,\N,1,assert
acme:aws.aws_security_group:sg-00000311~5cf8d07ef2f7,aws.aws_security_group,acme,sg-00000311,tier-1,Security group 311,false,2026-09-15T13:21:11Z,\N,2026-10-12T20:15:44Z,\N,1,assert
acme:aws.aws_security_group:sg-00000314~43658913a1a0,aws.aws_security_group,acme,sg-00000314,tier-4,Security group 314,false,2026-09-15T11:34:30Z,\N,2026-10-12T04:59:18Z,\N,1,assert
acme:aws.aws_security_group:sg-00000504~960b8571044b,aws.aws_security_group,acme,sg-00000504,tier-4,Security group 504,false,2026-09-15T02:53:55Z,\N,2026-10-12T04:35:29Z,\N,1,assert
acme:aws.aws_security_group:sg-00000580~aaa62841cedf,aws.aws_security_group,acme,sg-00000580,tier-0,Security group 580,true,2026-09-15T10:16:31Z,\N,2026-10-12T13:30:18Z,\N,1,assert
acme:aws.aws_security_group:sg-00000582~216e38789732,aws.aws_security_group,acme,sg-00000582,tier-2,Security group 582,false,2026-09-15T04:53:23Z,\N,2026-10-12T13:02:54Z,\N,1,assert
acme:aws.aws_security_group:sg-00000608~99ec8669a845,aws.aws_security_group,acme,sg-00000608,tier-3,Security group 608,false,2026-09-15T20:38:06Z,\N,2026-10-12T07:26:17Z,\N,1,assert
acme:aws.aws_security_group:sg-00000612~2aef5d09d8c1,aws.aws_security_group,acme,sg-00000612,tier-2,Security group 612,false,2026-09-15T09:22:54Z,\N,2026-10-12T21:07:34Z,\N,1,assert
acme:aws.aws_security_group:sg-00000622~4fe4661244a6,aws.aws_security_group,acme,sg-00000622,tier-2,Security group 622,false,2026-09-15T15:41:09Z,\N,2026-10-12T06:25:32Z,\N,1,assert
acme:aws.aws_security_group:sg-00000006~5a52dd92f2b7,aws.aws_security_group,acme,sg-00000006,tier-1,Security group 6,false,2026-09-15T03:41:39Z,\N,2026-10-13T00:49:13Z,\N,1,assert
acme:aws.aws_security_group:sg-00000190~ecd894be8c96,aws.aws_security_group,acme,sg-00000190,tier-0,Security group 190,true,2026-09-15T06:25:24Z,\N,2026-10-13T18:54:49Z,\N,1,assert
acme:aws.aws_security_group:sg-00000270~1339680fed76,aws.aws_security_group,acme,sg-00000270,tier-0,Security group 270,true,2026-09-15T15:38:49Z,\N,2026-10-13T18:58:05Z,\N,1,assert
acme:aws.aws_security_group:sg-00000435~cc3b038a61f9,aws.aws_security_group,acme,sg-00000435,tier-0,Security group 435,true,2026-09-15T22:39:53Z,\N,2026-10-13T00:01:14Z,\N,1,assert
acme:aws.aws_security_group:sg-00000493~26c0cb11f4a9,aws.aws_security_group,acme,sg-00000493,tier-3,Security group 493,false,2026-09-15T08:58:13Z,\N,2026-10-13T10:38:16Z,\N,1,assert
acme:aws.aws_security_group:sg-00000513~997b5a546d07,aws.aws_security_group,acme,sg-00000513,tier-3,Security group 513,false,2026-09-15T11:52:01Z,\N,2026-10-13T20:43:55Z,\N,1,assert
acme:aws.aws_security_group:sg-00000547~1901ccbb6c62,aws.aws_security_group,acme,sg-00000547,tier-2,Security group 547,false,2026-09-15T10:29:15Z,\N,2026-10-13T12:50:32Z,\N,1,assert
acme:aws.aws_security_group:sg-00000600~d713049dd303,aws.aws_security_group,acme,sg-00000600,tier-0,Security group 600,true,2026-09-15T12:31:54Z,\N,2026-10-13T16:41:01Z,\N,1,assert
acme:aws.aws_security_group:sg-00000609~e08908259db4,aws.aws_security_group,acme,sg-00000609,tier-4,Security group 609,false,2026-09-15T19:40:28Z,\N,2026-10-13T08:28:46Z,\N,1,assert
acme:aws.aws_security_group:sg-00000016~207e7e0b16a9,aws.aws_security_group,acme,sg-00000016,tier-1,Security group 16,false,2026-09-15T14:52:18Z,\N,2026-10-14T00:32:46Z,\N,1,assert
acme:aws.aws_security_group:sg-00000035~bf6fb1d28fc3,aws.aws_security_group,acme,sg-00000035,tier-0,Security group 35,true,2026-09-15T13:31:01Z,\N,2026-10-14T01:26:26Z,\N,1,assert
acme:aws.aws_security_group:sg-00000073~4926e3e393fa,aws.aws_security_group,acme,sg-00000073,tier-3,Security group 73,false,2026-09-15T00:47:36Z,\N,2026-10-14T11:53:46Z,\N,1,assert
acme:aws.aws_security_group:sg-00000137~9950ce98d76b,aws.aws_security_group,acme,sg-00000137,tier-2,Security group 137,false,2026-09-15T03:42:38Z,\N,2026-10-14T13:39:32Z,\N,1,assert
acme:aws.aws_security_group:sg-00000152~1b1a79369e98,aws.aws_security_group,acme,sg-00000152,tier-2,Security group 152,false,2026-09-15T13:42:44Z,\N,2026-10-14T18:27:21Z,\N,1,assert
acme:aws.aws_security_group:sg-00000198~29274c184a0a,aws.aws_security_group,acme,sg-00000198,tier-3,Security group 198,false,2026-09-15T11:18:03Z,\N,2026-10-14T14:22:09Z,\N,1,assert
acme:aws.aws_security_group:sg-00000237~882d9f27334a,aws.aws_security_group,acme,sg-00000237,tier-2,Security group 237,false,2026-09-15T02:17:55Z,\N,2026-10-14T06:38:05Z,\N,1,assert
acme:aws.aws_security_group:sg-00000247~1ada9070c218,aws.aws_security_group,acme,sg-00000247,tier-2,Security group 247,false,2026-09-15T14:00:42Z,\N,2026-10-14T09:32:22Z,\N,1,assert
acme:aws.aws_security_group:sg-00000337~8efb84b70f99,aws.aws_security_group,acme,sg-00000337,tier-2,Security group 337,false,2026-09-15T04:23:47Z,\N,2026-10-14T14:35:28Z,\N,1,assert
acme:aws.aws_security_group:sg-00000385~144ef5a041ff,aws.aws_security_group,acme,sg-00000385,tier-0,Security group 385,true,2026-10-11T01:54:38Z,\N,2026-10-14T21:41:54Z,\N,1,assert
acme:aws.aws_security_group:sg-00000402~102e91c9bc7b,aws.aws_security_group,acme,sg-00000402,tier-2,Security group 402,false,2026-09-15T19:47:54Z,\N,2026-10-14T05:31:24Z,\N,1,assert
acme:aws.aws_security_group:sg-00000500~03978339db07,aws.aws_security_group,acme,sg-00000500,tier-0,Security group 500,true,2026-09-15T18:11:02Z,\N,2026-10-14T17:12:38Z,\N,1,assert
acme:aws.aws_security_group:sg-00000514~76c43815a546,aws.aws_security_group,acme,sg-00000514,tier-4,Security group 514,false,2026-09-15T03:11:23Z,\N,2026-10-14T20:45:12Z,\N,1,assert
acme:aws.aws_security_group:sg-00000515~43a53cd80376,aws.aws_security_group,acme,sg-00000515,tier-0,Security group 515,true,2026-09-15T17:15:57Z,\N,2026-10-14T14:05:25Z,\N,1,assert
acme:aws.aws_security_group:sg-00000627~795bc2651761,aws.aws_security_group,acme,sg-00000627,tier-2,Security group 627,false,2026-09-15T07:34:32Z,\N,2026-10-14T04:22:25Z,\N,1,assert
acme:aws.aws_security_group:sg-00000027~d25a22921684,aws.aws_security_group,acme,sg-00000027,tier-2,Security group 27,false,2026-09-15T01:00:03Z,\N,2026-10-15T16:17:48Z,\N,1,assert
acme:aws.aws_security_group:sg-00000051~2a05dd0717ff,aws.aws_security_group,acme,sg-00000051,tier-1,Security group 51,false,2026-09-15T08:17:08Z,\N,2026-10-15T12:07:29Z,\N,1,assert
acme:aws.aws_security_group:sg-00000160~b3d60795d951,aws.aws_security_group,acme,sg-00000160,tier-0,Security group 160,true,2026-09-15T17:02:07Z,\N,2026-10-15T17:02:10Z,\N,1,assert
acme:aws.aws_security_group:sg-00000231~1ad31cce277d,aws.aws_security_group,acme,sg-00000231,tier-1,Security group 231,false,2026-09-15T11:48:37Z,\N,2026-10-15T07:05:29Z,\N,1,assert
acme:aws.aws_security_group:sg-00000287~012e5f653ae7,aws.aws_security_group,acme,sg-00000287,tier-2,Security group 287,false,2026-09-15T08:31:19Z,\N,2026-10-15T23:26:17Z,\N,1,assert
acme:aws.aws_security_group:sg-00000354~5275f138bef1,aws.aws_security_group,acme,sg-00000354,tier-4,Security group 354,false,2026-09-15T20:33:29Z,\N,2026-10-15T12:28:18Z,\N,1,assert
acme:aws.aws_security_group:sg-00000475~5582c57a6519,aws.aws_security_group,acme,sg-00000475,tier-0,Security group 475,true,2026-09-15T06:45:21Z,\N,2026-10-15T22:48:39Z,\N,1,assert
acme:aws.aws_security_group:sg-00000503~7476526d27d2,aws.aws_security_group,acme,sg-00000503,tier-3,Security group 503,false,2026-09-15T16:50:47Z,\N,2026-10-15T14:45:04Z,\N,1,assert
acme:aws.aws_security_group:sg-00000535~0699a562dab3,aws.aws_security_group,acme,sg-00000535,tier-0,Security group 535,true,2026-09-15T18:42:54Z,\N,2026-10-15T18:41:30Z,\N,1,assert
acme:aws.aws_security_group:sg-00000586~a9b35e2e9aa3,aws.aws_security_group,acme,sg-00000586,tier-1,Security group 586,false,2026-09-15T05:21:18Z,\N,2026-10-15T17:18:56Z,\N,1,assert
acme:aws.aws_security_group:sg-00000610~514693b9be1e,aws.aws_security_group,acme,sg-00000610,tier-0,Security group 610,true,2026-09-15T08:44:09Z,\N,2026-10-15T13:30:02Z,\N,1,assert
acme:aws.aws_security_group:sg-00000639~5855f96aba05,aws.aws_security_group,acme,sg-00000639,tier-4,Security group 639,false,2026-09-15T12:22:48Z,\N,2026-10-15T20:48:43Z,\N,1,assert
acme:aws.aws_security_group:sg-00000110~03443cd689f5,aws.aws_security_group,acme,sg-00000110,tier-0,Security group 110,true,2026-09-15T12:10:10Z,\N,2026-10-16T20:15:42Z,\N,1,assert
acme:aws.aws_security_group:sg-00000125~25bf51ab9e46,aws.aws_security_group,acme,sg-00000125,tier-0,Security group 125,true,2026-09-15T13:47:53Z,\N,2026-10-16T16:52:08Z,\N,1,assert
acme:aws.aws_security_group:sg-00000155~2a1f5df6722b,aws.aws_security_group,acme,sg-00000155,tier-0,Security group 155,true,2026-09-15T06:01:29Z,\N,2026-10-16T17:14:15Z,\N,1,assert
acme:aws.aws_security_group:sg-00000241~42c2c90545db,aws.aws_security_group,acme,sg-00000241,tier-1,Security group 241,false,2026-09-15T10:16:01Z,\N,2026-10-16T23:42:00Z,\N,1,assert
acme:aws.aws_security_group:sg-00000242~9f0f3e77e8e8,aws.aws_security_group,acme,sg-00000242,tier-2,Security group 242,false,2026-09-15T15:53:59Z,\N,2026-10-16T23:45:19Z,\N,1,assert
acme:aws.aws_security_group:sg-00000246~73237ece6958,aws.aws_security_group,acme,sg-00000246,tier-1,Security group 246,false,2026-09-15T21:54:03Z,\N,2026-10-16T01:18:37Z,\N,1,assert
acme:aws.aws_security_group:sg-00000275~c6722b61d3a6,aws.aws_security_group,acme,sg-00000275,tier-0,Security group 275,true,2026-09-15T06:11:40Z,\N,2026-10-16T05:37:42Z,\N,1,assert
acme:aws.aws_security_group:sg-00000281~d270c33135b0,aws.aws_security_group,acme,sg-00000281,tier-1,Security group 281,false,2026-09-15T23:02:30Z,\N,2026-10-16T18:56:47Z,\N,1,assert
acme:aws.aws_security_group:sg-00000300~c728273918b2,aws.aws_security_group,acme,sg-00000300,tier-0,Security group 300,true,2026-09-15T01:17:14Z,\N,2026-10-16T09:18:02Z,\N,1,assert
acme:aws.aws_security_group:sg-00000351~3fc17849795a,aws.aws_security_group,acme,sg-00000351,tier-1,Security group 351,false,2026-09-15T14:02:48Z,\N,2026-10-16T04:53:20Z,\N,1,assert
acme:aws.aws_security_group:sg-00000399~28e4bcca697d,aws.aws_security_group,acme,sg-00000399,tier-4,Security group 399,false,2026-09-15T07:51:31Z,\N,2026-10-16T14:17:24Z,\N,1,assert
acme:aws.aws_security_group:sg-00000425~51d2a5b813b5,aws.aws_security_group,acme,sg-00000425,tier-0,Security group 425,true,2026-09-15T22:53:30Z,\N,2026-10-16T11:43:00Z,\N,1,assert
acme:aws.aws_security_group:sg-00000540~b7d30583dea9,aws.aws_security_group,acme,sg-00000540,tier-0,Security group 540,true,2026-09-15T18:15:15Z,\N,2026-10-16T17:49:38Z,\N,1,assert
acme:aws.aws_security_group:sg-00000555~33aaf066afa8,aws.aws_security_group,acme,sg-00000555,tier-0,Security group 555,true,2026-09-15T16:45:26Z,\N,2026-10-16T17:53:25Z,\N,1,assert
acme:aws.aws_security_group:sg-00000578~54a921901dca,aws.aws_security_group,acme,sg-00000578,tier-3,Security group 578,false,2026-09-15T02:39:07Z,\N,2026-10-16T17:35:34Z,\N,1,assert
acme:aws.aws_security_group:sg-00000070~7615a8a83889,aws.aws_security_group,acme,sg-00000070,tier-0,Security group 70,true,2026-09-15T22:45:27Z,\N,2026-10-17T13:03:05Z,\N,1,assert
acme:aws.aws_security_group:sg-00000146~11ba3bca3e65,aws.aws_security_group,acme,sg-00000146,tier-1,Security group 146,false,2026-09-15T01:06:13Z,\N,2026-10-17T18:37:09Z,\N,1,assert
acme:aws.aws_security_group:sg-00000186~0251e93e01cf,aws.aws_security_group,acme,sg-00000186,tier-1,Security group 186,false,2026-09-15T04:30:45Z,\N,2026-10-17T07:42:23Z,\N,1,assert
acme:aws.aws_security_group:sg-00000273~1c9047d827e3,aws.aws_security_group,acme,sg-00000273,tier-3,Security group 273,false,2026-09-15T13:37:14Z,\N,2026-10-17T02:26:47Z,\N,1,assert
acme:aws.aws_security_group:sg-00000350~acb589ab8499,aws.aws_security_group,acme,sg-00000350,tier-0,Security group 350,true,2026-09-15T18:02:39Z,\N,2026-10-17T21:06:03Z,\N,1,assert
acme:aws.aws_security_group:sg-00000430~c0b3f618f630,aws.aws_security_group,acme,sg-00000430,tier-0,Security group 430,true,2026-09-15T11:06:31Z,\N,2026-10-17T15:29:26Z,\N,1,assert
acme:aws.aws_security_group:sg-00000469~642368cb82ec,aws.aws_security_group,acme,sg-00000469,tier-4,Security group 469,false,2026-09-15T03:00:09Z,\N,2026-10-17T10:15:30Z,\N,1,assert
acme:aws.aws_security_group:sg-00000491~4ec75f871d20,aws.aws_security_group,acme,sg-00000491,tier-1,Security group 491,false,2026-09-15T02:13:45Z,\N,2026-10-17T05:29:52Z,\N,1,assert
acme:aws.aws_security_group:sg-00000523~1dcdaadf3289,aws.aws_security_group,acme,sg-00000523,tier-3,Security group 523,false,2026-09-15T05:21:49Z,\N,2026-10-17T15:21:54Z,\N,1,assert
acme:aws.aws_security_group:sg-00000538~d817edd966b0,aws.aws_security_group,acme,sg-00000538,tier-3,Security group 538,false,2026-09-15T00:43:37Z,\N,2026-10-17T16:54:20Z,\N,1,assert
acme:aws.aws_security_group:sg-00000546~acd29b8440c0,aws.aws_security_group,acme,sg-00000546,tier-1,Security group 546,false,2026-09-15T20:14:13Z,\N,2026-10-17T06:15:01Z,\N,1,assert
acme:aws.aws_security_group:sg-00000566~cf17494190d7,aws.aws_security_group,acme,sg-00000566,tier-1,Security group 566,false,2026-09-15T18:21:18Z,\N,2026-10-17T03:25:22Z,\N,1,assert
acme:aws.aws_security_group:sg-00000592~6a42a6115139,aws.aws_security_group,acme,sg-00000592,tier-2,Security group 592,false,2026-09-15T12:49:51Z,\N,2026-10-17T10:33:19Z,\N,1,assert
acme:aws.aws_security_group:sg-00000613~1776b896defe,aws.aws_security_group,acme,sg-00000613,tier-3,Security group 613,false,2026-09-15T13:29:50Z,\N,2026-10-17T11:02:29Z,\N,1,assert
acme:aws.aws_security_group:sg-00000636~76e90cbbbb4c,aws.aws_security_group,acme,sg-00000636,tier-1,Security group 636,false,2026-09-15T20:47:01Z,\N,2026-10-17T15:27:10Z,\N,1,assert
acme:aws.aws_security_group:sg-00000096~ca7527192afb,aws.aws_security_group,acme,sg-00000096,tier-1,Security group 96,false,2026-09-15T21:28:06Z,\N,2026-10-18T02:30:58Z,\N,1,assert
acme:aws.aws_security_group:sg-00000177~dab8e198346b,aws.aws_security_group,acme,sg-00000177,tier-2,Security group 177,false,2026-10-14T21:02:56Z,\N,2026-10-18T10:38:50Z,\N,1,assert
acme:aws.aws_security_group:sg-00000192~a61b0d9cb517,aws.aws_security_group,acme,sg-00000192,tier-2,Security group 192,false,2026-09-15T08:46:44Z,\N,2026-10-18T16:18:14Z,\N,1,assert
acme:aws.aws_security_group:sg-00000206~4e04889413de,aws.aws_security_group,acme,sg-00000206,tier-1,Security group 206,false,2026-09-15T16:17:28Z,\N,2026-10-18T06:17:20Z,\N,1,assert
acme:aws.aws_security_group:sg-00000233~aab421e1db0e,aws.aws_security_group,acme,sg-00000233,tier-3,Security group 233,false,2026-09-15T13:23:19Z,\N,2026-10-18T08:55:52Z,\N,1,assert
acme:aws.aws_security_group:sg-00000342~a2966a8c38a6,aws.aws_security_group,acme,sg-00000342,tier-2,Security group 342,false,2026-09-15T05:12:18Z,\N,2026-10-18T12:15:43Z,\N,1,assert
acme:aws.aws_security_group:sg-00000374~008441b9834b,aws.aws_security_group,acme,sg-00000374,tier-4,Security group 374,false,2026-09-15T14:12:45Z,\N,2026-10-18T22:05:29Z,\N,1,assert
acme:aws.aws_security_group:sg-00000419~c18b8791ace8,aws.aws_security_group,acme,sg-00000419,tier-4,Security group 419,false,2026-09-15T09:03:15Z,\N,2026-10-18T15:58:53Z,\N,1,assert
acme:aws.aws_security_group:sg-00000441~ac730374d597,aws.aws_security_group,acme,sg-00000441,tier-1,Security group 441,false,2026-09-15T02:15:40Z,\N,2026-10-18T23:42:14Z,\N,1,assert
acme:aws.aws_security_group:sg-00000456~2008ff0b9beb,aws.aws_security_group,acme,sg-00000456,tier-1,Security group 456,false,2026-09-15T13:36:32Z,\N,2026-10-18T21:29:48Z,\N,1,assert
acme:aws.aws_security_group:sg-00000473~953a7750e3d9,aws.aws_security_group,acme,sg-00000473,tier-3,Security group 473,false,2026-09-15T10:43:59Z,\N,2026-10-18T07:10:30Z,\N,1,assert
acme:aws.aws_security_group:sg-00000575~d48879a36cbd,aws.aws_security_group,acme,sg-00000575,tier-0,Security group 575,true,2026-09-15T00:16:25Z,\N,2026-10-18T05:57:34Z,\N,1,assert
acme:aws.aws_security_group:sg-00000019~282451ceac64,aws.aws_security_group,acme,sg-00000019,tier-4,Security group 19,false,2026-09-15T12:43:24Z,\N,2026-10-19T01:29:36Z,\N,1,assert
acme:aws.aws_security_group:sg-00000075~8e1265e95a2f,aws.aws_security_group,acme,sg-00000075,tier-0,Security group 75,true,2026-10-14T00:46:39Z,\N,2026-10-19T06:02:43Z,\N,1,assert
acme:aws.aws_security_group:sg-00000113~06db98be5383,aws.aws_security_group,acme,sg-00000113,tier-3,Security group 113,false,2026-09-15T11:44:31Z,\N,2026-10-19T21:03:35Z,\N,1,assert
acme:aws.aws_security_group:sg-00000230~d88eef517b79,aws.aws_security_group,acme,sg-00000230,tier-0,Security group 230,true,2026-09-15T01:21:15Z,\N,2026-10-19T02:38:31Z,\N,1,assert
acme:aws.aws_security_group:sg-00000346~f0ef16f6f87f,aws.aws_security_group,acme,sg-00000346,tier-1,Security group 346,false,2026-09-15T07:58:38Z,\N,2026-10-19T18:02:09Z,\N,1,assert
acme:aws.aws_security_group:sg-00000367~126c927bb8e5,aws.aws_security_group,acme,sg-00000367,tier-2,Security group 367,false,2026-09-15T05:11:47Z,\N,2026-10-19T13:18:30Z,\N,1,assert
acme:aws.aws_security_group:sg-00000390~1aa6f895d7fb,aws.aws_security_group,acme,sg-00000390,tier-0,Security group 390,true,2026-09-15T02:37:41Z,\N,2026-10-19T19:18:54Z,\N,1,assert
acme:aws.aws_security_group:sg-00000397~fd7bfe3ba7c5,aws.aws_security_group,acme,sg-00000397,tier-2,Security group 397,false,2026-09-15T23:20:23Z,\N,2026-10-19T11:46:00Z,\N,1,assert
acme:aws.aws_security_group:sg-00000499~b6c1da7613f6,aws.aws_security_group,acme,sg-00000499,tier-4,Security group 499,false,2026-09-15T03:25:26Z,\N,2026-10-19T07:38:28Z,\N,1,assert
acme:aws.aws_security_group:sg-00000101~b74522b95d53,aws.aws_security_group,acme,sg-00000101,tier-1,Security group 101,false,2026-09-15T11:31:37Z,\N,2026-10-20T09:20:27Z,\N,1,assert
acme:aws.aws_security_group:sg-00000145~e9a0be778410,aws.aws_security_group,acme,sg-00000145,tier-0,Security group 145,true,2026-09-15T03:11:08Z,\N,2026-10-20T01:59:50Z,\N,1,assert
acme:aws.aws_security_group:sg-00000236~5d0e51a04103,aws.aws_security_group,acme,sg-00000236,tier-1,Security group 236,false,2026-09-15T01:24:22Z,\N,2026-10-20T20:05:09Z,\N,1,assert
acme:aws.aws_security_group:sg-00000253~c9fda9366f58,aws.aws_security_group,acme,sg-00000253,tier-3,Security group 253,false,2026-09-15T19:29:05Z,\N,2026-10-20T17:57:22Z,\N,1,assert
acme:aws.aws_security_group:sg-00000279~c739c2eb114e,aws.aws_security_group,acme,sg-00000279,tier-4,Security group 279,false,2026-09-15T13:45:44Z,\N,2026-10-20T07:29:42Z,\N,1,assert
acme:aws.aws_security_group:sg-00000303~37e17bb2f365,aws.aws_security_group,acme,sg-00000303,tier-3,Security group 303,false,2026-09-15T00:46:35Z,\N,2026-10-20T05:31:31Z,\N,1,assert
acme:aws.aws_security_group:sg-00000327~f91bae6c478c,aws.aws_security_group,acme,sg-00000327,tier-2,Security group 327,false,2026-09-15T05:25:07Z,\N,2026-10-20T04:04:26Z,\N,1,assert
acme:aws.aws_security_group:sg-00000345~380c47bedb98,aws.aws_security_group,acme,sg-00000345,tier-0,Security group 345,true,2026-09-15T15:30:51Z,\N,2026-10-20T19:42:20Z,\N,1,assert
acme:aws.aws_security_group:sg-00000437~5493fc0f347d,aws.aws_security_group,acme,sg-00000437,tier-2,Security group 437,false,2026-09-15T18:56:45Z,\N,2026-10-20T20:35:52Z,\N,1,assert
acme:aws.aws_security_group:sg-00000464~87fdbead0a53,aws.aws_security_group,acme,sg-00000464,tier-4,Security group 464,false,2026-09-15T21:44:26Z,\N,2026-10-20T19:34:01Z,\N,1,assert
acme:aws.aws_security_group:sg-00000482~8b47d2f40340,aws.aws_security_group,acme,sg-00000482,tier-2,Security group 482,false,2026-09-15T01:26:16Z,\N,2026-10-20T09:20:30Z,\N,1,assert
acme:aws.aws_security_group:sg-00000621~e79e94820bbe,aws.aws_security_group,acme,sg-00000621,tier-1,Security group 621,false,2026-09-15T11:49:33Z,\N,2026-10-20T03:37:04Z,\N,1,assert
acme:aws.aws_security_group:sg-00000633~c119b9bfa675,aws.aws_security_group,acme,sg-00000633,tier-3,Security group 633,false,2026-09-15T17:49:49Z,\N,2026-10-20T03:47:36Z,\N,1,assert
acme:aws.aws_security_group:sg-00000122~53e3ad015a78,aws.aws_security_group,acme,sg-00000122,tier-2,Security group 122,false,2026-09-15T13:59:46Z,\N,2026-10-21T15:21:10Z,\N,1,assert
acme:aws.aws_security_group:sg-00000144~3bad24622eff,aws.aws_security_group,acme,sg-00000144,tier-4,Security group 144,false,2026-09-15T13:27:13Z,\N,2026-10-21T23:39:42Z,\N,1,assert
acme:aws.aws_security_group:sg-00000162~b8d5638170ae,aws.aws_security_group,acme,sg-00000162,tier-2,Security group 162,false,2026-09-15T19:20:12Z,\N,2026-10-21T12:30:06Z,\N,1,assert
acme:aws.aws_security_group:sg-00000255~02b8a7bb903b,aws.aws_security_group,acme,sg-00000255,tier-0,Security group 255,true,2026-09-15T21:23:21Z,\N,2026-10-21T02:57:42Z,\N,1,assert
acme:aws.aws_security_group:sg-00000452~89b58e10d981,aws.aws_security_group,acme,sg-00000452,tier-2,Security group 452,false,2026-09-15T05:31:56Z,\N,2026-10-21T04:02:57Z,\N,1,assert
acme:aws.aws_security_group:sg-00000488~09f4a5e4d910,aws.aws_security_group,acme,sg-00000488,tier-3,Security group 488,false,2026-09-15T16:38:19Z,\N,2026-10-21T07:25:12Z,\N,1,assert
acme:aws.aws_security_group:sg-00000537~6f6a0e1512cf,aws.aws_security_group,acme,sg-00000537,tier-2,Security group 537,false,2026-09-15T18:57:39Z,\N,2026-10-21T11:15:57Z,\N,1,assert
acme:aws.aws_security_group:sg-00000550~a0e5e5b2fd39,aws.aws_security_group,acme,sg-00000550,tier-0,Security group 550,true,2026-09-15T15:49:52Z,\N,2026-10-21T05:38:59Z,\N,1,assert
acme:aws.aws_security_group:sg-00000559~dc38fa63ab94,aws.aws_security_group,acme,sg-00000559,tier-4,Security group 559,false,2026-09-15T17:31:54Z,\N,2026-10-21T17:10:33Z,\N,1,assert
acme:aws.aws_security_group:sg-00000571~0b7b16d42173,aws.aws_security_group,acme,sg-00000571,tier-1,Security group 571,false,2026-09-15T06:49:51Z,\N,2026-10-21T18:38:26Z,\N,1,assert
acme:aws.aws_security_group:sg-00000068~0875f8e94db9,aws.aws_security_group,acme,sg-00000068,tier-3,Security group 68,false,2026-09-15T20:24:06Z,\N,2026-10-22T16:24:02Z,\N,1,assert
acme:aws.aws_security_group:sg-00000074~0284cb698b58,aws.aws_security_group,acme,sg-00000074,tier-4,Security group 74,false,2026-09-15T20:16:01Z,\N,2026-10-22T17:37:48Z,\N,1,assert
acme:aws.aws_security_group:sg-00000211~7aebd2d41162,aws.aws_security_group,acme,sg-00000211,tier-1,Security group 211,false,2026-09-15T11:46:40Z,\N,2026-10-22T11:12:41Z,\N,1,assert
acme:aws.aws_security_group:sg-00000307~6dc2c882e95b,aws.aws_security_group,acme,sg-00000307,tier-2,Security group 307,false,2026-09-15T10:38:41Z,\N,2026-10-22T05:32:17Z,\N,1,assert
acme:aws.aws_security_group:sg-00000459~d4527a451cec,aws.aws_security_group,acme,sg-00000459,tier-4,Security group 459,false,2026-09-15T14:37:58Z,\N,2026-10-22T09:49:31Z,\N,1,assert
acme:aws.aws_security_group:sg-00000472~c8b7c8b4c8ec,aws.aws_security_group,acme,sg-00000472,tier-2,Security group 472,false,2026-09-15T21:00:20Z,\N,2026-10-22T06:36:58Z,\N,1,assert
acme:aws.aws_security_group:sg-00000548~b2ed966f1aef,aws.aws_security_group,acme,sg-00000548,tier-3,Security group 548,false,2026-09-15T10:17:03Z,\N,2026-10-22T04:59:32Z,\N,1,assert
acme:aws.aws_security_group:sg-00000605~49ba95ae8dfd,aws.aws_security_group,acme,sg-00000605,tier-0,Security group 605,true,2026-09-15T02:55:39Z,\N,2026-10-22T01:55:59Z,\N,1,assert
acme:aws.aws_security_group:sg-00000049~3fd65e81c1b0,aws.aws_security_group,acme,sg-00000049,tier-4,Security group 49,false,2026-09-15T11:38:21Z,\N,2026-10-23T08:20:29Z,\N,1,assert
acme:aws.aws_security_group:sg-00000062~a7abf8542af2,aws.aws_security_group,acme,sg-00000062,tier-2,Security group 62,false,2026-09-15T10:56:54Z,\N,2026-10-23T23:44:32Z,\N,1,assert
acme:aws.aws_security_group:sg-00000092~4c81d3473d3c,aws.aws_security_group,acme,sg-00000092,tier-2,Security group 92,false,2026-09-15T14:39:50Z,\N,2026-10-23T17:19:27Z,\N,1,assert
acme:aws.aws_security_group:sg-00000102~9267a0c5ddd0,aws.aws_security_group,acme,sg-00000102,tier-2,Security group 102,false,2026-09-15T20:47:43Z,\N,2026-10-23T11:23:35Z,\N,1,assert
acme:aws.aws_security_group:sg-00000168~9d0abb83205b,aws.aws_security_group,acme,sg-00000168,tier-3,Security group 168,false,2026-09-15T13:24:13Z,\N,2026-10-23T09:28:25Z,\N,1,assert
acme:aws.aws_security_group:sg-00000243~3c46477cf5c9,aws.aws_security_group,acme,sg-00000243,tier-3,Security group 243,false,2026-09-15T08:48:55Z,\N,2026-10-23T19:33:09Z,\N,1,assert
acme:aws.aws_security_group:sg-00000310~6934dd5de58b,aws.aws_security_group,acme,sg-00000310,tier-0,Security group 310,true,2026-09-15T15:04:22Z,\N,2026-10-23T13:11:02Z,\N,1,assert
acme:aws.aws_security_group:sg-00000405~b8308ba3456c,aws.aws_security_group,acme,sg-00000405,tier-0,Security group 405,true,2026-09-15T12:32:30Z,\N,2026-10-23T12:13:12Z,\N,1,assert
acme:aws.aws_security_group:sg-00000414~a3ae0e6c780c,aws.aws_security_group,acme,sg-00000414,tier-4,Security group 414,false,2026-09-15T21:01:11Z,\N,2026-10-23T16:46:14Z,\N,1,assert
acme:aws.aws_security_group:sg-00000439~b445da369d6f,aws.aws_security_group,acme,sg-00000439,tier-4,Security group 439,false,2026-09-15T08:18:20Z,\N,2026-10-23T20:30:20Z,\N,1,assert
acme:aws.aws_security_group:sg-00000506~4bfb5c520e36,aws.aws_security_group,acme,sg-00000506,tier-1,Security group 506,false,2026-09-15T21:31:48Z,\N,2026-10-23T17:45:39Z,\N,1,assert
acme:aws.aws_security_group:sg-00000561~799d6ca2c8f5,aws.aws_security_group,acme,sg-00000561,tier-1,Security group 561,false,2026-09-15T02:03:08Z,\N,2026-10-23T09:03:38Z,\N,1,assert
acme:aws.aws_security_group:sg-00000562~dee69fcd4b0c,aws.aws_security_group,acme,sg-00000562,tier-2,Security group 562,false,2026-09-15T09:29:32Z,\N,2026-10-23T02:51:18Z,\N,1,assert
acme:aws.aws_security_group:sg-00000597~d0988c6a5fde,aws.aws_security_group,acme,sg-00000597,tier-2,Security group 597,false,2026-09-15T15:01:50Z,\N,2026-10-23T18:16:08Z,\N,1,assert
acme:aws.aws_security_group:sg-00000615~746878801eef,aws.aws_security_group,acme,sg-00000615,tier-0,Security group 615,true,2026-09-15T04:24:17Z,\N,2026-10-23T09:34:21Z,\N,1,assert
acme:aws.aws_security_group:sg-00000037~e37e39ec5dc5,aws.aws_security_group,acme,sg-00000037,tier-2,Security group 37,false,2026-09-15T10:31:29Z,\N,2026-10-24T23:35:16Z,\N,1,assert
acme:aws.aws_security_group:sg-00000040~b47d4d740a70,aws.aws_security_group,acme,sg-00000040,tier-0,Security group 40,true,2026-09-15T05:18:25Z,\N,2026-10-24T23:39:53Z,\N,1,assert
acme:aws.aws_security_group:sg-00000081~ae1aaee2d57f,aws.aws_security_group,acme,sg-00000081,tier-1,Security group 81,false,2026-09-20T15:28:32Z,\N,2026-10-24T20:00:38Z,\N,1,assert
acme:aws.aws_security_group:sg-00000095~1a351a6ac207,aws.aws_security_group,acme,sg-00000095,tier-0,Security group 95,true,2026-09-15T12:42:42Z,\N,2026-10-24T04:50:32Z,\N,1,assert
acme:aws.aws_security_group:sg-00000138~d4ba4236b758,aws.aws_security_group,acme,sg-00000138,tier-3,Security group 138,false,2026-09-15T22:54:40Z,\N,2026-10-24T00:31:22Z,\N,1,assert
acme:aws.aws_security_group:sg-00000238~912f3b26e585,aws.aws_security_group,acme,sg-00000238,tier-3,Security group 238,false,2026-09-15T01:50:32Z,\N,2026-10-24T20:07:44Z,\N,1,assert
acme:aws.aws_security_group:sg-00000269~4a8c684041ca,aws.aws_security_group,acme,sg-00000269,tier-4,Security group 269,false,2026-09-15T11:35:10Z,\N,2026-10-24T12:31:53Z,\N,1,assert
acme:aws.aws_security_group:sg-00000274~4c6e1d670381,aws.aws_security_group,acme,sg-00000274,tier-4,Security group 274,false,2026-09-15T11:47:08Z,\N,2026-10-24T23:01:44Z,\N,1,assert
acme:aws.aws_security_group:sg-00000276~c5d3cf7f27a2,aws.aws_security_group,acme,sg-00000276,tier-1,Security group 276,false,2026-09-15T12:36:28Z,\N,2026-10-24T11:56:48Z,\N,1,assert
acme:aws.aws_security_group:sg-00000294~8c9ca8a92999,aws.aws_security_group,acme,sg-00000294,tier-4,Security group 294,false,2026-09-15T12:24:27Z,\N,2026-10-24T11:39:44Z,\N,1,assert
acme:aws.aws_security_group:sg-00000312~aae61abe0aec,aws.aws_security_group,acme,sg-00000312,tier-2,Security group 312,false,2026-09-15T21:51:22Z,\N,2026-10-24T13:27:10Z,\N,1,assert
acme:aws.aws_security_group:sg-00000319~19ef21e7770c,aws.aws_security_group,acme,sg-00000319,tier-4,Security group 319,false,2026-09-15T23:19:01Z,\N,2026-10-24T14:51:44Z,\N,1,assert
acme:aws.aws_security_group:sg-00000375~7869d4fe4334,aws.aws_security_group,acme,sg-00000375,tier-0,Security group 375,true,2026-09-15T06:22:06Z,\N,2026-10-24T11:32:52Z,\N,1,assert
acme:aws.aws_security_group:sg-00000381~92e19ec89c13,aws.aws_security_group,acme,sg-00000381,tier-1,Security group 381,false,2026-09-15T20:15:13Z,\N,2026-10-24T21:36:23Z,\N,1,assert
acme:aws.aws_security_group:sg-00000394~0e8a106485aa,aws.aws_security_group,acme,sg-00000394,tier-4,Security group 394,false,2026-09-15T04:14:56Z,\N,2026-10-24T23:01:01Z,\N,1,assert
acme:aws.aws_security_group:sg-00000404~3837f0dc1371,aws.aws_security_group,acme,sg-00000404,tier-4,Security group 404,false,2026-09-15T08:33:03Z,\N,2026-10-24T10:08:33Z,\N,1,assert
acme:aws.aws_security_group:sg-00000442~9f2563fcd204,aws.aws_security_group,acme,sg-00000442,tier-2,Security group 442,false,2026-09-15T10:22:11Z,\N,2026-10-24T07:56:23Z,\N,1,assert
acme:aws.aws_security_group:sg-00000458~2c30e3520d55,aws.aws_security_group,acme,sg-00000458,tier-3,Security group 458,false,2026-09-15T00:27:31Z,\N,2026-10-24T01:46:43Z,\N,1,assert
acme:aws.aws_security_group:sg-00000467~04388be6ba33,aws.aws_security_group,acme,sg-00000467,tier-2,Security group 467,false,2026-09-15T14:37:31Z,\N,2026-10-24T01:43:21Z,\N,1,assert
acme:aws.aws_security_group:sg-00000492~609f287058c4,aws.aws_security_group,acme,sg-00000492,tier-2,Security group 492,false,2026-09-15T06:14:12Z,\N,2026-10-24T13:22:44Z,\N,1,assert
acme:aws.aws_security_group:sg-00000560~48912b117c9a,aws.aws_security_group,acme,sg-00000560,tier-0,Security group 560,true,2026-09-15T19:13:50Z,\N,2026-10-24T02:48:29Z,\N,1,assert
acme:aws.aws_security_group:sg-00000570~bf915fc9aa55,aws.aws_security_group,acme,sg-00000570,tier-0,Security group 570,true,2026-09-15T10:35:39Z,\N,2026-10-24T00:37:40Z,\N,1,assert
acme:aws.aws_security_group:sg-00000611~da0d087b16bf,aws.aws_security_group,acme,sg-00000611,tier-1,Security group 611,false,2026-09-15T10:02:21Z,\N,2026-10-24T13:48:47Z,\N,1,assert
acme:aws.aws_security_group:sg-00000034~199748b7481d,aws.aws_security_group,acme,sg-00000034,tier-4,Security group 34,false,2026-09-15T17:22:09Z,\N,2026-10-25T14:46:00Z,\N,1,assert
acme:aws.aws_security_group:sg-00000065~13aacc4c5197,aws.aws_security_group,acme,sg-00000065,tier-0,Security group 65,true,2026-09-15T06:12:19Z,\N,2026-10-25T18:34:15Z,\N,1,assert
acme:aws.aws_security_group:sg-00000085~0337df22da6d,aws.aws_security_group,acme,sg-00000085,tier-0,Security group 85,true,2026-09-15T02:52:46Z,\N,2026-10-25T17:07:56Z,\N,1,assert
acme:aws.aws_security_group:sg-00000213~bfa774b83cdc,aws.aws_security_group,acme,sg-00000213,tier-3,Security group 213,false,2026-09-15T12:36:01Z,\N,2026-10-25T23:49:28Z,\N,1,assert
acme:aws.aws_security_group:sg-00000216~5b443ae3e2bb,aws.aws_security_group,acme,sg-00000216,tier-1,Security group 216,false,2026-09-15T11:45:35Z,\N,2026-10-25T14:11:57Z,\N,1,assert
acme:aws.aws_security_group:sg-00000244~27a911039808,aws.aws_security_group,acme,sg-00000244,tier-4,Security group 244,false,2026-09-15T01:29:21Z,\N,2026-10-25T06:38:56Z,\N,1,assert
acme:aws.aws_security_group:sg-00000259~f8b30a2ba46e,aws.aws_security_group,acme,sg-00000259,tier-4,Security group 259,false,2026-09-15T08:59:28Z,\N,2026-10-25T20:45:59Z,\N,1,assert
acme:aws.aws_security_group:sg-00000305~d7e17ef44655,aws.aws_security_group,acme,sg-00000305,tier-0,Security group 305,true,2026-09-15T16:34:41Z,\N,2026-10-25T23:54:34Z,\N,1,assert
acme:aws.aws_security_group:sg-00000313~243e9d60f65f,aws.aws_security_group,acme,sg-00000313,tier-3,Security group 313,false,2026-09-15T11:25:26Z,\N,2026-10-25T08:46:57Z,\N,1,assert
acme:aws.aws_security_group:sg-00000372~d60eec5f7e31,aws.aws_security_group,acme,sg-00000372,tier-2,Security group 372,false,2026-09-15T23:23:58Z,\N,2026-10-25T00:20:51Z,\N,1,assert
acme:aws.aws_security_group:sg-00000388~11872e68ece9,aws.aws_security_group,acme,sg-00000388,tier-3,Security group 388,false,2026-09-15T02:35:55Z,\N,2026-10-25T18:10:12Z,\N,1,assert
acme:aws.aws_security_group:sg-00000408~914f43e80386,aws.aws_security_group,acme,sg-00000408,tier-3,Security group 408,false,2026-09-15T07:13:48Z,\N,2026-10-25T10:26:29Z,\N,1,assert
acme:aws.aws_security_group:sg-00000477~6e3939a8c3d7,aws.aws_security_group,acme,sg-00000477,tier-2,Security group 477,false,2026-09-15T13:25:16Z,\N,2026-10-25T10:09:37Z,\N,1,assert
acme:aws.aws_security_group:sg-00000521~aa2757a9a9cf,aws.aws_security_group,acme,sg-00000521,tier-1,Security group 521,false,2026-09-15T09:55:52Z,\N,2026-10-25T02:21:27Z,\N,1,assert
acme:aws.aws_security_group:sg-00000533~1b0c72cd9be1,aws.aws_security_group,acme,sg-00000533,tier-3,Security group 533,false,2026-09-15T12:15:02Z,\N,2026-10-25T07:11:13Z,\N,1,assert
acme:aws.aws_security_group:sg-00000021~deb587a1cc8d,aws.aws_security_group,acme,sg-00000021,tier-1,Security group 21,false,2026-09-15T11:41:09Z,\N,2026-10-26T15:57:07Z,\N,1,assert
acme:aws.aws_security_group:sg-00000023~7a22c8994ac1,aws.aws_security_group,acme,sg-00000023,tier-3,Security group 23,false,2026-09-15T07:19:16Z,\N,2026-10-26T23:44:45Z,\N,1,assert
acme:aws.aws_security_group:sg-00000042~4a29ebac5059,aws.aws_security_group,acme,sg-00000042,tier-2,Security group 42,false,2026-09-15T19:53:45Z,\N,2026-10-26T16:36:37Z,\N,1,assert
acme:aws.aws_security_group:sg-00000060~b82fb09f225f,aws.aws_security_group,acme,sg-00000060,tier-0,Security group 60,true,2026-09-15T07:48:49Z,\N,2026-10-26T21:47:02Z,\N,1,assert
acme:aws.aws_security_group:sg-00000072~f86ed693b36a,aws.aws_security_group,acme,sg-00000072,tier-2,Security group 72,false,2026-09-15T11:09:26Z,\N,2026-10-26T04:54:59Z,\N,1,assert
acme:aws.aws_security_group:sg-00000170~fc8a5d206dfc,aws.aws_security_group,acme,sg-00000170,tier-0,Security group 170,true,2026-09-15T13:17:57Z,\N,2026-10-26T21:04:29Z,\N,1,assert
acme:aws.aws_security_group:sg-00000208~f9d3012508eb,aws.aws_security_group,acme,sg-00000208,tier-3,Security group 208,false,2026-09-15T05:41:25Z,\N,2026-10-26T03:29:06Z,\N,1,assert
acme:aws.aws_security_group:sg-00000210~d85af398af83,aws.aws_security_group,acme,sg-00000210,tier-0,Security group 210,true,2026-09-15T11:00:59Z,\N,2026-10-26T08:50:01Z,\N,1,assert
acme:aws.aws_security_group:sg-00000232~7390f394a926,aws.aws_security_group,acme,sg-00000232,tier-2,Security group 232,false,2026-09-15T13:35:27Z,\N,2026-10-26T09:51:52Z,\N,1,assert
acme:aws.aws_security_group:sg-00000234~865ace188bc0,aws.aws_security_group,acme,sg-00000234,tier-4,Security group 234,false,2026-09-15T03:50:57Z,\N,2026-10-26T13:33:12Z,\N,1,assert
acme:aws.aws_security_group:sg-00000260~869b3602272c,aws.aws_security_group,acme,sg-00000260,tier-0,Security group 260,true,2026-09-15T09:02:52Z,\N,2026-10-26T12:04:31Z,\N,1,assert
acme:aws.aws_security_group:sg-00000424~2393478f5884,aws.aws_security_group,acme,sg-00000424,tier-4,Security group 424,false,2026-09-15T19:17:12Z,\N,2026-10-26T11:53:28Z,\N,1,assert
acme:aws.aws_security_group:sg-00000433~c26857b97737,aws.aws_security_group,acme,sg-00000433,tier-3,Security group 433,false,2026-09-15T23:08:57Z,\N,2026-10-26T16:21:27Z,\N,1,assert
acme:aws.aws_security_group:sg-00000498~e58678e34900,aws.aws_security_group,acme,sg-00000498,tier-3,Security group 498,false,2026-09-15T12:53:21Z,\N,2026-10-26T21:04:12Z,\N,1,assert
acme:aws.aws_security_group:sg-00000626~b1a9c459e79b,aws.aws_security_group,acme,sg-00000626,tier-1,Security group 626,false,2026-09-15T05:34:39Z,\N,2026-10-26T12:39:59Z,\N,1,assert
acme:aws.aws_security_group:sg-00000014~17abdbbd9f16,aws.aws_security_group,acme,sg-00000014,tier-4,Security group 14,false,2026-09-15T19:22:12Z,\N,2026-10-27T14:18:08Z,\N,1,assert
acme:aws.aws_security_group:sg-00000094~d2a5967e1061,aws.aws_security_group,acme,sg-00000094,tier-4,Security group 94,false,2026-09-15T15:53:12Z,\N,2026-10-27T19:55:48Z,\N,1,assert
acme:aws.aws_security_group:sg-00000116~de7562899c75,aws.aws_security_group,acme,sg-00000116,tier-1,Security group 116,false,2026-09-15T21:05:13Z,\N,2026-10-27T05:20:45Z,\N,1,assert
acme:aws.aws_security_group:sg-00000165~708336967920,aws.aws_security_group,acme,sg-00000165,tier-0,Security group 165,true,2026-09-15T18:19:34Z,\N,2026-10-27T07:32:04Z,\N,1,assert
acme:aws.aws_security_group:sg-00000194~1319cfcc56d2,aws.aws_security_group,acme,sg-00000194,tier-4,Security group 194,false,2026-09-15T13:28:11Z,\N,2026-10-27T21:45:11Z,\N,1,assert
acme:aws.aws_security_group:sg-00000220~eb5e003b5794,aws.aws_security_group,acme,sg-00000220,tier-0,Security group 220,true,2026-09-15T17:08:16Z,\N,2026-10-27T12:23:31Z,\N,1,assert
acme:aws.aws_security_group:sg-00000221~6b4334d199e0,aws.aws_security_group,acme,sg-00000221,tier-1,Security group 221,false,2026-09-15T12:26:05Z,\N,2026-10-27T15:20:46Z,\N,1,assert
acme:aws.aws_security_group:sg-00000277~4747cf1e4749,aws.aws_security_group,acme,sg-00000277,tier-2,Security group 277,false,2026-09-15T01:12:50Z,\N,2026-10-27T15:06:33Z,\N,1,assert
acme:aws.aws_security_group:sg-00000353~5ad61ff6ca5c,aws.aws_security_group,acme,sg-00000353,tier-3,Security group 353,false,2026-09-15T06:54:22Z,\N,2026-10-27T20:50:32Z,\N,1,assert
acme:aws.aws_security_group:sg-00000461~22124485f4a3,aws.aws_security_group,acme,sg-00000461,tier-1,Security group 461,false,2026-09-15T20:07:54Z,\N,2026-10-27T07:28:13Z,\N,1,assert
acme:aws.aws_security_group:sg-00000507~449cf2a2e7af,aws.aws_security_group,acme,sg-00000507,tier-2,Security group 507,false,2026-09-15T09:28:31Z,\N,2026-10-27T02:57:03Z,\N,1,assert
acme:aws.aws_security_group:sg-00000011~13bca4afc4fc,aws.aws_security_group,acme,sg-00000011,tier-1,Security group 11,false,2026-09-15T22:20:41Z,\N,2026-10-28T08:35:43Z,\N,1,assert
acme:aws.aws_security_group:sg-00000069~50fc73703314,aws.aws_security_group,acme,sg-00000069,tier-4,Security group 69,false,2026-09-15T13:08:38Z,\N,2026-10-28T07:12:57Z,\N,1,assert
acme:aws.aws_security_group:sg-00000124~ab6f8062f02f,aws.aws_security_group,acme,sg-00000124,tier-4,Security group 124,false,2026-09-15T10:06:19Z,\N,2026-10-28T08:05:50Z,\N,1,assert
acme:aws.aws_security_group:sg-00000191~c32b74ba3d04,aws.aws_security_group,acme,sg-00000191,tier-1,Security group 191,false,2026-09-15T09:01:40Z,\N,2026-10-28T03:33:50Z,\N,1,assert
acme:aws.aws_security_group:sg-00000296~f54f354b753d,aws.aws_security_group,acme,sg-00000296,tier-1,Security group 296,false,2026-09-15T18:54:39Z,\N,2026-10-28T01:34:43Z,\N,1,assert
acme:aws.aws_security_group:sg-00000301~cdb56eeeb5b3,aws.aws_security_group,acme,sg-00000301,tier-1,Security group 301,false,2026-10-09T21:15:10Z,\N,2026-10-28T06:07:22Z,\N,1,assert
acme:aws.aws_security_group:sg-00000315~3d82606c3923,aws.aws_security_group,acme,sg-00000315,tier-0,Security group 315,true,2026-09-15T23:36:19Z,\N,2026-10-28T19:34:44Z,\N,1,assert
acme:aws.aws_security_group:sg-00000370~247a10e2b1e6,aws.aws_security_group,acme,sg-00000370,tier-0,Security group 370,true,2026-09-15T08:09:39Z,\N,2026-10-28T11:53:51Z,\N,1,assert
acme:aws.aws_security_group:sg-00000379~686bf412780d,aws.aws_security_group,acme,sg-00000379,tier-4,Security group 379,false,2026-09-15T08:42:14Z,\N,2026-10-28T21:09:56Z,\N,1,assert
acme:aws.aws_security_group:sg-00000558~3ec7a60a5d2d,aws.aws_security_group,acme,sg-00000558,tier-3,Security group 558,false,2026-09-15T05:58:35Z,\N,2026-10-28T14:13:53Z,\N,1,assert
acme:aws.aws_security_group:sg-00000087~bb01fa3033a8,aws.aws_security_group,acme,sg-00000087,tier-2,Security group 87,false,2026-09-15T10:05:15Z,\N,2026-10-29T02:48:56Z,\N,1,assert
acme:aws.aws_security_group:sg-00000103~0b87f40ea04d,aws.aws_security_group,acme,sg-00000103,tier-3,Security group 103,false,2026-10-29T04:48:01Z,\N,2026-10-29T04:48:01Z,\N,1,assert
acme:aws.aws_security_group:sg-00000109~f0e84135b2a7,aws.aws_security_group,acme,sg-00000109,tier-4,Security group 109,false,2026-09-15T02:15:06Z,\N,2026-10-29T01:38:04Z,\N,1,assert
acme:aws.aws_security_group:sg-00000265~33ea84ff59e3,aws.aws_security_group,acme,sg-00000265,tier-0,Security group 265,true,2026-09-15T00:02:25Z,\N,2026-10-29T13:39:18Z,\N,1,assert
acme:aws.aws_security_group:sg-00000289~92467d6c6e29,aws.aws_security_group,acme,sg-00000289,tier-4,Security group 289,false,2026-09-15T01:25:05Z,\N,2026-10-29T06:55:25Z,\N,1,assert
acme:aws.aws_security_group:sg-00000326~140b67c4cf04,aws.aws_security_group,acme,sg-00000326,tier-1,Security group 326,false,2026-09-15T20:25:54Z,\N,2026-10-29T18:13:11Z,\N,1,assert
acme:aws.aws_security_group:sg-00000359~59bca88e1209,aws.aws_security_group,acme,sg-00000359,tier-4,Security group 359,false,2026-09-15T17:54:16Z,\N,2026-10-29T06:59:40Z,\N,1,assert
acme:aws.aws_security_group:sg-00000223~e4fa12e83313,aws.aws_security_group,acme,sg-00000223,tier-3,Security group 223,false,2026-10-17T10:58:32Z,\N,2026-10-31T04:06:45Z,\N,1,assert
acme:aws.aws_security_group:sg-00000576~eaaf2ae40279,aws.aws_security_group,acme,sg-00000576,tier-1,Security group 576,false,2026-10-02T18:10:31Z,\N,2026-11-01T13:34:41Z,\N,1,assert
acme:aws.aws_security_group:sg-00000262~ae316439c830,aws.aws_security_group,acme,sg-00000262,tier-2,Security group 262,false,2026-10-02T06:29:00Z,\N,2026-11-02T17:35:24Z,\N,1,assert
acme:aws.aws_security_group:sg-00000341~f4fa637ab367,aws.aws_security_group,acme,sg-00000341,tier-1,Security group 341,false,2026-10-31T13:30:48Z,\N,2026-11-02T09:03:54Z,\N,1,assert
acme:aws.aws_security_group:sg-00000393~b31625f37e43,aws.aws_security_group,acme,sg-00000393,tier-3,Security group 393,false,2026-10-14T21:42:25Z,\N,2026-11-03T09:21:40Z,\N,1,assert
acme:aws.aws_security_group:sg-00000251~67e42f73c64f,aws.aws_security_group,acme,sg-00000251,tier-1,Security group 251,false,2026-10-16T06:42:14Z,\N,2026-11-04T13:44:57Z,\N,1,assert
acme:aws.aws_security_group:sg-00000530~a22cb06cd423,aws.aws_security_group,acme,sg-00000530,tier-0,Security group 530,true,2026-09-27T01:57:05Z,\N,2026-11-05T18:54:15Z,\N,1,assert
acme:aws.aws_security_group:sg-00000290~b452f50e0eff,aws.aws_security_group,acme,sg-00000290,tier-0,Security group 290,true,2026-10-01T07:18:42Z,\N,2026-11-06T07:44:52Z,\N,1,assert
acme:aws.aws_security_group:sg-00000331~8b17f0a7b538,aws.aws_security_group,acme,sg-00000331,tier-1,Security group 331,false,2026-11-02T03:57:43Z,\N,2026-11-06T04:10:21Z,\N,1,assert
acme:aws.aws_security_group:sg-00000438~db0936b19c1d,aws.aws_security_group,acme,sg-00000438,tier-3,Security group 438,false,2026-10-07T11:05:50Z,\N,2026-11-06T03:18:41Z,\N,1,assert
acme:aws.aws_security_group:sg-00000396~60469bb47683,aws.aws_security_group,acme,sg-00000396,tier-1,Security group 396,false,2026-10-07T12:29:14Z,\N,2026-11-08T02:24:21Z,\N,1,assert
acme:aws.aws_security_group:sg-00000106~c99612f66d03,aws.aws_security_group,acme,sg-00000106,tier-1,Security group 106,false,2026-10-25T22:37:21Z,\N,2026-11-10T23:59:19Z,\N,1,assert
acme:aws.aws_security_group:sg-00000318~794558e5c333,aws.aws_security_group,acme,sg-00000318,tier-3,Security group 318,false,2026-10-23T20:51:15Z,\N,2026-11-10T10:41:35Z,\N,1,assert
acme:aws.aws_security_group:sg-00000076~e5077df405dc,aws.aws_security_group,acme,sg-00000076,tier-1,Security group 76,false,2026-10-06T20:36:33Z,\N,2026-11-12T12:33:44Z,\N,1,assert
acme:aws.aws_security_group:sg-00000410~945793ed14e9,aws.aws_security_group,acme,sg-00000410,tier-0,Security group 410,true,2026-10-26T04:37:33Z,\N,2026-11-13T17:04:31Z,\N,1,assert
acme:aws.aws_security_group:sg-00000055~6a213ae126ed,aws.aws_security_group,acme,sg-00000055,tier-0,Security group 55,true,2026-10-03T06:54:51Z,\N,2026-11-14T12:22:15Z,\N,1,assert
acme:aws.aws_security_group:sg-00000361~8a3486341189,aws.aws_security_group,acme,sg-00000361,tier-1,Security group 361,false,2026-10-17T18:14:22Z,\N,2026-11-14T08:48:12Z,\N,1,assert
acme:aws.aws_security_group:sg-00000470~c8794108021b,aws.aws_security_group,acme,sg-00000470,tier-0,Security group 470,true,2026-10-02T05:20:56Z,\N,2026-11-15T16:45:36Z,\N,1,assert
acme:aws.aws_security_group:sg-00000449~33e98ed5989b,aws.aws_security_group,acme,sg-00000449,tier-4,Security group 449,false,2026-11-17T00:38:07Z,\N,2026-11-17T00:38:07Z,\N,1,assert
acme:aws.aws_security_group:sg-00000322~b74551fc73de,aws.aws_security_group,acme,sg-00000322,tier-2,Security group 322,false,2026-10-10T09:00:51Z,\N,2026-11-18T01:02:19Z,\N,1,assert
acme:aws.aws_security_group:sg-00000468~29ffd55ccb1f,aws.aws_security_group,acme,sg-00000468,tier-3,Security group 468,false,2026-11-15T04:12:04Z,\N,2026-11-21T05:57:14Z,\N,1,assert
acme:aws.aws_security_group:sg-00000245~dfc27dc75286,aws.aws_security_group,acme,sg-00000245,tier-0,Security group 245,true,2026-10-12T07:30:16Z,\N,2026-11-23T14:37:32Z,\N,1,assert
acme:aws.aws_security_group:sg-00000450~e8719bceff6e,aws.aws_security_group,acme,sg-00000450,tier-0,Security group 450,true,2026-11-03T00:08:26Z,\N,2026-11-25T12:30:07Z,\N,1,assert
acme:aws.aws_security_group:sg-00000064~c11ae2feb19c,aws.aws_security_group,acme,sg-00000064,tier-4,Security group 64,false,2026-11-14T03:43:50Z,\N,2026-11-30T12:33:46Z,\N,1,assert
acme:aws.aws_security_group:sg-00000306~f0495732d7f6,aws.aws_security_group,acme,sg-00000306,tier-1,Security group 306,false,2026-10-26T21:47:53Z,\N,2026-11-30T22:01:23Z,\N,1,assert
acme:aws.aws_security_group:sg-00000623~c9a6b86dde33,aws.aws_security_group,acme,sg-00000623,tier-3,Security group 623,false,2026-11-14T07:39:49Z,\N,2026-11-30T02:46:14Z,\N,1,assert
acme:aws.aws_security_group:sg-00000225~63494e45e4f6,aws.aws_security_group,acme,sg-00000225,tier-0,Security group 225,true,2026-11-28T23:02:43Z,\N,2026-12-01T08:04:43Z,\N,1,assert
acme:aws.aws_security_group:sg-00000333~9484773d817e,aws.aws_security_group,acme,sg-00000333,tier-3,Security group 333,false,2026-10-22T21:31:38Z,\N,2026-12-02T03:11:42Z,\N,1,assert
acme:aws.aws_security_group:sg-00000133~1bbbc0dc60c6,aws.aws_security_group,acme,sg-00000133,tier-3,Security group 133,false,2026-12-02T18:30:47Z,\N,2026-12-03T03:56:11Z,\N,1,assert
acme:aws.aws_security_group:sg-00000309~95a88274ddd2,aws.aws_security_group,acme,sg-00000309,tier-4,Security group 309,false,2026-11-14T10:16:41Z,\N,2026-12-07T06:02:08Z,\N,1,assert
acme:aws.aws_security_group:sg-00000423~51e00e99ba1e,aws.aws_security_group,acme,sg-00000423,tier-3,Security group 423,false,2026-10-27T02:07:41Z,\N,2026-12-07T09:36:11Z,\N,1,assert
acme:aws.aws_security_group:sg-00000258~6f83408d0fa0,aws.aws_security_group,acme,sg-00000258,tier-3,Security group 258,false,2026-11-11T21:47:10Z,\N,2026-12-08T12:04:44Z,\N,1,assert
acme:aws.aws_security_group:sg-00000463~ad173b6289ed,aws.aws_security_group,acme,sg-00000463,tier-3,Security group 463,false,2026-10-25T23:25:44Z,\N,2026-12-08T04:29:03Z,\N,1,assert
acme:aws.aws_security_group:sg-00000298~f646d74a2b55,aws.aws_security_group,acme,sg-00000298,tier-3,Security group 298,false,2026-12-03T22:23:44Z,\N,2026-12-11T01:33:59Z,\N,1,assert
acme:aws.aws_security_group:sg-00000187~6585f92104f8,aws.aws_security_group,acme,sg-00000187,tier-2,Security group 187,false,2026-11-29T18:45:08Z,\N,2026-12-12T14:20:15Z,\N,1,assert
acme:aws.aws_security_group:sg-00000153~a4a95683f8ae,aws.aws_security_group,acme,sg-00000153,tier-3,Security group 153,false,2026-11-25T23:12:42Z,\N,2026-12-14T08:07:28Z,\N,1,assert
acme:aws.aws_security_group:sg-00000158~44b2fcb21c6e,aws.aws_security_group,acme,sg-00000158,tier-3,Security group 158,false,2026-11-20T04:51:27Z,\N,2026-12-14T23:50:02Z,\N,1,assert
acme:aws.aws_security_group:sg-00000196~e391440c130c,aws.aws_security_group,acme,sg-00000196,tier-1,Security group 196,false,2026-11-02T18:08:49Z,\N,2026-12-15T13:30:44Z,\N,1,assert
acme:aws.aws_security_group:sg-00000614~8b3e52aabf67,aws.aws_security_group,acme,sg-00000614,tier-4,Security group 614,false,2026-12-08T08:20:15Z,\N,2026-12-15T09:25:10Z,\N,1,assert
acme:aws.aws_security_group:sg-00000299~3ef4eddf76e6,aws.aws_security_group,acme,sg-00000299,tier-4,Security group 299,false,2026-11-02T20:08:07Z,\N,2026-12-16T19:16:00Z,\N,1,assert
acme:aws.aws_security_group:sg-00000041~f53bd8f4ebc9,aws.aws_security_group,acme,sg-00000041,tier-1,Security group 41,false,2026-12-04T18:21:26Z,\N,2026-12-18T23:38:20Z,\N,1,assert
acme:aws.aws_security_group:sg-00000086~5b90eeb1ffd8,aws.aws_security_group,acme,sg-00000086,tier-1,Security group 86,false,2026-11-09T05:47:58Z,\N,2026-12-21T02:30:20Z,\N,1,assert
acme:aws.aws_security_group:sg-00000572~87a057f24c5e,aws.aws_security_group,acme,sg-00000572,tier-2,Security group 572,false,2026-12-22T09:58:57Z,\N,2026-12-23T08:38:56Z,\N,1,assert
acme:aws.aws_security_group:sg-00000167~f954ec2f0783,aws.aws_security_group,acme,sg-00000167,tier-2,Security group 167,false,2026-12-12T14:00:52Z,\N,2026-12-24T13:03:48Z,\N,1,assert
acme:aws.aws_security_group:sg-00000182~841a28ad6489,aws.aws_security_group,acme,sg-00000182,tier-2,Security group 182,false,2026-12-11T03:30:11Z,\N,2026-12-25T05:27:26Z,\N,1,assert
acme:aws.aws_security_group:sg-00000147~1b06baff2743,aws.aws_security_group,acme,sg-00000147,tier-2,Security group 147,false,2026-12-22T10:33:09Z,\N,2026-12-29T07:29:03Z,\N,1,assert
acme:aws.aws_security_group:sg-00000356~1969e96610a1,aws.aws_security_group,acme,sg-00000356,tier-1,Security group 356,false,2026-11-16T18:43:40Z,\N,2026-12-30T03:44:19Z,\N,1,assert
acme:aws.aws_security_group:sg-00000409~7541cb8fc80f,aws.aws_security_group,acme,sg-00000409,tier-4,Security group 409,false,2026-12-17T10:56:38Z,\N,2026-12-30T05:43:45Z,\N,1,assert
acme:aws.aws_security_group:sg-00000026~2edb706478ee,aws.aws_security_group,acme,sg-00000026,tier-1,Security group 26,false,2026-12-04T05:37:33Z,\N,2027-01-03T11:48:34Z,\N,1,assert
acme:aws.aws_security_group:sg-00000511~e1e43fabe4b3,aws.aws_security_group,acme,sg-00000511,tier-1,Security group 511,false,2026-12-29T13:57:35Z,\N,2027-01-04T14:15:09Z,\N,1,assert
acme:aws.aws_security_group:sg-00000624~6ebebf860bbe,aws.aws_security_group,acme,sg-00000624,tier-4,Security group 624,false,2026-12-03T18:00:47Z,\N,2027-01-04T00:06:53Z,\N,1,assert
acme:aws.aws_security_group:sg-00000010~f7e33002a6ec,aws.aws_security_group,acme,sg-00000010,tier-0,Security group 10,true,2027-01-12T23:11:33Z,\N,2027-01-13T02:27:24Z,\N,1,assert
acme:aws.aws_security_group:sg-00000317~a9fa823ca119,aws.aws_security_group,acme,sg-00000317,tier-2,Security group 317,false,2027-01-14T05:14:42Z,\N,2027-01-14T05:14:42Z,\N,1,assert
acme:aws.aws_security_group:sg-00000340~bee3da6a3013,aws.aws_security_group,acme,sg-00000340,tier-0,Security group 340,true,2027-01-02T11:20:07Z,\N,2027-01-18T15:36:49Z,\N,1,assert
acme:aws.aws_security_group:sg-00000228~b9e97b27602a,aws.aws_security_group,acme,sg-00000228,tier-3,Security group 228,false,2026-12-31T05:59:59Z,\N,2027-01-19T16:16:47Z,\N,1,assert
acme:aws.aws_security_group:sg-00000195~89dc6183d82b,aws.aws_security_group,acme,sg-00000195,tier-0,Security group 195,true,2026-12-19T08:03:57Z,\N,2027-01-22T06:17:47Z,\N,1,assert
acme:aws.aws_security_group:sg-00000284~ad5b17e61588,aws.aws_security_group,acme,sg-00000284,tier-4,Security group 284,false,2026-12-19T19:43:07Z,\N,2027-01-23T07:14:36Z,\N,1,assert
acme:aws.aws_security_group:sg-00000466~e666aee47e5b,aws.aws_security_group,acme,sg-00000466,tier-1,Security group 466,false,2026-12-19T06:33:45Z,\N,2027-01-27T02:40:21Z,\N,1,assert
acme:aws.aws_security_group:sg-00000510~56a0addb4ca8,aws.aws_security_group,acme,sg-00000510,tier-0,Security group 510,true,2027-01-19T22:57:04Z,\N,2027-01-28T22:53:24Z,\N,1,assert
acme:aws.aws_security_group:sg-00000202~13c84f4c0773,aws.aws_security_group,acme,sg-00000202,tier-2,Security group 202,false,2027-01-25T12:50:30Z,\N,2027-01-30T23:23:17Z,\N,1,assert
acme:aws.aws_security_group:sg-00000235~7a407f76ea8f,aws.aws_security_group,acme,sg-00000235,tier-0,Security group 235,true,2027-01-17T13:07:24Z,\N,2027-01-31T19:01:28Z,\N,1,assert
acme:aws.aws_security_group:sg-00000104~c160d084ec0d,aws.aws_security_group,acme,sg-00000104,tier-4,Security group 104,false,2027-01-27T11:48:39Z,\N,2027-02-03T17:17:36Z,\N,1,assert
acme:aws.aws_security_group:sg-00000574~974bf9fc25b0,aws.aws_security_group,acme,sg-00000574,tier-4,Security group 574,false,2027-01-21T07:32:39Z,\N,2027-02-04T17:27:21Z,\N,1,assert
acme:aws.aws_security_group:sg-00000056~8674607e567c,aws.aws_security_group,acme,sg-00000056,tier-1,Security group 56,false,2027-02-17T01:59:43Z,\N,2027-02-17T01:59:43Z,\N,1,assert
acme:aws.aws_security_group:sg-00000465~220f95520d59,aws.aws_security_group,acme,sg-00000465,tier-0,Security group 465,true,2027-02-15T23:40:01Z,\N,2027-02-18T11:15:07Z,\N,1,assert
acme:aws.aws_security_group:sg-00000084~fb88d01e2c9a,aws.aws_security_group,acme,sg-00000084,tier-4,Security group 84,false,2027-02-09T08:21:36Z,\N,2027-02-19T02:27:42Z,\N,1,assert
acme:aws.aws_security_group:sg-00000197~1389f0b69c32,aws.aws_security_group,acme,sg-00000197,tier-2,Security group 197,false,2027-01-09T16:31:28Z,\N,2027-02-19T04:38:47Z,\N,1,assert
acme:aws.aws_security_group:sg-00000227~5252c9d760df,aws.aws_security_group,acme,sg-00000227,tier-2,Security group 227,false,2027-01-16T13:27:54Z,\N,2027-02-19T20:30:10Z,\N,1,assert
acme:aws.aws_security_group:sg-00000250~fdff64d878ad,aws.aws_security_group,acme,sg-00000250,tier-0,Security group 250,true,2027-01-25T10:26:48Z,\N,2027-02-23T13:44:53Z,\N,1,assert
acme:aws.aws_security_group:sg-00000169~383eca62b0c2,aws.aws_security_group,acme,sg-00000169,tier-4,Security group 169,false,2027-02-14T01:11:09Z,\N,2027-02-24T19:09:41Z,\N,1,assert
acme:aws.aws_security_group:sg-00000171~1da3ed5395d0,aws.aws_security_group,acme,sg-00000171,tier-1,Security group 171,false,2027-02-08T00:30:43Z,\N,2027-03-04T05:57:10Z,\N,1,assert
acme:aws.aws_security_group:sg-00000565~f860252e06c1,aws.aws_security_group,acme,sg-00000565,tier-0,Security group 565,true,2027-01-31T02:09:59Z,\N,2027-03-08T19:38:45Z,\N,1,assert
acme:aws.aws_security_group:sg-00000583~8afc3e9b2116,aws.aws_security_group,acme,sg-00000583,tier-3,Security group 583,false,2027-03-05T18:58:44Z,\N,2027-03-09T03:12:47Z,\N,1,assert
acme:aws.aws_security_group:sg-00000098~d20863dd4b8f,aws.aws_security_group,acme,sg-00000098,tier-3,Security group 98,false,2027-02-14T08:33:38Z,\N,2027-03-11T02:48:20Z,\N,1,assert
acme:aws.aws_security_group:sg-00000448~50e5ae599f12,aws.aws_security_group,acme,sg-00000448,tier-3,Security group 448,false,2027-03-02T14:07:22Z,\N,2027-03-12T13:24:05Z,\N,1,assert
acme:aws.aws_security_group:sg-00000590~6f5f654cf162,aws.aws_security_group,acme,sg-00000590,tier-0,Security group 590,true,2027-03-05T11:08:26Z,\N,2027-03-13T19:01:30Z,\N,1,assert
acme:aws.aws_security_group:sg-00000286~eaabc33cfa95,aws.aws_security_group,acme,sg-00000286,tier-1,Security group 286,false,2027-02-06T03:28:28Z,\N,2027-03-16T03:16:58Z,\N,1,assert
acme:aws.aws_security_group:sg-00000330~8d7077bd60a6,aws.aws_security_group,acme,sg-00000330,tier-0,Security group 330,true,2027-02-01T23:06:20Z,\N,2027-03-17T12:33:29Z,\N,1,assert
acme:aws.aws_security_group:sg-00000025~26b39e40b54e,aws.aws_security_group,acme,sg-00000025,tier-0,Security group 25,true,2027-03-09T07:01:33Z,\N,2027-03-18T00:32:34Z,\N,1,assert
acme:aws.aws_security_group:sg-00000428~9a87992638ff,aws.aws_security_group,acme,sg-00000428,tier-3,Security group 428,false,2027-02-22T14:13:46Z,\N,2027-03-18T21:03:54Z,\N,1,assert
acme:aws.aws_security_group:sg-00000349~977b3e26f05b,aws.aws_security_group,acme,sg-00000349,tier-4,Security group 349,false,2027-02-20T16:35:47Z,\N,2027-03-20T11:04:13Z,\N,1,assert
acme:aws.aws_security_group:sg-00000446~7cd0a7377a57,aws.aws_security_group,acme,sg-00000446,tier-1,Security group 446,false,2027-02-22T03:12:00Z,\N,2027-03-22T15:45:05Z,\N,1,assert
acme:aws.aws_security_group:sg-00000229~c1c32fee317e,aws.aws_security_group,acme,sg-00000229,tier-4,Security group 229,false,2027-03-05T18:52:41Z,\N,2027-03-23T11:45:30Z,\N,1,assert
acme:aws.aws_security_group:sg-00000602~513539592d03,aws.aws_security_group,acme,sg-00000602,tier-2,Security group 602,false,2027-02-23T06:28:03Z,\N,2027-03-31T01:35:31Z,\N,1,assert
acme:aws.aws_security_group:sg-00000013~59f08101daae,aws.aws_security_group,acme,sg-00000013,tier-3,Security group 13,false,2027-02-23T16:24:53Z,\N,2027-04-02T09:02:55Z,\N,1,assert
acme:aws.aws_security_group:sg-00000292~bb58219f37ed,aws.aws_security_group,acme,sg-00000292,tier-2,Security group 292,false,2027-03-10T07:52:33Z,\N,2027-04-17T07:22:59Z,\N,1,assert
acme:aws.aws_security_group:sg-00000417~96371d30bde4,aws.aws_security_group,acme,sg-00000417,tier-2,Security group 417,false,2027-03-08T18:17:33Z,\N,2027-04-18T04:15:49Z,\N,1,assert
