entity_id,entity_type,organization_id,store_key,store_name,store_kind,stores_pii,lifecycle_stage,lifecycle_stage_status,valid_from,valid_to,system_from,system_to,revision,operation
acme:data_store:store-00000~199fa6b0c449,data_store,acme,store-00000,store-00000.object_store,object_store,false,operational,in_use,2021-01-07T17:42:12Z,\N,2021-01-07T17:42:12Z,\N,1,assert
acme:data_store:store-00001~f3e021452766,data_store,acme,store-00001,store-00001.queue,queue,false,operational,in_use,2021-01-08T00:49:40Z,\N,2021-01-08T00:49:40Z,\N,1,assert
acme:data_store:store-00002~a544946a70d1,data_store,acme,store-00002,store-00002.dbms,dbms,false,operational,in_use,2021-01-09T05:28:29Z,\N,2021-01-09T05:28:29Z,\N,1,assert
acme:data_store:store-00003~355a60161960,data_store,acme,store-00003,store-00003.dbms,dbms,true,operational,in_use,2021-01-10T10:58:54Z,\N,2021-01-10T10:58:54Z,\N,1,assert
acme:data_store:store-02802~017b599bfbc6,data_store,acme,store-02802,store-02802.file_share,file_share,false,operational,in_use,2021-01-07T12:15:55Z,\N,2021-01-10T23:41:07Z,\N,1,assert
acme:data_store:store-00004~3f005a82b8d6,data_store,acme,store-00004,store-00004.file_share,file_share,true,operational,in_use,2021-01-11T13:34:04Z,\N,2021-01-11T13:34:04Z,\N,1,assert
acme:data_store:store-00005~d9cb14e88d51,data_store,acme,store-00005,store-00005.dbms,dbms,false,operational,in_use,2021-01-12T06:34:58Z,2021-02-16T21:52:23Z,2021-01-12T06:34:58Z,\N,1,assert
acme:data_store:store-02731~8b9b20faa27b,data_store,acme,store-02731,store-02731.warehouse,warehouse,true,operational,in_use,2021-01-11T04:16:49Z,\N,2021-01-19T15:49:01Z,\N,1,assert
acme:data_store:store-02758~c9a556517a1f,data_store,acme,store-02758,store-02758.queue,queue,false,operational,in_use,2021-01-16T17:50:12Z,\N,2021-01-19T08:47:33Z,\N,1,assert
acme:data_store:store-02777~b64ae882a94c,data_store,acme,store-02777,store-02777.queue,queue,false,operational,in_use,2021-01-19T20:26:30Z,\N,2021-01-22T21:38:15Z,\N,1,assert
acme:data_store:store-03077~1a1876da1834,data_store,acme,store-03077,store-03077.warehouse,warehouse,true,operational,in_use,2021-01-23T14:35:26Z,2021-11-26T10:11:19Z,2021-01-23T14:35:26Z,\N,1,assert
acme:data_store:store-03379~4dbe3e4e19ca,data_store,acme,store-03379,store-03379.dbms,dbms,false,operational,in_use,2021-01-18T16:56:47Z,\N,2021-01-25T16:21:41Z,2021-03-05T00:22:45Z,1,assert
acme:data_store:store-01817~7b96ef1c7501,data_store,acme,store-01817,store-01817.file_share,file_share,false,operational,in_use,2021-01-11T06:26:42Z,\N,2021-01-26T13:04:49Z,\N,1,assert
acme:data_store:store-01303~d3d92918ee26,data_store,acme,store-01303,store-01303.object_store,object_store,true,operational,in_use,2021-01-21T10:12:09Z,\N,2021-01-28T03:35:35Z,\N,1,assert
acme:data_store:store-01871~ac17fef0cdd0,data_store,acme,store-01871,store-01871.file_share,file_share,false,operational,in_use,2021-01-21T06:11:32Z,\N,2021-01-31T15:42:15Z,\N,1,assert
acme:data_store:store-02841~1bdaa85ab800,data_store,acme,store-02841,store-02841.warehouse,warehouse,false,operational,in_use,2021-01-14T17:13:21Z,\N,2021-02-01T18:43:42Z,\N,1,assert
acme:data_store:store-02660~4ea8dca26892,data_store,acme,store-02660,store-02660.file_share,file_share,false,operational,in_use,2021-01-07T03:37:11Z,\N,2021-02-06T16:38:19Z,\N,1,assert
acme:data_store:store-02814~db1f8e810635,data_store,acme,store-02814,store-02814.dbms,dbms,false,operational,in_use,2021-01-26T10:59:55Z,\N,2021-02-06T11:15:14Z,\N,1,assert
acme:data_store:store-03375~51c0775196b4,data_store,acme,store-03375,store-03375.file_share,file_share,false,operational,in_use,2021-01-31T11:53:42Z,\N,2021-02-06T07:51:13Z,\N,1,assert
acme:data_store:store-03006~2450a601b7ce,data_store,acme,store-03006,store-03006.queue,queue,true,operational,in_use,2021-01-07T17:56:46Z,\N,2021-02-07T10:52:07Z,\N,1,assert
acme:data_store:store-02058~a81ca6ac9af6,data_store,acme,store-02058,store-02058.dbms,dbms,false,operational,in_use,2021-01-08T14:49:44Z,\N,2021-02-08T05:53:12Z,\N,1,assert
acme:data_store:store-00811~823f228e8a80,data_store,acme,store-00811,store-00811.object_store,object_store,true,operational,in_use,2021-02-06T19:19:30Z,\N,2021-02-09T06:45:48Z,\N,1,assert
acme:data_store:store-01599~0ed8060574f0,data_store,acme,store-01599,store-01599.dbms,dbms,true,operational,in_use,2021-02-09T00:57:48Z,\N,2021-02-11T13:55:39Z,\N,1,assert
acme:data_store:store-02911~1d9e6ba71bd1,data_store,acme,store-02911,store-02911.warehouse,warehouse,false,operational,in_use,2021-02-02T12:48:37Z,\N,2021-02-11T12:50:23Z,\N,1,assert
acme:data_store:store-01447~28b8231a0ec6,data_store,acme,store-01447,store-01447.object_store,object_store,false,operational,in_use,2021-01-07T13:15:39Z,\N,2021-02-12T09:36:40Z,\N,1,assert
acme:data_store:store-02563~1a0a033245ba,data_store,acme,store-02563,store-02563.queue,queue,false,operational,in_use,2021-01-15T19:06:35Z,\N,2021-02-12T13:36:42Z,\N,1,assert
acme:data_store:store-02164~332c4f271e46,data_store,acme,store-02164,store-02164.dbms,dbms,false,operational,in_use,2021-02-13T07:54:38Z,\N,2021-02-14T00:44:40Z,\N,1,assert
acme:data_store:store-01741~1d7ce9a898a8,data_store,acme,store-01741,store-01741.warehouse,warehouse,false,operational,in_use,2021-01-07T14:28:25Z,\N,2021-02-15T16:36:35Z,\N,1,assert
acme:data_store:store-02116~1d2243cbfc2d,data_store,acme,store-02116,store-02116.warehouse,warehouse,false,operational,in_use,2021-02-07T15:20:12Z,2021-07-03T07:51:11Z,2021-02-16T16:04:37Z,\N,1,assert
acme:data_store:store-00300~4c476e5d11c8,data_store,acme,store-00300,store-00300.dbms,dbms,false,operational,in_use,2021-01-19T20:16:28Z,\N,2021-02-16T21:23:12Z,\N,1,assert
acme:data_store:store-01875~0d5ca94bdd33,data_store,acme,store-01875,store-01875.dbms,dbms,false,operational,in_use,2021-01-08T21:31:32Z,\N,2021-02-16T14:18:33Z,\N,1,assert
acme:data_store:store-00428~97e46a54f872,data_store,acme,store-00428,store-00428.warehouse,warehouse,false,operational,in_use,2021-01-23T10:20:08Z,\N,2021-02-17T21:12:45Z,\N,1,assert
acme:data_store:store-03105~1eb7d5a805c5,data_store,acme,store-03105,store-03105.file_share,file_share,true,operational,in_use,2021-01-10T22:32:39Z,\N,2021-02-17T08:33:16Z,\N,1,assert
acme:data_store:store-01740~e327b2600b99,data_store,acme,store-01740,store-01740.dbms,dbms,false,operational,in_use,2021-01-09T15:20:11Z,\N,2021-02-20T20:06:37Z,\N,1,assert
acme:data_store:store-02682~aa6c3e2d85bf,data_store,acme,store-02682,store-02682.dbms,dbms,false,operational,in_use,2021-02-15T15:29:41Z,\N,2021-02-21T07:41:10Z,\N,1,assert
acme:data_store:store-03075~ac98f32c2d24,data_store,acme,store-03075,store-03075.warehouse,warehouse,false,operational,in_use,2021-01-11T11:49:27Z,\N,2021-02-21T05:08:43Z,\N,1,assert
acme:data_store:store-02133~fabf6af0ae99,data_store,acme,store-02133,store-02133.object_store,object_store,false,operational,in_use,2021-02-01T22:31:13Z,\N,2021-02-22T20:09:16Z,\N,1,assert
acme:data_store:store-02614~b99f5aff4acd,data_store,acme,store-02614,store-02614.object_store,object_store,false,operational,in_use,2021-01-09T15:49:39Z,\N,2021-02-22T19:56:45Z,\N,1,assert
acme:data_store:store-00342~fd7b0f0e686f,data_store,acme,store-00342,store-00342.dbms,dbms,false,operational,in_use,2021-02-10T18:56:33Z,\N,2021-02-24T11:17:56Z,\N,1,assert
acme:data_store:store-00841~95efb1de0ae8,data_store,acme,store-00841,store-00841.dbms,dbms,false,operational,in_use,2021-02-15T14:58:22Z,\N,2021-02-24T12:44:47Z,\N,1,assert
acme:data_store:store-01540~0801e4779910,data_store,acme,store-01540,store-01540.dbms,dbms,true,operational,in_use,2021-01-21T06:51:28Z,\N,2021-02-24T04:22:42Z,\N,1,assert
acme:data_store:store-03030~4dd72d8e734e,data_store,acme,store-03030,store-03030.dbms,dbms,false,operational,in_use,2021-02-14T14:11:53Z,\N,2021-02-24T13:10:41Z,\N,1,assert
acme:data_store:store-00789~8ce8c2cf8d07,data_store,acme,store-00789,store-00789.queue,queue,false,operational,in_use,2021-02-16T05:57:53Z,\N,2021-02-26T04:32:48Z,\N,1,assert
acme:data_store:store-01034~ee99bdb3dae5,data_store,acme,store-01034,store-01034.object_store,object_store,false,operational,in_use,2021-02-23T07:09:41Z,\N,2021-02-28T08:06:36Z,\N,1,assert
acme:data_store:store-01746~f449f8aa6602,data_store,acme,store-01746,store-01746.object_store,object_store,false,operational,in_use,2021-02-02T18:45:07Z,\N,2021-02-28T16:52:28Z,\N,1,assert
acme:data_store:store-02820~cdb46952adca,data_store,acme,store-02820,store-02820.object_store,object_store,false,operational,in_use,2021-02-03T03:51:54Z,\N,2021-02-28T15:42:52Z,\N,1,assert
acme:data_store:store-00093~e4e299342bbb,data_store,acme,store-00093,store-00093.dbms,dbms,true,operational,in_use,2021-01-19T11:08:29Z,\N,2021-03-02T13:40:47Z,\N,1,assert
acme:data_store:store-00562~1b536aaeec44,data_store,acme,store-00562,store-00562.file_share,file_share,true,operational,in_use,2021-02-09T20:50:30Z,\N,2021-03-02T19:03:31Z,\N,1,assert
acme:data_store:store-01307~f72c925530c5,data_store,acme,store-01307,store-01307.file_share,file_share,true,operational,in_use,2021-01-30T23:26:59Z,\N,2021-03-04T14:42:15Z,\N,1,assert
acme:data_store:store-03379~4dbe3e4e19ca,data_store,acme,store-03379,store-03379.dbms,dbms,false,operational,in_maintenance,2021-01-18T16:56:47Z,\N,2021-03-05T00:22:45Z,\N,2,assert
acme:data_store:store-01286~8e9182167d99,data_store,acme,store-01286,store-01286.warehouse,warehouse,false,operational,in_use,2021-03-04T11:07:51Z,\N,2021-03-05T23:32:29Z,\N,1,assert
acme:data_store:store-01319~2324f27cf9d6,data_store,acme,store-01319,store-01319.dbms,dbms,false,operational,in_use,2021-01-27T09:30:55Z,\N,2021-03-07T04:06:19Z,\N,1,assert
acme:data_store:store-01562~9efc243592bc,data_store,acme,store-01562,store-01562.dbms,dbms,false,operational,in_use,2021-02-27T01:10:49Z,\N,2021-03-08T04:05:25Z,\N,1,assert
acme:data_store:store-01627~712888e55156,data_store,acme,store-01627,store-01627.dbms,dbms,false,operational,in_use,2021-02-27T06:02:22Z,\N,2021-03-08T16:18:08Z,\N,1,assert
acme:data_store:store-00097~edc670d1ab88,data_store,acme,store-00097,store-00097.dbms,dbms,false,operational,in_use,2021-03-05T17:27:05Z,\N,2021-03-09T07:23:39Z,\N,1,assert
acme:data_store:store-02589~45f176e1f814,data_store,acme,store-02589,store-02589.object_store,object_store,false,operational,in_use,2021-03-06T06:53:39Z,\N,2021-03-10T04:51:47Z,\N,1,assert
acme:data_store:store-00121~e2532f060920,data_store,acme,store-00121,store-00121.dbms,dbms,false,operational,in_use,2021-02-04T14:46:41Z,\N,2021-03-11T09:35:20Z,\N,1,assert
acme:data_store:store-01839~72a926e70e03,data_store,acme,store-01839,store-01839.dbms,dbms,true,operational,in_use,2021-03-09T18:44:20Z,\N,2021-03-11T02:43:48Z,\N,1,assert
acme:data_store:store-00639~81ac155b2dd1,data_store,acme,store-00639,store-00639.object_store,object_store,true,operational,in_use,2021-02-02T05:08:23Z,\N,2021-03-12T16:44:36Z,\N,1,assert
acme:data_store:store-00796~34466b98c3a1,data_store,acme,store-00796,store-00796.queue,queue,false,operational,in_use,2021-03-08T07:26:12Z,\N,2021-03-12T19:29:38Z,\N,1,assert
acme:data_store:store-00693~3f21c0808454,data_store,acme,store-00693,store-00693.file_share,file_share,false,operational,in_use,2021-03-02T02:36:04Z,\N,2021-03-13T14:04:02Z,\N,1,assert
acme:data_store:store-03017~7ae57395b51c,data_store,acme,store-03017,store-03017.file_share,file_share,false,operational,in_use,2021-03-04T08:48:10Z,\N,2021-03-13T19:25:18Z,\N,1,assert
acme:data_store:store-02407~759dbc065dbb,data_store,acme,store-02407,store-02407.dbms,dbms,false,operational,in_use,2021-02-11T23:36:48Z,\N,2021-03-15T00:35:09Z,\N,1,assert
acme:data_store:store-02340~76bb073eb7db,data_store,acme,store-02340,store-02340.dbms,dbms,false,operational,in_use,2021-02-17T18:04:46Z,\N,2021-03-16T15:17:35Z,\N,1,assert
acme:data_store:store-02618~dc6e5f1831de,data_store,acme,store-02618,store-02618.warehouse,warehouse,true,operational,in_use,2021-02-11T20:04:10Z,\N,2021-03-16T05:35:24Z,\N,1,assert
acme:data_store:store-01901~0645dc059940,data_store,acme,store-01901,store-01901.file_share,file_share,false,operational,in_use,2021-03-02T11:02:20Z,\N,2021-03-18T22:45:05Z,\N,1,assert
acme:data_store:store-03038~f6b57ae6a02c,data_store,acme,store-03038,store-03038.dbms,dbms,false,operational,in_use,2021-03-16T13:11:13Z,\N,2021-03-18T03:05:16Z,\N,1,assert
acme:data_store:store-03139~4ac8678947ba,data_store,acme,store-03139,store-03139.object_store,object_store,true,operational,in_use,2021-02-27T16:50:56Z,\N,2021-03-19T02:12:32Z,\N,1,assert
acme:data_store:store-02636~ad82945627b0,data_store,acme,store-02636,store-02636.dbms,dbms,false,operational,in_use,2021-02-10T22:21:01Z,\N,2021-03-20T10:14:42Z,\N,1,assert
acme:data_store:store-01548~392e4497a1fd,data_store,acme,store-01548,store-01548.warehouse,warehouse,false,operational,in_use,2021-03-20T04:04:32Z,\N,2021-03-22T01:03:49Z,\N,1,assert
acme:data_store:store-01091~51446c580b3a,data_store,acme,store-01091,store-01091.file_share,file_share,false,operational,in_use,2021-03-15T22:40:38Z,\N,2021-03-23T23:59:59Z,\N,1,assert
acme:data_store:store-03336~b22779d9eeb2,data_store,acme,store-03336,store-03336.dbms,dbms,false,operational,in_use,2021-03-08T01:11:02Z,\N,2021-03-23T00:54:32Z,\N,1,assert
acme:data_store:store-00546~649a094fda72,data_store,acme,store-00546,store-00546.object_store,object_store,false,operational,in_use,2021-02-10T10:48:34Z,\N,2021-03-24T21:39:41Z,\N,1,assert
acme:data_store:store-00967~9080348a610a,data_store,acme,store-00967,store-00967.dbms,dbms,false,operational,in_use,2021-03-06T08:48:21Z,\N,2021-03-24T06:18:11Z,\N,1,assert
acme:data_store:store-02157~9bb50d13f29b,data_store,acme,store-02157,store-02157.dbms,dbms,false,operational,in_use,2021-02-22T16:14:27Z,\N,2021-03-24T09:33:41Z,\N,1,assert
acme:data_store:store-01853~20adda92cf57,data_store,acme,store-01853,store-01853.dbms,dbms,false,operational,in_use,2021-03-25T01:45:28Z,\N,2021-03-25T01:45:28Z,\N,1,assert
acme:data_store:store-01953~1c619a7ac1f8,data_store,acme,store-01953,store-01953.file_share,file_share,false,operational,in_use,2021-03-23T11:08:27Z,\N,2021-03-25T05:23:10Z,\N,1,assert
acme:data_store:store-00500~69d8c2991863,data_store,acme,store-00500,store-00500.object_store,object_store,false,operational,in_use,2021-03-08T15:49:07Z,\N,2021-03-26T06:17:51Z,\N,1,assert
acme:data_store:store-01131~4a9c5509da08,data_store,acme,store-01131,store-01131.warehouse,warehouse,true,operational,in_use,2021-02-27T22:40:39Z,\N,2021-03-26T05:55:07Z,\N,1,assert
acme:data_store:store-00269~2f8394f760c2,data_store,acme,store-00269,store-00269.dbms,dbms,false,operational,in_use,2021-03-22T08:50:18Z,\N,2021-03-27T17:58:06Z,\N,1,assert
acme:data_store:store-00824~608ab991be64,data_store,acme,store-00824,store-00824.warehouse,warehouse,true,operational,in_use,2021-02-13T19:39:02Z,\N,2021-03-28T01:53:40Z,\N,1,assert
acme:data_store:store-01732~2cda309fe0d9,data_store,acme,store-01732,store-01732.file_share,file_share,false,operational,in_use,2021-02-24T23:50:29Z,\N,2021-03-30T21:07:41Z,\N,1,assert
acme:data_store:store-02165~9f38f8e505cb,data_store,acme,store-02165,store-02165.warehouse,warehouse,true,operational,in_use,2021-02-23T11:52:05Z,\N,2021-03-30T21:54:38Z,\N,1,assert
acme:data_store:store-02708~1eece76caa31,data_store,acme,store-02708,store-02708.object_store,object_store,false,operational,in_use,2021-03-30T12:40:23Z,\N,2021-03-31T14:50:49Z,\N,1,assert
acme:data_store:store-03509~e11e68fd544a,data_store,acme,store-03509,store-03509.file_share,file_share,false,operational,in_use,2021-03-17T13:29:34Z,\N,2021-04-01T22:02:23Z,\N,1,assert
acme:data_store:store-01907~3d85ae31a878,data_store,acme,store-01907,store-01907.queue,queue,false,operational,in_use,2021-04-01T21:13:17Z,\N,2021-04-02T08:54:14Z,2024-09-02T18:04:35Z,1,assert
acme:data_store:store-01601~3d0908f9a201,data_store,acme,store-01601,store-01601.file_share,file_share,false,operational,in_use,2021-03-06T12:46:07Z,\N,2021-04-03T21:54:15Z,\N,1,assert
acme:data_store:store-01715~88608cff6241,data_store,acme,store-01715,store-01715.dbms,dbms,false,operational,in_use,2021-03-13T20:46:25Z,\N,2021-04-03T07:46:35Z,\N,1,assert
acme:data_store:store-02355~acd1f72c7772,data_store,acme,store-02355,store-02355.dbms,dbms,false,operational,in_use,2021-03-27T10:06:21Z,\N,2021-04-03T06:55:54Z,\N,1,assert
acme:data_store:store-02998~383e5db64f26,data_store,acme,store-02998,store-02998.warehouse,warehouse,false,operational,in_use,2021-03-13T04:15:46Z,\N,2021-04-03T02:44:47Z,\N,1,assert
acme:data_store:store-01842~b66257d4a2a2,data_store,acme,store-01842,store-01842.dbms,dbms,false,operational,in_use,2021-02-26T02:44:10Z,\N,2021-04-04T03:08:07Z,\N,1,assert
acme:data_store:store-03393~f8600c1fb912,data_store,acme,store-03393,store-03393.object_store,object_store,true,operational,in_use,2021-03-27T10:29:04Z,\N,2021-04-07T09:46:11Z,\N,1,assert
acme:data_store:store-02341~f4a8751f8c04,data_store,acme,store-02341,store-02341.object_store,object_store,false,operational,in_use,2021-03-02T10:44:08Z,\N,2021-04-08T13:41:14Z,\N,1,assert
acme:data_store:store-00381~1cd09050a57d,data_store,acme,store-00381,store-00381.file_share,file_share,false,operational,in_use,2021-02-25T14:00:07Z,\N,2021-04-10T22:40:16Z,\N,1,assert
acme:data_store:store-02490~b387fa529202,data_store,acme,store-02490,store-02490.file_share,file_share,true,operational,in_use,2021-03-11T06:59:01Z,\N,2021-04-10T10:55:19Z,\N,1,assert
acme:data_store:store-03095~cb7991ee3937,data_store,acme,store-03095,store-03095.file_share,file_share,false,operational,in_use,2021-03-10T17:30:08Z,\N,2021-04-10T19:57:38Z,\N,1,assert
acme:data_store:store-01119~a253c5e88e05,data_store,acme,store-01119,store-01119.warehouse,warehouse,false,operational,in_use,2021-03-26T22:42:16Z,\N,2021-04-11T09:15:09Z,\N,1,assert
acme:data_store:store-01593~f89387474fd7,data_store,acme,store-01593,store-01593.object_store,object_store,false,operational,in_use,2021-03-14T12:22:50Z,\N,2021-04-11T04:58:39Z,\N,1,assert
acme:data_store:store-02529~892edd988ae1,data_store,acme,store-02529,store-02529.dbms,dbms,true,operational,in_use,2021-04-07T19:30:17Z,\N,2021-04-11T02:35:07Z,\N,1,assert
acme:data_store:store-01559~a0a39c6c8f24,data_store,acme,store-01559,store-01559.warehouse,warehouse,true,operational,in_use,2021-03-18T06:47:41Z,\N,2021-04-12T15:23:00Z,\N,1,assert
acme:data_store:store-00304~e638b81570be,data_store,acme,store-00304,store-00304.dbms,dbms,true,operational,in_use,2021-03-22T09:40:35Z,\N,2021-04-15T00:35:48Z,\N,1,assert
acme:data_store:store-03245~5e9b43e9c833,data_store,acme,store-03245,store-03245.dbms,dbms,false,operational,in_use,2021-04-07T20:58:15Z,\N,2021-04-15T01:29:00Z,\N,1,assert
acme:data_store:store-03531~2da366288e8b,data_store,acme,store-03531,store-03531.file_share,file_share,false,operational,in_use,2021-04-14T21:48:02Z,\N,2021-04-15T22:20:26Z,\N,1,assert
acme:data_store:store-02050~5fc56646b155,data_store,acme,store-02050,store-02050.dbms,dbms,false,operational,in_use,2021-03-26T18:13:59Z,\N,2021-04-16T18:21:33Z,\N,1,assert
acme:data_store:store-00991~e2d14e6d84c5,data_store,acme,store-00991,store-00991.dbms,dbms,true,operational,in_use,2021-04-07T02:52:16Z,\N,2021-04-17T18:26:14Z,\N,1,assert
acme:data_store:store-02762~8c9a1a369d12,data_store,acme,store-02762,store-02762.dbms,dbms,true,operational,in_use,2021-03-05T10:41:23Z,\N,2021-04-17T13:45:52Z,\N,1,assert
acme:data_store:store-02591~444cf6cea7e5,data_store,acme,store-02591,store-02591.warehouse,warehouse,false,operational,in_use,2021-04-14T12:52:23Z,\N,2021-04-19T14:12:02Z,\N,1,assert
acme:data_store:store-02863~adf329a29963,data_store,acme,store-02863,store-02863.object_store,object_store,true,operational,in_use,2021-03-22T04:55:51Z,\N,2021-04-20T10:41:35Z,\N,1,assert
acme:data_store:store-02979~5b9983d90dd4,data_store,acme,store-02979,store-02979.warehouse,warehouse,false,operational,in_use,2021-03-14T17:31:42Z,\N,2021-04-20T23:03:57Z,2024-05-22T02:06:17Z,1,assert
acme:data_store:store-03405~7f4951a2d0c1,data_store,acme,store-03405,store-03405.file_share,file_share,true,operational,in_use,2021-03-20T08:13:21Z,\N,2021-04-21T10:04:25Z,\N,1,assert
acme:data_store:store-01529~f6c7419ce392,data_store,acme,store-01529,store-01529.dbms,dbms,false,operational,in_use,2021-03-10T16:12:38Z,\N,2021-04-22T07:42:00Z,\N,1,assert
acme:data_store:store-01616~0c6a302dbf03,data_store,acme,store-01616,store-01616.dbms,dbms,false,operational,in_use,2021-04-23T22:34:14Z,2021-06-08T20:18:19Z,2021-04-23T22:34:14Z,\N,1,assert
acme:data_store:store-00574~2d330bc9eb03,data_store,acme,store-00574,store-00574.dbms,dbms,true,operational,in_use,2021-03-25T00:38:47Z,\N,2021-04-24T09:58:10Z,\N,1,assert
acme:data_store:store-03292~a7277132b28b,data_store,acme,store-03292,store-03292.file_share,file_share,false,operational,in_use,2021-04-13T17:41:45Z,\N,2021-04-24T16:01:49Z,\N,1,assert
acme:data_store:store-01688~9ff65b2182b8,data_store,acme,store-01688,store-01688.warehouse,warehouse,false,operational,in_use,2021-04-02T13:38:05Z,\N,2021-04-25T18:24:55Z,\N,1,assert
acme:data_store:store-02995~25b9e29cd117,data_store,acme,store-02995,store-02995.object_store,object_store,true,operational,in_use,2021-04-13T14:02:43Z,\N,2021-04-25T00:00:39Z,\N,1,assert
acme:data_store:store-01434~3d824dc9d814,data_store,acme,store-01434,store-01434.warehouse,warehouse,false,operational,in_use,2021-04-10T18:31:03Z,\N,2021-04-26T06:24:23Z,\N,1,assert
acme:data_store:store-03025~91303d026d6c,data_store,acme,store-03025,store-03025.file_share,file_share,false,operational,in_use,2021-03-29T01:11:50Z,\N,2021-04-27T20:25:46Z,\N,1,assert
acme:data_store:store-00895~22ee64da5cf4,data_store,acme,store-00895,store-00895.dbms,dbms,false,operational,in_use,2021-03-22T14:20:50Z,\N,2021-04-28T07:57:32Z,\N,1,assert
acme:data_store:store-01039~dbf0bf2d1a90,data_store,acme,store-01039,store-01039.file_share,file_share,false,operational,in_use,2021-04-22T03:09:51Z,\N,2021-04-28T06:55:47Z,\N,1,assert
acme:data_store:store-02175~fad9e321b9f0,data_store,acme,store-02175,store-02175.warehouse,warehouse,false,operational,in_use,2021-04-02T00:54:32Z,\N,2021-04-28T15:12:26Z,\N,1,assert
acme:data_store:store-03463~bb2f01fb55be,data_store,acme,store-03463,store-03463.dbms,dbms,false,operational,in_use,2021-04-14T01:59:14Z,\N,2021-04-29T05:15:50Z,2022-04-02T02:08:16Z,1,assert
acme:data_store:store-03298~caed0c8ba6cd,data_store,acme,store-03298,store-03298.object_store,object_store,true,operational,in_use,2021-04-24T10:29:56Z,\N,2021-04-29T10:05:12Z,\N,1,assert
acme:data_store:store-01865~2c6ce08ea7ed,data_store,acme,store-01865,store-01865.queue,queue,false,operational,in_use,2021-04-22T03:57:45Z,\N,2021-04-30T22:01:19Z,\N,1,assert
acme:data_store:store-02669~634a2058b311,data_store,acme,store-02669,store-02669.file_share,file_share,false,operational,in_use,2021-03-17T05:40:44Z,\N,2021-04-30T05:31:31Z,\N,1,assert
acme:data_store:store-00335~e02960219fac,data_store,acme,store-00335,store-00335.warehouse,warehouse,true,operational,in_use,2021-04-19T07:00:44Z,\N,2021-05-03T00:23:37Z,\N,1,assert
acme:data_store:store-02484~5f521e8c1f51,data_store,acme,store-02484,store-02484.file_share,file_share,true,operational,in_use,2021-05-02T06:15:43Z,\N,2021-05-03T01:26:59Z,\N,1,assert
acme:data_store:store-01449~9dba975e3bb0,data_store,acme,store-01449,store-01449.queue,queue,false,operational,in_use,2021-03-22T00:33:50Z,\N,2021-05-05T16:28:11Z,\N,1,assert
acme:data_store:store-01807~b9b523458214,data_store,acme,store-01807,store-01807.object_store,object_store,true,operational,in_use,2021-04-25T03:57:05Z,\N,2021-05-05T02:14:35Z,\N,1,assert
acme:data_store:store-03009~5740e8eb485e,data_store,acme,store-03009,store-03009.object_store,object_store,false,operational,in_use,2021-04-01T12:34:23Z,\N,2021-05-06T18:36:18Z,\N,1,assert
acme:data_store:store-00042~20df4870412d,data_store,acme,store-00042,store-00042.dbms,dbms,false,operational,in_use,2021-04-01T10:34:06Z,\N,2021-05-07T22:36:16Z,\N,1,assert
acme:data_store:store-01099~c6373afdb97c,data_store,acme,store-01099,store-01099.dbms,dbms,true,operational,in_use,2021-04-21T00:08:38Z,\N,2021-05-07T22:51:02Z,\N,1,assert
acme:data_store:store-00437~41fedc59754d,data_store,acme,store-00437,store-00437.queue,queue,true,operational,in_use,2021-04-03T05:07:21Z,\N,2021-05-08T06:59:11Z,\N,1,assert
acme:data_store:store-02136~a06df90a7861,data_store,acme,store-02136,store-02136.dbms,dbms,false,operational,in_use,2021-03-27T04:49:22Z,\N,2021-05-09T04:57:35Z,\N,1,assert
acme:data_store:store-00065~9cbc92e8c5df,data_store,acme,store-00065,store-00065.warehouse,warehouse,false,operational,in_use,2021-04-23T10:09:27Z,\N,2021-05-11T12:39:44Z,\N,1,assert
acme:data_store:store-02516~de554dcd939a,data_store,acme,store-02516,store-02516.file_share,file_share,true,operational,in_use,2021-04-17T03:51:57Z,\N,2021-05-11T00:36:06Z,\N,1,assert
acme:data_store:store-00544~69027cb4ea00,data_store,acme,store-00544,store-00544.warehouse,warehouse,true,operational,in_use,2021-04-14T20:24:06Z,\N,2021-05-17T05:04:55Z,\N,1,assert
acme:data_store:store-02991~d1cdbc02b640,data_store,acme,store-02991,store-02991.file_share,file_share,true,operational,in_use,2021-05-13T05:43:32Z,\N,2021-05-17T07:47:03Z,\N,1,assert
acme:data_store:store-01376~b1c1a4444f0f,data_store,acme,store-01376,store-01376.dbms,dbms,false,operational,in_use,2021-04-09T05:01:50Z,\N,2021-05-18T05:50:00Z,\N,1,assert
acme:data_store:store-03544~2a72ec55bb39,data_store,acme,store-03544,store-03544.object_store,object_store,false,operational,in_use,2021-04-26T16:32:01Z,\N,2021-05-19T17:26:20Z,\N,1,assert
acme:data_store:store-01302~d86d7d21a2c4,data_store,acme,store-01302,store-01302.dbms,dbms,false,operational,in_use,2021-05-19T16:07:33Z,\N,2021-05-20T17:44:35Z,\N,1,assert
acme:data_store:store-02482~45c1d0408697,data_store,acme,store-02482,store-02482.dbms,dbms,false,operational,in_use,2021-05-13T04:06:47Z,\N,2021-05-21T10:04:32Z,\N,1,assert
acme:data_store:store-00801~6e6203b964b1,data_store,acme,store-00801,store-00801.object_store,object_store,false,operational,in_use,2021-04-19T04:53:20Z,\N,2021-05-23T07:19:30Z,2025-12-17T04:59:30Z,1,assert
acme:data_store:store-01345~14f662f28363,data_store,acme,store-01345,store-01345.object_store,object_store,false,operational,in_use,2021-05-05T23:45:31Z,\N,2021-05-24T09:38:14Z,\N,1,assert
acme:data_store:store-00635~afd7be0325c9,data_store,acme,store-00635,store-00635.object_store,object_store,false,operational,in_use,2021-04-24T16:56:15Z,\N,2021-05-25T14:51:34Z,\N,1,assert
acme:data_store:store-01098~118d9d600a6a,data_store,acme,store-01098,store-01098.dbms,dbms,true,operational,in_use,2021-05-03T13:09:29Z,\N,2021-05-25T11:10:52Z,\N,1,assert
acme:data_store:store-02105~1ce55ad5d890,data_store,acme,store-02105,store-02105.object_store,object_store,false,operational,in_use,2021-05-08T22:18:20Z,\N,2021-05-25T07:41:17Z,\N,1,assert
acme:data_store:store-02370~5284ef972dd2,data_store,acme,store-02370,store-02370.dbms,dbms,true,operational,in_use,2021-05-15T16:51:21Z,\N,2021-05-25T17:29:33Z,\N,1,assert
acme:data_store:store-03148~4cce6a94edae,data_store,acme,store-03148,store-03148.dbms,dbms,true,operational,in_use,2021-04-22T18:54:40Z,\N,2021-05-26T15:51:03Z,\N,1,assert
acme:data_store:store-02102~813c9991e373,data_store,acme,store-02102,store-02102.dbms,dbms,false,operational,in_use,2021-05-10T06:34:10Z,\N,2021-05-27T08:08:43Z,\N,1,assert
acme:data_store:store-02134~2b2b02acaede,data_store,acme,store-02134,store-02134.object_store,object_store,false,operational,in_use,2021-04-18T00:45:54Z,\N,2021-05-27T13:15:42Z,\N,1,assert
acme:data_store:store-02466~f7597431ffcf,data_store,acme,store-02466,store-02466.queue,queue,true,operational,in_use,2021-05-06T17:37:30Z,\N,2021-05-27T04:17:18Z,\N,1,assert
acme:data_store:store-01569~d0534fc68645,data_store,acme,store-01569,store-01569.object_store,object_store,false,operational,in_use,2021-05-28T11:40:13Z,\N,2021-05-29T03:08:29Z,\N,1,assert
acme:data_store:store-03301~b1d815c33fc4,data_store,acme,store-03301,store-03301.object_store,object_store,false,operational,in_use,2021-04-15T14:14:31Z,2021-08-24T16:56:51Z,2021-05-29T12:05:57Z,\N,1,assert
acme:data_store:store-02273~5c96cf3c779c,data_store,acme,store-02273,store-02273.warehouse,warehouse,false,operational,in_use,2021-05-28T14:47:33Z,\N,2021-05-29T23:59:37Z,\N,1,assert
acme:data_store:store-00784~3ca16aa6f14f,data_store,acme,store-00784,store-00784.dbms,dbms,false,operational,in_use,2021-05-05T02:43:36Z,\N,2021-05-30T03:39:03Z,\N,1,assert
acme:data_store:store-00859~51cb752b2ba6,data_store,acme,store-00859,store-00859.file_share,file_share,true,operational,in_use,2021-05-01T00:44:10Z,\N,2021-05-30T22:52:36Z,\N,1,assert
acme:data_store:store-02229~a7e42469675b,data_store,acme,store-02229,store-02229.warehouse,warehouse,false,operational,in_use,2021-05-02T23:43:12Z,\N,2021-05-30T08:07:57Z,\N,1,assert
acme:data_store:store-02240~c04bdea068fb,data_store,acme,store-02240,store-02240.dbms,dbms,false,operational,in_use,2021-04-18T14:21:52Z,\N,2021-05-30T17:46:56Z,\N,1,assert
acme:data_store:store-00903~d2f5e4cdac50,data_store,acme,store-00903,store-00903.warehouse,warehouse,true,operational,in_use,2021-05-14T03:15:57Z,\N,2021-05-31T02:50:51Z,\N,1,assert
acme:data_store:store-01924~73e75606b792,data_store,acme,store-01924,store-01924.file_share,file_share,false,operational,in_use,2021-05-20T21:15:46Z,\N,2021-05-31T10:50:48Z,\N,1,assert
acme:data_store:store-02263~b47431d307b9,data_store,acme,store-02263,store-02263.dbms,dbms,false,operational,in_use,2021-05-02T04:08:12Z,\N,2021-05-31T08:09:48Z,\N,1,assert
acme:data_store:store-02307~2e1d3765d6a6,data_store,acme,store-02307,store-02307.object_store,object_store,false,operational,in_use,2021-05-26T02:42:09Z,\N,2021-06-01T18:35:24Z,\N,1,assert
acme:data_store:store-00874~b86ca3d067ce,data_store,acme,store-00874,store-00874.dbms,dbms,false,operational,in_use,2021-05-15T16:36:24Z,\N,2021-06-03T00:31:10Z,\N,1,assert
acme:data_store:store-01094~82aa9e815461,data_store,acme,store-01094,store-01094.warehouse,warehouse,false,operational,in_use,2021-05-31T13:29:39Z,\N,2021-06-03T15:32:06Z,\N,1,assert
acme:data_store:store-00667~dac3b9f452aa,data_store,acme,store-00667,store-00667.file_share,file_share,true,operational,in_use,2021-05-01T06:00:50Z,\N,2021-06-04T11:25:49Z,\N,1,assert
acme:data_store:store-01311~2a8b7ff1ae9f,data_store,acme,store-01311,store-01311.object_store,object_store,true,operational,in_use,2021-05-26T15:52:17Z,\N,2021-06-04T22:18:35Z,\N,1,assert
acme:data_store:store-02809~0d670ecee259,data_store,acme,store-02809,store-02809.dbms,dbms,false,operational,in_use,2021-05-02T22:42:23Z,\N,2021-06-04T20:16:27Z,\N,1,assert
acme:data_store:store-02127~6e7adbf341f1,data_store,acme,store-02127,store-02127.dbms,dbms,false,operational,in_use,2021-05-03T13:32:53Z,\N,2021-06-05T08:34:27Z,\N,1,assert
acme:data_store:store-02290~97919a7d16a7,data_store,acme,store-02290,store-02290.dbms,dbms,false,operational,in_use,2021-05-25T13:45:21Z,\N,2021-06-05T11:12:53Z,\N,1,assert
acme:data_store:store-03576~39626913917d,data_store,acme,store-03576,store-03576.object_store,object_store,false,operational,in_use,2021-04-29T09:08:19Z,\N,2021-06-05T14:53:40Z,\N,1,assert
acme:data_store:store-00885~33c459b864f2,data_store,acme,store-00885,store-00885.file_share,file_share,false,operational,in_use,2021-05-11T12:28:16Z,\N,2021-06-09T02:06:38Z,\N,1,assert
acme:data_store:store-01620~0f1bfdd7db37,data_store,acme,store-01620,store-01620.warehouse,warehouse,true,operational,in_use,2021-05-09T07:04:56Z,\N,2021-06-09T21:45:27Z,\N,1,assert
acme:data_store:store-02262~cf45994f7ce0,data_store,acme,store-02262,store-02262.warehouse,warehouse,false,operational,in_use,2021-05-12T03:24:23Z,\N,2021-06-11T11:19:33Z,\N,1,assert
acme:data_store:store-02404~bde15894fa4b,data_store,acme,store-02404,store-02404.dbms,dbms,false,operational,in_use,2021-05-14T15:15:11Z,\N,2021-06-11T02:48:51Z,\N,1,assert
acme:data_store:store-01566~f2555886c86c,data_store,acme,store-01566,store-01566.file_share,file_share,false,operational,in_use,2021-05-07T17:02:22Z,\N,2021-06-12T13:32:21Z,\N,1,assert
acme:data_store:store-00662~ed3c9ef41798,data_store,acme,store-00662,store-00662.object_store,object_store,false,operational,in_use,2021-06-03T06:31:08Z,\N,2021-06-13T14:10:35Z,\N,1,assert
acme:data_store:store-02877~edd8fedef751,data_store,acme,store-02877,store-02877.queue,queue,false,operational,in_use,2021-06-07T19:09:48Z,\N,2021-06-14T17:36:00Z,\N,1,assert
acme:data_store:store-01987~97a680ef9008,data_store,acme,store-01987,store-01987.object_store,object_store,true,operational,in_use,2021-06-13T20:04:49Z,\N,2021-06-16T13:21:06Z,\N,1,assert
acme:data_store:store-00336~dbb9b0a2a838,data_store,acme,store-00336,store-00336.file_share,file_share,true,operational,in_use,2021-05-30T01:28:10Z,\N,2021-06-19T03:51:01Z,\N,1,assert
acme:data_store:store-00927~978c9302c921,data_store,acme,store-00927,store-00927.dbms,dbms,false,operational,in_use,2021-05-25T20:37:18Z,\N,2021-06-19T06:48:24Z,\N,1,assert
acme:data_store:store-01840~c8c709a9db48,data_store,acme,store-01840,store-01840.warehouse,warehouse,true,operational,in_use,2021-06-03T06:29:02Z,\N,2021-06-20T18:56:12Z,\N,1,assert
acme:data_store:store-02374~046ddeb37ae0,data_store,acme,store-02374,store-02374.queue,queue,true,operational,in_use,2021-06-14T12:44:05Z,\N,2021-06-20T12:31:39Z,\N,1,assert
acme:data_store:store-01805~b5115a9c7c3a,data_store,acme,store-01805,store-01805.dbms,dbms,true,operational,in_use,2021-06-03T03:32:26Z,\N,2021-06-21T16:58:33Z,\N,1,assert
acme:data_store:store-00671~9f637b3046d9,data_store,acme,store-00671,store-00671.warehouse,warehouse,false,operational,in_use,2021-06-22T06:31:03Z,\N,2021-06-23T08:25:53Z,\N,1,assert
acme:data_store:store-02059~951e8688a3ea,data_store,acme,store-02059,store-02059.file_share,file_share,true,operational,in_use,2021-06-19T17:53:02Z,\N,2021-06-23T06:38:04Z,\N,1,assert
acme:data_store:store-00956~d24ef842f1b5,data_store,acme,store-00956,store-00956.warehouse,warehouse,false,operational,in_use,2021-05-25T04:50:23Z,\N,2021-06-26T19:00:01Z,\N,1,assert
acme:data_store:store-02782~b3b53875bad6,data_store,acme,store-02782,store-02782.dbms,dbms,true,operational,in_use,2021-05-30T04:32:02Z,\N,2021-06-26T07:53:46Z,\N,1,assert
acme:data_store:store-01999~946ea5bbcded,data_store,acme,store-01999,store-01999.object_store,object_store,true,operational,in_use,2021-05-27T17:25:08Z,\N,2021-06-27T10:47:36Z,\N,1,assert
acme:data_store:store-01898~b983242551e2,data_store,acme,store-01898,store-01898.dbms,dbms,false,operational,in_use,2021-06-14T22:30:10Z,\N,2021-06-28T05:58:33Z,\N,1,assert
acme:data_store:store-02363~204cbdfe5c13,data_store,acme,store-02363,store-02363.queue,queue,false,operational,in_use,2021-06-07T07:45:34Z,\N,2021-06-28T21:18:17Z,\N,1,assert
acme:data_store:store-02752~2edcec440a47,data_store,acme,store-02752,store-02752.file_share,file_share,true,operational,in_use,2021-05-28T11:37:33Z,\N,2021-06-29T12:29:49Z,\N,1,assert
acme:data_store:store-01829~8ddb29d854da,data_store,acme,store-01829,store-01829.file_share,file_share,false,operational,in_use,2021-06-04T17:15:57Z,\N,2021-06-30T03:40:55Z,\N,1,assert
acme:data_store:store-00900~6ace7c4f0db7,data_store,acme,store-00900,store-00900.dbms,dbms,false,operational,in_use,2021-05-29T23:40:12Z,2021-10-06T22:31:57Z,2021-07-02T02:34:46Z,\N,1,assert
acme:data_store:store-00094~f70c5035d0dd,data_store,acme,store-00094,store-00094.dbms,dbms,true,operational,in_use,2021-05-30T09:20:24Z,\N,2021-07-05T14:32:39Z,\N,1,assert
acme:data_store:store-02017~b7650106027a,data_store,acme,store-02017,store-02017.warehouse,warehouse,true,operational,in_use,2021-05-23T09:26:33Z,\N,2021-07-05T14:01:10Z,\N,1,assert
acme:data_store:store-02126~d6576f0e0f79,data_store,acme,store-02126,store-02126.object_store,object_store,false,operational,in_use,2021-05-25T07:13:46Z,\N,2021-07-05T20:38:51Z,\N,1,assert
acme:data_store:store-00734~7f6829d72b69,data_store,acme,store-00734,store-00734.dbms,dbms,false,operational,in_use,2021-05-30T13:56:05Z,\N,2021-07-06T08:57:38Z,\N,1,assert
acme:data_store:store-01691~7de90b73a7c9,data_store,acme,store-01691,store-01691.object_store,object_store,false,operational,in_use,2021-06-05T20:58:27Z,2021-10-04T12:47:50Z,2021-07-06T11:07:28Z,\N,1,assert
acme:data_store:store-02597~1a10cd30ee13,data_store,acme,store-02597,store-02597.dbms,dbms,true,operational,in_use,2021-07-03T10:33:47Z,\N,2021-07-06T21:51:03Z,\N,1,assert
acme:data_store:store-02072~a506574ea52c,data_store,acme,store-02072,store-02072.dbms,dbms,false,operational,in_use,2021-05-30T09:43:43Z,\N,2021-07-07T23:15:14Z,\N,1,assert
acme:data_store:store-01764~fe42cd0f062b,data_store,acme,store-01764,store-01764.warehouse,warehouse,false,operational,in_use,2021-06-28T06:13:10Z,\N,2021-07-08T07:04:14Z,\N,1,assert
acme:data_store:store-02071~021cd27d8f21,data_store,acme,store-02071,store-02071.file_share,file_share,false,operational,in_use,2021-06-06T00:43:03Z,\N,2021-07-08T00:35:21Z,\N,1,assert
acme:data_store:store-03303~a8717aa24f23,data_store,acme,store-03303,store-03303.dbms,dbms,false,operational,in_use,2021-06-08T05:20:20Z,2021-10-19T07:48:58Z,2021-07-09T11:46:52Z,\N,1,assert
acme:data_store:store-02330~d983bf11c5a7,data_store,acme,store-02330,store-02330.dbms,dbms,false,operational,in_use,2021-06-08T05:05:56Z,\N,2021-07-09T13:53:12Z,\N,1,assert
acme:data_store:store-00107~e5d14ad328d7,data_store,acme,store-00107,store-00107.warehouse,warehouse,false,operational,in_use,2021-06-01T07:00:43Z,\N,2021-07-11T22:29:03Z,\N,1,assert
acme:data_store:store-01524~0f4827d86ba9,data_store,acme,store-01524,store-01524.warehouse,warehouse,false,operational,in_use,2021-06-16T20:49:12Z,\N,2021-07-12T14:55:58Z,\N,1,assert
acme:data_store:store-00891~15db1f685f73,data_store,acme,store-00891,store-00891.dbms,dbms,false,operational,in_use,2021-07-10T00:22:40Z,\N,2021-07-13T08:13:14Z,\N,1,assert
acme:data_store:store-03158~fe7e224eb219,data_store,acme,store-03158,store-03158.warehouse,warehouse,false,operational,in_use,2021-06-28T19:12:42Z,\N,2021-07-13T00:47:52Z,\N,1,assert
acme:data_store:store-00820~8a18048c1b1c,data_store,acme,store-00820,store-00820.file_share,file_share,false,operational,in_use,2021-06-09T04:45:04Z,\N,2021-07-14T07:48:14Z,\N,1,assert
acme:data_store:store-02323~343f57cad2fb,data_store,acme,store-02323,store-02323.queue,queue,false,operational,in_use,2021-06-19T01:26:39Z,\N,2021-07-14T14:14:42Z,\N,1,assert
acme:data_store:store-02308~e7513d4342f5,data_store,acme,store-02308,store-02308.dbms,dbms,false,operational,in_use,2021-06-12T05:18:11Z,\N,2021-07-15T05:36:49Z,\N,1,assert
acme:data_store:store-00400~9a8bf9e92aa6,data_store,acme,store-00400,store-00400.dbms,dbms,true,operational,in_use,2021-07-03T22:36:53Z,\N,2021-07-16T07:59:21Z,\N,1,assert
acme:data_store:store-01759~29d69d1a0e95,data_store,acme,store-01759,store-01759.dbms,dbms,true,operational,in_use,2021-07-14T20:45:55Z,\N,2021-07-16T10:25:25Z,\N,1,assert
acme:data_store:store-01826~54b7712368d6,data_store,acme,store-01826,store-01826.dbms,dbms,false,operational,in_use,2021-07-03T18:56:13Z,\N,2021-07-16T20:41:44Z,\N,1,assert
acme:data_store:store-02885~37ac10787f71,data_store,acme,store-02885,store-02885.dbms,dbms,false,operational,in_use,2021-06-03T21:08:53Z,\N,2021-07-16T10:48:23Z,\N,1,assert
acme:data_store:store-02292~f8a719fbed82,data_store,acme,store-02292,store-02292.dbms,dbms,true,operational,in_use,2021-06-20T21:00:03Z,\N,2021-07-19T09:34:17Z,\N,1,assert
acme:data_store:store-00592~932d220f054f,data_store,acme,store-00592,store-00592.dbms,dbms,true,operational,in_use,2021-07-13T14:58:53Z,\N,2021-07-22T00:48:15Z,\N,1,assert
acme:data_store:store-01505~270e4eefe923,data_store,acme,store-01505,store-01505.dbms,dbms,false,operational,in_use,2021-06-28T04:25:11Z,\N,2021-07-22T07:21:14Z,\N,1,assert
acme:data_store:store-02281~e83ba4f5ad5f,data_store,acme,store-02281,store-02281.object_store,object_store,false,operational,in_use,2021-06-29T14:33:56Z,\N,2021-07-22T03:50:25Z,\N,1,assert
acme:data_store:store-01590~c1bee4c4f14b,data_store,acme,store-01590,store-01590.dbms,dbms,false,operational,in_use,2021-07-20T10:55:29Z,\N,2021-07-23T01:08:23Z,\N,1,assert
acme:data_store:store-02499~fb78008f20e5,data_store,acme,store-02499,store-02499.warehouse,warehouse,true,operational,in_use,2021-07-11T14:14:01Z,\N,2021-07-23T00:38:04Z,\N,1,assert
acme:data_store:store-03277~ff62fbd22035,data_store,acme,store-03277,store-03277.dbms,dbms,false,operational,in_use,2021-07-17T15:56:21Z,\N,2021-07-23T08:11:16Z,\N,1,assert
acme:data_store:store-01798~0b14f7b5df70,data_store,acme,store-01798,store-01798.queue,queue,false,operational,in_use,2021-07-23T08:30:59Z,\N,2021-07-24T03:04:27Z,\N,1,assert
acme:data_store:store-01318~b90f6dd2d182,data_store,acme,store-01318,store-01318.object_store,object_store,true,operational,in_use,2021-07-04T06:54:03Z,\N,2021-07-25T22:51:54Z,\N,1,assert
acme:data_store:store-03404~649339ed386a,data_store,acme,store-03404,store-03404.dbms,dbms,true,operational,in_use,2021-06-12T06:31:07Z,\N,2021-07-25T08:21:28Z,\N,1,assert
acme:data_store:store-03467~907dbf42ebaa,data_store,acme,store-03467,store-03467.dbms,dbms,false,operational,in_use,2021-07-12T09:23:11Z,\N,2021-07-26T14:12:57Z,\N,1,assert
acme:data_store:store-01088~da61940e1dde,data_store,acme,store-01088,store-01088.file_share,file_share,true,operational,in_use,2021-07-04T09:54:02Z,\N,2021-07-27T14:31:52Z,\N,1,assert
acme:data_store:store-00887~0189c130aaed,data_store,acme,store-00887,store-00887.dbms,dbms,false,operational,in_use,2021-07-17T14:33:22Z,\N,2021-07-28T10:25:19Z,\N,1,assert
acme:data_store:store-00977~84789988511d,data_store,acme,store-00977,store-00977.warehouse,warehouse,true,operational,in_use,2021-07-02T18:16:34Z,\N,2021-07-29T12:58:53Z,\N,1,assert
acme:data_store:store-01324~b96379d2d28c,data_store,acme,store-01324,store-01324.dbms,dbms,false,operational,in_use,2021-07-29T21:51:29Z,\N,2021-07-29T21:51:29Z,\N,1,assert
acme:data_store:store-01496~0357c4864836,data_store,acme,store-01496,store-01496.object_store,object_store,false,operational,in_use,2021-06-26T11:26:56Z,\N,2021-08-01T23:10:22Z,\N,1,assert
acme:data_store:store-02737~a04e3a37cd93,data_store,acme,store-02737,store-02737.object_store,object_store,false,operational,in_use,2021-06-25T21:39:19Z,\N,2021-08-02T22:20:10Z,\N,1,assert
acme:data_store:store-00586~db97bd405bdf,data_store,acme,store-00586,store-00586.file_share,file_share,false,operational,in_use,2021-07-03T03:06:01Z,\N,2021-08-04T06:05:37Z,\N,1,assert
acme:data_store:store-00844~96541f39dd82,data_store,acme,store-00844,store-00844.object_store,object_store,false,operational,in_use,2021-06-26T05:25:47Z,\N,2021-08-04T22:56:33Z,\N,1,assert
acme:data_store:store-02062~38a6bbafd56e,data_store,acme,store-02062,store-02062.object_store,object_store,true,operational,in_use,2021-07-18T23:53:03Z,\N,2021-08-04T04:55:36Z,\N,1,assert
acme:data_store:store-02808~6eaf7ef972d7,data_store,acme,store-02808,store-02808.dbms,dbms,false,operational,in_use,2021-08-02T03:39:16Z,\N,2021-08-05T11:06:26Z,\N,1,assert
acme:data_store:store-03188~88540c3a8fcc,data_store,acme,store-03188,store-03188.object_store,object_store,true,operational,in_use,2021-06-23T16:30:49Z,\N,2021-08-05T22:34:16Z,\N,1,assert
acme:data_store:store-01394~2bb48b5b07c8,data_store,acme,store-01394,store-01394.object_store,object_store,false,operational,in_use,2021-07-17T12:46:46Z,\N,2021-08-06T16:13:18Z,\N,1,assert
acme:data_store:store-02449~34383a428af8,data_store,acme,store-02449,store-02449.dbms,dbms,false,operational,in_use,2021-07-16T10:33:09Z,\N,2021-08-07T04:30:07Z,\N,1,assert
acme:data_store:store-00406~731fa9b526a4,data_store,acme,store-00406,store-00406.dbms,dbms,false,operational,in_use,2021-06-25T02:05:53Z,\N,2021-08-08T12:54:22Z,\N,1,assert
acme:data_store:store-00030~7cf56a2d81dd,data_store,acme,store-00030,store-00030.dbms,dbms,true,operational,in_use,2021-06-27T14:03:21Z,\N,2021-08-10T13:30:50Z,\N,1,assert
acme:data_store:store-00361~f47c041b3436,data_store,acme,store-00361,store-00361.dbms,dbms,false,operational,in_use,2021-07-14T11:35:19Z,\N,2021-08-10T13:08:37Z,\N,1,assert
acme:data_store:store-00884~2df5dd440c3d,data_store,acme,store-00884,store-00884.object_store,object_store,false,operational,in_use,2021-07-01T10:19:12Z,\N,2021-08-11T03:56:30Z,\N,1,assert
acme:data_store:store-00721~0c929703e92e,data_store,acme,store-00721,store-00721.file_share,file_share,false,operational,in_use,2021-07-28T22:19:29Z,\N,2021-08-12T19:22:55Z,\N,1,assert
acme:data_store:store-02827~12ab308d5122,data_store,acme,store-02827,store-02827.file_share,file_share,true,operational,in_use,2021-08-04T20:57:16Z,2021-09-30T15:17:47Z,2021-08-13T08:03:42Z,\N,1,assert
acme:data_store:store-02920~81aeb73e4b4b,data_store,acme,store-02920,store-02920.warehouse,warehouse,true,operational,in_use,2021-07-12T03:28:32Z,\N,2021-08-13T19:33:22Z,\N,1,assert
acme:data_store:store-01014~644522ec226f,data_store,acme,store-01014,store-01014.warehouse,warehouse,false,operational,in_use,2021-07-15T03:10:13Z,\N,2021-08-14T11:55:28Z,\N,1,assert
acme:data_store:store-01763~a6cf1fb418f9,data_store,acme,store-01763,store-01763.dbms,dbms,false,operational,in_use,2021-07-15T05:37:11Z,\N,2021-08-14T09:06:52Z,\N,1,assert
acme:data_store:store-01395~095507c0de00,data_store,acme,store-01395,store-01395.warehouse,warehouse,true,operational,in_use,2021-07-17T06:38:54Z,\N,2021-08-17T03:03:37Z,\N,1,assert
acme:data_store:store-01756~6ef7e3b9fad4,data_store,acme,store-01756,store-01756.file_share,file_share,false,operational,in_use,2021-07-18T11:36:21Z,\N,2021-08-18T14:53:15Z,\N,1,assert
acme:data_store:store-00992~c3b75d52ca15,data_store,acme,store-00992,store-00992.warehouse,warehouse,false,operational,in_use,2021-07-10T12:10:30Z,\N,2021-08-20T02:14:47Z,\N,1,assert
acme:data_store:store-01280~2d12b8130e88,data_store,acme,store-01280,store-01280.warehouse,warehouse,false,operational,in_use,2021-07-28T12:06:31Z,\N,2021-08-20T04:35:31Z,\N,1,assert
acme:data_store:store-03502~6ad18b273029,data_store,acme,store-03502,store-03502.file_share,file_share,false,operational,in_use,2021-08-15T20:18:24Z,\N,2021-08-21T13:39:15Z,\N,1,assert
acme:data_store:store-00777~9e4adb28083e,data_store,acme,store-00777,store-00777.queue,queue,false,operational,in_use,2021-08-05T12:04:11Z,\N,2021-08-23T09:44:09Z,\N,1,assert
acme:data_store:store-01438~d2fefff35f5a,data_store,acme,store-01438,store-01438.warehouse,warehouse,true,operational,in_use,2021-08-05T21:04:26Z,\N,2021-08-23T09:29:05Z,\N,1,assert
acme:data_store:store-02195~342454cb4b47,data_store,acme,store-02195,store-02195.warehouse,warehouse,true,operational,in_use,2021-08-14T00:34:11Z,\N,2021-08-24T10:34:59Z,\N,1,assert
acme:data_store:store-02658~f2ae4c9b541c,data_store,acme,store-02658,store-02658.dbms,dbms,false,operational,in_use,2021-07-27T10:46:58Z,\N,2021-08-24T05:30:54Z,\N,1,assert
acme:data_store:store-00832~2a77381cd1ed,data_store,acme,store-00832,store-00832.file_share,file_share,true,operational,in_use,2021-08-02T12:53:08Z,\N,2021-08-25T02:36:17Z,\N,1,assert
acme:data_store:store-02148~61eed64a7240,data_store,acme,store-02148,store-02148.dbms,dbms,false,operational,in_use,2021-07-29T13:58:02Z,\N,2021-08-25T18:08:42Z,\N,1,assert
acme:data_store:store-02393~30bbfccdb403,data_store,acme,store-02393,store-02393.dbms,dbms,false,operational,in_use,2021-07-29T16:35:34Z,\N,2021-08-25T20:03:07Z,\N,1,assert
acme:data_store:store-03556~84270bcba503,data_store,acme,store-03556,store-03556.object_store,object_store,false,operational,in_use,2021-08-16T15:43:13Z,\N,2021-08-25T08:47:58Z,\N,1,assert
acme:data_store:store-02081~351bdb48482c,data_store,acme,store-02081,store-02081.dbms,dbms,false,operational,in_use,2021-08-03T21:44:55Z,\N,2021-08-26T19:44:30Z,\N,1,assert
acme:data_store:store-00358~bac2fe316692,data_store,acme,store-00358,store-00358.warehouse,warehouse,false,operational,in_use,2021-07-21T17:52:24Z,\N,2021-08-27T05:11:46Z,\N,1,assert
acme:data_store:store-00559~104d0cd4533b,data_store,acme,store-00559,store-00559.dbms,dbms,false,operational,in_use,2021-07-15T19:37:09Z,\N,2021-08-27T05:23:50Z,\N,1,assert
acme:data_store:store-01112~6f192db2c0c0,data_store,acme,store-01112,store-01112.file_share,file_share,false,operational,in_use,2021-08-19T18:27:50Z,\N,2021-08-27T09:52:20Z,\N,1,assert
acme:data_store:store-01313~9657c3be0adb,data_store,acme,store-01313,store-01313.warehouse,warehouse,false,operational,in_use,2021-08-18T04:54:40Z,\N,2021-08-27T19:19:36Z,\N,1,assert
acme:data_store:store-01611~9f4dbd2459b7,data_store,acme,store-01611,store-01611.object_store,object_store,false,operational,in_use,2021-08-12T20:33:42Z,\N,2021-08-28T01:43:43Z,\N,1,assert
acme:data_store:store-00373~a37dce03b0b8,data_store,acme,store-00373,store-00373.dbms,dbms,false,operational,in_use,2021-07-22T14:32:53Z,2022-08-29T14:51:30Z,2021-08-28T12:01:02Z,\N,1,assert
acme:data_store:store-00836~864a011be9ac,data_store,acme,store-00836,store-00836.object_store,object_store,false,operational,in_use,2021-07-27T18:49:09Z,\N,2021-08-29T03:53:59Z,\N,1,assert
acme:data_store:store-02354~00e0276c64a6,data_store,acme,store-02354,store-02354.object_store,object_store,false,operational,in_use,2021-08-05T16:34:45Z,\N,2021-08-29T11:17:15Z,\N,1,assert
acme:data_store:store-02724~876157b7739b,data_store,acme,store-02724,store-02724.warehouse,warehouse,false,operational,in_use,2021-08-07T01:13:29Z,\N,2021-08-29T13:34:34Z,\N,1,assert
acme:data_store:store-01292~a5eef5fc51d2,data_store,acme,store-01292,store-01292.warehouse,warehouse,true,operational,in_use,2021-08-28T06:49:19Z,\N,2021-08-30T04:33:28Z,\N,1,assert
acme:data_store:store-01701~94dbe318a98f,data_store,acme,store-01701,store-01701.file_share,file_share,true,operational,in_use,2021-08-18T18:23:57Z,\N,2021-08-30T09:06:46Z,\N,1,assert
acme:data_store:store-02573~2a16fd3a1972,data_store,acme,store-02573,store-02573.dbms,dbms,true,operational,in_use,2021-08-20T07:54:27Z,\N,2021-08-30T21:17:07Z,\N,1,assert
acme:data_store:store-00987~b27693a0a17e,data_store,acme,store-00987,store-00987.warehouse,warehouse,false,operational,in_use,2021-08-17T11:59:22Z,\N,2021-09-01T21:14:19Z,\N,1,assert
acme:data_store:store-03587~42a382285030,data_store,acme,store-03587,store-03587.queue,queue,false,operational,in_use,2021-08-08T13:51:43Z,\N,2021-09-01T02:48:15Z,\N,1,assert
acme:data_store:store-00435~e5cd7000de63,data_store,acme,store-00435,store-00435.warehouse,warehouse,false,operational,in_use,2021-07-21T20:30:15Z,\N,2021-09-02T23:01:02Z,\N,1,assert
acme:data_store:store-01152~8d497f7bf8e3,data_store,acme,store-01152,store-01152.queue,queue,false,operational,in_use,2021-08-08T05:26:54Z,\N,2021-09-02T22:57:57Z,\N,1,assert
acme:data_store:store-02357~fba158d00e66,data_store,acme,store-02357,store-02357.warehouse,warehouse,true,operational,in_use,2021-08-09T15:57:14Z,\N,2021-09-03T12:50:48Z,\N,1,assert
acme:data_store:store-02211~db611962437a,data_store,acme,store-02211,store-02211.warehouse,warehouse,false,operational,in_use,2021-07-26T09:56:23Z,\N,2021-09-04T02:50:07Z,\N,1,assert
acme:data_store:store-01993~6e5ea8250b8b,data_store,acme,store-01993,store-01993.file_share,file_share,false,operational,in_use,2021-07-31T02:08:30Z,\N,2021-09-05T11:50:04Z,\N,1,assert
acme:data_store:store-01202~2da2e2658d45,data_store,acme,store-01202,store-01202.file_share,file_share,false,operational,in_use,2021-08-05T12:59:48Z,\N,2021-09-06T14:53:33Z,\N,1,assert
acme:data_store:store-01957~7da4243c31ba,data_store,acme,store-01957,store-01957.warehouse,warehouse,false,operational,in_use,2021-08-02T22:09:56Z,\N,2021-09-06T08:04:15Z,\N,1,assert
acme:data_store:store-00455~896fb724a762,data_store,acme,store-00455,store-00455.file_share,file_share,false,operational,in_use,2021-08-18T13:16:53Z,\N,2021-09-07T10:38:44Z,\N,1,assert
acme:data_store:store-03516~c56e8f06945a,data_store,acme,store-03516,store-03516.file_share,file_share,false,operational,in_use,2021-08-28T11:09:14Z,\N,2021-09-07T10:27:11Z,\N,1,assert
acme:data_store:store-02964~4dd6f772ce33,data_store,acme,store-02964,store-02964.queue,queue,false,operational,in_use,2021-09-05T15:54:49Z,2022-03-18T15:41:27Z,2021-09-07T23:10:07Z,\N,1,assert
acme:data_store:store-00032~3fb7e2e112a8,data_store,acme,store-00032,store-00032.dbms,dbms,false,operational,in_use,2021-09-06T21:46:14Z,\N,2021-09-10T12:54:35Z,\N,1,assert
acme:data_store:store-03297~279861fb3b5d,data_store,acme,store-03297,store-03297.file_share,file_share,true,operational,in_use,2021-08-19T12:04:37Z,\N,2021-09-11T22:36:15Z,\N,1,assert
acme:data_store:store-02048~c2e348e83423,data_store,acme,store-02048,store-02048.warehouse,warehouse,false,operational,in_use,2021-08-27T16:20:54Z,\N,2021-09-12T17:53:14Z,\N,1,assert
acme:data_store:store-00045~bcae1cb7a646,data_store,acme,store-00045,store-00045.dbms,dbms,false,operational,in_use,2021-09-04T06:01:57Z,2021-11-18T10:18:14Z,2021-09-13T04:52:14Z,\N,1,assert
acme:data_store:store-00367~27f9c1214bb6,data_store,acme,store-00367,store-00367.file_share,file_share,false,operational,in_use,2021-09-06T19:58:35Z,\N,2021-09-13T14:23:14Z,\N,1,assert
acme:data_store:store-01712~03a1a09ce97d,data_store,acme,store-01712,store-01712.dbms,dbms,false,operational,in_use,2021-08-04T23:31:35Z,\N,2021-09-13T04:10:04Z,\N,1,assert
acme:data_store:store-01954~0a762ccd6b36,data_store,acme,store-01954,store-01954.file_share,file_share,true,operational,in_use,2021-09-11T16:02:58Z,\N,2021-09-13T09:48:47Z,\N,1,assert
acme:data_store:store-02611~2e307ce8f1c8,data_store,acme,store-02611,store-02611.dbms,dbms,true,operational,in_use,2021-09-10T00:39:55Z,\N,2021-09-13T11:52:55Z,\N,1,assert
acme:data_store:store-00648~2958d2cb487e,data_store,acme,store-00648,store-00648.dbms,dbms,false,operational,in_use,2021-08-18T16:10:16Z,\N,2021-09-15T08:56:12Z,\N,1,assert
acme:data_store:store-02753~b414e5563d34,data_store,acme,store-02753,store-02753.queue,queue,true,operational,in_use,2021-08-07T03:03:01Z,\N,2021-09-15T06:03:49Z,\N,1,assert
acme:data_store:store-02429~c93bbbc643fd,data_store,acme,store-02429,store-02429.dbms,dbms,true,operational,in_use,2021-08-15T23:31:57Z,\N,2021-09-16T23:13:11Z,\N,1,assert
acme:data_store:store-03281~992cd9365c96,data_store,acme,store-03281,store-03281.file_share,file_share,false,operational,in_use,2021-09-06T09:04:49Z,\N,2021-09-16T09:45:59Z,\N,1,assert
acme:data_store:store-00412~f97087bcce2e,data_store,acme,store-00412,store-00412.dbms,dbms,false,operational,in_use,2021-09-15T01:22:35Z,\N,2021-09-17T12:23:48Z,\N,1,assert
acme:data_store:store-01517~b4b9b5ef44f6,data_store,acme,store-01517,store-01517.warehouse,warehouse,true,operational,in_use,2021-08-08T08:06:21Z,\N,2021-09-17T14:06:29Z,\N,1,assert
acme:data_store:store-03335~88573d2d17da,data_store,acme,store-03335,store-03335.file_share,file_share,false,operational,in_use,2021-08-18T00:27:36Z,\N,2021-09-18T20:08:27Z,2026-03-27T10:24:22Z,1,assert
acme:data_store:store-01030~3cdf9ef96f59,data_store,acme,store-01030,store-01030.file_share,file_share,false,operational,in_use,2021-08-21T22:46:13Z,\N,2021-09-20T12:01:57Z,\N,1,assert
acme:data_store:store-02181~7b4b58d39d9a,data_store,acme,store-02181,store-02181.object_store,object_store,false,operational,in_use,2021-08-16T02:27:00Z,\N,2021-09-20T14:08:38Z,\N,1,assert
acme:data_store:store-02097~ac36ed42b4a8,data_store,acme,store-02097,store-02097.dbms,dbms,true,operational,in_use,2021-08-21T22:48:15Z,\N,2021-09-22T17:16:46Z,\N,1,assert
acme:data_store:store-03489~acafd436b6f0,data_store,acme,store-03489,store-03489.object_store,object_store,false,operational,in_use,2021-09-17T02:36:32Z,\N,2021-09-22T10:25:56Z,\N,1,assert
acme:data_store:store-01062~892ce0e86acb,data_store,acme,store-01062,store-01062.warehouse,warehouse,false,operational,in_use,2021-09-12T16:43:41Z,\N,2021-09-23T23:16:22Z,\N,1,assert
acme:data_store:store-02588~243f9671086f,data_store,acme,store-02588,store-02588.dbms,dbms,false,operational,in_use,2021-08-11T17:22:26Z,\N,2021-09-24T23:06:29Z,\N,1,assert
acme:data_store:store-00585~d7c62a83ced1,data_store,acme,store-00585,store-00585.object_store,object_store,true,operational,in_use,2021-08-29T11:04:02Z,\N,2021-09-25T11:49:00Z,\N,1,assert
acme:data_store:store-00528~1f222c6801ca,data_store,acme,store-00528,store-00528.warehouse,warehouse,false,operational,in_use,2021-08-22T17:03:40Z,\N,2021-09-26T15:17:45Z,\N,1,assert
acme:data_store:store-03159~2f2df1306bc7,data_store,acme,store-03159,store-03159.dbms,dbms,false,operational,in_use,2021-08-18T01:29:38Z,\N,2021-09-26T11:04:26Z,\N,1,assert
acme:data_store:store-00379~d1d01bec5773,data_store,acme,store-00379,store-00379.file_share,file_share,false,operational,in_use,2021-08-21T10:35:36Z,\N,2021-09-30T05:16:30Z,\N,1,assert
acme:data_store:store-01699~e51ab862aaf4,data_store,acme,store-01699,store-01699.object_store,object_store,true,operational,in_use,2021-09-10T04:07:08Z,\N,2021-10-01T12:07:51Z,\N,1,assert
acme:data_store:store-02061~ba425a5727be,data_store,acme,store-02061,store-02061.dbms,dbms,false,operational,in_use,2021-09-14T06:41:49Z,\N,2021-10-01T21:51:29Z,\N,1,assert
acme:data_store:store-02914~dd93b0d8274b,data_store,acme,store-02914,store-02914.dbms,dbms,true,operational,in_use,2021-08-18T02:18:37Z,\N,2021-10-01T12:41:29Z,\N,1,assert
acme:data_store:store-00075~568afadc19de,data_store,acme,store-00075,store-00075.dbms,dbms,false,operational,in_use,2021-09-02T10:55:26Z,\N,2021-10-02T02:05:00Z,\N,1,assert
acme:data_store:store-00152~7a622a355a0a,data_store,acme,store-00152,store-00152.object_store,object_store,true,operational,in_use,2021-08-31T22:01:15Z,\N,2021-10-02T22:40:25Z,\N,1,assert
acme:data_store:store-01928~f2f1372e0144,data_store,acme,store-01928,store-01928.dbms,dbms,false,operational,in_use,2021-08-30T19:47:38Z,\N,2021-10-03T18:08:48Z,\N,1,assert
acme:data_store:store-03205~6f83cb767d1e,data_store,acme,store-03205,store-03205.warehouse,warehouse,false,operational,in_use,2021-08-24T19:30:26Z,\N,2021-10-03T06:09:48Z,\N,1,assert
acme:data_store:store-00041~3a94689d27db,data_store,acme,store-00041,store-00041.dbms,dbms,false,operational,in_use,2021-09-23T11:55:51Z,\N,2021-10-04T22:50:05Z,\N,1,assert
acme:data_store:store-01716~ad8ee0cfc769,data_store,acme,store-01716,store-01716.dbms,dbms,true,operational,in_use,2021-09-24T05:58:23Z,\N,2021-10-05T04:14:36Z,\N,1,assert
acme:data_store:store-02159~c78e4d737caa,data_store,acme,store-02159,store-02159.file_share,file_share,false,operational,in_use,2021-08-22T16:48:42Z,\N,2021-10-05T07:40:09Z,\N,1,assert
acme:data_store:store-02779~ab88f84227f4,data_store,acme,store-02779,store-02779.dbms,dbms,false,operational,in_use,2021-08-30T09:09:45Z,\N,2021-10-05T01:49:59Z,\N,1,assert
acme:data_store:store-00425~e01daa09be7e,data_store,acme,store-00425,store-00425.warehouse,warehouse,true,operational,in_use,2021-10-04T00:30:30Z,\N,2021-10-06T19:49:28Z,\N,1,assert
acme:data_store:store-01262~7a1d9997c71d,data_store,acme,store-01262,store-01262.object_store,object_store,true,operational,in_use,2021-09-29T14:23:39Z,\N,2021-10-06T02:53:14Z,\N,1,assert
acme:data_store:store-00964~8e0ecfa20bfa,data_store,acme,store-00964,store-00964.dbms,dbms,false,operational,in_use,2021-10-04T22:45:58Z,\N,2021-10-07T11:00:58Z,\N,1,assert
acme:data_store:store-02734~32c70f6fa7f3,data_store,acme,store-02734,store-02734.warehouse,warehouse,true,operational,in_use,2021-09-12T14:44:21Z,\N,2021-10-07T22:24:49Z,\N,1,assert
acme:data_store:store-01090~8336b9d14e4d,data_store,acme,store-01090,store-01090.file_share,file_share,true,operational,in_use,2021-09-07T19:52:23Z,\N,2021-10-08T08:59:22Z,\N,1,assert
acme:data_store:store-02915~051c388af37d,data_store,acme,store-02915,store-02915.warehouse,warehouse,false,operational,in_use,2021-09-24T01:30:53Z,\N,2021-10-08T12:47:48Z,\N,1,assert
acme:data_store:store-02488~d8a0c3e1dea3,data_store,acme,store-02488,store-02488.dbms,dbms,false,operational,in_use,2021-08-29T01:38:49Z,\N,2021-10-09T09:32:16Z,\N,1,assert
acme:data_store:store-02729~74d5ab2acf58,data_store,acme,store-02729,store-02729.queue,queue,false,operational,in_use,2021-09-20T19:28:04Z,\N,2021-10-09T03:02:42Z,\N,1,assert
acme:data_store:store-02270~9189ed396930,data_store,acme,store-02270,store-02270.dbms,dbms,true,operational,in_use,2021-09-22T00:21:01Z,\N,2021-10-10T21:25:17Z,\N,1,assert
acme:data_store:store-00484~202e8100943a,data_store,acme,store-00484,store-00484.warehouse,warehouse,false,operational,in_use,2021-09-24T09:39:03Z,\N,2021-10-11T00:23:55Z,\N,1,assert
acme:data_store:store-03255~638a65e8a60d,data_store,acme,store-03255,store-03255.file_share,file_share,false,operational,in_use,2021-09-16T09:11:33Z,\N,2021-10-12T06:02:58Z,\N,1,assert
acme:data_store:store-01160~520e14c4041b,data_store,acme,store-01160,store-01160.dbms,dbms,true,operational,in_use,2021-09-23T23:06:32Z,\N,2021-10-15T00:30:15Z,\N,1,assert
acme:data_store:store-00053~cfc974814be8,data_store,acme,store-00053,store-00053.queue,queue,false,operational,in_use,2021-10-04T11:08:55Z,\N,2021-10-16T03:38:46Z,\N,1,assert
acme:data_store:store-01858~784d77eeb226,data_store,acme,store-01858,store-01858.file_share,file_share,false,operational,in_use,2021-10-03T08:26:50Z,\N,2021-10-16T05:37:42Z,\N,1,assert
acme:data_store:store-02575~928e02646831,data_store,acme,store-02575,store-02575.object_store,object_store,true,operational,in_use,2021-09-11T04:13:32Z,\N,2021-10-17T19:31:40Z,\N,1,assert
acme:data_store:store-03020~a3c3087a8172,data_store,acme,store-03020,store-03020.dbms,dbms,false,operational,in_use,2021-10-04T08:55:55Z,\N,2021-10-17T22:58:05Z,\N,1,assert
acme:data_store:store-03319~c8e4fac186b9,data_store,acme,store-03319,store-03319.file_share,file_share,false,operational,in_use,2021-10-14T16:01:25Z,\N,2021-10-18T22:06:59Z,\N,1,assert
acme:data_store:store-00120~fcf55ce7ec23,data_store,acme,store-00120,store-00120.warehouse,warehouse,true,operational,in_use,2021-10-13T12:27:12Z,\N,2021-10-19T11:32:12Z,\N,1,assert
acme:data_store:store-02745~33e8b0a1f8aa,data_store,acme,store-02745,store-02745.file_share,file_share,false,operational,in_use,2021-09-11T10:21:45Z,\N,2021-10-19T21:04:53Z,\N,1,assert
acme:data_store:store-00207~80e3afee155c,data_store,acme,store-00207,store-00207.dbms,dbms,false,operational,in_use,2021-10-06T07:31:35Z,\N,2021-10-20T19:44:41Z,\N,1,assert
acme:data_store:store-02700~7f31a43684a4,data_store,acme,store-02700,store-02700.file_share,file_share,false,operational,in_use,2021-09-09T08:24:08Z,\N,2021-10-20T02:55:06Z,\N,1,assert
acme:data_store:store-03102~b1f361aabafa,data_store,acme,store-03102,store-03102.file_share,file_share,false,operational,in_use,2021-10-19T05:34:50Z,\N,2021-10-20T11:45:29Z,\N,1,assert
acme:data_store:store-02677~e942708bdd46,data_store,acme,store-02677,store-02677.file_share,file_share,false,operational,in_use,2021-10-10T18:20:45Z,\N,2021-10-21T00:22:20Z,\N,1,assert
acme:data_store:store-02829~360b252f10f6,data_store,acme,store-02829,store-02829.file_share,file_share,false,operational,in_use,2021-09-15T22:31:46Z,\N,2021-10-21T11:58:16Z,\N,1,assert
acme:data_store:store-03291~c107a50dfae8,data_store,acme,store-03291,store-03291.dbms,dbms,false,operational,in_use,2021-09-22T09:06:10Z,\N,2021-10-21T02:33:52Z,\N,1,assert
acme:data_store:store-01435~6491c8eecc91,data_store,acme,store-01435,store-01435.object_store,object_store,false,operational,in_use,2021-09-09T22:43:11Z,\N,2021-10-22T02:36:53Z,\N,1,assert
acme:data_store:store-01707~65e59d666a8c,data_store,acme,store-01707,store-01707.file_share,file_share,false,operational,in_use,2021-09-22T15:20:04Z,\N,2021-10-22T04:28:23Z,\N,1,assert
acme:data_store:store-03265~54723d449aa5,data_store,acme,store-03265,store-03265.warehouse,warehouse,false,operational,in_use,2021-10-07T12:43:04Z,\N,2021-10-22T05:34:23Z,\N,1,assert
acme:data_store:store-03268~65b42b1c22bc,data_store,acme,store-03268,store-03268.queue,queue,false,operational,in_use,2021-10-03T16:16:27Z,\N,2021-10-22T16:17:58Z,\N,1,assert
acme:data_store:store-03305~8725b84d36c4,data_store,acme,store-03305,store-03305.file_share,file_share,false,operational,in_use,2021-10-20T13:56:33Z,\N,2021-10-22T02:02:51Z,\N,1,assert
acme:data_store:store-00390~9d74d68afcb9,data_store,acme,store-00390,store-00390.object_store,object_store,true,operational,in_use,2021-09-25T21:57:43Z,\N,2021-10-24T09:46:36Z,\N,1,assert
acme:data_store:store-01966~478f95857c79,data_store,acme,store-01966,store-01966.dbms,dbms,false,operational,in_use,2021-10-09T10:31:36Z,\N,2021-10-26T07:45:34Z,\N,1,assert
acme:data_store:store-03165~2726c474358f,data_store,acme,store-03165,store-03165.dbms,dbms,false,operational,in_use,2021-10-23T20:17:03Z,\N,2021-10-26T10:03:31Z,\N,1,assert
acme:data_store:store-02602~46e7845ca685,data_store,acme,store-02602,store-02602.dbms,dbms,false,operational,in_use,2021-10-17T23:50:19Z,\N,2021-10-27T00:51:09Z,\N,1,assert
acme:data_store:store-03235~b7ad0e22b167,data_store,acme,store-03235,store-03235.warehouse,warehouse,false,operational,in_use,2021-09-17T08:49:00Z,\N,2021-10-27T00:54:40Z,\N,1,assert
acme:data_store:store-00277~42a6c46ef8c9,data_store,acme,store-00277,store-00277.dbms,dbms,false,operational,in_use,2021-10-24T04:49:37Z,\N,2021-10-28T23:40:49Z,\N,1,assert
acme:data_store:store-01974~55b6176d58b6,data_store,acme,store-01974,store-01974.file_share,file_share,false,operational,in_use,2021-10-27T07:05:54Z,\N,2021-10-28T07:58:11Z,\N,1,assert
acme:data_store:store-02366~5ae55de8884c,data_store,acme,store-02366,store-02366.dbms,dbms,false,operational,in_use,2021-10-17T02:07:25Z,\N,2021-10-28T18:00:31Z,\N,1,assert
acme:data_store:store-03353~00370aadbd14,data_store,acme,store-03353,store-03353.warehouse,warehouse,true,operational,in_use,2021-09-18T13:26:07Z,\N,2021-10-28T12:05:18Z,\N,1,assert
acme:data_store:store-02301~71efec6ad0f7,data_store,acme,store-02301,store-02301.warehouse,warehouse,true,operational,in_use,2021-10-18T18:55:48Z,\N,2021-10-29T10:26:36Z,\N,1,assert
acme:data_store:store-02774~615fe873aeb1,data_store,acme,store-02774,store-02774.dbms,dbms,false,operational,in_use,2021-09-28T22:13:13Z,\N,2021-10-29T19:01:59Z,\N,1,assert
acme:data_store:store-02108~f59158624e0d,data_store,acme,store-02108,store-02108.dbms,dbms,false,operational,in_use,2021-10-08T18:22:56Z,\N,2021-10-30T11:25:03Z,\N,1,assert
acme:data_store:store-03476~a10764dd0527,data_store,acme,store-03476,store-03476.object_store,object_store,true,operational,in_use,2021-09-30T19:57:45Z,\N,2021-10-31T17:28:02Z,\N,1,assert
acme:data_store:store-00560~517a7db9ada1,data_store,acme,store-00560,store-00560.dbms,dbms,false,operational,in_use,2021-10-24T01:46:11Z,\N,2021-11-02T08:12:15Z,\N,1,assert
acme:data_store:store-03299~d73eba82e324,data_store,acme,store-03299,store-03299.file_share,file_share,false,operational,in_use,2021-09-23T03:41:23Z,\N,2021-11-02T21:51:45Z,\N,1,assert
acme:data_store:store-03132~0ec9b0dfbc61,data_store,acme,store-03132,store-03132.warehouse,warehouse,true,operational,in_use,2021-10-20T00:26:02Z,\N,2021-11-04T01:56:04Z,\N,1,assert
acme:data_store:store-03213~90006bb8fdc5,data_store,acme,store-03213,store-03213.queue,queue,true,operational,in_use,2021-10-28T04:27:05Z,\N,2021-11-04T03:06:25Z,\N,1,assert
acme:data_store:store-00843~5f7d81f623a6,data_store,acme,store-00843,store-00843.dbms,dbms,true,operational,in_use,2021-10-11T13:12:43Z,\N,2021-11-06T05:13:23Z,\N,1,assert
acme:data_store:store-01508~91eb51e2ebce,data_store,acme,store-01508,store-01508.warehouse,warehouse,true,operational,in_use,2021-11-01T15:18:03Z,\N,2021-11-06T18:23:49Z,\N,1,assert
acme:data_store:store-01897~b37b860ebf49,data_store,acme,store-01897,store-01897.file_share,file_share,true,operational,in_use,2021-10-29T15:25:04Z,\N,2021-11-06T11:24:17Z,\N,1,assert
acme:data_store:store-01121~910876de6404,data_store,acme,store-01121,store-01121.file_share,file_share,false,operational,in_use,2021-10-02T08:19:18Z,\N,2021-11-07T19:00:49Z,\N,1,assert
acme:data_store:store-02710~dd97f0c7df7b,data_store,acme,store-02710,store-02710.warehouse,warehouse,false,operational,in_use,2021-10-30T16:30:02Z,\N,2021-11-07T08:25:50Z,\N,1,assert
acme:data_store:store-01416~e719789524ca,data_store,acme,store-01416,store-01416.file_share,file_share,false,operational,in_use,2021-09-28T05:21:57Z,\N,2021-11-08T19:56:09Z,\N,1,assert
acme:data_store:store-01656~31d817d91029,data_store,acme,store-01656,store-01656.dbms,dbms,true,operational,in_use,2021-09-28T22:13:25Z,\N,2021-11-08T05:35:12Z,\N,1,assert
acme:data_store:store-02583~75ad899bd427,data_store,acme,store-02583,store-02583.dbms,dbms,false,operational,in_use,2021-10-03T06:16:45Z,\N,2021-11-08T07:11:00Z,\N,1,assert
acme:data_store:store-00308~41c4db25ac5d,data_store,acme,store-00308,store-00308.dbms,dbms,false,operational,in_use,2021-11-01T07:24:42Z,\N,2021-11-09T01:07:27Z,\N,1,assert
acme:data_store:store-03557~60be7c413f63,data_store,acme,store-03557,store-03557.dbms,dbms,false,operational,in_use,2021-11-02T02:03:19Z,\N,2021-11-10T09:19:55Z,\N,1,assert
acme:data_store:store-03493~fb3da2532df6,data_store,acme,store-03493,store-03493.dbms,dbms,false,operational,in_use,2021-09-28T01:45:47Z,\N,2021-11-11T02:56:29Z,\N,1,assert
acme:data_store:store-03123~9cb23771a9f9,data_store,acme,store-03123,store-03123.dbms,dbms,true,operational,in_use,2021-11-03T16:29:49Z,\N,2021-11-13T07:05:33Z,\N,1,assert
acme:data_store:store-03482~447a0a49443f,data_store,acme,store-03482,store-03482.dbms,dbms,false,operational,in_use,2021-10-14T20:02:02Z,\N,2021-11-17T15:56:34Z,\N,1,assert
acme:data_store:store-03346~15ae0da240d6,data_store,acme,store-03346,store-03346.file_share,file_share,true,operational,in_use,2021-10-06T15:51:44Z,\N,2021-11-18T02:57:41Z,\N,1,assert
acme:data_store:store-02654~5c5bba1f2808,data_store,acme,store-02654,store-02654.object_store,object_store,true,operational,in_use,2021-11-11T05:34:58Z,\N,2021-11-19T03:13:05Z,\N,1,assert
acme:data_store:store-02055~c200945a318b,data_store,acme,store-02055,store-02055.dbms,dbms,false,operational,in_use,2021-10-31T13:50:43Z,\N,2021-11-23T04:51:19Z,\N,1,assert
acme:data_store:store-00532~134d5feeec22,data_store,acme,store-00532,store-00532.file_share,file_share,false,operational,in_use,2021-10-22T06:02:53Z,\N,2021-11-27T01:27:11Z,\N,1,assert
acme:data_store:store-02425~19839d82d317,data_store,acme,store-02425,store-02425.queue,queue,false,operational,in_use,2021-11-16T00:12:45Z,\N,2021-11-30T03:08:04Z,\N,1,assert
acme:data_store:store-03036~1e87a6e008e0,data_store,acme,store-03036,store-03036.object_store,object_store,false,operational,in_use,2021-11-24T16:23:35Z,\N,2021-12-01T12:34:33Z,\N,1,assert
acme:data_store:store-02182~8d5563e15d91,data_store,acme,store-02182,store-02182.warehouse,warehouse,false,operational,in_use,2021-11-24T06:36:15Z,\N,2021-12-03T15:37:40Z,\N,1,assert
acme:data_store:store-02232~a44c92a09093,data_store,acme,store-02232,store-02232.dbms,dbms,false,operational,in_use,2021-11-09T15:17:05Z,\N,2021-12-03T09:32:57Z,\N,1,assert
acme:data_store:store-02443~0589fa9e7c14,data_store,acme,store-02443,store-02443.warehouse,warehouse,false,operational,in_use,2021-11-19T16:13:50Z,\N,2021-12-03T06:54:01Z,\N,1,assert
acme:data_store:store-02491~bfee58a77899,data_store,acme,store-02491,store-02491.warehouse,warehouse,true,operational,in_use,2021-11-25T11:28:53Z,\N,2021-12-03T12:41:51Z,\N,1,assert
acme:data_store:store-00986~c81f4c7dc648,data_store,acme,store-00986,store-00986.dbms,dbms,false,operational,in_use,2021-11-25T14:23:56Z,\N,2021-12-04T11:34:27Z,\N,1,assert
acme:data_store:store-01890~3773ab529861,data_store,acme,store-01890,store-01890.warehouse,warehouse,false,operational,in_use,2021-11-07T08:47:03Z,\N,2021-12-05T08:24:00Z,\N,1,assert
acme:data_store:store-03266~08cf34cb4f87,data_store,acme,store-03266,store-03266.object_store,object_store,false,operational,in_use,2021-12-06T09:14:28Z,\N,2021-12-06T09:14:28Z,\N,1,assert
acme:data_store:store-00241~f0f67a8bc57f,data_store,acme,store-00241,store-00241.warehouse,warehouse,true,operational,in_use,2021-10-25T10:29:02Z,\N,2021-12-07T03:57:52Z,\N,1,assert
acme:data_store:store-00896~2292f8fd314d,data_store,acme,store-00896,store-00896.object_store,object_store,true,operational,in_use,2021-11-14T01:05:43Z,2022-03-20T05:47:59Z,2021-12-07T23:59:45Z,\N,1,assert
acme:data_store:store-02987~c3ffd3017708,data_store,acme,store-02987,store-02987.warehouse,warehouse,true,operational,in_use,2021-11-08T04:08:50Z,\N,2021-12-08T20:06:52Z,\N,1,assert
acme:data_store:store-00015~b90744b8b425,data_store,acme,store-00015,store-00015.dbms,dbms,false,operational,in_use,2021-11-12T06:18:41Z,\N,2021-12-09T09:41:01Z,\N,1,assert
acme:data_store:store-01144~4f7063d10da5,data_store,acme,store-01144,store-01144.file_share,file_share,false,operational,in_use,2021-11-14T09:41:58Z,\N,2021-12-09T15:16:06Z,\N,1,assert
acme:data_store:store-02972~60ed4708b186,data_store,acme,store-02972,store-02972.file_share,file_share,false,operational,in_use,2021-11-10T19:12:27Z,\N,2021-12-09T22:05:19Z,\N,1,assert
acme:data_store:store-03374~3a21f8cd0f13,data_store,acme,store-03374,store-03374.object_store,object_store,false,operational,in_use,2021-10-30T08:41:34Z,\N,2021-12-10T00:52:59Z,\N,1,assert
acme:data_store:store-02130~e005caed5821,data_store,acme,store-02130,store-02130.dbms,dbms,false,operational,in_use,2021-11-23T11:01:37Z,\N,2021-12-12T10:18:19Z,\N,1,assert
acme:data_store:store-00665~e74babc3ffd6,data_store,acme,store-00665,store-00665.file_share,file_share,false,operational,in_use,2021-12-01T13:29:37Z,\N,2021-12-13T22:45:16Z,\N,1,assert
acme:data_store:store-00365~2385f947e956,data_store,acme,store-00365,store-00365.file_share,file_share,false,operational,in_use,2021-12-11T06:09:13Z,\N,2021-12-14T01:00:26Z,\N,1,assert
acme:data_store:store-01423~2f353dceab38,data_store,acme,store-01423,store-01423.file_share,file_share,false,operational,in_use,2021-11-19T13:23:18Z,\N,2021-12-14T04:53:26Z,\N,1,assert
acme:data_store:store-02989~e9be8d94aaea,data_store,acme,store-02989,store-02989.warehouse,warehouse,false,operational,in_use,2021-11-18T05:46:27Z,\N,2021-12-14T10:57:47Z,\N,1,assert
acme:data_store:store-02996~dc91c01f6c97,data_store,acme,store-02996,store-02996.dbms,dbms,true,operational,in_use,2021-11-29T07:30:57Z,\N,2021-12-15T18:06:06Z,\N,1,assert
acme:data_store:store-01282~64089fcd26f1,data_store,acme,store-01282,store-01282.file_share,file_share,false,operational,in_use,2021-12-03T15:39:45Z,\N,2021-12-16T02:59:44Z,\N,1,assert
acme:data_store:store-01661~46e85c18dac1,data_store,acme,store-01661,store-01661.dbms,dbms,false,operational,in_use,2021-11-28T04:37:27Z,\N,2021-12-16T10:35:36Z,\N,1,assert
acme:data_store:store-02104~b68b1572c84c,data_store,acme,store-02104,store-02104.dbms,dbms,true,operational,in_use,2021-11-22T14:02:36Z,\N,2021-12-16T03:59:51Z,\N,1,assert
acme:data_store:store-01084~2dbe83bba4b7,data_store,acme,store-01084,store-01084.file_share,file_share,true,operational,in_use,2021-11-29T15:27:35Z,\N,2021-12-17T23:00:14Z,\N,1,assert
acme:data_store:store-00860~d67e45026ecd,data_store,acme,store-00860,store-00860.warehouse,warehouse,true,operational,in_use,2021-12-09T17:35:59Z,\N,2021-12-18T12:21:40Z,\N,1,assert
acme:data_store:store-02068~9dc8b0c353a2,data_store,acme,store-02068,store-02068.warehouse,warehouse,false,operational,in_use,2021-12-03T09:44:57Z,\N,2021-12-18T16:48:22Z,\N,1,assert
acme:data_store:store-03240~39a0d50f8ba0,data_store,acme,store-03240,store-03240.warehouse,warehouse,false,operational,in_use,2021-11-05T02:26:15Z,\N,2021-12-18T23:38:03Z,\N,1,assert
acme:data_store:store-02089~4dc12e73ea86,data_store,acme,store-02089,store-02089.dbms,dbms,false,operational,in_use,2021-11-06T10:58:59Z,\N,2021-12-19T08:55:50Z,\N,1,assert
acme:data_store:store-03153~09696304522d,data_store,acme,store-03153,store-03153.dbms,dbms,false,operational,in_use,2021-11-22T21:12:54Z,\N,2021-12-20T10:38:18Z,\N,1,assert
acme:data_store:store-00810~d40c77fe22ea,data_store,acme,store-00810,store-00810.dbms,dbms,false,operational,in_use,2021-11-17T16:29:51Z,\N,2021-12-21T02:08:10Z,\N,1,assert
acme:data_store:store-01956~2498f60200e9,data_store,acme,store-01956,store-01956.file_share,file_share,false,operational,in_use,2021-11-13T13:10:02Z,\N,2021-12-21T03:19:31Z,2023-02-04T23:39:25Z,1,assert
acme:data_store:store-01946~a368fd66eb58,data_store,acme,store-01946,store-01946.warehouse,warehouse,true,operational,in_use,2021-12-03T07:42:57Z,\N,2021-12-22T23:37:57Z,\N,1,assert
acme:data_store:store-02434~4ff61a7c1195,data_store,acme,store-02434,store-02434.queue,queue,false,operational,in_use,2021-11-17T09:50:07Z,\N,2021-12-22T13:42:36Z,\N,1,assert
acme:data_store:store-03412~35a587ef635a,data_store,acme,store-03412,store-03412.warehouse,warehouse,false,operational,in_use,2021-12-19T05:12:29Z,\N,2021-12-22T16:21:38Z,\N,1,assert
acme:data_store:store-01479~561b69c67495,data_store,acme,store-01479,store-01479.dbms,dbms,false,operational,in_use,2021-12-08T09:50:05Z,\N,2021-12-23T10:15:39Z,\N,1,assert
acme:data_store:store-01626~64b4018a60d3,data_store,acme,store-01626,store-01626.dbms,dbms,false,operational,in_use,2021-12-01T16:23:55Z,\N,2021-12-24T15:59:58Z,\N,1,assert
acme:data_store:store-03362~d742cab02034,data_store,acme,store-03362,store-03362.file_share,file_share,false,operational,in_use,2021-12-13T15:22:50Z,\N,2021-12-24T18:00:55Z,\N,1,assert
acme:data_store:store-00689~b29f52c01956,data_store,acme,store-00689,store-00689.dbms,dbms,false,operational,in_use,2021-12-24T16:38:05Z,\N,2021-12-25T22:09:44Z,\N,1,assert
acme:data_store:store-01952~54183984db1a,data_store,acme,store-01952,store-01952.dbms,dbms,false,operational,in_use,2021-11-28T05:36:20Z,\N,2021-12-25T14:58:44Z,\N,1,assert
acme:data_store:store-02953~51e438d66f99,data_store,acme,store-02953,store-02953.object_store,object_store,false,operational,in_use,2021-12-10T20:23:30Z,\N,2021-12-26T19:59:36Z,\N,1,assert
acme:data_store:store-00558~9b1a59b6b32e,data_store,acme,store-00558,store-00558.warehouse,warehouse,false,operational,in_use,2021-12-05T14:20:51Z,\N,2021-12-29T17:26:19Z,\N,1,assert
acme:data_store:store-00997~cf4aa522020a,data_store,acme,store-00997,store-00997.object_store,object_store,false,operational,in_use,2021-12-09T09:59:17Z,\N,2021-12-30T04:39:32Z,\N,1,assert
acme:data_store:store-01427~68ac78730fed,data_store,acme,store-01427,store-01427.dbms,dbms,false,operational,in_use,2021-11-30T16:48:25Z,\N,2021-12-30T19:01:27Z,\N,1,assert
acme:data_store:store-01738~34364d12f06b,data_store,acme,store-01738,store-01738.warehouse,warehouse,true,operational,in_use,2021-12-20T18:02:17Z,\N,2021-12-30T10:34:21Z,\N,1,assert
acme:data_store:store-03300~76cfc893cee4,data_store,acme,store-03300,store-03300.dbms,dbms,false,operational,in_use,2021-12-24T22:10:38Z,\N,2021-12-30T00:51:53Z,\N,1,assert
acme:data_store:store-01208~331a39a03e74,data_store,acme,store-01208,store-01208.warehouse,warehouse,false,operational,in_use,2021-12-11T20:26:12Z,\N,2021-12-31T18:42:04Z,\N,1,assert
acme:data_store:store-00928~b36b516e84f3,data_store,acme,store-00928,store-00928.file_share,file_share,false,operational,in_use,2021-12-04T07:04:08Z,\N,2022-01-01T00:42:45Z,\N,1,assert
acme:data_store:store-01230~a9ccdf5d1491,data_store,acme,store-01230,store-01230.warehouse,warehouse,false,operational,in_use,2021-12-18T01:51:17Z,\N,2022-01-01T14:21:48Z,\N,1,assert
acme:data_store:store-01247~cb8172f26142,data_store,acme,store-01247,store-01247.object_store,object_store,false,operational,in_use,2021-12-04T14:25:40Z,\N,2022-01-01T20:10:28Z,\N,1,assert
acme:data_store:store-01249~8adcf93bbc16,data_store,acme,store-01249,store-01249.warehouse,warehouse,false,operational,in_use,2021-12-15T12:04:22Z,\N,2022-01-01T15:46:21Z,\N,1,assert
acme:data_store:store-00171~399989427906,data_store,acme,store-00171,store-00171.file_share,file_share,false,operational,in_use,2021-12-23T01:10:57Z,\N,2022-01-02T09:35:45Z,\N,1,assert
acme:data_store:store-01534~47cb9d9eafa8,data_store,acme,store-01534,store-01534.dbms,dbms,false,operational,in_use,2021-12-27T08:29:50Z,\N,2022-01-03T14:46:04Z,\N,1,assert
acme:data_store:store-01705~087bdb14466d,data_store,acme,store-01705,store-01705.file_share,file_share,true,operational,in_use,2021-11-30T09:55:36Z,\N,2022-01-03T23:32:32Z,\N,1,assert
acme:data_store:store-02171~acb8ddee8608,data_store,acme,store-02171,store-02171.warehouse,warehouse,false,operational,in_use,2021-11-29T08:42:50Z,\N,2022-01-03T15:45:00Z,\N,1,assert
acme:data_store:store-01849~c145e3aaa3ce,data_store,acme,store-01849,store-01849.object_store,object_store,true,operational,in_use,2021-11-30T06:12:56Z,\N,2022-01-05T08:11:48Z,\N,1,assert
acme:data_store:store-01526~cd9ee7fd2ba4,data_store,acme,store-01526,store-01526.warehouse,warehouse,false,operational,in_use,2021-11-23T16:03:01Z,\N,2022-01-06T12:58:05Z,\N,1,assert
acme:data_store:store-03180~7d1e7f6af1f1,data_store,acme,store-03180,store-03180.object_store,object_store,true,operational,in_use,2021-12-29T15:57:26Z,\N,2022-01-06T15:49:27Z,\N,1,assert
acme:data_store:store-03342~60f94219c4dd,data_store,acme,store-03342,store-03342.dbms,dbms,true,operational,in_use,2021-12-18T18:20:34Z,\N,2022-01-06T14:26:11Z,\N,1,assert
acme:data_store:store-01888~8837850145a7,data_store,acme,store-01888,store-01888.queue,queue,false,operational,in_use,2021-12-17T03:47:24Z,\N,2022-01-07T15:57:39Z,\N,1,assert
acme:data_store:store-02743~faa231ac67a0,data_store,acme,store-02743,store-02743.warehouse,warehouse,false,operational,in_use,2021-12-06T01:24:28Z,\N,2022-01-08T11:36:43Z,2024-11-23T12:52:37Z,1,assert
acme:data_store:store-00591~4628381e6bcc,data_store,acme,store-00591,store-00591.dbms,dbms,true,operational,in_use,2021-12-30T22:57:04Z,\N,2022-01-08T16:27:07Z,\N,1,assert
acme:data_store:store-01478~fa63646d7256,data_store,acme,store-01478,store-01478.file_share,file_share,false,operational,in_use,2021-12-02T04:06:45Z,\N,2022-01-09T14:10:34Z,2025-07-30T17:02:57Z,1,assert
acme:data_store:store-01356~3d90af184a93,data_store,acme,store-01356,store-01356.warehouse,warehouse,false,operational,in_use,2021-11-29T07:07:36Z,\N,2022-01-10T04:23:59Z,\N,1,assert
acme:data_store:store-02949~a42aa344a4f2,data_store,acme,store-02949,store-02949.dbms,dbms,false,operational,in_use,2021-12-26T19:03:44Z,\N,2022-01-10T18:02:19Z,2027-01-27T20:33:48Z,1,assert
acme:data_store:store-03001~2325e1595332,data_store,acme,store-03001,store-03001.queue,queue,true,operational,in_use,2021-12-20T01:13:27Z,\N,2022-01-11T20:34:40Z,\N,1,assert
acme:data_store:store-00203~983e5b52e235,data_store,acme,store-00203,store-00203.warehouse,warehouse,false,operational,in_use,2021-12-15T14:21:05Z,\N,2022-01-12T04:52:24Z,\N,1,assert
acme:data_store:store-01441~d013a988cfe2,data_store,acme,store-01441,store-01441.queue,queue,true,operational,in_use,2022-01-12T07:37:37Z,\N,2022-01-12T07:37:37Z,\N,1,assert
acme:data_store:store-03242~3f1be98156a0,data_store,acme,store-03242,store-03242.dbms,dbms,false,operational,in_use,2021-12-23T20:47:34Z,\N,2022-01-12T06:59:05Z,\N,1,assert
acme:data_store:store-03290~f492b76e560c,data_store,acme,store-03290,store-03290.warehouse,warehouse,false,operational,in_use,2022-01-06T15:42:32Z,\N,2022-01-12T12:32:28Z,\N,1,assert
acme:data_store:store-00363~4209dde77f2c,data_store,acme,store-00363,store-00363.object_store,object_store,true,operational,in_use,2021-12-18T12:25:18Z,\N,2022-01-13T21:18:49Z,\N,1,assert
acme:data_store:store-02971~07bc7ed2f2f1,data_store,acme,store-02971,store-02971.warehouse,warehouse,true,operational,in_use,2021-12-03T06:03:48Z,\N,2022-01-15T11:52:24Z,\N,1,assert
acme:data_store:store-03251~8899762052f8,data_store,acme,store-03251,store-03251.dbms,dbms,false,operational,in_use,2022-01-02T02:01:14Z,\N,2022-01-16T06:03:49Z,\N,1,assert
acme:data_store:store-03231~84a7204422f2,data_store,acme,store-03231,store-03231.dbms,dbms,true,operational,in_use,2021-12-05T18:02:37Z,\N,2022-01-17T15:30:49Z,\N,1,assert
acme:data_store:store-00389~4aefc6d4c3eb,data_store,acme,store-00389,store-00389.queue,queue,false,operational,in_use,2021-12-10T22:44:23Z,\N,2022-01-18T07:07:30Z,\N,1,assert
acme:data_store:store-03399~f41c9465ec26,data_store,acme,store-03399,store-03399.warehouse,warehouse,false,operational,in_use,2021-12-28T02:41:26Z,\N,2022-01-18T23:39:17Z,\N,1,assert
acme:data_store:store-01035~46bc2b9b9cd6,data_store,acme,store-01035,store-01035.dbms,dbms,false,operational,in_use,2022-01-02T04:53:08Z,\N,2022-01-19T07:24:24Z,\N,1,assert
acme:data_store:store-02226~34061dcc9cd9,data_store,acme,store-02226,store-02226.warehouse,warehouse,false,operational,in_use,2021-12-19T22:40:35Z,\N,2022-01-19T20:26:44Z,\N,1,assert
acme:data_store:store-02603~7524b624f516,data_store,acme,store-02603,store-02603.file_share,file_share,false,operational,in_use,2022-01-13T19:25:19Z,\N,2022-01-19T16:22:24Z,\N,1,assert
acme:data_store:store-03539~2a0d75a2046b,data_store,acme,store-03539,store-03539.dbms,dbms,false,operational,in_use,2022-01-13T11:51:02Z,\N,2022-01-20T13:17:53Z,\N,1,assert
acme:data_store:store-02493~516847a5cc80,data_store,acme,store-02493,store-02493.file_share,file_share,true,operational,in_use,2021-12-16T15:13:53Z,\N,2022-01-21T16:33:11Z,\N,1,assert
acme:data_store:store-02629~3064f3ca1f10,data_store,acme,store-02629,store-02629.file_share,file_share,true,operational,in_use,2022-01-09T23:54:21Z,\N,2022-01-21T05:17:15Z,\N,1,assert
acme:data_store:store-02246~097ceae967dd,data_store,acme,store-02246,store-02246.warehouse,warehouse,true,operational,in_use,2021-12-18T17:42:32Z,\N,2022-01-22T15:44:26Z,\N,1,assert
acme:data_store:store-02248~8b37e14ee748,data_store,acme,store-02248,store-02248.object_store,object_store,false,operational,in_use,2022-01-06T12:26:59Z,\N,2022-01-22T07:04:26Z,\N,1,assert
acme:data_store:store-01057~13d2501d721d,data_store,acme,store-01057,store-01057.dbms,dbms,true,operational,in_use,2021-12-26T11:25:53Z,\N,2022-01-23T17:55:43Z,\N,1,assert
acme:data_store:store-01402~86a7fbe65e41,data_store,acme,store-01402,store-01402.object_store,object_store,false,operational,in_use,2021-12-26T09:33:42Z,\N,2022-01-24T19:33:55Z,\N,1,assert
acme:data_store:store-01304~fbb66c4c9795,data_store,acme,store-01304,store-01304.dbms,dbms,true,operational,in_use,2022-01-14T01:48:53Z,2022-05-28T16:44:32Z,2022-01-24T23:13:33Z,\N,1,assert
acme:data_store:store-01494~3c33a3e84da2,data_store,acme,store-01494,store-01494.warehouse,warehouse,true,operational,in_use,2022-01-25T06:56:40Z,\N,2022-01-25T06:56:40Z,\N,1,assert
acme:data_store:store-01116~b693c5414fc1,data_store,acme,store-01116,store-01116.file_share,file_share,false,operational,in_use,2022-01-17T01:43:06Z,\N,2022-01-26T01:32:21Z,\N,1,assert
acme:data_store:store-03533~53e780737342,data_store,acme,store-03533,store-03533.warehouse,warehouse,true,operational,in_use,2022-01-23T08:31:31Z,\N,2022-01-26T00:15:11Z,\N,1,assert
acme:data_store:store-00799~51497c82587f,data_store,acme,store-00799,store-00799.dbms,dbms,true,operational,in_use,2022-01-18T03:57:17Z,\N,2022-01-27T21:57:05Z,\N,1,assert
acme:data_store:store-01101~fb79615ff6f9,data_store,acme,store-01101,store-01101.file_share,file_share,false,operational,in_use,2022-01-17T13:20:14Z,\N,2022-01-27T09:00:24Z,\N,1,assert
acme:data_store:store-01127~03e57911b559,data_store,acme,store-01127,store-01127.dbms,dbms,false,operational,in_use,2021-12-30T19:48:56Z,\N,2022-01-27T12:35:45Z,\N,1,assert
acme:data_store:store-03187~b3ac961610c2,data_store,acme,store-03187,store-03187.dbms,dbms,true,operational,in_use,2022-01-21T00:39:27Z,\N,2022-01-27T01:34:13Z,\N,1,assert
acme:data_store:store-00775~1c6dbc51d82d,data_store,acme,store-00775,store-00775.dbms,dbms,true,operational,in_use,2021-12-25T05:31:58Z,2023-02-03T20:56:33Z,2022-01-29T04:35:37Z,\N,1,assert
acme:data_store:store-03092~fa02bcf83cba,data_store,acme,store-03092,store-03092.file_share,file_share,true,operational,in_use,2022-01-23T15:10:01Z,\N,2022-01-29T23:21:19Z,\N,1,assert
acme:data_store:store-03572~9ca09c4c660b,data_store,acme,store-03572,store-03572.queue,queue,false,operational,in_use,2022-01-11T05:23:01Z,\N,2022-01-30T13:20:44Z,\N,1,assert
acme:data_store:store-00416~796089f902d6,data_store,acme,store-00416,store-00416.object_store,object_store,true,operational,in_use,2022-01-10T05:30:42Z,\N,2022-02-01T04:59:36Z,\N,1,assert
acme:data_store:store-02905~41ce084b3b31,data_store,acme,store-02905,store-02905.file_share,file_share,false,operational,in_use,2022-01-19T15:57:36Z,\N,2022-02-01T13:30:29Z,\N,1,assert
acme:data_store:store-02495~94dae98d750d,data_store,acme,store-02495,store-02495.warehouse,warehouse,false,operational,in_use,2022-01-10T20:50:55Z,\N,2022-02-04T15:12:57Z,\N,1,assert
acme:data_store:store-00807~406045c42250,data_store,acme,store-00807,store-00807.warehouse,warehouse,false,operational,in_use,2022-01-16T00:20:35Z,\N,2022-02-06T01:21:23Z,\N,1,assert
acme:data_store:store-01879~896964b1502f,data_store,acme,store-01879,store-01879.dbms,dbms,true,operational,in_use,2022-01-23T01:10:41Z,\N,2022-02-09T22:00:16Z,\N,1,assert
acme:data_store:store-03016~1afd1b059cea,data_store,acme,store-03016,store-03016.dbms,dbms,true,operational,in_use,2022-01-09T00:12:51Z,\N,2022-02-10T01:13:13Z,\N,1,assert
acme:data_store:store-00375~179ac1d9d63d,data_store,acme,store-00375,store-00375.warehouse,warehouse,false,operational,in_use,2022-01-27T16:49:44Z,2023-03-08T03:54:57Z,2022-02-10T04:45:45Z,\N,1,assert
acme:data_store:store-02900~8488600f9770,data_store,acme,store-02900,store-02900.object_store,object_store,true,operational,in_use,2022-02-01T05:20:21Z,\N,2022-02-11T20:12:59Z,\N,1,assert
acme:data_store:store-03024~29e7d179205c,data_store,acme,store-03024,store-03024.object_store,object_store,false,operational,in_use,2022-02-05T14:44:19Z,\N,2022-02-11T01:41:05Z,\N,1,assert
acme:data_store:store-02339~0fd51a0473d5,data_store,acme,store-02339,store-02339.file_share,file_share,false,operational,in_use,2022-01-29T15:54:08Z,\N,2022-02-12T01:27:24Z,\N,1,assert
acme:data_store:store-00271~77a9f4c71c5c,data_store,acme,store-00271,store-00271.object_store,object_store,false,operational,in_use,2022-01-09T01:40:47Z,\N,2022-02-13T22:47:14Z,\N,1,assert
acme:data_store:store-01990~a7582dd87014,data_store,acme,store-01990,store-01990.warehouse,warehouse,false,operational,in_use,2022-02-11T20:56:43Z,\N,2022-02-13T14:06:21Z,\N,1,assert
acme:data_store:store-03584~e32556505022,data_store,acme,store-03584,store-03584.queue,queue,true,operational,in_use,2022-01-11T09:06:15Z,\N,2022-02-13T19:23:23Z,\N,1,assert
acme:data_store:store-01124~88e2356431c2,data_store,acme,store-01124,store-01124.queue,queue,false,operational,in_use,2022-01-11T21:45:42Z,\N,2022-02-14T09:05:27Z,\N,1,assert
acme:data_store:store-01803~c0455903a21b,data_store,acme,store-01803,store-01803.dbms,dbms,false,operational,in_use,2022-01-09T00:44:27Z,\N,2022-02-15T10:08:21Z,\N,1,assert
acme:data_store:store-02807~274ecc2c70e1,data_store,acme,store-02807,store-02807.object_store,object_store,false,operational,in_use,2022-01-27T02:33:29Z,\N,2022-02-15T07:52:30Z,\N,1,assert
acme:data_store:store-03407~62b9a0b7dc30,data_store,acme,store-03407,store-03407.file_share,file_share,true,operational,in_use,2022-02-10T09:32:21Z,\N,2022-02-15T02:27:00Z,\N,1,assert
acme:data_store:store-01463~2c8dbd64d0d4,data_store,acme,store-01463,store-01463.object_store,object_store,true,operational,in_use,2022-02-16T02:37:11Z,\N,2022-02-18T05:59:35Z,\N,1,assert
acme:data_store:store-02806~2b4bc800f03a,data_store,acme,store-02806,store-02806.file_share,file_share,false,operational,in_use,2022-02-12T21:40:07Z,\N,2022-02-18T07:45:09Z,\N,1,assert
acme:data_store:store-01300~da8f699cb70c,data_store,acme,store-01300,store-01300.file_share,file_share,false,operational,in_use,2022-02-19T17:44:50Z,\N,2022-02-19T17:44:50Z,\N,1,assert
acme:data_store:store-02821~04a0bbfa7e8f,data_store,acme,store-02821,store-02821.warehouse,warehouse,false,operational,in_use,2022-01-16T13:36:09Z,\N,2022-02-20T20:46:42Z,\N,1,assert
acme:data_store:store-03008~b332875430fb,data_store,acme,store-03008,store-03008.dbms,dbms,false,operational,in_use,2022-01-18T13:28:18Z,\N,2022-02-20T07:45:34Z,\N,1,assert
acme:data_store:store-03152~112f80faad50,data_store,acme,store-03152,store-03152.file_share,file_share,false,operational,in_use,2022-01-13T13:36:01Z,\N,2022-02-20T18:00:05Z,\N,1,assert
acme:data_store:store-00054~87bb2b51b4fd,data_store,acme,store-00054,store-00054.file_share,file_share,false,operational,in_use,2022-01-23T23:44:19Z,\N,2022-02-21T05:01:54Z,\N,1,assert
acme:data_store:store-01546~422542c85895,data_store,acme,store-01546,store-01546.dbms,dbms,false,operational,in_use,2022-02-21T19:58:06Z,\N,2022-02-22T21:37:43Z,\N,1,assert
acme:data_store:store-02124~da32fd222dbb,data_store,acme,store-02124,store-02124.file_share,file_share,false,operational,in_use,2022-01-18T05:51:06Z,\N,2022-02-23T08:02:12Z,\N,1,assert
acme:data_store:store-00516~9613afc376ec,data_store,acme,store-00516,store-00516.warehouse,warehouse,false,operational,in_use,2022-01-17T02:23:39Z,\N,2022-02-24T00:14:07Z,\N,1,assert
acme:data_store:store-01596~8c713f67a26c,data_store,acme,store-01596,store-01596.dbms,dbms,false,operational,in_use,2022-02-06T22:06:19Z,\N,2022-02-24T10:45:29Z,\N,1,assert
acme:data_store:store-02318~3c4de3886281,data_store,acme,store-02318,store-02318.object_store,object_store,false,operational,in_use,2022-01-16T15:56:29Z,\N,2022-02-24T17:10:35Z,\N,1,assert
acme:data_store:store-02709~e9e53c34533b,data_store,acme,store-02709,store-02709.dbms,dbms,false,operational,in_use,2022-02-01T10:41:51Z,\N,2022-02-24T07:54:32Z,\N,1,assert
acme:data_store:store-00154~c58f00dfc678,data_store,acme,store-00154,store-00154.warehouse,warehouse,true,operational,in_use,2022-01-15T12:18:34Z,\N,2022-02-25T13:02:37Z,\N,1,assert
acme:data_store:store-03450~a3838ad1928d,data_store,acme,store-03450,store-03450.file_share,file_share,false,operational,in_use,2022-02-07T06:53:27Z,\N,2022-02-25T06:08:56Z,\N,1,assert
acme:data_store:store-00613~3f3fd7a780d0,data_store,acme,store-00613,store-00613.dbms,dbms,false,operational,in_use,2022-01-16T22:17:56Z,\N,2022-02-26T18:56:52Z,\N,1,assert
acme:data_store:store-00764~41d5a5730a8a,data_store,acme,store-00764,store-00764.dbms,dbms,true,operational,in_use,2022-02-02T22:00:46Z,\N,2022-02-26T08:08:01Z,\N,1,assert
acme:data_store:store-02277~67624762fdfd,data_store,acme,store-02277,store-02277.object_store,object_store,true,operational,in_use,2022-01-22T05:54:44Z,\N,2022-02-26T04:22:46Z,\N,1,assert
acme:data_store:store-00028~16ccdbcd0364,data_store,acme,store-00028,store-00028.file_share,file_share,false,operational,in_use,2022-02-25T18:11:13Z,\N,2022-02-27T16:25:11Z,\N,1,assert
acme:data_store:store-01834~b56f8fec05c3,data_store,acme,store-01834,store-01834.dbms,dbms,true,operational,in_use,2022-02-09T00:05:51Z,\N,2022-02-28T00:16:19Z,\N,1,assert
acme:data_store:store-01769~ce0a3dc8302e,data_store,acme,store-01769,store-01769.dbms,dbms,true,operational,in_use,2022-02-08T21:10:36Z,2022-08-26T08:07:51Z,2022-02-28T15:46:40Z,\N,1,assert
acme:data_store:store-00218~eaad84649511,data_store,acme,store-00218,store-00218.file_share,file_share,false,operational,in_use,2022-01-26T10:04:58Z,\N,2022-03-01T21:38:52Z,\N,1,assert
acme:data_store:store-00334~d6f8a7b7222c,data_store,acme,store-00334,store-00334.dbms,dbms,true,operational,in_use,2022-02-05T15:53:51Z,\N,2022-03-01T04:08:17Z,\N,1,assert
acme:data_store:store-02541~8f1cd40400a1,data_store,acme,store-02541,store-02541.object_store,object_store,true,operational,in_use,2022-03-01T12:27:34Z,\N,2022-03-01T12:27:34Z,\N,1,assert
acme:data_store:store-00897~da3b3ce877f3,data_store,acme,store-00897,store-00897.object_store,object_store,false,operational,in_use,2022-02-25T16:37:31Z,\N,2022-03-02T19:04:11Z,\N,1,assert
acme:data_store:store-03538~6612088ce991,data_store,acme,store-03538,store-03538.dbms,dbms,false,operational,in_use,2022-02-19T09:49:06Z,\N,2022-03-02T01:03:13Z,\N,1,assert
acme:data_store:store-01523~9de869b16839,data_store,acme,store-01523,store-01523.object_store,object_store,true,operational,in_use,2022-01-30T20:19:45Z,\N,2022-03-03T04:34:55Z,\N,1,assert
acme:data_store:store-02390~c888675d953c,data_store,acme,store-02390,store-02390.file_share,file_share,false,operational,in_use,2022-03-01T11:12:16Z,\N,2022-03-04T14:38:37Z,\N,1,assert
acme:data_store:store-00398~ce54aac8635f,data_store,acme,store-00398,store-00398.warehouse,warehouse,false,operational,in_use,2022-02-09T19:20:21Z,\N,2022-03-05T16:12:27Z,\N,1,assert
acme:data_store:store-01419~9af1d4d13d95,data_store,acme,store-01419,store-01419.file_share,file_share,false,operational,in_use,2022-02-17T06:36:24Z,\N,2022-03-05T14:37:33Z,\N,1,assert
acme:data_store:store-03216~ad89946a3e00,data_store,acme,store-03216,store-03216.dbms,dbms,false,operational,in_use,2022-02-12T14:41:21Z,\N,2022-03-05T06:50:15Z,\N,1,assert
acme:data_store:store-03338~84abdb62d0bd,data_store,acme,store-03338,store-03338.file_share,file_share,false,operational,in_use,2022-02-18T10:58:06Z,\N,2022-03-07T00:19:18Z,\N,1,assert
acme:data_store:store-00453~ab836ce0631e,data_store,acme,store-00453,store-00453.object_store,object_store,false,operational,in_use,2022-02-10T03:10:08Z,\N,2022-03-08T21:17:00Z,\N,1,assert
acme:data_store:store-02080~a4817044fa1b,data_store,acme,store-02080,store-02080.warehouse,warehouse,false,operational,in_use,2022-01-25T05:44:01Z,\N,2022-03-08T12:26:10Z,\N,1,assert
acme:data_store:store-02151~c1226d969cd1,data_store,acme,store-02151,store-02151.dbms,dbms,false,operational,in_use,2022-03-02T23:59:25Z,\N,2022-03-09T06:11:27Z,\N,1,assert
acme:data_store:store-01123~9d1b966fe3bd,data_store,acme,store-01123,store-01123.object_store,object_store,false,operational,in_use,2022-03-10T07:35:38Z,\N,2022-03-10T07:35:38Z,\N,1,assert
acme:data_store:store-03087~9e1bf99068b5,data_store,acme,store-03087,store-03087.warehouse,warehouse,false,operational,in_use,2022-03-06T03:08:01Z,\N,2022-03-10T02:29:24Z,\N,1,assert
acme:data_store:store-00749~d9dec1d9d2bc,data_store,acme,store-00749,store-00749.object_store,object_store,true,operational,in_use,2022-02-22T13:18:31Z,\N,2022-03-11T03:26:44Z,\N,1,assert
acme:data_store:store-03175~d3145bb20b08,data_store,acme,store-03175,store-03175.queue,queue,true,operational,in_use,2022-02-27T07:37:39Z,\N,2022-03-12T02:53:15Z,\N,1,assert
acme:data_store:store-00525~05a17652c63b,data_store,acme,store-00525,store-00525.warehouse,warehouse,true,operational,in_use,2022-03-11T15:02:34Z,\N,2022-03-13T07:52:29Z,\N,1,assert
acme:data_store:store-02561~ac5cf939814b,data_store,acme,store-02561,store-02561.file_share,file_share,true,operational,in_use,2022-02-08T13:35:24Z,\N,2022-03-13T13:54:18Z,\N,1,assert
acme:data_store:store-02590~771920e6a229,data_store,acme,store-02590,store-02590.dbms,dbms,false,operational,in_use,2022-02-07T21:43:55Z,\N,2022-03-13T14:03:35Z,\N,1,assert
acme:data_store:store-02183~609fd9fbaf39,data_store,acme,store-02183,store-02183.file_share,file_share,false,operational,in_use,2022-02-02T05:01:31Z,2022-09-03T23:38:16Z,2022-03-13T16:37:34Z,\N,1,assert
acme:data_store:store-00790~2351a50793c4,data_store,acme,store-00790,store-00790.warehouse,warehouse,false,operational,in_use,2022-03-12T19:01:21Z,\N,2022-03-14T16:08:34Z,\N,1,assert
acme:data_store:store-01334~e54925aab80c,data_store,acme,store-01334,store-01334.queue,queue,true,operational,in_use,2022-02-13T04:08:59Z,\N,2022-03-14T18:04:49Z,\N,1,assert
acme:data_store:store-01687~73d739e221ad,data_store,acme,store-01687,store-01687.object_store,object_store,true,operational,in_use,2022-03-10T18:41:05Z,\N,2022-03-14T04:46:02Z,\N,1,assert
acme:data_store:store-01103~ecd9b47aa22e,data_store,acme,store-01103,store-01103.dbms,dbms,true,operational,in_use,2022-03-08T03:05:15Z,\N,2022-03-15T03:05:04Z,\N,1,assert
acme:data_store:store-01845~567c5216475e,data_store,acme,store-01845,store-01845.dbms,dbms,false,operational,in_use,2022-02-02T02:32:36Z,\N,2022-03-15T20:07:28Z,\N,1,assert
acme:data_store:store-02421~55cfbd5e3444,data_store,acme,store-02421,store-02421.dbms,dbms,false,operational,in_use,2022-02-01T09:53:56Z,\N,2022-03-15T22:53:59Z,\N,1,assert
acme:data_store:store-02375~3f959aeecc68,data_store,acme,store-02375,store-02375.file_share,file_share,false,operational,in_use,2022-03-15T15:43:03Z,\N,2022-03-17T19:08:51Z,\N,1,assert
acme:data_store:store-03451~748f6f494861,data_store,acme,store-03451,store-03451.object_store,object_store,false,operational,in_use,2022-03-07T07:20:11Z,\N,2022-03-17T06:50:01Z,\N,1,assert
acme:data_store:store-01431~9974f22e327f,data_store,acme,store-01431,store-01431.object_store,object_store,true,operational,in_use,2022-02-05T15:08:57Z,\N,2022-03-18T16:48:45Z,\N,1,assert
acme:data_store:store-00866~b16efccd34d9,data_store,acme,store-00866,store-00866.file_share,file_share,true,operational,in_use,2022-03-17T06:40:24Z,\N,2022-03-19T22:37:19Z,\N,1,assert
acme:data_store:store-00494~6fbf60ad2f46,data_store,acme,store-00494,store-00494.dbms,dbms,true,operational,in_use,2022-02-23T06:38:59Z,\N,2022-03-21T23:21:25Z,\N,1,assert
acme:data_store:store-00570~7ef8457e00ed,data_store,acme,store-00570,store-00570.dbms,dbms,true,operational,in_use,2022-02-14T12:25:41Z,\N,2022-03-21T02:22:30Z,\N,1,assert
acme:data_store:store-00713~9fbaed66ea1c,data_store,acme,store-00713,store-00713.file_share,file_share,false,operational,in_use,2022-02-16T23:10:10Z,\N,2022-03-21T06:59:29Z,\N,1,assert
acme:data_store:store-00285~859638f2e6ad,data_store,acme,store-00285,store-00285.warehouse,warehouse,false,operational,in_use,2022-03-06T06:44:05Z,\N,2022-03-22T17:28:05Z,\N,1,assert
acme:data_store:store-03348~adbdabaf2012,data_store,acme,store-03348,store-03348.object_store,object_store,false,operational,in_use,2022-03-04T10:32:04Z,\N,2022-03-24T00:25:47Z,\N,1,assert
acme:data_store:store-03408~5a9b7e5a42ea,data_store,acme,store-03408,store-03408.dbms,dbms,true,operational,in_use,2022-03-22T09:21:03Z,\N,2022-03-24T21:25:25Z,\N,1,assert
acme:data_store:store-02606~7e7dc7f71157,data_store,acme,store-02606,store-02606.warehouse,warehouse,false,operational,in_use,2022-03-25T09:26:02Z,\N,2022-03-26T20:57:39Z,\N,1,assert
acme:data_store:store-00074~011cf898a74d,data_store,acme,store-00074,store-00074.dbms,dbms,false,operational,in_use,2022-03-22T10:48:15Z,\N,2022-03-27T13:36:29Z,\N,1,assert
acme:data_store:store-02607~a32f0ac08843,data_store,acme,store-02607,store-02607.dbms,dbms,false,operational,in_use,2022-02-16T02:52:11Z,\N,2022-03-27T09:42:06Z,\N,1,assert
acme:data_store:store-03546~83883b138158,data_store,acme,store-03546,store-03546.warehouse,warehouse,false,operational,in_use,2022-02-26T20:16:02Z,\N,2022-03-28T02:16:39Z,\N,1,assert
acme:data_store:store-01979~af53cf9550a1,data_store,acme,store-01979,store-01979.dbms,dbms,false,operational,in_use,2022-03-16T11:59:34Z,\N,2022-03-29T06:21:05Z,\N,1,assert
acme:data_store:store-02448~c23f40b61f56,data_store,acme,store-02448,store-02448.object_store,object_store,false,operational,in_use,2022-03-08T20:51:31Z,\N,2022-03-29T06:40:25Z,\N,1,assert
acme:data_store:store-02368~51eeb85a9565,data_store,acme,store-02368,store-02368.file_share,file_share,false,operational,in_use,2022-03-13T23:03:26Z,2023-04-15T05:27:24Z,2022-03-30T10:18:26Z,\N,1,assert
acme:data_store:store-03506~e212b53e304d,data_store,acme,store-03506,store-03506.dbms,dbms,false,operational,in_use,2022-02-25T04:00:08Z,\N,2022-03-31T12:34:36Z,\N,1,assert
acme:data_store:store-00019~5a4a474c1de7,data_store,acme,store-00019,store-00019.dbms,dbms,false,operational,in_use,2022-03-24T02:13:02Z,\N,2022-04-01T10:15:37Z,\N,1,assert
acme:data_store:store-01512~e1669bfdc6ea,data_store,acme,store-01512,store-01512.dbms,dbms,false,operational,in_use,2022-03-02T02:50:14Z,\N,2022-04-01T19:22:10Z,\N,1,assert
acme:data_store:store-02830~8da6a96142ae,data_store,acme,store-02830,store-02830.dbms,dbms,true,operational,in_use,2022-02-20T06:01:45Z,\N,2022-04-01T21:56:02Z,\N,1,assert
acme:data_store:store-03463~bb2f01fb55be,data_store,acme,store-03463,store-03463.dbms,dbms,false,operational,end_of_support,2021-04-14T01:59:14Z,\N,2022-04-02T02:08:16Z,\N,2,assert
acme:data_store:store-00156~85d451d806a2,data_store,acme,store-00156,store-00156.warehouse,warehouse,false,operational,in_use,2022-03-29T15:42:16Z,\N,2022-04-03T19:54:16Z,\N,1,assert
acme:data_store:store-01899~51e9e3a4cd8e,data_store,acme,store-01899,store-01899.warehouse,warehouse,false,operational,in_use,2022-03-06T10:25:44Z,\N,2022-04-03T04:09:48Z,\N,1,assert
acme:data_store:store-03048~4cfdd1758445,data_store,acme,store-03048,store-03048.dbms,dbms,false,operational,in_use,2022-03-06T05:24:01Z,\N,2022-04-03T06:34:11Z,\N,1,assert
acme:data_store:store-00766~5ae16b50fbcc,data_store,acme,store-00766,store-00766.object_store,object_store,false,operational,in_use,2022-04-05T12:20:41Z,\N,2022-04-05T12:20:41Z,\N,1,assert
acme:data_store:store-00971~b6b7ab8c40df,data_store,acme,store-00971,store-00971.object_store,object_store,true,operational,in_use,2022-02-22T02:06:07Z,\N,2022-04-05T23:06:51Z,\N,1,assert
acme:data_store:store-00206~33da4e738d04,data_store,acme,store-00206,store-00206.dbms,dbms,false,operational,in_use,2022-03-03T01:20:00Z,\N,2022-04-06T11:25:42Z,\N,1,assert
acme:data_store:store-01942~601c063cb62c,data_store,acme,store-01942,store-01942.warehouse,warehouse,false,operational,in_use,2022-03-08T21:13:47Z,\N,2022-04-06T12:38:28Z,\N,1,assert
acme:data_store:store-02888~6060fadf04eb,data_store,acme,store-02888,store-02888.object_store,object_store,false,operational,in_use,2022-03-16T19:54:52Z,\N,2022-04-07T18:20:18Z,\N,1,assert
acme:data_store:store-00170~8dcb3d41c437,data_store,acme,store-00170,store-00170.dbms,dbms,true,operational,in_use,2022-03-31T05:40:31Z,\N,2022-04-08T20:49:00Z,\N,1,assert
acme:data_store:store-00975~fc08c5c9e8ec,data_store,acme,store-00975,store-00975.file_share,file_share,false,operational,in_use,2022-03-16T08:25:35Z,\N,2022-04-09T09:25:17Z,\N,1,assert
acme:data_store:store-02402~1db1e6764b32,data_store,acme,store-02402,store-02402.object_store,object_store,false,operational,in_use,2022-03-08T15:42:55Z,\N,2022-04-09T08:21:57Z,\N,1,assert
acme:data_store:store-01778~0efea9b1b2c6,data_store,acme,store-01778,store-01778.dbms,dbms,false,operational,in_use,2022-03-05T23:19:15Z,\N,2022-04-10T19:28:35Z,\N,1,assert
acme:data_store:store-00619~22f7d5dafe6f,data_store,acme,store-00619,store-00619.file_share,file_share,false,operational,in_use,2022-03-02T12:27:28Z,\N,2022-04-11T02:43:34Z,\N,1,assert
acme:data_store:store-00295~9361f701486d,data_store,acme,store-00295,store-00295.dbms,dbms,true,operational,in_use,2022-03-23T21:48:39Z,2023-02-11T06:57:49Z,2022-04-12T19:17:17Z,\N,1,assert
acme:data_store:store-00712~6d0d738e7e4c,data_store,acme,store-00712,store-00712.warehouse,warehouse,false,operational,in_use,2022-04-10T16:05:09Z,\N,2022-04-12T23:03:48Z,\N,1,assert
acme:data_store:store-03483~5bb8682f6038,data_store,acme,store-03483,store-03483.dbms,dbms,false,operational,in_use,2022-03-23T19:32:32Z,\N,2022-04-12T00:09:47Z,\N,1,assert
acme:data_store:store-01563~31741e65c2b1,data_store,acme,store-01563,store-01563.object_store,object_store,false,operational,in_use,2022-02-28T21:37:55Z,\N,2022-04-13T05:49:44Z,\N,1,assert
acme:data_store:store-03037~9e346d47282c,data_store,acme,store-03037,store-03037.dbms,dbms,false,operational,in_use,2022-04-03T16:22:49Z,\N,2022-04-13T18:16:52Z,\N,1,assert
acme:data_store:store-03191~6a385bff0404,data_store,acme,store-03191,store-03191.warehouse,warehouse,true,operational,in_use,2022-03-16T01:06:21Z,\N,2022-04-14T06:13:29Z,\N,1,assert
acme:data_store:store-00368~8c7f39d07850,data_store,acme,store-00368,store-00368.warehouse,warehouse,false,operational,in_use,2022-03-20T09:16:01Z,2023-04-22T09:16:26Z,2022-04-15T09:14:44Z,\N,1,assert
acme:data_store:store-03409~9507d3a01121,data_store,acme,store-03409,store-03409.object_store,object_store,false,operational,in_use,2022-03-17T10:54:01Z,\N,2022-04-16T01:58:20Z,2023-08-16T14:22:27Z,1,assert
acme:data_store:store-02233~757ad4b54e05,data_store,acme,store-02233,store-02233.dbms,dbms,true,operational,in_use,2022-03-07T04:48:26Z,\N,2022-04-16T21:53:07Z,\N,1,assert
acme:data_store:store-02533~fcefeea89e98,data_store,acme,store-02533,store-02533.dbms,dbms,false,operational,in_use,2022-04-16T14:02:55Z,\N,2022-04-16T14:02:55Z,\N,1,assert
acme:data_store:store-00736~ae4e3be8763f,data_store,acme,store-00736,store-00736.warehouse,warehouse,false,operational,in_use,2022-04-06T10:25:27Z,\N,2022-04-17T17:19:31Z,\N,1,assert
acme:data_store:store-02236~4a739baa764f,data_store,acme,store-02236,store-02236.object_store,object_store,false,operational,in_use,2022-03-25T05:32:37Z,\N,2022-04-17T23:26:01Z,\N,1,assert
acme:data_store:store-00813~bc9c66a38777,data_store,acme,store-00813,store-00813.warehouse,warehouse,false,operational,in_use,2022-04-14T06:38:10Z,2022-05-27T04:31:12Z,2022-04-17T23:50:37Z,\N,1,assert
acme:data_store:store-02651~a73aa8810833,data_store,acme,store-02651,store-02651.queue,queue,false,operational,in_use,2022-03-16T14:07:15Z,\N,2022-04-18T14:25:56Z,\N,1,assert
acme:data_store:store-00995~959cebefb29d,data_store,acme,store-00995,store-00995.file_share,file_share,false,operational,in_use,2022-03-14T21:37:43Z,\N,2022-04-19T11:19:08Z,\N,1,assert
acme:data_store:store-02558~1c345f17795b,data_store,acme,store-02558,store-02558.dbms,dbms,false,operational,in_use,2022-04-18T04:31:48Z,\N,2022-04-21T17:45:32Z,\N,1,assert
acme:data_store:store-00114~76aeb90077b1,data_store,acme,store-00114,store-00114.object_store,object_store,false,operational,in_use,2022-04-22T06:49:21Z,\N,2022-04-23T18:18:34Z,\N,1,assert
acme:data_store:store-00461~2c9de44f1d80,data_store,acme,store-00461,store-00461.object_store,object_store,false,operational,in_use,2022-04-13T13:05:32Z,\N,2022-04-23T07:56:53Z,\N,1,assert
acme:data_store:store-00462~50e27bb20727,data_store,acme,store-00462,store-00462.warehouse,warehouse,false,operational,in_use,2022-03-15T08:39:34Z,\N,2022-04-23T17:47:57Z,\N,1,assert
acme:data_store:store-00677~5df3effe1628,data_store,acme,store-00677,store-00677.dbms,dbms,false,operational,in_use,2022-03-31T22:33:56Z,\N,2022-04-23T05:20:30Z,\N,1,assert
acme:data_store:store-00103~2ec6d8d89b4e,data_store,acme,store-00103,store-00103.warehouse,warehouse,true,operational,in_use,2022-03-27T21:28:46Z,\N,2022-04-24T09:01:39Z,\N,1,assert
acme:data_store:store-01469~6abf4cc64331,data_store,acme,store-01469,store-01469.file_share,file_share,false,operational,in_use,2022-04-19T05:15:09Z,2023-02-12T20:15:18Z,2022-04-25T04:08:54Z,\N,1,assert
acme:data_store:store-02817~0a9ea6f74ab1,data_store,acme,store-02817,store-02817.file_share,file_share,false,operational,in_use,2022-03-29T13:44:05Z,\N,2022-04-25T12:53:52Z,\N,1,assert
acme:data_store:store-01554~a7f3dd0b45ad,data_store,acme,store-01554,store-01554.file_share,file_share,false,operational,in_use,2022-03-28T16:24:07Z,\N,2022-04-26T09:00:45Z,\N,1,assert
acme:data_store:store-00338~1a1804f071aa,data_store,acme,store-00338,store-00338.queue,queue,false,operational,in_use,2022-03-18T14:34:58Z,\N,2022-04-27T05:18:59Z,\N,1,assert
acme:data_store:store-01388~93cb5e3ba8db,data_store,acme,store-01388,store-01388.queue,queue,false,operational,in_use,2022-03-22T08:31:59Z,\N,2022-04-27T21:35:03Z,\N,1,assert
acme:data_store:store-02199~d1c472614d9f,data_store,acme,store-02199,store-02199.dbms,dbms,false,operational,in_use,2022-04-20T14:24:11Z,\N,2022-04-27T12:25:47Z,\N,1,assert
acme:data_store:store-02586~8cb82be80459,data_store,acme,store-02586,store-02586.queue,queue,false,operational,in_use,2022-03-21T14:31:38Z,\N,2022-04-28T15:48:13Z,\N,1,assert
acme:data_store:store-00890~c57bd6b3f6be,data_store,acme,store-00890,store-00890.file_share,file_share,true,operational,in_use,2022-04-12T02:00:46Z,\N,2022-04-29T21:46:15Z,\N,1,assert
acme:data_store:store-01501~bd053b5a0178,data_store,acme,store-01501,store-01501.dbms,dbms,false,operational,in_use,2022-04-21T10:12:01Z,\N,2022-04-29T08:32:25Z,\N,1,assert
acme:data_store:store-02433~6885aa9ff3eb,data_store,acme,store-02433,store-02433.dbms,dbms,false,operational,in_use,2022-04-21T07:34:06Z,\N,2022-04-30T20:49:15Z,\N,1,assert
acme:data_store:store-02726~95ba8d23d821,data_store,acme,store-02726,store-02726.dbms,dbms,true,operational,in_use,2022-04-25T10:29:18Z,\N,2022-05-02T22:13:07Z,\N,1,assert
acme:data_store:store-00138~ac44a7115ec2,data_store,acme,store-00138,store-00138.warehouse,warehouse,false,operational,in_use,2022-03-30T12:43:36Z,\N,2022-05-03T03:23:42Z,\N,1,assert
acme:data_store:store-00673~677cf73fa312,data_store,acme,store-00673,store-00673.file_share,file_share,false,operational,in_use,2022-03-29T18:30:48Z,\N,2022-05-03T17:28:32Z,\N,1,assert
acme:data_store:store-02927~6c8e5a33572f,data_store,acme,store-02927,store-02927.warehouse,warehouse,false,operational,in_use,2022-04-09T05:54:51Z,\N,2022-05-04T18:07:12Z,\N,1,assert
acme:data_store:store-01082~952e5cec9b9d,data_store,acme,store-01082,store-01082.dbms,dbms,false,operational,in_use,2022-04-27T17:29:28Z,\N,2022-05-05T20:06:06Z,\N,1,assert
acme:data_store:store-01780~a73ac3598242,data_store,acme,store-01780,store-01780.object_store,object_store,false,operational,in_use,2022-03-25T19:53:52Z,\N,2022-05-06T15:58:25Z,\N,1,assert
acme:data_store:store-01049~8d1435e60bca,data_store,acme,store-01049,store-01049.dbms,dbms,true,operational,in_use,2022-03-29T17:36:07Z,\N,2022-05-07T00:16:08Z,\N,1,assert
acme:data_store:store-01551~a21917c199cc,data_store,acme,store-01551,store-01551.file_share,file_share,false,operational,in_use,2022-05-05T01:40:35Z,\N,2022-05-07T14:53:50Z,\N,1,assert
acme:data_store:store-02011~296513ae5e36,data_store,acme,store-02011,store-02011.file_share,file_share,false,operational,in_use,2022-05-05T11:01:32Z,\N,2022-05-07T20:27:23Z,\N,1,assert
acme:data_store:store-03518~656bc613dc04,data_store,acme,store-03518,store-03518.object_store,object_store,false,operational,in_use,2022-04-02T12:44:03Z,\N,2022-05-07T03:49:20Z,\N,1,assert
acme:data_store:store-01653~d02d72850df1,data_store,acme,store-01653,store-01653.queue,queue,true,operational,in_use,2022-04-07T17:26:11Z,\N,2022-05-08T15:46:10Z,\N,1,assert
acme:data_store:store-02413~252b86fa41e1,data_store,acme,store-02413,store-02413.object_store,object_store,false,operational,in_use,2022-04-11T12:40:46Z,\N,2022-05-08T12:54:50Z,\N,1,assert
acme:data_store:store-00839~60c3f15f90a2,data_store,acme,store-00839,store-00839.dbms,dbms,false,operational,in_use,2022-04-23T13:31:12Z,\N,2022-05-10T22:56:16Z,\N,1,assert
acme:data_store:store-02805~b038b163720f,data_store,acme,store-02805,store-02805.dbms,dbms,false,operational,in_use,2022-04-08T01:29:31Z,\N,2022-05-10T10:23:48Z,\N,1,assert
acme:data_store:store-01185~d814b8501a95,data_store,acme,store-01185,store-01185.dbms,dbms,true,operational,in_use,2022-04-04T17:12:00Z,\N,2022-05-12T04:29:05Z,\N,1,assert
acme:data_store:store-01053~7437af2c68d9,data_store,acme,store-01053,store-01053.file_share,file_share,false,operational,in_use,2022-04-06T16:41:48Z,\N,2022-05-13T20:33:58Z,\N,1,assert
acme:data_store:store-02028~04af35a90488,data_store,acme,store-02028,store-02028.file_share,file_share,true,operational,in_use,2022-05-08T02:58:38Z,\N,2022-05-13T02:31:46Z,\N,1,assert
acme:data_store:store-02599~375b7e157c21,data_store,acme,store-02599,store-02599.warehouse,warehouse,true,operational,in_use,2022-05-03T20:14:37Z,\N,2022-05-13T13:52:35Z,\N,1,assert
acme:data_store:store-03283~3fcd91c3a545,data_store,acme,store-03283,store-03283.object_store,object_store,false,operational,in_use,2022-04-01T16:44:38Z,\N,2022-05-15T22:34:35Z,\N,1,assert
acme:data_store:store-03060~21d1bce88c9a,data_store,acme,store-03060,store-03060.object_store,object_store,true,operational,in_use,2022-05-07T23:39:49Z,\N,2022-05-16T07:58:16Z,\N,1,assert
acme:data_store:store-03026~c3cb2ccf777f,data_store,acme,store-03026,store-03026.object_store,object_store,false,operational,in_use,2022-05-15T02:33:50Z,\N,2022-05-18T19:32:11Z,\N,1,assert
acme:data_store:store-00522~4250eb7531ea,data_store,acme,store-00522,store-00522.queue,queue,false,operational,in_use,2022-05-04T03:38:42Z,\N,2022-05-19T20:54:51Z,\N,1,assert
acme:data_store:store-00632~b2727d9ccfa3,data_store,acme,store-00632,store-00632.dbms,dbms,true,operational,in_use,2022-04-07T03:48:52Z,\N,2022-05-19T13:45:00Z,\N,1,assert
acme:data_store:store-01618~69d1fb0f0974,data_store,acme,store-01618,store-01618.warehouse,warehouse,true,operational,in_use,2022-05-09T17:08:23Z,\N,2022-05-24T22:48:23Z,\N,1,assert
acme:data_store:store-01894~27cb15dc3387,data_store,acme,store-01894,store-01894.warehouse,warehouse,true,operational,in_use,2022-04-17T22:41:04Z,\N,2022-05-24T17:44:05Z,\N,1,assert
acme:data_store:store-00802~52e2b033cb27,data_store,acme,store-00802,store-00802.object_store,object_store,false,operational,in_use,2022-05-16T16:23:09Z,\N,2022-05-25T23:22:54Z,\N,1,assert
acme:data_store:store-02123~743e0615dbd7,data_store,acme,store-02123,store-02123.dbms,dbms,false,operational,in_use,2022-04-29T23:37:08Z,\N,2022-05-25T09:39:28Z,\N,1,assert
acme:data_store:store-01355~41556c9fffc0,data_store,acme,store-01355,store-01355.dbms,dbms,false,operational,in_use,2022-05-03T02:32:00Z,\N,2022-05-26T07:17:57Z,\N,1,assert
acme:data_store:store-02713~e0d5946a94a7,data_store,acme,store-02713,store-02713.object_store,object_store,false,operational,in_use,2022-05-26T17:36:32Z,\N,2022-05-26T17:36:32Z,\N,1,assert
acme:data_store:store-02691~048b8e08598c,data_store,acme,store-02691,store-02691.dbms,dbms,false,operational,in_use,2022-05-13T12:17:22Z,\N,2022-05-27T04:47:25Z,\N,1,assert
acme:data_store:store-03127~7d0ba4d98f3b,data_store,acme,store-03127,store-03127.warehouse,warehouse,false,operational,in_use,2022-05-14T13:22:40Z,\N,2022-05-28T00:29:38Z,\N,1,assert
acme:data_store:store-03073~90d6ab953ad0,data_store,acme,store-03073,store-03073.dbms,dbms,true,operational,in_use,2022-04-29T19:37:58Z,2023-02-26T08:36:25Z,2022-05-28T11:11:37Z,\N,1,assert
acme:data_store:store-01678~0f9687dce5a6,data_store,acme,store-01678,store-01678.object_store,object_store,true,operational,in_use,2022-04-28T06:36:06Z,\N,2022-05-30T02:14:07Z,\N,1,assert
acme:data_store:store-03583~72692b3263f4,data_store,acme,store-03583,store-03583.warehouse,warehouse,false,operational,in_use,2022-05-29T05:58:16Z,\N,2022-05-30T13:40:29Z,\N,1,assert
acme:data_store:store-02095~d01fb287c716,data_store,acme,store-02095,store-02095.file_share,file_share,false,operational,in_use,2022-05-01T15:52:49Z,\N,2022-05-31T02:48:52Z,\N,1,assert
acme:data_store:store-00817~b68e3de035f1,data_store,acme,store-00817,store-00817.dbms,dbms,true,operational,in_use,2022-05-20T09:22:26Z,\N,2022-06-02T06:52:16Z,\N,1,assert
acme:data_store:store-01291~ea71d6794841,data_store,acme,store-01291,store-01291.warehouse,warehouse,false,operational,in_use,2022-05-25T10:51:10Z,\N,2022-06-02T09:01:37Z,\N,1,assert
acme:data_store:store-02306~53cf03122e88,data_store,acme,store-02306,store-02306.warehouse,warehouse,false,operational,in_use,2022-05-29T04:13:29Z,\N,2022-06-02T09:10:45Z,\N,1,assert
acme:data_store:store-02359~97c9518ce64c,data_store,acme,store-02359,store-02359.warehouse,warehouse,false,operational,in_use,2022-05-23T23:50:06Z,\N,2022-06-02T20:35:14Z,\N,1,assert
acme:data_store:store-01260~82cef6c82dcd,data_store,acme,store-01260,store-01260.file_share,file_share,true,operational,in_use,2022-05-22T23:38:46Z,\N,2022-06-04T05:53:45Z,\N,1,assert
acme:data_store:store-00589~4f033fc78c39,data_store,acme,store-00589,store-00589.file_share,file_share,false,operational,in_use,2022-05-18T06:37:20Z,\N,2022-06-05T03:36:28Z,\N,1,assert
acme:data_store:store-00741~a967649b471b,data_store,acme,store-00741,store-00741.dbms,dbms,true,operational,in_use,2022-05-01T12:48:08Z,\N,2022-06-05T10:21:49Z,\N,1,assert
acme:data_store:store-01027~9e74e8a53ccf,data_store,acme,store-01027,store-01027.object_store,object_store,false,operational,in_use,2022-05-17T06:41:00Z,\N,2022-06-05T18:15:20Z,\N,1,assert
acme:data_store:store-03452~2345e1158eb0,data_store,acme,store-03452,store-03452.queue,queue,true,operational,in_use,2022-05-20T23:31:54Z,\N,2022-06-05T06:04:24Z,\N,1,assert
acme:data_store:store-00126~daa1797ace27,data_store,acme,store-00126,store-00126.file_share,file_share,true,operational,in_use,2022-05-08T06:16:10Z,\N,2022-06-07T16:11:35Z,\N,1,assert
acme:data_store:store-00255~56441db88b2a,data_store,acme,store-00255,store-00255.warehouse,warehouse,false,operational,in_use,2022-05-19T17:44:01Z,\N,2022-06-07T06:07:12Z,\N,1,assert
acme:data_store:store-00564~df0b3c0dd567,data_store,acme,store-00564,store-00564.dbms,dbms,true,operational,in_use,2022-05-06T06:33:17Z,\N,2022-06-07T10:48:25Z,\N,1,assert
acme:data_store:store-01789~879a397c017a,data_store,acme,store-01789,store-01789.dbms,dbms,true,operational,in_use,2022-05-24T11:10:24Z,\N,2022-06-08T20:42:53Z,\N,1,assert
acme:data_store:store-00728~a322f779d2f8,data_store,acme,store-00728,store-00728.warehouse,warehouse,true,operational,in_use,2022-05-06T06:52:25Z,\N,2022-06-10T01:53:58Z,\N,1,assert
acme:data_store:store-01917~53a0e30e9361,data_store,acme,store-01917,store-01917.dbms,dbms,true,operational,in_use,2022-05-21T06:04:25Z,\N,2022-06-10T11:14:29Z,\N,1,assert
acme:data_store:store-00403~80c781feaf50,data_store,acme,store-00403,store-00403.object_store,object_store,false,operational,in_use,2022-05-06T07:30:14Z,\N,2022-06-11T17:11:22Z,\N,1,assert
acme:data_store:store-00937~72a051188adc,data_store,acme,store-00937,store-00937.file_share,file_share,true,operational,in_use,2022-06-11T03:29:00Z,\N,2022-06-13T04:27:00Z,\N,1,assert
acme:data_store:store-01432~85ad8c68dc5c,data_store,acme,store-01432,store-01432.dbms,dbms,true,operational,in_use,2022-05-10T19:33:58Z,\N,2022-06-13T20:14:55Z,\N,1,assert
acme:data_store:store-03192~c0407732d614,data_store,acme,store-03192,store-03192.warehouse,warehouse,false,operational,in_use,2022-05-25T05:46:45Z,\N,2022-06-13T00:09:01Z,\N,1,assert
acme:data_store:store-00243~257d660c7b53,data_store,acme,store-00243,store-00243.dbms,dbms,false,operational,in_use,2022-05-05T02:28:14Z,\N,2022-06-14T11:08:45Z,\N,1,assert
acme:data_store:store-02271~f3024822c9b0,data_store,acme,store-02271,store-02271.object_store,object_store,false,operational,in_use,2022-05-07T00:35:25Z,\N,2022-06-16T16:24:08Z,\N,1,assert
acme:data_store:store-00945~efb005205389,data_store,acme,store-00945,store-00945.dbms,dbms,false,operational,in_use,2022-05-22T03:56:58Z,\N,2022-06-18T07:49:56Z,\N,1,assert
acme:data_store:store-01660~1fc160a79881,data_store,acme,store-01660,store-01660.warehouse,warehouse,false,operational,in_use,2022-05-23T15:05:02Z,\N,2022-06-18T17:22:50Z,\N,1,assert
acme:data_store:store-02505~c5200dc75db1,data_store,acme,store-02505,store-02505.file_share,file_share,true,operational,in_use,2022-05-30T08:10:45Z,\N,2022-06-18T08:42:26Z,\N,1,assert
acme:data_store:store-03197~7fbfcec1a9ff,data_store,acme,store-03197,store-03197.object_store,object_store,true,operational,in_use,2022-06-15T07:46:36Z,\N,2022-06-19T04:05:11Z,\N,1,assert
acme:data_store:store-01949~9bc5f871cc17,data_store,acme,store-01949,store-01949.file_share,file_share,false,operational,in_use,2022-06-01T13:29:04Z,\N,2022-06-20T22:26:35Z,\N,1,assert
acme:data_store:store-03534~c4066a5ba613,data_store,acme,store-03534,store-03534.file_share,file_share,true,operational,in_use,2022-05-29T13:55:28Z,\N,2022-06-20T13:27:56Z,\N,1,assert
acme:data_store:store-03465~8fc5c44a5a6b,data_store,acme,store-03465,store-03465.dbms,dbms,true,operational,in_use,2022-05-23T02:51:56Z,\N,2022-06-22T11:30:54Z,\N,1,assert
acme:data_store:store-01786~976bc04f5ccb,data_store,acme,store-01786,store-01786.dbms,dbms,false,operational,in_use,2022-06-18T09:24:38Z,\N,2022-06-22T22:16:25Z,2023-03-05T22:02:19Z,1,assert
acme:data_store:store-01664~deb6c2191a36,data_store,acme,store-01664,store-01664.object_store,object_store,false,operational,in_use,2022-06-02T00:43:40Z,\N,2022-06-23T09:57:20Z,\N,1,assert
acme:data_store:store-01001~9214dedd3138,data_store,acme,store-01001,store-01001.warehouse,warehouse,false,operational,in_use,2022-06-10T08:38:25Z,\N,2022-06-24T16:19:59Z,\N,1,assert
acme:data_store:store-02693~0cf704ebc01e,data_store,acme,store-02693,store-02693.file_share,file_share,false,operational,in_use,2022-06-14T17:45:42Z,\N,2022-06-25T11:54:44Z,\N,1,assert
acme:data_store:store-00609~14566c41407e,data_store,acme,store-00609,store-00609.file_share,file_share,false,operational,in_use,2022-05-29T19:07:07Z,\N,2022-06-26T04:44:25Z,2025-07-06T22:59:09Z,1,assert
acme:data_store:store-00178~3d033dbe4a27,data_store,acme,store-00178,store-00178.dbms,dbms,true,operational,in_use,2022-05-29T07:49:03Z,\N,2022-06-26T06:59:31Z,\N,1,assert
acme:data_store:store-00459~4ff90ef1991a,data_store,acme,store-00459,store-00459.warehouse,warehouse,false,operational,in_use,2022-06-09T19:57:45Z,\N,2022-06-26T14:18:43Z,\N,1,assert
acme:data_store:store-01348~6b45f33fd1b8,data_store,acme,store-01348,store-01348.file_share,file_share,false,operational,in_use,2022-05-19T02:17:24Z,\N,2022-06-28T23:14:50Z,\N,1,assert
acme:data_store:store-01994~fd6c8789071a,data_store,acme,store-01994,store-01994.warehouse,warehouse,false,operational,in_use,2022-06-11T15:12:58Z,\N,2022-06-28T06:48:39Z,\N,1,assert
acme:data_store:store-02834~bb00a0e5a039,data_store,acme,store-02834,store-02834.dbms,dbms,false,operational,in_use,2022-05-15T15:54:53Z,\N,2022-06-28T18:23:47Z,\N,1,assert
acme:data_store:store-02961~83e62fcf7c9d,data_store,acme,store-02961,store-02961.dbms,dbms,false,operational,in_use,2022-06-06T09:24:45Z,\N,2022-06-28T05:27:41Z,\N,1,assert
acme:data_store:store-00452~faf05ce985bf,data_store,acme,store-00452,store-00452.dbms,dbms,false,operational,in_use,2022-06-15T22:40:50Z,\N,2022-06-29T22:03:37Z,\N,1,assert
acme:data_store:store-01726~c261189b04ad,data_store,acme,store-01726,store-01726.object_store,object_store,false,operational,in_use,2022-06-09T11:10:20Z,\N,2022-06-29T15:58:23Z,\N,1,assert
acme:data_store:store-02040~18077e68e806,data_store,acme,store-02040,store-02040.warehouse,warehouse,false,operational,in_use,2022-05-30T17:01:23Z,\N,2022-06-29T14:27:14Z,\N,1,assert
acme:data_store:store-01862~6d72c1a2a009,data_store,acme,store-01862,store-01862.queue,queue,true,operational,in_use,2022-06-12T09:15:15Z,\N,2022-07-01T09:47:57Z,\N,1,assert
acme:data_store:store-02034~1aa2e01062f9,data_store,acme,store-02034,store-02034.dbms,dbms,true,operational,in_use,2022-06-18T18:14:36Z,\N,2022-07-02T05:09:58Z,\N,1,assert
acme:data_store:store-02334~553f9571f322,data_store,acme,store-02334,store-02334.warehouse,warehouse,false,operational,in_use,2022-05-21T10:56:43Z,\N,2022-07-02T03:08:12Z,\N,1,assert
acme:data_store:store-00913~560aa9555e1e,data_store,acme,store-00913,store-00913.object_store,object_store,true,operational,in_use,2022-06-30T11:18:54Z,\N,2022-07-03T02:21:30Z,\N,1,assert
acme:data_store:store-01349~a230cebdce57,data_store,acme,store-01349,store-01349.warehouse,warehouse,false,operational,in_use,2022-07-01T03:36:37Z,\N,2022-07-03T10:47:49Z,\N,1,assert
acme:data_store:store-01904~2d52615f2b1a,data_store,acme,store-01904,store-01904.file_share,file_share,false,operational,in_use,2022-05-23T22:12:13Z,\N,2022-07-03T23:51:27Z,\N,1,assert
acme:data_store:store-02543~c13f6452c65e,data_store,acme,store-02543,store-02543.object_store,object_store,false,operational,in_use,2022-05-31T10:40:04Z,\N,2022-07-03T13:31:09Z,\N,1,assert
acme:data_store:store-00680~c9c4413dcffa,data_store,acme,store-00680,store-00680.dbms,dbms,false,operational,in_use,2022-07-01T15:34:28Z,\N,2022-07-04T11:09:26Z,\N,1,assert
acme:data_store:store-00399~2a3705ff62f3,data_store,acme,store-00399,store-00399.dbms,dbms,false,operational,in_use,2022-05-22T01:23:15Z,\N,2022-07-05T14:29:52Z,\N,1,assert
acme:data_store:store-03100~df1a750f9ddd,data_store,acme,store-03100,store-03100.warehouse,warehouse,false,operational,in_use,2022-06-25T17:34:43Z,\N,2022-07-05T01:56:24Z,\N,1,assert
acme:data_store:store-02517~9d7dd61c9ecc,data_store,acme,store-02517,store-02517.file_share,file_share,true,operational,in_use,2022-07-04T22:41:10Z,\N,2022-07-06T21:30:21Z,\N,1,assert
acme:data_store:store-00297~5acef4f18fb9,data_store,acme,store-00297,store-00297.dbms,dbms,false,operational,in_use,2022-06-19T18:06:36Z,\N,2022-07-08T02:41:34Z,2026-11-02T06:59:09Z,1,assert
acme:data_store:store-00567~c40f0731dd0b,data_store,acme,store-00567,store-00567.object_store,object_store,false,operational,in_use,2022-05-28T13:57:50Z,\N,2022-07-08T14:03:56Z,\N,1,assert
acme:data_store:store-00833~122771f5eb6d,data_store,acme,store-00833,store-00833.dbms,dbms,false,operational,in_use,2022-05-27T03:34:56Z,\N,2022-07-08T17:13:29Z,\N,1,assert
acme:data_store:store-01980~73cf9dc70b20,data_store,acme,store-01980,store-01980.object_store,object_store,false,operational,in_use,2022-07-04T01:43:00Z,\N,2022-07-08T23:41:38Z,\N,1,assert
acme:data_store:store-02174~2e0307065889,data_store,acme,store-02174,store-02174.queue,queue,true,operational,in_use,2022-06-19T10:49:08Z,\N,2022-07-08T11:02:40Z,\N,1,assert
acme:data_store:store-02662~2c1d15324e5f,data_store,acme,store-02662,store-02662.dbms,dbms,false,operational,in_use,2022-06-11T09:18:05Z,\N,2022-07-09T19:15:06Z,\N,1,assert
acme:data_store:store-00629~7f6fc0dfa439,data_store,acme,store-00629,store-00629.object_store,object_store,false,operational,in_use,2022-07-10T07:27:30Z,\N,2022-07-10T07:27:30Z,\N,1,assert
acme:data_store:store-00753~06517ed0ca33,data_store,acme,store-00753,store-00753.warehouse,warehouse,false,operational,in_use,2022-06-22T18:05:27Z,\N,2022-07-11T08:41:14Z,\N,1,assert
acme:data_store:store-01316~bd506b33fb73,data_store,acme,store-01316,store-01316.object_store,object_store,true,operational,in_use,2022-07-09T05:23:08Z,\N,2022-07-11T21:59:02Z,\N,1,assert
acme:data_store:store-00106~9e927ab69b6c,data_store,acme,store-00106,store-00106.dbms,dbms,false,operational,in_use,2022-06-29T07:31:50Z,\N,2022-07-14T04:54:08Z,\N,1,assert
acme:data_store:store-00858~e3070d53d866,data_store,acme,store-00858,store-00858.dbms,dbms,false,operational,in_use,2022-06-20T16:29:22Z,\N,2022-07-14T14:42:55Z,\N,1,assert
acme:data_store:store-01700~ff080a782929,data_store,acme,store-01700,store-01700.dbms,dbms,true,operational,in_use,2022-07-10T08:24:25Z,\N,2022-07-14T12:03:11Z,\N,1,assert
acme:data_store:store-03591~c4562926cafc,data_store,acme,store-03591,store-03591.warehouse,warehouse,false,operational,in_use,2022-07-06T11:50:28Z,\N,2022-07-14T22:12:28Z,\N,1,assert
acme:data_store:store-00572~151397ef3189,data_store,acme,store-00572,store-00572.file_share,file_share,false,operational,in_use,2022-07-08T07:27:25Z,\N,2022-07-15T05:49:59Z,\N,1,assert
acme:data_store:store-01940~bd0a836e8335,data_store,acme,store-01940,store-01940.file_share,file_share,false,operational,in_use,2022-06-16T13:17:09Z,\N,2022-07-15T18:26:29Z,\N,1,assert
acme:data_store:store-02146~3d6c769a9ed1,data_store,acme,store-02146,store-02146.dbms,dbms,false,operational,in_use,2022-07-01T23:06:45Z,\N,2022-07-16T11:17:40Z,\N,1,assert
acme:data_store:store-02227~0a29553fa88e,data_store,acme,store-02227,store-02227.dbms,dbms,true,operational,in_use,2022-06-07T10:28:46Z,\N,2022-07-16T13:14:24Z,\N,1,assert
acme:data_store:store-01203~429edd9cdb14,data_store,acme,store-01203,store-01203.warehouse,warehouse,false,operational,in_use,2022-06-11T05:46:16Z,\N,2022-07-17T14:04:13Z,\N,1,assert
acme:data_store:store-00579~d80cf25f5cbb,data_store,acme,store-00579,store-00579.file_share,file_share,false,operational,in_use,2022-07-16T02:33:01Z,\N,2022-07-19T00:02:14Z,\N,1,assert
acme:data_store:store-00993~eb26e8645067,data_store,acme,store-00993,store-00993.dbms,dbms,true,operational,in_use,2022-07-13T23:38:06Z,\N,2022-07-19T15:57:13Z,\N,1,assert
acme:data_store:store-03422~b9b180783ffa,data_store,acme,store-03422,store-03422.warehouse,warehouse,false,operational,in_use,2022-06-11T05:48:45Z,\N,2022-07-20T09:40:50Z,\N,1,assert
acme:data_store:store-02852~e701844b5421,data_store,acme,store-02852,store-02852.object_store,object_store,false,operational,in_use,2022-06-12T23:53:33Z,2022-09-02T11:28:14Z,2022-07-21T02:24:24Z,\N,1,assert
acme:data_store:store-01317~7914a2d3fd3c,data_store,acme,store-01317,store-01317.warehouse,warehouse,true,operational,in_use,2022-07-18T05:14:13Z,\N,2022-07-21T14:16:23Z,\N,1,assert
acme:data_store:store-02792~3fc150716c97,data_store,acme,store-02792,store-02792.dbms,dbms,true,operational,in_use,2022-06-29T02:21:41Z,\N,2022-07-21T13:00:45Z,\N,1,assert
acme:data_store:store-00658~07bc43c7d581,data_store,acme,store-00658,store-00658.dbms,dbms,true,operational,in_use,2022-07-20T01:24:31Z,\N,2022-07-24T06:56:21Z,\N,1,assert
acme:data_store:store-01426~3cb24145ff2c,data_store,acme,store-01426,store-01426.dbms,dbms,false,operational,in_use,2022-06-18T03:38:52Z,\N,2022-07-25T16:57:36Z,\N,1,assert
acme:data_store:store-00085~039b1c8d95e4,data_store,acme,store-00085,store-00085.file_share,file_share,false,operational,in_use,2022-06-24T09:44:02Z,\N,2022-07-26T07:42:24Z,\N,1,assert
acme:data_store:store-00674~13dbed5f64f5,data_store,acme,store-00674,store-00674.warehouse,warehouse,false,operational,in_use,2022-06-19T13:17:15Z,\N,2022-07-27T10:56:59Z,\N,1,assert
acme:data_store:store-03160~528f5c9d3208,data_store,acme,store-03160,store-03160.dbms,dbms,false,operational,in_use,2022-06-13T23:40:41Z,\N,2022-07-27T21:00:20Z,\N,1,assert
acme:data_store:store-03542~2e342a8145d3,data_store,acme,store-03542,store-03542.dbms,dbms,false,operational,in_use,2022-07-04T21:50:18Z,\N,2022-07-28T06:04:07Z,\N,1,assert
acme:data_store:store-00597~8f802117d530,data_store,acme,store-00597,store-00597.dbms,dbms,false,operational,in_use,2022-07-09T19:07:21Z,\N,2022-07-29T23:32:53Z,\N,1,assert
acme:data_store:store-03387~6268194f0d50,data_store,acme,store-03387,store-03387.dbms,dbms,false,operational,in_use,2022-07-07T18:21:00Z,\N,2022-07-29T09:37:45Z,\N,1,assert
acme:data_store:store-00657~216aa81b77cf,data_store,acme,store-00657,store-00657.object_store,object_store,false,operational,in_use,2022-07-10T19:13:20Z,\N,2022-07-30T10:19:27Z,\N,1,assert
acme:data_store:store-00751~fe45f9000f9c,data_store,acme,store-00751,store-00751.dbms,dbms,false,operational,in_use,2022-07-18T18:57:36Z,\N,2022-07-30T20:57:20Z,\N,1,assert
acme:data_store:store-00507~caf6ade4ec00,data_store,acme,store-00507,store-00507.dbms,dbms,false,operational,in_use,2022-06-28T17:35:56Z,\N,2022-07-31T09:18:40Z,\N,1,assert
acme:data_store:store-03070~1ff061f7ce7f,data_store,acme,store-03070,store-03070.warehouse,warehouse,false,operational,in_use,2022-07-21T18:21:45Z,\N,2022-07-31T17:36:47Z,\N,1,assert
acme:data_store:store-00464~bdac1618b7d2,data_store,acme,store-00464,store-00464.dbms,dbms,true,operational,in_use,2022-07-26T09:05:15Z,\N,2022-08-02T11:00:27Z,\N,1,assert
acme:data_store:store-02551~d0ee42b65c45,data_store,acme,store-02551,store-02551.dbms,dbms,true,operational,in_use,2022-06-24T23:37:05Z,\N,2022-08-03T20:54:36Z,\N,1,assert
acme:data_store:store-03130~41ba0372a90c,data_store,acme,store-03130,store-03130.file_share,file_share,false,operational,in_use,2022-07-09T12:49:34Z,2023-07-04T08:35:07Z,2022-08-04T01:27:40Z,\N,1,assert
acme:data_store:store-03140~99ecefc186b1,data_store,acme,store-03140,store-03140.dbms,dbms,false,operational,in_use,2022-07-19T19:05:47Z,\N,2022-08-04T17:12:09Z,\N,1,assert
acme:data_store:store-03458~f98445eb0fc0,data_store,acme,store-03458,store-03458.warehouse,warehouse,false,operational,in_use,2022-06-27T23:28:07Z,\N,2022-08-04T04:42:49Z,\N,1,assert
acme:data_store:store-00480~327c44fbd593,data_store,acme,store-00480,store-00480.dbms,dbms,false,operational,in_use,2022-06-27T15:06:16Z,\N,2022-08-06T23:51:22Z,\N,1,assert
acme:data_store:store-02207~11567ec79fa6,data_store,acme,store-02207,store-02207.dbms,dbms,false,operational,in_use,2022-07-19T23:09:59Z,\N,2022-08-12T01:37:50Z,\N,1,assert
acme:data_store:store-03497~756a1e53eb3f,data_store,acme,store-03497,store-03497.dbms,dbms,false,operational,in_use,2022-08-06T03:43:31Z,2023-06-29T15:02:04Z,2022-08-13T20:40:00Z,\N,1,assert
acme:data_store:store-00035~61a4f2d1a91f,data_store,acme,store-00035,store-00035.dbms,dbms,false,operational,in_use,2022-08-11T07:09:47Z,\N,2022-08-14T01:35:22Z,\N,1,assert
acme:data_store:store-00141~a14e0bb44a38,data_store,acme,store-00141,store-00141.dbms,dbms,false,operational,in_use,2022-07-31T22:51:10Z,\N,2022-08-14T06:00:21Z,\N,1,assert
acme:data_store:store-02385~1558072362aa,data_store,acme,store-02385,store-02385.dbms,dbms,false,operational,in_use,2022-07-10T12:09:50Z,\N,2022-08-14T15:25:01Z,\N,1,assert
acme:data_store:store-02639~dfd97ad30474,data_store,acme,store-02639,store-02639.object_store,object_store,false,operational,in_use,2022-08-05T16:25:46Z,\N,2022-08-14T20:07:42Z,\N,1,assert
acme:data_store:store-03294~58bbbbad6fb7,data_store,acme,store-03294,store-03294.dbms,dbms,false,operational,in_use,2022-08-06T13:34:04Z,\N,2022-08-16T09:16:45Z,\N,1,assert
acme:data_store:store-00422~6dca1fc606d9,data_store,acme,store-00422,store-00422.dbms,dbms,false,operational,in_use,2022-08-10T08:42:34Z,\N,2022-08-17T10:46:47Z,\N,1,assert
acme:data_store:store-01642~8c2a7972f79a,data_store,acme,store-01642,store-01642.warehouse,warehouse,false,operational,in_use,2022-07-23T18:39:43Z,\N,2022-08-18T04:19:28Z,\N,1,assert
acme:data_store:store-01320~b3908a23fbb4,data_store,acme,store-01320,store-01320.object_store,object_store,false,operational,in_use,2022-07-17T07:47:10Z,\N,2022-08-19T13:53:45Z,\N,1,assert
acme:data_store:store-01748~86c6da6e4b7c,data_store,acme,store-01748,store-01748.object_store,object_store,true,operational,in_use,2022-07-21T23:33:37Z,\N,2022-08-19T17:44:00Z,\N,1,assert
acme:data_store:store-01806~4febc13dc1a4,data_store,acme,store-01806,store-01806.file_share,file_share,false,operational,in_use,2022-07-13T13:59:05Z,\N,2022-08-19T08:18:59Z,\N,1,assert
acme:data_store:store-02346~36e0c5104cad,data_store,acme,store-02346,store-02346.warehouse,warehouse,false,operational,in_use,2022-08-08T23:15:07Z,2023-08-19T09:13:09Z,2022-08-19T17:55:27Z,\N,1,assert
acme:data_store:store-02476~e6a6c6659329,data_store,acme,store-02476,store-02476.object_store,object_store,true,operational,in_use,2022-07-10T00:41:54Z,\N,2022-08-19T20:30:11Z,\N,1,assert
acme:data_store:store-03376~b042b62b540a,data_store,acme,store-03376,store-03376.warehouse,warehouse,false,operational,in_use,2022-08-20T21:35:21Z,\N,2022-08-20T21:35:21Z,\N,1,assert
acme:data_store:store-02907~f10712bfc836,data_store,acme,store-02907,store-02907.file_share,file_share,false,operational,in_use,2022-08-04T02:16:37Z,\N,2022-08-21T01:55:31Z,\N,1,assert
acme:data_store:store-03566~a1e43df54e59,data_store,acme,store-03566,store-03566.file_share,file_share,true,operational,in_use,2022-08-03T05:15:21Z,\N,2022-08-21T13:44:06Z,\N,1,assert
acme:data_store:store-00411~6b521649ee44,data_store,acme,store-00411,store-00411.warehouse,warehouse,false,operational,in_use,2022-08-16T05:02:32Z,\N,2022-08-22T06:10:47Z,\N,1,assert
acme:data_store:store-01500~d138216ac311,data_store,acme,store-01500,store-01500.dbms,dbms,false,operational,in_use,2022-08-01T18:39:51Z,\N,2022-08-22T11:19:42Z,\N,1,assert
acme:data_store:store-03333~109d971dfa05,data_store,acme,store-03333,store-03333.dbms,dbms,false,operational,in_use,2022-08-01T10:54:07Z,\N,2022-08-22T22:01:55Z,\N,1,assert
acme:data_store:store-02882~841564cc7619,data_store,acme,store-02882,store-02882.dbms,dbms,false,operational,in_use,2022-08-14T08:17:27Z,\N,2022-08-23T08:37:55Z,\N,1,assert
acme:data_store:store-00746~64b7f2699bbb,data_store,acme,store-00746,store-00746.object_store,object_store,false,operational,in_use,2022-07-17T15:27:10Z,\N,2022-08-25T10:11:45Z,\N,1,assert
acme:data_store:store-00830~4e87ff74b376,data_store,acme,store-00830,store-00830.dbms,dbms,false,operational,in_use,2022-07-29T22:10:27Z,\N,2022-08-25T08:18:16Z,\N,1,assert
acme:data_store:store-00849~94a25dac9625,data_store,acme,store-00849,store-00849.warehouse,warehouse,false,operational,in_use,2022-07-31T10:16:08Z,\N,2022-08-25T02:21:09Z,\N,1,assert
acme:data_store:store-00249~6c8eef80566f,data_store,acme,store-00249,store-00249.warehouse,warehouse,false,operational,in_use,2022-07-29T13:33:09Z,\N,2022-08-26T05:10:39Z,\N,1,assert
acme:data_store:store-02765~4536f8336f83,data_store,acme,store-02765,store-02765.warehouse,warehouse,true,operational,in_use,2022-08-06T22:52:23Z,\N,2022-08-26T21:27:50Z,\N,1,assert
acme:data_store:store-00430~815ccd88331c,data_store,acme,store-00430,store-00430.file_share,file_share,true,operational,in_use,2022-08-11T21:03:56Z,\N,2022-08-27T04:31:03Z,\N,1,assert
acme:data_store:store-00006~cefd6d6f83c8,data_store,acme,store-00006,store-00006.dbms,dbms,false,operational,in_use,2022-08-18T08:35:26Z,\N,2022-08-28T02:32:55Z,\N,1,assert
acme:data_store:store-03454~c5975e63db80,data_store,acme,store-03454,store-03454.object_store,object_store,false,operational,in_use,2022-07-28T06:29:27Z,\N,2022-08-28T04:05:12Z,\N,1,assert
acme:data_store:store-03547~a428924f23d1,data_store,acme,store-03547,store-03547.dbms,dbms,false,operational,in_use,2022-08-07T07:40:37Z,\N,2022-08-28T22:11:33Z,\N,1,assert
acme:data_store:store-01676~52991c0c2e8b,data_store,acme,store-01676,store-01676.object_store,object_store,false,operational,in_use,2022-08-06T10:55:25Z,\N,2022-08-29T08:13:21Z,\N,1,assert
acme:data_store:store-01867~e0d163d9f4b5,data_store,acme,store-01867,store-01867.file_share,file_share,false,operational,in_use,2022-08-06T06:52:06Z,\N,2022-08-29T06:44:58Z,\N,1,assert
acme:data_store:store-01866~a620588b64d9,data_store,acme,store-01866,store-01866.dbms,dbms,false,operational,in_use,2022-08-16T09:41:03Z,\N,2022-08-30T06:11:54Z,\N,1,assert
acme:data_store:store-00230~9cc6be5fd7ff,data_store,acme,store-00230,store-00230.file_share,file_share,true,operational,in_use,2022-08-04T21:37:27Z,\N,2022-09-01T04:41:31Z,\N,1,assert
acme:data_store:store-01344~f79121d0e41c,data_store,acme,store-01344,store-01344.dbms,dbms,false,operational,in_use,2022-08-20T20:29:14Z,\N,2022-09-01T07:46:22Z,\N,1,assert
acme:data_store:store-02549~2a9b93c430ab,data_store,acme,store-02549,store-02549.dbms,dbms,false,operational,in_use,2022-08-11T11:54:28Z,\N,2022-09-01T07:14:58Z,\N,1,assert
acme:data_store:store-02552~733286d502d9,data_store,acme,store-02552,store-02552.warehouse,warehouse,false,operational,in_use,2022-08-24T17:30:09Z,\N,2022-09-01T21:33:25Z,\N,1,assert
acme:data_store:store-00351~f7d31ee336cb,data_store,acme,store-00351,store-00351.object_store,object_store,false,operational,in_use,2022-08-05T09:34:58Z,\N,2022-09-03T12:35:53Z,\N,1,assert
acme:data_store:store-01458~f7e4d3c12eec,data_store,acme,store-01458,store-01458.object_store,object_store,false,operational,in_use,2022-08-20T15:16:58Z,\N,2022-09-04T20:46:12Z,\N,1,assert
acme:data_store:store-02703~5cc179fb4e0e,data_store,acme,store-02703,store-02703.object_store,object_store,true,operational,in_use,2022-08-26T02:02:38Z,\N,2022-09-05T02:58:04Z,\N,1,assert
acme:data_store:store-03473~c43077ac20d1,data_store,acme,store-03473,store-03473.dbms,dbms,true,operational,in_use,2022-09-04T03:52:21Z,\N,2022-09-06T08:17:03Z,\N,1,assert
acme:data_store:store-02319~c452318dc50c,data_store,acme,store-02319,store-02319.dbms,dbms,false,operational,in_use,2022-08-22T09:43:03Z,\N,2022-09-07T08:32:51Z,\N,1,assert
acme:data_store:store-02615~f0a47cfed7e7,data_store,acme,store-02615,store-02615.warehouse,warehouse,false,operational,in_use,2022-08-08T22:21:33Z,\N,2022-09-10T03:29:00Z,\N,1,assert
acme:data_store:store-02818~6d9d3d835e4f,data_store,acme,store-02818,store-02818.object_store,object_store,false,operational,in_use,2022-08-11T21:09:24Z,2022-09-28T02:45:46Z,2022-09-10T22:56:35Z,\N,1,assert
acme:data_store:store-03043~f0769335ae77,data_store,acme,store-03043,store-03043.warehouse,warehouse,false,operational,in_use,2022-08-05T04:51:47Z,\N,2022-09-11T23:50:11Z,\N,1,assert
acme:data_store:store-00582~9ec059fa9407,data_store,acme,store-00582,store-00582.queue,queue,false,operational,in_use,2022-08-26T07:33:58Z,\N,2022-09-13T23:36:52Z,\N,1,assert
acme:data_store:store-00291~f8e08b326e77,data_store,acme,store-00291,store-00291.dbms,dbms,true,operational,in_use,2022-09-01T01:49:52Z,\N,2022-09-14T22:40:24Z,\N,1,assert
acme:data_store:store-02747~6d37a3f1614f,data_store,acme,store-02747,store-02747.dbms,dbms,true,operational,in_use,2022-09-06T14:59:51Z,\N,2022-09-14T07:16:05Z,\N,1,assert
acme:data_store:store-01848~1eae80832084,data_store,acme,store-01848,store-01848.file_share,file_share,false,operational,in_use,2022-08-10T09:49:56Z,\N,2022-09-16T09:23:37Z,\N,1,assert
acme:data_store:store-01059~2347802d663e,data_store,acme,store-01059,store-01059.object_store,object_store,false,operational,in_use,2022-08-14T09:33:08Z,\N,2022-09-18T22:15:56Z,\N,1,assert
acme:data_store:store-01241~d5253cbbf624,data_store,acme,store-01241,store-01241.file_share,file_share,false,operational,in_use,2022-08-24T09:24:38Z,\N,2022-09-18T05:35:53Z,\N,1,assert
acme:data_store:store-01808~fb93c232318f,data_store,acme,store-01808,store-01808.object_store,object_store,false,operational,in_use,2022-08-30T08:02:02Z,\N,2022-09-20T07:54:47Z,\N,1,assert
acme:data_store:store-02498~eec1c4ba0f42,data_store,acme,store-02498,store-02498.file_share,file_share,false,operational,in_use,2022-09-03T05:47:19Z,\N,2022-09-22T02:16:19Z,\N,1,assert
acme:data_store:store-02554~f28a8880d001,data_store,acme,store-02554,store-02554.file_share,file_share,false,operational,in_use,2022-08-26T01:46:23Z,\N,2022-09-23T17:46:13Z,\N,1,assert
acme:data_store:store-00082~423149df2283,data_store,acme,store-00082,store-00082.file_share,file_share,false,operational,in_use,2022-09-14T07:07:35Z,\N,2022-09-24T11:47:07Z,\N,1,assert
acme:data_store:store-00466~8cf060a00a84,data_store,acme,store-00466,store-00466.object_store,object_store,false,operational,in_use,2022-09-17T16:01:24Z,\N,2022-09-27T19:56:23Z,\N,1,assert
acme:data_store:store-03237~ca323c46e33f,data_store,acme,store-03237,store-03237.file_share,file_share,true,operational,in_use,2022-09-08T12:09:48Z,\N,2022-09-27T05:40:08Z,\N,1,assert
acme:data_store:store-03320~5301cd8280a4,data_store,acme,store-03320,store-03320.warehouse,warehouse,false,operational,in_use,2022-08-21T20:13:41Z,\N,2022-09-27T04:38:05Z,\N,1,assert
acme:data_store:store-03471~72486ec6ab64,data_store,acme,store-03471,store-03471.warehouse,warehouse,false,operational,in_use,2022-08-22T05:04:28Z,\N,2022-09-28T08:09:38Z,\N,1,assert
acme:data_store:store-00307~51eacbdab38a,data_store,acme,store-00307,store-00307.file_share,file_share,false,operational,in_use,2022-09-27T18:02:41Z,\N,2022-09-29T18:38:52Z,\N,1,assert
acme:data_store:store-01002~d4c9a5723e79,data_store,acme,store-01002,store-01002.object_store,object_store,false,operational,in_use,2022-08-17T06:53:24Z,\N,2022-09-29T03:40:13Z,\N,1,assert
acme:data_store:store-00886~0111ac605c91,data_store,acme,store-00886,store-00886.object_store,object_store,true,operational,in_use,2022-08-24T21:30:04Z,\N,2022-09-30T15:11:38Z,\N,1,assert
acme:data_store:store-01170~1e29c486206b,data_store,acme,store-01170,store-01170.dbms,dbms,true,operational,in_use,2022-09-28T22:40:40Z,\N,2022-10-01T21:12:30Z,\N,1,assert
acme:data_store:store-03345~8cf72567c602,data_store,acme,store-03345,store-03345.warehouse,warehouse,false,operational,in_use,2022-09-13T09:44:12Z,\N,2022-10-01T15:07:40Z,\N,1,assert
acme:data_store:store-00325~6f0538e3811f,data_store,acme,store-00325,store-00325.dbms,dbms,false,operational,in_use,2022-09-10T05:53:28Z,\N,2022-10-02T08:42:38Z,\N,1,assert
acme:data_store:store-02196~6413af8ce836,data_store,acme,store-02196,store-02196.file_share,file_share,false,operational,in_use,2022-09-05T20:54:09Z,\N,2022-10-03T10:49:43Z,\N,1,assert
acme:data_store:store-02848~79a618ab7f20,data_store,acme,store-02848,store-02848.object_store,object_store,true,operational,in_use,2022-09-10T15:47:51Z,\N,2022-10-03T17:46:49Z,\N,1,assert
acme:data_store:store-01672~8c2135334dcc,data_store,acme,store-01672,store-01672.dbms,dbms,true,operational,in_use,2022-09-21T06:39:51Z,\N,2022-10-05T04:21:51Z,\N,1,assert
acme:data_store:store-02031~7347ed21a5a4,data_store,acme,store-02031,store-02031.warehouse,warehouse,true,operational,in_use,2022-09-12T14:15:09Z,\N,2022-10-05T09:25:59Z,\N,1,assert
acme:data_store:store-02795~cfd3a812fe22,data_store,acme,store-02795,store-02795.dbms,dbms,true,operational,in_use,2022-09-17T20:02:47Z,\N,2022-10-05T22:29:04Z,\N,1,assert
acme:data_store:store-03411~3d9bfbaef015,data_store,acme,store-03411,store-03411.file_share,file_share,false,operational,in_use,2022-09-03T20:48:33Z,\N,2022-10-05T20:37:15Z,\N,1,assert
acme:data_store:store-00446~57f810135fb1,data_store,acme,store-00446,store-00446.dbms,dbms,false,operational,in_use,2022-09-29T20:44:56Z,\N,2022-10-07T05:54:20Z,\N,1,assert
acme:data_store:store-03402~8d1db15d4443,data_store,acme,store-03402,store-03402.dbms,dbms,true,operational,in_use,2022-09-04T10:41:05Z,\N,2022-10-07T21:21:18Z,\N,1,assert
acme:data_store:store-01111~8f798503f776,data_store,acme,store-01111,store-01111.warehouse,warehouse,false,operational,in_use,2022-09-19T00:01:46Z,2023-08-26T17:21:01Z,2022-10-08T02:30:15Z,\N,1,assert
acme:data_store:store-00340~123d5c147fb9,data_store,acme,store-00340,store-00340.object_store,object_store,false,operational,in_use,2022-09-16T14:11:41Z,\N,2022-10-08T14:30:22Z,\N,1,assert
acme:data_store:store-03552~0f192f0cec56,data_store,acme,store-03552,store-03552.dbms,dbms,false,operational,in_use,2022-08-27T10:12:47Z,\N,2022-10-08T01:33:35Z,\N,1,assert
acme:data_store:store-00293~1d17aa3598a5,data_store,acme,store-00293,store-00293.file_share,file_share,false,operational,in_use,2022-09-14T01:05:54Z,\N,2022-10-09T11:03:04Z,\N,1,assert
acme:data_store:store-02143~11cf49054b26,data_store,acme,store-02143,store-02143.dbms,dbms,false,operational,in_use,2022-10-01T14:25:05Z,\N,2022-10-09T18:40:43Z,\N,1,assert
acme:data_store:store-03072~5fbcd84900f5,data_store,acme,store-03072,store-03072.warehouse,warehouse,true,operational,in_use,2022-09-14T08:57:48Z,2023-07-13T12:34:18Z,2022-10-10T18:18:13Z,\N,1,assert
acme:data_store:store-02045~b1ca864f3187,data_store,acme,store-02045,store-02045.warehouse,warehouse,false,operational,in_use,2022-09-25T00:17:57Z,\N,2022-10-10T19:20:11Z,\N,1,assert
acme:data_store:store-02216~778163ae22ad,data_store,acme,store-02216,store-02216.file_share,file_share,false,operational,in_use,2022-08-29T20:19:45Z,\N,2022-10-11T16:49:52Z,\N,1,assert
acme:data_store:store-02725~226a2bc2faa1,data_store,acme,store-02725,store-02725.queue,queue,false,operational,in_use,2022-10-09T07:05:37Z,\N,2022-10-12T01:25:12Z,\N,1,assert
acme:data_store:store-03421~6f96ce6e4b42,data_store,acme,store-03421,store-03421.warehouse,warehouse,false,operational,in_use,2022-10-11T21:26:22Z,\N,2022-10-13T20:06:34Z,\N,1,assert
acme:data_store:store-01327~138961c237d9,data_store,acme,store-01327,store-01327.dbms,dbms,false,operational,in_use,2022-09-27T15:11:18Z,\N,2022-10-14T10:39:50Z,\N,1,assert
acme:data_store:store-02331~7cac10fe3918,data_store,acme,store-02331,store-02331.warehouse,warehouse,false,operational,in_use,2022-09-30T07:46:19Z,\N,2022-10-14T03:00:20Z,\N,1,assert
acme:data_store:store-00733~086833dc3984,data_store,acme,store-00733,store-00733.warehouse,warehouse,true,operational,in_use,2022-09-08T21:32:26Z,2023-09-06T17:37:11Z,2022-10-15T03:07:17Z,\N,1,assert
acme:data_store:store-01194~88bd663a705f,data_store,acme,store-01194,store-01194.file_share,file_share,false,operational,in_use,2022-09-06T15:10:49Z,\N,2022-10-15T15:04:01Z,\N,1,assert
acme:data_store:store-02158~bd6f28bacf54,data_store,acme,store-02158,store-02158.file_share,file_share,false,operational,in_use,2022-10-04T21:24:24Z,\N,2022-10-15T13:00:32Z,\N,1,assert
acme:data_store:store-00519~4b0fb361e5d8,data_store,acme,store-00519,store-00519.warehouse,warehouse,false,operational,in_use,2022-09-03T16:23:26Z,\N,2022-10-16T10:24:40Z,\N,1,assert
acme:data_store:store-01058~7ae7181716aa,data_store,acme,store-01058,store-01058.queue,queue,false,operational,in_use,2022-10-15T22:34:13Z,\N,2022-10-16T16:24:52Z,\N,1,assert
acme:data_store:store-03569~38eb7065912b,data_store,acme,store-03569,store-03569.dbms,dbms,false,operational,in_use,2022-09-22T05:29:14Z,\N,2022-10-16T20:58:12Z,\N,1,assert
acme:data_store:store-00982~f65835417034,data_store,acme,store-00982,store-00982.file_share,file_share,false,operational,in_use,2022-10-16T09:30:24Z,\N,2022-10-17T08:25:38Z,\N,1,assert
acme:data_store:store-03113~fd5be1f360d4,data_store,acme,store-03113,store-03113.file_share,file_share,false,operational,in_use,2022-09-25T16:11:02Z,2023-09-03T16:28:18Z,2022-10-19T04:27:48Z,\N,1,assert
acme:data_store:store-03126~7fdba4f40fe6,data_store,acme,store-03126,store-03126.warehouse,warehouse,false,operational,in_use,2022-09-12T12:45:40Z,2023-09-03T19:48:31Z,2022-10-19T05:11:49Z,\N,1,assert
acme:data_store:store-00192~60a84036f00d,data_store,acme,store-00192,store-00192.dbms,dbms,false,operational,in_use,2022-09-12T18:20:55Z,2023-04-22T14:19:40Z,2022-10-19T14:08:44Z,\N,1,assert
acme:data_store:store-00245~5fd74c82edfa,data_store,acme,store-00245,store-00245.queue,queue,false,operational,in_use,2022-10-06T11:49:10Z,\N,2022-10-22T08:45:41Z,\N,1,assert
acme:data_store:store-02430~160c8f6d9cc1,data_store,acme,store-02430,store-02430.file_share,file_share,false,operational,in_use,2022-10-08T04:03:49Z,\N,2022-10-22T16:37:49Z,\N,1,assert
acme:data_store:store-03356~82f620c9b2f3,data_store,acme,store-03356,store-03356.object_store,object_store,false,operational,in_use,2022-10-09T13:23:41Z,\N,2022-10-22T02:33:12Z,\N,1,assert
acme:data_store:store-01223~f6fdf92d677a,data_store,acme,store-01223,store-01223.dbms,dbms,false,operational,in_use,2022-09-24T06:41:14Z,\N,2022-10-23T09:45:56Z,\N,1,assert
acme:data_store:store-03138~c64b1d3c07a5,data_store,acme,store-03138,store-03138.dbms,dbms,false,operational,in_use,2022-09-10T09:33:52Z,2023-09-13T21:36:59Z,2022-10-24T18:59:53Z,\N,1,assert
acme:data_store:store-01153~b9225db60f59,data_store,acme,store-01153,store-01153.dbms,dbms,false,operational,in_use,2022-09-12T05:46:39Z,\N,2022-10-24T21:57:53Z,\N,1,assert
acme:data_store:store-01354~eed16761a7da,data_store,acme,store-01354,store-01354.queue,queue,false,operational,in_use,2022-09-10T15:58:23Z,\N,2022-10-24T22:49:37Z,\N,1,assert
acme:data_store:store-00377~cf905a232f2f,data_store,acme,store-00377,store-00377.queue,queue,true,operational,in_use,2022-09-30T10:02:22Z,\N,2022-10-26T07:08:38Z,\N,1,assert
acme:data_store:store-02632~910207d3cbf4,data_store,acme,store-02632,store-02632.dbms,dbms,true,operational,in_use,2022-10-17T03:54:48Z,\N,2022-10-26T02:16:45Z,\N,1,assert
acme:data_store:store-03558~262076c527e6,data_store,acme,store-03558,store-03558.dbms,dbms,false,operational,in_use,2022-10-07T00:23:27Z,\N,2022-10-28T13:37:18Z,\N,1,assert
acme:data_store:store-02735~a0d08c3aba16,data_store,acme,store-02735,store-02735.object_store,object_store,false,operational,in_use,2022-10-07T23:48:31Z,\N,2022-10-29T23:43:37Z,\N,1,assert
acme:data_store:store-02069~9af6e876dded,data_store,acme,store-02069,store-02069.file_share,file_share,false,operational,in_use,2022-10-09T08:19:48Z,\N,2022-10-31T01:09:36Z,\N,1,assert
acme:data_store:store-00242~96eace8fad9d,data_store,acme,store-00242,store-00242.dbms,dbms,false,operational,in_use,2022-10-12T08:38:09Z,\N,2022-11-01T00:09:37Z,\N,1,assert
acme:data_store:store-02489~3e99e6c2eb9b,data_store,acme,store-02489,store-02489.warehouse,warehouse,false,operational,in_use,2022-10-02T23:55:19Z,\N,2022-11-01T09:47:16Z,\N,1,assert
acme:data_store:store-00720~50452beb8806,data_store,acme,store-00720,store-00720.warehouse,warehouse,true,operational,in_use,2022-10-24T02:37:51Z,\N,2022-11-02T11:24:17Z,\N,1,assert
acme:data_store:store-01736~01db013f756d,data_store,acme,store-01736,store-01736.dbms,dbms,false,operational,in_use,2022-09-21T21:19:44Z,\N,2022-11-02T04:14:30Z,\N,1,assert
acme:data_store:store-02512~55e73b868375,data_store,acme,store-02512,store-02512.dbms,dbms,false,operational,in_use,2022-10-01T03:27:10Z,\N,2022-11-04T22:30:47Z,\N,1,assert
acme:data_store:store-02887~8a0d9b323bed,data_store,acme,store-02887,store-02887.object_store,object_store,false,operational,in_use,2022-10-21T11:17:30Z,\N,2022-11-04T03:44:39Z,\N,1,assert
acme:data_store:store-03503~1d4316a952dd,data_store,acme,store-03503,store-03503.dbms,dbms,false,operational,in_use,2022-10-09T11:49:47Z,\N,2022-11-04T01:55:36Z,\N,1,assert
acme:data_store:store-00460~b5131c19a031,data_store,acme,store-00460,store-00460.dbms,dbms,true,operational,in_use,2022-09-26T08:52:25Z,\N,2022-11-06T05:22:00Z,\N,1,assert
acme:data_store:store-01464~fdf0beb0f698,data_store,acme,store-01464,store-01464.file_share,file_share,true,operational,in_use,2022-09-30T05:01:45Z,\N,2022-11-07T14:53:30Z,\N,1,assert
acme:data_store:store-02142~2d679129fc26,data_store,acme,store-02142,store-02142.dbms,dbms,false,operational,in_use,2022-10-13T13:40:27Z,\N,2022-11-08T17:51:22Z,\N,1,assert
acme:data_store:store-03514~d1461592aab3,data_store,acme,store-03514,store-03514.queue,queue,true,operational,in_use,2022-10-12T05:44:40Z,\N,2022-11-08T13:31:15Z,\N,1,assert
acme:data_store:store-00274~779f4975039e,data_store,acme,store-00274,store-00274.dbms,dbms,true,operational,in_use,2022-10-08T12:50:18Z,\N,2022-11-10T18:38:22Z,\N,1,assert
acme:data_store:store-02969~17c4aaa9bed1,data_store,acme,store-02969,store-02969.warehouse,warehouse,true,operational,in_use,2022-10-31T09:56:50Z,\N,2022-11-10T13:19:52Z,\N,1,assert
acme:data_store:store-00444~868a93d6f3fa,data_store,acme,store-00444,store-00444.dbms,dbms,true,operational,in_use,2022-10-11T01:43:13Z,\N,2022-11-11T11:08:04Z,\N,1,assert
acme:data_store:store-00837~39df14624b43,data_store,acme,store-00837,store-00837.warehouse,warehouse,false,operational,in_use,2022-10-06T03:41:35Z,\N,2022-11-11T04:02:39Z,\N,1,assert
acme:data_store:store-01657~7cbc89fc7e7f,data_store,acme,store-01657,store-01657.warehouse,warehouse,true,operational,in_use,2022-11-08T07:37:28Z,\N,2022-11-11T23:23:59Z,\N,1,assert
acme:data_store:store-01346~46833c1744b1,data_store,acme,store-01346,store-01346.file_share,file_share,false,operational,in_use,2022-10-28T21:41:38Z,\N,2022-11-12T23:13:44Z,\N,1,assert
acme:data_store:store-02386~28968ed45730,data_store,acme,store-02386,store-02386.dbms,dbms,true,operational,in_use,2022-11-08T11:00:39Z,\N,2022-11-12T14:16:18Z,\N,1,assert
acme:data_store:store-02569~e6b6194cddc8,data_store,acme,store-02569,store-02569.dbms,dbms,false,operational,in_use,2022-10-08T21:11:28Z,\N,2022-11-12T23:12:59Z,\N,1,assert
acme:data_store:store-02320~2a2a7ed5dc26,data_store,acme,store-02320,store-02320.warehouse,warehouse,false,operational,in_use,2022-10-10T20:52:26Z,\N,2022-11-13T01:45:41Z,\N,1,assert
acme:data_store:store-00762~cf71afd7c7f2,data_store,acme,store-00762,store-00762.object_store,object_store,false,operational,in_use,2022-10-27T06:30:56Z,\N,2022-11-14T07:09:53Z,\N,1,assert
acme:data_store:store-01231~2c3cad22900f,data_store,acme,store-01231,store-01231.object_store,object_store,false,operational,in_use,2022-10-23T16:22:25Z,\N,2022-11-14T11:12:33Z,\N,1,assert
acme:data_store:store-02154~b1e13d310cad,data_store,acme,store-02154,store-02154.dbms,dbms,false,operational,in_use,2022-11-02T12:09:43Z,\N,2022-11-14T22:12:02Z,\N,1,assert
acme:data_store:store-02974~015e63bdfb1e,data_store,acme,store-02974,store-02974.dbms,dbms,false,operational,in_use,2022-10-27T05:37:14Z,\N,2022-11-14T05:48:01Z,\N,1,assert
acme:data_store:store-01023~c554e7a3f00d,data_store,acme,store-01023,store-01023.object_store,object_store,false,operational,in_use,2022-10-04T22:05:07Z,\N,2022-11-15T20:26:40Z,\N,1,assert
acme:data_store:store-00050~5048ce7cff7d,data_store,acme,store-00050,store-00050.object_store,object_store,false,operational,in_use,2022-11-14T23:14:47Z,\N,2022-11-18T11:40:07Z,\N,1,assert
acme:data_store:store-00682~db438633fb40,data_store,acme,store-00682,store-00682.file_share,file_share,false,operational,in_use,2022-10-17T20:05:23Z,\N,2022-11-18T15:29:48Z,\N,1,assert
acme:data_store:store-00876~d611a35f16b2,data_store,acme,store-00876,store-00876.warehouse,warehouse,false,operational,in_use,2022-11-05T09:33:32Z,\N,2022-11-18T10:34:37Z,\N,1,assert
acme:data_store:store-02637~a82a43c12656,data_store,acme,store-02637,store-02637.object_store,object_store,true,operational,in_use,2022-11-17T05:37:00Z,\N,2022-11-19T07:13:53Z,2023-04-08T01:16:42Z,1,assert
acme:data_store:store-02665~fdf3ac5f914a,data_store,acme,store-02665,store-02665.file_share,file_share,false,operational,in_use,2022-10-30T14:40:26Z,\N,2022-11-19T15:10:01Z,\N,1,assert
acme:data_store:store-00168~6f37fb4bf556,data_store,acme,store-00168,store-00168.dbms,dbms,true,operational,in_use,2022-10-26T12:54:41Z,\N,2022-11-20T23:43:39Z,\N,1,assert
acme:data_store:store-00420~ec56191f5bdd,data_store,acme,store-00420,store-00420.object_store,object_store,false,operational,in_use,2022-10-12T16:10:04Z,\N,2022-11-20T03:10:26Z,\N,1,assert
acme:data_store:store-03328~3fd32c262874,data_store,acme,store-03328,store-03328.file_share,file_share,false,operational,in_use,2022-10-31T10:32:16Z,\N,2022-11-20T04:30:40Z,\N,1,assert
acme:data_store:store-02389~01b5d475e92c,data_store,acme,store-02389,store-02389.file_share,file_share,false,operational,in_use,2022-10-25T08:28:16Z,\N,2022-11-21T04:46:22Z,\N,1,assert
acme:data_store:store-01831~166433d731ff,data_store,acme,store-01831,store-01831.dbms,dbms,true,operational,in_use,2022-11-08T12:47:11Z,\N,2022-11-22T19:31:18Z,\N,1,assert
acme:data_store:store-00223~53045a77e10e,data_store,acme,store-00223,store-00223.file_share,file_share,false,operational,in_use,2022-10-17T00:52:31Z,\N,2022-11-23T14:29:06Z,\N,1,assert
acme:data_store:store-02785~4fea9d8f9298,data_store,acme,store-02785,store-02785.warehouse,warehouse,false,operational,in_use,2022-10-26T16:08:42Z,\N,2022-11-23T09:42:46Z,\N,1,assert
acme:data_store:store-03220~5ed4b775b2c6,data_store,acme,store-03220,store-03220.object_store,object_store,false,operational,in_use,2022-10-17T00:42:37Z,\N,2022-11-23T18:55:02Z,\N,1,assert
acme:data_store:store-00159~ddef40872bd2,data_store,acme,store-00159,store-00159.file_share,file_share,false,operational,in_use,2022-11-05T12:30:51Z,\N,2022-11-24T14:39:44Z,\N,1,assert
acme:data_store:store-00344~121ef6a2b58a,data_store,acme,store-00344,store-00344.warehouse,warehouse,false,operational,in_use,2022-10-23T17:00:13Z,\N,2022-11-25T04:48:42Z,\N,1,assert
acme:data_store:store-02849~5505c3097cc7,data_store,acme,store-02849,store-02849.queue,queue,false,operational,in_use,2022-10-21T19:55:53Z,\N,2022-11-25T04:22:06Z,\N,1,assert
acme:data_store:store-03274~a9913168e87e,data_store,acme,store-03274,store-03274.dbms,dbms,false,operational,in_use,2022-11-06T03:35:13Z,\N,2022-11-25T21:33:01Z,\N,1,assert
acme:data_store:store-03543~3a2cf4369392,data_store,acme,store-03543,store-03543.dbms,dbms,false,operational,in_use,2022-11-06T21:49:42Z,\N,2022-11-25T07:18:24Z,\N,1,assert
acme:data_store:store-01258~a3d60f44e7db,data_store,acme,store-01258,store-01258.file_share,file_share,false,operational,in_use,2022-11-05T23:17:38Z,\N,2022-11-26T13:47:56Z,\N,1,assert
acme:data_store:store-00076~e9eecd8cedfa,data_store,acme,store-00076,store-00076.warehouse,warehouse,true,operational,in_use,2022-11-18T09:04:29Z,\N,2022-11-27T17:23:44Z,\N,1,assert
acme:data_store:store-00653~1ca70b8a4aa2,data_store,acme,store-00653,store-00653.file_share,file_share,true,operational,in_use,2022-11-25T18:24:55Z,\N,2022-11-27T17:30:21Z,\N,1,assert
acme:data_store:store-01008~15153fe348d0,data_store,acme,store-01008,store-01008.dbms,dbms,true,operational,in_use,2022-10-19T07:11:09Z,\N,2022-11-27T14:15:06Z,\N,1,assert
acme:data_store:store-03361~f8b61c680519,data_store,acme,store-03361,store-03361.object_store,object_store,false,operational,in_use,2022-10-27T06:06:13Z,\N,2022-11-27T16:36:08Z,\N,1,assert
acme:data_store:store-01981~496f2c3d64ac,data_store,acme,store-01981,store-01981.file_share,file_share,false,operational,in_use,2022-10-26T23:33:03Z,\N,2022-11-28T02:16:48Z,\N,1,assert
acme:data_store:store-00905~f53a0c348bd6,data_store,acme,store-00905,store-00905.queue,queue,false,operational,in_use,2022-11-19T20:30:01Z,\N,2022-11-29T02:54:49Z,\N,1,assert
acme:data_store:store-00550~c070cf297c8e,data_store,acme,store-00550,store-00550.dbms,dbms,true,operational,in_use,2022-11-15T08:28:27Z,\N,2022-11-30T13:03:24Z,\N,1,assert
acme:data_store:store-01455~dc76d9f372ab,data_store,acme,store-01455,store-01455.dbms,dbms,false,operational,in_use,2022-11-25T11:02:13Z,\N,2022-11-30T11:18:19Z,\N,1,assert
acme:data_store:store-00514~591b0d785de8,data_store,acme,store-00514,store-00514.dbms,dbms,false,operational,in_use,2022-11-06T20:52:08Z,\N,2022-12-01T08:51:00Z,\N,1,assert
acme:data_store:store-02843~cf38057909b0,data_store,acme,store-02843,store-02843.warehouse,warehouse,false,operational,in_use,2022-11-11T11:19:58Z,\N,2022-12-03T14:11:33Z,2025-07-01T13:13:51Z,1,assert
acme:data_store:store-01573~64d0a14064b3,data_store,acme,store-01573,store-01573.dbms,dbms,false,operational,in_use,2022-10-31T20:52:37Z,\N,2022-12-04T02:08:04Z,\N,1,assert
acme:data_store:store-03323~2c12043fc4b9,data_store,acme,store-03323,store-03323.queue,queue,false,operational,in_use,2022-11-08T22:18:12Z,\N,2022-12-05T15:45:24Z,\N,1,assert
acme:data_store:store-01108~213eaaea66a9,data_store,acme,store-01108,store-01108.dbms,dbms,true,operational,in_use,2022-11-26T01:17:50Z,2023-10-30T12:43:02Z,2022-12-06T05:05:54Z,\N,1,assert
acme:data_store:store-02000~d5cbc4af4ba1,data_store,acme,store-02000,store-02000.queue,queue,true,operational,in_use,2022-11-21T16:01:44Z,\N,2022-12-07T17:18:29Z,\N,1,assert
acme:data_store:store-00157~5829d49aaf28,data_store,acme,store-00157,store-00157.queue,queue,false,operational,in_use,2022-11-25T04:30:19Z,\N,2022-12-09T22:21:08Z,\N,1,assert
acme:data_store:store-00055~a2fd53abeb44,data_store,acme,store-00055,store-00055.file_share,file_share,true,operational,in_use,2022-11-11T11:48:07Z,\N,2022-12-10T18:31:07Z,\N,1,assert
acme:data_store:store-00999~053a789897e0,data_store,acme,store-00999,store-00999.file_share,file_share,false,operational,in_use,2022-12-03T08:51:07Z,\N,2022-12-10T03:53:07Z,\N,1,assert
acme:data_store:store-02353~7b121dff3141,data_store,acme,store-02353,store-02353.file_share,file_share,false,operational,in_use,2022-12-01T02:05:06Z,\N,2022-12-10T20:02:27Z,\N,1,assert
acme:data_store:store-02741~0a34c0e59d38,data_store,acme,store-02741,store-02741.warehouse,warehouse,false,operational,in_use,2022-11-21T15:44:54Z,\N,2022-12-10T22:30:41Z,\N,1,assert
acme:data_store:store-00651~1dd7e3ee9337,data_store,acme,store-00651,store-00651.queue,queue,false,operational,in_use,2022-11-17T15:22:11Z,\N,2022-12-11T17:57:58Z,\N,1,assert
acme:data_store:store-01552~56825e116240,data_store,acme,store-01552,store-01552.warehouse,warehouse,true,operational,in_use,2022-12-08T15:23:14Z,\N,2022-12-12T08:05:46Z,\N,1,assert
acme:data_store:store-02250~5ff5f14073ab,data_store,acme,store-02250,store-02250.queue,queue,true,operational,in_use,2022-10-29T18:17:12Z,\N,2022-12-12T11:36:51Z,\N,1,assert
acme:data_store:store-02259~da414eba6ae4,data_store,acme,store-02259,store-02259.file_share,file_share,false,operational,in_use,2022-12-06T06:44:58Z,\N,2022-12-12T19:55:47Z,\N,1,assert
acme:data_store:store-02678~ed434246b69d,data_store,acme,store-02678,store-02678.warehouse,warehouse,true,operational,in_use,2022-11-06T12:01:53Z,\N,2022-12-12T06:59:53Z,\N,1,assert
acme:data_store:store-00034~a13ca0592528,data_store,acme,store-00034,store-00034.dbms,dbms,false,operational,in_use,2022-11-08T18:25:45Z,\N,2022-12-14T20:33:52Z,\N,1,assert
acme:data_store:store-00123~e276b5417146,data_store,acme,store-00123,store-00123.dbms,dbms,false,operational,in_use,2022-11-22T12:09:41Z,\N,2022-12-14T03:39:59Z,\N,1,assert
acme:data_store:store-02221~e55deaf3d69c,data_store,acme,store-02221,store-02221.warehouse,warehouse,false,operational,in_use,2022-12-14T21:16:25Z,2023-08-22T04:06:03Z,2022-12-16T15:55:54Z,\N,1,assert
acme:data_store:store-00202~0b9979fcb571,data_store,acme,store-00202,store-00202.object_store,object_store,false,operational,in_use,2022-12-05T20:26:30Z,\N,2022-12-17T00:34:23Z,\N,1,assert
acme:data_store:store-01387~e1629ef952c5,data_store,acme,store-01387,store-01387.dbms,dbms,false,operational,in_use,2022-11-30T09:33:42Z,\N,2022-12-18T08:00:20Z,\N,1,assert
acme:data_store:store-02464~9d620f56e91f,data_store,acme,store-02464,store-02464.object_store,object_store,false,operational,in_use,2022-11-22T01:43:55Z,\N,2022-12-18T16:11:28Z,\N,1,assert
acme:data_store:store-02587~9b9b8ba5ba59,data_store,acme,store-02587,store-02587.dbms,dbms,true,operational,in_use,2022-11-19T14:48:30Z,\N,2022-12-18T21:00:24Z,\N,1,assert
acme:data_store:store-01413~bd1042a63bd8,data_store,acme,store-01413,store-01413.warehouse,warehouse,false,operational,in_use,2022-11-22T00:22:00Z,\N,2022-12-19T20:21:18Z,\N,1,assert
acme:data_store:store-00616~c75aa6db6c78,data_store,acme,store-00616,store-00616.queue,queue,false,operational,in_use,2022-12-07T11:57:57Z,\N,2022-12-21T20:00:49Z,\N,1,assert
acme:data_store:store-01240~65d02f80519a,data_store,acme,store-01240,store-01240.dbms,dbms,true,operational,in_use,2022-12-14T05:09:08Z,\N,2022-12-21T19:45:36Z,\N,1,assert
acme:data_store:store-00235~2929398bd570,data_store,acme,store-00235,store-00235.warehouse,warehouse,false,operational,in_use,2022-11-28T19:12:59Z,\N,2022-12-22T04:02:03Z,\N,1,assert
acme:data_store:store-01293~ea4d0681f419,data_store,acme,store-01293,store-01293.file_share,file_share,false,operational,in_use,2022-12-22T05:26:36Z,2023-04-24T16:39:52Z,2022-12-22T05:26:36Z,\N,1,assert
acme:data_store:store-03513~696a7aeb5877,data_store,acme,store-03513,store-03513.warehouse,warehouse,false,operational,in_use,2022-11-29T05:22:09Z,\N,2022-12-22T06:30:09Z,\N,1,assert
acme:data_store:store-02119~2cdbd47a5ff8,data_store,acme,store-02119,store-02119.dbms,dbms,true,operational,in_use,2022-12-17T04:02:54Z,2023-05-15T01:48:14Z,2022-12-23T14:43:14Z,\N,1,assert
acme:data_store:store-01097~85f3e45a69c2,data_store,acme,store-01097,store-01097.warehouse,warehouse,false,operational,in_use,2022-12-17T16:05:02Z,\N,2022-12-24T08:16:31Z,\N,1,assert
acme:data_store:store-03162~63a602b1a835,data_store,acme,store-03162,store-03162.queue,queue,false,operational,in_use,2022-11-21T19:34:27Z,\N,2022-12-24T05:42:45Z,\N,1,assert
acme:data_store:store-01288~3142aaa8ce1d,data_store,acme,store-01288,store-01288.file_share,file_share,true,operational,in_use,2022-12-13T19:16:14Z,\N,2022-12-25T08:41:34Z,\N,1,assert
acme:data_store:store-00213~da7e30beedf8,data_store,acme,store-00213,store-00213.warehouse,warehouse,true,operational,in_use,2022-11-18T07:04:20Z,\N,2022-12-26T19:46:27Z,\N,1,assert
acme:data_store:store-00906~a7da8bf82039,data_store,acme,store-00906,store-00906.warehouse,warehouse,false,operational,in_use,2022-11-22T16:05:03Z,\N,2022-12-27T10:04:36Z,\N,1,assert
acme:data_store:store-02519~99149d17f447,data_store,acme,store-02519,store-02519.object_store,object_store,true,operational,in_use,2022-12-17T22:17:43Z,\N,2022-12-27T19:42:34Z,\N,1,assert
acme:data_store:store-02748~2a47b60725d1,data_store,acme,store-02748,store-02748.warehouse,warehouse,false,operational,in_use,2022-12-19T04:00:25Z,\N,2022-12-27T21:33:00Z,\N,1,assert
acme:data_store:store-03434~611cbbf6f2b0,data_store,acme,store-03434,store-03434.dbms,dbms,false,operational,in_use,2022-12-18T21:46:09Z,\N,2022-12-27T08:14:27Z,\N,1,assert
acme:data_store:store-00330~975c3af00d3d,data_store,acme,store-00330,store-00330.dbms,dbms,false,operational,in_use,2022-11-28T21:29:28Z,\N,2022-12-28T13:50:02Z,\N,1,assert
acme:data_store:store-01544~4ea5c6f9cd86,data_store,acme,store-01544,store-01544.dbms,dbms,true,operational,in_use,2022-12-02T05:44:25Z,\N,2022-12-28T01:55:06Z,\N,1,assert
acme:data_store:store-01406~353dee04f3ec,data_store,acme,store-01406,store-01406.queue,queue,false,operational,in_use,2022-11-28T01:10:21Z,\N,2022-12-29T22:23:59Z,\N,1,assert
acme:data_store:store-01975~b478693ca871,data_store,acme,store-01975,store-01975.file_share,file_share,false,operational,in_use,2022-11-20T07:15:03Z,\N,2022-12-30T18:13:19Z,\N,1,assert
acme:data_store:store-00599~5be60ad4f934,data_store,acme,store-00599,store-00599.dbms,dbms,false,operational,in_use,2022-12-19T12:50:19Z,\N,2022-12-31T09:57:39Z,\N,1,assert
acme:data_store:store-00774~852bb8ee9115,data_store,acme,store-00774,store-00774.dbms,dbms,true,operational,in_use,2022-11-28T16:01:39Z,\N,2022-12-31T05:48:39Z,\N,1,assert
acme:data_store:store-01641~46fe00a7d381,data_store,acme,store-01641,store-01641.warehouse,warehouse,false,operational,in_use,2022-11-17T20:35:29Z,\N,2022-12-31T04:33:05Z,\N,1,assert
acme:data_store:store-02178~dda4b870af52,data_store,acme,store-02178,store-02178.dbms,dbms,false,operational,in_use,2022-12-29T08:16:49Z,\N,2022-12-31T22:45:33Z,\N,1,assert
acme:data_store:store-02380~428da17c91c1,data_store,acme,store-02380,store-02380.warehouse,warehouse,true,operational,in_use,2022-11-29T00:23:14Z,\N,2022-12-31T17:01:08Z,\N,1,assert
acme:data_store:store-03510~4647f2e7ae1e,data_store,acme,store-03510,store-03510.warehouse,warehouse,false,operational,in_use,2022-11-29T03:51:00Z,\N,2022-12-31T16:45:07Z,\N,1,assert
acme:data_store:store-00505~8bb2363b1784,data_store,acme,store-00505,store-00505.object_store,object_store,false,operational,in_use,2022-11-24T07:07:24Z,\N,2023-01-01T02:28:25Z,\N,1,assert
acme:data_store:store-02839~ece156e91f6d,data_store,acme,store-02839,store-02839.dbms,dbms,false,operational,in_use,2022-12-10T18:02:07Z,\N,2023-01-01T16:49:47Z,\N,1,assert
acme:data_store:store-02387~a637677c7576,data_store,acme,store-02387,store-02387.dbms,dbms,false,operational,in_use,2022-11-26T02:22:55Z,\N,2023-01-02T03:24:40Z,\N,1,assert
acme:data_store:store-03449~4034feb70f59,data_store,acme,store-03449,store-03449.dbms,dbms,false,operational,in_use,2022-12-23T02:40:11Z,\N,2023-01-04T08:41:04Z,\N,1,assert
acme:data_store:store-01640~29551cae16d9,data_store,acme,store-01640,store-01640.file_share,file_share,true,operational,in_use,2022-12-13T04:59:37Z,\N,2023-01-05T03:39:24Z,\N,1,assert
acme:data_store:store-02329~8d2c2b716b27,data_store,acme,store-02329,store-02329.file_share,file_share,false,operational,in_use,2022-12-14T09:34:12Z,\N,2023-01-05T11:58:32Z,\N,1,assert
acme:data_store:store-00027~0c9d272f0960,data_store,acme,store-00027,store-00027.dbms,dbms,false,operational,in_use,2022-12-10T11:08:27Z,\N,2023-01-07T02:07:30Z,\N,1,assert
acme:data_store:store-01272~e0a67654a63b,data_store,acme,store-01272,store-01272.object_store,object_store,false,operational,in_use,2022-12-16T13:28:35Z,\N,2023-01-07T05:52:29Z,\N,1,assert
acme:data_store:store-03588~e4861ff8d365,data_store,acme,store-03588,store-03588.file_share,file_share,false,operational,in_use,2022-12-27T14:13:23Z,\N,2023-01-07T08:24:02Z,\N,1,assert
acme:data_store:store-00328~f108211754d0,data_store,acme,store-00328,store-00328.warehouse,warehouse,false,operational,in_use,2022-12-11T14:31:36Z,\N,2023-01-08T20:04:28Z,\N,1,assert
acme:data_store:store-00359~768e0d47f258,data_store,acme,store-00359,store-00359.warehouse,warehouse,false,operational,in_use,2023-01-03T14:40:51Z,\N,2023-01-08T14:17:49Z,\N,1,assert
acme:data_store:store-02442~eff4959e7319,data_store,acme,store-02442,store-02442.object_store,object_store,false,operational,in_use,2022-12-24T10:31:05Z,\N,2023-01-08T09:04:38Z,\N,1,assert
acme:data_store:store-02656~5a734f69dd9e,data_store,acme,store-02656,store-02656.dbms,dbms,false,operational,in_use,2022-12-04T22:06:40Z,\N,2023-01-10T22:44:25Z,\N,1,assert
acme:data_store:store-02874~358e73b665b1,data_store,acme,store-02874,store-02874.object_store,object_store,false,operational,in_use,2023-01-02T01:44:17Z,\N,2023-01-11T21:05:59Z,\N,1,assert
acme:data_store:store-01739~a720fdb96358,data_store,acme,store-01739,store-01739.queue,queue,true,operational,in_use,2022-12-13T21:04:07Z,\N,2023-01-12T11:19:29Z,\N,1,assert
acme:data_store:store-01921~8b583ddaf183,data_store,acme,store-01921,store-01921.object_store,object_store,false,operational,in_use,2022-12-26T06:21:03Z,\N,2023-01-12T21:06:55Z,\N,1,assert
acme:data_store:store-00862~671c30bc123f,data_store,acme,store-00862,store-00862.warehouse,warehouse,true,operational,in_use,2023-01-02T11:23:45Z,2023-04-04T03:04:09Z,2023-01-13T05:53:59Z,\N,1,assert
acme:data_store:store-00630~19994f48513f,data_store,acme,store-00630,store-00630.warehouse,warehouse,false,operational,in_use,2022-12-04T20:02:23Z,\N,2023-01-13T22:35:16Z,\N,1,assert
acme:data_store:store-01149~4f468cd46df7,data_store,acme,store-01149,store-01149.dbms,dbms,false,operational,in_use,2022-12-24T14:28:21Z,\N,2023-01-13T18:31:33Z,\N,1,assert
acme:data_store:store-02258~698821ef9a39,data_store,acme,store-02258,store-02258.warehouse,warehouse,false,operational,in_use,2022-12-11T11:24:34Z,\N,2023-01-13T00:30:24Z,\N,1,assert
acme:data_store:store-00423~5b773bc140d1,data_store,acme,store-00423,store-00423.object_store,object_store,true,operational,in_use,2022-12-26T09:03:14Z,\N,2023-01-14T10:54:39Z,\N,1,assert
acme:data_store:store-02007~039399f002dc,data_store,acme,store-02007,store-02007.object_store,object_store,false,operational,in_use,2023-01-14T07:44:01Z,\N,2023-01-14T07:44:01Z,\N,1,assert
acme:data_store:store-03568~ae5258244e4c,data_store,acme,store-03568,store-03568.object_store,object_store,true,operational,in_use,2022-12-15T02:32:28Z,\N,2023-01-14T15:31:22Z,\N,1,assert
acme:data_store:store-02500~1ffc3f9def99,data_store,acme,store-02500,store-02500.dbms,dbms,false,operational,in_use,2022-12-19T03:56:05Z,2023-04-28T13:03:45Z,2023-01-14T17:27:17Z,\N,1,assert
acme:data_store:store-00580~3a04e0023c65,data_store,acme,store-00580,store-00580.dbms,dbms,false,operational,in_use,2023-01-11T16:11:47Z,\N,2023-01-15T19:56:13Z,\N,1,assert
acme:data_store:store-00656~de17ebb20718,data_store,acme,store-00656,store-00656.file_share,file_share,false,operational,in_use,2023-01-10T18:49:34Z,\N,2023-01-15T00:06:03Z,\N,1,assert
acme:data_store:store-02896~bad348dec3cd,data_store,acme,store-02896,store-02896.dbms,dbms,false,operational,in_use,2023-01-08T22:52:01Z,\N,2023-01-15T06:02:57Z,\N,1,assert
acme:data_store:store-02984~bb817ffbb895,data_store,acme,store-02984,store-02984.warehouse,warehouse,true,operational,in_use,2023-01-03T08:06:44Z,\N,2023-01-15T08:39:17Z,\N,1,assert
acme:data_store:store-00506~f7f1438105e9,data_store,acme,store-00506,store-00506.queue,queue,false,operational,in_use,2022-12-25T09:17:43Z,\N,2023-01-16T02:34:45Z,\N,1,assert
acme:data_store:store-01698~78ae24ac5950,data_store,acme,store-01698,store-01698.warehouse,warehouse,false,operational,in_use,2023-01-15T15:43:18Z,\N,2023-01-16T10:16:19Z,\N,1,assert
acme:data_store:store-00312~39de6b4c7d54,data_store,acme,store-00312,store-00312.object_store,object_store,false,operational,in_use,2022-12-25T13:31:10Z,\N,2023-01-19T22:42:40Z,\N,1,assert
acme:data_store:store-01080~7c23b4b9425a,data_store,acme,store-01080,store-01080.object_store,object_store,false,operational,in_use,2022-12-10T23:34:47Z,\N,2023-01-20T16:02:14Z,\N,1,assert
acme:data_store:store-02641~5c2d499c7d7d,data_store,acme,store-02641,store-02641.object_store,object_store,false,operational,in_use,2022-12-20T13:24:50Z,\N,2023-01-20T21:47:54Z,\N,1,assert
acme:data_store:store-02664~ef0ec7dab29c,data_store,acme,store-02664,store-02664.warehouse,warehouse,false,operational,in_use,2023-01-02T12:33:39Z,\N,2023-01-21T20:32:04Z,\N,1,assert
acme:data_store:store-03234~f46acb4009e9,data_store,acme,store-03234,store-03234.file_share,file_share,false,operational,in_use,2023-01-18T20:19:14Z,2023-03-23T13:28:42Z,2023-01-22T03:15:15Z,\N,1,assert
acme:data_store:store-02624~bc0d64938945,data_store,acme,store-02624,store-02624.dbms,dbms,false,operational,in_use,2023-01-09T14:23:42Z,\N,2023-01-22T18:43:46Z,\N,1,assert
acme:data_store:store-02770~a9484e071678,data_store,acme,store-02770,store-02770.dbms,dbms,false,operational,in_use,2023-01-15T00:10:08Z,\N,2023-01-24T07:41:31Z,\N,1,assert
acme:data_store:store-00543~f9b8a1c0fd25,data_store,acme,store-00543,store-00543.file_share,file_share,true,operational,in_use,2022-12-15T06:03:27Z,\N,2023-01-25T14:07:55Z,\N,1,assert
acme:data_store:store-02440~1165daa2101a,data_store,acme,store-02440,store-02440.file_share,file_share,false,operational,in_use,2023-01-15T05:47:22Z,\N,2023-01-26T03:04:55Z,\N,1,assert
acme:data_store:store-03354~e0a109cf8f88,data_store,acme,store-03354,store-03354.object_store,object_store,false,operational,in_use,2023-01-03T23:15:34Z,\N,2023-01-26T13:30:52Z,\N,1,assert
acme:data_store:store-01422~bde66d161cfa,data_store,acme,store-01422,store-01422.warehouse,warehouse,true,operational,in_use,2022-12-27T04:14:22Z,\N,2023-01-27T20:43:44Z,\N,1,assert
acme:data_store:store-01737~686e8bef36d8,data_store,acme,store-01737,store-01737.queue,queue,true,operational,in_use,2022-12-24T03:38:06Z,\N,2023-01-27T09:04:22Z,\N,1,assert
acme:data_store:store-01429~22ecfc5724f4,data_store,acme,store-01429,store-01429.warehouse,warehouse,false,operational,in_use,2022-12-30T11:19:12Z,\N,2023-01-28T14:05:54Z,\N,1,assert
acme:data_store:store-02220~6c69cd43b500,data_store,acme,store-02220,store-02220.warehouse,warehouse,false,operational,in_use,2022-12-29T02:46:50Z,\N,2023-01-29T06:58:11Z,\N,1,assert
acme:data_store:store-02276~82fc0894963c,data_store,acme,store-02276,store-02276.dbms,dbms,false,operational,in_use,2023-01-04T06:06:39Z,\N,2023-01-31T13:27:56Z,\N,1,assert
acme:data_store:store-00617~5b76daff3a13,data_store,acme,store-00617,store-00617.dbms,dbms,false,operational,in_use,2022-12-31T01:22:33Z,\N,2023-02-01T11:02:44Z,\N,1,assert
acme:data_store:store-01450~35c72891b10d,data_store,acme,store-01450,store-01450.object_store,object_store,true,operational,in_use,2022-12-30T13:20:42Z,\N,2023-02-01T08:22:26Z,\N,1,assert
acme:data_store:store-01956~2498f60200e9,data_store,acme,store-01956,store-01956.file_share,file_share,false,operational,in_maintenance,2021-11-13T13:10:02Z,\N,2023-02-04T23:39:25Z,\N,2,assert
acme:data_store:store-00180~457542638147,data_store,acme,store-00180,store-00180.object_store,object_store,false,operational,in_use,2023-01-25T18:43:04Z,\N,2023-02-05T10:54:26Z,\N,1,assert
acme:data_store:store-00838~8e3fb9e947c9,data_store,acme,store-00838,store-00838.queue,queue,false,operational,in_use,2023-01-21T02:16:36Z,\N,2023-02-05T23:21:13Z,\N,1,assert
acme:data_store:store-02648~bef99d9f9c9c,data_store,acme,store-02648,store-02648.dbms,dbms,false,operational,in_use,2023-01-12T15:32:12Z,2023-10-17T08:31:11Z,2023-02-08T02:15:18Z,\N,1,assert
acme:data_store:store-01146~5d09fe965f53,data_store,acme,store-01146,store-01146.warehouse,warehouse,false,operational,in_use,2023-01-02T13:19:30Z,\N,2023-02-08T16:20:48Z,\N,1,assert
acme:data_store:store-03168~e0b381a8a9d9,data_store,acme,store-03168,store-03168.dbms,dbms,false,operational,in_use,2022-12-28T17:56:42Z,\N,2023-02-10T23:49:08Z,\N,1,assert
acme:data_store:store-00526~07aafae4faf5,data_store,acme,store-00526,store-00526.dbms,dbms,false,operational,in_use,2023-01-01T19:11:42Z,\N,2023-02-12T18:20:38Z,\N,1,assert
acme:data_store:store-02267~1639d9d94511,data_store,acme,store-02267,store-02267.dbms,dbms,true,operational,in_use,2023-02-03T06:40:56Z,\N,2023-02-12T13:51:06Z,\N,1,assert
acme:data_store:store-01568~ff5b0275d1e8,data_store,acme,store-01568,store-01568.object_store,object_store,true,operational,in_use,2023-02-05T15:32:56Z,\N,2023-02-16T12:36:49Z,\N,1,assert
acme:data_store:store-00864~34b4dc8e4958,data_store,acme,store-00864,store-00864.warehouse,warehouse,false,operational,in_use,2023-01-11T05:05:18Z,\N,2023-02-17T18:57:43Z,\N,1,assert
acme:data_store:store-01820~bafbeb5c2af1,data_store,acme,store-01820,store-01820.warehouse,warehouse,false,operational,in_use,2023-02-07T22:18:50Z,\N,2023-02-17T13:54:45Z,\N,1,assert
acme:data_store:store-01362~9fdecc626a74,data_store,acme,store-01362,store-01362.queue,queue,true,operational,in_use,2023-01-13T11:54:23Z,\N,2023-02-18T23:26:18Z,\N,1,assert
acme:data_store:store-01156~f6b9b599c981,data_store,acme,store-01156,store-01156.file_share,file_share,true,operational,in_use,2023-02-07T14:44:42Z,\N,2023-02-20T07:49:09Z,\N,1,assert
acme:data_store:store-02878~5d34b451c2f0,data_store,acme,store-02878,store-02878.dbms,dbms,false,operational,in_use,2023-01-16T22:00:00Z,\N,2023-02-20T16:43:13Z,\N,1,assert
acme:data_store:store-01951~d29a9ad284ee,data_store,acme,store-01951,store-01951.dbms,dbms,false,operational,in_use,2023-01-08T12:33:36Z,\N,2023-02-21T22:33:56Z,\N,1,assert
acme:data_store:store-00853~50d46907b799,data_store,acme,store-00853,store-00853.dbms,dbms,true,operational,in_use,2023-01-22T16:09:25Z,2023-04-15T10:37:24Z,2023-02-22T20:43:53Z,\N,1,assert
acme:data_store:store-00960~4824a07d6bf5,data_store,acme,store-00960,store-00960.dbms,dbms,false,operational,in_use,2023-02-20T16:42:07Z,\N,2023-02-22T22:57:48Z,\N,1,assert
acme:data_store:store-01892~89066d6c66a8,data_store,acme,store-01892,store-01892.file_share,file_share,false,operational,in_use,2023-01-19T22:23:17Z,\N,2023-02-23T10:03:42Z,\N,1,assert
acme:data_store:store-02049~cfeb9484f43c,data_store,acme,store-02049,store-02049.file_share,file_share,true,operational,in_use,2023-02-03T08:18:50Z,\N,2023-02-23T12:01:05Z,\N,1,assert
acme:data_store:store-02571~b4c68c4e1d17,data_store,acme,store-02571,store-02571.file_share,file_share,false,operational,in_use,2023-01-16T15:38:45Z,\N,2023-02-23T22:30:35Z,\N,1,assert
acme:data_store:store-00536~1865832517ee,data_store,acme,store-00536,store-00536.warehouse,warehouse,false,operational,in_use,2023-01-12T15:46:19Z,\N,2023-02-24T02:31:22Z,\N,1,assert
acme:data_store:store-02616~4efb4aa65cec,data_store,acme,store-02616,store-02616.warehouse,warehouse,true,operational,in_use,2023-01-17T17:42:00Z,\N,2023-02-24T02:05:10Z,\N,1,assert
acme:data_store:store-01969~b417fea98dc7,data_store,acme,store-01969,store-01969.dbms,dbms,false,operational,in_use,2023-02-09T20:03:07Z,\N,2023-02-26T02:45:48Z,\N,1,assert
acme:data_store:store-02947~85dfe4926496,data_store,acme,store-02947,store-02947.file_share,file_share,false,operational,in_use,2023-02-10T12:11:58Z,\N,2023-02-26T11:43:56Z,\N,1,assert
acme:data_store:store-02314~ce2f322e5119,data_store,acme,store-02314,store-02314.dbms,dbms,false,operational,in_use,2023-02-26T03:53:41Z,\N,2023-02-28T21:52:17Z,\N,1,assert
acme:data_store:store-03357~7af16fe46ce2,data_store,acme,store-03357,store-03357.file_share,file_share,true,operational,in_use,2023-02-23T04:56:19Z,\N,2023-02-28T15:41:50Z,\N,1,assert
acme:data_store:store-00029~ad7fa07fc588,data_store,acme,store-00029,store-00029.file_share,file_share,false,operational,in_use,2023-02-12T16:12:20Z,\N,2023-03-01T10:37:31Z,\N,1,assert
acme:data_store:store-01263~0ae1a77e2811,data_store,acme,store-01263,store-01263.object_store,object_store,false,operational,in_use,2023-02-11T13:04:19Z,2023-05-15T18:48:36Z,2023-03-01T11:59:39Z,\N,1,assert
acme:data_store:store-00600~014fdbc73f14,data_store,acme,store-00600,store-00600.warehouse,warehouse,false,operational,in_use,2023-02-24T23:24:29Z,\N,2023-03-01T13:26:35Z,\N,1,assert
acme:data_store:store-00642~6eba9d5b7877,data_store,acme,store-00642,store-00642.file_share,file_share,false,operational,in_use,2023-02-12T04:14:04Z,\N,2023-03-02T16:55:13Z,\N,1,assert
acme:data_store:store-01475~2cbb95f28c64,data_store,acme,store-01475,store-01475.dbms,dbms,true,operational,in_use,2023-03-03T06:33:11Z,\N,2023-03-03T06:33:11Z,\N,1,assert
acme:data_store:store-00020~af3e7db7838e,data_store,acme,store-00020,store-00020.dbms,dbms,false,operational,in_use,2023-01-27T12:39:10Z,\N,2023-03-04T15:28:02Z,\N,1,assert
acme:data_store:store-02784~c8d6ca43f864,data_store,acme,store-02784,store-02784.dbms,dbms,false,operational,in_use,2023-01-25T19:43:57Z,\N,2023-03-04T23:45:07Z,\N,1,assert
acme:data_store:store-01786~976bc04f5ccb,data_store,acme,store-01786,store-01786.dbms,dbms,false,operational,end_of_support,2022-06-18T09:24:38Z,\N,2023-03-05T22:02:19Z,\N,2,assert
acme:data_store:store-03244~feac2548bb18,data_store,acme,store-03244,store-03244.dbms,dbms,false,operational,in_use,2023-01-29T15:32:52Z,\N,2023-03-05T23:02:20Z,\N,1,assert
acme:data_store:store-00901~7165dba3249b,data_store,acme,store-00901,store-00901.dbms,dbms,false,operational,in_use,2023-02-16T07:41:10Z,\N,2023-03-06T02:53:01Z,\N,1,assert
acme:data_store:store-03110~a041624b3a0d,data_store,acme,store-03110,store-03110.object_store,object_store,false,operational,in_use,2023-02-28T17:32:59Z,\N,2023-03-06T03:29:25Z,\N,1,assert
acme:data_store:store-03420~4cffbf43034c,data_store,acme,store-03420,store-03420.object_store,object_store,false,operational,in_use,2023-02-21T03:48:03Z,\N,2023-03-07T13:22:02Z,\N,1,assert
acme:data_store:store-00892~54f6d424e938,data_store,acme,store-00892,store-00892.file_share,file_share,false,operational,in_use,2023-01-27T19:03:13Z,\N,2023-03-08T05:49:15Z,\N,1,assert
acme:data_store:store-00186~ab417b69d5a5,data_store,acme,store-00186,store-00186.file_share,file_share,false,operational,in_use,2023-02-16T18:48:37Z,2023-09-20T14:59:38Z,2023-03-08T07:09:30Z,\N,1,assert
acme:data_store:store-01668~2f7fd5ccfd2e,data_store,acme,store-01668,store-01668.dbms,dbms,false,operational,in_use,2023-03-02T00:03:38Z,\N,2023-03-08T23:45:36Z,\N,1,assert
acme:data_store:store-02567~c1221f3ea6a9,data_store,acme,store-02567,store-02567.dbms,dbms,false,operational,in_use,2023-03-04T01:27:01Z,\N,2023-03-08T17:03:45Z,\N,1,assert
acme:data_store:store-02796~201f5bf26875,data_store,acme,store-02796,store-02796.file_share,file_share,false,operational,in_use,2023-02-09T21:05:08Z,\N,2023-03-09T09:41:58Z,\N,1,assert
acme:data_store:store-01029~e254b18de06c,data_store,acme,store-01029,store-01029.object_store,object_store,false,operational,in_use,2023-03-03T17:14:52Z,\N,2023-03-11T02:49:33Z,\N,1,assert
acme:data_store:store-01542~9aba6a187a7d,data_store,acme,store-01542,store-01542.file_share,file_share,false,operational,in_use,2023-03-05T05:06:02Z,\N,2023-03-11T19:39:58Z,\N,1,assert
acme:data_store:store-02099~c112870768e8,data_store,acme,store-02099,store-02099.queue,queue,false,operational,in_use,2023-03-01T01:39:39Z,\N,2023-03-14T17:06:58Z,\N,1,assert
acme:data_store:store-00809~4cb6d7729733,data_store,acme,store-00809,store-00809.dbms,dbms,true,operational,in_use,2023-03-11T03:29:49Z,\N,2023-03-15T04:19:07Z,\N,1,assert
acme:data_store:store-01557~4bc5705b2ef6,data_store,acme,store-01557,store-01557.object_store,object_store,false,operational,in_use,2023-02-19T10:43:12Z,\N,2023-03-15T09:43:58Z,\N,1,assert
acme:data_store:store-02483~5220f09f88aa,data_store,acme,store-02483,store-02483.warehouse,warehouse,false,operational,in_use,2023-03-10T10:03:17Z,\N,2023-03-15T17:46:44Z,\N,1,assert
acme:data_store:store-03523~64ee55d14ad5,data_store,acme,store-03523,store-03523.warehouse,warehouse,true,operational,in_use,2023-02-19T21:46:06Z,\N,2023-03-15T02:27:16Z,\N,1,assert
acme:data_store:store-01761~7c76d962dfef,data_store,acme,store-01761,store-01761.object_store,object_store,false,operational,in_use,2023-02-06T20:16:53Z,\N,2023-03-16T08:02:36Z,\N,1,assert
acme:data_store:store-00922~7f485ce32c6a,data_store,acme,store-00922,store-00922.dbms,dbms,false,operational,in_use,2023-02-10T06:04:09Z,\N,2023-03-17T22:39:56Z,\N,1,assert
acme:data_store:store-02706~2ab47e8c9e3a,data_store,acme,store-02706,store-02706.dbms,dbms,false,operational,in_use,2023-03-09T15:34:37Z,\N,2023-03-17T02:36:02Z,\N,1,assert
acme:data_store:store-02160~ebac7b0663b2,data_store,acme,store-02160,store-02160.queue,queue,true,operational,in_use,2023-03-13T17:25:27Z,\N,2023-03-18T14:08:13Z,\N,1,assert
acme:data_store:store-02916~bdb484f075d8,data_store,acme,store-02916,store-02916.dbms,dbms,false,operational,in_use,2023-02-23T08:41:36Z,\N,2023-03-18T03:37:53Z,\N,1,assert
acme:data_store:store-01635~ff01a63a1ccb,data_store,acme,store-01635,store-01635.file_share,file_share,false,operational,in_use,2023-02-04T17:40:23Z,\N,2023-03-19T19:18:45Z,\N,1,assert
acme:data_store:store-02296~be7b640a8680,data_store,acme,store-02296,store-02296.dbms,dbms,false,operational,in_use,2023-02-25T01:01:49Z,\N,2023-03-19T08:55:09Z,\N,1,assert
acme:data_store:store-02813~c8886b38cb7d,data_store,acme,store-02813,store-02813.queue,queue,false,operational,in_use,2023-02-10T15:20:48Z,\N,2023-03-19T11:02:48Z,\N,1,assert
acme:data_store:store-03555~82cd9fae2cb4,data_store,acme,store-03555,store-03555.dbms,dbms,true,operational,in_use,2023-03-18T08:02:00Z,\N,2023-03-21T07:06:10Z,\N,1,assert
acme:data_store:store-01998~1f691c0c1c79,data_store,acme,store-01998,store-01998.file_share,file_share,false,operational,in_use,2023-02-17T10:59:25Z,\N,2023-03-22T00:48:53Z,\N,1,assert
acme:data_store:store-02838~3743dc8ab676,data_store,acme,store-02838,store-02838.object_store,object_store,false,operational,in_use,2023-02-14T23:33:38Z,\N,2023-03-22T03:53:24Z,\N,1,assert
acme:data_store:store-01955~1834ec28694b,data_store,acme,store-01955,store-01955.warehouse,warehouse,false,operational,in_use,2023-02-16T15:06:01Z,\N,2023-03-23T14:30:18Z,\N,1,assert
acme:data_store:store-02492~d5ac1b45cc58,data_store,acme,store-02492,store-02492.file_share,file_share,true,operational,in_use,2023-02-26T09:55:44Z,\N,2023-03-23T04:06:38Z,\N,1,assert
acme:data_store:store-03394~4a0a5f3a7b3f,data_store,acme,store-03394,store-03394.dbms,dbms,false,operational,in_use,2023-03-01T07:35:41Z,\N,2023-03-23T00:22:41Z,\N,1,assert
acme:data_store:store-00669~3e45c6122743,data_store,acme,store-00669,store-00669.dbms,dbms,false,operational,in_use,2023-03-02T10:59:41Z,\N,2023-03-24T11:28:12Z,2026-07-04T14:58:28Z,1,assert
acme:data_store:store-00392~2330c7888e11,data_store,acme,store-00392,store-00392.object_store,object_store,false,operational,in_use,2023-02-19T18:08:20Z,\N,2023-03-24T14:38:36Z,\N,1,assert
acme:data_store:store-01903~7e04d2ee5978,data_store,acme,store-01903,store-01903.dbms,dbms,false,operational,in_use,2023-03-15T21:16:29Z,\N,2023-03-24T20:29:42Z,\N,1,assert
acme:data_store:store-03477~c9887d93c808,data_store,acme,store-03477,store-03477.queue,queue,false,operational,in_use,2023-03-24T12:48:01Z,\N,2023-03-24T12:48:01Z,\N,1,assert
acme:data_store:store-01178~a267548e1089,data_store,acme,store-01178,store-01178.warehouse,warehouse,false,operational,in_use,2023-03-15T17:54:11Z,2024-04-26T19:46:20Z,2023-03-25T20:02:52Z,\N,1,assert
acme:data_store:store-00421~32f09e38460d,data_store,acme,store-00421,store-00421.queue,queue,false,operational,in_use,2023-03-10T07:56:34Z,\N,2023-03-27T20:16:28Z,\N,1,assert
acme:data_store:store-02826~e9714c228332,data_store,acme,store-02826,store-02826.warehouse,warehouse,false,operational,in_use,2023-03-02T02:13:53Z,\N,2023-03-27T09:04:00Z,\N,1,assert
acme:data_store:store-02225~152b99433099,data_store,acme,store-02225,store-02225.file_share,file_share,true,operational,in_use,2023-03-15T17:55:48Z,\N,2023-03-28T00:45:01Z,\N,1,assert
acme:data_store:store-02535~fb74778d011e,data_store,acme,store-02535,store-02535.dbms,dbms,true,operational,in_use,2023-02-16T19:32:52Z,\N,2023-03-30T01:07:47Z,\N,1,assert
acme:data_store:store-00240~a91c1c963ad1,data_store,acme,store-00240,store-00240.object_store,object_store,false,operational,in_use,2023-02-23T03:02:00Z,\N,2023-03-31T07:55:18Z,\N,1,assert
acme:data_store:store-02168~77144eef18de,data_store,acme,store-02168,store-02168.file_share,file_share,false,operational,in_use,2023-03-14T07:45:51Z,\N,2023-03-31T06:06:06Z,\N,1,assert
acme:data_store:store-02140~d991a46015d2,data_store,acme,store-02140,store-02140.dbms,dbms,false,operational,in_use,2023-03-21T17:53:05Z,\N,2023-04-02T06:52:39Z,\N,1,assert
acme:data_store:store-00607~53f746adba36,data_store,acme,store-00607,store-00607.queue,queue,false,operational,in_use,2023-03-28T00:06:05Z,\N,2023-04-06T09:46:20Z,\N,1,assert
acme:data_store:store-01801~23581ca1f90e,data_store,acme,store-01801,store-01801.queue,queue,false,operational,in_use,2023-03-07T15:25:10Z,\N,2023-04-06T18:44:50Z,\N,1,assert
acme:data_store:store-01085~4491d149acc3,data_store,acme,store-01085,store-01085.object_store,object_store,false,operational,in_use,2023-03-01T20:33:11Z,\N,2023-04-07T13:37:55Z,\N,1,assert
acme:data_store:store-02637~a82a43c12656,data_store,acme,store-02637,store-02637.object_store,object_store,true,operational,end_of_support,2022-11-17T05:37:00Z,\N,2023-04-08T01:16:42Z,\N,2,assert
acme:data_store:store-00478~66ccaa07713a,data_store,acme,store-00478,store-00478.warehouse,warehouse,true,operational,in_use,2023-02-24T16:49:46Z,\N,2023-04-08T23:55:12Z,\N,1,assert
acme:data_store:store-01637~09cbb61badfa,data_store,acme,store-01637,store-01637.dbms,dbms,false,operational,in_use,2023-03-25T07:44:21Z,\N,2023-04-10T02:20:43Z,\N,1,assert
acme:data_store:store-02686~033e402c72dd,data_store,acme,store-02686,store-02686.dbms,dbms,true,operational,in_use,2023-03-13T20:34:58Z,\N,2023-04-11T23:32:57Z,\N,1,assert
acme:data_store:store-03371~84b7110ca11a,data_store,acme,store-03371,store-03371.queue,queue,false,operational,in_use,2023-03-03T22:56:39Z,\N,2023-04-12T21:10:13Z,2026-01-19T13:27:57Z,1,assert
acme:data_store:store-00228~2848cc993430,data_store,acme,store-00228,store-00228.dbms,dbms,true,operational,in_use,2023-04-03T13:52:20Z,\N,2023-04-13T18:26:03Z,\N,1,assert
acme:data_store:store-01443~cd4def55e66b,data_store,acme,store-01443,store-01443.file_share,file_share,true,operational,in_use,2023-03-24T22:12:49Z,\N,2023-04-13T22:18:31Z,\N,1,assert
acme:data_store:store-02459~85afa221575c,data_store,acme,store-02459,store-02459.file_share,file_share,false,operational,in_use,2023-03-13T22:59:05Z,\N,2023-04-13T18:38:09Z,\N,1,assert
acme:data_store:store-03598~954419e0c9bf,data_store,acme,store-03598,store-03598.dbms,dbms,true,operational,in_use,2023-03-18T18:35:35Z,\N,2023-04-13T19:49:12Z,\N,1,assert
acme:data_store:store-03395~3e24638773e1,data_store,acme,store-03395,store-03395.warehouse,warehouse,false,operational,in_use,2023-03-21T04:45:06Z,\N,2023-04-16T08:09:51Z,\N,1,assert
acme:data_store:store-00061~101c44ff5347,data_store,acme,store-00061,store-00061.file_share,file_share,true,operational,in_use,2023-04-12T13:03:05Z,\N,2023-04-17T17:22:33Z,\N,1,assert
acme:data_store:store-00189~db1e687d949d,data_store,acme,store-00189,store-00189.warehouse,warehouse,false,operational,in_use,2023-04-19T05:18:34Z,\N,2023-04-19T05:18:34Z,\N,1,assert
acme:data_store:store-02635~0cb4b9d42dc3,data_store,acme,store-02635,store-02635.queue,queue,false,operational,in_use,2023-03-23T13:14:47Z,\N,2023-04-19T20:51:38Z,\N,1,assert
acme:data_store:store-03367~3e9297024287,data_store,acme,store-03367,store-03367.object_store,object_store,false,operational,in_use,2023-03-26T22:44:40Z,\N,2023-04-21T23:48:20Z,\N,1,assert
acme:data_store:store-03086~cf5886a6f438,data_store,acme,store-03086,store-03086.file_share,file_share,false,operational,in_use,2023-04-13T14:23:51Z,\N,2023-04-22T04:49:48Z,\N,1,assert
acme:data_store:store-01296~57060c7ea532,data_store,acme,store-01296,store-01296.warehouse,warehouse,false,operational,in_use,2023-04-18T03:07:22Z,\N,2023-04-23T07:46:48Z,\N,1,assert
acme:data_store:store-01306~55424ba71681,data_store,acme,store-01306,store-01306.dbms,dbms,false,operational,in_use,2023-03-17T02:24:21Z,\N,2023-04-23T15:21:18Z,\N,1,assert
acme:data_store:store-01326~3cb72d2fcb6c,data_store,acme,store-01326,store-01326.warehouse,warehouse,false,operational,in_use,2023-03-12T20:07:59Z,\N,2023-04-23T00:50:45Z,\N,1,assert
acme:data_store:store-02135~09b90efaa8a1,data_store,acme,store-02135,store-02135.queue,queue,false,operational,in_use,2023-04-16T11:23:03Z,\N,2023-04-23T02:22:49Z,\N,1,assert
acme:data_store:store-03258~a0f707a652fc,data_store,acme,store-03258,store-03258.dbms,dbms,false,operational,in_use,2023-04-18T07:39:06Z,\N,2023-04-24T06:36:29Z,\N,1,assert
acme:data_store:store-03468~7a40c67cd52b,data_store,acme,store-03468,store-03468.dbms,dbms,true,operational,in_use,2023-04-17T20:15:25Z,\N,2023-04-24T15:34:04Z,\N,1,assert
acme:data_store:store-03062~e70e9c263d89,data_store,acme,store-03062,store-03062.object_store,object_store,true,operational,in_use,2023-04-19T20:49:21Z,\N,2023-04-26T21:16:38Z,\N,1,assert
acme:data_store:store-03041~58fe30db63c6,data_store,acme,store-03041,store-03041.dbms,dbms,true,operational,in_use,2023-03-14T19:16:44Z,\N,2023-04-27T01:12:32Z,\N,1,assert
acme:data_store:store-00965~98cda1599259,data_store,acme,store-00965,store-00965.object_store,object_store,false,operational,in_use,2023-04-22T01:22:51Z,\N,2023-04-28T05:52:56Z,2026-08-03T10:10:48Z,1,assert
acme:data_store:store-02122~016d299befe5,data_store,acme,store-02122,store-02122.file_share,file_share,false,operational,in_use,2023-03-27T21:29:05Z,\N,2023-04-28T15:55:10Z,\N,1,assert
acme:data_store:store-01480~bc5571489882,data_store,acme,store-01480,store-01480.file_share,file_share,true,operational,in_use,2023-03-31T14:57:43Z,\N,2023-04-30T18:03:32Z,\N,1,assert
acme:data_store:store-00637~ce537a982449,data_store,acme,store-00637,store-00637.object_store,object_store,false,operational,in_use,2023-04-04T21:57:45Z,\N,2023-05-01T09:03:17Z,\N,1,assert
acme:data_store:store-00445~8d471fc60480,data_store,acme,store-00445,store-00445.dbms,dbms,false,operational,in_use,2023-03-30T03:22:17Z,\N,2023-05-02T02:40:29Z,\N,1,assert
acme:data_store:store-00187~85ad11763ee5,data_store,acme,store-00187,store-00187.queue,queue,false,operational,in_use,2023-05-03T23:45:42Z,\N,2023-05-03T23:45:42Z,\N,1,assert
acme:data_store:store-01915~17e5adf22dbd,data_store,acme,store-01915,store-01915.dbms,dbms,false,operational,in_use,2023-03-23T18:10:30Z,\N,2023-05-03T09:56:55Z,\N,1,assert
acme:data_store:store-01305~30ec0f680ad0,data_store,acme,store-01305,store-01305.file_share,file_share,false,operational,in_use,2023-04-09T12:09:19Z,\N,2023-05-04T10:33:33Z,\N,1,assert
acme:data_store:store-02018~dde6a5decdc7,data_store,acme,store-02018,store-02018.dbms,dbms,true,operational,in_use,2023-03-22T19:26:32Z,\N,2023-05-04T19:01:27Z,\N,1,assert
acme:data_store:store-03286~0ff0c69328dd,data_store,acme,store-03286,store-03286.object_store,object_store,true,operational,in_use,2023-04-21T18:55:42Z,\N,2023-05-05T01:06:55Z,\N,1,assert
acme:data_store:store-03478~31787073d733,data_store,acme,store-03478,store-03478.dbms,dbms,false,operational,in_use,2023-04-03T15:02:58Z,\N,2023-05-05T06:53:20Z,\N,1,assert
acme:data_store:store-00448~ad3016768849,data_store,acme,store-00448,store-00448.warehouse,warehouse,true,operational,in_use,2023-04-08T17:30:28Z,\N,2023-05-06T17:39:44Z,\N,1,assert
acme:data_store:store-02149~9b2ff1731ae2,data_store,acme,store-02149,store-02149.dbms,dbms,true,operational,in_use,2023-04-13T09:46:35Z,\N,2023-05-07T05:13:24Z,\N,1,assert
acme:data_store:store-01553~2bdce99373ea,data_store,acme,store-01553,store-01553.dbms,dbms,false,operational,in_use,2023-05-03T22:40:07Z,\N,2023-05-08T10:36:57Z,\N,1,assert
acme:data_store:store-03380~1088987404a4,data_store,acme,store-03380,store-03380.queue,queue,true,operational,in_use,2023-04-21T21:28:04Z,2023-11-17T06:39:33Z,2023-05-09T22:07:33Z,\N,1,assert
acme:data_store:store-02343~79add2083890,data_store,acme,store-02343,store-02343.warehouse,warehouse,true,operational,in_use,2023-04-19T19:03:44Z,\N,2023-05-10T00:56:34Z,\N,1,assert
acme:data_store:store-02437~2738ac244343,data_store,acme,store-02437,store-02437.dbms,dbms,true,operational,in_use,2023-04-05T18:24:13Z,\N,2023-05-12T15:22:13Z,\N,1,assert
acme:data_store:store-01047~1bbf381b50c6,data_store,acme,store-01047,store-01047.queue,queue,true,operational,in_use,2023-04-01T00:46:10Z,\N,2023-05-13T17:46:44Z,\N,1,assert
acme:data_store:store-03332~549580e616dd,data_store,acme,store-03332,store-03332.warehouse,warehouse,false,operational,in_use,2023-05-06T22:34:06Z,\N,2023-05-13T21:03:15Z,\N,1,assert
acme:data_store:store-02088~bcd2a7cfdace,data_store,acme,store-02088,store-02088.dbms,dbms,true,operational,in_use,2023-05-12T15:34:43Z,\N,2023-05-14T18:43:56Z,\N,1,assert
acme:data_store:store-02085~2c336e139050,data_store,acme,store-02085,store-02085.file_share,file_share,false,operational,in_use,2023-04-13T12:57:59Z,\N,2023-05-15T18:14:06Z,\N,1,assert
acme:data_store:store-02509~948c40cb0e98,data_store,acme,store-02509,store-02509.dbms,dbms,false,operational,in_use,2023-04-25T01:11:36Z,\N,2023-05-18T23:11:28Z,\N,1,assert
acme:data_store:store-02942~f6d9d361ed45,data_store,acme,store-02942,store-02942.file_share,file_share,true,operational,in_use,2023-05-13T17:30:44Z,\N,2023-05-18T01:26:56Z,\N,1,assert
acme:data_store:store-03427~4144e63a460b,data_store,acme,store-03427,store-03427.file_share,file_share,false,operational,in_use,2023-04-19T03:18:21Z,\N,2023-05-20T00:46:10Z,\N,1,assert
acme:data_store:store-00554~9d20f1fb2100,data_store,acme,store-00554,store-00554.dbms,dbms,true,operational,in_use,2023-05-15T22:41:55Z,\N,2023-05-22T08:06:13Z,\N,1,assert
acme:data_store:store-00783~ec142d5351ae,data_store,acme,store-00783,store-00783.dbms,dbms,false,operational,in_use,2023-05-11T12:59:14Z,\N,2023-05-25T09:46:54Z,\N,1,assert
acme:data_store:store-03341~ca6adb464a85,data_store,acme,store-03341,store-03341.dbms,dbms,false,operational,in_use,2023-05-22T05:45:41Z,\N,2023-05-25T15:57:55Z,\N,1,assert
acme:data_store:store-03581~eefc39a91184,data_store,acme,store-03581,store-03581.dbms,dbms,true,operational,in_use,2023-04-14T00:21:55Z,\N,2023-05-25T13:55:56Z,\N,1,assert
acme:data_store:store-02973~f1f1f0e77a89,data_store,acme,store-02973,store-02973.file_share,file_share,true,operational,in_use,2023-05-05T21:28:09Z,\N,2023-05-27T11:09:27Z,\N,1,assert
acme:data_store:store-03296~65878f791472,data_store,acme,store-03296,store-03296.warehouse,warehouse,false,operational,in_use,2023-05-25T15:38:40Z,\N,2023-05-27T20:25:29Z,\N,1,assert
acme:data_store:store-01459~ab7b35a2c6dd,data_store,acme,store-01459,store-01459.dbms,dbms,true,operational,in_use,2023-05-09T13:29:41Z,2024-02-22T18:38:11Z,2023-05-28T03:21:15Z,\N,1,assert
acme:data_store:store-03136~228ddaf80527,data_store,acme,store-03136,store-03136.warehouse,warehouse,false,operational,in_use,2023-05-24T14:21:39Z,\N,2023-05-28T21:40:31Z,\N,1,assert
acme:data_store:store-00374~266cc78137b9,data_store,acme,store-00374,store-00374.queue,queue,true,operational,in_use,2023-05-28T20:05:10Z,\N,2023-05-31T11:41:48Z,\N,1,assert
acme:data_store:store-01351~668cadc547b5,data_store,acme,store-01351,store-01351.queue,queue,false,operational,in_use,2023-04-21T05:43:45Z,\N,2023-06-01T16:13:17Z,\N,1,assert
acme:data_store:store-02046~312ab2f66ee2,data_store,acme,store-02046,store-02046.file_share,file_share,false,operational,in_use,2023-05-23T18:51:34Z,\N,2023-06-01T07:50:06Z,\N,1,assert
acme:data_store:store-00176~647a97bc4bb1,data_store,acme,store-00176,store-00176.dbms,dbms,false,operational,in_use,2023-05-02T20:07:10Z,\N,2023-06-02T04:13:50Z,\N,1,assert
acme:data_store:store-02285~10d5221c46c9,data_store,acme,store-02285,store-02285.object_store,object_store,false,operational,in_use,2023-05-13T20:37:18Z,\N,2023-06-02T10:49:31Z,\N,1,assert
acme:data_store:store-01213~757d42fbae2b,data_store,acme,store-01213,store-01213.dbms,dbms,false,operational,in_use,2023-05-01T16:07:30Z,\N,2023-06-03T05:49:21Z,\N,1,assert
acme:data_store:store-01472~4ee346727a68,data_store,acme,store-01472,store-01472.dbms,dbms,false,operational,in_use,2023-05-05T18:43:36Z,\N,2023-06-03T17:07:16Z,\N,1,assert
acme:data_store:store-00279~80f692a45492,data_store,acme,store-00279,store-00279.warehouse,warehouse,false,operational,in_use,2023-04-24T15:25:18Z,\N,2023-06-04T15:17:40Z,\N,1,assert
acme:data_store:store-00184~843ceca1f355,data_store,acme,store-00184,store-00184.object_store,object_store,true,operational,in_use,2023-04-25T18:42:29Z,\N,2023-06-05T22:30:18Z,\N,1,assert
acme:data_store:store-02871~13170beb3d17,data_store,acme,store-02871,store-02871.file_share,file_share,true,operational,in_use,2023-05-08T04:54:25Z,\N,2023-06-05T20:06:28Z,\N,1,assert
acme:data_store:store-01287~0b16fbccbb04,data_store,acme,store-01287,store-01287.dbms,dbms,false,operational,in_use,2023-04-30T23:08:22Z,\N,2023-06-07T00:31:11Z,\N,1,assert
acme:data_store:store-00262~a1093a30dd00,data_store,acme,store-00262,store-00262.object_store,object_store,true,operational,in_use,2023-05-05T21:38:23Z,\N,2023-06-08T21:19:30Z,\N,1,assert
acme:data_store:store-00628~03316fb15a93,data_store,acme,store-00628,store-00628.dbms,dbms,false,operational,in_use,2023-04-27T05:59:56Z,\N,2023-06-08T04:32:25Z,\N,1,assert
acme:data_store:store-03490~3db39f61e25f,data_store,acme,store-03490,store-03490.file_share,file_share,false,operational,in_use,2023-05-03T01:12:22Z,\N,2023-06-08T12:23:44Z,\N,1,assert
acme:data_store:store-03259~a6ce57248f26,data_store,acme,store-03259,store-03259.file_share,file_share,false,operational,in_use,2023-05-03T05:38:45Z,\N,2023-06-10T15:08:02Z,\N,1,assert
acme:data_store:store-00130~76cfbd990532,data_store,acme,store-00130,store-00130.file_share,file_share,true,operational,in_use,2023-05-15T05:47:17Z,\N,2023-06-12T20:54:33Z,\N,1,assert
acme:data_store:store-00129~2d9521ca662d,data_store,acme,store-00129,store-00129.warehouse,warehouse,false,operational,in_use,2023-05-24T02:59:17Z,\N,2023-06-14T11:13:18Z,\N,1,assert
acme:data_store:store-02547~be1aef7e351a,data_store,acme,store-02547,store-02547.dbms,dbms,false,operational,in_use,2023-06-02T14:22:23Z,\N,2023-06-14T04:16:04Z,\N,1,assert
acme:data_store:store-00068~729d335c90af,data_store,acme,store-00068,store-00068.dbms,dbms,false,operational,in_use,2023-06-11T22:37:32Z,\N,2023-06-15T01:15:38Z,\N,1,assert
acme:data_store:store-01332~6e5c9ece58a4,data_store,acme,store-01332,store-01332.dbms,dbms,false,operational,in_use,2023-05-24T09:35:49Z,\N,2023-06-15T11:53:10Z,\N,1,assert
acme:data_store:store-01634~bd699d9c4c41,data_store,acme,store-01634,store-01634.dbms,dbms,true,operational,in_use,2023-05-31T05:33:58Z,\N,2023-06-15T05:34:41Z,\N,1,assert
acme:data_store:store-02305~d9c4a89349d2,data_store,acme,store-02305,store-02305.object_store,object_store,false,operational,in_use,2023-05-31T18:02:59Z,\N,2023-06-15T13:51:39Z,\N,1,assert
acme:data_store:store-00709~8e5b7c00e7a2,data_store,acme,store-00709,store-00709.dbms,dbms,false,operational,in_use,2023-06-11T17:03:54Z,\N,2023-06-16T05:04:47Z,\N,1,assert
acme:data_store:store-01052~9eedbcbb9eb2,data_store,acme,store-01052,store-01052.dbms,dbms,false,operational,in_use,2023-05-08T08:41:46Z,\N,2023-06-16T23:07:30Z,\N,1,assert
acme:data_store:store-01255~1ae88a010ea8,data_store,acme,store-01255,store-01255.dbms,dbms,false,operational,in_use,2023-06-06T23:51:46Z,\N,2023-06-16T01:57:59Z,\N,1,assert
acme:data_store:store-00064~4a64167124b3,data_store,acme,store-00064,store-00064.dbms,dbms,false,operational,in_use,2023-05-10T04:56:16Z,\N,2023-06-17T17:43:08Z,\N,1,assert
acme:data_store:store-01693~9ecb33ab0d3e,data_store,acme,store-01693,store-01693.warehouse,warehouse,false,operational,in_use,2023-05-29T06:25:02Z,\N,2023-06-21T02:59:49Z,\N,1,assert
acme:data_store:store-00017~0335de594a0b,data_store,acme,store-00017,store-00017.file_share,file_share,false,operational,in_use,2023-05-26T14:02:20Z,\N,2023-06-22T18:08:45Z,\N,1,assert
acme:data_store:store-03149~ec3faa805398,data_store,acme,store-03149,store-03149.dbms,dbms,true,operational,in_use,2023-05-27T05:19:46Z,\N,2023-06-22T09:53:12Z,\N,1,assert
acme:data_store:store-00868~9ad78a32a3a9,data_store,acme,store-00868,store-00868.file_share,file_share,false,operational,in_use,2023-06-02T06:01:50Z,\N,2023-06-23T10:34:14Z,\N,1,assert
acme:data_store:store-03529~e75335a541e8,data_store,acme,store-03529,store-03529.file_share,file_share,false,operational,in_use,2023-05-21T21:23:38Z,2024-05-14T02:31:50Z,2023-06-23T16:22:36Z,\N,1,assert
acme:data_store:store-00166~7ffbef89efec,data_store,acme,store-00166,store-00166.dbms,dbms,true,operational,in_use,2023-05-14T08:37:42Z,\N,2023-06-24T15:49:04Z,\N,1,assert
acme:data_store:store-01802~9d5446837190,data_store,acme,store-01802,store-01802.warehouse,warehouse,false,operational,in_use,2023-06-07T09:07:35Z,\N,2023-06-25T07:55:58Z,\N,1,assert
acme:data_store:store-02394~b6709bf0b700,data_store,acme,store-02394,store-02394.file_share,file_share,true,operational,in_use,2023-05-13T02:43:38Z,\N,2023-06-25T11:09:14Z,\N,1,assert
acme:data_store:store-02638~16a9a57c35c2,data_store,acme,store-02638,store-02638.file_share,file_share,false,operational,in_use,2023-05-14T16:11:27Z,\N,2023-06-26T15:29:36Z,\N,1,assert
acme:data_store:store-03388~eee74a0d04d4,data_store,acme,store-03388,store-03388.file_share,file_share,false,operational,in_use,2023-06-22T03:50:02Z,\N,2023-06-26T19:43:31Z,\N,1,assert
acme:data_store:store-02497~d4d1004c7d93,data_store,acme,store-02497,store-02497.warehouse,warehouse,false,operational,in_use,2023-06-19T03:22:53Z,\N,2023-06-27T00:45:38Z,\N,1,assert
acme:data_store:store-02956~be7f114ebf72,data_store,acme,store-02956,store-02956.dbms,dbms,false,operational,in_use,2023-06-03T22:32:41Z,\N,2023-06-29T10:05:09Z,\N,1,assert
acme:data_store:store-03223~f6e20f4dba32,data_store,acme,store-03223,store-03223.warehouse,warehouse,false,operational,in_use,2023-06-19T20:40:39Z,\N,2023-06-29T14:26:41Z,\N,1,assert
acme:data_store:store-03121~8f20b38f2753,data_store,acme,store-03121,store-03121.dbms,dbms,false,operational,in_use,2023-06-13T06:26:16Z,2024-05-29T09:14:48Z,2023-06-30T15:29:15Z,\N,1,assert
acme:data_store:store-02704~27f6b4fc0a8c,data_store,acme,store-02704,store-02704.object_store,object_store,false,operational,in_use,2023-06-21T15:25:55Z,\N,2023-07-01T17:48:13Z,\N,1,assert
acme:data_store:store-00209~aa534e984187,data_store,acme,store-00209,store-00209.dbms,dbms,false,operational,in_use,2023-05-25T19:01:52Z,\N,2023-07-02T09:20:53Z,\N,1,assert
acme:data_store:store-01773~144a08d34c01,data_store,acme,store-01773,store-01773.file_share,file_share,false,operational,in_use,2023-06-30T00:15:04Z,\N,2023-07-02T16:09:50Z,\N,1,assert
acme:data_store:store-02114~13da08d81e71,data_store,acme,store-02114,store-02114.dbms,dbms,true,operational,in_use,2023-06-17T04:12:37Z,\N,2023-07-04T08:20:01Z,\N,1,assert
acme:data_store:store-01782~b6b0cbde900f,data_store,acme,store-01782,store-01782.dbms,dbms,false,operational,in_use,2023-06-04T16:09:17Z,\N,2023-07-05T02:49:28Z,\N,1,assert
acme:data_store:store-01936~4c0d330a9541,data_store,acme,store-01936,store-01936.dbms,dbms,true,operational,in_use,2023-06-10T19:56:49Z,\N,2023-07-05T10:07:48Z,\N,1,assert
acme:data_store:store-02977~e41817cf302c,data_store,acme,store-02977,store-02977.file_share,file_share,false,operational,in_use,2023-06-15T22:58:33Z,\N,2023-07-05T16:16:40Z,\N,1,assert
acme:data_store:store-00761~34d633d617b0,data_store,acme,store-00761,store-00761.file_share,file_share,true,operational,in_use,2023-06-29T17:05:30Z,\N,2023-07-10T18:50:50Z,\N,1,assert
acme:data_store:store-03193~e5ca2bb53d1f,data_store,acme,store-03193,store-03193.queue,queue,false,operational,in_use,2023-06-14T22:44:21Z,\N,2023-07-11T10:22:16Z,\N,1,assert
acme:data_store:store-00621~7eb679b14390,data_store,acme,store-00621,store-00621.warehouse,warehouse,false,operational,in_use,2023-06-27T22:47:06Z,\N,2023-07-12T07:19:04Z,\N,1,assert
acme:data_store:store-00716~38b1cdf8eace,data_store,acme,store-00716,store-00716.warehouse,warehouse,false,operational,in_use,2023-06-25T15:58:44Z,\N,2023-07-14T17:51:35Z,\N,1,assert
acme:data_store:store-01473~5f2ce4c0b71c,data_store,acme,store-01473,store-01473.file_share,file_share,false,operational,in_use,2023-06-27T17:39:23Z,\N,2023-07-14T01:54:37Z,\N,1,assert
acme:data_store:store-00825~d0102132bf01,data_store,acme,store-00825,store-00825.dbms,dbms,false,operational,in_use,2023-07-12T10:38:04Z,\N,2023-07-16T05:17:47Z,2024-02-02T17:27:39Z,1,assert
acme:data_store:store-00479~093e361963c8,data_store,acme,store-00479,store-00479.dbms,dbms,true,operational,in_use,2023-06-21T15:58:20Z,\N,2023-07-20T16:04:44Z,\N,1,assert
acme:data_store:store-01852~53035e855420,data_store,acme,store-01852,store-01852.file_share,file_share,true,operational,in_use,2023-07-01T10:23:55Z,\N,2023-07-20T20:12:32Z,\N,1,assert
acme:data_store:store-00707~d6ed7d9fb30b,data_store,acme,store-00707,store-00707.object_store,object_store,true,operational,in_use,2023-06-16T00:46:39Z,\N,2023-07-21T08:45:50Z,\N,1,assert
acme:data_store:store-02338~9c8d718105df,data_store,acme,store-02338,store-02338.dbms,dbms,true,operational,in_use,2023-07-14T02:15:14Z,\N,2023-07-22T08:17:43Z,\N,1,assert
acme:data_store:store-01174~b1db14d22ff0,data_store,acme,store-01174,store-01174.dbms,dbms,false,operational,in_use,2023-07-12T13:05:47Z,\N,2023-07-23T20:34:55Z,\N,1,assert
acme:data_store:store-03189~608b991765a1,data_store,acme,store-03189,store-03189.file_share,file_share,false,operational,in_use,2023-06-28T05:16:59Z,\N,2023-07-23T10:46:01Z,\N,1,assert
acme:data_store:store-00611~5ab79eba3d76,data_store,acme,store-00611,store-00611.dbms,dbms,false,operational,in_use,2023-07-06T17:48:25Z,\N,2023-07-24T12:34:45Z,\N,1,assert
acme:data_store:store-03144~d7cf98956fcb,data_store,acme,store-03144,store-03144.dbms,dbms,false,operational,in_use,2023-06-18T13:34:12Z,\N,2023-07-24T10:34:19Z,\N,1,assert
acme:data_store:store-00947~8a0fa28b5617,data_store,acme,store-00947,store-00947.dbms,dbms,false,operational,in_use,2023-07-10T01:34:14Z,\N,2023-07-27T19:52:53Z,\N,1,assert
acme:data_store:store-01510~eaf33b7fdab1,data_store,acme,store-01510,store-01510.dbms,dbms,false,operational,in_use,2023-07-22T01:07:58Z,\N,2023-07-27T19:35:55Z,\N,1,assert
acme:data_store:store-01329~392330124b97,data_store,acme,store-01329,store-01329.dbms,dbms,true,operational,in_use,2023-07-13T21:48:23Z,\N,2023-07-28T09:18:17Z,\N,1,assert
acme:data_store:store-01671~a324bff5970c,data_store,acme,store-01671,store-01671.dbms,dbms,true,operational,in_use,2023-06-24T00:20:41Z,\N,2023-07-28T17:35:30Z,\N,1,assert
acme:data_store:store-01818~6488afd37e40,data_store,acme,store-01818,store-01818.dbms,dbms,false,operational,in_use,2023-06-28T04:35:49Z,\N,2023-07-29T07:26:43Z,\N,1,assert
acme:data_store:store-03426~70056aa7e692,data_store,acme,store-03426,store-03426.warehouse,warehouse,false,operational,in_use,2023-07-03T07:41:54Z,\N,2023-07-31T08:32:15Z,\N,1,assert
acme:data_store:store-03272~df80c41943c1,data_store,acme,store-03272,store-03272.queue,queue,false,operational,in_use,2023-07-05T15:50:49Z,\N,2023-08-01T18:16:53Z,\N,1,assert
acme:data_store:store-00216~31aa0991f9a9,data_store,acme,store-00216,store-00216.file_share,file_share,false,operational,in_use,2023-06-25T20:50:01Z,\N,2023-08-02T11:24:23Z,\N,1,assert
acme:data_store:store-02244~5a0c67c5fe95,data_store,acme,store-02244,store-02244.warehouse,warehouse,false,operational,in_use,2023-07-17T18:28:44Z,\N,2023-08-03T16:18:55Z,\N,1,assert
acme:data_store:store-01694~1af8c130dde3,data_store,acme,store-01694,store-01694.file_share,file_share,false,operational,in_use,2023-07-11T19:19:27Z,2023-11-12T23:15:31Z,2023-08-03T23:06:14Z,\N,1,assert
acme:data_store:store-00337~5716cfe78405,data_store,acme,store-00337,store-00337.dbms,dbms,true,operational,in_use,2023-07-10T15:44:37Z,\N,2023-08-04T07:05:48Z,\N,1,assert
acme:data_store:store-01766~fe32129bae5e,data_store,acme,store-01766,store-01766.dbms,dbms,false,operational,in_use,2023-06-24T21:49:15Z,\N,2023-08-04T01:04:37Z,\N,1,assert
acme:data_store:store-01204~979d401fd95d,data_store,acme,store-01204,store-01204.queue,queue,false,operational,in_use,2023-07-20T13:45:44Z,\N,2023-08-05T21:29:04Z,\N,1,assert
acme:data_store:store-00036~a649203d56ee,data_store,acme,store-00036,store-00036.file_share,file_share,true,operational,in_use,2023-07-12T01:19:03Z,\N,2023-08-07T15:00:34Z,\N,1,assert
acme:data_store:store-01718~a840bb0240d2,data_store,acme,store-01718,store-01718.warehouse,warehouse,false,operational,in_use,2023-07-27T20:23:23Z,\N,2023-08-08T01:25:27Z,\N,1,assert
acme:data_store:store-03417~82661036980d,data_store,acme,store-03417,store-03417.warehouse,warehouse,true,operational,in_use,2023-06-25T22:56:58Z,\N,2023-08-08T23:49:31Z,\N,1,assert
acme:data_store:store-01046~22b619e133b2,data_store,acme,store-01046,store-01046.file_share,file_share,false,operational,in_use,2023-07-04T22:23:46Z,\N,2023-08-09T22:00:49Z,\N,1,assert
acme:data_store:store-02161~bd38dd886f38,data_store,acme,store-02161,store-02161.warehouse,warehouse,true,operational,in_use,2023-07-23T06:24:32Z,\N,2023-08-09T22:23:13Z,\N,1,assert
acme:data_store:store-02604~39ccbd7316f8,data_store,acme,store-02604,store-02604.dbms,dbms,false,operational,in_use,2023-07-07T11:24:13Z,\N,2023-08-09T23:14:55Z,\N,1,assert
acme:data_store:store-02228~04530d7d6156,data_store,acme,store-02228,store-02228.file_share,file_share,false,operational,in_use,2023-07-16T05:20:14Z,\N,2023-08-10T17:21:56Z,\N,1,assert
acme:data_store:store-02579~bc86faab73d0,data_store,acme,store-02579,store-02579.dbms,dbms,false,operational,in_use,2023-07-27T17:37:54Z,\N,2023-08-10T13:44:57Z,\N,1,assert
acme:data_store:store-02536~8935f1dbdfa3,data_store,acme,store-02536,store-02536.object_store,object_store,true,operational,in_use,2023-07-19T18:22:28Z,\N,2023-08-11T07:46:37Z,\N,1,assert
acme:data_store:store-03208~3423c1a42c62,data_store,acme,store-03208,store-03208.object_store,object_store,true,operational,in_use,2023-07-03T19:28:16Z,\N,2023-08-11T05:10:37Z,\N,1,assert
acme:data_store:store-00433~42aab04cc0c7,data_store,acme,store-00433,store-00433.object_store,object_store,true,operational,in_use,2023-07-12T12:51:26Z,\N,2023-08-12T23:56:40Z,\N,1,assert
acme:data_store:store-02367~ef58ed513533,data_store,acme,store-02367,store-02367.dbms,dbms,false,operational,in_use,2023-08-09T02:57:11Z,\N,2023-08-13T14:14:12Z,\N,1,assert
acme:data_store:store-03093~e6e1873351a2,data_store,acme,store-03093,store-03093.dbms,dbms,true,operational,in_use,2023-08-03T13:31:58Z,\N,2023-08-13T15:43:47Z,\N,1,assert
acme:data_store:store-03177~8ea36a75ae4b,data_store,acme,store-03177,store-03177.file_share,file_share,true,operational,in_use,2023-07-08T07:20:50Z,\N,2023-08-14T09:49:19Z,\N,1,assert
acme:data_store:store-03409~9507d3a01121,data_store,acme,store-03409,store-03409.object_store,object_store,false,operational,in_maintenance,2022-03-17T10:54:01Z,\N,2023-08-16T14:22:27Z,\N,2,assert
acme:data_store:store-02128~7f512df72892,data_store,acme,store-02128,store-02128.dbms,dbms,true,operational,in_use,2023-08-14T16:09:24Z,\N,2023-08-17T12:31:46Z,\N,1,assert
acme:data_store:store-02101~49b30e9c8476,data_store,acme,store-02101,store-02101.dbms,dbms,false,operational,in_use,2023-08-17T17:34:19Z,\N,2023-08-19T07:21:11Z,2023-10-17T05:59:59Z,1,assert
acme:data_store:store-00167~958e7c074d96,data_store,acme,store-00167,store-00167.queue,queue,true,operational,in_use,2023-08-09T21:05:45Z,\N,2023-08-19T16:18:11Z,\N,1,assert
acme:data_store:store-00898~d0c3c4002be3,data_store,acme,store-00898,store-00898.warehouse,warehouse,true,operational,in_use,2023-08-20T06:29:27Z,\N,2023-08-21T18:41:32Z,\N,1,assert
acme:data_store:store-01290~772ca40936cb,data_store,acme,store-01290,store-01290.file_share,file_share,true,operational,in_use,2023-08-11T16:10:24Z,\N,2023-08-21T14:04:14Z,\N,1,assert
acme:data_store:store-00488~3d3876543e02,data_store,acme,store-00488,store-00488.dbms,dbms,false,operational,in_use,2023-07-10T05:00:22Z,\N,2023-08-23T14:34:34Z,\N,1,assert
acme:data_store:store-02294~89903e6af818,data_store,acme,store-02294,store-02294.warehouse,warehouse,true,operational,in_use,2023-08-21T22:03:42Z,\N,2023-08-23T07:15:48Z,\N,1,assert
acme:data_store:store-02524~1c95d3a40506,data_store,acme,store-02524,store-02524.dbms,dbms,false,operational,in_use,2023-08-21T06:38:08Z,\N,2023-08-23T15:58:33Z,\N,1,assert
acme:data_store:store-03014~188d2d0a212b,data_store,acme,store-03014,store-03014.object_store,object_store,false,operational,in_use,2023-07-11T06:24:46Z,\N,2023-08-23T00:29:11Z,\N,1,assert
acme:data_store:store-00165~9b699b4b6ffd,data_store,acme,store-00165,store-00165.file_share,file_share,true,operational,in_use,2023-07-25T13:11:54Z,\N,2023-08-24T01:54:45Z,\N,1,assert
acme:data_store:store-01086~f22708e3de92,data_store,acme,store-01086,store-01086.file_share,file_share,false,operational,in_use,2023-07-27T13:00:01Z,\N,2023-08-27T21:39:18Z,\N,1,assert
acme:data_store:store-01997~603ebfadf18b,data_store,acme,store-01997,store-01997.dbms,dbms,false,operational,in_use,2023-07-14T14:58:04Z,\N,2023-08-27T12:39:28Z,\N,1,assert
acme:data_store:store-01261~c1fc3d5ceb58,data_store,acme,store-01261,store-01261.queue,queue,false,operational,in_use,2023-08-01T05:08:59Z,\N,2023-08-28T09:19:08Z,\N,1,assert
acme:data_store:store-02091~4a68b244dd60,data_store,acme,store-02091,store-02091.dbms,dbms,false,operational,in_use,2023-08-26T18:15:04Z,\N,2023-08-29T12:32:21Z,\N,1,assert
acme:data_store:store-02162~12bbf6cb89b5,data_store,acme,store-02162,store-02162.file_share,file_share,false,operational,in_use,2023-08-10T07:51:18Z,\N,2023-08-29T06:50:05Z,\N,1,assert
acme:data_store:store-01574~537adf6ef2e3,data_store,acme,store-01574,store-01574.warehouse,warehouse,false,operational,in_use,2023-08-24T09:04:09Z,\N,2023-08-31T07:39:48Z,2025-01-20T19:33:23Z,1,assert
acme:data_store:store-00819~38df1cc0e3da,data_store,acme,store-00819,store-00819.dbms,dbms,false,operational,in_use,2023-07-31T21:24:36Z,\N,2023-09-01T10:34:06Z,\N,1,assert
acme:data_store:store-00649~fd3b37b3ccbc,data_store,acme,store-00649,store-00649.object_store,object_store,false,operational,in_use,2023-08-07T17:04:39Z,\N,2023-09-02T19:40:07Z,\N,1,assert
acme:data_store:store-03414~28e46159e8b1,data_store,acme,store-03414,store-03414.object_store,object_store,true,operational,in_use,2023-07-20T19:51:44Z,\N,2023-09-02T12:13:45Z,\N,1,assert
acme:data_store:store-01365~f920c8dd895c,data_store,acme,store-01365,store-01365.warehouse,warehouse,false,operational,in_use,2023-07-28T00:00:10Z,\N,2023-09-03T04:22:06Z,\N,1,assert
acme:data_store:store-03018~05cb2ff12bc5,data_store,acme,store-03018,store-03018.dbms,dbms,false,operational,in_use,2023-08-24T01:14:26Z,\N,2023-09-03T21:28:13Z,\N,1,assert
acme:data_store:store-02190~b99342132df1,data_store,acme,store-02190,store-02190.dbms,dbms,false,operational,in_use,2023-08-12T05:17:56Z,\N,2023-09-04T13:04:15Z,\N,1,assert
acme:data_store:store-02754~806d90b83cb1,data_store,acme,store-02754,store-02754.warehouse,warehouse,false,operational,in_use,2023-07-26T11:49:02Z,\N,2023-09-05T18:25:06Z,\N,1,assert
acme:data_store:store-01285~e6d7620ba63d,data_store,acme,store-01285,store-01285.dbms,dbms,false,operational,in_use,2023-08-31T20:32:55Z,\N,2023-09-07T05:26:02Z,\N,1,assert
acme:data_store:store-02074~ca26068b90dd,data_store,acme,store-02074,store-02074.warehouse,warehouse,false,operational,in_use,2023-08-08T23:26:53Z,\N,2023-09-07T04:01:39Z,\N,1,assert
acme:data_store:store-00208~63a22587c6f6,data_store,acme,store-00208,store-00208.object_store,object_store,false,operational,in_use,2023-08-04T11:11:29Z,2024-03-29T06:21:13Z,2023-09-07T08:14:52Z,\N,1,assert
acme:data_store:store-02881~1ccae8ceb4dc,data_store,acme,store-02881,store-02881.warehouse,warehouse,true,operational,in_use,2023-08-23T02:46:34Z,\N,2023-09-08T22:41:05Z,\N,1,assert
acme:data_store:store-02485~6c5325e933b9,data_store,acme,store-02485,store-02485.warehouse,warehouse,true,operational,in_use,2023-08-30T21:30:35Z,2023-12-23T22:59:48Z,2023-09-09T04:45:25Z,\N,1,assert
acme:data_store:store-02186~8350dbcab5e3,data_store,acme,store-02186,store-02186.object_store,object_store,false,operational,in_use,2023-08-18T15:04:01Z,\N,2023-09-10T06:07:02Z,\N,1,assert
acme:data_store:store-02855~9324930033ba,data_store,acme,store-02855,store-02855.dbms,dbms,false,operational,in_use,2023-08-21T04:31:45Z,\N,2023-09-10T12:57:07Z,\N,1,assert
acme:data_store:store-03267~42268cd4d679,data_store,acme,store-03267,store-03267.object_store,object_store,true,operational,in_use,2023-08-25T23:05:59Z,\N,2023-09-10T20:36:36Z,\N,1,assert
acme:data_store:store-01682~ceb9008d0c93,data_store,acme,store-01682,store-01682.warehouse,warehouse,false,operational,in_use,2023-09-01T18:16:03Z,2023-12-22T11:42:21Z,2023-09-12T07:11:07Z,\N,1,assert
acme:data_store:store-00717~e41e487440cb,data_store,acme,store-00717,store-00717.file_share,file_share,true,operational,in_use,2023-09-09T14:13:30Z,\N,2023-09-13T04:01:53Z,\N,1,assert
acme:data_store:store-01341~908bc321c3c6,data_store,acme,store-01341,store-01341.dbms,dbms,false,operational,in_use,2023-08-16T21:29:31Z,\N,2023-09-13T04:11:09Z,\N,1,assert
acme:data_store:store-03146~9963ce92e371,data_store,acme,store-03146,store-03146.dbms,dbms,true,operational,in_use,2023-09-10T23:58:48Z,\N,2023-09-13T07:37:29Z,\N,1,assert
acme:data_store:store-00122~da1968dbcdc8,data_store,acme,store-00122,store-00122.file_share,file_share,false,operational,in_use,2023-08-29T08:01:54Z,\N,2023-09-14T17:37:31Z,\N,1,assert
acme:data_store:store-00545~bb41504d1475,data_store,acme,store-00545,store-00545.object_store,object_store,false,operational,in_use,2023-09-05T02:13:12Z,\N,2023-09-14T18:21:08Z,\N,1,assert
acme:data_store:store-01855~387693bb9eb6,data_store,acme,store-01855,store-01855.dbms,dbms,false,operational,in_use,2023-08-07T06:01:21Z,\N,2023-09-14T07:59:53Z,\N,1,assert
acme:data_store:store-01070~cc2756e8eec2,data_store,acme,store-01070,store-01070.object_store,object_store,true,operational,in_use,2023-08-26T11:03:07Z,\N,2023-09-15T05:41:14Z,\N,1,assert
acme:data_store:store-01600~54a87ee11194,data_store,acme,store-01600,store-01600.warehouse,warehouse,false,operational,in_use,2023-08-16T17:23:59Z,\N,2023-09-15T08:42:55Z,\N,1,assert
acme:data_store:store-02502~48cfe3afd1e9,data_store,acme,store-02502,store-02502.file_share,file_share,false,operational,in_use,2023-09-12T16:32:26Z,\N,2023-09-15T22:20:30Z,\N,1,assert
acme:data_store:store-02022~e9f8f31b439a,data_store,acme,store-02022,store-02022.dbms,dbms,false,operational,in_use,2023-09-15T07:05:15Z,\N,2023-09-16T10:21:13Z,\N,1,assert
acme:data_store:store-00043~068da03c7cc7,data_store,acme,store-00043,store-00043.dbms,dbms,false,operational,in_use,2023-08-21T02:36:49Z,\N,2023-09-17T00:16:29Z,\N,1,assert
acme:data_store:store-00105~ec2702b56eb6,data_store,acme,store-00105,store-00105.file_share,file_share,false,operational,in_use,2023-08-13T09:14:07Z,\N,2023-09-18T17:16:53Z,\N,1,assert
acme:data_store:store-00852~d17d42270963,data_store,acme,store-00852,store-00852.dbms,dbms,true,operational,in_use,2023-09-18T20:12:15Z,\N,2023-09-18T20:12:15Z,\N,1,assert
acme:data_store:store-02006~fe444de6b81a,data_store,acme,store-02006,store-02006.dbms,dbms,false,operational,in_use,2023-08-27T08:29:59Z,\N,2023-09-20T14:28:10Z,\N,1,assert
acme:data_store:store-00477~eae092937d4e,data_store,acme,store-00477,store-00477.dbms,dbms,false,operational,in_use,2023-08-27T22:26:42Z,\N,2023-09-21T03:34:45Z,\N,1,assert
acme:data_store:store-03530~01aa6af489f6,data_store,acme,store-03530,store-03530.dbms,dbms,true,operational,in_use,2023-08-10T22:10:49Z,\N,2023-09-22T07:24:58Z,\N,1,assert
acme:data_store:store-02763~6bbb6dbcb31e,data_store,acme,store-02763,store-02763.file_share,file_share,false,operational,in_use,2023-08-24T20:13:03Z,\N,2023-09-23T12:42:13Z,\N,1,assert
acme:data_store:store-02392~588b127f606d,data_store,acme,store-02392,store-02392.file_share,file_share,true,operational,in_use,2023-08-26T07:27:29Z,\N,2023-09-24T01:47:00Z,\N,1,assert
acme:data_store:store-00676~1cc714d64041,data_store,acme,store-00676,store-00676.dbms,dbms,false,operational,in_use,2023-09-02T15:05:07Z,\N,2023-09-25T20:12:48Z,\N,1,assert
acme:data_store:store-01130~e0a0d61969e8,data_store,acme,store-01130,store-01130.object_store,object_store,false,operational,in_use,2023-09-03T17:57:01Z,\N,2023-09-25T16:16:20Z,\N,1,assert
acme:data_store:store-03021~db70734652fe,data_store,acme,store-03021,store-03021.file_share,file_share,true,operational,in_use,2023-08-12T16:18:06Z,\N,2023-09-25T22:14:45Z,\N,1,assert
acme:data_store:store-00755~0b686c1c8078,data_store,acme,store-00755,store-00755.warehouse,warehouse,false,operational,in_use,2023-08-24T06:43:19Z,\N,2023-09-26T08:39:38Z,\N,1,assert
acme:data_store:store-03442~136ca26d51e7,data_store,acme,store-03442,store-03442.object_store,object_store,false,operational,in_use,2023-08-17T19:40:06Z,\N,2023-09-28T08:33:48Z,\N,1,assert
acme:data_store:store-00127~17916d80ce3c,data_store,acme,store-00127,store-00127.dbms,dbms,true,operational,in_use,2023-09-19T08:24:56Z,\N,2023-09-29T02:56:05Z,\N,1,assert
acme:data_store:store-00942~18489ce41e19,data_store,acme,store-00942,store-00942.dbms,dbms,false,operational,in_use,2023-09-19T13:22:03Z,\N,2023-09-29T05:45:40Z,\N,1,assert
acme:data_store:store-01165~0717f79ac3c2,data_store,acme,store-01165,store-01165.warehouse,warehouse,true,operational,in_use,2023-09-20T22:49:43Z,\N,2023-09-30T03:23:17Z,\N,1,assert
acme:data_store:store-02309~8dbfa4dab72c,data_store,acme,store-02309,store-02309.dbms,dbms,false,operational,in_use,2023-08-22T19:39:36Z,\N,2023-10-01T01:50:58Z,\N,1,assert
acme:data_store:store-01229~c7a3c3608e97,data_store,acme,store-01229,store-01229.file_share,file_share,false,operational,in_use,2023-09-25T05:54:22Z,\N,2023-10-02T16:37:18Z,\N,1,assert
acme:data_store:store-03389~acca417516e8,data_store,acme,store-03389,store-03389.warehouse,warehouse,false,operational,in_use,2023-10-01T20:01:04Z,\N,2023-10-02T14:02:57Z,\N,1,assert
acme:data_store:store-01211~ba6e6c3d95ec,data_store,acme,store-01211,store-01211.file_share,file_share,true,operational,in_use,2023-09-15T09:55:24Z,\N,2023-10-03T01:00:24Z,\N,1,assert
acme:data_store:store-02253~2ba247786696,data_store,acme,store-02253,store-02253.dbms,dbms,false,operational,in_use,2023-09-30T09:39:26Z,\N,2023-10-03T19:37:22Z,\N,1,assert
acme:data_store:store-03164~81000c68e20f,data_store,acme,store-03164,store-03164.file_share,file_share,true,operational,in_use,2023-09-08T10:14:29Z,\N,2023-10-03T14:14:35Z,\N,1,assert
acme:data_store:store-01197~810e1aad0d72,data_store,acme,store-01197,store-01197.dbms,dbms,false,operational,in_use,2023-08-22T04:24:33Z,\N,2023-10-04T09:54:33Z,\N,1,assert
acme:data_store:store-03496~315acec52c74,data_store,acme,store-03496,store-03496.file_share,file_share,false,operational,in_use,2023-10-01T02:48:30Z,\N,2023-10-04T10:10:23Z,\N,1,assert
acme:data_store:store-00280~1b22e2c6bfca,data_store,acme,store-00280,store-00280.dbms,dbms,true,operational,in_use,2023-09-13T20:31:26Z,\N,2023-10-05T07:48:09Z,\N,1,assert
acme:data_store:store-03067~2ef4692df9ab,data_store,acme,store-03067,store-03067.file_share,file_share,false,operational,in_use,2023-09-07T00:37:58Z,\N,2023-10-06T17:20:46Z,\N,1,assert
acme:data_store:store-00060~47bb7655d919,data_store,acme,store-00060,store-00060.queue,queue,false,operational,in_use,2023-08-27T15:13:13Z,2023-11-25T02:58:09Z,2023-10-06T17:44:35Z,\N,1,assert
acme:data_store:store-01126~edb007818234,data_store,acme,store-01126,store-01126.dbms,dbms,false,operational,in_use,2023-09-20T19:21:29Z,\N,2023-10-08T04:59:44Z,\N,1,assert
acme:data_store:store-00438~6de83f623c16,data_store,acme,store-00438,store-00438.file_share,file_share,true,operational,in_use,2023-09-05T11:02:29Z,\N,2023-10-09T23:47:31Z,\N,1,assert
acme:data_store:store-00920~1848dcbf96f9,data_store,acme,store-00920,store-00920.dbms,dbms,false,operational,in_use,2023-10-01T10:34:14Z,\N,2023-10-09T07:45:36Z,\N,1,assert
acme:data_store:store-03519~87970405fd55,data_store,acme,store-03519,store-03519.dbms,dbms,false,operational,in_use,2023-09-24T09:37:53Z,\N,2023-10-09T18:24:04Z,\N,1,assert
acme:data_store:store-01488~b25923552e48,data_store,acme,store-01488,store-01488.dbms,dbms,false,operational,in_use,2023-10-04T03:07:07Z,\N,2023-10-10T10:52:30Z,\N,1,assert
acme:data_store:store-01315~914cfeee957a,data_store,acme,store-01315,store-01315.dbms,dbms,true,operational,in_use,2023-10-02T03:37:07Z,\N,2023-10-12T08:22:05Z,\N,1,assert
acme:data_store:store-01454~7958076d78b8,data_store,acme,store-01454,store-01454.dbms,dbms,true,operational,in_use,2023-10-06T13:35:15Z,\N,2023-10-12T02:47:46Z,\N,1,assert
acme:data_store:store-01175~be1790bce6fb,data_store,acme,store-01175,store-01175.object_store,object_store,false,operational,in_use,2023-09-05T09:45:01Z,\N,2023-10-13T14:29:17Z,\N,1,assert
acme:data_store:store-00026~a4fd7cb3cc14,data_store,acme,store-00026,store-00026.dbms,dbms,false,operational,in_use,2023-09-20T01:58:17Z,\N,2023-10-14T11:05:26Z,\N,1,assert
acme:data_store:store-00881~49913e305dcf,data_store,acme,store-00881,store-00881.queue,queue,false,operational,in_use,2023-09-12T01:23:55Z,\N,2023-10-14T07:24:26Z,\N,1,assert
acme:data_store:store-00317~e437961e3860,data_store,acme,store-00317,store-00317.dbms,dbms,false,operational,in_use,2023-09-04T21:45:20Z,\N,2023-10-15T18:35:40Z,\N,1,assert
acme:data_store:store-02676~78e0a407c599,data_store,acme,store-02676,store-02676.object_store,object_store,false,operational,in_use,2023-09-15T08:49:06Z,\N,2023-10-15T12:16:25Z,\N,1,assert
acme:data_store:store-03034~3ff7978b9720,data_store,acme,store-03034,store-03034.warehouse,warehouse,false,operational,in_use,2023-10-15T18:28:56Z,\N,2023-10-16T04:40:42Z,\N,1,assert
acme:data_store:store-02101~49b30e9c8476,data_store,acme,store-02101,store-02101.dbms,dbms,false,operational,in_maintenance,2023-08-17T17:34:19Z,\N,2023-10-17T05:59:59Z,\N,2,assert
acme:data_store:store-00397~d40aab56df88,data_store,acme,store-00397,store-00397.queue,queue,false,operational,in_use,2023-10-12T15:01:55Z,\N,2023-10-17T23:25:52Z,\N,1,assert
acme:data_store:store-03044~1ba699646bcb,data_store,acme,store-03044,store-03044.warehouse,warehouse,false,operational,in_use,2023-10-12T22:52:26Z,\N,2023-10-17T17:17:18Z,\N,1,assert
acme:data_store:store-02063~9c5dc1eefebb,data_store,acme,store-02063,store-02063.warehouse,warehouse,true,operational,in_use,2023-09-26T08:38:33Z,\N,2023-10-18T09:57:53Z,\N,1,assert
acme:data_store:store-01139~4406100ff880,data_store,acme,store-01139,store-01139.warehouse,warehouse,true,operational,in_use,2023-09-22T16:48:23Z,\N,2023-10-19T01:23:52Z,\N,1,assert
acme:data_store:store-02494~5c46e7573cfb,data_store,acme,store-02494,store-02494.object_store,object_store,false,operational,in_use,2023-10-09T17:50:05Z,\N,2023-10-19T16:58:49Z,\N,1,assert
acme:data_store:store-02778~3f49aa8c29b4,data_store,acme,store-02778,store-02778.dbms,dbms,true,operational,in_use,2023-09-27T14:57:58Z,\N,2023-10-19T13:57:23Z,\N,1,assert
acme:data_store:store-01609~b145be5ea53d,data_store,acme,store-01609,store-01609.dbms,dbms,false,operational,in_use,2023-09-21T20:15:47Z,\N,2023-10-21T10:39:10Z,2024-04-23T17:38:56Z,1,assert
acme:data_store:store-02025~35e4433e9e7b,data_store,acme,store-02025,store-02025.file_share,file_share,true,operational,in_use,2023-10-18T08:34:13Z,\N,2023-10-21T19:33:08Z,\N,1,assert
acme:data_store:store-02455~494245f324ae,data_store,acme,store-02455,store-02455.dbms,dbms,false,operational,in_use,2023-09-27T18:03:39Z,\N,2023-10-21T16:23:37Z,\N,1,assert
acme:data_store:store-00974~05f444f9287d,data_store,acme,store-00974,store-00974.object_store,object_store,false,operational,in_use,2023-09-18T04:40:10Z,2024-04-09T15:52:03Z,2023-10-22T09:44:13Z,\N,1,assert
acme:data_store:store-01916~38879bba43a6,data_store,acme,store-01916,store-01916.file_share,file_share,false,operational,in_use,2023-10-13T11:00:56Z,\N,2023-10-24T23:58:34Z,\N,1,assert
acme:data_store:store-02187~8195db030c85,data_store,acme,store-02187,store-02187.file_share,file_share,false,operational,in_use,2023-10-24T07:34:17Z,\N,2023-10-24T07:34:17Z,\N,1,assert
acme:data_store:store-00869~480478d3ab6a,data_store,acme,store-00869,store-00869.dbms,dbms,false,operational,in_use,2023-10-15T03:37:02Z,\N,2023-10-25T18:14:46Z,\N,1,assert
acme:data_store:store-01854~df44c6474503,data_store,acme,store-01854,store-01854.file_share,file_share,false,operational,in_use,2023-10-19T11:23:03Z,\N,2023-10-25T00:36:17Z,\N,1,assert
acme:data_store:store-00583~a80bc1b6cef8,data_store,acme,store-00583,store-00583.warehouse,warehouse,false,operational,in_use,2023-09-21T17:14:32Z,\N,2023-10-27T01:42:52Z,\N,1,assert
acme:data_store:store-01961~f542a20502d4,data_store,acme,store-01961,store-01961.warehouse,warehouse,false,operational,in_use,2023-09-23T09:05:45Z,\N,2023-10-27T23:20:16Z,\N,1,assert
acme:data_store:store-03209~6aa1f6eba3d8,data_store,acme,store-03209,store-03209.file_share,file_share,true,operational,in_use,2023-10-22T18:02:20Z,\N,2023-10-27T07:34:16Z,\N,1,assert
acme:data_store:store-00826~46a0ae4aa1b9,data_store,acme,store-00826,store-00826.warehouse,warehouse,true,operational,in_use,2023-10-18T21:49:58Z,\N,2023-10-28T13:45:07Z,\N,1,assert
acme:data_store:store-03528~4048caa3b821,data_store,acme,store-03528,store-03528.dbms,dbms,false,operational,in_use,2023-09-21T10:53:47Z,\N,2023-10-29T03:48:27Z,\N,1,assert
acme:data_store:store-01166~c3bffe23aecc,data_store,acme,store-01166,store-01166.warehouse,warehouse,false,operational,in_use,2023-10-03T04:33:54Z,\N,2023-10-30T22:40:27Z,\N,1,assert
acme:data_store:store-01181~215cb912f286,data_store,acme,store-01181,store-01181.warehouse,warehouse,false,operational,in_use,2023-10-29T21:19:28Z,2024-12-13T16:28:33Z,2023-10-30T23:00:12Z,\N,1,assert
acme:data_store:store-01595~b297067d181a,data_store,acme,store-01595,store-01595.file_share,file_share,false,operational,in_use,2023-10-22T07:13:18Z,\N,2023-11-01T02:43:11Z,\N,1,assert
acme:data_store:store-02876~4509c829d6d2,data_store,acme,store-02876,store-02876.dbms,dbms,true,operational,in_use,2023-10-07T18:30:01Z,\N,2023-11-02T08:07:51Z,\N,1,assert
acme:data_store:store-02649~7b40bab53108,data_store,acme,store-02649,store-02649.dbms,dbms,true,operational,in_use,2023-10-05T12:17:02Z,2024-07-10T18:42:18Z,2023-11-03T09:28:28Z,\N,1,assert
acme:data_store:store-00118~9d009225e252,data_store,acme,store-00118,store-00118.warehouse,warehouse,true,operational,in_use,2023-10-06T16:51:23Z,\N,2023-11-04T16:42:59Z,\N,1,assert
acme:data_store:store-03049~7c7604c46f06,data_store,acme,store-03049,store-03049.warehouse,warehouse,false,operational,in_use,2023-10-28T23:50:16Z,\N,2023-11-04T10:53:26Z,\N,1,assert
acme:data_store:store-00261~8aeb24cfdae2,data_store,acme,store-00261,store-00261.dbms,dbms,true,operational,in_use,2023-09-25T12:51:39Z,2024-07-12T02:33:48Z,2023-11-05T03:56:38Z,\N,1,assert
acme:data_store:store-01774~c6c67cafe654,data_store,acme,store-01774,store-01774.file_share,file_share,false,operational,in_use,2023-11-02T19:54:24Z,\N,2023-11-05T16:33:27Z,\N,1,assert
acme:data_store:store-03112~10e02174db7c,data_store,acme,store-03112,store-03112.object_store,object_store,false,operational,in_use,2023-10-06T06:05:42Z,\N,2023-11-05T23:49:15Z,\N,1,assert
acme:data_store:store-02156~c779a749ada5,data_store,acme,store-02156,store-02156.file_share,file_share,false,operational,in_use,2023-10-15T09:39:04Z,\N,2023-11-11T14:05:20Z,\N,1,assert
acme:data_store:store-00644~6e8ad1bed35f,data_store,acme,store-00644,store-00644.warehouse,warehouse,false,operational,in_use,2023-10-09T22:59:52Z,\N,2023-11-12T03:53:27Z,\N,1,assert
acme:data_store:store-02644~82fb59f21f9a,data_store,acme,store-02644,store-02644.file_share,file_share,false,operational,in_use,2023-10-18T04:07:36Z,\N,2023-11-12T12:59:31Z,\N,1,assert
acme:data_store:store-00310~d73673104424,data_store,acme,store-00310,store-00310.warehouse,warehouse,false,operational,in_use,2023-10-31T21:30:28Z,\N,2023-11-13T02:17:43Z,\N,1,assert
acme:data_store:store-03097~0072a60a84a3,data_store,acme,store-03097,store-03097.file_share,file_share,false,operational,in_use,2023-10-29T05:29:01Z,\N,2023-11-13T05:22:18Z,\N,1,assert
acme:data_store:store-02980~791e5421d690,data_store,acme,store-02980,store-02980.warehouse,warehouse,false,operational,in_use,2023-11-05T16:51:58Z,\N,2023-11-14T15:10:47Z,\N,1,assert
acme:data_store:store-01133~45811170c957,data_store,acme,store-01133,store-01133.dbms,dbms,false,operational,in_use,2023-11-04T02:24:27Z,\N,2023-11-15T05:49:21Z,\N,1,assert
acme:data_store:store-00227~eca47d1062d8,data_store,acme,store-00227,store-00227.file_share,file_share,false,operational,in_use,2023-10-08T09:07:01Z,\N,2023-11-16T00:41:18Z,\N,1,assert
acme:data_store:store-01120~4a16774f16c5,data_store,acme,store-01120,store-01120.file_share,file_share,false,operational,in_use,2023-10-10T22:03:03Z,\N,2023-11-16T15:24:56Z,\N,1,assert
acme:data_store:store-00414~bdaedccd93b7,data_store,acme,store-00414,store-00414.queue,queue,true,operational,in_use,2023-10-21T04:08:51Z,\N,2023-11-17T13:51:29Z,\N,1,assert
acme:data_store:store-03485~c7a79e17ff08,data_store,acme,store-03485,store-03485.dbms,dbms,true,operational,in_use,2023-11-11T01:37:01Z,2024-09-21T23:14:06Z,2023-11-18T03:50:27Z,\N,1,assert
acme:data_store:store-00604~951b08a2a5be,data_store,acme,store-00604,store-00604.warehouse,warehouse,false,operational,in_use,2023-11-05T21:20:05Z,\N,2023-11-18T04:56:10Z,\N,1,assert
acme:data_store:store-02937~fa2d5430ab8e,data_store,acme,store-02937,store-02937.file_share,file_share,false,operational,in_use,2023-10-17T01:12:15Z,\N,2023-11-18T09:51:00Z,\N,1,assert
acme:data_store:store-01695~38bd211d8201,data_store,acme,store-01695,store-01695.queue,queue,true,operational,in_use,2023-10-19T13:32:20Z,\N,2023-11-19T16:17:20Z,\N,1,assert
acme:data_store:store-01885~d18eb508a5d3,data_store,acme,store-01885,store-01885.file_share,file_share,true,operational,in_use,2023-11-05T17:46:16Z,\N,2023-11-19T22:23:05Z,\N,1,assert
acme:data_store:store-02532~0e1003433210,data_store,acme,store-02532,store-02532.warehouse,warehouse,true,operational,in_use,2023-10-27T09:50:16Z,\N,2023-11-19T14:52:21Z,\N,1,assert
acme:data_store:store-01788~0b6aaa8281a2,data_store,acme,store-01788,store-01788.dbms,dbms,false,operational,in_use,2023-10-22T12:23:59Z,\N,2023-11-20T08:52:18Z,\N,1,assert
acme:data_store:store-02056~28e0ca1aee15,data_store,acme,store-02056,store-02056.file_share,file_share,true,operational,in_use,2023-10-22T23:51:14Z,\N,2023-11-20T11:08:37Z,\N,1,assert
acme:data_store:store-00047~393f06fbb078,data_store,acme,store-00047,store-00047.dbms,dbms,false,operational,in_use,2023-11-20T01:27:20Z,\N,2023-11-21T00:31:26Z,\N,1,assert
acme:data_store:store-00038~ad708d8492b0,data_store,acme,store-00038,store-00038.dbms,dbms,true,operational,in_use,2023-11-21T08:47:39Z,\N,2023-11-22T01:55:09Z,\N,1,assert
acme:data_store:store-03051~edca9f97220f,data_store,acme,store-03051,store-03051.dbms,dbms,true,operational,in_use,2023-10-27T05:37:34Z,\N,2023-11-22T16:32:41Z,\N,1,assert
acme:data_store:store-01118~eeb88496e046,data_store,acme,store-01118,store-01118.file_share,file_share,false,operational,in_use,2023-11-01T18:33:46Z,\N,2023-11-23T03:43:13Z,\N,1,assert
acme:data_store:store-01843~e780eb76d5aa,data_store,acme,store-01843,store-01843.file_share,file_share,true,operational,in_use,2023-10-20T04:49:31Z,\N,2023-11-23T14:28:51Z,\N,1,assert
acme:data_store:store-02546~0da6a9309267,data_store,acme,store-02546,store-02546.object_store,object_store,false,operational,in_use,2023-11-12T16:56:44Z,\N,2023-11-23T00:48:38Z,\N,1,assert
acme:data_store:store-03179~5f4506c5ce5b,data_store,acme,store-03179,store-03179.file_share,file_share,true,operational,in_use,2023-11-22T07:30:45Z,\N,2023-11-23T11:02:11Z,\N,1,assert
acme:data_store:store-00014~1e3d49d78f98,data_store,acme,store-00014,store-00014.object_store,object_store,false,operational,in_use,2023-10-30T21:55:45Z,\N,2023-11-24T17:59:57Z,\N,1,assert
acme:data_store:store-00131~31de7eb4aca1,data_store,acme,store-00131,store-00131.object_store,object_store,false,operational,in_use,2023-10-19T11:13:28Z,\N,2023-11-25T06:55:33Z,\N,1,assert
acme:data_store:store-01859~ba4452833406,data_store,acme,store-01859,store-01859.object_store,object_store,false,operational,in_use,2023-10-17T15:47:15Z,\N,2023-11-25T00:34:28Z,\N,1,assert
acme:data_store:store-01714~70b35f9348ae,data_store,acme,store-01714,store-01714.object_store,object_store,false,operational,in_use,2023-11-02T23:03:22Z,\N,2023-11-26T13:22:13Z,\N,1,assert
acme:data_store:store-02284~e81fd6005ff9,data_store,acme,store-02284,store-02284.object_store,object_store,true,operational,in_use,2023-11-20T17:26:10Z,\N,2023-11-26T01:28:48Z,\N,1,assert
acme:data_store:store-01100~b337576cdca3,data_store,acme,store-01100,store-01100.object_store,object_store,false,operational,in_use,2023-11-16T04:14:00Z,\N,2023-11-29T00:55:21Z,\N,1,assert
acme:data_store:store-01989~22e0a2c2bfcb,data_store,acme,store-01989,store-01989.dbms,dbms,true,operational,in_use,2023-11-10T19:22:20Z,\N,2023-11-29T07:39:02Z,\N,1,assert
acme:data_store:store-01330~b2f8034086cb,data_store,acme,store-01330,store-01330.dbms,dbms,false,operational,in_use,2023-11-05T03:31:38Z,\N,2023-11-30T05:41:12Z,\N,1,assert
acme:data_store:store-01725~4cd5f8467b19,data_store,acme,store-01725,store-01725.file_share,file_share,true,operational,in_use,2023-11-18T19:59:47Z,\N,2023-11-30T20:08:15Z,\N,1,assert
acme:data_store:store-03360~0a10b1e03cc5,data_store,acme,store-03360,store-03360.warehouse,warehouse,false,operational,in_use,2023-10-23T05:34:35Z,\N,2023-11-30T05:41:30Z,\N,1,assert
acme:data_store:store-03499~1771c68915ac,data_store,acme,store-03499,store-03499.dbms,dbms,false,operational,in_use,2023-11-23T13:25:15Z,\N,2023-11-30T09:32:57Z,\N,1,assert
acme:data_store:store-00549~181c399b6db0,data_store,acme,store-00549,store-00549.dbms,dbms,false,operational,in_use,2023-11-17T19:00:24Z,\N,2023-12-01T15:45:59Z,\N,1,assert
acme:data_store:store-03429~f79c812a9f06,data_store,acme,store-03429,store-03429.warehouse,warehouse,true,operational,in_use,2023-12-02T14:01:29Z,\N,2023-12-02T14:01:29Z,\N,1,assert
acme:data_store:store-00812~3af1d77fea4f,data_store,acme,store-00812,store-00812.dbms,dbms,true,operational,in_use,2023-10-26T02:45:46Z,\N,2023-12-03T06:52:59Z,\N,1,assert
acme:data_store:store-00563~56313cb13ea8,data_store,acme,store-00563,store-00563.object_store,object_store,false,operational,in_use,2023-11-27T09:25:04Z,\N,2023-12-04T02:27:24Z,\N,1,assert
acme:data_store:store-03469~06584eeef381,data_store,acme,store-03469,store-03469.dbms,dbms,false,operational,in_use,2023-11-27T14:56:36Z,\N,2023-12-04T23:18:23Z,\N,1,assert
acme:data_store:store-03498~6333fc174b96,data_store,acme,store-03498,store-03498.object_store,object_store,false,operational,in_use,2023-11-26T10:31:30Z,\N,2023-12-04T01:40:40Z,\N,1,assert
acme:data_store:store-03599~56363b51bbe3,data_store,acme,store-03599,store-03599.object_store,object_store,false,operational,in_use,2023-10-23T17:53:51Z,\N,2023-12-04T02:32:16Z,\N,1,assert
acme:data_store:store-01810~bebdfeb87625,data_store,acme,store-01810,store-01810.file_share,file_share,false,operational,in_use,2023-10-29T18:43:11Z,\N,2023-12-05T21:53:06Z,\N,1,assert
acme:data_store:store-00856~1b3bad1d093f,data_store,acme,store-00856,store-00856.file_share,file_share,false,operational,in_use,2023-11-30T05:56:55Z,\N,2023-12-06T20:56:56Z,\N,1,assert
acme:data_store:store-01602~6d8effb485b4,data_store,acme,store-01602,store-01602.dbms,dbms,false,operational,in_use,2023-10-28T07:49:48Z,\N,2023-12-07T13:03:07Z,\N,1,assert
acme:data_store:store-01747~90dcfc5579a7,data_store,acme,store-01747,store-01747.dbms,dbms,false,operational,in_use,2023-11-22T07:17:20Z,\N,2023-12-07T17:03:02Z,\N,1,assert
acme:data_store:store-02098~0239fcaf9ef5,data_store,acme,store-02098,store-02098.queue,queue,true,operational,in_use,2023-11-28T07:35:37Z,\N,2023-12-07T13:31:25Z,\N,1,assert
acme:data_store:store-03201~9df3a6c504a2,data_store,acme,store-03201,store-03201.dbms,dbms,false,operational,in_use,2023-11-01T05:02:10Z,\N,2023-12-07T04:46:00Z,\N,1,assert
acme:data_store:store-00349~616b8ce2c70f,data_store,acme,store-00349,store-00349.dbms,dbms,false,operational,in_use,2023-11-30T08:13:25Z,\N,2023-12-08T12:43:10Z,\N,1,assert
acme:data_store:store-03172~ad6af58f8960,data_store,acme,store-03172,store-03172.warehouse,warehouse,false,operational,in_use,2023-11-07T15:46:53Z,\N,2023-12-08T02:02:44Z,\N,1,assert
acme:data_store:store-00835~3e6c0a4697a1,data_store,acme,store-00835,store-00835.warehouse,warehouse,false,operational,in_use,2023-12-06T00:05:27Z,\N,2023-12-09T02:57:45Z,\N,1,assert
acme:data_store:store-01380~9ae72acf326e,data_store,acme,store-01380,store-01380.warehouse,warehouse,true,operational,in_use,2023-11-28T09:38:16Z,2024-06-25T22:05:48Z,2023-12-10T14:37:35Z,\N,1,assert
acme:data_store:store-01571~21320e4fdab4,data_store,acme,store-01571,store-01571.dbms,dbms,false,operational,in_use,2023-11-04T00:40:03Z,\N,2023-12-10T15:04:26Z,\N,1,assert
acme:data_store:store-02688~15f5e3cbbe21,data_store,acme,store-02688,store-02688.file_share,file_share,false,operational,in_use,2023-11-07T12:39:20Z,\N,2023-12-11T23:16:59Z,\N,1,assert
acme:data_store:store-02780~bef69c39b065,data_store,acme,store-02780,store-02780.dbms,dbms,false,operational,in_use,2023-12-08T01:07:52Z,\N,2023-12-11T14:52:17Z,\N,1,assert
acme:data_store:store-02540~892a2ca19fbb,data_store,acme,store-02540,store-02540.dbms,dbms,true,operational,in_use,2023-10-31T09:06:01Z,\N,2023-12-12T00:50:47Z,\N,1,assert
acme:data_store:store-00084~59553c213e5f,data_store,acme,store-00084,store-00084.queue,queue,false,operational,in_use,2023-12-02T19:28:04Z,\N,2023-12-13T05:58:28Z,\N,1,assert
acme:data_store:store-00469~03233158c3c7,data_store,acme,store-00469,store-00469.dbms,dbms,true,operational,in_use,2023-11-14T22:55:59Z,\N,2023-12-13T07:54:11Z,\N,1,assert
acme:data_store:store-01274~5c45a83cbe8b,data_store,acme,store-01274,store-01274.file_share,file_share,false,operational,in_use,2023-11-04T20:46:25Z,\N,2023-12-13T02:27:38Z,\N,1,assert
acme:data_store:store-01799~454370d3bd91,data_store,acme,store-01799,store-01799.file_share,file_share,true,operational,in_use,2023-12-03T20:35:46Z,\N,2023-12-13T16:08:59Z,\N,1,assert
acme:data_store:store-02715~90d4ed9e2deb,data_store,acme,store-02715,store-02715.object_store,object_store,false,operational,in_use,2023-11-08T01:55:28Z,\N,2023-12-13T03:30:36Z,\N,1,assert
acme:data_store:store-02966~40d1bfc73c44,data_store,acme,store-02966,store-02966.warehouse,warehouse,true,operational,in_use,2023-11-28T18:19:16Z,\N,2023-12-13T10:10:15Z,\N,1,assert
acme:data_store:store-01578~33795faf7677,data_store,acme,store-01578,store-01578.queue,queue,false,operational,in_use,2023-12-05T06:45:28Z,\N,2023-12-15T19:34:22Z,\N,1,assert
acme:data_store:store-03081~c0a5195a9110,data_store,acme,store-03081,store-03081.file_share,file_share,false,operational,in_use,2023-12-10T16:46:12Z,\N,2023-12-16T03:00:27Z,\N,1,assert
acme:data_store:store-00063~819ab31981e5,data_store,acme,store-00063,store-00063.file_share,file_share,false,operational,in_use,2023-11-05T07:36:45Z,\N,2023-12-17T14:49:55Z,\N,1,assert
acme:data_store:store-01032~5789136a79cf,data_store,acme,store-01032,store-01032.file_share,file_share,false,operational,in_use,2023-11-15T04:17:13Z,\N,2023-12-17T23:44:25Z,\N,1,assert
acme:data_store:store-01374~a9252e327009,data_store,acme,store-01374,store-01374.file_share,file_share,false,operational,in_use,2023-12-02T11:25:09Z,\N,2023-12-17T01:59:14Z,\N,1,assert
acme:data_store:store-01581~9988b7c190ba,data_store,acme,store-01581,store-01581.object_store,object_store,false,operational,in_use,2023-12-02T22:28:45Z,\N,2023-12-17T04:09:22Z,\N,1,assert
acme:data_store:store-00193~0d028c6aff1c,data_store,acme,store-00193,store-00193.file_share,file_share,false,operational,in_use,2023-12-09T09:53:15Z,\N,2023-12-18T05:17:14Z,\N,1,assert
acme:data_store:store-02010~986086de4b2d,data_store,acme,store-02010,store-02010.dbms,dbms,false,operational,in_use,2023-12-04T22:11:48Z,\N,2023-12-18T12:04:17Z,\N,1,assert
acme:data_store:store-00503~c9730e31cd14,data_store,acme,store-00503,store-00503.file_share,file_share,false,operational,in_use,2023-12-02T07:59:29Z,\N,2023-12-18T14:44:26Z,2026-01-01T03:57:04Z,1,assert
acme:data_store:store-03023~17daea27529c,data_store,acme,store-03023,store-03023.file_share,file_share,false,operational,in_use,2023-11-08T06:23:10Z,\N,2023-12-21T10:03:32Z,\N,1,assert
acme:data_store:store-00196~94311b245a4a,data_store,acme,store-00196,store-00196.object_store,object_store,false,operational,in_use,2023-11-16T21:08:03Z,\N,2023-12-24T09:41:46Z,\N,1,assert
acme:data_store:store-00496~5e1fe3bb95a5,data_store,acme,store-00496,store-00496.warehouse,warehouse,false,operational,in_use,2023-12-03T01:31:25Z,\N,2023-12-24T01:04:03Z,\N,1,assert
acme:data_store:store-02803~6fb9787c42d3,data_store,acme,store-02803,store-02803.dbms,dbms,false,operational,in_use,2023-12-19T17:09:08Z,\N,2023-12-24T23:34:50Z,\N,1,assert
acme:data_store:store-03076~60caf8daccb9,data_store,acme,store-03076,store-03076.dbms,dbms,true,operational,in_use,2023-11-29T13:42:02Z,\N,2023-12-24T14:18:09Z,\N,1,assert
acme:data_store:store-02869~9b85b818cd8d,data_store,acme,store-02869,store-02869.dbms,dbms,false,operational,in_use,2023-11-24T04:52:45Z,\N,2023-12-25T17:32:18Z,\N,1,assert
acme:data_store:store-02799~413e68ff9f9b,data_store,acme,store-02799,store-02799.file_share,file_share,false,operational,in_use,2023-11-20T20:41:21Z,\N,2023-12-26T12:16:43Z,\N,1,assert
acme:data_store:store-03445~6154823eb586,data_store,acme,store-03445,store-03445.file_share,file_share,false,operational,in_use,2023-12-26T03:30:32Z,\N,2023-12-26T03:30:32Z,\N,1,assert
acme:data_store:store-01083~5f559e4eb3ba,data_store,acme,store-01083,store-01083.dbms,dbms,false,operational,in_use,2023-12-04T05:46:20Z,\N,2023-12-27T06:53:57Z,\N,1,assert
acme:data_store:store-00007~61b44d6166b5,data_store,acme,store-00007,store-00007.dbms,dbms,false,operational,in_use,2023-11-16T06:23:33Z,2023-12-23T18:09:15Z,2023-12-27T16:13:17Z,\N,1,assert
acme:data_store:store-02237~ff40b80c6305,data_store,acme,store-02237,store-02237.warehouse,warehouse,true,operational,in_use,2023-11-19T15:13:22Z,\N,2023-12-29T17:49:37Z,\N,1,assert
acme:data_store:store-00140~9a9bbbc72119,data_store,acme,store-00140,store-00140.dbms,dbms,false,operational,in_use,2023-12-03T12:34:27Z,\N,2023-12-31T09:35:23Z,\N,1,assert
acme:data_store:store-01964~d3c5fa5333a6,data_store,acme,store-01964,store-01964.warehouse,warehouse,false,operational,in_use,2023-12-26T16:59:47Z,\N,2024-01-01T07:33:27Z,\N,1,assert
acme:data_store:store-02411~079365042709,data_store,acme,store-02411,store-02411.dbms,dbms,true,operational,in_use,2023-11-24T17:18:18Z,2024-01-04T13:47:37Z,2024-01-01T13:03:47Z,\N,1,assert
acme:data_store:store-01076~5f2957e5c8e9,data_store,acme,store-01076,store-01076.file_share,file_share,false,operational,in_use,2023-12-06T03:43:54Z,\N,2024-01-02T13:20:37Z,\N,1,assert
acme:data_store:store-01721~c31fea9789e9,data_store,acme,store-01721,store-01721.dbms,dbms,false,operational,in_use,2023-12-11T11:56:17Z,\N,2024-01-02T21:23:46Z,\N,1,assert
acme:data_store:store-02321~0b90bac2d0f6,data_store,acme,store-02321,store-02321.warehouse,warehouse,false,operational,in_use,2023-11-29T22:05:21Z,\N,2024-01-02T05:44:25Z,\N,1,assert
acme:data_store:store-02833~794318931562,data_store,acme,store-02833,store-02833.queue,queue,false,operational,in_use,2023-12-22T11:57:40Z,\N,2024-01-03T13:02:13Z,\N,1,assert
acme:data_store:store-01425~17c919fe087f,data_store,acme,store-01425,store-01425.dbms,dbms,false,operational,in_use,2023-11-29T17:19:55Z,\N,2024-01-04T03:01:44Z,\N,1,assert
acme:data_store:store-02145~e5fb02ea4016,data_store,acme,store-02145,store-02145.object_store,object_store,true,operational,in_use,2023-12-29T02:23:57Z,\N,2024-01-05T01:13:01Z,\N,1,assert
acme:data_store:store-01254~f2b752b8d6a8,data_store,acme,store-01254,store-01254.file_share,file_share,false,operational,in_use,2023-12-05T11:46:14Z,\N,2024-01-06T14:34:09Z,\N,1,assert
acme:data_store:store-02316~2da83c24f88a,data_store,acme,store-02316,store-02316.warehouse,warehouse,false,operational,in_use,2023-12-09T07:43:41Z,2024-11-19T21:08:39Z,2024-01-06T17:11:35Z,\N,1,assert
acme:data_store:store-01092~ca6ac96129b7,data_store,acme,store-01092,store-01092.file_share,file_share,false,operational,in_use,2023-12-14T22:56:46Z,\N,2024-01-07T10:45:53Z,\N,1,assert
acme:data_store:store-01187~3582c796d898,data_store,acme,store-01187,store-01187.dbms,dbms,false,operational,in_use,2023-12-15T06:42:49Z,\N,2024-01-08T02:09:48Z,\N,1,assert
acme:data_store:store-01685~0865997c77f4,data_store,acme,store-01685,store-01685.object_store,object_store,true,operational,in_use,2023-12-18T13:01:29Z,\N,2024-01-09T19:53:47Z,\N,1,assert
acme:data_store:store-02176~cf2332991fa4,data_store,acme,store-02176,store-02176.object_store,object_store,false,operational,in_use,2023-12-16T02:16:43Z,\N,2024-01-09T11:06:09Z,\N,1,assert
acme:data_store:store-02212~791d2db2808c,data_store,acme,store-02212,store-02212.dbms,dbms,false,operational,in_use,2023-12-28T01:26:35Z,\N,2024-01-09T20:46:26Z,\N,1,assert
acme:data_store:store-00439~0afb8992dde4,data_store,acme,store-00439,store-00439.object_store,object_store,false,operational,in_use,2023-12-18T14:25:14Z,\N,2024-01-10T05:52:42Z,\N,1,assert
acme:data_store:store-00698~98a9d9553225,data_store,acme,store-00698,store-00698.queue,queue,false,operational,in_use,2023-12-28T08:00:15Z,\N,2024-01-10T12:57:20Z,\N,1,assert
acme:data_store:store-01442~9594981e2ac9,data_store,acme,store-01442,store-01442.object_store,object_store,false,operational,in_use,2023-12-26T08:00:19Z,\N,2024-01-10T23:57:42Z,\N,1,assert
acme:data_store:store-01460~22e278d0e060,data_store,acme,store-01460,store-01460.dbms,dbms,false,operational,in_use,2023-12-06T07:37:13Z,\N,2024-01-12T08:15:15Z,\N,1,assert
acme:data_store:store-00828~f45595442c4d,data_store,acme,store-00828,store-00828.dbms,dbms,false,operational,in_use,2023-12-18T18:42:51Z,\N,2024-01-13T14:35:39Z,\N,1,assert
acme:data_store:store-01409~798d1f0856b5,data_store,acme,store-01409,store-01409.object_store,object_store,true,operational,in_use,2023-12-22T09:26:26Z,\N,2024-01-13T00:07:34Z,\N,1,assert
acme:data_store:store-03526~b696485533a7,data_store,acme,store-03526,store-03526.warehouse,warehouse,false,operational,in_use,2023-12-21T07:27:07Z,\N,2024-01-13T20:38:14Z,\N,1,assert
acme:data_store:store-03269~7be1e516f10d,data_store,acme,store-03269,store-03269.warehouse,warehouse,false,operational,in_use,2023-12-22T08:35:12Z,2024-03-30T12:27:38Z,2024-01-16T15:38:53Z,\N,1,assert
acme:data_store:store-01869~c2fe6f9b362d,data_store,acme,store-01869,store-01869.warehouse,warehouse,false,operational,in_use,2024-01-05T23:09:36Z,\N,2024-01-17T06:20:22Z,\N,1,assert
acme:data_store:store-03219~5b5eb74a5f4b,data_store,acme,store-03219,store-03219.warehouse,warehouse,false,operational,in_use,2023-12-30T19:03:40Z,\N,2024-01-17T23:34:44Z,\N,1,assert
acme:data_store:store-00794~281039a45816,data_store,acme,store-00794,store-00794.dbms,dbms,false,operational,in_use,2023-12-23T17:00:49Z,\N,2024-01-18T15:37:14Z,\N,1,assert
acme:data_store:store-01336~e682bbb70f2f,data_store,acme,store-01336,store-01336.queue,queue,false,operational,in_use,2023-12-08T12:59:36Z,\N,2024-01-20T13:13:16Z,2026-04-08T09:32:45Z,1,assert
acme:data_store:store-02565~b7aabb9b4f7f,data_store,acme,store-02565,store-02565.queue,queue,true,operational,in_use,2024-01-18T12:33:32Z,\N,2024-01-21T08:03:34Z,\N,1,assert
acme:data_store:store-03364~d8fcd3186cf4,data_store,acme,store-03364,store-03364.dbms,dbms,true,operational,in_use,2023-12-31T17:23:57Z,\N,2024-01-21T17:18:51Z,\N,1,assert
acme:data_store:store-02873~59123e5e703f,data_store,acme,store-02873,store-02873.dbms,dbms,false,operational,in_use,2023-12-10T16:21:52Z,\N,2024-01-22T07:58:21Z,\N,1,assert
acme:data_store:store-01259~b74f6a45ba14,data_store,acme,store-01259,store-01259.dbms,dbms,false,operational,in_use,2024-01-07T22:26:29Z,2024-04-05T11:57:23Z,2024-01-23T07:07:51Z,\N,1,assert
acme:data_store:store-03143~6b90e4465817,data_store,acme,store-03143,store-03143.warehouse,warehouse,false,operational,in_use,2023-12-14T09:34:27Z,\N,2024-01-23T08:15:34Z,\N,1,assert
acme:data_store:store-00282~8bfbbd203acc,data_store,acme,store-00282,store-00282.queue,queue,true,operational,in_use,2023-12-19T05:27:07Z,\N,2024-01-24T11:32:27Z,\N,1,assert
acme:data_store:store-00848~74e79cef1620,data_store,acme,store-00848,store-00848.dbms,dbms,true,operational,in_use,2024-01-19T14:26:58Z,\N,2024-01-24T21:59:08Z,\N,1,assert
acme:data_store:store-02298~6b4fb179a72c,data_store,acme,store-02298,store-02298.dbms,dbms,true,operational,in_use,2023-12-28T13:14:58Z,\N,2024-01-24T14:15:16Z,\N,1,assert
acme:data_store:store-02595~ec530eb326c5,data_store,acme,store-02595,store-02595.file_share,file_share,false,operational,in_use,2024-01-23T21:02:50Z,\N,2024-01-24T14:42:13Z,\N,1,assert
acme:data_store:store-03512~19af5e3125a6,data_store,acme,store-03512,store-03512.queue,queue,false,operational,in_use,2023-12-21T14:26:32Z,\N,2024-01-24T11:33:12Z,\N,1,assert
acme:data_store:store-02988~0d4b44eb927c,data_store,acme,store-02988,store-02988.object_store,object_store,true,operational,in_use,2023-12-19T16:03:19Z,\N,2024-01-25T09:46:24Z,\N,1,assert
acme:data_store:store-00088~8ce0d29f9a09,data_store,acme,store-00088,store-00088.object_store,object_store,false,operational,in_use,2023-12-23T03:25:47Z,\N,2024-01-27T11:47:18Z,\N,1,assert
acme:data_store:store-03461~b7f78aa1a15c,data_store,acme,store-03461,store-03461.warehouse,warehouse,false,operational,in_use,2023-12-28T00:12:21Z,\N,2024-01-29T16:30:00Z,\N,1,assert
acme:data_store:store-00640~17d08366a15f,data_store,acme,store-00640,store-00640.dbms,dbms,true,operational,in_use,2024-01-24T10:18:35Z,\N,2024-01-30T18:14:31Z,\N,1,assert
acme:data_store:store-01785~398271ad13c2,data_store,acme,store-01785,store-01785.file_share,file_share,false,operational,in_use,2024-01-02T05:28:24Z,\N,2024-01-30T22:23:39Z,\N,1,assert
acme:data_store:store-03574~7090a3dc2aa6,data_store,acme,store-03574,store-03574.dbms,dbms,false,operational,in_use,2024-01-09T14:05:13Z,\N,2024-02-01T16:32:07Z,\N,1,assert
acme:data_store:store-00614~05a68189124b,data_store,acme,store-00614,store-00614.queue,queue,false,operational,in_use,2024-01-24T09:38:57Z,\N,2024-02-02T03:31:35Z,\N,1,assert
acme:data_store:store-00825~d0102132bf01,data_store,acme,store-00825,store-00825.dbms,dbms,false,operational,end_of_support,2023-07-12T10:38:04Z,\N,2024-02-02T17:27:39Z,\N,2,assert
acme:data_store:store-02943~0999b2793690,data_store,acme,store-02943,store-02943.warehouse,warehouse,false,operational,in_use,2023-12-27T16:07:43Z,\N,2024-02-03T17:22:31Z,\N,1,assert
acme:data_store:store-03002~e74769e43f2e,data_store,acme,store-03002,store-03002.dbms,dbms,false,operational,in_use,2024-01-17T21:05:55Z,\N,2024-02-03T12:20:28Z,\N,1,assert
acme:data_store:store-01960~b14c4e96c75d,data_store,acme,store-01960,store-01960.file_share,file_share,false,operational,in_use,2024-01-12T07:55:54Z,\N,2024-02-05T12:56:09Z,\N,1,assert
acme:data_store:store-02723~d5e484d2b3ed,data_store,acme,store-02723,store-02723.queue,queue,true,operational,in_use,2024-01-10T20:40:01Z,\N,2024-02-05T09:56:58Z,\N,1,assert
acme:data_store:store-00356~b9ecf8512712,data_store,acme,store-00356,store-00356.dbms,dbms,false,operational,in_use,2024-02-06T17:22:38Z,\N,2024-02-06T17:22:38Z,\N,1,assert
acme:data_store:store-00744~c022a7968403,data_store,acme,store-00744,store-00744.file_share,file_share,false,operational,in_use,2024-01-12T05:44:07Z,\N,2024-02-07T04:41:44Z,\N,1,assert
acme:data_store:store-02446~d64c34cfe753,data_store,acme,store-02446,store-02446.dbms,dbms,true,operational,in_use,2024-01-24T20:14:05Z,\N,2024-02-07T16:58:21Z,\N,1,assert
acme:data_store:store-01384~032f89369017,data_store,acme,store-01384,store-01384.file_share,file_share,false,operational,in_use,2024-01-29T15:36:42Z,\N,2024-02-08T12:35:35Z,\N,1,assert
acme:data_store:store-00471~9024cce1a461,data_store,acme,store-00471,store-00471.dbms,dbms,false,operational,in_use,2024-01-18T23:51:37Z,\N,2024-02-09T17:32:40Z,\N,1,assert
acme:data_store:store-03308~981642d47a45,data_store,acme,store-03308,store-03308.file_share,file_share,true,operational,in_use,2024-01-05T14:53:10Z,\N,2024-02-09T10:38:11Z,\N,1,assert
acme:data_store:store-00362~4d5d76dd6951,data_store,acme,store-00362,store-00362.dbms,dbms,false,operational,in_use,2024-01-16T16:54:28Z,\N,2024-02-11T02:54:49Z,\N,1,assert
acme:data_store:store-02890~118625e2a7a0,data_store,acme,store-02890,store-02890.file_share,file_share,false,operational,in_use,2024-01-13T01:20:05Z,\N,2024-02-12T23:57:28Z,\N,1,assert
acme:data_store:store-03433~71c377f0cef0,data_store,acme,store-03433,store-03433.dbms,dbms,false,operational,in_use,2024-01-04T01:06:25Z,\N,2024-02-14T22:11:23Z,2026-03-08T14:18:35Z,1,assert
acme:data_store:store-00380~a1268b917d05,data_store,acme,store-00380,store-00380.queue,queue,false,operational,in_use,2024-01-29T22:07:27Z,\N,2024-02-15T11:26:21Z,\N,1,assert
acme:data_store:store-02287~5b8d8659312e,data_store,acme,store-02287,store-02287.dbms,dbms,false,operational,in_use,2024-01-25T16:56:22Z,\N,2024-02-15T03:36:20Z,\N,1,assert
acme:data_store:store-03287~7de26b044cfb,data_store,acme,store-03287,store-03287.object_store,object_store,false,operational,in_use,2024-02-08T23:28:57Z,2024-06-04T01:13:51Z,2024-02-15T18:49:46Z,\N,1,assert
acme:data_store:store-02111~db552de4b761,data_store,acme,store-02111,store-02111.file_share,file_share,true,operational,in_use,2024-02-16T21:57:50Z,\N,2024-02-18T12:44:07Z,\N,1,assert
acme:data_store:store-01836~61f468b6f031,data_store,acme,store-01836,store-01836.file_share,file_share,false,operational,in_use,2024-01-13T22:00:57Z,\N,2024-02-21T09:12:46Z,\N,1,assert
acme:data_store:store-01973~24dcb969aa3e,data_store,acme,store-01973,store-01973.warehouse,warehouse,false,operational,in_use,2024-01-22T05:10:47Z,\N,2024-02-21T14:14:42Z,\N,1,assert
acme:data_store:store-02542~fcd068762dcb,data_store,acme,store-02542,store-02542.file_share,file_share,false,operational,in_use,2024-01-11T08:10:53Z,\N,2024-02-21T03:30:03Z,\N,1,assert
acme:data_store:store-02783~81a61069a7e1,data_store,acme,store-02783,store-02783.file_share,file_share,false,operational,in_use,2024-02-20T08:37:18Z,\N,2024-02-24T06:32:23Z,\N,1,assert
acme:data_store:store-03413~c36bc9096723,data_store,acme,store-03413,store-03413.dbms,dbms,false,operational,in_use,2024-01-17T01:07:24Z,\N,2024-02-24T20:56:00Z,\N,1,assert
acme:data_store:store-00996~11624304bdc8,data_store,acme,store-00996,store-00996.dbms,dbms,false,operational,in_use,2024-01-16T01:05:47Z,\N,2024-02-26T14:39:50Z,\N,1,assert
acme:data_store:store-01219~951c0751d984,data_store,acme,store-01219,store-01219.dbms,dbms,false,operational,in_use,2024-01-14T07:07:14Z,\N,2024-02-26T16:41:53Z,\N,1,assert
acme:data_store:store-01814~7c717a32f43d,data_store,acme,store-01814,store-01814.warehouse,warehouse,false,operational,in_use,2024-02-07T04:39:11Z,\N,2024-02-26T23:07:50Z,\N,1,assert
acme:data_store:store-03104~1b90d51b20ba,data_store,acme,store-03104,store-03104.dbms,dbms,true,operational,in_use,2024-02-06T04:35:26Z,\N,2024-02-26T05:41:06Z,\N,1,assert
acme:data_store:store-02572~2d2588a52282,data_store,acme,store-02572,store-02572.queue,queue,false,operational,in_use,2024-02-15T15:40:14Z,\N,2024-02-27T22:32:33Z,\N,1,assert
acme:data_store:store-03401~e3d5bf6bc543,data_store,acme,store-03401,store-03401.dbms,dbms,false,operational,in_use,2024-01-22T00:25:53Z,\N,2024-02-27T19:45:29Z,\N,1,assert
acme:data_store:store-03089~6fa6f78d4ba4,data_store,acme,store-03089,store-03089.warehouse,warehouse,true,operational,in_use,2024-01-29T19:26:54Z,\N,2024-02-28T12:49:10Z,\N,1,assert
acme:data_store:store-03317~d2eb9698efad,data_store,acme,store-03317,store-03317.file_share,file_share,true,operational,in_use,2024-02-22T02:33:43Z,\N,2024-02-28T17:44:05Z,\N,1,assert
acme:data_store:store-01647~d5f89109ebb1,data_store,acme,store-01647,store-01647.queue,queue,false,operational,in_use,2024-02-04T08:03:20Z,\N,2024-02-29T03:49:36Z,\N,1,assert
acme:data_store:store-01140~f6650ab2ee04,data_store,acme,store-01140,store-01140.warehouse,warehouse,true,operational,in_use,2024-02-12T12:29:01Z,\N,2024-03-02T07:52:51Z,\N,1,assert
acme:data_store:store-03085~838a6593c24a,data_store,acme,store-03085,store-03085.object_store,object_store,true,operational,in_use,2024-01-21T21:50:06Z,\N,2024-03-04T07:37:12Z,\N,1,assert
acme:data_store:store-00281~fc1ca49d5096,data_store,acme,store-00281,store-00281.object_store,object_store,false,operational,in_use,2024-02-23T13:31:03Z,\N,2024-03-05T14:49:46Z,\N,1,assert
acme:data_store:store-01239~d158cfb980fc,data_store,acme,store-01239,store-01239.dbms,dbms,false,operational,in_use,2024-02-12T03:34:56Z,\N,2024-03-05T22:24:46Z,\N,1,assert
acme:data_store:store-02941~6c5936e9780b,data_store,acme,store-02941,store-02941.warehouse,warehouse,true,operational,in_use,2024-02-07T02:10:31Z,\N,2024-03-05T19:42:52Z,\N,1,assert
acme:data_store:store-01066~2a26375b6b04,data_store,acme,store-01066,store-01066.warehouse,warehouse,true,operational,in_use,2024-02-23T04:51:36Z,\N,2024-03-06T20:17:27Z,\N,1,assert
acme:data_store:store-03575~1b432cc4b168,data_store,acme,store-03575,store-03575.file_share,file_share,false,operational,in_use,2024-01-29T20:37:12Z,\N,2024-03-08T21:46:26Z,\N,1,assert
acme:data_store:store-01498~69dc627a97f9,data_store,acme,store-01498,store-01498.warehouse,warehouse,true,operational,in_use,2024-02-13T15:10:03Z,\N,2024-03-09T18:59:04Z,\N,1,assert
acme:data_store:store-00668~6ad9aa796755,data_store,acme,store-00668,store-00668.queue,queue,false,operational,in_use,2024-03-07T00:49:31Z,\N,2024-03-10T10:19:44Z,\N,1,assert
acme:data_store:store-00071~78f43fca2ffe,data_store,acme,store-00071,store-00071.warehouse,warehouse,false,operational,in_use,2024-03-04T09:15:44Z,\N,2024-03-12T05:18:18Z,\N,1,assert
acme:data_store:store-00473~117cfcf80c3e,data_store,acme,store-00473,store-00473.dbms,dbms,true,operational,in_use,2024-02-29T23:27:02Z,\N,2024-03-13T03:56:00Z,\N,1,assert
acme:data_store:store-00660~46529e901d21,data_store,acme,store-00660,store-00660.dbms,dbms,false,operational,in_use,2024-02-15T06:32:32Z,\N,2024-03-13T15:52:37Z,\N,1,assert
acme:data_store:store-00915~a7f3e5b84baa,data_store,acme,store-00915,store-00915.file_share,file_share,false,operational,in_use,2024-03-06T22:14:52Z,\N,2024-03-14T09:37:12Z,\N,1,assert
acme:data_store:store-01107~461963fd6900,data_store,acme,store-01107,store-01107.queue,queue,true,operational,in_use,2024-02-15T10:46:03Z,\N,2024-03-15T17:36:29Z,\N,1,assert
acme:data_store:store-03096~648982bd2113,data_store,acme,store-03096,store-03096.file_share,file_share,false,operational,in_use,2024-02-02T15:08:23Z,\N,2024-03-15T14:30:12Z,\N,1,assert
acme:data_store:store-02304~3c472d281ff8,data_store,acme,store-02304,store-02304.file_share,file_share,false,operational,in_use,2024-03-08T04:56:52Z,\N,2024-03-17T05:38:46Z,\N,1,assert
acme:data_store:store-02005~1404d10bb9a3,data_store,acme,store-02005,store-02005.object_store,object_store,false,operational,in_use,2024-03-16T21:05:35Z,\N,2024-03-18T21:25:53Z,\N,1,assert
acme:data_store:store-02264~90f85e7dd13d,data_store,acme,store-02264,store-02264.object_store,object_store,false,operational,in_use,2024-02-18T19:53:38Z,\N,2024-03-18T07:07:57Z,\N,1,assert
acme:data_store:store-03099~232387c06de1,data_store,acme,store-03099,store-03099.file_share,file_share,true,operational,in_use,2024-02-20T21:57:59Z,\N,2024-03-20T21:47:47Z,\N,1,assert
acme:data_store:store-00287~04c8d92cfb72,data_store,acme,store-00287,store-00287.dbms,dbms,false,operational,in_use,2024-02-13T23:44:38Z,\N,2024-03-22T02:10:25Z,\N,1,assert
acme:data_store:store-00289~55725dffa182,data_store,acme,store-00289,store-00289.object_store,object_store,false,operational,in_use,2024-02-24T09:24:49Z,\N,2024-03-22T02:03:21Z,\N,1,assert
acme:data_store:store-03167~808660e9a5aa,data_store,acme,store-03167,store-03167.dbms,dbms,false,operational,in_use,2024-03-09T10:43:32Z,\N,2024-03-22T08:17:23Z,\N,1,assert
acme:data_store:store-01909~cf7ed771bb32,data_store,acme,store-01909,store-01909.file_share,file_share,false,operational,in_use,2024-03-03T06:47:53Z,\N,2024-03-23T07:10:28Z,\N,1,assert
acme:data_store:store-02886~e8b8c7b2e279,data_store,acme,store-02886,store-02886.object_store,object_store,false,operational,in_use,2024-02-28T11:08:20Z,\N,2024-03-23T19:53:54Z,\N,1,assert
acme:data_store:store-00702~3eaff49d9727,data_store,acme,store-00702,store-00702.object_store,object_store,false,operational,in_use,2024-03-08T07:54:48Z,\N,2024-03-24T21:15:49Z,\N,1,assert
acme:data_store:store-01555~5f4fe0d325ad,data_store,acme,store-01555,store-01555.object_store,object_store,false,operational,in_use,2024-02-18T14:20:56Z,\N,2024-03-24T15:03:25Z,\N,1,assert
acme:data_store:store-00875~a4f93e9776d9,data_store,acme,store-00875,store-00875.warehouse,warehouse,false,operational,in_use,2024-03-22T15:21:39Z,\N,2024-03-26T19:15:04Z,\N,1,assert
acme:data_store:store-00450~9652864a1e3a,data_store,acme,store-00450,store-00450.dbms,dbms,true,operational,in_use,2024-02-29T03:38:01Z,\N,2024-03-27T18:50:12Z,\N,1,assert
acme:data_store:store-01506~d5f6f50bd30f,data_store,acme,store-01506,store-01506.file_share,file_share,false,operational,in_use,2024-03-09T02:47:12Z,\N,2024-03-27T09:12:42Z,\N,1,assert
acme:data_store:store-02019~fa27cb0c71b0,data_store,acme,store-02019,store-02019.dbms,dbms,false,operational,in_use,2024-03-08T18:57:45Z,\N,2024-03-27T12:14:04Z,\N,1,assert
acme:data_store:store-01338~a078fed89803,data_store,acme,store-01338,store-01338.file_share,file_share,false,operational,in_use,2024-02-25T02:17:55Z,\N,2024-03-28T19:18:44Z,\N,1,assert
acme:data_store:store-01079~8099ed388045,data_store,acme,store-01079,store-01079.file_share,file_share,true,operational,in_use,2024-02-23T15:42:56Z,\N,2024-03-29T22:45:33Z,\N,1,assert
acme:data_store:store-01983~7b71983be134,data_store,acme,store-01983,store-01983.file_share,file_share,false,operational,in_use,2024-03-19T06:47:58Z,\N,2024-03-29T19:11:48Z,\N,1,assert
acme:data_store:store-01982~32bed0bf1adc,data_store,acme,store-01982,store-01982.dbms,dbms,false,operational,in_use,2024-03-17T00:27:24Z,\N,2024-03-30T17:11:50Z,\N,1,assert
acme:data_store:store-03059~80b84461e36b,data_store,acme,store-03059,store-03059.dbms,dbms,false,operational,in_use,2024-03-22T14:47:25Z,\N,2024-03-30T03:57:55Z,\N,1,assert
acme:data_store:store-00066~654d6a730cb3,data_store,acme,store-00066,store-00066.dbms,dbms,true,operational,in_use,2024-03-02T18:43:37Z,\N,2024-03-31T17:43:03Z,\N,1,assert
acme:data_store:store-01150~7809dee23bd9,data_store,acme,store-01150,store-01150.file_share,file_share,false,operational,in_use,2024-03-11T20:03:16Z,\N,2024-04-02T04:01:01Z,\N,1,assert
acme:data_store:store-02261~42ab0c9a53a6,data_store,acme,store-02261,store-02261.object_store,object_store,true,operational,in_use,2024-03-13T13:23:40Z,\N,2024-04-03T21:17:11Z,\N,1,assert
acme:data_store:store-02326~d18f2c4acd1a,data_store,acme,store-02326,store-02326.queue,queue,false,operational,in_use,2024-03-24T16:39:54Z,\N,2024-04-03T22:25:33Z,\N,1,assert
acme:data_store:store-00431~8a02b8ebda3b,data_store,acme,store-00431,store-00431.file_share,file_share,false,operational,in_use,2024-02-27T00:19:03Z,\N,2024-04-04T16:59:59Z,\N,1,assert
acme:data_store:store-01649~86018d364855,data_store,acme,store-01649,store-01649.warehouse,warehouse,false,operational,in_use,2024-03-22T03:49:28Z,\N,2024-04-04T14:20:39Z,\N,1,assert
acme:data_store:store-00324~9fff86fb038e,data_store,acme,store-00324,store-00324.dbms,dbms,false,operational,in_use,2024-03-15T16:48:50Z,\N,2024-04-05T10:24:47Z,\N,1,assert
acme:data_store:store-00253~09ba7f0320f8,data_store,acme,store-00253,store-00253.warehouse,warehouse,true,operational,in_use,2024-03-18T21:54:43Z,\N,2024-04-06T22:05:54Z,\N,1,assert
acme:data_store:store-00650~6a96a2d9a59a,data_store,acme,store-00650,store-00650.warehouse,warehouse,false,operational,in_use,2024-04-05T17:10:24Z,\N,2024-04-06T01:45:16Z,\N,1,assert
acme:data_store:store-02441~3060a1fe2e57,data_store,acme,store-02441,store-02441.file_share,file_share,false,operational,in_use,2024-02-28T07:18:38Z,\N,2024-04-06T07:50:08Z,\N,1,assert
acme:data_store:store-01335~5be36f3e518d,data_store,acme,store-01335,store-01335.dbms,dbms,false,operational,in_use,2024-03-22T14:36:19Z,\N,2024-04-10T13:17:55Z,\N,1,assert
acme:data_store:store-02924~7a0cfe4bb682,data_store,acme,store-02924,store-02924.dbms,dbms,true,operational,in_use,2024-03-11T15:57:20Z,\N,2024-04-10T00:05:16Z,\N,1,assert
acme:data_store:store-00012~3e059b31b745,data_store,acme,store-00012,store-00012.object_store,object_store,false,operational,in_use,2024-03-29T04:43:46Z,\N,2024-04-11T18:15:15Z,\N,1,assert
acme:data_store:store-02653~d9d1dd08b089,data_store,acme,store-02653,store-02653.warehouse,warehouse,false,operational,in_use,2024-03-04T06:13:09Z,\N,2024-04-12T01:24:45Z,\N,1,assert
acme:data_store:store-00339~50030ed2ffad,data_store,acme,store-00339,store-00339.dbms,dbms,true,operational,in_use,2024-03-12T20:27:44Z,\N,2024-04-13T11:03:03Z,\N,1,assert
acme:data_store:store-00930~e80ef0740bcd,data_store,acme,store-00930,store-00930.file_share,file_share,false,operational,in_use,2024-03-21T06:21:04Z,\N,2024-04-13T20:39:59Z,\N,1,assert
acme:data_store:store-03390~b05ef0c5fc91,data_store,acme,store-03390,store-03390.dbms,dbms,false,operational,in_use,2024-03-29T13:20:37Z,\N,2024-04-13T07:26:23Z,\N,1,assert
acme:data_store:store-03355~e43ccd8f6f94,data_store,acme,store-03355,store-03355.file_share,file_share,true,operational,in_use,2024-03-17T16:30:27Z,\N,2024-04-14T00:25:37Z,\N,1,assert
acme:data_store:store-02337~b92f72f74941,data_store,acme,store-02337,store-02337.file_share,file_share,false,operational,in_use,2024-03-23T07:30:30Z,\N,2024-04-16T11:03:21Z,\N,1,assert
acme:data_store:store-00057~7169e9cd0ce8,data_store,acme,store-00057,store-00057.dbms,dbms,false,operational,in_use,2024-03-19T00:39:51Z,\N,2024-04-17T14:52:19Z,\N,1,assert
acme:data_store:store-02480~95602f5554e7,data_store,acme,store-02480,store-02480.dbms,dbms,false,operational,in_use,2024-04-05T08:01:43Z,2024-07-24T23:09:44Z,2024-04-18T00:24:21Z,\N,1,assert
acme:data_store:store-00513~85e8fb38b0aa,data_store,acme,store-00513,store-00513.warehouse,warehouse,false,operational,in_use,2024-04-02T02:34:16Z,\N,2024-04-19T13:35:51Z,\N,1,assert
acme:data_store:store-01051~5cebba5e9ade,data_store,acme,store-01051,store-01051.queue,queue,false,operational,in_use,2024-03-09T16:23:24Z,\N,2024-04-19T12:07:37Z,\N,1,assert
acme:data_store:store-01489~404519986149,data_store,acme,store-01489,store-01489.object_store,object_store,true,operational,in_use,2024-04-07T11:48:03Z,\N,2024-04-19T08:06:19Z,\N,1,assert
acme:data_store:store-00212~42ad97ef9f9d,data_store,acme,store-00212,store-00212.warehouse,warehouse,false,operational,in_use,2024-03-09T16:49:53Z,\N,2024-04-20T17:17:22Z,\N,1,assert
acme:data_store:store-00575~3e02fb8edb85,data_store,acme,store-00575,store-00575.warehouse,warehouse,false,operational,in_use,2024-03-19T06:29:32Z,\N,2024-04-20T10:58:14Z,\N,1,assert
acme:data_store:store-03304~ce65c9cba513,data_store,acme,store-03304,store-03304.dbms,dbms,false,operational,in_use,2024-03-26T15:05:21Z,\N,2024-04-20T02:58:21Z,\N,1,assert
acme:data_store:store-03358~b8f433170507,data_store,acme,store-03358,store-03358.warehouse,warehouse,false,operational,in_use,2024-04-11T10:15:45Z,\N,2024-04-20T12:02:26Z,\N,1,assert
acme:data_store:store-00220~3c08cf55d1ee,data_store,acme,store-00220,store-00220.dbms,dbms,false,operational,in_use,2024-03-18T08:55:59Z,\N,2024-04-21T18:53:19Z,\N,1,assert
acme:data_store:store-02037~300bdf867ba0,data_store,acme,store-02037,store-02037.queue,queue,false,operational,in_use,2024-04-19T16:26:57Z,\N,2024-04-21T10:51:42Z,\N,1,assert
acme:data_store:store-02862~c0b2b837152f,data_store,acme,store-02862,store-02862.warehouse,warehouse,false,operational,in_use,2024-03-27T15:10:41Z,\N,2024-04-21T02:14:26Z,\N,1,assert
acme:data_store:store-00214~80689219b9b4,data_store,acme,store-00214,store-00214.warehouse,warehouse,false,operational,in_use,2024-04-10T15:41:38Z,\N,2024-04-22T08:26:10Z,\N,1,assert
acme:data_store:store-00633~4ee5e5c54de1,data_store,acme,store-00633,store-00633.file_share,file_share,false,operational,in_use,2024-03-18T18:50:36Z,\N,2024-04-23T00:12:56Z,\N,1,assert
acme:data_store:store-01321~e0da446ceaae,data_store,acme,store-01321,store-01321.dbms,dbms,false,operational,in_use,2024-04-16T00:46:37Z,\N,2024-04-23T11:40:31Z,\N,1,assert
acme:data_store:store-01609~b145be5ea53d,data_store,acme,store-01609,store-01609.dbms,dbms,false,operational,end_of_support,2023-09-21T20:15:47Z,\N,2024-04-23T17:38:56Z,\N,2,assert
acme:data_store:store-00224~c47275d9883d,data_store,acme,store-00224,store-00224.dbms,dbms,false,operational,in_use,2024-04-14T19:17:04Z,\N,2024-04-25T19:09:16Z,\N,1,assert
acme:data_store:store-00758~6d5de1523520,data_store,acme,store-00758,store-00758.dbms,dbms,false,operational,in_use,2024-04-13T05:46:37Z,\N,2024-04-25T13:45:28Z,\N,1,assert
acme:data_store:store-01793~26432cab4819,data_store,acme,store-01793,store-01793.warehouse,warehouse,true,operational,in_use,2024-04-13T07:54:35Z,\N,2024-04-25T21:02:10Z,\N,1,assert
acme:data_store:store-03214~2d5d2b5df160,data_store,acme,store-03214,store-03214.dbms,dbms,false,operational,in_use,2024-04-15T21:52:41Z,\N,2024-04-25T12:51:22Z,\N,1,assert
acme:data_store:store-00740~17c50ace4298,data_store,acme,store-00740,store-00740.warehouse,warehouse,false,operational,in_use,2024-03-18T14:00:54Z,\N,2024-04-27T16:14:54Z,\N,1,assert
acme:data_store:store-02740~df510ed1ea89,data_store,acme,store-02740,store-02740.warehouse,warehouse,false,operational,in_use,2024-04-03T00:28:45Z,\N,2024-04-28T06:09:00Z,\N,1,assert
acme:data_store:store-01492~3d98190bd611,data_store,acme,store-01492,store-01492.warehouse,warehouse,false,operational,in_use,2024-04-05T12:50:36Z,\N,2024-04-30T14:37:47Z,\N,1,assert
acme:data_store:store-01745~ce47288d61a0,data_store,acme,store-01745,store-01745.dbms,dbms,false,operational,in_use,2024-03-22T16:11:42Z,\N,2024-05-01T04:35:57Z,\N,1,assert
acme:data_store:store-03447~0225720be908,data_store,acme,store-03447,store-03447.queue,queue,true,operational,in_use,2024-03-30T08:17:51Z,\N,2024-05-01T09:26:09Z,\N,1,assert
acme:data_store:store-03273~4425ae4120e9,data_store,acme,store-03273,store-03273.object_store,object_store,false,operational,in_use,2024-04-13T13:48:50Z,\N,2024-05-02T05:31:46Z,\N,1,assert
acme:data_store:store-02901~dfeb5eda04f7,data_store,acme,store-02901,store-02901.warehouse,warehouse,true,operational,in_use,2024-04-26T08:34:15Z,\N,2024-05-03T19:50:40Z,\N,1,assert
acme:data_store:store-02079~9102a184f589,data_store,acme,store-02079,store-02079.file_share,file_share,false,operational,in_use,2024-04-17T07:54:04Z,\N,2024-05-04T11:07:13Z,\N,1,assert
acme:data_store:store-00750~dda85dcb1ac7,data_store,acme,store-00750,store-00750.file_share,file_share,false,operational,in_use,2024-05-02T18:45:32Z,\N,2024-05-05T02:55:09Z,\N,1,assert
acme:data_store:store-01880~47cc8c96c71a,data_store,acme,store-01880,store-01880.object_store,object_store,false,operational,in_use,2024-04-16T07:33:22Z,\N,2024-05-05T20:04:51Z,\N,1,assert
acme:data_store:store-01729~8461cc7727d2,data_store,acme,store-01729,store-01729.queue,queue,false,operational,in_use,2024-03-27T13:24:09Z,\N,2024-05-07T13:08:16Z,2026-01-12T23:30:42Z,1,assert
acme:data_store:store-01445~a6b2ad08f531,data_store,acme,store-01445,store-01445.file_share,file_share,false,operational,in_use,2024-04-14T05:48:32Z,\N,2024-05-08T06:46:10Z,\N,1,assert
acme:data_store:store-00483~88b741e3791a,data_store,acme,store-00483,store-00483.dbms,dbms,false,operational,in_use,2024-04-10T15:27:08Z,2024-08-01T04:04:05Z,2024-05-09T09:36:13Z,\N,1,assert
acme:data_store:store-02659~8c243341b54d,data_store,acme,store-02659,store-02659.file_share,file_share,false,operational,in_use,2024-04-17T10:58:15Z,\N,2024-05-09T21:11:16Z,\N,1,assert
acme:data_store:store-02797~881b39bdb4e4,data_store,acme,store-02797,store-02797.file_share,file_share,true,operational,in_use,2024-05-03T18:11:25Z,\N,2024-05-09T00:45:09Z,\N,1,assert
acme:data_store:store-01218~4dfb699992bb,data_store,acme,store-01218,store-01218.object_store,object_store,false,operational,in_use,2024-04-12T13:22:24Z,\N,2024-05-10T11:01:25Z,\N,1,assert
acme:data_store:store-02816~8eede41c5557,data_store,acme,store-02816,store-02816.dbms,dbms,false,operational,in_use,2024-04-10T00:01:22Z,\N,2024-05-10T02:42:24Z,\N,1,assert
acme:data_store:store-00588~1f5485b1cc11,data_store,acme,store-00588,store-00588.dbms,dbms,false,operational,in_use,2024-04-12T16:03:22Z,2024-11-16T01:04:58Z,2024-05-10T22:55:54Z,\N,1,assert
acme:data_store:store-00434~8accafaa913c,data_store,acme,store-00434,store-00434.dbms,dbms,true,operational,in_use,2024-04-05T03:20:47Z,\N,2024-05-11T17:31:34Z,\N,1,assert
acme:data_store:store-01134~e8208d4fc271,data_store,acme,store-01134,store-01134.warehouse,warehouse,false,operational,in_use,2024-04-17T12:38:29Z,\N,2024-05-11T15:35:02Z,\N,1,assert
acme:data_store:store-03183~ab6dc5be60e7,data_store,acme,store-03183,store-03183.object_store,object_store,false,operational,in_use,2024-05-03T23:13:23Z,\N,2024-05-11T22:12:15Z,\N,1,assert
acme:data_store:store-00089~6f5ba2971aa6,data_store,acme,store-00089,store-00089.file_share,file_share,false,operational,in_use,2024-04-24T06:22:45Z,\N,2024-05-12T01:47:55Z,\N,1,assert
acme:data_store:store-02015~1cc7cb56c244,data_store,acme,store-02015,store-02015.file_share,file_share,false,operational,in_use,2024-04-26T17:21:40Z,\N,2024-05-12T15:46:47Z,\N,1,assert
acme:data_store:store-02150~47d88b89ef72,data_store,acme,store-02150,store-02150.warehouse,warehouse,false,operational,in_use,2024-04-09T09:15:03Z,\N,2024-05-13T00:56:13Z,\N,1,assert
acme:data_store:store-02295~ac59b7c489d5,data_store,acme,store-02295,store-02295.file_share,file_share,false,operational,in_use,2024-04-14T17:02:13Z,\N,2024-05-13T17:27:09Z,\N,1,assert
acme:data_store:store-00818~159b37c4a2ad,data_store,acme,store-00818,store-00818.file_share,file_share,false,operational,in_use,2024-05-13T17:28:57Z,\N,2024-05-14T12:35:47Z,\N,1,assert
acme:data_store:store-01448~3814cffce795,data_store,acme,store-01448,store-01448.dbms,dbms,false,operational,in_use,2024-05-03T07:17:15Z,\N,2024-05-14T19:54:56Z,\N,1,assert
acme:data_store:store-01809~6057cdccaf83,data_store,acme,store-01809,store-01809.file_share,file_share,true,operational,in_use,2024-03-31T23:44:25Z,\N,2024-05-14T04:51:50Z,\N,1,assert
acme:data_store:store-02131~11acf90c25ac,data_store,acme,store-02131,store-02131.queue,queue,true,operational,in_use,2024-04-30T15:47:25Z,\N,2024-05-15T10:58:20Z,\N,1,assert
acme:data_store:store-00315~b0de8778556e,data_store,acme,store-00315,store-00315.warehouse,warehouse,false,operational,in_use,2024-05-04T21:39:38Z,\N,2024-05-16T17:08:20Z,\N,1,assert
acme:data_store:store-01155~0d0aa288cb23,data_store,acme,store-01155,store-01155.object_store,object_store,false,operational,in_use,2024-05-13T21:34:04Z,\N,2024-05-16T01:45:48Z,\N,1,assert
acme:data_store:store-01277~23b3c3e5ec77,data_store,acme,store-01277,store-01277.dbms,dbms,false,operational,in_use,2024-05-06T03:58:23Z,\N,2024-05-16T11:05:26Z,\N,1,assert
acme:data_store:store-01874~718ff4c3bbd2,data_store,acme,store-01874,store-01874.file_share,file_share,true,operational,in_use,2024-04-25T19:13:06Z,\N,2024-05-16T01:46:30Z,\N,1,assert
acme:data_store:store-02538~f21f79737e36,data_store,acme,store-02538,store-02538.object_store,object_store,false,operational,in_use,2024-04-30T22:37:17Z,\N,2024-05-17T20:27:34Z,\N,1,assert
acme:data_store:store-03135~4974368ed7b5,data_store,acme,store-03135,store-03135.file_share,file_share,false,operational,in_use,2024-04-22T11:56:42Z,\N,2024-05-17T01:32:24Z,\N,1,assert
acme:data_store:store-02344~5aaa7fcdd88f,data_store,acme,store-02344,store-02344.warehouse,warehouse,true,operational,in_use,2024-05-03T00:12:49Z,\N,2024-05-19T14:40:39Z,\N,1,assert
acme:data_store:store-02406~05a665aaac72,data_store,acme,store-02406,store-02406.object_store,object_store,true,operational,in_use,2024-04-08T20:43:45Z,\N,2024-05-21T07:01:32Z,\N,1,assert
acme:data_store:store-02979~5b9983d90dd4,data_store,acme,store-02979,store-02979.warehouse,warehouse,false,operational,end_of_support,2021-03-14T17:31:42Z,\N,2024-05-22T02:06:17Z,\N,2,assert
acme:data_store:store-03462~5d8a0a77b8d2,data_store,acme,store-03462,store-03462.queue,queue,false,operational,in_use,2024-04-22T05:07:03Z,\N,2024-05-22T19:23:55Z,\N,1,assert
acme:data_store:store-00145~29bfc51bfbbc,data_store,acme,store-00145,store-00145.dbms,dbms,false,operational,in_use,2024-04-20T12:11:25Z,\N,2024-05-23T03:29:47Z,\N,1,assert
acme:data_store:store-00376~8b098b7974e7,data_store,acme,store-00376,store-00376.file_share,file_share,false,operational,in_use,2024-05-05T10:21:59Z,\N,2024-05-23T07:00:58Z,\N,1,assert
acme:data_store:store-00408~6a545c16b813,data_store,acme,store-00408,store-00408.object_store,object_store,false,operational,in_use,2024-04-30T06:09:25Z,\N,2024-05-23T15:39:32Z,\N,1,assert
acme:data_store:store-01401~dcb64fadf137,data_store,acme,store-01401,store-01401.object_store,object_store,false,operational,in_use,2024-04-19T11:02:15Z,\N,2024-05-23T17:53:26Z,\N,1,assert
acme:data_store:store-02787~c003eb0a4fe8,data_store,acme,store-02787,store-02787.queue,queue,false,operational,in_use,2024-05-22T20:49:28Z,\N,2024-05-23T08:21:40Z,\N,1,assert
acme:data_store:store-00612~f06d6d240afd,data_store,acme,store-00612,store-00612.dbms,dbms,true,operational,in_use,2024-04-17T21:23:16Z,\N,2024-05-25T11:27:31Z,\N,1,assert
acme:data_store:store-02895~b9a7c05e893a,data_store,acme,store-02895,store-02895.file_share,file_share,false,operational,in_use,2024-04-16T13:15:32Z,\N,2024-05-25T14:17:23Z,\N,1,assert
acme:data_store:store-03262~8f8f9f8dbbd1,data_store,acme,store-03262,store-03262.warehouse,warehouse,false,operational,in_use,2024-05-04T01:39:31Z,\N,2024-05-26T17:26:37Z,\N,1,assert
acme:data_store:store-01005~e6fd5e8aa255,data_store,acme,store-01005,store-01005.file_share,file_share,false,operational,in_use,2024-05-08T09:51:07Z,2024-12-29T11:05:13Z,2024-05-27T12:36:28Z,\N,1,assert
acme:data_store:store-01461~9cde2518856e,data_store,acme,store-01461,store-01461.object_store,object_store,true,operational,in_use,2024-04-25T07:12:07Z,\N,2024-05-28T12:58:12Z,\N,1,assert
acme:data_store:store-03031~a16060e72936,data_store,acme,store-03031,store-03031.queue,queue,false,operational,in_use,2024-04-28T16:40:00Z,\N,2024-05-29T00:38:18Z,\N,1,assert
acme:data_store:store-00197~80e233485f93,data_store,acme,store-00197,store-00197.warehouse,warehouse,false,operational,in_use,2024-05-18T22:02:03Z,2024-12-31T14:28:19Z,2024-05-30T08:59:32Z,\N,1,assert
acme:data_store:store-00391~f5a79cc0f932,data_store,acme,store-00391,store-00391.file_share,file_share,true,operational,in_use,2024-05-13T21:49:57Z,\N,2024-05-30T13:58:50Z,\N,1,assert
acme:data_store:store-00534~ec46ee3d5bd0,data_store,acme,store-00534,store-00534.warehouse,warehouse,false,operational,in_use,2024-05-29T14:07:33Z,\N,2024-05-30T16:25:33Z,\N,1,assert
acme:data_store:store-00659~eb50bf8b1068,data_store,acme,store-00659,store-00659.warehouse,warehouse,true,operational,in_use,2024-05-08T06:18:03Z,\N,2024-05-31T05:17:23Z,\N,1,assert
acme:data_store:store-00805~85130d2e91f5,data_store,acme,store-00805,store-00805.queue,queue,true,operational,in_use,2024-05-26T10:06:26Z,\N,2024-06-01T06:33:32Z,\N,1,assert
acme:data_store:store-01965~75f6cb825a82,data_store,acme,store-01965,store-01965.dbms,dbms,false,operational,in_use,2024-05-15T04:59:12Z,\N,2024-06-02T04:25:54Z,\N,1,assert
acme:data_store:store-00301~2cab3f39739b,data_store,acme,store-00301,store-00301.queue,queue,true,operational,in_use,2024-04-27T14:56:55Z,\N,2024-06-03T16:47:47Z,\N,1,assert
acme:data_store:store-00204~020a08da9720,data_store,acme,store-00204,store-00204.file_share,file_share,false,operational,in_use,2024-05-05T20:07:56Z,\N,2024-06-04T11:07:12Z,\N,1,assert
acme:data_store:store-02117~0d41401951fd,data_store,acme,store-02117,store-02117.file_share,file_share,false,operational,in_use,2024-05-30T11:54:37Z,\N,2024-06-05T10:33:23Z,\N,1,assert
acme:data_store:store-02657~08d74925a88f,data_store,acme,store-02657,store-02657.dbms,dbms,false,operational,in_use,2024-05-30T10:34:49Z,\N,2024-06-05T15:55:20Z,\N,1,assert
acme:data_store:store-02786~01342185400a,data_store,acme,store-02786,store-02786.object_store,object_store,false,operational,in_use,2024-05-09T03:28:35Z,\N,2024-06-05T15:56:03Z,\N,1,assert
acme:data_store:store-00109~3c7d79570b69,data_store,acme,store-00109,store-00109.dbms,dbms,false,operational,in_use,2024-06-05T05:44:18Z,\N,2024-06-07T18:00:17Z,\N,1,assert
acme:data_store:store-00313~c7f095a49f3d,data_store,acme,store-00313,store-00313.object_store,object_store,true,operational,in_use,2024-05-10T14:45:46Z,\N,2024-06-07T23:17:01Z,\N,1,assert
acme:data_store:store-01163~ab335242fc22,data_store,acme,store-01163,store-01163.queue,queue,false,operational,in_use,2024-05-05T05:34:06Z,\N,2024-06-08T04:05:24Z,\N,1,assert
acme:data_store:store-03550~398115c8394d,data_store,acme,store-03550,store-03550.warehouse,warehouse,false,operational,in_use,2024-05-20T06:03:18Z,\N,2024-06-08T15:29:22Z,\N,1,assert
acme:data_store:store-00128~cc3a0a071b59,data_store,acme,store-00128,store-00128.warehouse,warehouse,false,operational,in_use,2024-05-03T16:13:19Z,\N,2024-06-09T02:11:41Z,\N,1,assert
acme:data_store:store-02447~cd24f94189a4,data_store,acme,store-02447,store-02447.file_share,file_share,true,operational,in_use,2024-05-29T16:03:46Z,\N,2024-06-09T13:18:53Z,\N,1,assert
acme:data_store:store-02764~ab0a14309540,data_store,acme,store-02764,store-02764.dbms,dbms,true,operational,in_use,2024-04-28T00:52:47Z,\N,2024-06-10T16:45:35Z,\N,1,assert
acme:data_store:store-02946~94f270b67ecc,data_store,acme,store-02946,store-02946.dbms,dbms,false,operational,in_use,2024-05-16T16:14:14Z,\N,2024-06-11T20:15:58Z,\N,1,assert
acme:data_store:store-03254~efbd46a8e968,data_store,acme,store-03254,store-03254.object_store,object_store,false,operational,in_use,2024-05-09T08:33:40Z,\N,2024-06-11T14:05:29Z,\N,1,assert
acme:data_store:store-00797~66d52eb14f52,data_store,acme,store-00797,store-00797.dbms,dbms,false,operational,in_use,2024-04-30T05:36:47Z,\N,2024-06-12T21:23:58Z,\N,1,assert
acme:data_store:store-01415~082602453747,data_store,acme,store-01415,store-01415.warehouse,warehouse,false,operational,in_use,2024-05-02T16:19:09Z,\N,2024-06-12T14:28:05Z,\N,1,assert
acme:data_store:store-02179~31a6057fe631,data_store,acme,store-02179,store-02179.object_store,object_store,true,operational,in_use,2024-05-15T01:52:28Z,\N,2024-06-13T07:03:00Z,\N,1,assert
acme:data_store:store-01020~c2d0c340aed5,data_store,acme,store-01020,store-01020.object_store,object_store,true,operational,in_use,2024-05-20T04:03:02Z,\N,2024-06-14T14:57:01Z,\N,1,assert
acme:data_store:store-01532~04a0696eafe5,data_store,acme,store-01532,store-01532.warehouse,warehouse,true,operational,in_use,2024-05-30T15:53:10Z,\N,2024-06-15T09:53:31Z,2024-08-11T15:09:09Z,1,assert
acme:data_store:store-00595~53d1381f5833,data_store,acme,store-00595,store-00595.warehouse,warehouse,false,operational,in_use,2024-05-24T14:46:54Z,\N,2024-06-15T21:52:51Z,\N,1,assert
acme:data_store:store-01386~31c44d11d152,data_store,acme,store-01386,store-01386.warehouse,warehouse,false,operational,in_use,2024-05-12T20:21:33Z,\N,2024-06-15T23:44:24Z,\N,1,assert
acme:data_store:store-02096~8347e3d9b700,data_store,acme,store-02096,store-02096.object_store,object_store,false,operational,in_use,2024-06-12T15:53:19Z,\N,2024-06-15T16:05:50Z,\N,1,assert
acme:data_store:store-00259~31bfb2145383,data_store,acme,store-00259,store-00259.dbms,dbms,true,operational,in_use,2024-06-07T04:13:25Z,\N,2024-06-17T07:16:31Z,\N,1,assert
acme:data_store:store-01860~caee53ecd96f,data_store,acme,store-01860,store-01860.warehouse,warehouse,false,operational,in_use,2024-05-31T04:31:02Z,\N,2024-06-17T00:56:17Z,\N,1,assert
acme:data_store:store-01180~b99ab9f36c85,data_store,acme,store-01180,store-01180.dbms,dbms,false,operational,in_use,2024-05-18T15:28:28Z,\N,2024-06-18T10:26:22Z,2026-01-08T04:40:05Z,1,assert
acme:data_store:store-01299~9390c8af4440,data_store,acme,store-01299,store-01299.object_store,object_store,false,operational,in_use,2024-06-01T17:53:57Z,\N,2024-06-18T22:21:20Z,\N,1,assert
acme:data_store:store-02203~06cf021d99e3,data_store,acme,store-02203,store-02203.object_store,object_store,false,operational,in_use,2024-06-17T19:12:34Z,\N,2024-06-18T02:20:27Z,\N,1,assert
acme:data_store:store-02325~babb78aa65f9,data_store,acme,store-02325,store-02325.warehouse,warehouse,false,operational,in_use,2024-06-17T15:29:37Z,\N,2024-06-18T14:21:53Z,\N,1,assert
acme:data_store:store-00058~c06e3715c28a,data_store,acme,store-00058,store-00058.warehouse,warehouse,false,operational,in_use,2024-05-18T16:16:36Z,2024-08-14T02:15:26Z,2024-06-18T23:47:26Z,\N,1,assert
acme:data_store:store-00341~4b2a31e9d38b,data_store,acme,store-00341,store-00341.file_share,file_share,false,operational,in_use,2024-06-19T06:32:01Z,2025-06-25T11:57:43Z,2024-06-19T06:32:01Z,\N,1,assert
acme:data_store:store-00590~35f9f3b460a7,data_store,acme,store-00590,store-00590.file_share,file_share,true,operational,in_use,2024-05-27T07:47:52Z,\N,2024-06-19T22:06:52Z,\N,1,assert
acme:data_store:store-02113~72476eec9d3e,data_store,acme,store-02113,store-02113.dbms,dbms,true,operational,in_use,2024-05-30T20:12:58Z,\N,2024-06-20T11:18:39Z,\N,1,assert
acme:data_store:store-02311~37766751aa6c,data_store,acme,store-02311,store-02311.dbms,dbms,false,operational,in_use,2024-05-28T15:19:44Z,\N,2024-06-21T02:56:14Z,\N,1,assert
acme:data_store:store-02694~3d415e7e3cdc,data_store,acme,store-02694,store-02694.file_share,file_share,true,operational,in_use,2024-06-13T10:33:06Z,\N,2024-06-21T05:54:15Z,\N,1,assert
acme:data_store:store-02798~855df9bfae34,data_store,acme,store-02798,store-02798.dbms,dbms,false,operational,in_use,2024-05-14T10:10:01Z,\N,2024-06-23T15:33:16Z,\N,1,assert
acme:data_store:store-00056~6e84be45afe6,data_store,acme,store-00056,store-00056.dbms,dbms,false,operational,in_use,2024-06-12T23:09:56Z,\N,2024-06-24T20:54:47Z,\N,1,assert
acme:data_store:store-01608~01a22ec0aab3,data_store,acme,store-01608,store-01608.dbms,dbms,false,operational,in_use,2024-05-23T00:04:31Z,\N,2024-06-24T23:24:20Z,\N,1,assert
acme:data_store:store-02279~abb1482c78ea,data_store,acme,store-02279,store-02279.dbms,dbms,false,operational,in_use,2024-05-27T01:27:03Z,\N,2024-06-25T11:36:19Z,\N,1,assert
acme:data_store:store-02934~f5eb24ff114d,data_store,acme,store-02934,store-02934.object_store,object_store,true,operational,in_use,2024-05-15T00:09:41Z,\N,2024-06-25T05:38:18Z,\N,1,assert
acme:data_store:store-01522~71a5539c68a5,data_store,acme,store-01522,store-01522.warehouse,warehouse,false,operational,in_use,2024-06-14T14:52:15Z,\N,2024-06-27T02:27:28Z,\N,1,assert
acme:data_store:store-02610~3bdcb6065dce,data_store,acme,store-02610,store-02610.object_store,object_store,false,operational,in_use,2024-05-19T00:22:15Z,\N,2024-06-27T08:00:31Z,\N,1,assert
acme:data_store:store-03056~337be1fa65a1,data_store,acme,store-03056,store-03056.warehouse,warehouse,false,operational,in_use,2024-06-07T12:00:45Z,\N,2024-06-28T09:47:45Z,\N,1,assert
acme:data_store:store-01352~d1cd3f916fd7,data_store,acme,store-01352,store-01352.file_share,file_share,false,operational,in_use,2024-06-05T02:04:23Z,\N,2024-06-29T21:47:45Z,\N,1,assert
acme:data_store:store-03249~f78d5b4b7520,data_store,acme,store-03249,store-03249.object_store,object_store,false,operational,in_use,2024-06-18T14:34:49Z,\N,2024-06-29T09:23:44Z,\N,1,assert
acme:data_store:store-02760~fb3722c720e0,data_store,acme,store-02760,store-02760.queue,queue,false,operational,in_use,2024-06-10T17:37:13Z,2025-07-05T03:04:31Z,2024-06-30T05:02:35Z,\N,1,assert
acme:data_store:store-00495~b3e0e92ecd26,data_store,acme,store-00495,store-00495.queue,queue,false,operational,in_use,2024-05-24T02:26:26Z,\N,2024-06-30T20:31:32Z,\N,1,assert
acme:data_store:store-01686~212f12a406d5,data_store,acme,store-01686,store-01686.queue,queue,false,operational,in_use,2024-06-02T01:25:31Z,\N,2024-06-30T01:19:23Z,\N,1,assert
acme:data_store:store-01797~ab0b5bc72b33,data_store,acme,store-01797,store-01797.file_share,file_share,false,operational,in_use,2024-05-19T00:54:09Z,\N,2024-06-30T17:14:28Z,\N,1,assert
acme:data_store:store-01819~979702dd8cb6,data_store,acme,store-01819,store-01819.warehouse,warehouse,false,operational,in_use,2024-06-24T07:45:36Z,\N,2024-07-01T08:40:41Z,\N,1,assert
acme:data_store:store-00768~ecda66f13cd3,data_store,acme,store-00768,store-00768.warehouse,warehouse,true,operational,in_use,2024-05-31T10:11:19Z,\N,2024-07-04T07:47:16Z,\N,1,assert
acme:data_store:store-02410~303ec08eb3e6,data_store,acme,store-02410,store-02410.dbms,dbms,false,operational,in_use,2024-06-03T23:38:34Z,\N,2024-07-07T01:26:35Z,\N,1,assert
acme:data_store:store-02751~f4578941ab07,data_store,acme,store-02751,store-02751.file_share,file_share,false,operational,in_use,2024-06-13T06:11:45Z,\N,2024-07-07T13:57:45Z,\N,1,assert
acme:data_store:store-03150~e57c263e3a8f,data_store,acme,store-03150,store-03150.warehouse,warehouse,false,operational,in_use,2024-06-12T15:49:56Z,\N,2024-07-08T20:14:18Z,\N,1,assert
acme:data_store:store-03279~a8fb1925f46c,data_store,acme,store-03279,store-03279.dbms,dbms,false,operational,in_use,2024-06-07T01:35:58Z,\N,2024-07-08T05:18:01Z,\N,1,assert
acme:data_store:store-02684~2e87f954174d,data_store,acme,store-02684,store-02684.file_share,file_share,true,operational,in_use,2024-07-02T22:08:09Z,\N,2024-07-09T15:28:20Z,\N,1,assert
acme:data_store:store-01962~88b519c90345,data_store,acme,store-01962,store-01962.warehouse,warehouse,false,operational,in_use,2024-06-09T08:27:42Z,2025-07-06T11:15:21Z,2024-07-10T14:46:28Z,\N,1,assert
acme:data_store:store-01692~b86707a090e9,data_store,acme,store-01692,store-01692.queue,queue,false,operational,in_use,2024-06-11T16:33:36Z,\N,2024-07-10T17:32:53Z,\N,1,assert
acme:data_store:store-01350~f9938420960f,data_store,acme,store-01350,store-01350.warehouse,warehouse,false,operational,in_use,2024-06-22T06:52:02Z,\N,2024-07-12T14:29:24Z,\N,1,assert
acme:data_store:store-01837~902aa6125adb,data_store,acme,store-01837,store-01837.warehouse,warehouse,true,operational,in_use,2024-06-11T11:06:14Z,\N,2024-07-12T09:00:06Z,\N,1,assert
acme:data_store:store-02180~3d64b37e5aed,data_store,acme,store-02180,store-02180.dbms,dbms,false,operational,in_use,2024-07-03T20:40:10Z,\N,2024-07-14T14:05:43Z,\N,1,assert
acme:data_store:store-02940~5b7345b6acdf,data_store,acme,store-02940,store-02940.warehouse,warehouse,false,operational,in_use,2024-07-05T13:05:23Z,\N,2024-07-14T20:36:18Z,\N,1,assert
acme:data_store:store-00150~cf8c93563cf5,data_store,acme,store-00150,store-00150.queue,queue,false,operational,in_use,2024-06-26T18:13:56Z,\N,2024-07-16T08:11:17Z,\N,1,assert
acme:data_store:store-03428~976027e004e8,data_store,acme,store-03428,store-03428.object_store,object_store,false,operational,in_use,2024-06-24T03:59:39Z,\N,2024-07-16T22:38:35Z,\N,1,assert
acme:data_store:store-02053~b5a85e597808,data_store,acme,store-02053,store-02053.dbms,dbms,false,operational,in_use,2024-07-12T14:09:18Z,\N,2024-07-17T20:43:00Z,\N,1,assert
acme:data_store:store-01604~adf4237a5fb3,data_store,acme,store-01604,store-01604.warehouse,warehouse,false,operational,in_use,2024-06-14T04:37:11Z,\N,2024-07-20T23:21:47Z,\N,1,assert
acme:data_store:store-01177~4929a9455ea2,data_store,acme,store-01177,store-01177.file_share,file_share,false,operational,in_use,2024-06-24T03:12:51Z,\N,2024-07-21T18:58:02Z,\N,1,assert
acme:data_store:store-00258~5d7e635ffb11,data_store,acme,store-00258,store-00258.dbms,dbms,true,operational,in_use,2024-06-27T14:48:24Z,\N,2024-07-23T06:01:01Z,\N,1,assert
acme:data_store:store-00440~837cb8e6e914,data_store,acme,store-00440,store-00440.file_share,file_share,false,operational,in_use,2024-06-23T15:53:54Z,\N,2024-07-25T20:06:25Z,\N,1,assert
acme:data_store:store-02626~c2d8b2e2ed37,data_store,acme,store-02626,store-02626.object_store,object_store,false,operational,in_use,2024-06-17T20:22:49Z,\N,2024-07-25T11:31:56Z,\N,1,assert
acme:data_store:store-00200~b0e52a6ea2a1,data_store,acme,store-00200,store-00200.queue,queue,false,operational,in_use,2024-06-29T01:02:23Z,\N,2024-07-26T21:48:03Z,\N,1,assert
acme:data_store:store-01511~845475a148a0,data_store,acme,store-01511,store-01511.dbms,dbms,false,operational,in_use,2024-07-04T16:30:33Z,\N,2024-07-26T21:04:20Z,\N,1,assert
acme:data_store:store-03280~6eece3a5eb0f,data_store,acme,store-03280,store-03280.dbms,dbms,true,operational,in_use,2024-07-26T15:06:06Z,\N,2024-07-26T15:06:06Z,\N,1,assert
acme:data_store:store-00008~64869a06626c,data_store,acme,store-00008,store-00008.warehouse,warehouse,true,operational,in_use,2024-07-17T11:27:37Z,\N,2024-07-28T04:35:19Z,\N,1,assert
acme:data_store:store-00394~0ed1b0b623af,data_store,acme,store-00394,store-00394.file_share,file_share,false,operational,in_use,2024-06-20T10:10:28Z,\N,2024-07-29T14:26:28Z,\N,1,assert
acme:data_store:store-00551~515e7504af99,data_store,acme,store-00551,store-00551.dbms,dbms,false,operational,in_use,2024-07-11T00:04:58Z,\N,2024-07-29T16:34:42Z,\N,1,assert
acme:data_store:store-01749~f7aa7e4367b3,data_store,acme,store-01749,store-01749.file_share,file_share,false,operational,in_use,2024-07-17T08:36:19Z,\N,2024-07-29T14:47:51Z,\N,1,assert
acme:data_store:store-00144~4104bfc82183,data_store,acme,store-00144,store-00144.dbms,dbms,true,operational,in_use,2024-06-17T05:04:22Z,\N,2024-07-30T01:42:04Z,\N,1,assert
acme:data_store:store-00396~96e270a54008,data_store,acme,store-00396,store-00396.dbms,dbms,false,operational,in_use,2024-07-03T01:44:18Z,\N,2024-07-30T02:43:57Z,\N,1,assert
acme:data_store:store-01222~c3377e0a4a81,data_store,acme,store-01222,store-01222.warehouse,warehouse,false,operational,in_use,2024-07-03T12:55:09Z,\N,2024-08-02T09:05:45Z,\N,1,assert
acme:data_store:store-00706~0a742b3e128d,data_store,acme,store-00706,store-00706.file_share,file_share,false,operational,in_use,2024-07-07T20:18:32Z,\N,2024-08-03T03:47:09Z,\N,1,assert
acme:data_store:store-01787~fd0eed98e3d2,data_store,acme,store-01787,store-01787.queue,queue,false,operational,in_use,2024-07-27T21:59:13Z,\N,2024-08-05T12:38:15Z,\N,1,assert
acme:data_store:store-02077~49adc4dbdcb5,data_store,acme,store-02077,store-02077.object_store,object_store,true,operational,in_use,2024-07-14T01:58:06Z,\N,2024-08-05T08:21:34Z,\N,1,assert
acme:data_store:store-02109~82c494e2a154,data_store,acme,store-02109,store-02109.dbms,dbms,false,operational,in_use,2024-07-09T20:35:13Z,\N,2024-08-05T17:54:23Z,\N,1,assert
acme:data_store:store-00972~b801a46deba4,data_store,acme,store-00972,store-00972.object_store,object_store,true,operational,in_use,2024-07-16T18:34:06Z,\N,2024-08-09T17:33:03Z,\N,1,assert
acme:data_store:store-01340~691eb3200482,data_store,acme,store-01340,store-01340.object_store,object_store,false,operational,in_use,2024-07-13T06:32:43Z,\N,2024-08-09T13:20:56Z,\N,1,assert
acme:data_store:store-01675~33b0d7a01e46,data_store,acme,store-01675,store-01675.file_share,file_share,true,operational,in_use,2024-07-18T04:04:26Z,\N,2024-08-09T02:46:48Z,\N,1,assert
acme:data_store:store-03352~a380813788e6,data_store,acme,store-03352,store-03352.file_share,file_share,false,operational,in_use,2024-06-27T15:12:09Z,2024-12-26T22:24:46Z,2024-08-10T09:08:37Z,\N,1,assert
acme:data_store:store-01532~04a0696eafe5,data_store,acme,store-01532,store-01532.warehouse,warehouse,true,operational,end_of_support,2024-05-30T15:53:10Z,\N,2024-08-11T15:09:09Z,\N,2,assert
acme:data_store:store-00548~6c9ad10612fc,data_store,acme,store-00548,store-00548.dbms,dbms,false,operational,in_use,2024-07-26T03:41:31Z,\N,2024-08-11T15:43:30Z,\N,1,assert
acme:data_store:store-01245~891f81a54ef9,data_store,acme,store-01245,store-01245.file_share,file_share,false,operational,in_use,2024-07-24T01:01:33Z,\N,2024-08-11T04:24:18Z,\N,1,assert
acme:data_store:store-03567~44d1e4c347c8,data_store,acme,store-03567,store-03567.dbms,dbms,false,operational,in_use,2024-07-07T16:45:21Z,\N,2024-08-11T22:48:04Z,\N,1,assert
acme:data_store:store-00443~b5b4bc35fc5d,data_store,acme,store-00443,store-00443.file_share,file_share,false,operational,in_use,2024-07-03T21:56:59Z,\N,2024-08-12T06:32:28Z,\N,1,assert
acme:data_store:store-02051~1b6320ece103,data_store,acme,store-02051,store-02051.warehouse,warehouse,false,operational,in_use,2024-08-01T01:53:35Z,\N,2024-08-12T04:29:34Z,\N,1,assert
acme:data_store:store-00369~8b31b72be62e,data_store,acme,store-00369,store-00369.object_store,object_store,false,operational,in_use,2024-07-29T15:00:54Z,\N,2024-08-13T13:18:04Z,\N,1,assert
acme:data_store:store-01073~c7196100a361,data_store,acme,store-01073,store-01073.warehouse,warehouse,false,operational,in_use,2024-07-07T18:39:12Z,\N,2024-08-14T17:30:22Z,\N,1,assert
acme:data_store:store-00917~929ad9baecc7,data_store,acme,store-00917,store-00917.dbms,dbms,true,operational,in_use,2024-07-03T17:36:11Z,\N,2024-08-15T14:54:14Z,\N,1,assert
acme:data_store:store-00936~731fd82b98f5,data_store,acme,store-00936,store-00936.dbms,dbms,false,operational,in_use,2024-08-15T15:23:00Z,\N,2024-08-16T11:04:57Z,\N,1,assert
acme:data_store:store-01125~1cfb1889447a,data_store,acme,store-01125,store-01125.file_share,file_share,true,operational,in_use,2024-08-15T15:42:54Z,\N,2024-08-16T10:28:07Z,\N,1,assert
acme:data_store:store-03559~c257472dae67,data_store,acme,store-03559,store-03559.file_share,file_share,true,operational,in_use,2024-07-15T14:37:56Z,\N,2024-08-17T13:48:13Z,\N,1,assert
acme:data_store:store-01456~aa8e018029dc,data_store,acme,store-01456,store-01456.file_share,file_share,false,operational,in_use,2024-07-27T01:57:31Z,\N,2024-08-18T16:53:21Z,\N,1,assert
acme:data_store:store-01744~5bc83e8ac1dc,data_store,acme,store-01744,store-01744.object_store,object_store,false,operational,in_use,2024-08-13T19:32:08Z,\N,2024-08-19T04:25:35Z,\N,1,assert
acme:data_store:store-02073~bce4a5039474,data_store,acme,store-02073,store-02073.dbms,dbms,false,operational,in_use,2024-08-17T03:49:41Z,\N,2024-08-19T06:41:06Z,\N,1,assert
acme:data_store:store-00323~a20f805e7ed7,data_store,acme,store-00323,store-00323.warehouse,warehouse,false,operational,in_use,2024-07-29T15:20:00Z,\N,2024-08-20T20:56:06Z,\N,1,assert
acme:data_store:store-00177~daa8154c8a29,data_store,acme,store-00177,store-00177.dbms,dbms,false,operational,in_use,2024-08-05T16:23:04Z,\N,2024-08-21T11:00:30Z,\N,1,assert
acme:data_store:store-02144~3e199e48d422,data_store,acme,store-02144,store-02144.warehouse,warehouse,true,operational,in_use,2024-08-20T16:33:18Z,\N,2024-08-23T18:18:51Z,\N,1,assert
acme:data_store:store-02451~06200d88be37,data_store,acme,store-02451,store-02451.warehouse,warehouse,true,operational,in_use,2024-07-28T14:00:07Z,\N,2024-08-23T23:38:13Z,\N,1,assert
acme:data_store:store-01295~7446c5deba8c,data_store,acme,store-01295,store-01295.dbms,dbms,true,operational,in_use,2024-08-12T07:01:16Z,\N,2024-08-24T10:57:20Z,\N,1,assert
acme:data_store:store-03124~1f635df0873c,data_store,acme,store-03124,store-03124.dbms,dbms,false,operational,in_use,2024-07-17T21:09:23Z,\N,2024-08-25T19:15:55Z,\N,1,assert
acme:data_store:store-00679~1f25bb546d41,data_store,acme,store-00679,store-00679.file_share,file_share,false,operational,in_use,2024-08-24T17:25:18Z,\N,2024-08-26T21:10:48Z,\N,1,assert
acme:data_store:store-01815~51d31614c235,data_store,acme,store-01815,store-01815.dbms,dbms,false,operational,in_use,2024-08-18T07:01:56Z,\N,2024-08-26T11:39:15Z,\N,1,assert
acme:data_store:store-01911~81cab4c9d9b3,data_store,acme,store-01911,store-01911.dbms,dbms,false,operational,in_use,2024-08-12T11:33:47Z,\N,2024-08-26T00:32:22Z,\N,1,assert
acme:data_store:store-02919~82fa4045caef,data_store,acme,store-02919,store-02919.warehouse,warehouse,false,operational,in_use,2024-08-12T06:01:28Z,\N,2024-08-26T10:12:15Z,\N,1,assert
acme:data_store:store-00468~a89bc2af8b6d,data_store,acme,store-00468,store-00468.file_share,file_share,false,operational,in_use,2024-08-24T02:43:56Z,\N,2024-08-27T01:14:54Z,\N,1,assert
acme:data_store:store-02959~ddca88c75c65,data_store,acme,store-02959,store-02959.dbms,dbms,false,operational,in_use,2024-08-10T16:37:31Z,\N,2024-08-27T00:09:53Z,\N,1,assert
acme:data_store:store-01000~e9d38a9198d4,data_store,acme,store-01000,store-01000.dbms,dbms,false,operational,in_use,2024-08-13T17:36:17Z,2025-03-31T09:10:57Z,2024-08-27T03:20:50Z,\N,1,assert
acme:data_store:store-03396~dd1e9f60b076,data_store,acme,store-03396,store-03396.dbms,dbms,true,operational,in_use,2024-08-27T14:57:13Z,\N,2024-08-27T14:57:13Z,\N,1,assert
acme:data_store:store-01209~426fa87a5045,data_store,acme,store-01209,store-01209.file_share,file_share,true,operational,in_use,2024-08-27T21:00:11Z,\N,2024-08-28T00:08:33Z,\N,1,assert
acme:data_store:store-02379~c9d32861685b,data_store,acme,store-02379,store-02379.dbms,dbms,false,operational,in_use,2024-08-10T07:34:10Z,\N,2024-08-29T06:42:17Z,\N,1,assert
acme:data_store:store-02471~906968e59bb5,data_store,acme,store-02471,store-02471.object_store,object_store,false,operational,in_use,2024-07-20T12:44:25Z,\N,2024-08-29T21:30:57Z,\N,1,assert
acme:data_store:store-02297~138f0a0851f8,data_store,acme,store-02297,store-02297.dbms,dbms,false,operational,in_use,2024-08-10T06:04:29Z,\N,2024-08-30T01:34:27Z,\N,1,assert
acme:data_store:store-01905~ad7f72af9ad0,data_store,acme,store-01905,store-01905.object_store,object_store,true,operational,in_use,2024-08-13T20:08:43Z,\N,2024-08-31T18:10:14Z,\N,1,assert
acme:data_store:store-01012~89069543b76b,data_store,acme,store-01012,store-01012.dbms,dbms,true,operational,in_use,2024-07-28T22:01:03Z,2025-03-27T18:50:37Z,2024-09-01T16:53:09Z,\N,1,assert
acme:data_store:store-02967~d75f5c698803,data_store,acme,store-02967,store-02967.file_share,file_share,false,operational,in_use,2024-08-07T07:58:08Z,\N,2024-09-01T23:16:36Z,\N,1,assert
acme:data_store:store-01882~6b594eaa8f00,data_store,acme,store-01882,store-01882.object_store,object_store,false,operational,in_use,2024-08-23T11:17:38Z,\N,2024-09-02T16:08:30Z,\N,1,assert
acme:data_store:store-01907~3d85ae31a878,data_store,acme,store-01907,store-01907.queue,queue,false,operational,in_maintenance,2021-04-01T21:13:17Z,\N,2024-09-02T18:04:35Z,\N,2,assert
acme:data_store:store-01385~abc40bdc7abc,data_store,acme,store-01385,store-01385.file_share,file_share,false,operational,in_use,2024-08-22T11:59:53Z,\N,2024-09-03T00:33:24Z,2025-07-06T13:25:25Z,1,assert
acme:data_store:store-03472~98dde2481123,data_store,acme,store-03472,store-03472.dbms,dbms,false,operational,in_use,2024-08-18T09:13:50Z,2025-06-16T14:40:13Z,2024-09-03T06:58:26Z,\N,1,assert
acme:data_store:store-01055~b983aa807dc8,data_store,acme,store-01055,store-01055.object_store,object_store,true,operational,in_use,2024-08-02T14:27:24Z,\N,2024-09-05T06:18:56Z,2025-09-02T10:20:08Z,1,assert
acme:data_store:store-00521~fb5842f8e6e9,data_store,acme,store-00521,store-00521.file_share,file_share,true,operational,in_use,2024-08-24T05:02:54Z,\N,2024-09-05T09:00:42Z,\N,1,assert
acme:data_store:store-01538~bb54a5751547,data_store,acme,store-01538,store-01538.dbms,dbms,false,operational,in_use,2024-07-31T19:58:34Z,\N,2024-09-08T11:13:36Z,\N,1,assert
acme:data_store:store-02275~c908c026a8e3,data_store,acme,store-02275,store-02275.warehouse,warehouse,false,operational,in_use,2024-08-31T06:37:50Z,\N,2024-09-08T21:47:52Z,\N,1,assert
acme:data_store:store-02861~ceff353f075e,data_store,acme,store-02861,store-02861.dbms,dbms,true,operational,in_use,2024-08-28T03:56:55Z,\N,2024-09-10T03:16:33Z,\N,1,assert
acme:data_store:store-01755~8816312c557d,data_store,acme,store-01755,store-01755.queue,queue,false,operational,in_use,2024-08-20T09:15:52Z,\N,2024-09-11T06:31:44Z,\N,1,assert
acme:data_store:store-01129~1aee1144e133,data_store,acme,store-01129,store-01129.dbms,dbms,false,operational,in_use,2024-08-05T09:12:23Z,\N,2024-09-12T10:30:52Z,\N,1,assert
acme:data_store:store-01771~92b51b9aef50,data_store,acme,store-01771,store-01771.queue,queue,false,operational,in_use,2024-09-03T18:16:57Z,\N,2024-09-13T11:03:35Z,\N,1,assert
acme:data_store:store-02358~03d687e6114a,data_store,acme,store-02358,store-02358.file_share,file_share,false,operational,in_use,2024-09-04T00:57:27Z,\N,2024-09-13T07:45:50Z,\N,1,assert
acme:data_store:store-00793~f1168e309207,data_store,acme,store-00793,store-00793.warehouse,warehouse,false,operational,in_use,2024-09-15T03:58:13Z,\N,2024-09-18T02:08:34Z,\N,1,assert
acme:data_store:store-03470~a7b04300d253,data_store,acme,store-03470,store-03470.warehouse,warehouse,false,operational,in_use,2024-09-13T21:20:14Z,\N,2024-09-18T23:13:10Z,\N,1,assert
acme:data_store:store-00010~c8a799f5f6ea,data_store,acme,store-00010,store-00010.object_store,object_store,false,operational,in_use,2024-09-03T21:27:48Z,\N,2024-09-20T00:37:24Z,\N,1,assert
acme:data_store:store-02438~132a3edc2695,data_store,acme,store-02438,store-02438.warehouse,warehouse,false,operational,in_use,2024-08-11T11:39:40Z,\N,2024-09-21T07:35:39Z,\N,1,assert
acme:data_store:store-00299~4ff3405692ac,data_store,acme,store-00299,store-00299.dbms,dbms,true,operational,in_use,2024-08-27T05:48:35Z,\N,2024-09-22T14:13:00Z,\N,1,assert
acme:data_store:store-02198~0e3b57c8aa82,data_store,acme,store-02198,store-02198.file_share,file_share,false,operational,in_use,2024-08-15T18:11:29Z,\N,2024-09-22T01:00:28Z,\N,1,assert
acme:data_store:store-03122~6c8bbcd10a44,data_store,acme,store-03122,store-03122.dbms,dbms,false,operational,in_use,2024-08-25T06:31:35Z,\N,2024-09-22T18:38:29Z,\N,1,assert
acme:data_store:store-03204~edffb27d66ef,data_store,acme,store-03204,store-03204.dbms,dbms,true,operational,in_use,2024-09-06T06:28:57Z,\N,2024-09-22T20:12:05Z,\N,1,assert
acme:data_store:store-00294~f349192de52d,data_store,acme,store-00294,store-00294.queue,queue,false,operational,in_use,2024-09-19T14:33:02Z,\N,2024-09-24T17:03:40Z,\N,1,assert
acme:data_store:store-01816~7ed83ed17814,data_store,acme,store-01816,store-01816.queue,queue,false,operational,in_use,2024-09-04T04:01:53Z,\N,2024-09-24T08:05:57Z,\N,1,assert
acme:data_store:store-00296~7d87397dffc7,data_store,acme,store-00296,store-00296.dbms,dbms,false,operational,in_use,2024-09-12T15:11:53Z,\N,2024-09-25T06:56:51Z,\N,1,assert
acme:data_store:store-00708~5ab1af178b0b,data_store,acme,store-00708,store-00708.dbms,dbms,false,operational,in_use,2024-09-19T07:04:51Z,\N,2024-09-25T14:56:40Z,\N,1,assert
acme:data_store:store-00940~dd3bd2a71deb,data_store,acme,store-00940,store-00940.file_share,file_share,true,operational,in_use,2024-08-23T17:48:05Z,\N,2024-09-25T05:44:28Z,\N,1,assert
acme:data_store:store-01932~a2d3f29df51c,data_store,acme,store-01932,store-01932.dbms,dbms,false,operational,in_use,2024-08-16T13:06:50Z,\N,2024-09-25T16:12:35Z,\N,1,assert
acme:data_store:store-00091~7a7cf3f0246a,data_store,acme,store-00091,store-00091.object_store,object_store,true,operational,in_use,2024-08-19T14:05:14Z,\N,2024-09-26T10:47:23Z,\N,1,assert
acme:data_store:store-00624~ed7dc2c9e8e8,data_store,acme,store-00624,store-00624.warehouse,warehouse,false,operational,in_use,2024-08-28T17:51:20Z,\N,2024-09-26T02:44:20Z,\N,1,assert
acme:data_store:store-00729~c9d5fe40f6a4,data_store,acme,store-00729,store-00729.warehouse,warehouse,true,operational,in_use,2024-09-21T13:11:59Z,\N,2024-09-26T19:04:54Z,\N,1,assert
acme:data_store:store-00333~14175beca997,data_store,acme,store-00333,store-00333.dbms,dbms,true,operational,in_use,2024-08-29T06:54:56Z,\N,2024-09-28T17:36:59Z,\N,1,assert
acme:data_store:store-01244~02d3e010633f,data_store,acme,store-01244,store-01244.dbms,dbms,true,operational,in_use,2024-08-27T22:31:27Z,\N,2024-10-01T11:38:47Z,\N,1,assert
acme:data_store:store-02776~9eca263782d8,data_store,acme,store-02776,store-02776.file_share,file_share,false,operational,in_use,2024-09-19T04:43:36Z,\N,2024-10-01T03:14:55Z,\N,1,assert
acme:data_store:store-02038~c2bfcb0dfec1,data_store,acme,store-02038,store-02038.dbms,dbms,false,operational,in_use,2024-09-23T20:02:15Z,\N,2024-10-03T09:25:00Z,\N,1,assert
acme:data_store:store-00100~d99a8f82183f,data_store,acme,store-00100,store-00100.file_share,file_share,true,operational,in_use,2024-09-19T17:23:27Z,\N,2024-10-04T14:43:35Z,\N,1,assert
acme:data_store:store-01991~45831a8266ca,data_store,acme,store-01991,store-01991.dbms,dbms,true,operational,in_use,2024-09-26T20:04:24Z,\N,2024-10-04T04:32:02Z,\N,1,assert
acme:data_store:store-02594~a22dc990e103,data_store,acme,store-02594,store-02594.warehouse,warehouse,false,operational,in_use,2024-09-14T23:49:31Z,\N,2024-10-04T18:47:39Z,\N,1,assert
acme:data_store:store-02633~32bf170e4699,data_store,acme,store-02633,store-02633.dbms,dbms,false,operational,in_use,2024-10-04T19:40:47Z,\N,2024-10-04T19:40:47Z,\N,1,assert
acme:data_store:store-01467~887527860571,data_store,acme,store-01467,store-01467.file_share,file_share,false,operational,in_use,2024-09-17T18:47:33Z,\N,2024-10-09T11:04:22Z,\N,1,assert
acme:data_store:store-01064~9244f3c35ece,data_store,acme,store-01064,store-01064.object_store,object_store,true,operational,in_use,2024-09-14T04:32:52Z,\N,2024-10-10T09:03:14Z,\N,1,assert
acme:data_store:store-03176~b3cb0ecfe7e6,data_store,acme,store-03176,store-03176.queue,queue,false,operational,in_use,2024-09-16T13:47:38Z,\N,2024-10-11T05:42:41Z,\N,1,assert
acme:data_store:store-01561~8929dc172418,data_store,acme,store-01561,store-01561.object_store,object_store,false,operational,in_use,2024-09-27T02:23:25Z,\N,2024-10-12T08:18:41Z,2025-08-06T05:57:25Z,1,assert
acme:data_store:store-02324~01bb7ed62fcf,data_store,acme,store-02324,store-02324.file_share,file_share,false,operational,in_use,2024-10-10T05:56:48Z,\N,2024-10-13T17:53:22Z,\N,1,assert
acme:data_store:store-03484~a4705636db46,data_store,acme,store-03484,store-03484.dbms,dbms,false,operational,in_use,2024-10-06T17:08:39Z,\N,2024-10-13T20:07:31Z,\N,1,assert
acme:data_store:store-00596~e917bc81bf92,data_store,acme,store-00596,store-00596.dbms,dbms,false,operational,in_use,2024-09-07T07:39:49Z,\N,2024-10-14T12:21:34Z,\N,1,assert
acme:data_store:store-03554~b3203ef76782,data_store,acme,store-03554,store-03554.warehouse,warehouse,false,operational,in_use,2024-09-02T18:38:12Z,2025-09-21T06:49:36Z,2024-10-14T19:52:59Z,\N,1,assert
acme:data_store:store-02021~01b72a82e618,data_store,acme,store-02021,store-02021.warehouse,warehouse,false,operational,in_use,2024-10-12T10:17:00Z,\N,2024-10-15T04:31:17Z,\N,1,assert
acme:data_store:store-02362~872d300637fa,data_store,acme,store-02362,store-02362.file_share,file_share,false,operational,in_use,2024-10-13T07:19:45Z,\N,2024-10-15T00:49:46Z,\N,1,assert
acme:data_store:store-00352~33e163345061,data_store,acme,store-00352,store-00352.dbms,dbms,false,operational,in_use,2024-10-06T19:28:20Z,\N,2024-10-16T13:57:56Z,\N,1,assert
acme:data_store:store-03079~23d9589e3c37,data_store,acme,store-03079,store-03079.object_store,object_store,false,operational,in_use,2024-09-19T22:56:01Z,\N,2024-10-16T14:13:01Z,\N,1,assert
acme:data_store:store-00331~dbc9c0a352c6,data_store,acme,store-00331,store-00331.warehouse,warehouse,true,operational,in_use,2024-10-11T02:07:08Z,\N,2024-10-17T04:20:55Z,\N,1,assert
acme:data_store:store-00690~c54fe25f2d8a,data_store,acme,store-00690,store-00690.dbms,dbms,false,operational,in_use,2024-09-13T02:53:18Z,\N,2024-10-17T02:42:01Z,\N,1,assert
acme:data_store:store-03295~b57f63d10bcd,data_store,acme,store-03295,store-03295.warehouse,warehouse,true,operational,in_use,2024-09-13T19:58:16Z,\N,2024-10-17T05:01:49Z,\N,1,assert
acme:data_store:store-03181~89700d3a630a,data_store,acme,store-03181,store-03181.file_share,file_share,false,operational,in_use,2024-09-22T14:06:31Z,\N,2024-10-22T09:24:38Z,\N,1,assert
acme:data_store:store-01381~9b85352076ab,data_store,acme,store-01381,store-01381.dbms,dbms,false,operational,in_use,2024-10-06T15:03:50Z,\N,2024-10-23T03:36:07Z,\N,1,assert
acme:data_store:store-01465~98cf9692c66a,data_store,acme,store-01465,store-01465.dbms,dbms,true,operational,in_use,2024-09-10T08:07:00Z,\N,2024-10-23T01:58:10Z,\N,1,assert
acme:data_store:store-00117~65838c061323,data_store,acme,store-00117,store-00117.file_share,file_share,false,operational,in_use,2024-09-13T00:20:29Z,\N,2024-10-24T17:39:00Z,\N,1,assert
acme:data_store:store-02655~f8c038754097,data_store,acme,store-02655,store-02655.file_share,file_share,false,operational,in_use,2024-09-28T16:42:40Z,\N,2024-10-24T22:17:06Z,\N,1,assert
acme:data_store:store-02819~17dce8f928bb,data_store,acme,store-02819,store-02819.file_share,file_share,false,operational,in_use,2024-10-20T08:55:40Z,\N,2024-10-24T02:00:09Z,\N,1,assert
acme:data_store:store-03154~1fc79e6cd216,data_store,acme,store-03154,store-03154.object_store,object_store,true,operational,in_use,2024-09-21T11:37:49Z,\N,2024-10-25T16:00:48Z,\N,1,assert
acme:data_store:store-02837~69989ac0ff7a,data_store,acme,store-02837,store-02837.warehouse,warehouse,true,operational,in_use,2024-09-27T01:05:39Z,\N,2024-10-26T23:36:22Z,\N,1,assert
acme:data_store:store-02851~fc49e75c14d5,data_store,acme,store-02851,store-02851.dbms,dbms,true,operational,in_use,2024-09-19T08:41:30Z,\N,2024-10-26T02:57:19Z,\N,1,assert
acme:data_store:store-00185~e2b21717ed56,data_store,acme,store-00185,store-00185.dbms,dbms,true,operational,in_use,2024-09-18T07:47:51Z,\N,2024-10-27T22:15:27Z,\N,1,assert
acme:data_store:store-01391~ea53634568c3,data_store,acme,store-01391,store-01391.object_store,object_store,true,operational,in_use,2024-10-13T23:41:13Z,\N,2024-10-28T10:05:20Z,\N,1,assert
acme:data_store:store-03215~2b4369b63ac4,data_store,acme,store-03215,store-03215.queue,queue,false,operational,in_use,2024-10-09T16:10:48Z,\N,2024-10-28T00:24:02Z,\N,1,assert
acme:data_store:store-02120~9eb592b1fb9a,data_store,acme,store-02120,store-02120.dbms,dbms,false,operational,in_use,2024-10-11T11:45:13Z,\N,2024-10-30T00:33:27Z,\N,1,assert
acme:data_store:store-01382~efb9ef9c50bd,data_store,acme,store-01382,store-01382.object_store,object_store,true,operational,in_use,2024-10-31T16:53:27Z,\N,2024-10-31T16:53:27Z,\N,1,assert
acme:data_store:store-02992~3d4e4dd05731,data_store,acme,store-02992,store-02992.file_share,file_share,false,operational,in_use,2024-10-04T00:06:15Z,\N,2024-10-31T03:31:05Z,\N,1,assert
acme:data_store:store-01412~a6f960f79f3b,data_store,acme,store-01412,store-01412.object_store,object_store,false,operational,in_use,2024-10-30T07:02:42Z,\N,2024-11-02T16:05:34Z,\N,1,assert
acme:data_store:store-02426~ab1ae7569e1e,data_store,acme,store-02426,store-02426.dbms,dbms,false,operational,in_use,2024-10-13T16:26:57Z,\N,2024-11-02T04:28:18Z,\N,1,assert
acme:data_store:store-03327~e763c1eed0af,data_store,acme,store-03327,store-03327.file_share,file_share,false,operational,in_use,2024-09-29T04:53:30Z,\N,2024-11-02T04:03:23Z,\N,1,assert
acme:data_store:store-00847~7f7e6cd7b7cd,data_store,acme,store-00847,store-00847.object_store,object_store,true,operational,in_use,2024-10-31T16:18:06Z,\N,2024-11-03T20:52:52Z,\N,1,assert
acme:data_store:store-02167~e1a921344783,data_store,acme,store-02167,store-02167.warehouse,warehouse,false,operational,in_use,2024-09-24T15:46:32Z,\N,2024-11-03T12:15:20Z,\N,1,assert
acme:data_store:store-03141~7f92b8df1e39,data_store,acme,store-03141,store-03141.queue,queue,true,operational,in_use,2024-10-12T05:43:09Z,\N,2024-11-03T09:41:52Z,\N,1,assert
acme:data_store:store-00476~b1d9a5718aea,data_store,acme,store-00476,store-00476.dbms,dbms,true,operational,in_use,2024-10-18T17:20:07Z,\N,2024-11-06T05:56:29Z,\N,1,assert
acme:data_store:store-00623~85fc777d03ca,data_store,acme,store-00623,store-00623.warehouse,warehouse,true,operational,in_use,2024-10-19T12:08:47Z,\N,2024-11-06T15:26:51Z,\N,1,assert
acme:data_store:store-01078~437a00abf3bd,data_store,acme,store-01078,store-01078.warehouse,warehouse,false,operational,in_use,2024-09-24T15:31:09Z,\N,2024-11-07T02:03:14Z,\N,1,assert
acme:data_store:store-02775~a07112804daa,data_store,acme,store-02775,store-02775.file_share,file_share,false,operational,in_use,2024-10-29T20:35:00Z,\N,2024-11-07T08:07:43Z,\N,1,assert
acme:data_store:store-01028~ae51f48dcb10,data_store,acme,store-01028,store-01028.object_store,object_store,false,operational,in_use,2024-11-04T21:08:17Z,\N,2024-11-08T22:09:51Z,\N,1,assert
acme:data_store:store-03520~c7e738a1f91e,data_store,acme,store-03520,store-03520.queue,queue,false,operational,in_use,2024-11-06T13:19:13Z,\N,2024-11-08T02:17:59Z,\N,1,assert
acme:data_store:store-00169~2df109d49cdb,data_store,acme,store-00169,store-00169.warehouse,warehouse,false,operational,in_use,2024-09-28T10:18:46Z,\N,2024-11-10T11:04:41Z,\N,1,assert
acme:data_store:store-01075~1e389b742376,data_store,acme,store-01075,store-01075.warehouse,warehouse,false,operational,in_use,2024-10-12T03:28:18Z,\N,2024-11-11T06:00:10Z,\N,1,assert
acme:data_store:store-02508~3d4077ddc07b,data_store,acme,store-02508,store-02508.dbms,dbms,false,operational,in_use,2024-09-30T12:08:49Z,\N,2024-11-11T17:31:05Z,\N,1,assert
acme:data_store:store-02534~6b5030971cda,data_store,acme,store-02534,store-02534.dbms,dbms,true,operational,in_use,2024-10-02T07:39:55Z,\N,2024-11-11T15:55:13Z,\N,1,assert
acme:data_store:store-00489~ad6da6f1a93a,data_store,acme,store-00489,store-00489.queue,queue,false,operational,in_use,2024-10-28T00:45:00Z,\N,2024-11-12T23:48:35Z,\N,1,assert
acme:data_store:store-00788~2bdd6465c3d1,data_store,acme,store-00788,store-00788.warehouse,warehouse,false,operational,in_use,2024-11-05T02:30:16Z,\N,2024-11-13T01:29:05Z,\N,1,assert
acme:data_store:store-02627~1f3477e16185,data_store,acme,store-02627,store-02627.warehouse,warehouse,true,operational,in_use,2024-10-24T01:45:54Z,\N,2024-11-15T14:18:40Z,\N,1,assert
acme:data_store:store-00465~e81c457abab2,data_store,acme,store-00465,store-00465.file_share,file_share,false,operational,in_use,2024-10-15T20:47:38Z,\N,2024-11-16T09:27:05Z,\N,1,assert
acme:data_store:store-02769~a3470d13ba8e,data_store,acme,store-02769,store-02769.dbms,dbms,false,operational,in_use,2024-10-16T15:13:06Z,\N,2024-11-16T18:35:37Z,\N,1,assert
acme:data_store:store-00162~198338b1cd56,data_store,acme,store-00162,store-00162.dbms,dbms,false,operational,in_use,2024-10-12T06:03:07Z,\N,2024-11-17T23:25:32Z,\N,1,assert
acme:data_store:store-01783~1cb7bc59ef21,data_store,acme,store-01783,store-01783.dbms,dbms,false,operational,in_use,2024-10-30T03:48:21Z,\N,2024-11-17T03:09:20Z,\N,1,assert
acme:data_store:store-03011~003e0bb31a6d,data_store,acme,store-03011,store-03011.dbms,dbms,false,operational,in_use,2024-11-02T11:35:44Z,\N,2024-11-17T06:01:29Z,\N,1,assert
acme:data_store:store-01967~8103fe3c4925,data_store,acme,store-01967,store-01967.dbms,dbms,false,operational,in_use,2024-11-18T04:57:56Z,\N,2024-11-19T15:35:06Z,\N,1,assert
acme:data_store:store-02269~2fbdfaeb7ef3,data_store,acme,store-02269,store-02269.dbms,dbms,false,operational,in_use,2024-10-24T20:29:28Z,\N,2024-11-20T03:58:12Z,\N,1,assert
acme:data_store:store-03071~01e6240f55e0,data_store,acme,store-03071,store-03071.dbms,dbms,false,operational,in_use,2024-11-17T17:24:36Z,\N,2024-11-22T00:53:44Z,\N,1,assert
acme:data_store:store-02743~faa231ac67a0,data_store,acme,store-02743,store-02743.warehouse,warehouse,false,operational,end_of_support,2021-12-06T01:24:28Z,\N,2024-11-23T12:52:37Z,\N,2,assert
acme:data_store:store-02208~99a3cf4a28d4,data_store,acme,store-02208,store-02208.dbms,dbms,false,operational,in_use,2024-11-24T00:22:09Z,\N,2024-11-25T03:33:20Z,\N,1,assert
acme:data_store:store-00179~3c0cc3f5d01d,data_store,acme,store-00179,store-00179.warehouse,warehouse,false,operational,in_use,2024-10-29T20:35:18Z,\N,2024-11-27T09:19:41Z,2025-10-01T19:09:34Z,1,assert
acme:data_store:store-03145~c1906c5f24d3,data_store,acme,store-03145,store-03145.file_share,file_share,false,operational,in_use,2024-10-20T15:55:16Z,\N,2024-11-27T16:31:46Z,\N,1,assert
acme:data_store:store-00605~570fb4632229,data_store,acme,store-00605,store-00605.dbms,dbms,false,operational,in_use,2024-11-15T03:26:27Z,\N,2024-11-28T22:32:50Z,\N,1,assert
acme:data_store:store-00418~cb4aacaf55c9,data_store,acme,store-00418,store-00418.file_share,file_share,false,operational,in_use,2024-11-14T07:37:54Z,\N,2024-11-29T05:09:20Z,\N,1,assert
acme:data_store:store-00530~afdb03f1996c,data_store,acme,store-00530,store-00530.dbms,dbms,false,operational,in_use,2024-11-23T09:55:56Z,\N,2024-11-30T19:06:16Z,\N,1,assert
acme:data_store:store-00737~dd32da3b038c,data_store,acme,store-00737,store-00737.file_share,file_share,false,operational,in_use,2024-10-30T23:38:51Z,\N,2024-12-01T20:07:14Z,\N,1,assert
acme:data_store:store-00823~16adfb12ebc6,data_store,acme,store-00823,store-00823.dbms,dbms,false,operational,in_use,2024-11-10T08:23:18Z,\N,2024-12-01T00:18:29Z,\N,1,assert
acme:data_store:store-02427~4cb83018432f,data_store,acme,store-02427,store-02427.dbms,dbms,true,operational,in_use,2024-11-15T10:29:29Z,\N,2024-12-02T09:42:16Z,\N,1,assert
acme:data_store:store-00475~c5c182704066,data_store,acme,store-00475,store-00475.queue,queue,false,operational,in_use,2024-11-15T15:51:08Z,\N,2024-12-06T01:58:03Z,\N,1,assert
acme:data_store:store-02322~b0d3da10656f,data_store,acme,store-02322,store-02322.object_store,object_store,true,operational,in_use,2024-10-26T11:20:33Z,\N,2024-12-06T03:01:47Z,\N,1,assert
acme:data_store:store-03330~a783336a533b,data_store,acme,store-03330,store-03330.object_store,object_store,true,operational,in_use,2024-12-05T14:37:35Z,\N,2024-12-09T17:29:25Z,\N,1,assert
acme:data_store:store-02044~88827dc88c4a,data_store,acme,store-02044,store-02044.object_store,object_store,false,operational,in_use,2024-11-28T15:18:32Z,\N,2024-12-11T18:21:43Z,\N,1,assert
acme:data_store:store-03535~2b8719604428,data_store,acme,store-03535,store-03535.object_store,object_store,true,operational,in_use,2024-11-18T16:25:20Z,\N,2024-12-11T10:50:21Z,\N,1,assert
acme:data_store:store-00415~8e769793a034,data_store,acme,store-00415,store-00415.warehouse,warehouse,false,operational,in_use,2024-12-08T10:14:31Z,\N,2024-12-12T17:01:54Z,\N,1,assert
acme:data_store:store-01750~fb5da548e132,data_store,acme,store-01750,store-01750.file_share,file_share,true,operational,in_use,2024-11-06T14:08:12Z,\N,2024-12-13T08:35:16Z,\N,1,assert
acme:data_store:store-02844~ee9846886037,data_store,acme,store-02844,store-02844.warehouse,warehouse,false,operational,in_use,2024-12-10T11:54:52Z,\N,2024-12-13T02:12:24Z,\N,1,assert
acme:data_store:store-02423~65c69eea5171,data_store,acme,store-02423,store-02423.dbms,dbms,true,operational,in_use,2024-11-15T22:02:35Z,2025-01-07T14:19:19Z,2024-12-14T15:46:59Z,\N,1,assert
acme:data_store:store-00366~38b6b863862a,data_store,acme,store-00366,store-00366.dbms,dbms,false,operational,in_use,2024-12-13T17:18:26Z,\N,2024-12-15T11:34:56Z,\N,1,assert
acme:data_store:store-00773~ffea176f53a9,data_store,acme,store-00773,store-00773.file_share,file_share,true,operational,in_use,2024-12-03T08:19:02Z,\N,2024-12-16T17:32:27Z,\N,1,assert
acme:data_store:store-00303~a29c07fb3755,data_store,acme,store-00303,store-00303.object_store,object_store,false,operational,in_use,2024-12-11T17:49:57Z,\N,2024-12-17T01:52:17Z,\N,1,assert
acme:data_store:store-01617~d4a31da46500,data_store,acme,store-01617,store-01617.queue,queue,true,operational,in_use,2024-11-14T04:23:02Z,\N,2024-12-17T10:01:30Z,\N,1,assert
acme:data_store:store-02383~5b65d1fbb206,data_store,acme,store-02383,store-02383.object_store,object_store,false,operational,in_use,2024-11-21T02:55:07Z,\N,2024-12-17T10:39:15Z,\N,1,assert
acme:data_store:store-01541~0cb8733298f9,data_store,acme,store-01541,store-01541.dbms,dbms,false,operational,in_use,2024-12-12T09:52:42Z,\N,2024-12-18T12:02:20Z,\N,1,assert
acme:data_store:store-02672~8ddd4325e4a4,data_store,acme,store-02672,store-02672.queue,queue,false,operational,in_use,2024-11-08T07:18:36Z,\N,2024-12-18T08:24:13Z,\N,1,assert
acme:data_store:store-02846~fd5916139c68,data_store,acme,store-02846,store-02846.dbms,dbms,false,operational,in_use,2024-11-06T18:23:25Z,\N,2024-12-18T17:25:16Z,\N,1,assert
acme:data_store:store-01767~1072bc3107e0,data_store,acme,store-01767,store-01767.queue,queue,false,operational,in_use,2024-11-19T19:08:10Z,2025-06-04T14:08:25Z,2024-12-19T10:01:42Z,\N,1,assert
acme:data_store:store-00158~8a5b8120f2e0,data_store,acme,store-00158,store-00158.dbms,dbms,true,operational,in_use,2024-11-06T10:22:42Z,\N,2024-12-19T11:20:48Z,\N,1,assert
acme:data_store:store-02832~b51c99de5f76,data_store,acme,store-02832,store-02832.object_store,object_store,false,operational,in_use,2024-12-07T21:41:38Z,\N,2024-12-20T01:19:17Z,\N,1,assert
acme:data_store:store-03082~1c897b17f817,data_store,acme,store-03082,store-03082.warehouse,warehouse,false,operational,in_use,2024-11-30T19:28:00Z,\N,2024-12-23T13:20:27Z,2025-06-12T03:18:57Z,1,assert
acme:data_store:store-02705~6a310cfbdcaa,data_store,acme,store-02705,store-02705.file_share,file_share,false,operational,in_use,2024-11-15T20:19:52Z,\N,2024-12-24T05:42:37Z,\N,1,assert
acme:data_store:store-03232~6ec22eafe584,data_store,acme,store-03232,store-03232.warehouse,warehouse,true,operational,in_use,2024-12-03T01:55:25Z,\N,2024-12-24T11:20:21Z,\N,1,assert
acme:data_store:store-03580~0ebf0d64179c,data_store,acme,store-03580,store-03580.file_share,file_share,true,operational,in_use,2024-12-18T16:42:49Z,\N,2024-12-26T11:04:12Z,\N,1,assert
acme:data_store:store-00490~6b7ff425b281,data_store,acme,store-00490,store-00490.dbms,dbms,false,operational,in_use,2024-11-16T19:21:20Z,\N,2024-12-27T03:14:49Z,\N,1,assert
acme:data_store:store-01267~2666d569945e,data_store,acme,store-01267,store-01267.file_share,file_share,false,operational,in_use,2024-11-30T10:03:56Z,\N,2024-12-27T09:44:27Z,\N,1,assert
acme:data_store:store-00090~7385d5787092,data_store,acme,store-00090,store-00090.file_share,file_share,false,operational,in_use,2024-11-19T05:02:54Z,\N,2024-12-30T11:35:03Z,\N,1,assert
acme:data_store:store-01624~a991cc7aaf63,data_store,acme,store-01624,store-01624.dbms,dbms,false,operational,in_use,2024-12-10T22:37:49Z,\N,2024-12-31T20:59:04Z,\N,1,assert
acme:data_store:store-00944~f6f677b11442,data_store,acme,store-00944,store-00944.dbms,dbms,false,operational,in_use,2024-11-18T05:41:47Z,\N,2025-01-01T16:38:59Z,\N,1,assert
acme:data_store:store-02736~dac0a4692a83,data_store,acme,store-02736,store-02736.file_share,file_share,false,operational,in_use,2024-11-25T03:22:19Z,\N,2025-01-01T05:36:09Z,\N,1,assert
acme:data_store:store-00273~ae95543e53ed,data_store,acme,store-00273,store-00273.file_share,file_share,true,operational,in_use,2024-12-31T02:58:12Z,\N,2025-01-02T01:28:02Z,\N,1,assert
acme:data_store:store-01972~4388841b2351,data_store,acme,store-01972,store-01972.warehouse,warehouse,true,operational,in_use,2024-11-21T15:05:54Z,\N,2025-01-02T03:11:19Z,\N,1,assert
acme:data_store:store-00234~219871dd1883,data_store,acme,store-00234,store-00234.dbms,dbms,false,operational,in_use,2024-12-17T17:05:18Z,\N,2025-01-03T18:32:37Z,\N,1,assert
acme:data_store:store-01253~7fbf8d35a5fe,data_store,acme,store-01253,store-01253.dbms,dbms,false,operational,in_use,2024-12-29T00:57:42Z,\N,2025-01-03T08:30:52Z,\N,1,assert
acme:data_store:store-01579~de2f9ef910ac,data_store,acme,store-01579,store-01579.file_share,file_share,false,operational,in_use,2024-11-23T20:19:27Z,\N,2025-01-03T16:01:40Z,\N,1,assert
acme:data_store:store-02064~90b260acddb6,data_store,acme,store-02064,store-02064.dbms,dbms,true,operational,in_use,2024-12-04T17:46:32Z,\N,2025-01-03T07:12:38Z,\N,1,assert
acme:data_store:store-00147~d1f169108be6,data_store,acme,store-00147,store-00147.object_store,object_store,false,operational,in_use,2024-12-02T14:15:33Z,\N,2025-01-04T14:07:39Z,\N,1,assert
acme:data_store:store-02847~cb6dd4ef85b8,data_store,acme,store-02847,store-02847.dbms,dbms,false,operational,in_use,2024-12-19T04:42:57Z,\N,2025-01-05T19:55:01Z,\N,1,assert
acme:data_store:store-01735~675e7e6b9a18,data_store,acme,store-01735,store-01735.object_store,object_store,false,operational,in_use,2024-11-30T02:14:11Z,\N,2025-01-06T05:55:14Z,\N,1,assert
acme:data_store:store-02054~a488d5f58d19,data_store,acme,store-02054,store-02054.warehouse,warehouse,true,operational,in_use,2024-12-09T21:15:59Z,\N,2025-01-06T15:32:52Z,\N,1,assert
acme:data_store:store-01711~add1a18fefb6,data_store,acme,store-01711,store-01711.queue,queue,false,operational,in_use,2024-12-23T02:38:48Z,\N,2025-01-08T14:36:27Z,\N,1,assert
acme:data_store:store-01113~af7a338f6f46,data_store,acme,store-01113,store-01113.dbms,dbms,false,operational,in_use,2024-11-30T22:30:06Z,\N,2025-01-09T11:12:05Z,\N,1,assert
acme:data_store:store-00935~b694956d7525,data_store,acme,store-00935,store-00935.dbms,dbms,false,operational,in_use,2024-12-26T17:10:31Z,\N,2025-01-10T07:42:49Z,\N,1,assert
acme:data_store:store-02468~41476d6d3024,data_store,acme,store-02468,store-02468.dbms,dbms,false,operational,in_use,2024-12-07T15:44:36Z,\N,2025-01-11T01:00:46Z,\N,1,assert
acme:data_store:store-03278~54e72664ce3f,data_store,acme,store-03278,store-03278.object_store,object_store,false,operational,in_use,2024-12-29T17:59:52Z,\N,2025-01-11T12:50:06Z,\N,1,assert
acme:data_store:store-00978~da798c322b10,data_store,acme,store-00978,store-00978.object_store,object_store,false,operational,in_use,2024-12-11T20:39:07Z,\N,2025-01-12T18:17:45Z,\N,1,assert
acme:data_store:store-00284~d05881272e27,data_store,acme,store-00284,store-00284.dbms,dbms,false,operational,in_use,2024-12-09T07:04:43Z,\N,2025-01-14T16:35:33Z,\N,1,assert
acme:data_store:store-01060~a5079f527293,data_store,acme,store-01060,store-01060.queue,queue,true,operational,in_use,2024-12-20T20:50:44Z,\N,2025-01-14T07:45:15Z,\N,1,assert
acme:data_store:store-01584~0e4132e89ff9,data_store,acme,store-01584,store-01584.warehouse,warehouse,false,operational,in_use,2025-01-13T15:15:53Z,\N,2025-01-14T09:12:08Z,\N,1,assert
acme:data_store:store-03210~1be9207205ee,data_store,acme,store-03210,store-03210.dbms,dbms,false,operational,in_use,2024-12-09T01:44:38Z,\N,2025-01-14T22:20:21Z,\N,1,assert
acme:data_store:store-01922~7873d5e35e92,data_store,acme,store-01922,store-01922.warehouse,warehouse,false,operational,in_use,2024-12-27T02:02:32Z,\N,2025-01-15T12:22:01Z,\N,1,assert
acme:data_store:store-03459~1ac74c2c4436,data_store,acme,store-03459,store-03459.dbms,dbms,true,operational,in_use,2024-12-19T10:44:30Z,2025-10-04T09:11:21Z,2025-01-16T18:50:23Z,\N,1,assert
acme:data_store:store-00710~56d7a838c848,data_store,acme,store-00710,store-00710.warehouse,warehouse,false,operational,in_use,2025-01-18T09:38:42Z,\N,2025-01-18T09:38:42Z,\N,1,assert
acme:data_store:store-01673~78deaa1b8fee,data_store,acme,store-01673,store-01673.queue,queue,false,operational,in_use,2024-12-28T00:52:05Z,\N,2025-01-18T15:18:34Z,\N,1,assert
acme:data_store:store-01574~537adf6ef2e3,data_store,acme,store-01574,store-01574.warehouse,warehouse,false,operational,in_maintenance,2023-08-24T09:04:09Z,\N,2025-01-20T19:33:23Z,\N,2,assert
acme:data_store:store-02938~598a4082ecd8,data_store,acme,store-02938,store-02938.dbms,dbms,false,operational,in_use,2025-01-04T02:33:31Z,\N,2025-01-20T21:56:52Z,\N,1,assert
acme:data_store:store-00655~15306301cae3,data_store,acme,store-00655,store-00655.object_store,object_store,false,operational,in_use,2024-12-20T22:18:20Z,\N,2025-01-21T11:22:23Z,\N,1,assert
acme:data_store:store-01397~c69c180164c0,data_store,acme,store-01397,store-01397.dbms,dbms,false,operational,in_use,2025-01-05T10:26:37Z,\N,2025-01-21T11:11:21Z,\N,1,assert
acme:data_store:store-00798~55a2ecc7b56c,data_store,acme,store-00798,store-00798.warehouse,warehouse,false,operational,in_use,2024-12-31T20:12:44Z,\N,2025-01-22T06:34:22Z,\N,1,assert
acme:data_store:store-03170~53e73b174616,data_store,acme,store-03170,store-03170.dbms,dbms,false,operational,in_use,2025-01-17T05:25:00Z,\N,2025-01-22T09:34:59Z,\N,1,assert
acme:data_store:store-00081~3ed856f6e1e9,data_store,acme,store-00081,store-00081.queue,queue,false,operational,in_use,2024-12-31T16:37:08Z,\N,2025-01-23T10:15:38Z,\N,1,assert
acme:data_store:store-02756~bd7fb22899de,data_store,acme,store-02756,store-02756.dbms,dbms,false,operational,in_use,2025-01-16T09:53:27Z,\N,2025-01-23T02:29:58Z,\N,1,assert
acme:data_store:store-03264~431d314119bf,data_store,acme,store-03264,store-03264.dbms,dbms,false,operational,in_use,2024-12-19T00:08:56Z,\N,2025-01-24T18:18:07Z,\N,1,assert
acme:data_store:store-03111~5fb69803d5a8,data_store,acme,store-03111,store-03111.object_store,object_store,false,operational,in_use,2025-01-18T17:59:35Z,\N,2025-01-25T19:53:23Z,\N,1,assert
acme:data_store:store-02823~caf570cbedd9,data_store,acme,store-02823,store-02823.dbms,dbms,false,operational,in_use,2025-01-25T08:14:46Z,\N,2025-01-26T12:21:25Z,\N,1,assert
acme:data_store:store-02507~964b9fa80058,data_store,acme,store-02507,store-02507.queue,queue,false,operational,in_use,2025-01-14T13:53:47Z,\N,2025-01-27T09:16:51Z,\N,1,assert
acme:data_store:store-01188~c5e73d26cbb3,data_store,acme,store-01188,store-01188.warehouse,warehouse,true,operational,in_use,2024-12-21T08:30:08Z,\N,2025-01-28T00:01:32Z,\N,1,assert
acme:data_store:store-03293~d3ba7412c9ea,data_store,acme,store-03293,store-03293.object_store,object_store,false,operational,in_use,2025-01-20T10:17:50Z,\N,2025-01-29T19:44:24Z,\N,1,assert
acme:data_store:store-01887~805efd45a856,data_store,acme,store-01887,store-01887.object_store,object_store,false,operational,in_use,2024-12-26T18:53:49Z,\N,2025-01-31T06:26:09Z,\N,1,assert
acme:data_store:store-02214~cfffea81a4e4,data_store,acme,store-02214,store-02214.object_store,object_store,true,operational,in_use,2025-01-18T17:26:16Z,2025-09-19T15:13:28Z,2025-01-31T10:33:04Z,\N,1,assert
acme:data_store:store-02378~5aa198e1757f,data_store,acme,store-02378,store-02378.file_share,file_share,true,operational,in_use,2025-01-16T20:39:17Z,\N,2025-01-31T10:52:03Z,\N,1,assert
acme:data_store:store-01650~85c44d5b9795,data_store,acme,store-01650,store-01650.object_store,object_store,false,operational,in_use,2025-01-15T15:44:22Z,\N,2025-02-01T06:19:08Z,\N,1,assert
acme:data_store:store-01072~f5102916d487,data_store,acme,store-01072,store-01072.file_share,file_share,false,operational,in_use,2025-01-23T01:46:41Z,\N,2025-02-02T03:22:37Z,\N,1,assert
acme:data_store:store-01651~1e41565ab357,data_store,acme,store-01651,store-01651.dbms,dbms,false,operational,in_use,2025-01-28T09:39:49Z,\N,2025-02-02T01:52:37Z,\N,1,assert
acme:data_store:store-00695~16323cf3f633,data_store,acme,store-00695,store-00695.warehouse,warehouse,false,operational,in_use,2025-01-01T23:32:01Z,\N,2025-02-04T03:31:06Z,\N,1,assert
acme:data_store:store-00703~be190996eced,data_store,acme,store-00703,store-00703.queue,queue,true,operational,in_use,2025-01-20T05:04:47Z,\N,2025-02-04T13:19:57Z,\N,1,assert
acme:data_store:store-02399~b37584fc003b,data_store,acme,store-02399,store-02399.dbms,dbms,false,operational,in_use,2024-12-29T09:00:58Z,\N,2025-02-04T05:14:59Z,\N,1,assert
acme:data_store:store-00770~86bbedfd19b8,data_store,acme,store-00770,store-00770.dbms,dbms,false,operational,in_use,2024-12-26T16:57:09Z,\N,2025-02-06T14:46:13Z,\N,1,assert
acme:data_store:store-01937~0529cb2bc344,data_store,acme,store-01937,store-01937.file_share,file_share,false,operational,in_use,2025-01-19T09:33:01Z,\N,2025-02-07T11:30:39Z,\N,1,assert
acme:data_store:store-02372~91ebf1a804de,data_store,acme,store-02372,store-02372.dbms,dbms,false,operational,in_use,2025-01-18T23:58:02Z,\N,2025-02-07T20:05:48Z,\N,1,assert
acme:data_store:store-00232~e55a08dcc095,data_store,acme,store-00232,store-00232.object_store,object_store,true,operational,in_use,2025-01-09T05:21:29Z,\N,2025-02-09T04:07:38Z,\N,1,assert
acme:data_store:store-00275~878acde88200,data_store,acme,store-00275,store-00275.dbms,dbms,true,operational,in_use,2025-01-15T15:07:51Z,\N,2025-02-09T22:44:07Z,\N,1,assert
acme:data_store:store-01863~79fd98ef2fc1,data_store,acme,store-01863,store-01863.queue,queue,false,operational,in_use,2025-01-19T08:40:17Z,\N,2025-02-09T12:29:53Z,\N,1,assert
acme:data_store:store-00686~72a142f95b67,data_store,acme,store-00686,store-00686.dbms,dbms,false,operational,in_use,2025-01-08T17:13:07Z,\N,2025-02-10T06:55:20Z,\N,1,assert
acme:data_store:store-02193~9505a3b1b764,data_store,acme,store-02193,store-02193.dbms,dbms,false,operational,in_use,2025-01-06T23:15:59Z,\N,2025-02-11T00:36:21Z,\N,1,assert
acme:data_store:store-01148~a142552b68f0,data_store,acme,store-01148,store-01148.file_share,file_share,false,operational,in_use,2025-02-08T12:31:35Z,\N,2025-02-13T15:34:28Z,\N,1,assert
acme:data_store:store-02902~6af02af851c2,data_store,acme,store-02902,store-02902.file_share,file_share,false,operational,in_use,2025-01-25T00:28:50Z,\N,2025-02-13T06:02:10Z,\N,1,assert
acme:data_store:store-00553~98668667fb47,data_store,acme,store-00553,store-00553.warehouse,warehouse,false,operational,in_use,2025-01-08T17:55:49Z,\N,2025-02-16T04:19:29Z,\N,1,assert
acme:data_store:store-01322~a480c1fffdf1,data_store,acme,store-01322,store-01322.dbms,dbms,false,operational,in_use,2025-01-13T04:15:24Z,\N,2025-02-18T11:40:02Z,\N,1,assert
acme:data_store:store-00652~91a83fb7f224,data_store,acme,store-00652,store-00652.warehouse,warehouse,false,operational,in_use,2025-01-22T02:32:37Z,\N,2025-02-20T18:36:00Z,\N,1,assert
acme:data_store:store-00467~10ae7ebb8197,data_store,acme,store-00467,store-00467.file_share,file_share,true,operational,in_use,2025-02-06T08:03:28Z,\N,2025-02-21T08:39:42Z,\N,1,assert
acme:data_store:store-00950~f1ce8959acaa,data_store,acme,store-00950,store-00950.file_share,file_share,false,operational,in_use,2025-02-01T11:27:28Z,\N,2025-02-22T16:38:48Z,\N,1,assert
acme:data_store:store-01857~4d7c8b0be568,data_store,acme,store-01857,store-01857.warehouse,warehouse,true,operational,in_use,2025-02-06T19:51:12Z,\N,2025-02-22T10:28:54Z,\N,1,assert
acme:data_store:store-02858~3cbf58f6104c,data_store,acme,store-02858,store-02858.warehouse,warehouse,false,operational,in_use,2025-01-30T19:47:32Z,\N,2025-02-24T22:06:10Z,\N,1,assert
acme:data_store:store-02169~c2a6dae723b3,data_store,acme,store-02169,store-02169.warehouse,warehouse,true,operational,in_use,2025-01-24T15:16:25Z,\N,2025-02-25T05:30:25Z,\N,1,assert
acme:data_store:store-02242~e169541b531b,data_store,acme,store-02242,store-02242.file_share,file_share,false,operational,in_use,2025-01-28T21:25:39Z,\N,2025-02-25T05:29:54Z,\N,1,assert
acme:data_store:store-02728~4f568e2c217c,data_store,acme,store-02728,store-02728.dbms,dbms,false,operational,in_use,2025-02-24T04:12:34Z,\N,2025-02-27T16:40:47Z,\N,1,assert
acme:data_store:store-02671~1716d98b052e,data_store,acme,store-02671,store-02671.dbms,dbms,false,operational,in_use,2025-02-12T04:24:39Z,\N,2025-03-01T12:24:34Z,\N,1,assert
acme:data_store:store-00850~5fda01e03702,data_store,acme,store-00850,store-00850.dbms,dbms,false,operational,in_use,2025-02-03T00:29:02Z,\N,2025-03-02T03:21:24Z,\N,1,assert
acme:data_store:store-01681~17a3d0155f09,data_store,acme,store-01681,store-01681.object_store,object_store,true,operational,in_use,2025-03-01T14:40:48Z,\N,2025-03-02T15:32:57Z,\N,1,assert
acme:data_store:store-02416~1bed49c548df,data_store,acme,store-02416,store-02416.object_store,object_store,false,operational,in_use,2025-02-23T11:45:46Z,\N,2025-03-03T02:49:37Z,\N,1,assert
acme:data_store:store-00424~902496afa144,data_store,acme,store-00424,store-00424.object_store,object_store,false,operational,in_use,2025-02-25T21:44:08Z,\N,2025-03-04T03:07:31Z,\N,1,assert
acme:data_store:store-01154~1e5af9f674a4,data_store,acme,store-01154,store-01154.queue,queue,true,operational,in_use,2025-02-07T07:27:38Z,\N,2025-03-04T00:52:19Z,\N,1,assert
acme:data_store:store-02419~5f9c5cd389e9,data_store,acme,store-02419,store-02419.object_store,object_store,false,operational,in_use,2025-01-30T01:05:10Z,\N,2025-03-04T00:10:18Z,\N,1,assert
acme:data_store:store-01205~4367e3d66420,data_store,acme,store-01205,store-01205.dbms,dbms,false,operational,in_use,2025-03-03T12:26:29Z,\N,2025-03-05T05:51:10Z,\N,1,assert
acme:data_store:store-02842~f380ca53f3f0,data_store,acme,store-02842,store-02842.queue,queue,false,operational,in_use,2025-02-05T17:06:59Z,\N,2025-03-05T13:54:18Z,\N,1,assert
acme:data_store:store-00350~38f4aba854a4,data_store,acme,store-00350,store-00350.dbms,dbms,true,operational,in_use,2025-02-26T21:40:40Z,2026-03-13T21:33:49Z,2025-03-07T13:57:06Z,\N,1,assert
acme:data_store:store-00961~acde691c1ab4,data_store,acme,store-00961,store-00961.file_share,file_share,false,operational,in_use,2025-01-23T19:24:15Z,\N,2025-03-08T13:36:42Z,\N,1,assert
acme:data_store:store-01266~56fbe9f60472,data_store,acme,store-01266,store-01266.dbms,dbms,true,operational,in_use,2025-02-11T23:08:07Z,\N,2025-03-09T06:18:53Z,\N,1,assert
acme:data_store:store-01513~fe5672aaa5b3,data_store,acme,store-01513,store-01513.dbms,dbms,true,operational,in_use,2025-02-04T17:11:04Z,\N,2025-03-09T11:15:14Z,\N,1,assert
acme:data_store:store-02371~b66145234e92,data_store,acme,store-02371,store-02371.warehouse,warehouse,true,operational,in_use,2025-03-05T21:27:02Z,\N,2025-03-09T04:24:16Z,\N,1,assert
acme:data_store:store-03069~f674db27024a,data_store,acme,store-03069,store-03069.dbms,dbms,false,operational,in_use,2025-03-09T07:50:03Z,\N,2025-03-09T07:50:03Z,\N,1,assert
acme:data_store:store-00104~bd555858defa,data_store,acme,store-00104,store-00104.queue,queue,false,operational,in_use,2025-02-03T03:31:25Z,\N,2025-03-10T21:13:45Z,\N,1,assert
acme:data_store:store-01142~ee442459aa69,data_store,acme,store-01142,store-01142.warehouse,warehouse,false,operational,in_use,2025-02-25T02:53:30Z,2026-03-04T08:32:04Z,2025-03-12T19:58:22Z,\N,1,assert
acme:data_store:store-02577~dac14a89a159,data_store,acme,store-02577,store-02577.dbms,dbms,false,operational,in_use,2025-02-16T19:56:49Z,\N,2025-03-13T04:56:41Z,\N,1,assert
acme:data_store:store-00419~8aa52a386bd1,data_store,acme,store-00419,store-00419.dbms,dbms,false,operational,in_use,2025-02-18T02:16:30Z,\N,2025-03-14T22:36:01Z,\N,1,assert
acme:data_store:store-00474~1d4c1702f06a,data_store,acme,store-00474,store-00474.warehouse,warehouse,false,operational,in_use,2025-02-16T11:48:10Z,\N,2025-03-14T10:28:17Z,\N,1,assert
acme:data_store:store-00268~363efe934dd6,data_store,acme,store-00268,store-00268.dbms,dbms,false,operational,in_use,2025-02-26T00:46:13Z,\N,2025-03-15T21:27:29Z,\N,1,assert
acme:data_store:store-02759~ad2ce94e430d,data_store,acme,store-02759,store-02759.file_share,file_share,false,operational,in_use,2025-02-11T20:32:58Z,\N,2025-03-15T20:29:34Z,\N,1,assert
acme:data_store:store-01881~84bdc5f97ba6,data_store,acme,store-01881,store-01881.file_share,file_share,true,operational,in_use,2025-03-08T08:25:59Z,\N,2025-03-16T04:15:53Z,\N,1,assert
acme:data_store:store-00509~f6c48ee6c1b4,data_store,acme,store-00509,store-00509.object_store,object_store,true,operational,in_use,2025-02-22T16:37:34Z,\N,2025-03-20T19:07:42Z,\N,1,assert
acme:data_store:store-00601~b22fa831b3fb,data_store,acme,store-00601,store-00601.warehouse,warehouse,false,operational,in_use,2025-02-04T07:04:12Z,\N,2025-03-20T23:39:31Z,\N,1,assert
acme:data_store:store-01996~30c2af02a261,data_store,acme,store-01996,store-01996.object_store,object_store,true,operational,in_use,2025-03-13T22:16:40Z,\N,2025-03-21T22:14:07Z,\N,1,assert
acme:data_store:store-00806~d5f9ad6a5ce7,data_store,acme,store-00806,store-00806.warehouse,warehouse,true,operational,in_use,2025-02-19T20:09:41Z,\N,2025-03-22T17:28:55Z,\N,1,assert
acme:data_store:store-03410~4d1a84458203,data_store,acme,store-03410,store-03410.file_share,file_share,false,operational,in_use,2025-02-10T07:07:52Z,\N,2025-03-22T22:18:37Z,\N,1,assert
acme:data_store:store-01069~afd1d6f5e269,data_store,acme,store-01069,store-01069.warehouse,warehouse,false,operational,in_use,2025-02-10T18:46:41Z,2025-12-06T14:02:28Z,2025-03-23T09:21:43Z,\N,1,assert
acme:data_store:store-01132~3d2ba64cf701,data_store,acme,store-01132,store-01132.warehouse,warehouse,true,operational,in_use,2025-03-21T08:05:31Z,\N,2025-03-23T11:53:35Z,\N,1,assert
acme:data_store:store-01276~331504a7c691,data_store,acme,store-01276,store-01276.dbms,dbms,true,operational,in_use,2025-02-27T19:21:39Z,\N,2025-03-23T01:30:21Z,\N,1,assert
acme:data_store:store-02750~5ccb76749d94,data_store,acme,store-02750,store-02750.warehouse,warehouse,true,operational,in_use,2025-02-27T02:05:58Z,\N,2025-03-23T01:43:20Z,\N,1,assert
acme:data_store:store-01531~9fd43e451a3d,data_store,acme,store-01531,store-01531.object_store,object_store,true,operational,in_use,2025-02-17T15:46:51Z,2026-02-13T20:23:11Z,2025-03-23T15:21:45Z,\N,1,assert
acme:data_store:store-01968~b6710b8965e2,data_store,acme,store-01968,store-01968.queue,queue,false,operational,in_use,2025-03-16T09:19:57Z,\N,2025-03-24T19:21:24Z,2026-07-06T10:44:43Z,1,assert
acme:data_store:store-01504~a7fb5949b4c7,data_store,acme,store-01504,store-01504.dbms,dbms,false,operational,in_use,2025-02-21T20:58:38Z,\N,2025-03-24T21:59:03Z,\N,1,assert
acme:data_store:store-00504~58c422eaf7f8,data_store,acme,store-00504,store-00504.warehouse,warehouse,false,operational,in_use,2025-02-15T18:52:20Z,\N,2025-03-25T01:07:47Z,\N,1,assert
acme:data_store:store-01017~e4238c08c6dc,data_store,acme,store-01017,store-01017.dbms,dbms,false,operational,in_use,2025-03-02T15:38:05Z,\N,2025-03-25T04:07:18Z,\N,1,assert
acme:data_store:store-01812~ce00187b2477,data_store,acme,store-01812,store-01812.file_share,file_share,false,operational,in_use,2025-03-26T07:14:45Z,\N,2025-03-27T11:24:19Z,\N,1,assert
acme:data_store:store-02012~2b1b0eaff910,data_store,acme,store-02012,store-02012.warehouse,warehouse,true,operational,in_use,2025-03-18T15:23:44Z,\N,2025-03-27T02:31:06Z,\N,1,assert
acme:data_store:store-01026~051255d30be8,data_store,acme,store-01026,store-01026.warehouse,warehouse,false,operational,in_use,2025-02-21T19:38:26Z,\N,2025-03-28T21:42:30Z,\N,1,assert
acme:data_store:store-02086~a45dc9b94565,data_store,acme,store-02086,store-02086.file_share,file_share,false,operational,in_use,2025-02-26T12:18:58Z,\N,2025-03-29T11:57:23Z,\N,1,assert
acme:data_store:store-00908~b19d33363868,data_store,acme,store-00908,store-00908.warehouse,warehouse,false,operational,in_use,2025-03-20T23:45:19Z,\N,2025-03-30T12:00:49Z,\N,1,assert
acme:data_store:store-01033~d312fc5e478a,data_store,acme,store-01033,store-01033.file_share,file_share,false,operational,in_use,2025-03-24T02:07:13Z,\N,2025-03-31T19:47:48Z,\N,1,assert
acme:data_store:store-01639~2cd749d8023a,data_store,acme,store-01639,store-01639.file_share,file_share,true,operational,in_use,2025-03-09T15:34:01Z,\N,2025-04-01T02:33:23Z,\N,1,assert
acme:data_store:store-03548~46be86e59545,data_store,acme,store-03548,store-03548.dbms,dbms,true,operational,in_use,2025-04-01T01:38:40Z,\N,2025-04-05T02:47:13Z,\N,1,assert
acme:data_store:store-01016~351ab978e289,data_store,acme,store-01016,store-01016.file_share,file_share,true,operational,in_use,2025-03-11T21:07:13Z,\N,2025-04-06T22:25:02Z,\N,1,assert
acme:data_store:store-01184~9e2e2d16aafe,data_store,acme,store-01184,store-01184.dbms,dbms,true,operational,in_use,2025-03-09T22:32:06Z,\N,2025-04-06T06:45:01Z,\N,1,assert
acme:data_store:store-01200~5e5876ff93df,data_store,acme,store-01200,store-01200.object_store,object_store,false,operational,in_use,2025-03-19T05:29:20Z,\N,2025-04-06T03:49:59Z,\N,1,assert
acme:data_store:store-03309~69452c25579a,data_store,acme,store-03309,store-03309.dbms,dbms,false,operational,in_use,2025-03-05T07:08:38Z,\N,2025-04-06T16:09:22Z,\N,1,assert
acme:data_store:store-03032~a14202d8ca33,data_store,acme,store-03032,store-03032.dbms,dbms,false,operational,in_use,2025-03-22T12:50:35Z,\N,2025-04-07T01:39:20Z,\N,1,assert
acme:data_store:store-03545~ee3fd2ec8a6d,data_store,acme,store-03545,store-03545.queue,queue,false,operational,in_use,2025-02-23T10:18:11Z,\N,2025-04-07T00:08:48Z,\N,1,assert
acme:data_store:store-01115~d40b54a23fa2,data_store,acme,store-01115,store-01115.warehouse,warehouse,false,operational,in_use,2025-03-11T10:45:12Z,\N,2025-04-09T01:19:44Z,\N,1,assert
acme:data_store:store-03425~708f64d35f38,data_store,acme,store-03425,store-03425.dbms,dbms,true,operational,in_use,2025-03-20T10:55:19Z,\N,2025-04-09T05:24:16Z,2026-08-16T04:14:30Z,1,assert
acme:data_store:store-02566~c189394c28a0,data_store,acme,store-02566,store-02566.dbms,dbms,false,operational,in_use,2025-03-27T22:54:15Z,\N,2025-04-09T10:35:00Z,\N,1,assert
acme:data_store:store-00969~7362841e29a9,data_store,acme,store-00969,store-00969.object_store,object_store,false,operational,in_use,2025-03-29T08:03:08Z,\N,2025-04-10T21:15:22Z,\N,1,assert
acme:data_store:store-01743~ff04dd74ac89,data_store,acme,store-01743,store-01743.warehouse,warehouse,false,operational,in_use,2025-03-15T07:43:07Z,\N,2025-04-10T14:28:19Z,\N,1,assert
acme:data_store:store-03228~4cc45abd2365,data_store,acme,store-03228,store-03228.dbms,dbms,false,operational,in_use,2025-04-09T04:31:19Z,\N,2025-04-10T11:18:58Z,\N,1,assert
acme:data_store:store-03495~17ce9ac1b076,data_store,acme,store-03495,store-03495.dbms,dbms,true,operational,in_use,2025-04-10T20:02:12Z,\N,2025-04-10T20:02:12Z,\N,1,assert
acme:data_store:store-01186~77946e4fec5a,data_store,acme,store-01186,store-01186.object_store,object_store,false,operational,in_use,2025-03-29T04:08:17Z,\N,2025-04-12T14:45:39Z,\N,1,assert
acme:data_store:store-01587~dcfeef63b3d6,data_store,acme,store-01587,store-01587.dbms,dbms,false,operational,in_use,2025-04-11T20:05:19Z,\N,2025-04-12T04:45:51Z,\N,1,assert
acme:data_store:store-03517~6b1b4e15e2ed,data_store,acme,store-03517,store-03517.file_share,file_share,false,operational,in_use,2025-03-21T15:27:37Z,\N,2025-04-12T14:20:06Z,\N,1,assert
acme:data_store:store-02444~51a37e90a13c,data_store,acme,store-02444,store-02444.queue,queue,false,operational,in_use,2025-04-12T12:56:22Z,\N,2025-04-14T08:13:36Z,\N,1,assert
acme:data_store:store-02790~16050bd97fda,data_store,acme,store-02790,store-02790.dbms,dbms,false,operational,in_use,2025-03-15T15:23:36Z,\N,2025-04-14T02:00:58Z,\N,1,assert
acme:data_store:store-00857~48d12232135c,data_store,acme,store-00857,store-00857.dbms,dbms,false,operational,in_use,2025-03-20T03:11:27Z,\N,2025-04-15T22:47:27Z,\N,1,assert
acme:data_store:store-00598~39bf80c2a61a,data_store,acme,store-00598,store-00598.warehouse,warehouse,false,operational,in_use,2025-03-08T04:39:33Z,\N,2025-04-16T00:32:28Z,\N,1,assert
acme:data_store:store-02300~dc8ffb27b321,data_store,acme,store-02300,store-02300.dbms,dbms,false,operational,in_use,2025-03-17T04:37:13Z,\N,2025-04-18T09:13:16Z,\N,1,assert
acme:data_store:store-02960~30d97b6c4040,data_store,acme,store-02960,store-02960.queue,queue,false,operational,in_use,2025-03-29T23:31:41Z,\N,2025-04-18T00:27:39Z,\N,1,assert
acme:data_store:store-03156~4785926a7c6c,data_store,acme,store-03156,store-03156.dbms,dbms,false,operational,in_use,2025-03-17T13:01:02Z,\N,2025-04-18T21:01:33Z,\N,1,assert
acme:data_store:store-00033~736c89011dd7,data_store,acme,store-00033,store-00033.warehouse,warehouse,false,operational,in_use,2025-03-19T13:06:38Z,\N,2025-04-19T17:44:14Z,\N,1,assert
acme:data_store:store-02738~d3dfcb39da4c,data_store,acme,store-02738,store-02738.file_share,file_share,false,operational,in_use,2025-03-22T19:44:15Z,\N,2025-04-22T00:12:36Z,\N,1,assert
acme:data_store:store-02850~fd169c74257c,data_store,acme,store-02850,store-02850.dbms,dbms,false,operational,in_use,2025-03-29T06:50:16Z,\N,2025-04-22T12:29:33Z,\N,1,assert
acme:data_store:store-00606~c41a0e4af5c2,data_store,acme,store-00606,store-00606.warehouse,warehouse,false,operational,in_use,2025-03-29T09:30:12Z,\N,2025-04-23T09:56:22Z,\N,1,assert
acme:data_store:store-01158~b7eda1529928,data_store,acme,store-01158,store-01158.warehouse,warehouse,false,operational,in_use,2025-04-14T20:52:05Z,\N,2025-04-23T10:07:10Z,\N,1,assert
acme:data_store:store-02670~22fdb70e6c41,data_store,acme,store-02670,store-02670.object_store,object_store,false,operational,in_use,2025-04-14T22:52:55Z,\N,2025-04-26T22:21:34Z,\N,1,assert
acme:data_store:store-02531~9471cdf980e2,data_store,acme,store-02531,store-02531.warehouse,warehouse,true,operational,in_use,2025-04-09T21:30:21Z,\N,2025-04-27T15:52:40Z,\N,1,assert
acme:data_store:store-00989~dba8c44d21a3,data_store,acme,store-00989,store-00989.file_share,file_share,true,operational,in_use,2025-04-09T14:01:37Z,\N,2025-04-29T12:00:24Z,\N,1,assert
acme:data_store:store-00569~6e765ab9ea9a,data_store,acme,store-00569,store-00569.warehouse,warehouse,true,operational,in_use,2025-04-22T09:43:06Z,\N,2025-04-30T08:02:43Z,\N,1,assert
acme:data_store:store-00229~947f9a84e869,data_store,acme,store-00229,store-00229.warehouse,warehouse,false,operational,in_use,2025-04-09T05:32:42Z,\N,2025-05-01T00:10:20Z,\N,1,assert
acme:data_store:store-02845~312c65afb104,data_store,acme,store-02845,store-02845.file_share,file_share,false,operational,in_use,2025-04-01T10:07:24Z,\N,2025-05-01T09:53:22Z,\N,1,assert
acme:data_store:store-03475~798a857969e9,data_store,acme,store-03475,store-03475.warehouse,warehouse,true,operational,in_use,2025-03-26T09:22:56Z,\N,2025-05-02T17:12:37Z,\N,1,assert
acme:data_store:store-03083~c09bdb65b352,data_store,acme,store-03083,store-03083.warehouse,warehouse,false,operational,in_use,2025-04-20T07:04:30Z,\N,2025-05-03T09:24:54Z,\N,1,assert
acme:data_store:store-00393~44f7db0832af,data_store,acme,store-00393,store-00393.file_share,file_share,true,operational,in_use,2025-04-02T15:36:38Z,\N,2025-05-08T06:19:26Z,\N,1,assert
acme:data_store:store-02646~c6a7036d5958,data_store,acme,store-02646,store-02646.dbms,dbms,false,operational,in_use,2025-05-05T21:59:58Z,\N,2025-05-08T07:55:55Z,\N,1,assert
acme:data_store:store-01583~3ff683801112,data_store,acme,store-01583,store-01583.warehouse,warehouse,true,operational,in_use,2025-04-08T22:29:35Z,\N,2025-05-09T02:58:32Z,\N,1,assert
acme:data_store:store-01800~71c52f840ffa,data_store,acme,store-01800,store-01800.dbms,dbms,true,operational,in_use,2025-03-28T18:57:21Z,\N,2025-05-09T09:00:36Z,\N,1,assert
acme:data_store:store-03125~0ce1cb7a7f99,data_store,acme,store-03125,store-03125.dbms,dbms,false,operational,in_use,2025-04-02T19:32:22Z,\N,2025-05-09T09:42:17Z,\N,1,assert
acme:data_store:store-02983~ef56fa700cf6,data_store,acme,store-02983,store-02983.queue,queue,false,operational,in_use,2025-04-08T01:02:17Z,\N,2025-05-11T18:03:32Z,\N,1,assert
acme:data_store:store-02496~912e0394db07,data_store,acme,store-02496,store-02496.file_share,file_share,true,operational,in_use,2025-05-05T19:19:45Z,\N,2025-05-12T12:25:27Z,\N,1,assert
acme:data_store:store-00116~940f88c83062,data_store,acme,store-00116,store-00116.warehouse,warehouse,false,operational,in_use,2025-05-02T08:02:59Z,\N,2025-05-13T09:01:35Z,\N,1,assert
acme:data_store:store-00306~242bde2a3d22,data_store,acme,store-00306,store-00306.warehouse,warehouse,true,operational,in_use,2025-04-04T00:07:42Z,\N,2025-05-14T09:43:55Z,\N,1,assert
acme:data_store:store-01007~49db0be3dac6,data_store,acme,store-01007,store-01007.queue,queue,true,operational,in_use,2025-04-21T11:21:28Z,\N,2025-05-14T23:35:16Z,\N,1,assert
acme:data_store:store-01889~e071139d8c60,data_store,acme,store-01889,store-01889.warehouse,warehouse,false,operational,in_use,2025-05-10T02:42:03Z,\N,2025-05-15T21:01:39Z,\N,1,assert
acme:data_store:store-00383~36824af24eab,data_store,acme,store-00383,store-00383.dbms,dbms,true,operational,in_use,2025-05-03T04:01:30Z,\N,2025-05-17T16:10:04Z,\N,1,assert
acme:data_store:store-01410~b2579963f5e5,data_store,acme,store-01410,store-01410.warehouse,warehouse,false,operational,in_use,2025-04-29T14:10:14Z,\N,2025-05-17T00:24:34Z,\N,1,assert
acme:data_store:store-00497~e7869587c3e1,data_store,acme,store-00497,store-00497.dbms,dbms,true,operational,in_use,2025-05-09T21:07:50Z,\N,2025-05-18T16:32:37Z,\N,1,assert
acme:data_store:store-02400~9dc3aae83738,data_store,acme,store-02400,store-02400.queue,queue,false,operational,in_use,2025-04-21T19:53:48Z,\N,2025-05-18T20:57:57Z,\N,1,assert
acme:data_store:store-00385~937e8fcce7a8,data_store,acme,store-00385,store-00385.file_share,file_share,false,operational,in_use,2025-04-28T09:05:23Z,\N,2025-05-19T07:25:04Z,\N,1,assert
acme:data_store:store-03302~4332ebf2305c,data_store,acme,store-03302,store-03302.file_share,file_share,false,operational,in_use,2025-04-10T00:10:58Z,\N,2025-05-19T17:03:18Z,\N,1,assert
acme:data_store:store-01910~65adf116f8f1,data_store,acme,store-01910,store-01910.warehouse,warehouse,true,operational,in_use,2025-04-20T04:38:26Z,\N,2025-05-21T20:01:59Z,\N,1,assert
acme:data_store:store-02997~f8478a8d104b,data_store,acme,store-02997,store-02997.object_store,object_store,false,operational,in_use,2025-04-28T09:18:43Z,\N,2025-05-23T18:37:30Z,\N,1,assert
acme:data_store:store-01006~166f283c420e,data_store,acme,store-01006,store-01006.dbms,dbms,false,operational,in_use,2025-05-06T18:36:52Z,\N,2025-05-26T01:45:20Z,\N,1,assert
acme:data_store:store-01931~9e4fdabef269,data_store,acme,store-01931,store-01931.warehouse,warehouse,false,operational,in_use,2025-05-15T06:08:10Z,\N,2025-05-26T10:40:29Z,\N,1,assert
acme:data_store:store-03185~d2a494ac7cb0,data_store,acme,store-03185,store-03185.file_share,file_share,true,operational,in_use,2025-05-06T05:42:30Z,\N,2025-05-26T20:31:08Z,\N,1,assert
acme:data_store:store-00470~a2e4cc8ce8c0,data_store,acme,store-00470,store-00470.dbms,dbms,false,operational,in_use,2025-05-18T00:33:36Z,\N,2025-05-27T19:40:45Z,\N,1,assert
acme:data_store:store-02702~4e71710dd6d7,data_store,acme,store-02702,store-02702.dbms,dbms,false,operational,in_use,2025-05-20T18:44:43Z,\N,2025-05-27T11:23:01Z,\N,1,assert
acme:data_store:store-01363~c4a6449749fb,data_store,acme,store-01363,store-01363.file_share,file_share,false,operational,in_use,2025-05-15T14:09:31Z,\N,2025-05-28T12:05:10Z,\N,1,assert
acme:data_store:store-02003~cf2dbf2fa43e,data_store,acme,store-02003,store-02003.dbms,dbms,false,operational,in_use,2025-05-04T17:54:04Z,\N,2025-05-30T09:04:21Z,\N,1,assert
acme:data_store:store-02090~b0141c3a6dde,data_store,acme,store-02090,store-02090.warehouse,warehouse,false,operational,in_use,2025-05-07T08:08:45Z,\N,2025-05-30T08:44:50Z,\N,1,assert
acme:data_store:store-01025~7da1feb825d3,data_store,acme,store-01025,store-01025.queue,queue,false,operational,in_use,2025-05-10T07:37:40Z,\N,2025-05-31T09:34:58Z,\N,1,assert
acme:data_store:store-01708~bca7fa5360a1,data_store,acme,store-01708,store-01708.file_share,file_share,false,operational,in_use,2025-05-06T23:46:33Z,\N,2025-05-31T14:04:52Z,\N,1,assert
acme:data_store:store-02727~cfdb4c6c90cd,data_store,acme,store-02727,store-02727.object_store,object_store,false,operational,in_use,2025-05-14T03:25:00Z,\N,2025-05-31T18:19:29Z,\N,1,assert
acme:data_store:store-00070~d0d1af25311e,data_store,acme,store-00070,store-00070.dbms,dbms,false,operational,in_use,2025-04-26T05:17:04Z,\N,2025-06-02T04:33:28Z,\N,1,assert
acme:data_store:store-00780~d478b332782c,data_store,acme,store-00780,store-00780.file_share,file_share,false,operational,in_use,2025-05-27T11:11:57Z,\N,2025-06-03T17:38:23Z,\N,1,assert
acme:data_store:store-02596~364174f050b0,data_store,acme,store-02596,store-02596.warehouse,warehouse,true,operational,in_use,2025-05-07T00:24:48Z,\N,2025-06-03T17:32:12Z,\N,1,assert
acme:data_store:store-03224~8516ebe7e582,data_store,acme,store-03224,store-03224.object_store,object_store,true,operational,in_use,2025-05-25T01:16:02Z,\N,2025-06-03T19:02:52Z,\N,1,assert
acme:data_store:store-03460~7efb516ff36b,data_store,acme,store-03460,store-03460.queue,queue,true,operational,in_use,2025-05-02T18:34:32Z,\N,2025-06-03T04:18:23Z,\N,1,assert
acme:data_store:store-02103~73865b4c9286,data_store,acme,store-02103,store-02103.dbms,dbms,false,operational,in_use,2025-05-22T11:23:59Z,\N,2025-06-04T08:38:29Z,\N,1,assert
acme:data_store:store-02315~431eb6b95162,data_store,acme,store-02315,store-02315.dbms,dbms,true,operational,in_use,2025-05-02T10:32:51Z,\N,2025-06-04T06:44:16Z,\N,1,assert
acme:data_store:store-02461~465217e23e73,data_store,acme,store-02461,store-02461.object_store,object_store,false,operational,in_use,2025-04-26T16:52:17Z,\N,2025-06-04T22:20:34Z,\N,1,assert
acme:data_store:store-03541~606fccd17127,data_store,acme,store-03541,store-03541.dbms,dbms,false,operational,in_use,2025-04-28T02:57:38Z,\N,2025-06-06T14:32:25Z,\N,1,assert
acme:data_store:store-00803~6335b327ae37,data_store,acme,store-00803,store-00803.warehouse,warehouse,false,operational,in_use,2025-05-16T02:43:46Z,\N,2025-06-06T14:42:07Z,2025-08-21T04:43:04Z,1,assert
acme:data_store:store-01141~37d71585bb9b,data_store,acme,store-01141,store-01141.dbms,dbms,false,operational,in_use,2025-05-14T17:51:09Z,\N,2025-06-08T23:52:22Z,\N,1,assert
acme:data_store:store-01343~698a26f4bd8e,data_store,acme,store-01343,store-01343.warehouse,warehouse,true,operational,in_use,2025-05-03T20:11:06Z,\N,2025-06-09T12:43:42Z,\N,1,assert
acme:data_store:store-02511~6e266c8a22c2,data_store,acme,store-02511,store-02511.dbms,dbms,true,operational,in_use,2025-04-29T17:00:09Z,\N,2025-06-09T03:39:36Z,\N,1,assert
acme:data_store:store-01499~ec49e5e5b931,data_store,acme,store-01499,store-01499.dbms,dbms,false,operational,in_use,2025-05-27T11:28:26Z,\N,2025-06-10T05:10:06Z,\N,1,assert
acme:data_store:store-03082~1c897b17f817,data_store,acme,store-03082,store-03082.warehouse,warehouse,false,operational,in_maintenance,2024-11-30T19:28:00Z,\N,2025-06-12T03:18:57Z,\N,2,assert
acme:data_store:store-01050~cca47d8b6ec3,data_store,acme,store-01050,store-01050.warehouse,warehouse,false,operational,in_use,2025-05-17T18:23:06Z,\N,2025-06-12T23:38:52Z,\N,1,assert
acme:data_store:store-01950~778fc808d022,data_store,acme,store-01950,store-01950.object_store,object_store,true,operational,in_use,2025-05-29T17:51:27Z,\N,2025-06-12T10:34:35Z,\N,1,assert
acme:data_store:store-03487~1cb5af109e18,data_store,acme,store-03487,store-03487.queue,queue,true,operational,in_use,2025-06-06T03:18:50Z,\N,2025-06-12T12:05:09Z,\N,1,assert
acme:data_store:store-01162~0cdc7da151ac,data_store,acme,store-01162,store-01162.dbms,dbms,false,operational,in_use,2025-05-12T09:06:58Z,\N,2025-06-13T16:38:27Z,\N,1,assert
acme:data_store:store-02948~c82d4c8f0d00,data_store,acme,store-02948,store-02948.dbms,dbms,false,operational,in_use,2025-05-27T03:42:00Z,\N,2025-06-13T23:03:24Z,\N,1,assert
acme:data_store:store-00953~e9bf9d8bbf57,data_store,acme,store-00953,store-00953.file_share,file_share,true,operational,in_use,2025-05-15T15:36:37Z,\N,2025-06-14T19:24:57Z,\N,1,assert
acme:data_store:store-01216~0772e1830538,data_store,acme,store-01216,store-01216.warehouse,warehouse,false,operational,in_use,2025-05-12T05:11:33Z,\N,2025-06-14T11:00:43Z,\N,1,assert
acme:data_store:store-02673~b6b7bb46fa41,data_store,acme,store-02673,store-02673.file_share,file_share,true,operational,in_use,2025-05-04T02:58:43Z,\N,2025-06-15T22:11:21Z,\N,1,assert
acme:data_store:store-02695~806810a66bb6,data_store,acme,store-02695,store-02695.dbms,dbms,false,operational,in_use,2025-06-05T00:00:38Z,\N,2025-06-15T22:50:52Z,\N,1,assert
acme:data_store:store-02836~7e1ee73bf4fb,data_store,acme,store-02836,store-02836.warehouse,warehouse,false,operational,in_use,2025-06-06T08:00:38Z,\N,2025-06-15T23:42:56Z,2026-05-15T20:37:02Z,1,assert
acme:data_store:store-01037~b31617cefbf7,data_store,acme,store-01037,store-01037.dbms,dbms,false,operational,in_use,2025-05-21T03:10:35Z,\N,2025-06-16T03:18:40Z,\N,1,assert
acme:data_store:store-00622~4db65ed5a56b,data_store,acme,store-00622,store-00622.warehouse,warehouse,false,operational,in_use,2025-05-10T14:23:24Z,\N,2025-06-18T04:51:38Z,\N,1,assert
acme:data_store:store-00752~bfc8e1509216,data_store,acme,store-00752,store-00752.dbms,dbms,true,operational,in_use,2025-05-15T00:18:18Z,\N,2025-06-19T14:21:03Z,\N,1,assert
acme:data_store:store-00968~b674d97f1ada,data_store,acme,store-00968,store-00968.object_store,object_store,true,operational,in_use,2025-05-28T19:46:20Z,\N,2025-06-19T11:07:46Z,\N,1,assert
acme:data_store:store-01389~305ceb13a82e,data_store,acme,store-01389,store-01389.queue,queue,false,operational,in_use,2025-05-22T07:38:59Z,\N,2025-06-19T19:22:09Z,\N,1,assert
acme:data_store:store-01536~ed2bf920f783,data_store,acme,store-01536,store-01536.warehouse,warehouse,false,operational,in_use,2025-05-14T19:02:46Z,\N,2025-06-19T03:16:10Z,\N,1,assert
acme:data_store:store-03423~64c39051ef13,data_store,acme,store-03423,store-03423.dbms,dbms,false,operational,in_use,2025-05-13T01:10:35Z,\N,2025-06-20T04:56:38Z,\N,1,assert
acme:data_store:store-02032~0c7d1ae61db9,data_store,acme,store-02032,store-02032.queue,queue,false,operational,in_use,2025-06-16T19:25:57Z,\N,2025-06-21T07:56:10Z,\N,1,assert
acme:data_store:store-00931~4aaa44591428,data_store,acme,store-00931,store-00931.object_store,object_store,false,operational,in_use,2025-05-11T19:36:31Z,\N,2025-06-22T21:37:07Z,\N,1,assert
acme:data_store:store-02251~7ddfdd1cc082,data_store,acme,store-02251,store-02251.queue,queue,true,operational,in_use,2025-06-07T07:43:28Z,\N,2025-06-23T01:46:45Z,\N,1,assert
acme:data_store:store-01243~c5536c5b0dd6,data_store,acme,store-01243,store-01243.file_share,file_share,true,operational,in_use,2025-06-10T18:01:54Z,2025-08-22T22:09:53Z,2025-06-25T07:14:49Z,\N,1,assert
acme:data_store:store-01684~fea6ae96cd38,data_store,acme,store-01684,store-01684.warehouse,warehouse,true,operational,in_use,2025-06-05T14:32:02Z,\N,2025-06-26T08:24:46Z,\N,1,assert
acme:data_store:store-02613~b24b8648fd12,data_store,acme,store-02613,store-02613.dbms,dbms,false,operational,in_use,2025-06-02T07:09:58Z,\N,2025-06-26T02:21:27Z,\N,1,assert
acme:data_store:store-02663~3b3a395899d2,data_store,acme,store-02663,store-02663.dbms,dbms,false,operational,in_use,2025-05-26T11:52:26Z,\N,2025-06-26T03:20:22Z,\N,1,assert
acme:data_store:store-00973~975c4c99c69e,data_store,acme,store-00973,store-00973.file_share,file_share,false,operational,in_use,2025-05-31T01:29:06Z,\N,2025-06-28T01:19:01Z,\N,1,assert
acme:data_store:store-03045~113d5ef60fb3,data_store,acme,store-03045,store-03045.queue,queue,false,operational,in_use,2025-06-24T14:33:23Z,\N,2025-06-28T16:18:13Z,\N,1,assert
acme:data_store:store-01930~c95b9b8ab696,data_store,acme,store-01930,store-01930.warehouse,warehouse,false,operational,in_use,2025-06-20T17:03:11Z,\N,2025-06-28T22:06:55Z,2026-04-17T06:50:20Z,1,assert
acme:data_store:store-02557~257dc6fc7d1e,data_store,acme,store-02557,store-02557.dbms,dbms,false,operational,in_use,2025-06-19T09:36:00Z,\N,2025-06-29T22:50:17Z,\N,1,assert
acme:data_store:store-02893~7b80a6e3ab62,data_store,acme,store-02893,store-02893.object_store,object_store,false,operational,in_use,2025-05-26T21:45:51Z,\N,2025-06-30T04:59:58Z,\N,1,assert
acme:data_store:store-00730~ef733a4d6c04,data_store,acme,store-00730,store-00730.file_share,file_share,true,operational,in_use,2025-06-26T00:00:48Z,\N,2025-07-01T12:49:20Z,\N,1,assert
acme:data_store:store-02843~cf38057909b0,data_store,acme,store-02843,store-02843.warehouse,warehouse,false,operational,end_of_support,2022-11-11T11:19:58Z,\N,2025-07-01T13:13:51Z,\N,2,assert
acme:data_store:store-00173~f604114afefd,data_store,acme,store-00173,store-00173.warehouse,warehouse,true,operational,in_use,2025-06-24T21:06:31Z,\N,2025-07-02T12:49:04Z,\N,1,assert
acme:data_store:store-01269~b6cbf09e9e5d,data_store,acme,store-01269,store-01269.dbms,dbms,false,operational,in_use,2025-06-30T05:13:20Z,\N,2025-07-02T16:35:26Z,\N,1,assert
acme:data_store:store-02985~15d01c37f495,data_store,acme,store-02985,store-02985.queue,queue,true,operational,in_use,2025-06-28T01:42:28Z,\N,2025-07-02T07:18:37Z,\N,1,assert
acme:data_store:store-00547~a49c66f560f0,data_store,acme,store-00547,store-00547.dbms,dbms,false,operational,in_use,2025-06-07T08:06:43Z,\N,2025-07-03T20:01:12Z,\N,1,assert
acme:data_store:store-03203~fbc668fec6bc,data_store,acme,store-03203,store-03203.dbms,dbms,false,operational,in_use,2025-06-09T19:47:01Z,\N,2025-07-03T02:05:44Z,\N,1,assert
acme:data_store:store-00715~d24e39ccb2aa,data_store,acme,store-00715,store-00715.object_store,object_store,false,operational,in_use,2025-05-24T22:50:36Z,\N,2025-07-04T13:02:49Z,\N,1,assert
acme:data_store:store-01933~bd30edd22593,data_store,acme,store-01933,store-01933.queue,queue,false,operational,in_use,2025-06-24T18:16:53Z,\N,2025-07-04T07:28:08Z,\N,1,assert
acme:data_store:store-02667~928b33b782d7,data_store,acme,store-02667,store-02667.dbms,dbms,true,operational,in_use,2025-06-25T18:20:13Z,\N,2025-07-04T00:49:22Z,\N,1,assert
acme:data_store:store-03114~f986c3afc729,data_store,acme,store-03114,store-03114.dbms,dbms,false,operational,in_use,2025-06-04T22:46:22Z,\N,2025-07-04T05:28:02Z,\N,1,assert
acme:data_store:store-01779~8eaebd32a209,data_store,acme,store-01779,store-01779.dbms,dbms,true,operational,in_use,2025-06-09T23:27:26Z,2026-01-04T02:46:43Z,2025-07-04T15:20:10Z,\N,1,assert
acme:data_store:store-02422~ed0ca791aef0,data_store,acme,store-02422,store-02422.file_share,file_share,true,operational,in_use,2025-05-23T22:36:46Z,\N,2025-07-05T17:24:35Z,\N,1,assert
acme:data_store:store-03039~8a83b5ccf4f9,data_store,acme,store-03039,store-03039.dbms,dbms,false,operational,in_use,2025-06-14T03:49:17Z,\N,2025-07-05T04:35:31Z,\N,1,assert
acme:data_store:store-01385~abc40bdc7abc,data_store,acme,store-01385,store-01385.file_share,file_share,false,operational,in_maintenance,2024-08-22T11:59:53Z,\N,2025-07-06T13:25:25Z,\N,2,assert
acme:data_store:store-00609~14566c41407e,data_store,acme,store-00609,store-00609.file_share,file_share,false,operational,end_of_support,2022-05-29T19:07:07Z,\N,2025-07-06T22:59:09Z,\N,2,assert
acme:data_store:store-01520~e281b916fa0f,data_store,acme,store-01520,store-01520.dbms,dbms,false,operational,in_use,2025-06-21T17:12:40Z,\N,2025-07-07T19:24:28Z,\N,1,assert
acme:data_store:store-00512~3c1930db1b41,data_store,acme,store-00512,store-00512.dbms,dbms,false,operational,in_use,2025-05-29T21:56:49Z,\N,2025-07-09T00:53:22Z,\N,1,assert
acme:data_store:store-01689~c6141086efbb,data_store,acme,store-01689,store-01689.warehouse,warehouse,false,operational,in_use,2025-07-03T04:36:10Z,\N,2025-07-09T05:59:41Z,\N,1,assert
acme:data_store:store-02452~cf411114326a,data_store,acme,store-02452,store-02452.queue,queue,true,operational,in_use,2025-06-13T15:49:12Z,\N,2025-07-10T08:27:12Z,\N,1,assert
acme:data_store:store-02898~06d382054ade,data_store,acme,store-02898,store-02898.warehouse,warehouse,false,operational,in_use,2025-06-29T14:03:52Z,\N,2025-07-10T18:47:39Z,\N,1,assert
acme:data_store:store-02286~d8fe9ff348ad,data_store,acme,store-02286,store-02286.dbms,dbms,false,operational,in_use,2025-06-29T13:54:32Z,\N,2025-07-15T03:46:47Z,\N,1,assert
acme:data_store:store-03443~25f139689dc1,data_store,acme,store-03443,store-03443.queue,queue,false,operational,in_use,2025-06-29T05:56:55Z,\N,2025-07-15T09:57:38Z,\N,1,assert
acme:data_store:store-00024~330676ebc276,data_store,acme,store-00024,store-00024.warehouse,warehouse,false,operational,in_use,2025-06-06T05:01:33Z,\N,2025-07-18T11:56:06Z,\N,1,assert
acme:data_store:store-00485~8bd4497f35be,data_store,acme,store-00485,store-00485.dbms,dbms,false,operational,in_use,2025-06-10T23:10:44Z,\N,2025-07-18T13:00:45Z,\N,1,assert
acme:data_store:store-00816~8af80e97ad7e,data_store,acme,store-00816,store-00816.warehouse,warehouse,true,operational,in_use,2025-06-22T16:47:41Z,2025-08-07T07:11:26Z,2025-07-18T13:30:51Z,\N,1,assert
acme:data_store:store-02716~ce2c6cf33635,data_store,acme,store-02716,store-02716.warehouse,warehouse,true,operational,in_use,2025-06-04T07:35:35Z,\N,2025-07-18T23:18:59Z,\N,1,assert
acme:data_store:store-00663~2cb71a1e2e91,data_store,acme,store-00663,store-00663.dbms,dbms,false,operational,in_use,2025-06-06T06:52:13Z,\N,2025-07-20T21:50:19Z,2026-04-04T10:08:37Z,1,assert
acme:data_store:store-00386~dcda66c5bab7,data_store,acme,store-00386,store-00386.object_store,object_store,true,operational,in_use,2025-07-07T04:35:22Z,\N,2025-07-21T01:09:17Z,\N,1,assert
acme:data_store:store-01731~a731f6396b27,data_store,acme,store-01731,store-01731.warehouse,warehouse,false,operational,in_use,2025-06-16T19:01:49Z,\N,2025-07-21T13:10:10Z,\N,1,assert
acme:data_store:store-02083~9b8043bc9634,data_store,acme,store-02083,store-02083.dbms,dbms,false,operational,in_use,2025-06-25T19:19:31Z,\N,2025-07-21T11:14:33Z,\N,1,assert
acme:data_store:store-03560~c2abce015e55,data_store,acme,store-03560,store-03560.file_share,file_share,false,operational,in_use,2025-06-15T03:44:29Z,\N,2025-07-21T09:53:59Z,\N,1,assert
acme:data_store:store-01906~c544d53fed40,data_store,acme,store-01906,store-01906.file_share,file_share,true,operational,in_use,2025-06-25T08:48:34Z,\N,2025-07-22T00:57:18Z,\N,1,assert
acme:data_store:store-00133~42236bb59fd2,data_store,acme,store-00133,store-00133.warehouse,warehouse,false,operational,in_use,2025-06-18T19:39:23Z,\N,2025-07-23T06:20:10Z,\N,1,assert
acme:data_store:store-03163~c125282cf576,data_store,acme,store-03163,store-03163.warehouse,warehouse,false,operational,in_use,2025-06-20T04:27:36Z,\N,2025-07-24T01:35:49Z,\N,1,assert
acme:data_store:store-03564~e4b02c65f97c,data_store,acme,store-03564,store-03564.warehouse,warehouse,false,operational,in_use,2025-07-24T00:40:18Z,\N,2025-07-24T00:40:18Z,\N,1,assert
acme:data_store:store-00309~a820f81693a5,data_store,acme,store-00309,store-00309.object_store,object_store,false,operational,in_use,2025-07-13T10:45:27Z,\N,2025-07-24T07:50:47Z,2026-05-03T10:09:00Z,1,assert
acme:data_store:store-02605~1d6ab1b52e59,data_store,acme,store-02605,store-02605.object_store,object_store,false,operational,in_use,2025-06-18T13:13:58Z,\N,2025-07-25T00:20:37Z,\N,1,assert
acme:data_store:store-02408~ea9a313519c7,data_store,acme,store-02408,store-02408.object_store,object_store,false,operational,in_use,2025-06-22T04:21:17Z,\N,2025-07-26T16:21:25Z,\N,1,assert
acme:data_store:store-02859~d2890f9e4cdb,data_store,acme,store-02859,store-02859.file_share,file_share,true,operational,in_use,2025-06-24T02:01:48Z,\N,2025-07-26T19:39:28Z,\N,1,assert
acme:data_store:store-02957~e767b33ebfcd,data_store,acme,store-02957,store-02957.file_share,file_share,true,operational,in_use,2025-07-16T07:20:30Z,\N,2025-07-26T07:54:22Z,\N,1,assert
acme:data_store:store-02892~94857be8c179,data_store,acme,store-02892,store-02892.file_share,file_share,false,operational,in_use,2025-06-25T13:27:35Z,\N,2025-07-28T22:58:36Z,\N,1,assert
acme:data_store:store-00785~50e50cdb7067,data_store,acme,store-00785,store-00785.warehouse,warehouse,false,operational,in_use,2025-06-15T07:40:57Z,\N,2025-07-29T13:10:48Z,\N,1,assert
acme:data_store:store-02138~9b0c21943443,data_store,acme,store-02138,store-02138.file_share,file_share,false,operational,in_use,2025-07-03T04:31:32Z,\N,2025-07-30T15:54:50Z,\N,1,assert
acme:data_store:store-01478~fa63646d7256,data_store,acme,store-01478,store-01478.file_share,file_share,false,operational,in_maintenance,2021-12-02T04:06:45Z,\N,2025-07-30T17:02:57Z,\N,2,assert
acme:data_store:store-01986~bd00e8d5e41a,data_store,acme,store-01986,store-01986.queue,queue,true,operational,in_use,2025-07-19T16:02:41Z,\N,2025-08-01T16:10:03Z,\N,1,assert
acme:data_store:store-02139~ddb66909c5a6,data_store,acme,store-02139,store-02139.object_store,object_store,false,operational,in_use,2025-06-29T13:00:57Z,\N,2025-08-01T21:45:59Z,\N,1,assert
acme:data_store:store-02201~08a7a5b65007,data_store,acme,store-02201,store-02201.queue,queue,false,operational,in_use,2025-07-15T11:56:14Z,\N,2025-08-03T05:32:25Z,\N,1,assert
acme:data_store:store-03270~f8b4abe005e0,data_store,acme,store-03270,store-03270.object_store,object_store,false,operational,in_use,2025-07-22T10:10:01Z,\N,2025-08-04T21:29:57Z,\N,1,assert
acme:data_store:store-01561~8929dc172418,data_store,acme,store-01561,store-01561.object_store,object_store,false,operational,in_maintenance,2024-09-27T02:23:25Z,\N,2025-08-06T05:57:25Z,\N,2,assert
acme:data_store:store-03047~9e68d3b8a053,data_store,acme,store-03047,store-03047.warehouse,warehouse,false,operational,in_use,2025-07-27T00:15:19Z,\N,2025-08-06T19:46:34Z,\N,1,assert
acme:data_store:store-01528~48bbb8d109ec,data_store,acme,store-01528,store-01528.dbms,dbms,false,operational,in_use,2025-07-15T11:14:00Z,\N,2025-08-07T01:30:53Z,\N,1,assert
acme:data_store:store-02188~a2df50d4cf33,data_store,acme,store-02188,store-02188.file_share,file_share,false,operational,in_use,2025-07-15T01:52:24Z,\N,2025-08-08T11:15:30Z,\N,1,assert
acme:data_store:store-03012~b15aae4c84ce,data_store,acme,store-03012,store-03012.dbms,dbms,true,operational,in_use,2025-08-05T21:21:53Z,\N,2025-08-08T20:21:56Z,\N,1,assert
acme:data_store:store-03066~7f95673352c9,data_store,acme,store-03066,store-03066.file_share,file_share,true,operational,in_use,2025-07-28T10:35:27Z,\N,2025-08-08T12:53:05Z,\N,1,assert
acme:data_store:store-02990~9df4ce8d4f28,data_store,acme,store-02990,store-02990.object_store,object_store,false,operational,in_use,2025-07-07T10:26:36Z,\N,2025-08-10T21:10:33Z,\N,1,assert
acme:data_store:store-03339~b36f94a7d18c,data_store,acme,store-03339,store-03339.dbms,dbms,false,operational,in_use,2025-07-01T10:21:09Z,\N,2025-08-11T09:03:28Z,\N,1,assert
acme:data_store:store-02926~efee318f02a6,data_store,acme,store-02926,store-02926.object_store,object_store,true,operational,in_use,2025-08-11T18:31:29Z,\N,2025-08-13T18:20:21Z,\N,1,assert
acme:data_store:store-01018~78ab559b37a3,data_store,acme,store-01018,store-01018.warehouse,warehouse,false,operational,in_use,2025-07-16T05:05:55Z,\N,2025-08-14T11:03:26Z,\N,1,assert
acme:data_store:store-01418~5c0399fed65f,data_store,acme,store-01418,store-01418.dbms,dbms,false,operational,in_use,2025-07-19T22:54:52Z,\N,2025-08-15T20:03:29Z,\N,1,assert
acme:data_store:store-01471~2857856eb78a,data_store,acme,store-01471,store-01471.dbms,dbms,false,operational,in_use,2025-07-20T11:30:35Z,\N,2025-08-17T07:39:37Z,\N,1,assert
acme:data_store:store-00059~73d4b91c0740,data_store,acme,store-00059,store-00059.warehouse,warehouse,false,operational,in_use,2025-07-16T07:17:08Z,\N,2025-08-18T10:00:38Z,\N,1,assert
acme:data_store:store-01918~811c1f0f69ca,data_store,acme,store-01918,store-01918.file_share,file_share,true,operational,in_use,2025-08-15T15:12:43Z,\N,2025-08-18T00:01:05Z,\N,1,assert
acme:data_store:store-02247~08147e7cf3f1,data_store,acme,store-02247,store-02247.dbms,dbms,true,operational,in_use,2025-07-25T15:52:46Z,\N,2025-08-18T17:24:46Z,\N,1,assert
acme:data_store:store-02661~0c07274cc015,data_store,acme,store-02661,store-02661.dbms,dbms,false,operational,in_use,2025-08-10T07:56:36Z,\N,2025-08-18T10:00:21Z,\N,1,assert
acme:data_store:store-02749~2b1f1a4ea479,data_store,acme,store-02749,store-02749.warehouse,warehouse,false,operational,in_use,2025-07-18T16:34:46Z,\N,2025-08-19T17:49:28Z,\N,1,assert
acme:data_store:store-01658~0ae302bb934b,data_store,acme,store-01658,store-01658.object_store,object_store,false,operational,in_use,2025-08-04T19:20:37Z,\N,2025-08-21T02:16:25Z,\N,1,assert
acme:data_store:store-00803~6335b327ae37,data_store,acme,store-00803,store-00803.warehouse,warehouse,false,operational,end_of_support,2025-05-16T02:43:46Z,\N,2025-08-21T04:43:04Z,\N,2,assert
acme:data_store:store-02581~299dfc5f2bea,data_store,acme,store-02581,store-02581.file_share,file_share,false,operational,in_use,2025-08-12T17:48:28Z,\N,2025-08-23T22:45:45Z,\N,1,assert
acme:data_store:store-02254~95fd231a9b85,data_store,acme,store-02254,store-02254.file_share,file_share,true,operational,in_use,2025-08-07T20:03:38Z,\N,2025-08-24T02:13:06Z,\N,1,assert
acme:data_store:store-00078~f6ce67f6684c,data_store,acme,store-00078,store-00078.dbms,dbms,false,operational,in_use,2025-08-02T21:42:22Z,\N,2025-08-25T01:59:07Z,\N,1,assert
acme:data_store:store-02065~622d5c5cb510,data_store,acme,store-02065,store-02065.dbms,dbms,true,operational,in_use,2025-07-30T13:10:15Z,\N,2025-08-25T22:57:06Z,2025-11-30T15:43:35Z,1,assert
acme:data_store:store-00552~211310514b9a,data_store,acme,store-00552,store-00552.object_store,object_store,false,operational,in_use,2025-08-17T19:54:15Z,\N,2025-08-26T09:51:55Z,\N,1,assert
acme:data_store:store-00919~4c30eafe5b0b,data_store,acme,store-00919,store-00919.warehouse,warehouse,true,operational,in_use,2025-08-06T10:44:35Z,\N,2025-08-26T15:33:11Z,\N,1,assert
acme:data_store:store-00077~a16c63df79ef,data_store,acme,store-00077,store-00077.dbms,dbms,false,operational,in_use,2025-08-25T23:21:52Z,\N,2025-08-27T20:45:58Z,\N,1,assert
acme:data_store:store-00697~e5d219f91510,data_store,acme,store-00697,store-00697.dbms,dbms,true,operational,in_use,2025-08-03T10:35:51Z,\N,2025-08-27T01:34:18Z,\N,1,assert
acme:data_store:store-01752~97dbf8eaa39c,data_store,acme,store-01752,store-01752.warehouse,warehouse,false,operational,in_use,2025-08-23T03:55:11Z,\N,2025-08-27T14:45:20Z,\N,1,assert
acme:data_store:store-02223~e6ff796a803b,data_store,acme,store-02223,store-02223.warehouse,warehouse,false,operational,in_use,2025-07-18T00:07:45Z,\N,2025-08-27T23:34:34Z,\N,1,assert
acme:data_store:store-02450~b23fd9cc98be,data_store,acme,store-02450,store-02450.dbms,dbms,false,operational,in_use,2025-07-29T05:36:33Z,\N,2025-08-28T05:17:01Z,\N,1,assert
acme:data_store:store-00769~089b1b716db7,data_store,acme,store-00769,store-00769.file_share,file_share,false,operational,in_use,2025-07-17T19:51:24Z,\N,2025-08-29T22:54:28Z,\N,1,assert
acme:data_store:store-03194~3cbffc45803e,data_store,acme,store-03194,store-03194.dbms,dbms,true,operational,in_use,2025-08-17T20:21:03Z,\N,2025-08-30T20:58:09Z,\N,1,assert
acme:data_store:store-01453~836f60b6cefb,data_store,acme,store-01453,store-01453.dbms,dbms,true,operational,in_use,2025-08-28T05:17:47Z,2026-06-07T05:41:31Z,2025-08-31T04:34:29Z,\N,1,assert
acme:data_store:store-00382~c227d096cc21,data_store,acme,store-00382,store-00382.object_store,object_store,false,operational,in_use,2025-07-20T05:02:59Z,\N,2025-08-31T15:29:07Z,\N,1,assert
acme:data_store:store-03437~96e8be7aead7,data_store,acme,store-03437,store-03437.dbms,dbms,false,operational,in_use,2025-08-01T22:19:14Z,\N,2025-08-31T08:56:10Z,\N,1,assert
acme:data_store:store-00211~6534c94b07d2,data_store,acme,store-00211,store-00211.dbms,dbms,false,operational,in_use,2025-07-26T08:40:29Z,\N,2025-09-01T10:13:20Z,\N,1,assert
acme:data_store:store-01009~242a8f8d9a3e,data_store,acme,store-01009,store-01009.file_share,file_share,false,operational,in_use,2025-07-22T01:32:54Z,\N,2025-09-01T13:52:42Z,\N,1,assert
acme:data_store:store-03310~3cefa33c3411,data_store,acme,store-03310,store-03310.dbms,dbms,true,operational,in_use,2025-08-09T00:05:03Z,\N,2025-09-02T05:55:34Z,\N,1,assert
acme:data_store:store-01055~b983aa807dc8,data_store,acme,store-01055,store-01055.object_store,object_store,true,operational,in_maintenance,2024-08-02T14:27:24Z,\N,2025-09-02T10:20:08Z,\N,2,assert
acme:data_store:store-00916~40283e2f4c07,data_store,acme,store-00916,store-00916.warehouse,warehouse,true,operational,in_use,2025-08-12T10:02:35Z,\N,2025-09-04T01:42:21Z,\N,1,assert
acme:data_store:store-00910~7dab50907a01,data_store,acme,store-00910,store-00910.dbms,dbms,false,operational,in_use,2025-08-21T18:03:22Z,\N,2025-09-05T06:42:12Z,\N,1,assert
acme:data_store:store-01985~db066facba31,data_store,acme,store-01985,store-01985.dbms,dbms,true,operational,in_use,2025-08-03T17:07:28Z,\N,2025-09-05T07:12:37Z,\N,1,assert
acme:data_store:store-01143~9d574bd6cf28,data_store,acme,store-01143,store-01143.warehouse,warehouse,false,operational,in_use,2025-08-27T23:50:36Z,\N,2025-09-06T03:03:17Z,\N,1,assert
acme:data_store:store-02598~5655d5beabb3,data_store,acme,store-02598,store-02598.dbms,dbms,false,operational,in_use,2025-08-31T22:13:33Z,\N,2025-09-06T05:18:53Z,\N,1,assert
acme:data_store:store-01781~36f59ad22988,data_store,acme,store-01781,store-01781.object_store,object_store,true,operational,in_use,2025-08-01T02:09:05Z,\N,2025-09-08T13:12:07Z,\N,1,assert
acme:data_store:store-03315~65007be72d9e,data_store,acme,store-03315,store-03315.file_share,file_share,false,operational,in_use,2025-08-22T06:38:40Z,\N,2025-09-08T06:23:13Z,\N,1,assert
acme:data_store:store-02576~c081723bd1af,data_store,acme,store-02576,store-02576.queue,queue,true,operational,in_use,2025-09-07T01:20:27Z,\N,2025-09-09T06:34:04Z,\N,1,assert
acme:data_store:store-00052~26da29c2901e,data_store,acme,store-00052,store-00052.dbms,dbms,true,operational,in_use,2025-08-28T04:09:32Z,\N,2025-09-10T05:17:15Z,\N,1,assert
acme:data_store:store-02746~aefa2e4e9fdc,data_store,acme,store-02746,store-02746.dbms,dbms,false,operational,in_use,2025-08-16T08:49:32Z,2026-08-27T05:03:00Z,2025-09-11T04:26:59Z,\N,1,assert
acme:data_store:store-00270~98b4b3bd2259,data_store,acme,store-00270,store-00270.queue,queue,true,operational,in_use,2025-08-09T02:21:05Z,\N,2025-09-12T23:34:06Z,\N,1,assert
acme:data_store:store-01022~e2c230844886,data_store,acme,store-01022,store-01022.dbms,dbms,false,operational,in_use,2025-08-30T03:52:02Z,\N,2025-09-12T05:06:52Z,\N,1,assert
acme:data_store:store-03155~c49cbf482275,data_store,acme,store-03155,store-03155.file_share,file_share,false,operational,in_use,2025-08-08T19:23:38Z,\N,2025-09-12T06:14:24Z,\N,1,assert
acme:data_store:store-02954~77ea0b1f6733,data_store,acme,store-02954,store-02954.queue,queue,false,operational,in_use,2025-08-04T17:43:55Z,\N,2025-09-13T17:48:56Z,\N,1,assert
acme:data_store:store-03306~0059faec2358,data_store,acme,store-03306,store-03306.dbms,dbms,true,operational,in_use,2025-08-24T20:24:00Z,\N,2025-09-13T08:00:30Z,\N,1,assert
acme:data_store:store-01586~4422c434cc2d,data_store,acme,store-01586,store-01586.queue,queue,false,operational,in_use,2025-08-27T09:36:09Z,\N,2025-09-14T05:12:23Z,\N,1,assert
acme:data_store:store-01234~cea0697f9be5,data_store,acme,store-01234,store-01234.warehouse,warehouse,false,operational,in_use,2025-08-19T20:38:52Z,\N,2025-09-15T02:22:45Z,\N,1,assert
acme:data_store:store-01484~a811c157dce7,data_store,acme,store-01484,store-01484.object_store,object_store,false,operational,in_use,2025-09-01T23:14:17Z,\N,2025-09-16T07:26:23Z,2026-10-01T14:05:21Z,1,assert
acme:data_store:store-01636~fdd64c36bf45,data_store,acme,store-01636,store-01636.warehouse,warehouse,false,operational,in_use,2025-08-30T02:05:19Z,\N,2025-09-17T08:50:00Z,\N,1,assert
acme:data_store:store-02479~b23f713d56b9,data_store,acme,store-02479,store-02479.object_store,object_store,true,operational,in_use,2025-09-07T16:15:00Z,2025-12-25T14:23:59Z,2025-09-18T06:56:39Z,\N,1,assert
acme:data_store:store-00481~5c83cc5dbca7,data_store,acme,store-00481,store-00481.queue,queue,true,operational,in_use,2025-08-22T18:39:06Z,\N,2025-09-19T23:32:09Z,\N,1,assert
acme:data_store:store-02720~b55383ae7a29,data_store,acme,store-02720,store-02720.object_store,object_store,false,operational,in_use,2025-08-20T07:57:07Z,\N,2025-09-19T15:37:56Z,\N,1,assert
acme:data_store:store-01013~919d42895269,data_store,acme,store-01013,store-01013.dbms,dbms,false,operational,in_use,2025-09-10T14:40:42Z,\N,2025-09-20T09:07:39Z,\N,1,assert
acme:data_store:store-02155~f3ce546c39ff,data_store,acme,store-02155,store-02155.file_share,file_share,false,operational,in_use,2025-09-16T03:31:47Z,\N,2025-09-21T09:10:01Z,\N,1,assert
acme:data_store:store-01791~4fc6929a2246,data_store,acme,store-01791,store-01791.file_share,file_share,true,operational,in_use,2025-09-19T13:14:46Z,2026-04-28T09:33:57Z,2025-09-21T11:29:33Z,\N,1,assert
acme:data_store:store-02396~ee789d2caad9,data_store,acme,store-02396,store-02396.object_store,object_store,false,operational,in_use,2025-09-21T12:01:38Z,\N,2025-09-21T12:01:38Z,\N,1,assert
acme:data_store:store-00244~24dc4c3af8b5,data_store,acme,store-00244,store-00244.object_store,object_store,true,operational,in_use,2025-08-19T09:04:29Z,\N,2025-09-23T23:29:08Z,\N,1,assert
acme:data_store:store-00800~9074121d577b,data_store,acme,store-00800,store-00800.dbms,dbms,false,operational,in_use,2025-08-30T13:50:27Z,\N,2025-09-24T23:25:57Z,\N,1,assert
acme:data_store:store-00955~934547d4a024,data_store,acme,store-00955,store-00955.file_share,file_share,false,operational,in_use,2025-08-23T08:33:04Z,\N,2025-09-24T08:16:06Z,\N,1,assert
acme:data_store:store-02580~fa49ad8e9834,data_store,acme,store-02580,store-02580.dbms,dbms,true,operational,in_use,2025-08-20T09:11:00Z,\N,2025-09-25T14:47:24Z,\N,1,assert
acme:data_store:store-00914~94bec2a49a29,data_store,acme,store-00914,store-00914.dbms,dbms,false,operational,in_use,2025-09-18T13:25:48Z,\N,2025-09-26T02:08:28Z,\N,1,assert
acme:data_store:store-01925~a62d468b22d5,data_store,acme,store-01925,store-01925.object_store,object_store,false,operational,in_use,2025-08-26T09:40:08Z,\N,2025-09-26T16:09:54Z,\N,1,assert
acme:data_store:store-02504~1bcf9f085b96,data_store,acme,store-02504,store-02504.file_share,file_share,false,operational,in_use,2025-08-16T19:38:50Z,\N,2025-09-26T03:28:08Z,\N,1,assert
acme:data_store:store-00314~692409e6c9cf,data_store,acme,store-00314,store-00314.dbms,dbms,false,operational,in_use,2025-09-05T09:15:53Z,\N,2025-09-28T10:09:10Z,\N,1,assert
acme:data_store:store-02986~1e68a5df5d6b,data_store,acme,store-02986,store-02986.object_store,object_store,true,operational,in_use,2025-09-03T18:38:29Z,\N,2025-09-28T17:53:26Z,\N,1,assert
acme:data_store:store-00179~3c0cc3f5d01d,data_store,acme,store-00179,store-00179.warehouse,warehouse,false,operational,in_maintenance,2024-10-29T20:35:18Z,\N,2025-10-01T19:09:34Z,\N,2,assert
acme:data_store:store-00188~f52f1664dd64,data_store,acme,store-00188,store-00188.queue,queue,false,operational,in_use,2025-09-21T22:10:01Z,\N,2025-10-02T10:34:39Z,\N,1,assert
acme:data_store:store-00146~9266f1548f5d,data_store,acme,store-00146,store-00146.object_store,object_store,false,operational,in_use,2025-09-07T20:16:24Z,\N,2025-10-03T03:58:23Z,\N,1,assert
acme:data_store:store-02398~87b0a2678cf2,data_store,acme,store-02398,store-02398.queue,queue,false,operational,in_use,2025-08-25T07:59:19Z,\N,2025-10-05T21:48:49Z,\N,1,assert
acme:data_store:store-01195~6780c41d5007,data_store,acme,store-01195,store-01195.dbms,dbms,false,operational,in_use,2025-10-01T06:00:15Z,\N,2025-10-08T10:29:31Z,\N,1,assert
acme:data_store:store-01417~02fb351f8396,data_store,acme,store-01417,store-01417.dbms,dbms,false,operational,in_use,2025-10-08T08:24:07Z,\N,2025-10-08T08:24:07Z,\N,1,assert
acme:data_store:store-00095~d85e8edae0e5,data_store,acme,store-00095,store-00095.warehouse,warehouse,false,operational,in_use,2025-09-13T15:48:11Z,\N,2025-10-09T23:15:53Z,\N,1,assert
acme:data_store:store-02381~fe486a3d4189,data_store,acme,store-02381,store-02381.queue,queue,true,operational,in_use,2025-09-12T02:22:16Z,\N,2025-10-10T21:41:08Z,\N,1,assert
acme:data_store:store-01988~466f942f6ec2,data_store,acme,store-01988,store-01988.dbms,dbms,false,operational,in_use,2025-10-10T17:26:06Z,\N,2025-10-11T08:20:18Z,\N,1,assert
acme:data_store:store-00087~4f19ba430c55,data_store,acme,store-00087,store-00087.warehouse,warehouse,true,operational,in_use,2025-10-03T07:20:51Z,\N,2025-10-12T06:18:57Z,\N,1,assert
acme:data_store:store-01870~c35987a21033,data_store,acme,store-01870,store-01870.dbms,dbms,true,operational,in_use,2025-09-02T03:21:52Z,\N,2025-10-12T12:51:39Z,\N,1,assert
acme:data_store:store-00172~dc06b2346fa3,data_store,acme,store-00172,store-00172.object_store,object_store,false,operational,in_use,2025-09-20T11:04:25Z,\N,2025-10-13T13:57:49Z,\N,1,assert
acme:data_store:store-02955~7af90dd0d8d3,data_store,acme,store-02955,store-02955.dbms,dbms,false,operational,in_use,2025-09-09T06:58:36Z,\N,2025-10-13T03:06:23Z,\N,1,assert
acme:data_store:store-03501~292c06167805,data_store,acme,store-03501,store-03501.dbms,dbms,true,operational,in_use,2025-09-20T00:08:50Z,\N,2025-10-13T04:04:34Z,\N,1,assert
acme:data_store:store-01003~08137cd849df,data_store,acme,store-01003,store-01003.file_share,file_share,false,operational,in_use,2025-09-07T08:57:20Z,\N,2025-10-14T13:55:52Z,\N,1,assert
acme:data_store:store-02913~a503a62c6a0e,data_store,acme,store-02913,store-02913.warehouse,warehouse,false,operational,in_use,2025-09-06T22:02:45Z,2026-01-27T11:17:19Z,2025-10-16T09:36:14Z,\N,1,assert
acme:data_store:store-00321~881b0ade98d8,data_store,acme,store-00321,store-00321.file_share,file_share,true,operational,in_use,2025-09-20T09:25:58Z,\N,2025-10-16T16:51:39Z,\N,1,assert
acme:data_store:store-00108~e1f1736483a1,data_store,acme,store-00108,store-00108.file_share,file_share,true,operational,in_use,2025-10-10T12:01:03Z,\N,2025-10-17T10:07:48Z,\N,1,assert
acme:data_store:store-01525~eaa0032d8d26,data_store,acme,store-01525,store-01525.dbms,dbms,false,operational,in_use,2025-10-07T02:59:49Z,\N,2025-10-18T15:21:34Z,\N,1,assert
acme:data_store:store-00327~aa2b714d988c,data_store,acme,store-00327,store-00327.dbms,dbms,false,operational,in_use,2025-10-05T16:10:38Z,\N,2025-10-20T23:20:27Z,\N,1,assert
acme:data_store:store-01252~f793b072619a,data_store,acme,store-01252,store-01252.warehouse,warehouse,false,operational,in_use,2025-09-23T03:09:23Z,\N,2025-10-20T15:08:33Z,\N,1,assert
acme:data_store:store-01970~bd547e336249,data_store,acme,store-01970,store-01970.dbms,dbms,false,operational,in_use,2025-09-21T19:26:09Z,\N,2025-10-20T19:53:16Z,\N,1,assert
acme:data_store:store-02112~c54fa0158e1f,data_store,acme,store-02112,store-02112.warehouse,warehouse,true,operational,in_use,2025-09-11T19:50:25Z,\N,2025-10-20T22:23:53Z,\N,1,assert
acme:data_store:store-00326~167f016e2171,data_store,acme,store-00326,store-00326.queue,queue,true,operational,in_use,2025-10-02T23:49:31Z,\N,2025-10-21T21:43:26Z,\N,1,assert
acme:data_store:store-00625~27301107adb1,data_store,acme,store-00625,store-00625.object_store,object_store,true,operational,in_use,2025-10-21T04:27:09Z,\N,2025-10-21T04:27:09Z,\N,1,assert
acme:data_store:store-00871~f4f76c955d88,data_store,acme,store-00871,store-00871.warehouse,warehouse,false,operational,in_use,2025-09-28T03:18:12Z,\N,2025-10-21T05:23:34Z,\N,1,assert
acme:data_store:store-01167~6898c7e1f53f,data_store,acme,store-01167,store-01167.file_share,file_share,true,operational,in_use,2025-10-04T14:28:05Z,\N,2025-10-22T20:29:06Z,\N,1,assert
acme:data_store:store-01390~d760893eefd1,data_store,acme,store-01390,store-01390.dbms,dbms,true,operational,in_use,2025-09-24T15:44:14Z,\N,2025-10-22T16:56:18Z,\N,1,assert
acme:data_store:store-02206~b1b875d32c05,data_store,acme,store-02206,store-02206.dbms,dbms,false,operational,in_use,2025-10-21T12:58:14Z,\N,2025-10-22T09:46:51Z,\N,1,assert
acme:data_store:store-01481~a61df2e81875,data_store,acme,store-01481,store-01481.dbms,dbms,true,operational,in_use,2025-10-01T21:23:58Z,\N,2025-10-24T03:50:08Z,\N,1,assert
acme:data_store:store-03340~6c67e39db4c9,data_store,acme,store-03340,store-03340.dbms,dbms,false,operational,in_use,2025-09-27T05:30:38Z,\N,2025-10-24T14:39:01Z,\N,1,assert
acme:data_store:store-00276~1e066789ef27,data_store,acme,store-00276,store-00276.warehouse,warehouse,true,operational,in_use,2025-09-11T04:41:02Z,\N,2025-10-25T06:14:33Z,\N,1,assert
acme:data_store:store-02537~12b92e72fa66,data_store,acme,store-02537,store-02537.warehouse,warehouse,false,operational,in_use,2025-10-01T02:05:04Z,\N,2025-10-25T11:33:20Z,\N,1,assert
acme:data_store:store-00865~f3665fcbc55d,data_store,acme,store-00865,store-00865.dbms,dbms,true,operational,in_use,2025-09-27T22:55:39Z,\N,2025-10-26T18:16:26Z,\N,1,assert
acme:data_store:store-01278~9881958b190e,data_store,acme,store-01278,store-01278.dbms,dbms,false,operational,in_use,2025-10-18T23:54:13Z,\N,2025-10-26T12:06:42Z,\N,1,assert
acme:data_store:store-02879~7ebad1001d67,data_store,acme,store-02879,store-02879.warehouse,warehouse,false,operational,in_use,2025-09-29T07:42:36Z,\N,2025-10-26T13:13:20Z,\N,1,assert
acme:data_store:store-03161~e31a071bcfa6,data_store,acme,store-03161,store-03161.warehouse,warehouse,false,operational,in_use,2025-09-29T18:48:17Z,\N,2025-10-26T04:15:07Z,\N,1,assert
acme:data_store:store-02721~9b4fd5d736d9,data_store,acme,store-02721,store-02721.dbms,dbms,false,operational,in_use,2025-09-21T16:37:02Z,\N,2025-10-30T23:40:14Z,\N,1,assert
acme:data_store:store-02166~9bea8bfb9581,data_store,acme,store-02166,store-02166.dbms,dbms,false,operational,in_use,2025-10-04T08:07:16Z,\N,2025-11-03T04:10:28Z,\N,1,assert
acme:data_store:store-01201~479e4de07990,data_store,acme,store-01201,store-01201.warehouse,warehouse,false,operational,in_use,2025-10-17T23:54:54Z,\N,2025-11-04T20:10:39Z,\N,1,assert
acme:data_store:store-02472~0d2c083aeb66,data_store,acme,store-02472,store-02472.file_share,file_share,false,operational,in_use,2025-10-12T11:07:26Z,\N,2025-11-07T01:10:16Z,\N,1,assert
acme:data_store:store-00515~3b62ce718f37,data_store,acme,store-00515,store-00515.queue,queue,true,operational,in_use,2025-10-16T18:27:15Z,\N,2025-11-08T00:06:17Z,\N,1,assert
acme:data_store:store-01646~c7c7b0f732c3,data_store,acme,store-01646,store-01646.warehouse,warehouse,false,operational,in_use,2025-09-26T10:48:15Z,\N,2025-11-09T05:34:37Z,\N,1,assert
acme:data_store:store-00031~e99ebf6bd5d4,data_store,acme,store-00031,store-00031.dbms,dbms,false,operational,in_use,2025-09-30T02:21:08Z,\N,2025-11-10T08:10:17Z,\N,1,assert
acme:data_store:store-01825~4fb506e46995,data_store,acme,store-01825,store-01825.warehouse,warehouse,false,operational,in_use,2025-10-12T12:24:16Z,\N,2025-11-10T13:52:42Z,\N,1,assert
acme:data_store:store-00994~ed01d8aef58b,data_store,acme,store-00994,store-00994.file_share,file_share,false,operational,in_use,2025-10-17T13:04:37Z,\N,2025-11-12T23:04:49Z,\N,1,assert
acme:data_store:store-01564~615a42ed5df7,data_store,acme,store-01564,store-01564.warehouse,warehouse,true,operational,in_use,2025-10-02T01:46:52Z,\N,2025-11-12T11:00:10Z,\N,1,assert
acme:data_store:store-00781~6edafcb6ee0b,data_store,acme,store-00781,store-00781.object_store,object_store,false,operational,in_use,2025-10-23T09:33:03Z,\N,2025-11-13T16:07:27Z,\N,1,assert
acme:data_store:store-01067~1997afcf09da,data_store,acme,store-01067,store-01067.dbms,dbms,false,operational,in_use,2025-11-02T20:27:42Z,\N,2025-11-13T18:07:11Z,\N,1,assert
acme:data_store:store-01841~473a2d7916b6,data_store,acme,store-01841,store-01841.dbms,dbms,false,operational,in_use,2025-10-05T11:07:56Z,\N,2025-11-13T02:53:52Z,\N,1,assert
acme:data_store:store-02562~4c7f2aa0cc7e,data_store,acme,store-02562,store-02562.warehouse,warehouse,false,operational,in_use,2025-10-31T07:13:03Z,\N,2025-11-13T19:00:47Z,\N,1,assert
acme:data_store:store-01665~39d31a8ea732,data_store,acme,store-01665,store-01665.file_share,file_share,false,operational,in_use,2025-10-24T09:52:25Z,\N,2025-11-15T16:00:45Z,\N,1,assert
acme:data_store:store-00316~043a089eb244,data_store,acme,store-00316,store-00316.dbms,dbms,false,operational,in_use,2025-10-15T10:56:41Z,\N,2025-11-17T03:01:06Z,\N,1,assert
acme:data_store:store-00880~d165d6c2d37d,data_store,acme,store-00880,store-00880.file_share,file_share,false,operational,in_use,2025-10-07T19:32:28Z,\N,2025-11-19T21:15:58Z,\N,1,assert
acme:data_store:store-02209~ffad37bc5538,data_store,acme,store-02209,store-02209.file_share,file_share,true,operational,in_use,2025-10-25T10:46:21Z,\N,2025-11-19T22:58:06Z,\N,1,assert
acme:data_store:store-02921~65f139417eab,data_store,acme,store-02921,store-02921.queue,queue,false,operational,in_use,2025-10-29T09:21:21Z,\N,2025-11-20T13:29:56Z,\N,1,assert
acme:data_store:store-00893~a727bad877b9,data_store,acme,store-00893,store-00893.warehouse,warehouse,true,operational,in_use,2025-11-09T04:36:09Z,\N,2025-11-23T11:26:51Z,\N,1,assert
acme:data_store:store-03000~bef3738bc728,data_store,acme,store-03000,store-03000.dbms,dbms,false,operational,in_use,2025-10-11T21:00:11Z,\N,2025-11-23T17:04:04Z,\N,1,assert
acme:data_store:store-03068~fb0b34d35075,data_store,acme,store-03068,store-03068.warehouse,warehouse,false,operational,in_use,2025-10-17T02:34:26Z,\N,2025-11-23T06:42:52Z,\N,1,assert
acme:data_store:store-03507~1c0826a4aeb4,data_store,acme,store-03507,store-03507.dbms,dbms,false,operational,in_use,2025-10-11T04:52:26Z,\N,2025-11-23T10:47:51Z,\N,1,assert
acme:data_store:store-02121~0da792db29f6,data_store,acme,store-02121,store-02121.queue,queue,true,operational,in_use,2025-10-24T12:32:29Z,\N,2025-11-24T19:37:14Z,\N,1,assert
acme:data_store:store-03019~23b428503af7,data_store,acme,store-03019,store-03019.dbms,dbms,false,operational,in_use,2025-11-22T01:20:23Z,\N,2025-11-24T18:22:23Z,\N,1,assert
acme:data_store:store-00776~f5bf05827678,data_store,acme,store-00776,store-00776.dbms,dbms,false,operational,in_use,2025-11-07T08:16:08Z,\N,2025-11-25T03:10:13Z,\N,1,assert
acme:data_store:store-01137~332d8322c91e,data_store,acme,store-01137,store-01137.warehouse,warehouse,true,operational,in_use,2025-11-23T14:34:02Z,\N,2025-11-25T06:50:23Z,\N,1,assert
acme:data_store:store-02163~c1a079986b20,data_store,acme,store-02163,store-02163.dbms,dbms,false,operational,in_use,2025-10-26T11:20:13Z,\N,2025-11-25T10:04:19Z,\N,1,assert
acme:data_store:store-00636~b000ac5576c5,data_store,acme,store-00636,store-00636.dbms,dbms,true,operational,in_use,2025-10-26T17:17:10Z,\N,2025-11-26T02:02:32Z,\N,1,assert
acme:data_store:store-03343~7d12b3e3f75c,data_store,acme,store-03343,store-03343.file_share,file_share,false,operational,in_use,2025-10-13T10:43:04Z,\N,2025-11-26T19:37:30Z,\N,1,assert
acme:data_store:store-02574~9c075b515421,data_store,acme,store-02574,store-02574.dbms,dbms,false,operational,in_use,2025-11-17T10:53:49Z,\N,2025-11-27T00:32:36Z,\N,1,assert
acme:data_store:store-01378~2d7620448ad4,data_store,acme,store-01378,store-01378.file_share,file_share,false,operational,in_use,2025-11-25T14:41:59Z,\N,2025-11-29T23:22:10Z,\N,1,assert
acme:data_store:store-02065~622d5c5cb510,data_store,acme,store-02065,store-02065.dbms,dbms,true,operational,in_maintenance,2025-07-30T13:10:15Z,\N,2025-11-30T15:43:35Z,\N,2,assert
acme:data_store:store-00998~13fdb1c58e7f,data_store,acme,store-00998,store-00998.dbms,dbms,true,operational,in_use,2025-11-30T08:35:13Z,\N,2025-12-02T04:45:10Z,\N,1,assert
acme:data_store:store-00332~45a12d5ad5f2,data_store,acme,store-00332,store-00332.warehouse,warehouse,false,operational,in_use,2025-11-07T13:23:09Z,\N,2025-12-03T16:38:51Z,\N,1,assert
acme:data_store:store-01690~d21ca27b1e26,data_store,acme,store-01690,store-01690.file_share,file_share,true,operational,in_use,2025-10-26T04:59:39Z,\N,2025-12-03T00:40:15Z,\N,1,assert
acme:data_store:store-03276~680298068de9,data_store,acme,store-03276,store-03276.queue,queue,true,operational,in_use,2025-11-27T23:38:18Z,\N,2025-12-03T14:30:33Z,\N,1,assert
acme:data_store:store-00540~25de4044f7e6,data_store,acme,store-00540,store-00540.dbms,dbms,false,operational,in_use,2025-10-23T09:27:46Z,\N,2025-12-04T00:04:38Z,\N,1,assert
acme:data_store:store-02530~cad09d19f36d,data_store,acme,store-02530,store-02530.file_share,file_share,false,operational,in_use,2025-11-04T14:08:31Z,\N,2025-12-04T19:46:56Z,\N,1,assert
acme:data_store:store-02601~bb897216756b,data_store,acme,store-02601,store-02601.warehouse,warehouse,false,operational,in_use,2025-11-12T14:20:00Z,\N,2025-12-04T22:09:27Z,\N,1,assert
acme:data_store:store-00685~5d2768db743d,data_store,acme,store-00685,store-00685.dbms,dbms,true,operational,in_use,2025-11-19T13:28:15Z,\N,2025-12-07T11:14:46Z,\N,1,assert
acme:data_store:store-01392~79c1b0dd8e4d,data_store,acme,store-01392,store-01392.file_share,file_share,false,operational,in_use,2025-11-08T00:45:39Z,\N,2025-12-07T08:54:36Z,\N,1,assert
acme:data_store:store-00013~0b1d9d7b4c9f,data_store,acme,store-00013,store-00013.dbms,dbms,false,operational,in_use,2025-12-03T17:11:29Z,\N,2025-12-08T23:39:04Z,\N,1,assert
acme:data_store:store-02465~91e9a368c7bc,data_store,acme,store-02465,store-02465.queue,queue,false,operational,in_use,2025-12-03T02:57:09Z,\N,2025-12-08T17:50:04Z,\N,1,assert
acme:data_store:store-03359~02a0fd9250aa,data_store,acme,store-03359,store-03359.object_store,object_store,true,operational,in_use,2025-11-12T01:05:40Z,\N,2025-12-08T22:28:12Z,\N,1,assert
acme:data_store:store-00283~b35cea63538a,data_store,acme,store-00283,store-00283.object_store,object_store,false,operational,in_use,2025-11-02T17:50:27Z,\N,2025-12-09T08:16:44Z,\N,1,assert
acme:data_store:store-02675~df228377ebbe,data_store,acme,store-02675,store-02675.dbms,dbms,true,operational,in_use,2025-11-23T12:03:28Z,\N,2025-12-09T12:20:41Z,\N,1,assert
acme:data_store:store-00924~f1349ed5642a,data_store,acme,store-00924,store-00924.queue,queue,false,operational,in_use,2025-11-23T06:16:59Z,\N,2025-12-10T19:08:23Z,\N,1,assert
acme:data_store:store-02683~48f38fb0b3c1,data_store,acme,store-02683,store-02683.warehouse,warehouse,false,operational,in_use,2025-11-05T04:37:49Z,\N,2025-12-10T21:23:58Z,\N,1,assert
acme:data_store:store-01963~fe6e29e9be0c,data_store,acme,store-01963,store-01963.object_store,object_store,true,operational,in_use,2025-11-18T04:26:24Z,\N,2025-12-11T17:01:16Z,\N,1,assert
acme:data_store:store-00941~5bdc144eadf4,data_store,acme,store-00941,store-00941.file_share,file_share,false,operational,in_use,2025-12-12T08:05:38Z,\N,2025-12-13T03:49:36Z,\N,1,assert
acme:data_store:store-02791~7dfc38b03fb4,data_store,acme,store-02791,store-02791.dbms,dbms,false,operational,in_use,2025-11-09T23:15:10Z,\N,2025-12-15T08:17:32Z,2025-12-29T11:14:35Z,1,assert
acme:data_store:store-01424~7a3ab37b2166,data_store,acme,store-01424,store-01424.dbms,dbms,false,operational,in_use,2025-11-17T21:37:23Z,\N,2025-12-15T21:16:36Z,\N,1,assert
acme:data_store:store-02082~c512b4733939,data_store,acme,store-02082,store-02082.file_share,file_share,true,operational,in_use,2025-12-04T01:20:38Z,\N,2025-12-15T09:13:38Z,\N,1,assert
acme:data_store:store-03098~6a17640177de,data_store,acme,store-03098,store-03098.object_store,object_store,false,operational,in_use,2025-11-25T23:00:16Z,\N,2025-12-15T13:47:37Z,\N,1,assert
acme:data_store:store-00643~63a7c774778a,data_store,acme,store-00643,store-00643.dbms,dbms,true,operational,in_use,2025-11-06T00:54:29Z,\N,2025-12-16T06:01:33Z,\N,1,assert
acme:data_store:store-01509~1fa54fa70166,data_store,acme,store-01509,store-01509.warehouse,warehouse,false,operational,in_use,2025-11-09T12:57:58Z,\N,2025-12-16T16:50:04Z,\N,1,assert
acme:data_store:store-00801~6e6203b964b1,data_store,acme,store-00801,store-00801.object_store,object_store,false,operational,in_maintenance,2021-04-19T04:53:20Z,\N,2025-12-17T04:59:30Z,\N,2,assert
acme:data_store:store-01452~6850dc3d2030,data_store,acme,store-01452,store-01452.warehouse,warehouse,false,operational,in_use,2025-11-03T12:59:49Z,\N,2025-12-17T14:10:33Z,\N,1,assert
acme:data_store:store-03562~af658e101282,data_store,acme,store-03562,store-03562.dbms,dbms,false,operational,in_use,2025-11-06T00:51:37Z,\N,2025-12-17T07:58:52Z,\N,1,assert
acme:data_store:store-01048~ed3ce1f1bf28,data_store,acme,store-01048,store-01048.dbms,dbms,false,operational,in_use,2025-11-15T11:35:49Z,\N,2025-12-18T04:52:41Z,\N,1,assert
acme:data_store:store-00233~d4282d5af7ff,data_store,acme,store-00233,store-00233.object_store,object_store,false,operational,in_use,2025-11-13T05:32:01Z,\N,2025-12-19T08:47:07Z,\N,1,assert
acme:data_store:store-01368~0050b78cb519,data_store,acme,store-01368,store-01368.queue,queue,false,operational,in_use,2025-11-27T09:27:01Z,\N,2025-12-19T08:57:26Z,\N,1,assert
acme:data_store:store-00842~b261ff4f39be,data_store,acme,store-00842,store-00842.file_share,file_share,false,operational,in_use,2025-11-22T22:48:44Z,\N,2025-12-20T19:52:54Z,\N,1,assert
acme:data_store:store-01864~1afcacbbd2e2,data_store,acme,store-01864,store-01864.dbms,dbms,false,operational,in_use,2025-11-26T14:43:17Z,\N,2025-12-22T04:12:07Z,\N,1,assert
acme:data_store:store-01196~a5a3813624eb,data_store,acme,store-01196,store-01196.warehouse,warehouse,false,operational,in_use,2025-12-12T20:47:12Z,\N,2025-12-24T02:00:11Z,\N,1,assert
acme:data_store:store-01220~f8fbf2c764cb,data_store,acme,store-01220,store-01220.file_share,file_share,true,operational,in_use,2025-12-13T14:47:05Z,\N,2025-12-24T14:34:51Z,\N,1,assert
acme:data_store:store-02515~6ab135eb0a44,data_store,acme,store-02515,store-02515.object_store,object_store,false,operational,in_use,2025-11-30T14:21:56Z,2026-04-24T04:46:37Z,2025-12-24T19:50:19Z,\N,1,assert
acme:data_store:store-01289~c6f82b18213c,data_store,acme,store-01289,store-01289.queue,queue,false,operational,in_use,2025-11-12T04:19:45Z,\N,2025-12-25T05:03:15Z,\N,1,assert
acme:data_store:store-02345~b6f4f13f8d26,data_store,acme,store-02345,store-02345.object_store,object_store,false,operational,in_use,2025-11-20T14:22:17Z,\N,2025-12-25T04:30:35Z,\N,1,assert
acme:data_store:store-02373~fe1c51b8f4e6,data_store,acme,store-02373,store-02373.warehouse,warehouse,true,operational,in_use,2025-11-22T21:45:46Z,\N,2025-12-25T19:52:03Z,\N,1,assert
acme:data_store:store-03370~809e202bbe53,data_store,acme,store-03370,store-03370.dbms,dbms,true,operational,in_use,2025-12-24T11:35:09Z,\N,2025-12-25T23:31:37Z,\N,1,assert
acme:data_store:store-02008~9151ff48285d,data_store,acme,store-02008,store-02008.file_share,file_share,true,operational,in_use,2025-12-13T02:15:15Z,\N,2025-12-26T04:38:40Z,\N,1,assert
acme:data_store:store-00357~d4ddf33b55fa,data_store,acme,store-00357,store-00357.warehouse,warehouse,true,operational,in_use,2025-12-23T16:28:36Z,\N,2025-12-27T04:39:31Z,\N,1,assert
acme:data_store:store-02791~7dfc38b03fb4,data_store,acme,store-02791,store-02791.dbms,dbms,false,operational,in_maintenance,2025-11-09T23:15:10Z,\N,2025-12-29T11:14:35Z,\N,2,assert
acme:data_store:store-01310~ef587b3e00d1,data_store,acme,store-01310,store-01310.dbms,dbms,false,operational,in_use,2025-12-16T06:26:07Z,\N,2025-12-30T10:44:58Z,\N,1,assert
acme:data_store:store-02347~571f60c07e78,data_store,acme,store-02347,store-02347.file_share,file_share,false,operational,in_use,2025-12-06T10:28:05Z,\N,2025-12-31T03:15:25Z,\N,1,assert
acme:data_store:store-02486~33c753ef90d9,data_store,acme,store-02486,store-02486.warehouse,warehouse,false,operational,in_use,2025-12-18T10:49:35Z,\N,2026-01-01T00:30:37Z,\N,1,assert
acme:data_store:store-00503~c9730e31cd14,data_store,acme,store-00503,store-00503.file_share,file_share,false,operational,in_maintenance,2023-12-02T07:59:29Z,\N,2026-01-01T03:57:04Z,\N,2,assert
acme:data_store:store-02621~758295c7d4ac,data_store,acme,store-02621,store-02621.warehouse,warehouse,true,operational,in_use,2025-12-17T11:00:46Z,\N,2026-01-01T05:01:05Z,\N,1,assert
acme:data_store:store-01192~fe638272a0eb,data_store,acme,store-01192,store-01192.object_store,object_store,false,operational,in_use,2025-11-25T07:53:51Z,\N,2026-01-03T02:31:48Z,\N,1,assert
acme:data_store:store-02289~22b12de8cd73,data_store,acme,store-02289,store-02289.file_share,file_share,false,operational,in_use,2025-11-25T17:10:04Z,\N,2026-01-03T00:55:43Z,\N,1,assert
acme:data_store:store-02453~7168b1fcc374,data_store,acme,store-02453,store-02453.file_share,file_share,false,operational,in_use,2026-01-02T01:51:55Z,\N,2026-01-03T04:10:41Z,\N,1,assert
acme:data_store:store-01045~45c505b29958,data_store,acme,store-01045,store-01045.dbms,dbms,false,operational,in_use,2025-12-18T08:11:23Z,\N,2026-01-04T21:43:38Z,\N,1,assert
acme:data_store:store-00197~80e233485f93,data_store,acme,\N,\N,\N,\N,\N,\N,2024-12-31T14:28:19Z,\N,2026-01-04T23:16:37Z,\N,2,retract
acme:data_store:store-00565~875887f68f57,data_store,acme,store-00565,store-00565.object_store,object_store,true,operational,in_use,2025-12-08T20:30:22Z,\N,2026-01-06T00:38:53Z,\N,1,assert
acme:data_store:store-01369~979fa44e11ae,data_store,acme,store-01369,store-01369.object_store,object_store,false,operational,in_use,2026-01-01T07:37:19Z,\N,2026-01-06T00:17:43Z,\N,1,assert
acme:data_store:store-00021~d27ae2ef09dd,data_store,acme,store-00021,store-00021.warehouse,warehouse,false,operational,in_use,2025-12-27T13:18:16Z,\N,2026-01-07T10:34:05Z,\N,1,assert
acme:data_store:store-00487~2ea5b7407f12,data_store,acme,store-00487,store-00487.dbms,dbms,false,operational,in_use,2025-12-28T05:17:48Z,\N,2026-01-07T13:56:32Z,\N,1,assert
acme:data_store:store-02241~ccc687495bd0,data_store,acme,store-02241,store-02241.object_store,object_store,false,operational,in_use,2025-12-24T20:48:13Z,\N,2026-01-07T19:12:06Z,\N,1,assert
acme:data_store:store-01180~b99ab9f36c85,data_store,acme,store-01180,store-01180.dbms,dbms,false,operational,in_maintenance,2024-05-18T15:28:28Z,\N,2026-01-08T04:40:05Z,\N,2,assert
acme:data_store:store-02092~2ffde08c77b1,data_store,acme,store-02092,store-02092.dbms,dbms,true,operational,in_use,2026-01-02T11:29:23Z,\N,2026-01-09T10:42:12Z,\N,1,assert
acme:data_store:store-02030~94ae2995288f,data_store,acme,store-02030,store-02030.dbms,dbms,false,operational,in_use,2025-11-30T02:28:26Z,\N,2026-01-10T06:33:18Z,\N,1,assert
acme:data_store:store-00083~afc59c564698,data_store,acme,store-00083,store-00083.queue,queue,false,operational,in_use,2025-12-10T21:27:06Z,\N,2026-01-11T07:30:43Z,\N,1,assert
acme:data_store:store-00714~513e5d73ae6c,data_store,acme,store-00714,store-00714.warehouse,warehouse,false,operational,in_use,2025-12-23T18:58:48Z,\N,2026-01-11T02:40:14Z,\N,1,assert
acme:data_store:store-01314~b5f6076d0a11,data_store,acme,store-01314,store-01314.file_share,file_share,false,operational,in_use,2025-12-10T11:17:22Z,2026-05-03T07:33:38Z,2026-01-11T07:55:28Z,\N,1,assert
acme:data_store:store-02214~cfffea81a4e4,data_store,acme,\N,\N,\N,\N,\N,\N,2025-09-19T15:13:28Z,\N,2026-01-11T08:28:22Z,\N,2,retract
acme:data_store:store-00726~9a2b967a0864,data_store,acme,store-00726,store-00726.object_store,object_store,false,operational,in_use,2025-12-19T13:43:17Z,\N,2026-01-12T14:05:17Z,\N,1,assert
acme:data_store:store-00970~ca3242d3bac5,data_store,acme,store-00970,store-00970.warehouse,warehouse,false,operational,in_use,2026-01-01T18:29:34Z,\N,2026-01-12T10:24:52Z,\N,1,assert
acme:data_store:store-03133~a7f1d5896d25,data_store,acme,store-03133,store-03133.queue,queue,false,operational,in_use,2026-01-12T08:24:01Z,\N,2026-01-12T08:24:01Z,\N,1,assert
acme:data_store:store-01729~8461cc7727d2,data_store,acme,store-01729,store-01729.queue,queue,false,operational,end_of_support,2024-03-27T13:24:09Z,\N,2026-01-12T23:30:42Z,\N,2,assert
acme:data_store:store-00739~2cdc546f4e1e,data_store,acme,store-00739,store-00739.object_store,object_store,false,operational,in_use,2026-01-03T13:01:29Z,\N,2026-01-14T05:32:02Z,\N,1,assert
acme:data_store:store-02027~727bae9ea0b3,data_store,acme,store-02027,store-02027.dbms,dbms,true,operational,in_use,2026-01-06T18:57:06Z,\N,2026-01-14T04:54:13Z,\N,1,assert
acme:data_store:store-01161~6cd3c6b3e785,data_store,acme,store-01161,store-01161.file_share,file_share,true,operational,in_use,2026-01-05T16:14:21Z,\N,2026-01-15T14:16:38Z,\N,1,assert
acme:data_store:store-02235~fa6b6e147612,data_store,acme,store-02235,store-02235.queue,queue,true,operational,in_use,2025-12-24T20:45:14Z,\N,2026-01-15T09:43:28Z,\N,1,assert
acme:data_store:store-02260~b92a2cc9847c,data_store,acme,store-02260,store-02260.dbms,dbms,false,operational,in_use,2026-01-01T06:08:58Z,\N,2026-01-15T08:47:38Z,\N,1,assert
acme:data_store:store-03157~242c805e1b88,data_store,acme,store-03157,store-03157.object_store,object_store,false,operational,in_use,2026-01-01T18:39:39Z,\N,2026-01-15T03:42:44Z,\N,1,assert
acme:data_store:store-00517~e88366fdd1e8,data_store,acme,store-00517,store-00517.dbms,dbms,false,operational,in_use,2026-01-11T19:12:32Z,\N,2026-01-16T21:03:45Z,\N,1,assert
acme:data_store:store-01556~2d99a915a0be,data_store,acme,store-01556,store-01556.warehouse,warehouse,false,operational,in_use,2025-12-07T18:16:32Z,\N,2026-01-16T03:24:22Z,\N,1,assert
acme:data_store:store-00195~2e0efb0c0d7c,data_store,acme,store-00195,store-00195.file_share,file_share,false,operational,in_use,2025-12-16T22:39:53Z,\N,2026-01-17T11:22:55Z,\N,1,assert
acme:data_store:store-01399~d5c875c51707,data_store,acme,store-01399,store-01399.object_store,object_store,true,operational,in_use,2026-01-07T09:34:24Z,2026-08-24T04:13:47Z,2026-01-17T19:03:48Z,\N,1,assert
acme:data_store:store-02875~4fdb21d2a03a,data_store,acme,store-02875,store-02875.object_store,object_store,false,operational,in_use,2026-01-16T09:57:58Z,\N,2026-01-17T19:13:08Z,\N,1,assert
acme:data_store:store-00771~3354720cba14,data_store,acme,store-00771,store-00771.dbms,dbms,false,operational,in_use,2025-12-06T12:15:33Z,\N,2026-01-19T04:24:44Z,\N,1,assert
acme:data_store:store-03522~914ac0544558,data_store,acme,store-03522,store-03522.dbms,dbms,false,operational,in_use,2025-12-17T01:29:58Z,\N,2026-01-19T12:29:48Z,\N,1,assert
acme:data_store:store-03371~84b7110ca11a,data_store,acme,store-03371,store-03371.queue,queue,false,operational,end_of_support,2023-03-03T22:56:39Z,\N,2026-01-19T13:27:57Z,\N,2,assert
acme:data_store:store-00231~07d5f6cece2b,data_store,acme,store-00231,store-00231.queue,queue,false,operational,in_use,2026-01-09T21:04:05Z,\N,2026-01-20T20:37:11Z,\N,1,assert
acme:data_store:store-02245~b0862d2c1427,data_store,acme,store-02245,store-02245.warehouse,warehouse,true,operational,in_use,2026-01-15T13:23:02Z,\N,2026-01-20T18:00:13Z,\N,1,assert
acme:data_store:store-01792~00aba10c9b7c,data_store,acme,store-01792,store-01792.object_store,object_store,false,operational,in_use,2026-01-15T22:42:24Z,\N,2026-01-21T04:27:22Z,\N,1,assert
acme:data_store:store-02348~487f1e437cf3,data_store,acme,store-02348,store-02348.warehouse,warehouse,false,operational,in_use,2025-12-21T13:59:13Z,\N,2026-01-21T04:04:03Z,\N,1,assert
acme:data_store:store-02697~e5322db41b4a,data_store,acme,store-02697,store-02697.warehouse,warehouse,false,operational,in_use,2025-12-28T08:59:33Z,\N,2026-01-21T14:36:12Z,\N,1,assert
acme:data_store:store-02781~ddfbb99b6982,data_store,acme,store-02781,store-02781.dbms,dbms,false,operational,in_use,2026-01-01T04:57:15Z,\N,2026-01-21T16:13:11Z,\N,1,assert
acme:data_store:store-02221~e55deaf3d69c,data_store,acme,\N,\N,\N,\N,\N,\N,2023-08-22T04:06:03Z,\N,2026-01-21T20:30:32Z,\N,2,retract
acme:data_store:store-01629~7f3151beeccc,data_store,acme,store-01629,store-01629.file_share,file_share,true,operational,in_use,2026-01-21T08:56:49Z,\N,2026-01-22T01:55:05Z,\N,1,assert
acme:data_store:store-02739~86fb1e624b75,data_store,acme,store-02739,store-02739.file_share,file_share,false,operational,in_use,2026-01-11T15:30:40Z,\N,2026-01-23T20:20:23Z,\N,1,assert
acme:data_store:store-02202~f2fbd18c17e8,data_store,acme,store-02202,store-02202.dbms,dbms,true,operational,in_use,2026-01-06T21:52:47Z,\N,2026-01-24T11:24:21Z,\N,1,assert
acme:data_store:store-00155~ac07733cb79c,data_store,acme,store-00155,store-00155.object_store,object_store,false,operational,in_use,2026-01-05T23:33:40Z,\N,2026-01-26T02:35:15Z,\N,1,assert
acme:data_store:store-02560~fca8becff579,data_store,acme,store-02560,store-02560.object_store,object_store,true,operational,in_use,2026-01-08T20:32:40Z,\N,2026-01-26T15:10:36Z,\N,1,assert
acme:data_store:store-00763~2bb8175c8949,data_store,acme,store-00763,store-00763.file_share,file_share,false,operational,in_use,2025-12-25T10:42:27Z,\N,2026-01-27T13:58:03Z,\N,1,assert
acme:data_store:store-02035~5560eb2f0885,data_store,acme,store-02035,store-02035.object_store,object_store,true,operational,in_use,2025-12-19T00:14:03Z,\N,2026-01-27T18:04:29Z,\N,1,assert
acme:data_store:store-01674~f7724e1b84ac,data_store,acme,store-01674,store-01674.object_store,object_store,false,operational,in_use,2026-01-17T19:33:57Z,\N,2026-01-27T22:03:23Z,2026-05-31T18:12:56Z,1,assert
acme:data_store:store-03221~1424e807d40a,data_store,acme,store-03221,store-03221.object_store,object_store,false,operational,in_use,2026-01-08T12:12:37Z,\N,2026-01-27T23:52:00Z,\N,1,assert
acme:data_store:store-00272~d23710e31424,data_store,acme,store-00272,store-00272.object_store,object_store,false,operational,in_use,2026-01-14T03:51:42Z,\N,2026-01-28T04:56:42Z,\N,1,assert
acme:data_store:store-02630~28d609c5ec79,data_store,acme,store-02630,store-02630.dbms,dbms,false,operational,in_use,2026-01-15T22:59:53Z,\N,2026-01-28T11:17:23Z,\N,1,assert
acme:data_store:store-03373~744f0bb879ad,data_store,acme,store-03373,store-03373.warehouse,warehouse,false,operational,in_use,2025-12-31T21:46:23Z,\N,2026-01-28T10:07:12Z,\N,1,assert
acme:data_store:store-01482~400b7ee6f1b5,data_store,acme,store-01482,store-01482.warehouse,warehouse,true,operational,in_use,2025-12-31T18:56:09Z,2026-11-08T10:34:11Z,2026-01-28T12:46:38Z,\N,1,assert
acme:data_store:store-01791~4fc6929a2246,data_store,acme,\N,\N,\N,\N,\N,\N,2026-04-28T09:33:57Z,\N,2026-01-29T04:12:35Z,\N,2,retract
acme:data_store:store-00541~2b02117a6b8f,data_store,acme,store-00541,store-00541.warehouse,warehouse,false,operational,in_use,2026-01-01T09:48:01Z,\N,2026-01-30T07:22:05Z,\N,1,assert
acme:data_store:store-01694~1af8c130dde3,data_store,acme,\N,\N,\N,\N,\N,\N,2023-11-12T23:15:31Z,\N,2026-01-30T13:36:01Z,\N,2,retract
acme:data_store:store-01677~eaadd0f2c826,data_store,acme,store-01677,store-01677.dbms,dbms,false,operational,in_use,2026-01-06T23:04:03Z,\N,2026-01-30T13:42:05Z,\N,1,assert
acme:data_store:store-03415~316d222158ea,data_store,acme,store-03415,store-03415.dbms,dbms,false,operational,in_use,2026-01-03T15:49:49Z,\N,2026-01-30T18:12:18Z,\N,1,assert
acme:data_store:store-00687~869a7253bf86,data_store,acme,store-00687,store-00687.warehouse,warehouse,true,operational,in_use,2026-01-03T09:45:09Z,\N,2026-01-31T19:21:20Z,\N,1,assert
acme:data_store:store-01360~f26093ee399b,data_store,acme,store-01360,store-01360.warehouse,warehouse,false,operational,in_use,2026-01-05T22:21:51Z,\N,2026-01-31T17:51:30Z,\N,1,assert
acme:data_store:store-01877~1a36106a5bb7,data_store,acme,store-01877,store-01877.warehouse,warehouse,false,operational,in_use,2026-01-21T15:26:26Z,\N,2026-01-31T09:49:36Z,\N,1,assert
acme:data_store:store-03381~85bddabec43d,data_store,acme,store-03381,store-03381.queue,queue,false,operational,in_use,2026-01-13T21:46:00Z,\N,2026-01-31T14:48:19Z,\N,1,assert
acme:data_store:store-00731~59aa3eba5005,data_store,acme,store-00731,store-00731.file_share,file_share,false,operational,in_use,2026-02-01T09:01:30Z,\N,2026-02-01T09:01:30Z,\N,1,assert
acme:data_store:store-01919~db0d5dcb56b2,data_store,acme,store-01919,store-01919.warehouse,warehouse,false,operational,in_use,2026-01-31T02:07:52Z,\N,2026-02-01T21:28:17Z,\N,1,assert
acme:data_store:store-03549~245071ca3101,data_store,acme,store-03549,store-03549.dbms,dbms,true,operational,in_use,2025-12-22T06:27:20Z,\N,2026-02-01T02:25:28Z,\N,1,assert
acme:data_store:store-00049~da5824f76ac4,data_store,acme,store-00049,store-00049.dbms,dbms,false,operational,in_use,2026-01-29T08:19:38Z,\N,2026-02-02T21:43:37Z,\N,1,assert
acme:data_store:store-02958~57353e777e3a,data_store,acme,store-02958,store-02958.dbms,dbms,false,operational,in_use,2026-01-18T12:26:30Z,\N,2026-02-02T03:35:40Z,\N,1,assert
acme:data_store:store-01804~586902bbafb2,data_store,acme,store-01804,store-01804.dbms,dbms,false,operational,in_use,2026-01-08T18:30:01Z,\N,2026-02-03T01:58:18Z,\N,1,assert
acme:data_store:store-00486~fd1b81593be7,data_store,acme,store-00486,store-00486.object_store,object_store,false,operational,in_use,2026-01-07T19:02:09Z,\N,2026-02-04T20:16:10Z,\N,1,assert
acme:data_store:store-00610~dfd23e52ea27,data_store,acme,store-00610,store-00610.file_share,file_share,true,operational,in_use,2026-01-05T15:30:10Z,\N,2026-02-04T07:45:21Z,\N,1,assert
acme:data_store:store-00821~8307c8545db0,data_store,acme,store-00821,store-00821.file_share,file_share,false,operational,in_use,2026-01-31T19:18:43Z,\N,2026-02-04T20:53:16Z,\N,1,assert
acme:data_store:store-01372~808038d5e76f,data_store,acme,store-01372,store-01372.warehouse,warehouse,true,operational,in_use,2025-12-29T16:47:40Z,\N,2026-02-04T21:03:06Z,\N,1,assert
acme:data_store:store-01264~4f20c2a4511a,data_store,acme,store-01264,store-01264.warehouse,warehouse,true,operational,in_use,2026-01-11T07:41:13Z,\N,2026-02-05T17:24:41Z,\N,1,assert
acme:data_store:store-02197~7b54d65467da,data_store,acme,store-02197,store-02197.dbms,dbms,false,operational,in_use,2026-01-05T02:45:21Z,\N,2026-02-05T15:22:59Z,\N,1,assert
acme:data_store:store-03107~54390fcf3074,data_store,acme,store-03107,store-03107.object_store,object_store,true,operational,in_use,2026-01-23T11:35:29Z,\N,2026-02-05T16:37:07Z,\N,1,assert
acme:data_store:store-01114~6e930c698041,data_store,acme,store-01114,store-01114.file_share,file_share,false,operational,in_use,2026-01-27T00:07:59Z,\N,2026-02-06T17:52:32Z,\N,1,assert
acme:data_store:store-01757~fefe029c5d1d,data_store,acme,store-01757,store-01757.object_store,object_store,true,operational,in_use,2026-01-03T14:09:02Z,\N,2026-02-06T16:24:21Z,\N,1,assert
acme:data_store:store-00681~7767398cd6bc,data_store,acme,store-00681,store-00681.dbms,dbms,true,operational,in_use,2026-01-11T09:44:11Z,\N,2026-02-07T16:38:04Z,\N,1,assert
acme:data_store:store-02222~32613b830335,data_store,acme,store-02222,store-02222.object_store,object_store,true,operational,in_use,2026-01-08T19:44:10Z,\N,2026-02-07T08:44:00Z,\N,1,assert
acme:data_store:store-01779~8eaebd32a209,data_store,acme,\N,\N,\N,\N,\N,\N,2026-01-04T02:46:43Z,\N,2026-02-07T21:21:50Z,\N,2,retract
acme:data_store:store-02414~ec58403ed0c8,data_store,acme,store-02414,store-02414.dbms,dbms,false,operational,in_use,2026-02-07T21:32:13Z,\N,2026-02-07T21:32:13Z,\N,1,assert
acme:data_store:store-03521~9414395908dc,data_store,acme,store-03521,store-03521.object_store,object_store,false,operational,in_use,2026-01-18T08:36:43Z,\N,2026-02-08T18:09:06Z,\N,1,assert
acme:data_store:store-00862~671c30bc123f,data_store,acme,\N,\N,\N,\N,\N,\N,2023-04-04T03:04:09Z,\N,2026-02-08T22:15:55Z,\N,2,retract
acme:data_store:store-02825~05b119da5a20,data_store,acme,store-02825,store-02825.dbms,dbms,false,operational,in_use,2026-01-13T00:30:10Z,\N,2026-02-09T01:17:34Z,\N,1,assert
acme:data_store:store-00375~179ac1d9d63d,data_store,acme,\N,\N,\N,\N,\N,\N,2023-03-08T03:54:57Z,\N,2026-02-09T03:55:20Z,\N,2,retract
acme:data_store:store-00491~934aa53d6f45,data_store,acme,store-00491,store-00491.dbms,dbms,false,operational,in_use,2026-01-16T21:11:44Z,\N,2026-02-10T15:47:57Z,\N,1,assert
acme:data_store:store-00872~afb9a57a0ac3,data_store,acme,store-00872,store-00872.file_share,file_share,false,operational,in_use,2026-02-08T22:27:33Z,\N,2026-02-10T01:49:44Z,\N,1,assert
acme:data_store:store-01251~e9eb6c483696,data_store,acme,store-01251,store-01251.warehouse,warehouse,true,operational,in_use,2026-02-05T02:50:09Z,\N,2026-02-11T22:08:54Z,\N,1,assert
acme:data_store:store-01373~8eb159ff6fbf,data_store,acme,store-01373,store-01373.object_store,object_store,false,operational,in_use,2025-12-31T09:40:08Z,\N,2026-02-11T13:27:33Z,\N,1,assert
acme:data_store:store-01497~8cea038548b3,data_store,acme,store-01497,store-01497.queue,queue,false,operational,in_use,2026-01-28T18:25:59Z,\N,2026-02-11T11:34:21Z,\N,1,assert
acme:data_store:store-03243~3c3ddb10492e,data_store,acme,store-03243,store-03243.dbms,dbms,false,operational,in_use,2026-01-01T13:29:54Z,\N,2026-02-11T10:53:48Z,\N,1,assert
acme:data_store:store-03455~2df6b4c090de,data_store,acme,store-03455,store-03455.file_share,file_share,false,operational,in_use,2026-02-07T17:13:27Z,\N,2026-02-11T14:31:51Z,\N,1,assert
acme:data_store:store-00079~b7fcbec7a6c9,data_store,acme,store-00079,store-00079.dbms,dbms,false,operational,in_use,2026-01-10T14:39:07Z,\N,2026-02-12T06:05:22Z,\N,1,assert
acme:data_store:store-00556~7fae42d28e7d,data_store,acme,store-00556,store-00556.dbms,dbms,true,operational,in_use,2026-01-29T12:40:24Z,\N,2026-02-12T06:38:30Z,\N,1,assert
acme:data_store:store-00675~9840fb5e9a48,data_store,acme,store-00675,store-00675.file_share,file_share,false,operational,in_use,2026-02-02T06:15:17Z,\N,2026-02-12T08:22:13Z,\N,1,assert
acme:data_store:store-00932~b3cd1a723ba7,data_store,acme,store-00932,store-00932.warehouse,warehouse,false,operational,in_use,2026-01-28T12:23:59Z,\N,2026-02-12T23:45:26Z,\N,1,assert
acme:data_store:store-01010~601451f59023,data_store,acme,store-01010,store-01010.warehouse,warehouse,false,operational,in_use,2026-01-19T23:01:23Z,\N,2026-02-12T15:31:02Z,\N,1,assert
acme:data_store:store-01089~527cdbb244ea,data_store,acme,store-01089,store-01089.warehouse,warehouse,false,operational,in_use,2026-02-07T23:36:41Z,\N,2026-02-12T17:47:36Z,\N,1,assert
acme:data_store:store-01765~a790cc74c9f8,data_store,acme,store-01765,store-01765.warehouse,warehouse,false,operational,in_use,2026-01-02T14:03:54Z,\N,2026-02-12T15:46:08Z,\N,1,assert
acme:data_store:store-01784~9cdf1beb50a3,data_store,acme,store-01784,store-01784.object_store,object_store,false,operational,in_use,2026-01-22T09:10:39Z,\N,2026-02-12T02:54:25Z,\N,1,assert
acme:data_store:store-01913~a2ba72ed6991,data_store,acme,store-01913,store-01913.file_share,file_share,true,operational,in_use,2026-01-08T21:36:07Z,\N,2026-02-12T12:24:14Z,\N,1,assert
acme:data_store:store-01589~b1cee7b095ef,data_store,acme,store-01589,store-01589.dbms,dbms,false,operational,in_use,2026-02-07T17:50:44Z,\N,2026-02-13T06:03:00Z,\N,1,assert
acme:data_store:store-01720~4fec25380165,data_store,acme,store-01720,store-01720.warehouse,warehouse,false,operational,in_use,2026-01-18T08:49:05Z,\N,2026-02-13T21:25:58Z,\N,1,assert
acme:data_store:store-02454~71543399a559,data_store,acme,store-02454,store-02454.warehouse,warehouse,true,operational,in_use,2026-01-15T10:22:49Z,\N,2026-02-13T07:48:46Z,\N,1,assert
acme:data_store:store-02288~b2d9ed5f96f9,data_store,acme,store-02288,store-02288.dbms,dbms,false,operational,in_use,2026-01-14T02:41:37Z,\N,2026-02-14T13:08:46Z,\N,1,assert
acme:data_store:store-01616~0c6a302dbf03,data_store,acme,\N,\N,\N,\N,\N,\N,2021-06-08T20:18:19Z,\N,2026-02-14T20:30:23Z,\N,2,retract
acme:data_store:store-01939~1d1359fbadce,data_store,acme,store-01939,store-01939.queue,queue,true,operational,in_use,2026-01-04T09:13:15Z,\N,2026-02-15T00:09:09Z,2026-08-01T16:52:54Z,1,assert
acme:data_store:store-02854~2a77ffeb9156,data_store,acme,store-02854,store-02854.dbms,dbms,false,operational,in_use,2026-01-18T20:20:10Z,\N,2026-02-15T05:44:22Z,\N,1,assert
acme:data_store:store-00295~9361f701486d,data_store,acme,\N,\N,\N,\N,\N,\N,2023-02-11T06:57:49Z,\N,2026-02-15T12:51:43Z,\N,2,retract
acme:data_store:store-00018~43890fc48aba,data_store,acme,store-00018,store-00018.dbms,dbms,true,operational,in_use,2026-01-27T01:58:50Z,\N,2026-02-16T03:39:37Z,\N,1,assert
acme:data_store:store-00354~697b2e25d5f3,data_store,acme,store-00354,store-00354.dbms,dbms,true,operational,in_use,2026-01-21T23:14:02Z,\N,2026-02-16T00:07:47Z,\N,1,assert
acme:data_store:store-01457~4418e0d0ee54,data_store,acme,store-01457,store-01457.warehouse,warehouse,true,operational,in_use,2026-01-21T04:48:54Z,\N,2026-02-17T12:12:37Z,\N,1,assert
acme:data_store:store-00816~8af80e97ad7e,data_store,acme,\N,\N,\N,\N,\N,\N,2025-08-07T07:11:26Z,\N,2026-02-18T01:40:21Z,\N,2,retract
acme:data_store:store-00163~ba59e9f69915,data_store,acme,store-00163,store-00163.queue,queue,false,operational,in_use,2026-02-14T11:05:22Z,\N,2026-02-18T08:18:04Z,\N,1,assert
acme:data_store:store-01770~5f79e7271a57,data_store,acme,store-01770,store-01770.dbms,dbms,false,operational,in_use,2026-01-08T15:49:53Z,\N,2026-02-18T05:46:05Z,\N,1,assert
acme:data_store:store-03397~3eb719a75145,data_store,acme,store-03397,store-03397.warehouse,warehouse,false,operational,in_use,2026-01-12T07:34:56Z,\N,2026-02-18T18:30:38Z,\N,1,assert
acme:data_store:store-01908~2b69cde1791b,data_store,acme,store-01908,store-01908.warehouse,warehouse,false,operational,in_use,2026-02-14T07:40:33Z,\N,2026-02-20T06:58:36Z,2026-07-09T03:30:15Z,1,assert
acme:data_store:store-00132~5b2044f06a12,data_store,acme,store-00132,store-00132.warehouse,warehouse,false,operational,in_use,2026-02-09T09:58:02Z,\N,2026-02-20T17:41:36Z,\N,1,assert
acme:data_store:store-00205~be64a17b27f9,data_store,acme,store-00205,store-00205.object_store,object_store,false,operational,in_use,2026-01-24T15:36:54Z,\N,2026-02-20T05:20:16Z,\N,1,assert
acme:data_store:store-01927~0c486f36dd5a,data_store,acme,store-01927,store-01927.file_share,file_share,false,operational,in_use,2026-02-09T10:26:44Z,\N,2026-02-20T11:24:19Z,\N,1,assert
acme:data_store:store-02115~faf760d3c149,data_store,acme,store-02115,store-02115.warehouse,warehouse,true,operational,in_use,2026-02-15T08:41:09Z,\N,2026-02-20T21:11:12Z,\N,1,assert
acme:data_store:store-02328~f4fd560d353f,data_store,acme,store-02328,store-02328.dbms,dbms,false,operational,in_use,2026-02-19T05:38:48Z,\N,2026-02-20T11:58:19Z,\N,1,assert
acme:data_store:store-03250~452cd2e42de8,data_store,acme,store-03250,store-03250.object_store,object_store,false,operational,in_use,2026-01-16T06:41:51Z,\N,2026-02-20T05:43:56Z,\N,1,assert
acme:data_store:store-02620~76005efb35e7,data_store,acme,store-02620,store-02620.object_store,object_store,false,operational,in_use,2026-01-14T22:06:32Z,\N,2026-02-21T09:20:33Z,\N,1,assert
acme:data_store:store-00265~e4fe3cbbc8dc,data_store,acme,store-00265,store-00265.dbms,dbms,false,operational,in_use,2026-01-13T12:54:39Z,\N,2026-02-22T04:14:29Z,\N,1,assert
acme:data_store:store-01021~3057b388dfae,data_store,acme,store-01021,store-01021.queue,queue,false,operational,in_use,2026-01-27T02:05:40Z,\N,2026-02-22T03:05:18Z,\N,1,assert
acme:data_store:store-01682~ceb9008d0c93,data_store,acme,\N,\N,\N,\N,\N,\N,2023-12-22T11:42:21Z,\N,2026-02-22T23:48:16Z,\N,2,retract
acme:data_store:store-00183~8cb9feaf7865,data_store,acme,store-00183,store-00183.object_store,object_store,false,operational,in_use,2026-01-24T04:03:38Z,\N,2026-02-23T14:06:33Z,\N,1,assert
acme:data_store:store-00918~115c1c8324f9,data_store,acme,store-00918,store-00918.file_share,file_share,false,operational,in_use,2026-02-11T21:58:46Z,\N,2026-02-23T07:21:33Z,\N,1,assert
acme:data_store:store-00934~64742b5da3fe,data_store,acme,store-00934,store-00934.dbms,dbms,false,operational,in_use,2026-02-06T17:51:54Z,\N,2026-02-23T12:04:16Z,\N,1,assert
acme:data_store:store-02913~a503a62c6a0e,data_store,acme,\N,\N,\N,\N,\N,\N,2026-01-27T11:17:19Z,\N,2026-02-24T01:57:39Z,\N,2,retract
acme:data_store:store-02411~079365042709,data_store,acme,\N,\N,\N,\N,\N,\N,2024-01-04T13:47:37Z,\N,2026-02-24T03:19:00Z,\N,2,retract
acme:data_store:store-02999~c9681806c01c,data_store,acme,store-02999,store-02999.file_share,file_share,false,operational,in_use,2026-02-19T23:09:52Z,\N,2026-02-24T11:24:56Z,\N,1,assert
acme:data_store:store-00672~a05202c11ff4,data_store,acme,store-00672,store-00672.dbms,dbms,false,operational,in_use,2026-02-15T23:57:50Z,\N,2026-02-25T05:21:04Z,\N,1,assert
acme:data_store:store-00888~5726b48bf21a,data_store,acme,store-00888,store-00888.object_store,object_store,false,operational,in_use,2026-02-14T18:11:26Z,\N,2026-02-25T10:51:40Z,\N,1,assert
acme:data_store:store-01614~958a0a30a543,data_store,acme,store-01614,store-01614.file_share,file_share,false,operational,in_use,2026-02-18T18:12:40Z,\N,2026-02-25T16:07:16Z,\N,1,assert
acme:data_store:store-01217~712ec88be7ab,data_store,acme,store-01217,store-01217.dbms,dbms,false,operational,in_use,2026-02-16T20:58:53Z,\N,2026-02-26T22:37:46Z,\N,1,assert
acme:data_store:store-01490~facf6a77ea4a,data_store,acme,store-01490,store-01490.file_share,file_share,false,operational,in_use,2026-02-04T22:21:15Z,\N,2026-02-26T19:20:37Z,\N,1,assert
acme:data_store:store-02500~1ffc3f9def99,data_store,acme,\N,\N,\N,\N,\N,\N,2023-04-28T13:03:45Z,\N,2026-02-27T22:07:06Z,\N,2,retract
acme:data_store:store-01588~e93e5d9e9b12,data_store,acme,store-01588,store-01588.queue,queue,true,operational,in_use,2026-01-25T13:16:48Z,\N,2026-02-27T22:36:57Z,\N,1,assert
acme:data_store:store-00791~ddf2e9dd07ce,data_store,acme,store-00791,store-00791.file_share,file_share,false,operational,in_use,2026-01-27T10:51:18Z,\N,2026-02-28T15:07:48Z,\N,1,assert
acme:data_store:store-03492~c9dbca95c7eb,data_store,acme,store-03492,store-03492.dbms,dbms,false,operational,in_use,2026-01-26T12:38:33Z,\N,2026-02-28T21:51:44Z,\N,1,assert
acme:data_store:store-01469~6abf4cc64331,data_store,acme,\N,\N,\N,\N,\N,\N,2023-02-12T20:15:18Z,\N,2026-03-01T08:05:59Z,\N,2,retract
acme:data_store:store-01440~ad2e1758ad33,data_store,acme,store-01440,store-01440.dbms,dbms,false,operational,in_use,2026-02-07T08:50:51Z,\N,2026-03-02T13:25:00Z,\N,1,assert
acme:data_store:store-01861~f05c538d5f61,data_store,acme,store-01861,store-01861.warehouse,warehouse,true,operational,in_use,2026-02-04T17:26:21Z,\N,2026-03-02T11:31:51Z,\N,1,assert
acme:data_store:store-02553~76c2c67aef13,data_store,acme,store-02553,store-02553.file_share,file_share,false,operational,in_use,2026-02-28T04:16:36Z,\N,2026-03-02T07:13:48Z,\N,1,assert
acme:data_store:store-00981~cf3b3fb4e6b0,data_store,acme,store-00981,store-00981.file_share,file_share,false,operational,in_use,2026-01-24T10:07:45Z,\N,2026-03-03T19:51:34Z,\N,1,assert
acme:data_store:store-02075~ba6aa43c9514,data_store,acme,store-02075,store-02075.warehouse,warehouse,false,operational,in_use,2026-01-26T22:10:07Z,\N,2026-03-03T00:41:52Z,\N,1,assert
acme:data_store:store-00236~33f49ca151b7,data_store,acme,store-00236,store-00236.object_store,object_store,false,operational,in_use,2026-03-03T11:21:13Z,\N,2026-03-04T16:06:52Z,\N,1,assert
acme:data_store:store-00401~96d32cc16b76,data_store,acme,store-00401,store-00401.file_share,file_share,false,operational,in_use,2026-01-27T16:51:06Z,\N,2026-03-04T04:27:47Z,\N,1,assert
acme:data_store:store-00827~804e67b102c2,data_store,acme,store-00827,store-00827.warehouse,warehouse,false,operational,in_use,2026-01-20T12:53:20Z,\N,2026-03-04T09:25:29Z,\N,1,assert
acme:data_store:store-01353~41f47dbbc48f,data_store,acme,store-01353,store-01353.dbms,dbms,false,operational,in_use,2026-02-17T13:00:05Z,\N,2026-03-04T14:00:53Z,\N,1,assert
acme:data_store:store-01645~ab69ac811aca,data_store,acme,store-01645,store-01645.queue,queue,false,operational,in_use,2026-01-24T07:59:18Z,\N,2026-03-04T07:27:42Z,\N,1,assert
acme:data_store:store-01598~6ea53343224c,data_store,acme,store-01598,store-01598.file_share,file_share,false,operational,in_use,2026-02-22T16:45:14Z,\N,2026-03-05T02:06:12Z,2026-06-17T18:54:32Z,1,assert
acme:data_store:store-00472~d71dc75488db,data_store,acme,store-00472,store-00472.dbms,dbms,false,operational,in_use,2026-01-27T10:50:10Z,\N,2026-03-05T03:22:52Z,\N,1,assert
acme:data_store:store-03285~9d16c1644147,data_store,acme,store-03285,store-03285.object_store,object_store,true,operational,in_use,2026-02-04T18:55:37Z,2026-05-30T01:04:25Z,2026-03-05T09:22:34Z,\N,1,assert
acme:data_store:store-02283~d03b9f7227bc,data_store,acme,store-02283,store-02283.object_store,object_store,false,operational,in_use,2026-01-30T03:02:17Z,\N,2026-03-05T15:16:28Z,\N,1,assert
acme:data_store:store-02405~dbe4f63c2ac4,data_store,acme,store-02405,store-02405.object_store,object_store,false,operational,in_use,2026-02-12T22:20:10Z,\N,2026-03-05T02:20:30Z,\N,1,assert
acme:data_store:store-03486~b5ff3c4fd5a9,data_store,acme,store-03486,store-03486.object_store,object_store,false,operational,in_use,2026-02-23T14:55:26Z,\N,2026-03-05T16:50:18Z,\N,1,assert
acme:data_store:store-03508~e829312f862a,data_store,acme,store-03508,store-03508.file_share,file_share,false,operational,in_use,2026-01-31T04:16:08Z,\N,2026-03-05T22:13:14Z,\N,1,assert
acme:data_store:store-01314~b5f6076d0a11,data_store,acme,\N,\N,\N,\N,\N,\N,2026-05-03T07:33:38Z,\N,2026-03-05T23:40:46Z,\N,2,retract
acme:data_store:store-00011~878216cf3359,data_store,acme,store-00011,store-00011.dbms,dbms,false,operational,in_use,2026-01-21T01:30:58Z,\N,2026-03-06T15:20:17Z,\N,1,assert
acme:data_store:store-01157~7724e3adb39a,data_store,acme,store-01157,store-01157.file_share,file_share,false,operational,in_use,2026-02-17T12:26:11Z,\N,2026-03-06T21:24:11Z,\N,1,assert
acme:data_store:store-01537~7e23072339c1,data_store,acme,store-01537,store-01537.dbms,dbms,false,operational,in_use,2026-02-09T12:04:08Z,\N,2026-03-06T18:22:08Z,\N,1,assert
acme:data_store:store-02835~08315497d070,data_store,acme,store-02835,store-02835.object_store,object_store,false,operational,in_use,2026-02-04T13:42:34Z,\N,2026-03-07T19:09:35Z,\N,1,assert
acme:data_store:store-02548~46d146049852,data_store,acme,store-02548,store-02548.object_store,object_store,false,operational,in_use,2026-02-07T14:49:45Z,\N,2026-03-08T01:36:22Z,\N,1,assert
acme:data_store:store-03178~5e1e9fe5211c,data_store,acme,store-03178,store-03178.dbms,dbms,false,operational,in_use,2026-02-01T04:47:36Z,\N,2026-03-08T05:49:15Z,\N,1,assert
acme:data_store:store-01531~9fd43e451a3d,data_store,acme,\N,\N,\N,\N,\N,\N,2026-02-13T20:23:11Z,\N,2026-03-08T09:44:53Z,\N,2,retract
acme:data_store:store-03433~71c377f0cef0,data_store,acme,store-03433,store-03433.dbms,dbms,false,operational,end_of_support,2024-01-04T01:06:25Z,\N,2026-03-08T14:18:35Z,\N,2,assert
acme:data_store:store-02313~a1e90c4433c2,data_store,acme,store-02313,store-02313.dbms,dbms,false,operational,in_use,2026-02-14T13:30:15Z,2027-01-23T10:28:07Z,2026-03-08T21:01:19Z,\N,1,assert
acme:data_store:store-01719~3ec27982bf1c,data_store,acme,store-01719,store-01719.dbms,dbms,false,operational,in_use,2026-01-31T22:22:19Z,\N,2026-03-09T01:40:19Z,\N,1,assert
acme:data_store:store-03035~b6b45506a799,data_store,acme,store-03035,store-03035.file_share,file_share,false,operational,in_use,2026-02-16T07:41:12Z,2026-11-08T13:24:28Z,2026-03-09T10:01:12Z,\N,1,assert
acme:data_store:store-01830~0e7ffe719117,data_store,acme,store-01830,store-01830.dbms,dbms,true,operational,in_use,2026-01-25T13:11:07Z,\N,2026-03-09T20:17:00Z,\N,1,assert
acme:data_store:store-02771~62f4a078f9b4,data_store,acme,store-02771,store-02771.warehouse,warehouse,false,operational,in_use,2026-03-01T15:27:40Z,\N,2026-03-09T15:45:48Z,\N,1,assert
acme:data_store:store-03500~282e4454da97,data_store,acme,store-03500,store-03500.dbms,dbms,false,operational,in_use,2026-02-01T13:24:03Z,2026-12-28T19:44:50Z,2026-03-10T00:13:07Z,\N,1,assert
acme:data_store:store-03324~49544751d851,data_store,acme,store-03324,store-03324.file_share,file_share,false,operational,in_use,2026-01-30T10:19:50Z,\N,2026-03-10T13:49:30Z,2026-05-26T22:25:31Z,1,assert
acme:data_store:store-02903~a7de47b8b233,data_store,acme,store-02903,store-02903.dbms,dbms,true,operational,in_use,2026-02-23T06:00:12Z,\N,2026-03-10T17:35:55Z,\N,1,assert
acme:data_store:store-02952~eda370514920,data_store,acme,store-02952,store-02952.file_share,file_share,true,operational,in_use,2026-01-25T02:04:14Z,\N,2026-03-10T00:55:48Z,\N,1,assert
acme:data_store:store-03269~7be1e516f10d,data_store,acme,\N,\N,\N,\N,\N,\N,2024-03-30T12:27:38Z,\N,2026-03-10T20:44:36Z,\N,2,retract
acme:data_store:store-01342~6b163a8e0a58,data_store,acme,store-01342,store-01342.dbms,dbms,true,operational,in_use,2026-02-28T15:04:19Z,\N,2026-03-11T08:28:48Z,\N,1,assert
acme:data_store:store-03230~32d002ffe6c7,data_store,acme,store-03230,store-03230.dbms,dbms,false,operational,in_use,2026-02-24T10:40:06Z,\N,2026-03-11T01:43:50Z,\N,1,assert
acme:data_store:store-02002~bdda14c742d2,data_store,acme,store-02002,store-02002.file_share,file_share,true,operational,in_use,2026-03-02T04:01:15Z,\N,2026-03-12T01:21:00Z,\N,1,assert
acme:data_store:store-02004~b6a3e230e37f,data_store,acme,store-02004,store-02004.object_store,object_store,false,operational,in_use,2026-01-30T06:43:47Z,\N,2026-03-12T13:49:55Z,\N,1,assert
acme:data_store:store-02094~a28f9d7ce1aa,data_store,acme,store-02094,store-02094.object_store,object_store,true,operational,in_use,2026-03-03T21:53:28Z,\N,2026-03-12T15:49:20Z,\N,1,assert
acme:data_store:store-02428~1ff11efecdb0,data_store,acme,store-02428,store-02428.file_share,file_share,false,operational,in_use,2026-02-25T05:03:33Z,\N,2026-03-12T04:09:17Z,\N,1,assert
acme:data_store:store-02445~49f5a0c8f5d2,data_store,acme,store-02445,store-02445.object_store,object_store,true,operational,in_use,2026-02-19T12:15:32Z,\N,2026-03-12T17:09:51Z,\N,1,assert
acme:data_store:store-02520~5bdaa15a404b,data_store,acme,store-02520,store-02520.dbms,dbms,false,operational,in_use,2026-02-09T11:32:10Z,\N,2026-03-12T01:29:42Z,\N,1,assert
acme:data_store:store-03218~4bf9e0689d2e,data_store,acme,store-03218,store-03218.dbms,dbms,false,operational,in_use,2026-02-23T17:17:01Z,\N,2026-03-12T20:22:04Z,\N,1,assert
acme:data_store:store-00581~946a313f347c,data_store,acme,store-00581,store-00581.file_share,file_share,false,operational,in_use,2026-02-17T10:10:11Z,\N,2026-03-13T03:30:23Z,\N,1,assert
acme:data_store:store-00808~fba9bcc43443,data_store,acme,store-00808,store-00808.queue,queue,false,operational,in_use,2026-02-05T04:18:02Z,\N,2026-03-13T06:56:17Z,\N,1,assert
acme:data_store:store-00007~61b44d6166b5,data_store,acme,\N,\N,\N,\N,\N,\N,2023-12-23T18:09:15Z,\N,2026-03-13T08:24:05Z,\N,2,retract
acme:data_store:store-01822~d2591489fac9,data_store,acme,store-01822,store-01822.dbms,dbms,false,operational,in_use,2026-03-05T17:48:04Z,\N,2026-03-13T11:44:08Z,\N,1,assert
acme:data_store:store-02623~fd21960afeae,data_store,acme,store-02623,store-02623.dbms,dbms,true,operational,in_use,2026-03-02T08:32:25Z,\N,2026-03-13T23:05:43Z,\N,1,assert
acme:data_store:store-01851~72970b13d43f,data_store,acme,store-01851,store-01851.dbms,dbms,false,operational,in_use,2026-01-29T09:35:37Z,\N,2026-03-14T10:44:11Z,\N,1,assert
acme:data_store:store-03497~756a1e53eb3f,data_store,acme,\N,\N,\N,\N,\N,\N,2023-06-29T15:02:04Z,\N,2026-03-15T00:08:57Z,\N,2,retract
acme:data_store:store-01271~dbe3d87c89d0,data_store,acme,store-01271,store-01271.object_store,object_store,false,operational,in_use,2026-02-15T22:27:26Z,\N,2026-03-15T00:39:02Z,\N,1,assert
acme:data_store:store-01411~5e6bb9f97a83,data_store,acme,store-01411,store-01411.file_share,file_share,false,operational,in_use,2026-02-02T16:07:49Z,\N,2026-03-16T16:19:03Z,\N,1,assert
acme:data_store:store-03055~eeb183840a52,data_store,acme,store-03055,store-03055.dbms,dbms,true,operational,in_use,2026-02-02T11:23:11Z,\N,2026-03-16T10:56:32Z,\N,1,assert
acme:data_store:store-01824~30a783dbb803,data_store,acme,store-01824,store-01824.queue,queue,false,operational,in_use,2026-02-06T02:08:50Z,\N,2026-03-16T23:31:18Z,2026-08-07T05:46:30Z,1,assert
acme:data_store:store-00943~5925301fc98f,data_store,acme,store-00943,store-00943.file_share,file_share,false,operational,in_use,2026-03-04T20:06:37Z,\N,2026-03-17T02:47:09Z,\N,1,assert
acme:data_store:store-03582~ea1e04810314,data_store,acme,store-03582,store-03582.object_store,object_store,false,operational,in_use,2026-03-04T17:40:26Z,\N,2026-03-17T09:36:59Z,2026-11-16T07:56:26Z,1,assert
acme:data_store:store-03198~b18e0c23b536,data_store,acme,store-03198,store-03198.dbms,dbms,false,operational,in_use,2026-02-27T06:35:31Z,\N,2026-03-17T22:10:00Z,\N,1,assert
acme:data_store:store-03033~ea2da9439fda,data_store,acme,store-03033,store-03033.dbms,dbms,false,operational,in_use,2026-03-01T19:43:15Z,\N,2026-03-18T09:26:22Z,\N,1,assert
acme:data_store:store-03565~77bb3994128c,data_store,acme,store-03565,store-03565.warehouse,warehouse,false,operational,in_use,2026-03-09T11:06:29Z,\N,2026-03-18T01:17:11Z,\N,1,assert
acme:data_store:store-00417~0494bcbc6f5d,data_store,acme,store-00417,store-00417.dbms,dbms,false,operational,in_use,2026-03-17T17:15:42Z,\N,2026-03-19T08:13:09Z,\N,1,assert
acme:data_store:store-01420~ecc95652e551,data_store,acme,store-01420,store-01420.queue,queue,false,operational,in_use,2026-03-10T07:00:32Z,\N,2026-03-19T01:58:33Z,\N,1,assert
acme:data_store:store-01659~42270778adc5,data_store,acme,store-01659,store-01659.file_share,file_share,true,operational,in_use,2026-03-19T16:24:17Z,\N,2026-03-19T16:24:17Z,\N,1,assert
acme:data_store:store-02522~519993172dca,data_store,acme,store-02522,store-02522.dbms,dbms,false,operational,in_use,2026-02-14T18:18:58Z,\N,2026-03-19T22:19:21Z,\N,1,assert
acme:data_store:store-00518~67fd89a015b5,data_store,acme,store-00518,store-00518.file_share,file_share,false,operational,in_use,2026-03-20T05:20:15Z,\N,2026-03-20T05:20:15Z,\N,1,assert
acme:data_store:store-00086~a22f3425aa12,data_store,acme,store-00086,store-00086.dbms,dbms,false,operational,in_use,2026-03-05T11:54:29Z,\N,2026-03-21T23:16:20Z,\N,1,assert
acme:data_store:store-01071~4609d47a53bf,data_store,acme,store-01071,store-01071.queue,queue,true,operational,in_use,2026-03-06T01:53:22Z,\N,2026-03-21T21:20:11Z,\N,1,assert
acme:data_store:store-02172~a87c36f6a349,data_store,acme,store-02172,store-02172.file_share,file_share,false,operational,in_use,2026-02-26T22:44:46Z,\N,2026-03-21T12:36:10Z,\N,1,assert
acme:data_store:store-03078~28c388111761,data_store,acme,store-03078,store-03078.dbms,dbms,false,operational,in_use,2026-02-26T01:27:45Z,\N,2026-03-21T03:43:46Z,\N,1,assert
acme:data_store:store-00921~0a45c648bac5,data_store,acme,store-00921,store-00921.file_share,file_share,true,operational,in_use,2026-02-14T15:50:22Z,\N,2026-03-22T20:35:36Z,\N,1,assert
acme:data_store:store-00022~73ab60793373,data_store,acme,store-00022,store-00022.dbms,dbms,false,operational,in_use,2026-03-22T09:31:22Z,\N,2026-03-23T17:18:10Z,\N,1,assert
acme:data_store:store-00620~ffa6b2ad3cc7,data_store,acme,store-00620,store-00620.file_share,file_share,false,operational,in_use,2026-03-17T03:59:13Z,\N,2026-03-24T03:51:18Z,\N,1,assert
acme:data_store:store-02303~fed3122223e3,data_store,acme,store-02303,store-02303.warehouse,warehouse,true,operational,in_use,2026-03-05T02:33:18Z,\N,2026-03-24T00:37:20Z,\N,1,assert
acme:data_store:store-02470~140df79c4938,data_store,acme,store-02470,store-02470.dbms,dbms,false,operational,in_use,2026-02-16T16:56:14Z,\N,2026-03-24T21:32:22Z,\N,1,assert
acme:data_store:store-03344~1ab143e9b6ed,data_store,acme,store-03344,store-03344.file_share,file_share,false,operational,in_use,2026-03-14T08:28:28Z,\N,2026-03-24T05:29:41Z,\N,1,assert
acme:data_store:store-00142~0c1f2889ec8c,data_store,acme,store-00142,store-00142.object_store,object_store,false,operational,in_use,2026-03-14T02:20:32Z,\N,2026-03-25T00:37:24Z,\N,1,assert
acme:data_store:store-01832~b0a660e3c68e,data_store,acme,store-01832,store-01832.file_share,file_share,false,operational,in_use,2026-02-21T02:44:47Z,\N,2026-03-25T15:28:18Z,\N,1,assert
acme:data_store:store-03384~9f1a4341af85,data_store,acme,store-03384,store-03384.object_store,object_store,false,operational,in_use,2026-03-19T16:13:00Z,\N,2026-03-25T14:24:21Z,\N,1,assert
acme:data_store:store-00814~8857457ea6b7,data_store,acme,store-00814,store-00814.file_share,file_share,false,operational,in_use,2026-03-23T02:10:48Z,\N,2026-03-26T11:45:08Z,\N,1,assert
acme:data_store:store-01235~8c6247311817,data_store,acme,store-01235,store-01235.dbms,dbms,false,operational,in_use,2026-03-10T10:58:37Z,\N,2026-03-26T02:42:10Z,\N,1,assert
acme:data_store:store-01652~44924bf771a8,data_store,acme,store-01652,store-01652.dbms,dbms,false,operational,in_use,2026-02-27T01:50:08Z,\N,2026-03-26T12:27:01Z,2026-07-12T19:55:42Z,1,assert
acme:data_store:store-00883~d26916e70bad,data_store,acme,store-00883,store-00883.object_store,object_store,false,operational,in_use,2026-02-24T04:31:55Z,\N,2026-03-27T00:07:59Z,\N,1,assert
acme:data_store:store-03335~88573d2d17da,data_store,acme,store-03335,store-03335.file_share,file_share,false,operational,end_of_support,2021-08-18T00:27:36Z,\N,2026-03-27T10:24:22Z,\N,2,assert
acme:data_store:store-02310~97a3d943d0d4,data_store,acme,store-02310,store-02310.file_share,file_share,false,operational,in_use,2026-03-05T05:57:51Z,\N,2026-03-27T14:50:40Z,\N,1,assert
acme:data_store:store-00353~b516b59b9fb6,data_store,acme,store-00353,store-00353.dbms,dbms,false,operational,in_use,2026-03-16T04:09:46Z,\N,2026-03-28T06:42:21Z,\N,1,assert
acme:data_store:store-01549~ccb6c247c54f,data_store,acme,store-01549,store-01549.file_share,file_share,false,operational,in_use,2026-02-20T23:31:21Z,\N,2026-03-28T02:35:08Z,\N,1,assert
acme:data_store:store-01575~89474f5b5611,data_store,acme,store-01575,store-01575.file_share,file_share,false,operational,in_use,2026-03-12T15:32:06Z,\N,2026-03-28T21:15:50Z,\N,1,assert
acme:data_store:store-02687~fb4bcb13bf8a,data_store,acme,store-02687,store-02687.dbms,dbms,false,operational,in_use,2026-02-15T08:06:33Z,\N,2026-03-28T00:07:20Z,\N,1,assert
acme:data_store:store-03094~a546b4f7ee5d,data_store,acme,store-03094,store-03094.dbms,dbms,true,operational,in_use,2026-02-14T05:29:17Z,\N,2026-03-28T07:15:06Z,\N,1,assert
acme:data_store:store-02481~1c4ad8e858a6,data_store,acme,store-02481,store-02481.file_share,file_share,false,operational,in_use,2026-03-08T11:32:31Z,\N,2026-03-29T15:10:42Z,\N,1,assert
acme:data_store:store-03303~a8717aa24f23,data_store,acme,\N,\N,\N,\N,\N,\N,2021-10-19T07:48:58Z,\N,2026-03-30T08:23:27Z,\N,2,retract
acme:data_store:store-00531~c5f5be574236,data_store,acme,store-00531,store-00531.warehouse,warehouse,true,operational,in_use,2026-03-25T02:10:27Z,\N,2026-03-30T22:37:42Z,\N,1,assert
acme:data_store:store-01172~90d153c27654,data_store,acme,store-01172,store-01172.object_store,object_store,false,operational,in_use,2026-02-23T16:16:06Z,\N,2026-03-30T01:10:33Z,\N,1,assert
acme:data_store:store-01550~37923b2b420e,data_store,acme,store-01550,store-01550.dbms,dbms,true,operational,in_use,2026-02-15T19:34:11Z,\N,2026-03-30T07:43:44Z,\N,1,assert
acme:data_store:store-02930~783e6049cdd9,data_store,acme,store-02930,store-02930.object_store,object_store,true,operational,in_use,2026-03-12T13:09:02Z,\N,2026-03-30T21:25:07Z,\N,1,assert
acme:data_store:store-00210~d3cfdccd7dfd,data_store,acme,store-00210,store-00210.object_store,object_store,true,operational,in_use,2026-03-17T05:21:07Z,\N,2026-03-31T10:25:24Z,\N,1,assert
acme:data_store:store-01776~6e877c77e9cd,data_store,acme,store-01776,store-01776.warehouse,warehouse,true,operational,in_use,2026-03-17T05:09:53Z,2026-10-09T07:52:37Z,2026-04-01T01:11:22Z,\N,1,assert
acme:data_store:store-00584~4a1ec2d5f1b1,data_store,acme,store-00584,store-00584.dbms,dbms,false,operational,in_use,2026-03-14T22:58:39Z,2026-10-14T06:57:58Z,2026-04-01T04:27:13Z,\N,1,assert
acme:data_store:store-00023~cc4c05837897,data_store,acme,store-00023,store-00023.object_store,object_store,false,operational,in_use,2026-03-03T11:09:26Z,\N,2026-04-01T06:35:38Z,\N,1,assert
acme:data_store:store-00594~24cfe7ffb3fb,data_store,acme,store-00594,store-00594.file_share,file_share,false,operational,in_use,2026-03-18T16:27:46Z,\N,2026-04-01T15:51:13Z,\N,1,assert
acme:data_store:store-01493~854ba4beb518,data_store,acme,store-01493,store-01493.dbms,dbms,false,operational,in_use,2026-03-06T12:54:10Z,\N,2026-04-01T03:14:31Z,\N,1,assert
acme:data_store:store-01976~b7ff36255bee,data_store,acme,store-01976,store-01976.file_share,file_share,false,operational,in_use,2026-02-16T11:23:51Z,\N,2026-04-01T16:10:42Z,\N,1,assert
acme:data_store:store-02026~c993c48649f4,data_store,acme,store-02026,store-02026.queue,queue,false,operational,in_use,2026-02-16T09:37:30Z,\N,2026-04-01T11:52:44Z,\N,1,assert
acme:data_store:store-02152~30c0b92288a6,data_store,acme,store-02152,store-02152.dbms,dbms,true,operational,in_use,2026-03-23T07:02:30Z,\N,2026-04-01T07:10:20Z,\N,1,assert
acme:data_store:store-00311~610f5095b4e6,data_store,acme,store-00311,store-00311.warehouse,warehouse,true,operational,in_use,2026-04-01T01:52:41Z,\N,2026-04-02T00:20:30Z,\N,1,assert
acme:data_store:store-01543~969c96fb0af8,data_store,acme,store-01543,store-01543.file_share,file_share,true,operational,in_use,2026-04-01T14:03:09Z,\N,2026-04-02T07:08:20Z,\N,1,assert
acme:data_store:store-02773~296292f2715b,data_store,acme,store-02773,store-02773.dbms,dbms,false,operational,in_use,2026-02-24T09:05:39Z,\N,2026-04-02T17:59:40Z,\N,1,assert
acme:data_store:store-03313~b391debb0c1a,data_store,acme,store-03313,store-03313.file_share,file_share,false,operational,in_use,2026-03-18T00:30:14Z,\N,2026-04-02T00:43:32Z,\N,1,assert
acme:data_store:store-00319~a3ade7643d6c,data_store,acme,store-00319,store-00319.dbms,dbms,false,operational,in_use,2026-03-01T02:31:47Z,\N,2026-04-03T03:06:23Z,\N,1,assert
acme:data_store:store-02041~613eeea8a545,data_store,acme,store-02041,store-02041.dbms,dbms,false,operational,in_use,2026-04-03T02:16:17Z,\N,2026-04-03T02:16:17Z,\N,1,assert
acme:data_store:store-03536~b0deb9824769,data_store,acme,store-03536,store-03536.file_share,file_share,false,operational,in_use,2026-03-25T00:06:27Z,\N,2026-04-03T10:36:56Z,\N,1,assert
acme:data_store:store-03121~8f20b38f2753,data_store,acme,\N,\N,\N,\N,\N,\N,2024-05-29T09:14:48Z,\N,2026-04-03T14:35:42Z,\N,2,retract
acme:data_store:store-00663~2cb71a1e2e91,data_store,acme,store-00663,store-00663.dbms,dbms,false,operational,in_maintenance,2025-06-06T06:52:13Z,\N,2026-04-04T10:08:37Z,\N,2,assert
acme:data_store:store-01298~605802cfd7e6,data_store,acme,store-01298,store-01298.dbms,dbms,false,operational,in_use,2026-03-01T00:23:53Z,\N,2026-04-04T23:45:14Z,\N,1,assert
acme:data_store:store-02970~c3e5a37c1f4b,data_store,acme,store-02970,store-02970.file_share,file_share,false,operational,in_use,2026-03-15T18:40:49Z,\N,2026-04-04T04:37:45Z,\N,1,assert
acme:data_store:store-00092~b2ad8ed3f86c,data_store,acme,store-00092,store-00092.dbms,dbms,false,operational,in_use,2026-02-26T14:19:43Z,\N,2026-04-05T18:37:23Z,\N,1,assert
acme:data_store:store-00143~d3b22155b3d9,data_store,acme,store-00143,store-00143.file_share,file_share,false,operational,in_use,2026-03-02T08:48:34Z,\N,2026-04-05T01:00:49Z,\N,1,assert
acme:data_store:store-01024~af9ba683eb78,data_store,acme,store-01024,store-01024.dbms,dbms,false,operational,in_use,2026-03-30T16:16:25Z,\N,2026-04-05T06:24:31Z,\N,1,assert
acme:data_store:store-02436~e88cbc278936,data_store,acme,store-02436,store-02436.file_share,file_share,false,operational,in_use,2026-03-08T14:06:09Z,\N,2026-04-05T19:20:07Z,\N,1,assert
acme:data_store:store-00292~1c48b7a43afe,data_store,acme,store-00292,store-00292.file_share,file_share,false,operational,in_use,2026-04-06T05:21:36Z,\N,2026-04-06T05:21:36Z,\N,1,assert
acme:data_store:store-00602~0933a7b3bd93,data_store,acme,store-00602,store-00602.dbms,dbms,false,operational,in_use,2026-03-09T01:52:02Z,\N,2026-04-06T07:59:52Z,\N,1,assert
acme:data_store:store-01259~b74f6a45ba14,data_store,acme,\N,\N,\N,\N,\N,\N,2024-04-05T11:57:23Z,\N,2026-04-06T09:53:29Z,\N,2,retract
acme:data_store:store-02939~0f002a5f83cd,data_store,acme,store-02939,store-02939.file_share,file_share,true,operational,in_use,2026-03-12T20:31:46Z,\N,2026-04-06T17:03:43Z,\N,1,assert
acme:data_store:store-03596~5358fccdf66d,data_store,acme,store-03596,store-03596.file_share,file_share,false,operational,in_use,2026-03-28T23:45:15Z,\N,2026-04-06T17:08:32Z,\N,1,assert
acme:data_store:store-00722~e6aaf9cdc4b2,data_store,acme,store-00722,store-00722.dbms,dbms,false,operational,in_use,2026-03-04T04:38:04Z,\N,2026-04-07T07:58:49Z,\N,1,assert
acme:data_store:store-00407~b4423abe1aa2,data_store,acme,store-00407,store-00407.dbms,dbms,true,operational,in_use,2026-03-15T04:57:07Z,\N,2026-04-07T20:53:59Z,\N,1,assert
acme:data_store:store-01328~2d01d083cd7c,data_store,acme,store-01328,store-01328.warehouse,warehouse,true,operational,in_use,2026-02-27T13:56:26Z,\N,2026-04-07T13:22:34Z,\N,1,assert
acme:data_store:store-01663~461a9fdf936d,data_store,acme,store-01663,store-01663.dbms,dbms,false,operational,in_use,2026-03-24T09:16:47Z,\N,2026-04-07T00:10:17Z,\N,1,assert
acme:data_store:store-01633~a2ff72c14430,data_store,acme,store-01633,store-01633.warehouse,warehouse,true,operational,in_use,2026-04-08T08:06:02Z,\N,2026-04-08T08:06:02Z,\N,1,assert
acme:data_store:store-01336~e682bbb70f2f,data_store,acme,store-01336,store-01336.queue,queue,false,operational,in_maintenance,2023-12-08T12:59:36Z,\N,2026-04-08T09:32:45Z,\N,2,assert
acme:data_store:store-00427~d18d1be3c4bd,data_store,acme,store-00427,store-00427.dbms,dbms,false,operational,in_use,2026-03-04T23:30:59Z,\N,2026-04-09T22:23:00Z,\N,1,assert
acme:data_store:store-00804~d942b3e3cf63,data_store,acme,store-00804,store-00804.file_share,file_share,true,operational,in_use,2026-03-25T23:06:04Z,\N,2026-04-09T08:16:38Z,\N,1,assert
acme:data_store:store-00051~5b1bb96c3aa6,data_store,acme,store-00051,store-00051.dbms,dbms,true,operational,in_use,2026-03-18T11:56:05Z,\N,2026-04-10T00:43:22Z,\N,1,assert
acme:data_store:store-00873~51e575b60c84,data_store,acme,store-00873,store-00873.dbms,dbms,false,operational,in_use,2026-02-28T21:09:06Z,\N,2026-04-10T17:53:12Z,\N,1,assert
acme:data_store:store-01043~d0d96f847198,data_store,acme,store-01043,store-01043.dbms,dbms,true,operational,in_use,2026-04-08T15:34:29Z,\N,2026-04-10T10:53:33Z,\N,1,assert
acme:data_store:store-02125~898fac89cfa5,data_store,acme,store-02125,store-02125.dbms,dbms,true,operational,in_use,2026-03-06T17:44:11Z,\N,2026-04-11T19:47:41Z,\N,1,assert
acme:data_store:store-02696~c0c27dd52697,data_store,acme,store-02696,store-02696.dbms,dbms,false,operational,in_use,2026-03-25T14:58:05Z,\N,2026-04-11T15:17:36Z,\N,1,assert
acme:data_store:store-00786~8200a6e65302,data_store,acme,store-00786,store-00786.warehouse,warehouse,false,operational,in_use,2026-03-07T12:31:29Z,\N,2026-04-12T00:22:36Z,\N,1,assert
acme:data_store:store-02690~0ad10b374ad5,data_store,acme,store-02690,store-02690.dbms,dbms,false,operational,in_use,2026-03-08T10:55:21Z,\N,2026-04-12T08:01:36Z,\N,1,assert
acme:data_store:store-03131~480570fcfe23,data_store,acme,store-03131,store-03131.dbms,dbms,false,operational,in_use,2026-03-12T00:51:51Z,\N,2026-04-14T16:14:42Z,\N,1,assert
acme:data_store:store-03589~dd6e842b8037,data_store,acme,store-03589,store-03589.warehouse,warehouse,true,operational,in_use,2026-03-11T13:42:53Z,\N,2026-04-14T16:25:13Z,\N,1,assert
acme:data_store:store-01827~68417c29abe1,data_store,acme,store-01827,store-01827.warehouse,warehouse,false,operational,in_use,2026-03-16T22:20:09Z,\N,2026-04-15T01:52:14Z,\N,1,assert
acme:data_store:store-03418~ed557d402809,data_store,acme,store-03418,store-03418.dbms,dbms,false,operational,in_use,2026-03-21T03:58:26Z,\N,2026-04-15T23:54:11Z,\N,1,assert
acme:data_store:store-00571~cfcec4667acc,data_store,acme,store-00571,store-00571.object_store,object_store,false,operational,in_use,2026-03-21T01:09:49Z,\N,2026-04-16T08:34:03Z,\N,1,assert
acme:data_store:store-01856~a7582535d33e,data_store,acme,store-01856,store-01856.dbms,dbms,false,operational,in_use,2026-04-08T05:55:21Z,\N,2026-04-16T14:08:15Z,\N,1,assert
acme:data_store:store-02645~435d4f97ecbf,data_store,acme,store-02645,store-02645.dbms,dbms,true,operational,in_use,2026-03-25T17:47:31Z,\N,2026-04-16T18:58:37Z,\N,1,assert
acme:data_store:store-03003~04019a986ef0,data_store,acme,store-03003,store-03003.queue,queue,false,operational,in_use,2026-03-09T03:16:30Z,\N,2026-04-16T00:26:49Z,\N,1,assert
acme:data_store:store-01930~c95b9b8ab696,data_store,acme,store-01930,store-01930.warehouse,warehouse,false,operational,end_of_support,2025-06-20T17:03:11Z,\N,2026-04-17T06:50:20Z,\N,2,assert
acme:data_store:store-02714~b7de64550c3f,data_store,acme,store-02714,store-02714.dbms,dbms,false,operational,in_use,2026-03-15T02:11:33Z,\N,2026-04-17T09:40:39Z,2026-10-26T00:35:12Z,1,assert
acme:data_store:store-01533~bbf8c4b7d66a,data_store,acme,store-01533,store-01533.object_store,object_store,false,operational,in_use,2026-03-11T15:59:46Z,\N,2026-04-17T17:36:02Z,\N,1,assert
acme:data_store:store-02238~0f0dd5ef4c81,data_store,acme,store-02238,store-02238.dbms,dbms,false,operational,in_use,2026-04-02T06:14:00Z,\N,2026-04-17T17:43:46Z,\N,1,assert
acme:data_store:store-02523~b161f6591368,data_store,acme,store-02523,store-02523.dbms,dbms,false,operational,in_use,2026-04-05T18:32:45Z,\N,2026-04-17T19:15:16Z,\N,1,assert
acme:data_store:store-02923~b384e962a3c7,data_store,acme,store-02923,store-02923.dbms,dbms,false,operational,in_use,2026-03-10T00:13:11Z,\N,2026-04-17T00:43:03Z,\N,1,assert
acme:data_store:store-03109~921684bf5f5a,data_store,acme,store-03109,store-03109.warehouse,warehouse,false,operational,in_use,2026-04-08T11:25:38Z,\N,2026-04-17T23:07:41Z,\N,1,assert
acme:data_store:store-00350~38f4aba854a4,data_store,acme,\N,\N,\N,\N,\N,\N,2026-03-13T21:33:49Z,\N,2026-04-18T00:17:19Z,\N,2,retract
acme:data_store:store-00364~62843a38dda0,data_store,acme,store-00364,store-00364.warehouse,warehouse,false,operational,in_use,2026-03-13T12:45:02Z,\N,2026-04-18T04:24:18Z,\N,1,assert
acme:data_store:store-02352~fafeb85b19a6,data_store,acme,store-02352,store-02352.object_store,object_store,true,operational,in_use,2026-04-18T11:53:07Z,\N,2026-04-18T11:53:07Z,\N,1,assert
acme:data_store:store-03261~3e6e7bd7fd7d,data_store,acme,store-03261,store-03261.warehouse,warehouse,true,operational,in_use,2026-04-04T09:59:35Z,\N,2026-04-18T15:58:29Z,\N,1,assert
acme:data_store:store-03525~fe447352c070,data_store,acme,store-03525,store-03525.file_share,file_share,false,operational,in_use,2026-03-23T22:15:38Z,\N,2026-04-18T17:41:26Z,\N,1,assert
acme:data_store:store-03419~6e5abbbaa3d3,data_store,acme,store-03419,store-03419.file_share,file_share,true,operational,in_use,2026-03-25T21:12:23Z,\N,2026-04-19T08:58:39Z,\N,1,assert
acme:data_store:store-01527~9da30ea454e3,data_store,acme,store-01527,store-01527.dbms,dbms,false,operational,in_use,2026-03-13T17:24:48Z,\N,2026-04-20T13:51:24Z,\N,1,assert
acme:data_store:store-01582~3675010a3351,data_store,acme,store-01582,store-01582.dbms,dbms,false,operational,in_use,2026-03-12T12:37:11Z,\N,2026-04-20T16:02:59Z,\N,1,assert
acme:data_store:store-00584~4a1ec2d5f1b1,data_store,acme,\N,\N,\N,\N,\N,\N,2026-10-14T06:57:58Z,\N,2026-04-20T21:55:23Z,\N,2,retract
acme:data_store:store-00371~7ddc481ac702,data_store,acme,store-00371,store-00371.dbms,dbms,false,operational,in_use,2026-04-17T06:09:49Z,\N,2026-04-21T07:31:45Z,\N,1,assert
acme:data_store:store-01215~c54b038db60c,data_store,acme,store-01215,store-01215.warehouse,warehouse,false,operational,in_use,2026-03-20T17:44:54Z,\N,2026-04-21T07:48:15Z,\N,1,assert
acme:data_store:store-02184~a941595701f9,data_store,acme,store-02184,store-02184.queue,queue,true,operational,in_use,2026-03-29T12:17:10Z,\N,2026-04-21T07:47:53Z,\N,1,assert
acme:data_store:store-02527~57e244632e0f,data_store,acme,store-02527,store-02527.file_share,file_share,false,operational,in_use,2026-04-08T14:36:29Z,\N,2026-04-21T00:15:47Z,\N,1,assert
acme:data_store:store-02625~3e22282f9f7e,data_store,acme,store-02625,store-02625.warehouse,warehouse,true,operational,in_use,2026-03-19T13:23:09Z,\N,2026-04-21T01:36:03Z,\N,1,assert
acme:data_store:store-02718~64b1bf208174,data_store,acme,store-02718,store-02718.warehouse,warehouse,false,operational,in_use,2026-03-16T00:52:23Z,\N,2026-04-21T02:23:38Z,\N,1,assert
acme:data_store:store-02793~5169266769cf,data_store,acme,store-02793,store-02793.warehouse,warehouse,false,operational,in_use,2026-03-14T18:03:34Z,\N,2026-04-21T00:56:28Z,\N,1,assert
acme:data_store:store-00692~a35e210c5ea5,data_store,acme,store-00692,store-00692.queue,queue,true,operational,in_use,2026-03-10T03:26:13Z,\N,2026-04-22T01:39:21Z,\N,1,assert
acme:data_store:store-02917~25661a2e1177,data_store,acme,store-02917,store-02917.object_store,object_store,false,operational,in_use,2026-04-06T00:15:17Z,\N,2026-04-22T07:43:10Z,2027-01-23T02:50:28Z,1,assert
acme:data_store:store-03182~30087fa9d46e,data_store,acme,store-03182,store-03182.file_share,file_share,false,operational,in_use,2026-04-19T04:01:09Z,\N,2026-04-22T12:29:44Z,\N,1,assert
acme:data_store:store-01283~c59802bed38a,data_store,acme,store-01283,store-01283.dbms,dbms,false,operational,in_use,2026-04-01T02:02:16Z,\N,2026-04-23T00:58:42Z,\N,1,assert
acme:data_store:store-01284~32e4151c8ed9,data_store,acme,store-01284,store-01284.file_share,file_share,false,operational,in_use,2026-04-23T01:28:05Z,\N,2026-04-23T01:28:05Z,\N,1,assert
acme:data_store:store-03378~ef8c4b4138c0,data_store,acme,store-03378,store-03378.file_share,file_share,true,operational,in_use,2026-04-02T06:40:06Z,\N,2026-04-23T12:20:46Z,\N,1,assert
acme:data_store:store-02191~d53b136fc061,data_store,acme,store-02191,store-02191.object_store,object_store,true,operational,in_use,2026-03-16T21:51:29Z,\N,2026-04-24T09:27:37Z,\N,1,assert
acme:data_store:store-02469~becaef8f3f5b,data_store,acme,store-02469,store-02469.dbms,dbms,true,operational,in_use,2026-04-15T13:17:20Z,\N,2026-04-24T12:01:33Z,2026-05-28T01:57:48Z,1,assert
acme:data_store:store-02479~b23f713d56b9,data_store,acme,\N,\N,\N,\N,\N,\N,2025-12-25T14:23:59Z,\N,2026-04-24T12:01:44Z,\N,2,retract
acme:data_store:store-02935~7bce88e78bfd,data_store,acme,store-02935,store-02935.file_share,file_share,false,operational,in_use,2026-04-20T19:14:16Z,\N,2026-04-24T14:32:04Z,\N,1,assert
acme:data_store:store-03448~f2584afed25a,data_store,acme,store-03448,store-03448.object_store,object_store,false,operational,in_use,2026-04-18T01:00:14Z,\N,2026-04-24T18:38:13Z,\N,1,assert
acme:data_store:store-02183~609fd9fbaf39,data_store,acme,\N,\N,\N,\N,\N,\N,2022-09-03T23:38:16Z,\N,2026-04-25T14:16:37Z,\N,2,retract
acme:data_store:store-00647~3081f4651ef6,data_store,acme,store-00647,store-00647.object_store,object_store,false,operational,in_use,2026-04-03T03:02:52Z,\N,2026-04-25T18:11:43Z,\N,1,assert
acme:data_store:store-00879~22e6e882a9db,data_store,acme,store-00879,store-00879.object_store,object_store,false,operational,in_use,2026-03-30T05:50:10Z,\N,2026-04-25T03:32:35Z,\N,1,assert
acme:data_store:store-01367~9abc20fcbf20,data_store,acme,store-01367,store-01367.file_share,file_share,false,operational,in_use,2026-03-28T04:20:37Z,\N,2026-04-25T04:31:28Z,\N,1,assert
acme:data_store:store-01507~542cb4850fb4,data_store,acme,store-01507,store-01507.warehouse,warehouse,false,operational,in_use,2026-04-10T04:39:34Z,\N,2026-04-25T13:14:40Z,\N,1,assert
acme:data_store:store-03529~e75335a541e8,data_store,acme,\N,\N,\N,\N,\N,\N,2024-05-14T02:31:50Z,\N,2026-04-25T18:43:56Z,\N,2,retract
acme:data_store:store-01545~d27f5cd2a418,data_store,acme,store-01545,store-01545.dbms,dbms,true,operational,in_use,2026-04-05T19:17:14Z,\N,2026-04-25T22:29:00Z,\N,1,assert
acme:data_store:store-02350~0b7c5af456ce,data_store,acme,store-02350,store-02350.warehouse,warehouse,true,operational,in_use,2026-03-14T18:58:43Z,\N,2026-04-25T09:00:12Z,\N,1,assert
acme:data_store:store-01585~2b5f2dc3b694,data_store,acme,store-01585,store-01585.warehouse,warehouse,false,operational,in_use,2026-03-29T00:07:33Z,\N,2026-04-26T21:32:22Z,\N,1,assert
acme:data_store:store-01742~05366e17fc3b,data_store,acme,store-01742,store-01742.queue,queue,false,operational,in_use,2026-04-13T21:02:04Z,\N,2026-04-26T12:11:30Z,\N,1,assert
acme:data_store:store-02592~a3924963a80a,data_store,acme,store-02592,store-02592.file_share,file_share,false,operational,in_use,2026-03-18T03:27:02Z,\N,2026-04-26T21:28:25Z,\N,1,assert
acme:data_store:store-00645~1ae8f4405c33,data_store,acme,store-00645,store-00645.file_share,file_share,true,operational,in_use,2026-04-09T21:21:40Z,2027-01-09T23:00:21Z,2026-04-27T04:09:03Z,\N,1,assert
acme:data_store:store-01769~ce0a3dc8302e,data_store,acme,\N,\N,\N,\N,\N,\N,2022-08-26T08:07:51Z,\N,2026-04-27T20:26:44Z,\N,2,retract
acme:data_store:store-02070~cb6ea61c5ddb,data_store,acme,store-02070,store-02070.file_share,file_share,false,operational,in_use,2026-03-15T12:02:14Z,\N,2026-04-27T22:16:57Z,\N,1,assert
acme:data_store:store-00700~3dc0e2d14936,data_store,acme,store-00700,store-00700.warehouse,warehouse,false,operational,in_use,2026-03-19T07:47:47Z,\N,2026-04-28T13:06:53Z,\N,1,assert
acme:data_store:store-02282~2f7312751efc,data_store,acme,store-02282,store-02282.file_share,file_share,false,operational,in_use,2026-04-13T16:28:19Z,\N,2026-04-28T04:10:09Z,\N,1,assert
acme:data_store:store-00388~65bd94003e29,data_store,acme,store-00388,store-00388.object_store,object_store,false,operational,in_use,2026-04-11T01:37:44Z,\N,2026-04-29T10:52:12Z,\N,1,assert
acme:data_store:store-01323~bd187e1d1ac2,data_store,acme,store-01323,store-01323.warehouse,warehouse,false,operational,in_use,2026-04-12T15:52:20Z,\N,2026-04-29T20:40:42Z,\N,1,assert
acme:data_store:store-01751~0a8bbc1f2bdd,data_store,acme,store-01751,store-01751.queue,queue,false,operational,in_use,2026-04-19T01:01:12Z,\N,2026-04-29T21:52:06Z,\N,1,assert
acme:data_store:store-02256~e74ab815a514,data_store,acme,store-02256,store-02256.object_store,object_store,true,operational,in_use,2026-04-07T19:59:37Z,\N,2026-04-29T17:30:29Z,\N,1,assert
acme:data_store:store-02719~adea3f7d6124,data_store,acme,store-02719,store-02719.object_store,object_store,true,operational,in_use,2026-04-14T09:08:09Z,\N,2026-04-29T20:08:04Z,\N,1,assert
acme:data_store:store-03444~042b7c2000f1,data_store,acme,store-03444,store-03444.warehouse,warehouse,true,operational,in_use,2026-04-12T05:32:08Z,\N,2026-04-29T19:33:30Z,\N,1,assert
acme:data_store:store-01944~663ae456f689,data_store,acme,store-01944,store-01944.dbms,dbms,false,operational,in_use,2026-04-17T12:58:55Z,2027-04-26T00:18:20Z,2026-04-30T15:48:29Z,\N,1,assert
acme:data_store:store-01691~7de90b73a7c9,data_store,acme,\N,\N,\N,\N,\N,\N,2021-10-04T12:47:50Z,\N,2026-05-01T04:42:50Z,\N,2,retract
acme:data_store:store-00542~1f6920cc7f40,data_store,acme,store-00542,store-00542.warehouse,warehouse,true,operational,in_use,2026-04-22T07:59:52Z,\N,2026-05-02T18:57:11Z,\N,1,assert
acme:data_store:store-00735~5456afafe2ff,data_store,acme,store-00735,store-00735.dbms,dbms,true,operational,in_use,2026-03-27T22:55:26Z,\N,2026-05-03T08:36:31Z,\N,1,assert
acme:data_store:store-01044~f3a7dcaeab1c,data_store,acme,store-01044,store-01044.warehouse,warehouse,true,operational,in_use,2026-04-25T23:40:03Z,\N,2026-05-03T09:37:06Z,\N,1,assert
acme:data_store:store-00309~a820f81693a5,data_store,acme,store-00309,store-00309.object_store,object_store,false,operational,in_maintenance,2025-07-13T10:45:27Z,\N,2026-05-03T10:09:00Z,\N,2,assert
acme:data_store:store-01941~3692a5156241,data_store,acme,store-01941,store-01941.dbms,dbms,false,operational,in_use,2026-03-25T21:36:25Z,\N,2026-05-03T23:46:21Z,\N,1,assert
acme:data_store:store-00923~bf0416082d2f,data_store,acme,store-00923,store-00923.queue,queue,false,operational,in_use,2026-04-05T20:24:56Z,\N,2026-05-04T17:29:52Z,\N,1,assert
acme:data_store:store-01106~4e7b5aaa0077,data_store,acme,store-01106,store-01106.queue,queue,false,operational,in_use,2026-05-01T20:15:29Z,\N,2026-05-04T01:57:16Z,\N,1,assert
acme:data_store:store-01775~67d1c4746aa1,data_store,acme,store-01775,store-01775.dbms,dbms,false,operational,in_use,2026-04-06T04:34:43Z,\N,2026-05-04T09:42:21Z,\N,1,assert
acme:data_store:store-02647~727fe314e58b,data_store,acme,store-02647,store-02647.warehouse,warehouse,false,operational,in_use,2026-04-06T12:31:06Z,\N,2026-05-04T17:19:29Z,\N,1,assert
acme:data_store:store-03239~676147e67e3b,data_store,acme,store-03239,store-03239.file_share,file_share,true,operational,in_use,2026-04-17T03:52:18Z,\N,2026-05-04T21:48:55Z,\N,1,assert
acme:data_store:store-03383~334da4686e66,data_store,acme,store-03383,store-03383.file_share,file_share,false,operational,in_use,2026-04-12T09:24:43Z,\N,2026-05-04T12:37:40Z,\N,1,assert
acme:data_store:store-02423~65c69eea5171,data_store,acme,\N,\N,\N,\N,\N,\N,2025-01-07T14:19:19Z,\N,2026-05-05T10:29:17Z,\N,2,retract
acme:data_store:store-00627~1f7bd0ae02b0,data_store,acme,store-00627,store-00627.warehouse,warehouse,false,operational,in_use,2026-03-31T06:01:26Z,\N,2026-05-05T15:20:16Z,\N,1,assert
acme:data_store:store-01004~6e1020d18256,data_store,acme,store-01004,store-01004.warehouse,warehouse,false,operational,in_use,2026-04-17T05:41:23Z,\N,2026-05-05T16:54:00Z,\N,1,assert
acme:data_store:store-03554~b3203ef76782,data_store,acme,\N,\N,\N,\N,\N,\N,2025-09-21T06:49:36Z,\N,2026-05-05T21:51:47Z,\N,2,retract
acme:data_store:store-01703~22ba0f71ecdd,data_store,acme,store-01703,store-01703.warehouse,warehouse,false,operational,in_use,2026-04-10T18:34:55Z,\N,2026-05-05T22:47:59Z,\N,1,assert
acme:data_store:store-01872~26fa5d4f1671,data_store,acme,store-01872,store-01872.dbms,dbms,false,operational,in_use,2026-04-23T03:35:15Z,\N,2026-05-05T13:54:06Z,\N,1,assert
acme:data_store:store-03527~73943552fe92,data_store,acme,store-03527,store-03527.warehouse,warehouse,true,operational,in_use,2026-04-16T16:15:09Z,\N,2026-05-05T12:02:52Z,\N,1,assert
acme:data_store:store-00593~3b8c2be21864,data_store,acme,store-00593,store-00593.object_store,object_store,true,operational,in_use,2026-04-09T10:11:35Z,\N,2026-05-06T23:35:53Z,\N,1,assert
acme:data_store:store-02377~41697796e8cf,data_store,acme,store-02377,store-02377.object_store,object_store,true,operational,in_use,2026-03-29T23:26:01Z,\N,2026-05-06T14:14:08Z,\N,1,assert
acme:data_store:store-02550~26d26fa79adc,data_store,acme,store-02550,store-02550.object_store,object_store,true,operational,in_use,2026-04-02T03:01:45Z,\N,2026-05-06T04:00:32Z,\N,1,assert
acme:data_store:store-01005~e6fd5e8aa255,data_store,acme,\N,\N,\N,\N,\N,\N,2024-12-29T11:05:13Z,\N,2026-05-07T11:58:11Z,\N,2,retract
acme:data_store:store-00889~1923c9c0bc93,data_store,acme,store-00889,store-00889.dbms,dbms,true,operational,in_use,2026-04-11T23:01:07Z,\N,2026-05-07T13:08:45Z,\N,1,assert
acme:data_store:store-01093~1246c23054df,data_store,acme,store-01093,store-01093.queue,queue,false,operational,in_use,2026-04-03T19:21:24Z,\N,2026-05-07T16:44:56Z,\N,1,assert
acme:data_store:store-01275~4d5fe37eb4a4,data_store,acme,store-01275,store-01275.file_share,file_share,false,operational,in_use,2026-04-18T10:41:37Z,\N,2026-05-07T20:58:58Z,\N,1,assert
acme:data_store:store-02057~6a20a0e924ab,data_store,acme,store-02057,store-02057.warehouse,warehouse,false,operational,in_use,2026-04-28T17:55:23Z,\N,2026-05-07T07:04:27Z,\N,1,assert
acme:data_store:store-02412~707653cc7f0f,data_store,acme,store-02412,store-02412.dbms,dbms,false,operational,in_use,2026-04-30T18:41:01Z,\N,2026-05-07T18:44:12Z,\N,1,assert
acme:data_store:store-02904~5911ddbf1103,data_store,acme,store-02904,store-02904.queue,queue,false,operational,in_use,2026-05-02T03:49:48Z,\N,2026-05-07T14:21:11Z,\N,1,assert
acme:data_store:store-00199~ddc105dee18c,data_store,acme,store-00199,store-00199.object_store,object_store,false,operational,in_use,2026-04-11T22:41:09Z,\N,2026-05-08T03:22:31Z,\N,1,assert
acme:data_store:store-00867~f7a98ca86502,data_store,acme,store-00867,store-00867.object_store,object_store,false,operational,in_use,2026-04-23T03:26:37Z,\N,2026-05-08T21:23:15Z,\N,1,assert
acme:data_store:store-00217~3b63279f431f,data_store,acme,store-00217,store-00217.dbms,dbms,false,operational,in_use,2026-04-04T13:19:55Z,\N,2026-05-09T04:02:41Z,\N,1,assert
acme:data_store:store-01519~615f7f61a1c0,data_store,acme,store-01519,store-01519.warehouse,warehouse,false,operational,in_use,2026-03-27T03:34:53Z,\N,2026-05-09T10:58:39Z,\N,1,assert
acme:data_store:store-02401~cefd21332fd8,data_store,acme,store-02401,store-02401.object_store,object_store,true,operational,in_use,2026-04-16T17:53:52Z,2026-05-17T19:53:48Z,2026-05-11T07:57:09Z,\N,1,assert
acme:data_store:store-00372~f532ab18d7f5,data_store,acme,store-00372,store-00372.file_share,file_share,true,operational,in_use,2026-05-07T06:24:15Z,\N,2026-05-11T23:18:22Z,\N,1,assert
acme:data_store:store-01696~d0c66d61f183,data_store,acme,store-01696,store-01696.dbms,dbms,true,operational,in_use,2026-05-06T22:16:43Z,\N,2026-05-11T06:03:44Z,\N,1,assert
acme:data_store:store-01730~c36fcc0ae546,data_store,acme,store-01730,store-01730.warehouse,warehouse,false,operational,in_use,2026-04-28T22:33:57Z,\N,2026-05-11T03:23:07Z,\N,1,assert
acme:data_store:store-02473~c23c1d49286b,data_store,acme,store-02473,store-02473.dbms,dbms,false,operational,in_use,2026-05-02T20:00:28Z,\N,2026-05-11T12:16:49Z,\N,1,assert
acme:data_store:store-02634~b3a602a04b56,data_store,acme,store-02634,store-02634.file_share,file_share,false,operational,in_use,2026-04-23T13:07:48Z,\N,2026-05-11T11:10:15Z,\N,1,assert
acme:data_store:store-03563~d05103facff1,data_store,acme,store-03563,store-03563.queue,queue,false,operational,in_use,2026-03-28T09:02:21Z,\N,2026-05-11T23:13:28Z,\N,1,assert
acme:data_store:store-01547~478bb6eab298,data_store,acme,store-01547,store-01547.dbms,dbms,true,operational,in_use,2026-04-15T07:23:11Z,\N,2026-05-12T00:58:35Z,\N,1,assert
acme:data_store:store-03196~f7fa1acd09a4,data_store,acme,store-03196,store-03196.dbms,dbms,false,operational,in_use,2026-04-25T16:36:13Z,\N,2026-05-12T12:05:31Z,\N,1,assert
acme:data_store:store-00451~2a8544ed9e4d,data_store,acme,store-00451,store-00451.file_share,file_share,false,operational,in_use,2026-04-03T08:56:24Z,\N,2026-05-13T14:47:55Z,\N,1,assert
acme:data_store:store-02515~6ab135eb0a44,data_store,acme,\N,\N,\N,\N,\N,\N,2026-04-24T04:46:37Z,\N,2026-05-13T16:18:57Z,\N,2,retract
acme:data_store:store-00899~a67a14bca48b,data_store,acme,store-00899,store-00899.warehouse,warehouse,true,operational,in_use,2026-04-27T04:46:36Z,\N,2026-05-13T18:00:56Z,\N,1,assert
acme:data_store:store-01199~749c90dc68c7,data_store,acme,store-01199,store-01199.dbms,dbms,false,operational,in_use,2026-04-07T22:40:50Z,\N,2026-05-13T15:41:29Z,\N,1,assert
acme:data_store:store-03128~857e68a2e589,data_store,acme,store-03128,store-03128.file_share,file_share,false,operational,in_use,2026-04-06T23:00:45Z,\N,2026-05-13T16:51:23Z,\N,1,assert
acme:data_store:store-00618~3b9ac19a16ac,data_store,acme,store-00618,store-00618.warehouse,warehouse,true,operational,in_use,2026-05-11T09:26:54Z,\N,2026-05-14T18:16:30Z,\N,1,assert
acme:data_store:store-00907~cfc9d54f1e03,data_store,acme,store-00907,store-00907.dbms,dbms,false,operational,in_use,2026-04-09T12:46:12Z,\N,2026-05-14T17:08:40Z,\N,1,assert
acme:data_store:store-02910~54b854d2e8c1,data_store,acme,store-02910,store-02910.file_share,file_share,false,operational,in_use,2026-04-10T19:37:41Z,\N,2026-05-14T16:56:11Z,\N,1,assert
acme:data_store:store-02836~7e1ee73bf4fb,data_store,acme,store-02836,store-02836.warehouse,warehouse,false,operational,in_maintenance,2025-06-06T08:00:38Z,\N,2026-05-15T20:37:02Z,\N,2,assert
acme:data_store:store-01944~663ae456f689,data_store,acme,\N,\N,\N,\N,\N,\N,2027-04-26T00:18:20Z,\N,2026-05-16T02:39:32Z,\N,2,retract
acme:data_store:store-03234~f46acb4009e9,data_store,acme,\N,\N,\N,\N,\N,\N,2023-03-23T13:28:42Z,\N,2026-05-16T08:53:36Z,\N,2,retract
acme:data_store:store-00946~a57466a11b22,data_store,acme,store-00946,store-00946.warehouse,warehouse,false,operational,in_use,2026-05-02T11:58:01Z,\N,2026-05-16T13:46:09Z,\N,1,assert
acme:data_store:store-01679~b1336cc2218d,data_store,acme,store-01679,store-01679.queue,queue,true,operational,in_use,2026-04-18T22:43:10Z,\N,2026-05-16T19:24:40Z,\N,1,assert
acme:data_store:store-03540~2496a49b6403,data_store,acme,store-03540,store-03540.warehouse,warehouse,true,operational,in_use,2026-04-16T04:37:36Z,\N,2026-05-16T00:24:57Z,\N,1,assert
acme:data_store:store-00111~1233c0008a98,data_store,acme,store-00111,store-00111.warehouse,warehouse,false,operational,in_use,2026-04-21T19:20:03Z,\N,2026-05-17T09:27:13Z,\N,1,assert
acme:data_store:store-00454~1017ab2ae5e9,data_store,acme,store-00454,store-00454.dbms,dbms,false,operational,in_use,2026-04-16T10:05:11Z,\N,2026-05-17T06:13:35Z,\N,1,assert
acme:data_store:store-03057~790583aec010,data_store,acme,store-03057,store-03057.file_share,file_share,true,operational,in_use,2026-05-17T21:23:17Z,\N,2026-05-17T21:23:17Z,\N,1,assert
acme:data_store:store-03246~7cc81372eaac,data_store,acme,store-03246,store-03246.dbms,dbms,true,operational,in_use,2026-05-05T21:02:09Z,\N,2026-05-17T12:33:48Z,\N,1,assert
acme:data_store:store-03022~8ad96d274291,data_store,acme,store-03022,store-03022.file_share,file_share,true,operational,in_use,2026-04-18T22:25:56Z,\N,2026-05-18T09:13:34Z,\N,1,assert
acme:data_store:store-03406~a8e183043c1c,data_store,acme,store-03406,store-03406.file_share,file_share,false,operational,in_use,2026-04-27T17:27:39Z,\N,2026-05-18T14:39:12Z,\N,1,assert
acme:data_store:store-00578~2a5f6f3a69df,data_store,acme,store-00578,store-00578.file_share,file_share,false,operational,in_use,2026-05-06T00:39:07Z,\N,2026-05-19T02:46:34Z,\N,1,assert
acme:data_store:store-02047~047cb7f450ea,data_store,acme,store-02047,store-02047.warehouse,warehouse,false,operational,in_use,2026-04-14T05:11:34Z,2026-06-30T15:33:25Z,2026-05-19T20:55:44Z,\N,1,assert
acme:data_store:store-02501~955923564861,data_store,acme,store-02501,store-02501.queue,queue,false,operational,in_use,2026-05-08T13:20:37Z,\N,2026-05-19T22:09:46Z,\N,1,assert
acme:data_store:store-00436~c8a1d3a17f1f,data_store,acme,store-00436,store-00436.dbms,dbms,false,operational,in_use,2026-05-15T05:15:13Z,\N,2026-05-20T16:11:09Z,\N,1,assert
acme:data_store:store-02076~fa4c843d07a3,data_store,acme,store-02076,store-02076.file_share,file_share,false,operational,in_use,2026-05-01T03:58:11Z,\N,2026-05-20T12:04:39Z,\N,1,assert
acme:data_store:store-02852~e701844b5421,data_store,acme,\N,\N,\N,\N,\N,\N,2022-09-02T11:28:14Z,\N,2026-05-20T18:48:57Z,\N,2,retract
acme:data_store:store-00492~02eb67bbfd42,data_store,acme,store-00492,store-00492.file_share,file_share,true,operational,in_use,2026-05-13T06:19:14Z,\N,2026-05-21T21:24:41Z,\N,1,assert
acme:data_store:store-00962~479803cf22a9,data_store,acme,store-00962,store-00962.queue,queue,false,operational,in_use,2026-05-05T16:51:04Z,\N,2026-05-21T00:03:30Z,\N,1,assert
acme:data_store:store-01655~eb62e5d79cec,data_store,acme,store-01655,store-01655.file_share,file_share,true,operational,in_use,2026-05-14T20:11:22Z,\N,2026-05-21T23:17:33Z,\N,1,assert
acme:data_store:store-00432~6be813993bf5,data_store,acme,store-00432,store-00432.object_store,object_store,false,operational,in_use,2026-04-23T13:52:32Z,\N,2026-05-22T02:01:00Z,\N,1,assert
acme:data_store:store-03130~41ba0372a90c,data_store,acme,\N,\N,\N,\N,\N,\N,2023-07-04T08:35:07Z,\N,2026-05-22T03:37:56Z,\N,2,retract
acme:data_store:store-01811~b4af806513ec,data_store,acme,store-01811,store-01811.file_share,file_share,false,operational,in_use,2026-05-16T06:09:55Z,\N,2026-05-22T06:51:27Z,2027-02-06T07:23:07Z,1,assert
acme:data_store:store-02333~0ea016b20b81,data_store,acme,store-02333,store-02333.dbms,dbms,true,operational,in_use,2026-05-12T20:01:45Z,\N,2026-05-22T13:47:01Z,\N,1,assert
acme:data_store:store-03040~217ad62ba611,data_store,acme,store-03040,store-03040.file_share,file_share,false,operational,in_use,2026-04-15T06:16:18Z,\N,2026-05-22T11:36:53Z,\N,1,assert
acme:data_store:store-03504~daa31301cb3e,data_store,acme,store-03504,store-03504.queue,queue,true,operational,in_use,2026-05-12T15:35:38Z,\N,2026-05-22T01:26:06Z,\N,1,assert
acme:data_store:store-03438~bd7ef382cbe5,data_store,acme,store-03438,store-03438.file_share,file_share,false,operational,in_use,2026-04-14T05:50:31Z,\N,2026-05-23T04:18:09Z,\N,1,assert
acme:data_store:store-01304~fbb66c4c9795,data_store,acme,\N,\N,\N,\N,\N,\N,2022-05-28T16:44:32Z,\N,2026-05-23T10:44:41Z,\N,2,retract
acme:data_store:store-00112~cf78d3226bbb,data_store,acme,store-00112,store-00112.dbms,dbms,false,operational,in_use,2026-04-15T00:44:29Z,\N,2026-05-23T16:54:22Z,2026-09-05T12:05:11Z,1,assert
acme:data_store:store-03352~a380813788e6,data_store,acme,\N,\N,\N,\N,\N,\N,2024-12-26T22:24:46Z,\N,2026-05-24T02:25:54Z,\N,2,retract
acme:data_store:store-01069~afd1d6f5e269,data_store,acme,\N,\N,\N,\N,\N,\N,2025-12-06T14:02:28Z,\N,2026-05-24T05:27:12Z,\N,2,retract
acme:data_store:store-00447~839c81df4bc2,data_store,acme,store-00447,store-00447.file_share,file_share,false,operational,in_use,2026-05-11T03:50:38Z,\N,2026-05-24T18:39:12Z,\N,1,assert
acme:data_store:store-01145~da4a53f9062c,data_store,acme,store-01145,store-01145.dbms,dbms,false,operational,in_use,2026-05-09T00:55:18Z,\N,2026-05-24T03:50:07Z,\N,1,assert
acme:data_store:store-01754~8233def87c34,data_store,acme,store-01754,store-01754.object_store,object_store,false,operational,in_use,2026-04-11T09:43:11Z,\N,2026-05-24T10:32:39Z,\N,1,assert
acme:data_store:store-01760~c99120167659,data_store,acme,store-01760,store-01760.file_share,file_share,true,operational,in_use,2026-04-16T16:50:31Z,\N,2026-05-24T16:22:45Z,\N,1,assert
acme:data_store:store-00863~c45d3724315b,data_store,acme,store-00863,store-00863.queue,queue,false,operational,in_use,2026-04-21T15:55:55Z,\N,2026-05-25T05:46:43Z,\N,1,assert
acme:data_store:store-01777~a8fa5ea60a73,data_store,acme,store-01777,store-01777.dbms,dbms,false,operational,in_use,2026-05-11T21:45:26Z,\N,2026-05-25T09:12:13Z,\N,1,assert
acme:data_store:store-02585~66415534d651,data_store,acme,store-02585,store-02585.file_share,file_share,true,operational,in_use,2026-05-02T21:13:22Z,\N,2026-05-25T12:01:24Z,\N,1,assert
acme:data_store:store-02909~d04d21ad4f8b,data_store,acme,store-02909,store-02909.object_store,object_store,false,operational,in_use,2026-05-24T18:23:06Z,\N,2026-05-25T01:06:16Z,\N,1,assert
acme:data_store:store-00148~f4dc847b8e9d,data_store,acme,store-00148,store-00148.dbms,dbms,true,operational,in_use,2026-05-25T21:34:33Z,\N,2026-05-25T21:34:33Z,2026-11-06T18:51:48Z,1,assert
acme:data_store:store-03459~1ac74c2c4436,data_store,acme,\N,\N,\N,\N,\N,\N,2025-10-04T09:11:21Z,\N,2026-05-26T07:06:54Z,\N,2,retract
acme:data_store:store-01109~ec1dc3c62595,data_store,acme,store-01109,store-01109.queue,queue,false,operational,in_use,2026-05-22T10:43:33Z,\N,2026-05-26T09:15:22Z,\N,1,assert
acme:data_store:store-01226~3fd60514ebad,data_store,acme,store-01226,store-01226.dbms,dbms,false,operational,in_use,2026-05-06T00:48:38Z,\N,2026-05-26T15:04:44Z,\N,1,assert
acme:data_store:store-01796~45f4df4a9b26,data_store,acme,store-01796,store-01796.dbms,dbms,false,operational,in_use,2026-04-22T11:04:22Z,\N,2026-05-26T11:48:09Z,\N,1,assert
acme:data_store:store-01958~f7d8bd0b655e,data_store,acme,store-01958,store-01958.file_share,file_share,true,operational,in_use,2026-04-25T07:05:35Z,\N,2026-05-26T10:40:44Z,\N,1,assert
acme:data_store:store-03324~49544751d851,data_store,acme,store-03324,store-03324.file_share,file_share,false,operational,in_maintenance,2026-01-30T10:19:50Z,\N,2026-05-26T22:25:31Z,\N,2,assert
acme:data_store:store-02316~2da83c24f88a,data_store,acme,\N,\N,\N,\N,\N,\N,2024-11-19T21:08:39Z,\N,2026-05-27T08:54:08Z,\N,2,retract
acme:data_store:store-00529~aab06d5e4e93,data_store,acme,store-00529,store-00529.queue,queue,false,operational,in_use,2026-05-25T12:01:42Z,\N,2026-05-27T13:58:07Z,\N,1,assert
acme:data_store:store-01041~dfef8ac17ec8,data_store,acme,store-01041,store-01041.dbms,dbms,false,operational,in_use,2026-04-17T06:46:37Z,\N,2026-05-27T10:34:10Z,\N,1,assert
acme:data_store:store-01912~0f5c4a0c4cc5,data_store,acme,store-01912,store-01912.dbms,dbms,true,operational,in_use,2026-05-05T20:02:52Z,\N,2026-05-27T04:46:55Z,\N,1,assert
acme:data_store:store-02469~becaef8f3f5b,data_store,acme,store-02469,store-02469.dbms,dbms,true,operational,end_of_support,2026-04-15T13:17:20Z,\N,2026-05-28T01:57:48Z,\N,2,assert
acme:data_store:store-03090~e94fa3ef58fb,data_store,acme,store-03090,store-03090.dbms,dbms,false,operational,in_use,2026-04-16T04:57:25Z,\N,2026-05-28T10:38:06Z,\N,1,assert
acme:data_store:store-03505~b051a9f059df,data_store,acme,store-03505,store-03505.warehouse,warehouse,false,operational,in_use,2026-04-27T09:32:14Z,\N,2026-05-28T03:42:17Z,\N,1,assert
acme:data_store:store-02043~023e213fae87,data_store,acme,store-02043,store-02043.queue,queue,true,operational,in_use,2026-04-24T22:26:33Z,\N,2026-05-29T08:49:57Z,\N,1,assert
acme:data_store:store-02681~6592b9d20290,data_store,acme,store-02681,store-02681.warehouse,warehouse,false,operational,in_use,2026-05-23T04:35:14Z,\N,2026-05-29T00:46:17Z,\N,1,assert
acme:data_store:store-03137~d24e75209188,data_store,acme,store-03137,store-03137.file_share,file_share,false,operational,in_use,2026-04-27T09:57:41Z,\N,2026-05-30T02:48:14Z,\N,1,assert
acme:data_store:store-03431~e21fcd56f211,data_store,acme,store-03431,store-03431.warehouse,warehouse,false,operational,in_use,2026-05-27T08:11:02Z,\N,2026-05-30T02:45:36Z,\N,1,assert
acme:data_store:store-01063~e525dd900100,data_store,acme,store-01063,store-01063.warehouse,warehouse,false,operational,in_use,2026-05-22T01:20:45Z,\N,2026-05-31T06:51:06Z,\N,1,assert
acme:data_store:store-01723~184bf07312d3,data_store,acme,store-01723,store-01723.object_store,object_store,false,operational,in_use,2026-05-08T07:01:35Z,\N,2026-05-31T14:17:23Z,\N,1,assert
acme:data_store:store-02234~70138868bc5b,data_store,acme,store-02234,store-02234.file_share,file_share,false,operational,in_use,2026-05-06T16:48:08Z,\N,2026-05-31T01:41:10Z,\N,1,assert
acme:data_store:store-01674~f7724e1b84ac,data_store,acme,store-01674,store-01674.object_store,object_store,false,operational,end_of_support,2026-01-17T19:33:57Z,\N,2026-05-31T18:12:56Z,\N,2,assert
acme:data_store:store-02506~159fc83fc21a,data_store,acme,store-02506,store-02506.warehouse,warehouse,false,operational,in_use,2026-04-23T17:26:25Z,\N,2026-05-31T18:29:49Z,\N,1,assert
acme:data_store:store-00286~7ae975cab0ee,data_store,acme,store-00286,store-00286.dbms,dbms,false,operational,in_use,2026-04-23T01:39:44Z,\N,2026-06-01T11:44:10Z,\N,1,assert
acme:data_store:store-00754~562cedcbe0b6,data_store,acme,store-00754,store-00754.file_share,file_share,false,operational,in_use,2026-04-28T22:38:28Z,\N,2026-06-01T17:27:47Z,\N,1,assert
acme:data_store:store-02016~dd4056a0d39d,data_store,acme,store-02016,store-02016.dbms,dbms,false,operational,in_use,2026-05-31T01:55:20Z,\N,2026-06-01T08:05:04Z,\N,1,assert
acme:data_store:store-02268~20eeb5559709,data_store,acme,store-02268,store-02268.file_share,file_share,true,operational,in_use,2026-05-31T12:06:09Z,\N,2026-06-01T11:47:19Z,\N,1,assert
acme:data_store:store-02403~6140f91a0bd7,data_store,acme,store-02403,store-02403.object_store,object_store,true,operational,in_use,2026-05-23T00:59:45Z,\N,2026-06-01T12:46:58Z,\N,1,assert
acme:data_store:store-03385~58da44e635f5,data_store,acme,store-03385,store-03385.dbms,dbms,false,operational,in_use,2026-05-26T07:17:37Z,\N,2026-06-02T11:42:53Z,\N,1,assert
acme:data_store:store-00134~ae3f52079b3c,data_store,acme,store-00134,store-00134.queue,queue,true,operational,in_use,2026-05-07T17:34:10Z,\N,2026-06-03T07:55:49Z,\N,1,assert
acme:data_store:store-00524~cbf3e7fc0197,data_store,acme,store-00524,store-00524.dbms,dbms,false,operational,in_use,2026-05-12T23:02:07Z,\N,2026-06-03T16:26:03Z,\N,1,assert
acme:data_store:store-02255~0de58d335e00,data_store,acme,store-02255,store-02255.warehouse,warehouse,false,operational,in_use,2026-05-05T05:36:16Z,\N,2026-06-03T13:23:15Z,\N,1,assert
acme:data_store:store-00845~c3d2861a7515,data_store,acme,store-00845,store-00845.warehouse,warehouse,true,operational,in_use,2026-05-09T04:26:40Z,\N,2026-06-04T00:53:22Z,\N,1,assert
acme:data_store:store-02931~535acdc65946,data_store,acme,store-02931,store-02931.warehouse,warehouse,true,operational,in_use,2026-05-17T13:45:24Z,\N,2026-06-04T06:53:29Z,\N,1,assert
acme:data_store:store-00181~2270ffda4d8f,data_store,acme,store-00181,store-00181.dbms,dbms,false,operational,in_use,2026-04-22T16:48:08Z,\N,2026-06-05T11:53:47Z,\N,1,assert
acme:data_store:store-02013~b2d3efc31b4b,data_store,acme,store-02013,store-02013.dbms,dbms,false,operational,in_use,2026-05-22T06:31:23Z,\N,2026-06-06T09:14:10Z,\N,1,assert
acme:data_store:store-02457~ed125a32b612,data_store,acme,store-02457,store-02457.object_store,object_store,false,operational,in_use,2026-06-02T03:05:10Z,\N,2026-06-06T21:39:05Z,\N,1,assert
acme:data_store:store-02364~64fd01e73afa,data_store,acme,store-02364,store-02364.file_share,file_share,false,operational,in_use,2026-06-01T23:47:34Z,\N,2026-06-07T23:22:25Z,\N,1,assert
acme:data_store:store-02478~2859764db07f,data_store,acme,store-02478,store-02478.object_store,object_store,false,operational,in_use,2026-06-06T09:37:50Z,\N,2026-06-07T20:39:20Z,\N,1,assert
acme:data_store:store-02692~727b5a006820,data_store,acme,store-02692,store-02692.warehouse,warehouse,false,operational,in_use,2026-05-01T23:03:50Z,\N,2026-06-07T13:27:02Z,\N,1,assert
acme:data_store:store-03120~1553fce60b33,data_store,acme,store-03120,store-03120.warehouse,warehouse,false,operational,in_use,2026-05-14T08:05:16Z,\N,2026-06-07T21:54:26Z,\N,1,assert
acme:data_store:store-00101~a8bca03ac438,data_store,acme,store-00101,store-00101.queue,queue,true,operational,in_use,2026-05-05T12:51:10Z,\N,2026-06-08T01:41:13Z,\N,1,assert
acme:data_store:store-02141~6f2f55b1b185,data_store,acme,store-02141,store-02141.file_share,file_share,false,operational,in_use,2026-05-01T03:19:30Z,\N,2026-06-08T22:07:53Z,\N,1,assert
acme:data_store:store-02894~24d132064833,data_store,acme,store-02894,store-02894.dbms,dbms,false,operational,in_use,2026-04-28T10:33:43Z,\N,2026-06-08T08:03:06Z,\N,1,assert
acme:data_store:store-01697~44496f771256,data_store,acme,store-01697,store-01697.dbms,dbms,true,operational,in_use,2026-06-06T02:29:01Z,\N,2026-06-09T02:01:23Z,\N,1,assert
acme:data_store:store-02417~686d2fdefceb,data_store,acme,store-02417,store-02417.warehouse,warehouse,true,operational,in_use,2026-05-19T21:12:42Z,\N,2026-06-09T21:39:27Z,\N,1,assert
acme:data_store:store-00263~c05371c44bda,data_store,acme,store-00263,store-00263.queue,queue,false,operational,in_use,2026-05-26T13:39:35Z,\N,2026-06-10T15:11:20Z,\N,1,assert
acme:data_store:store-00878~36d6159f7935,data_store,acme,store-00878,store-00878.queue,queue,false,operational,in_use,2026-06-01T05:16:48Z,\N,2026-06-10T02:18:50Z,\N,1,assert
acme:data_store:store-01159~78e757e4f960,data_store,acme,store-01159,store-01159.dbms,dbms,false,operational,in_use,2026-05-25T23:47:40Z,\N,2026-06-10T18:08:56Z,\N,1,assert
acme:data_store:store-01370~94e9aab24085,data_store,acme,store-01370,store-01370.dbms,dbms,false,operational,in_use,2026-05-01T06:11:01Z,\N,2026-06-10T17:21:05Z,\N,1,assert
acme:data_store:store-01992~38c309bde8f0,data_store,acme,store-01992,store-01992.dbms,dbms,false,operational,in_use,2026-05-11T15:09:34Z,\N,2026-06-10T11:15:07Z,\N,1,assert
acme:data_store:store-02906~2bd5669f703a,data_store,acme,store-02906,store-02906.warehouse,warehouse,false,operational,in_use,2026-05-04T13:31:07Z,\N,2026-06-10T00:45:24Z,\N,1,assert
acme:data_store:store-03115~f8e046f5b79c,data_store,acme,store-03115,store-03115.dbms,dbms,false,operational,in_use,2026-04-29T00:40:06Z,\N,2026-06-10T10:20:52Z,\N,1,assert
acme:data_store:store-01293~ea4d0681f419,data_store,acme,\N,\N,\N,\N,\N,\N,2023-04-24T16:39:52Z,\N,2026-06-10T21:46:28Z,\N,2,retract
acme:data_store:store-00346~a0b774d530fa,data_store,acme,store-00346,store-00346.object_store,object_store,false,operational,in_use,2026-05-04T03:56:50Z,\N,2026-06-11T00:08:10Z,\N,1,assert
acme:data_store:store-01242~3e7fe4594cac,data_store,acme,store-01242,store-01242.dbms,dbms,false,operational,in_use,2026-05-01T03:11:05Z,\N,2026-06-11T07:03:12Z,\N,1,assert
acme:data_store:store-01902~3c0710419ada,data_store,acme,store-01902,store-01902.dbms,dbms,false,operational,in_use,2026-05-31T11:05:11Z,\N,2026-06-11T15:59:31Z,\N,1,assert
acme:data_store:store-02137~f05b2fda74c3,data_store,acme,store-02137,store-02137.dbms,dbms,false,operational,in_use,2026-05-23T20:55:04Z,\N,2026-06-12T22:55:24Z,\N,1,assert
acme:data_store:store-00124~3a7ecfc5f8a2,data_store,acme,store-00124,store-00124.file_share,file_share,false,operational,in_use,2026-05-17T18:58:48Z,\N,2026-06-13T23:44:24Z,\N,1,assert
acme:data_store:store-00958~b052c781e16d,data_store,acme,store-00958,store-00958.dbms,dbms,true,operational,in_use,2026-05-05T23:04:51Z,\N,2026-06-13T18:46:35Z,\N,1,assert
acme:data_store:store-01325~7810022a3577,data_store,acme,store-01325,store-01325.warehouse,warehouse,true,operational,in_use,2026-05-14T21:26:56Z,\N,2026-06-13T20:28:28Z,\N,1,assert
acme:data_store:store-01036~10fb4a74b057,data_store,acme,store-01036,store-01036.object_store,object_store,true,operational,in_use,2026-05-22T03:28:07Z,\N,2026-06-14T02:58:28Z,\N,1,assert
acme:data_store:store-00368~8c7f39d07850,data_store,acme,\N,\N,\N,\N,\N,\N,2023-04-22T09:16:26Z,\N,2026-06-14T03:57:59Z,\N,2,retract
acme:data_store:store-01281~d22645714da2,data_store,acme,store-01281,store-01281.object_store,object_store,false,operational,in_use,2026-05-20T13:25:55Z,\N,2026-06-15T16:54:31Z,\N,1,assert
acme:data_store:store-01580~a9ac1a157714,data_store,acme,store-01580,store-01580.file_share,file_share,false,operational,in_use,2026-05-10T01:00:37Z,\N,2026-06-15T11:07:01Z,\N,1,assert
acme:data_store:store-01623~8048fbf5437b,data_store,acme,store-01623,store-01623.warehouse,warehouse,false,operational,in_use,2026-06-05T12:43:45Z,\N,2026-06-15T10:55:52Z,\N,1,assert
acme:data_store:store-03594~dabdeb8eca34,data_store,acme,store-03594,store-03594.warehouse,warehouse,true,operational,in_use,2026-06-11T04:12:46Z,\N,2026-06-15T23:43:34Z,\N,1,assert
acme:data_store:store-03551~90da21e0851d,data_store,acme,store-03551,store-03551.dbms,dbms,false,operational,in_use,2026-05-17T07:11:54Z,\N,2026-06-16T22:39:28Z,\N,1,assert
acme:data_store:store-00508~026a52ce6a05,data_store,acme,store-00508,store-00508.warehouse,warehouse,false,operational,in_use,2026-06-17T09:26:45Z,\N,2026-06-17T09:26:45Z,\N,1,assert
acme:data_store:store-01227~6bf1f590b26b,data_store,acme,store-01227,store-01227.warehouse,warehouse,false,operational,in_use,2026-05-23T10:49:55Z,\N,2026-06-17T14:03:38Z,\N,1,assert
acme:data_store:store-02194~8fdf1b9209e7,data_store,acme,store-02194,store-02194.dbms,dbms,false,operational,in_use,2026-05-31T01:34:44Z,\N,2026-06-17T15:59:48Z,\N,1,assert
acme:data_store:store-01598~6ea53343224c,data_store,acme,store-01598,store-01598.file_share,file_share,false,operational,in_maintenance,2026-02-22T16:45:14Z,\N,2026-06-17T18:54:32Z,\N,2,assert
acme:data_store:store-00384~c74ddcced8d5,data_store,acme,store-00384,store-00384.warehouse,warehouse,true,operational,in_use,2026-05-27T13:55:49Z,\N,2026-06-19T05:29:28Z,\N,1,assert
acme:data_store:store-01301~04855e1a2531,data_store,acme,store-01301,store-01301.dbms,dbms,false,operational,in_use,2026-05-25T18:47:23Z,\N,2026-06-19T17:30:35Z,\N,1,assert
acme:data_store:store-00539~1419cba6e3f3,data_store,acme,store-00539,store-00539.warehouse,warehouse,false,operational,in_use,2026-05-10T00:35:32Z,\N,2026-06-21T04:09:06Z,\N,1,assert
acme:data_store:store-01359~3794717ff3b5,data_store,acme,store-01359,store-01359.file_share,file_share,true,operational,in_use,2026-05-21T07:51:44Z,\N,2026-06-21T14:17:44Z,\N,1,assert
acme:data_store:store-02384~d2d13472cb18,data_store,acme,store-02384,store-02384.warehouse,warehouse,false,operational,in_use,2026-06-15T09:23:32Z,\N,2026-06-21T09:12:58Z,\N,1,assert
acme:data_store:store-00587~556956ff971e,data_store,acme,store-00587,store-00587.dbms,dbms,false,operational,in_use,2026-06-07T17:31:40Z,\N,2026-06-22T04:56:17Z,\N,1,assert
acme:data_store:store-01666~0c4bccbd8f3d,data_store,acme,store-01666,store-01666.queue,queue,true,operational,in_use,2026-06-15T15:58:43Z,\N,2026-06-22T14:50:10Z,2027-01-17T01:23:28Z,1,assert
acme:data_store:store-00634~89cf77abcdd5,data_store,acme,store-00634,store-00634.dbms,dbms,false,operational,in_use,2026-05-25T14:25:55Z,\N,2026-06-24T11:05:37Z,\N,1,assert
acme:data_store:store-01210~a8a607623dc9,data_store,acme,store-01210,store-01210.object_store,object_store,false,operational,in_use,2026-06-02T06:06:34Z,\N,2026-06-24T09:44:35Z,\N,1,assert
acme:data_store:store-01380~9ae72acf326e,data_store,acme,\N,\N,\N,\N,\N,\N,2024-06-25T22:05:48Z,\N,2026-06-24T12:18:47Z,\N,2,retract
acme:data_store:store-02332~ed979dc45d8a,data_store,acme,store-02332,store-02332.object_store,object_store,false,operational,in_use,2026-05-20T17:02:38Z,\N,2026-06-24T13:29:58Z,\N,1,assert
acme:data_store:store-01147~995fc58f8c60,data_store,acme,store-01147,store-01147.dbms,dbms,false,operational,in_use,2026-05-18T15:12:16Z,\N,2026-06-25T01:22:43Z,\N,1,assert
acme:data_store:store-01558~8ecd5abc9e01,data_store,acme,store-01558,store-01558.dbms,dbms,false,operational,in_use,2026-06-25T21:16:30Z,\N,2026-06-25T21:16:30Z,\N,1,assert
acme:data_store:store-01762~04099b3d63e2,data_store,acme,store-01762,store-01762.dbms,dbms,false,operational,in_use,2026-05-19T19:44:14Z,\N,2026-06-25T15:41:10Z,\N,1,assert
acme:data_store:store-03108~72763fc8d5a6,data_store,acme,store-03108,store-03108.dbms,dbms,false,operational,in_use,2026-06-11T17:55:18Z,\N,2026-06-25T02:04:53Z,\N,1,assert
acme:data_store:store-03553~e4c33457be98,data_store,acme,store-03553,store-03553.dbms,dbms,false,operational,in_use,2026-06-19T08:48:34Z,\N,2026-06-25T00:23:29Z,\N,1,assert
acme:data_store:store-01895~16217b5b7d82,data_store,acme,store-01895,store-01895.queue,queue,false,operational,in_use,2026-06-12T16:23:11Z,\N,2026-06-26T08:11:06Z,\N,1,assert
acme:data_store:store-01190~a56c028bc7ce,data_store,acme,store-01190,store-01190.dbms,dbms,false,operational,in_use,2026-06-17T06:20:38Z,\N,2026-06-27T18:34:14Z,\N,1,assert
acme:data_store:store-01225~cce7fa35673b,data_store,acme,store-01225,store-01225.dbms,dbms,true,operational,in_use,2026-05-26T16:41:32Z,\N,2026-06-27T05:39:04Z,\N,1,assert
acme:data_store:store-01577~8a7a9f5a53bb,data_store,acme,store-01577,store-01577.file_share,file_share,false,operational,in_use,2026-06-14T16:27:17Z,\N,2026-06-27T05:47:27Z,\N,1,assert
acme:data_store:store-01462~b461cccabb91,data_store,acme,store-01462,store-01462.dbms,dbms,false,operational,in_use,2026-05-18T14:17:26Z,\N,2026-06-28T17:39:02Z,\N,1,assert
acme:data_store:store-02631~c6c792e79bf4,data_store,acme,store-02631,store-02631.warehouse,warehouse,true,operational,in_use,2026-06-15T02:56:33Z,\N,2026-06-28T23:07:27Z,\N,1,assert
acme:data_store:store-01767~1072bc3107e0,data_store,acme,\N,\N,\N,\N,\N,\N,2025-06-04T14:08:25Z,\N,2026-06-29T00:30:33Z,\N,2,retract
acme:data_store:store-00772~9776074973fc,data_store,acme,store-00772,store-00772.object_store,object_store,true,operational,in_use,2026-06-15T08:49:00Z,\N,2026-06-29T06:25:42Z,\N,1,assert
acme:data_store:store-03500~282e4454da97,data_store,acme,\N,\N,\N,\N,\N,\N,2026-12-28T19:44:50Z,\N,2026-06-29T08:01:04Z,\N,2,retract
acme:data_store:store-01040~142a117aff8f,data_store,acme,store-01040,store-01040.file_share,file_share,true,operational,in_use,2026-06-06T00:01:07Z,\N,2026-06-29T23:04:31Z,\N,1,assert
acme:data_store:store-02239~db4fae73573b,data_store,acme,store-02239,store-02239.dbms,dbms,false,operational,in_use,2026-06-21T07:51:47Z,\N,2026-06-29T14:24:14Z,\N,1,assert
acme:data_store:store-03054~a47088a54214,data_store,acme,store-03054,store-03054.dbms,dbms,false,operational,in_use,2026-06-03T22:31:34Z,\N,2026-06-30T00:25:04Z,\N,1,assert
acme:data_store:store-01433~8663c6a33f65,data_store,acme,store-01433,store-01433.dbms,dbms,false,operational,in_use,2026-06-30T21:11:42Z,\N,2026-07-01T17:16:26Z,\N,1,assert
acme:data_store:store-01567~d6d41ed3f25d,data_store,acme,store-01567,store-01567.dbms,dbms,true,operational,in_use,2026-06-25T05:02:12Z,\N,2026-07-01T01:10:07Z,\N,1,assert
acme:data_store:store-02810~b4b0957aefe2,data_store,acme,store-02810,store-02810.object_store,object_store,true,operational,in_use,2026-06-11T13:25:00Z,\N,2026-07-01T18:31:47Z,\N,1,assert
acme:data_store:store-03117~82365f8b6de2,data_store,acme,store-03117,store-03117.dbms,dbms,false,operational,in_use,2026-06-20T12:48:58Z,\N,2026-07-01T22:54:08Z,\N,1,assert
acme:data_store:store-02219~eb56014c0ff0,data_store,acme,store-02219,store-02219.dbms,dbms,false,operational,in_use,2026-06-14T05:59:05Z,\N,2026-07-02T02:19:25Z,\N,1,assert
acme:data_store:store-02280~ee044cee160c,data_store,acme,store-02280,store-02280.dbms,dbms,false,operational,in_use,2026-06-08T08:33:11Z,\N,2026-07-02T17:01:57Z,\N,1,assert
acme:data_store:store-01193~ed79342e08c6,data_store,acme,store-01193,store-01193.dbms,dbms,false,operational,in_use,2026-06-27T04:03:37Z,\N,2026-07-03T07:43:24Z,\N,1,assert
acme:data_store:store-02857~a6000eaa5af8,data_store,acme,store-02857,store-02857.dbms,dbms,false,operational,in_use,2026-06-13T23:00:27Z,\N,2026-07-03T09:49:53Z,\N,1,assert
acme:data_store:store-03350~9406804df291,data_store,acme,store-03350,store-03350.warehouse,warehouse,true,operational,in_use,2026-05-25T03:11:58Z,\N,2026-07-03T15:05:17Z,\N,1,assert
acme:data_store:store-00669~3e45c6122743,data_store,acme,store-00669,store-00669.dbms,dbms,false,operational,in_maintenance,2023-03-02T10:59:41Z,\N,2026-07-04T14:58:28Z,\N,2,assert
acme:data_store:store-00984~12b10218e780,data_store,acme,store-00984,store-00984.dbms,dbms,false,operational,in_use,2026-06-01T04:12:37Z,\N,2026-07-04T19:01:58Z,\N,1,assert
acme:data_store:store-01929~7e73a933dfe9,data_store,acme,store-01929,store-01929.object_store,object_store,false,operational,in_use,2026-06-28T07:27:54Z,\N,2026-07-04T18:14:12Z,\N,1,assert
acme:data_store:store-01968~b6710b8965e2,data_store,acme,store-01968,store-01968.queue,queue,false,operational,end_of_support,2025-03-16T09:19:57Z,\N,2026-07-06T10:44:43Z,\N,2,assert
acme:data_store:store-00251~c1408e88d7c4,data_store,acme,store-00251,store-00251.file_share,file_share,false,operational,in_use,2026-05-23T21:08:15Z,\N,2026-07-06T19:49:33Z,\N,1,assert
acme:data_store:store-00699~40212d44be94,data_store,acme,store-00699,store-00699.file_share,file_share,false,operational,in_use,2026-06-30T13:43:11Z,\N,2026-07-07T14:41:43Z,\N,1,assert
acme:data_store:store-01947~0f44e9f0f1f6,data_store,acme,store-01947,store-01947.dbms,dbms,true,operational,in_use,2026-06-09T19:08:52Z,\N,2026-07-07T15:43:56Z,\N,1,assert
acme:data_store:store-02388~82ebdf0117c5,data_store,acme,store-02388,store-02388.file_share,file_share,false,operational,in_use,2026-06-12T12:59:28Z,\N,2026-07-07T21:03:06Z,\N,1,assert
acme:data_store:store-02840~aa6bbc97540a,data_store,acme,store-02840,store-02840.file_share,file_share,false,operational,in_use,2026-05-30T15:23:46Z,\N,2026-07-07T18:06:51Z,\N,1,assert
acme:data_store:store-00813~bc9c66a38777,data_store,acme,\N,\N,\N,\N,\N,\N,2022-05-27T04:31:12Z,\N,2026-07-08T06:38:34Z,\N,2,retract
acme:data_store:store-00795~236a01ed06f7,data_store,acme,store-00795,store-00795.dbms,dbms,false,operational,in_use,2026-05-26T08:23:56Z,\N,2026-07-08T06:52:49Z,\N,1,assert
acme:data_store:store-00829~42ff71d6133b,data_store,acme,store-00829,store-00829.dbms,dbms,false,operational,in_use,2026-07-05T11:44:11Z,\N,2026-07-08T11:17:55Z,\N,1,assert
acme:data_store:store-01908~2b69cde1791b,data_store,acme,store-01908,store-01908.warehouse,warehouse,false,operational,in_maintenance,2026-02-14T07:40:33Z,\N,2026-07-09T03:30:15Z,\N,2,assert
acme:data_store:store-00743~610bfa50febd,data_store,acme,store-00743,store-00743.object_store,object_store,false,operational,in_use,2026-06-29T02:14:07Z,\N,2026-07-09T05:57:09Z,\N,1,assert
acme:data_store:store-02789~2d43c4196fee,data_store,acme,store-02789,store-02789.file_share,file_share,false,operational,in_use,2026-07-01T09:35:31Z,\N,2026-07-09T04:55:35Z,\N,1,assert
acme:data_store:store-00009~7923e41f6dc3,data_store,acme,store-00009,store-00009.dbms,dbms,true,operational,in_use,2026-06-20T21:03:17Z,\N,2026-07-10T12:52:14Z,\N,1,assert
acme:data_store:store-02185~246b306c0f6e,data_store,acme,store-02185,store-02185.warehouse,warehouse,false,operational,in_use,2026-07-01T15:26:55Z,\N,2026-07-10T21:47:02Z,\N,1,assert
acme:data_store:store-01597~72c3107de08f,data_store,acme,store-01597,store-01597.warehouse,warehouse,true,operational,in_use,2026-06-25T15:27:46Z,\N,2026-07-11T04:41:18Z,\N,1,assert
acme:data_store:store-01610~67c026aa59e9,data_store,acme,store-01610,store-01610.file_share,file_share,false,operational,in_use,2026-06-11T05:17:09Z,\N,2026-07-11T11:25:25Z,\N,1,assert
acme:data_store:store-02640~02af73cf5d25,data_store,acme,store-02640,store-02640.file_share,file_share,false,operational,in_use,2026-07-04T10:59:36Z,\N,2026-07-11T03:41:25Z,\N,1,assert
acme:data_store:store-00005~d9cb14e88d51,data_store,acme,\N,\N,\N,\N,\N,\N,2021-02-16T21:52:23Z,\N,2026-07-12T03:00:14Z,\N,2,retract
acme:data_store:store-00360~783c5e8771ad,data_store,acme,store-00360,store-00360.object_store,object_store,true,operational,in_use,2026-07-01T07:39:20Z,\N,2026-07-12T18:18:45Z,\N,1,assert
acme:data_store:store-01189~697c7cc2cc7a,data_store,acme,store-01189,store-01189.object_store,object_store,false,operational,in_use,2026-06-07T07:54:13Z,\N,2026-07-12T06:49:52Z,\N,1,assert
acme:data_store:store-02432~29200bb2a452,data_store,acme,store-02432,store-02432.dbms,dbms,true,operational,in_use,2026-06-18T20:44:32Z,\N,2026-07-12T02:25:25Z,\N,1,assert
acme:data_store:store-03436~235d7fab8c5a,data_store,acme,store-03436,store-03436.dbms,dbms,false,operational,in_use,2026-06-04T21:21:32Z,\N,2026-07-12T15:52:14Z,\N,1,assert
acme:data_store:store-01652~44924bf771a8,data_store,acme,store-01652,store-01652.dbms,dbms,false,operational,end_of_support,2026-02-27T01:50:08Z,\N,2026-07-12T19:55:42Z,\N,2,assert
acme:data_store:store-00949~a1aeff7d0731,data_store,acme,store-00949,store-00949.file_share,file_share,true,operational,in_use,2026-06-16T18:05:56Z,\N,2026-07-13T00:41:05Z,\N,1,assert
acme:data_store:store-01408~b94570593523,data_store,acme,store-01408,store-01408.dbms,dbms,true,operational,in_use,2026-06-15T16:01:30Z,\N,2026-07-13T09:53:13Z,\N,1,assert
acme:data_store:store-00062~a2a33a4a0784,data_store,acme,store-00062,store-00062.object_store,object_store,true,operational,in_use,2026-07-05T12:14:39Z,\N,2026-07-14T03:14:18Z,\N,1,assert
acme:data_store:store-00072~cf3e985d48f4,data_store,acme,store-00072,store-00072.warehouse,warehouse,false,operational,in_use,2026-06-28T18:03:53Z,\N,2026-07-14T18:43:29Z,\N,1,assert
acme:data_store:store-00322~586fce3e9ae0,data_store,acme,store-00322,store-00322.file_share,file_share,false,operational,in_use,2026-07-06T22:49:20Z,\N,2026-07-14T13:26:39Z,\N,1,assert
acme:data_store:store-00555~e77ad42cf114,data_store,acme,store-00555,store-00555.file_share,file_share,true,operational,in_use,2026-06-09T04:22:50Z,\N,2026-07-14T08:25:28Z,\N,1,assert
acme:data_store:store-01483~2d9eb418ea59,data_store,acme,store-01483,store-01483.object_store,object_store,false,operational,in_use,2026-06-08T04:17:07Z,\N,2026-07-14T10:33:21Z,\N,1,assert
acme:data_store:store-01920~9f0c190b7029,data_store,acme,store-01920,store-01920.file_share,file_share,false,operational,in_use,2026-06-18T16:50:51Z,\N,2026-07-14T09:04:25Z,\N,1,assert
acme:data_store:store-02963~ccdf3dbf74ea,data_store,acme,store-02963,store-02963.dbms,dbms,false,operational,in_use,2026-06-10T09:21:46Z,\N,2026-07-14T16:42:04Z,\N,1,assert
acme:data_store:store-03524~1b33c41aea4a,data_store,acme,store-03524,store-03524.object_store,object_store,true,operational,in_use,2026-07-08T12:26:45Z,\N,2026-07-14T09:19:33Z,\N,1,assert
acme:data_store:store-01375~d8aff1da63ac,data_store,acme,store-01375,store-01375.warehouse,warehouse,false,operational,in_use,2026-06-15T05:37:36Z,\N,2026-07-15T06:25:29Z,\N,1,assert
acme:data_store:store-03435~2fae182976a5,data_store,acme,store-03435,store-03435.object_store,object_store,false,operational,in_use,2026-06-15T20:11:10Z,\N,2026-07-15T17:28:56Z,\N,1,assert
acme:data_store:store-02964~4dd6f772ce33,data_store,acme,\N,\N,\N,\N,\N,\N,2022-03-18T15:41:27Z,\N,2026-07-15T21:43:01Z,\N,2,retract
acme:data_store:store-01482~400b7ee6f1b5,data_store,acme,\N,\N,\N,\N,\N,\N,2026-11-08T10:34:11Z,\N,2026-07-16T13:38:12Z,\N,2,retract
acme:data_store:store-01393~44b2b7619833,data_store,acme,store-01393,store-01393.dbms,dbms,false,operational,in_use,2026-07-01T22:20:23Z,\N,2026-07-16T15:52:46Z,\N,1,assert
acme:data_store:store-01476~f2b67740ea67,data_store,acme,store-01476,store-01476.warehouse,warehouse,true,operational,in_use,2026-06-22T07:18:14Z,\N,2026-07-17T06:22:26Z,\N,1,assert
acme:data_store:store-02521~11c053f9b440,data_store,acme,store-02521,store-02521.dbms,dbms,false,operational,in_use,2026-06-15T09:57:10Z,\N,2026-07-18T02:09:33Z,\N,1,assert
acme:data_store:store-00733~086833dc3984,data_store,acme,\N,\N,\N,\N,\N,\N,2023-09-06T17:37:11Z,\N,2026-07-18T16:56:01Z,\N,2,retract
acme:data_store:store-00345~4c207bd6160b,data_store,acme,store-00345,store-00345.warehouse,warehouse,false,operational,in_use,2026-06-22T10:47:30Z,\N,2026-07-19T02:37:21Z,\N,1,assert
acme:data_store:store-00441~b97de576e9b3,data_store,acme,store-00441,store-00441.queue,queue,true,operational,in_use,2026-06-30T14:30:38Z,\N,2026-07-19T21:16:54Z,\N,1,assert
acme:data_store:store-01042~749dd7e059ad,data_store,acme,store-01042,store-01042.dbms,dbms,false,operational,in_use,2026-06-17T21:17:28Z,\N,2026-07-19T15:09:13Z,\N,1,assert
acme:data_store:store-00511~f3573ef107fd,data_store,acme,store-00511,store-00511.file_share,file_share,false,operational,in_use,2026-07-12T16:50:40Z,\N,2026-07-20T12:53:44Z,\N,1,assert
acme:data_store:store-01138~eb2e8b988527,data_store,acme,store-01138,store-01138.object_store,object_store,false,operational,in_use,2026-06-12T15:14:22Z,\N,2026-07-20T19:44:05Z,\N,1,assert
acme:data_store:store-01169~11ebf2f52bd7,data_store,acme,store-01169,store-01169.object_store,object_store,false,operational,in_use,2026-06-28T13:00:17Z,\N,2026-07-20T17:44:35Z,\N,1,assert
acme:data_store:store-01437~63a695bf6934,data_store,acme,store-01437,store-01437.queue,queue,false,operational,in_use,2026-07-08T22:23:00Z,\N,2026-07-20T02:31:17Z,\N,1,assert
acme:data_store:store-01886~7cedfd247311,data_store,acme,store-01886,store-01886.file_share,file_share,true,operational,in_use,2026-06-27T15:13:43Z,\N,2026-07-20T05:48:58Z,\N,1,assert
acme:data_store:store-00102~dc2d7bbb0652,data_store,acme,store-00102,store-00102.file_share,file_share,false,operational,in_use,2026-07-09T20:17:56Z,\N,2026-07-21T02:03:40Z,\N,1,assert
acme:data_store:store-00573~0ecf3b20333b,data_store,acme,store-00573,store-00573.file_share,file_share,true,operational,in_use,2026-06-15T21:00:42Z,\N,2026-07-21T13:15:40Z,\N,1,assert
acme:data_store:store-02865~6667601774f7,data_store,acme,store-02865,store-02865.object_store,object_store,false,operational,in_use,2026-07-03T02:58:24Z,\N,2026-07-23T12:14:18Z,\N,1,assert
acme:data_store:store-02293~6315eccb073e,data_store,acme,store-02293,store-02293.dbms,dbms,true,operational,in_use,2026-07-06T21:02:03Z,\N,2026-07-24T07:35:07Z,\N,1,assert
acme:data_store:store-02628~a88b35f61f5f,data_store,acme,store-02628,store-02628.warehouse,warehouse,true,operational,in_use,2026-07-22T22:03:18Z,\N,2026-07-24T12:10:10Z,\N,1,assert
acme:data_store:store-00037~8127cffb5927,data_store,acme,store-00037,store-00037.dbms,dbms,false,operational,in_use,2026-06-26T20:25:23Z,\N,2026-07-25T22:02:22Z,\N,1,assert
acme:data_store:store-00822~62fe8422cfa5,data_store,acme,store-00822,store-00822.warehouse,warehouse,false,operational,in_use,2026-07-04T19:40:22Z,\N,2026-07-25T19:23:46Z,\N,1,assert
acme:data_store:store-02555~acb634d259ab,data_store,acme,store-02555,store-02555.dbms,dbms,true,operational,in_use,2026-07-12T04:01:50Z,\N,2026-07-25T14:54:16Z,\N,1,assert
acme:data_store:store-00302~9f963d50e910,data_store,acme,store-00302,store-00302.file_share,file_share,true,operational,in_use,2026-07-23T10:30:08Z,\N,2026-07-26T09:29:22Z,\N,1,assert
acme:data_store:store-03126~7fdba4f40fe6,data_store,acme,\N,\N,\N,\N,\N,\N,2023-09-03T19:48:31Z,\N,2026-07-26T14:15:54Z,\N,2,retract
acme:data_store:store-01377~528a69d54de8,data_store,acme,store-01377,store-01377.file_share,file_share,false,operational,in_use,2026-07-22T04:11:50Z,\N,2026-07-26T16:29:05Z,\N,1,assert
acme:data_store:store-01813~357bca0e456b,data_store,acme,store-01813,store-01813.dbms,dbms,false,operational,in_use,2026-06-13T09:16:26Z,\N,2026-07-26T03:08:58Z,\N,1,assert
acme:data_store:store-00725~9900f2e3903a,data_store,acme,store-00725,store-00725.warehouse,warehouse,true,operational,in_use,2026-06-21T10:26:52Z,\N,2026-07-27T07:07:21Z,\N,1,assert
acme:data_store:store-03573~74dddd80732e,data_store,acme,store-03573,store-03573.queue,queue,false,operational,in_use,2026-06-22T14:40:56Z,\N,2026-07-27T13:06:07Z,\N,1,assert
acme:data_store:store-00654~211677044e85,data_store,acme,store-00654,store-00654.dbms,dbms,true,operational,in_use,2026-06-22T12:48:03Z,\N,2026-07-28T01:52:49Z,\N,1,assert
acme:data_store:store-02485~6c5325e933b9,data_store,acme,\N,\N,\N,\N,\N,\N,2023-12-23T22:59:48Z,\N,2026-07-28T12:31:52Z,\N,2,retract
acme:data_store:store-02815~3e85921a18fe,data_store,acme,store-02815,store-02815.queue,queue,false,operational,in_use,2026-07-11T02:56:17Z,\N,2026-07-28T22:38:00Z,\N,1,assert
acme:data_store:store-03229~d532d0af28d4,data_store,acme,store-03229,store-03229.dbms,dbms,false,operational,in_use,2026-06-20T14:43:28Z,\N,2026-07-28T23:48:04Z,\N,1,assert
acme:data_store:store-01428~405caaa9ec5e,data_store,acme,store-01428,store-01428.warehouse,warehouse,false,operational,in_use,2026-06-23T18:56:43Z,\N,2026-07-29T12:05:37Z,\N,1,assert
acme:data_store:store-01794~5a71f1e35f01,data_store,acme,store-01794,store-01794.object_store,object_store,false,operational,in_use,2026-06-22T18:17:36Z,\N,2026-07-29T00:19:44Z,\N,1,assert
acme:data_store:store-00192~60a84036f00d,data_store,acme,\N,\N,\N,\N,\N,\N,2023-04-22T14:19:40Z,\N,2026-07-29T19:28:39Z,\N,2,retract
acme:data_store:store-01935~c84417e231ca,data_store,acme,store-01935,store-01935.object_store,object_store,true,operational,in_use,2026-07-08T13:05:14Z,\N,2026-07-29T19:51:03Z,\N,1,assert
acme:data_store:store-00527~fb4bd6cd58c1,data_store,acme,store-00527,store-00527.file_share,file_share,false,operational,in_use,2026-06-20T23:42:36Z,\N,2026-07-30T15:21:44Z,\N,1,assert
acme:data_store:store-03238~28fe1d8a1363,data_store,acme,store-03238,store-03238.warehouse,warehouse,false,operational,in_use,2026-06-16T17:27:26Z,\N,2026-07-30T19:38:03Z,\N,1,assert
acme:data_store:store-03322~7384a560b7ac,data_store,acme,store-03322,store-03322.dbms,dbms,true,operational,in_use,2026-07-07T10:50:31Z,\N,2026-07-30T19:05:59Z,\N,1,assert
acme:data_store:store-00701~f434dca9f8c6,data_store,acme,store-00701,store-00701.object_store,object_store,false,operational,in_use,2026-07-15T22:54:38Z,\N,2026-07-31T05:02:56Z,\N,1,assert
acme:data_store:store-00925~88dbbfa93d84,data_store,acme,store-00925,store-00925.warehouse,warehouse,true,operational,in_use,2026-07-04T18:38:40Z,\N,2026-07-31T20:34:26Z,\N,1,assert
acme:data_store:store-01622~2fae0b03cddb,data_store,acme,store-01622,store-01622.file_share,file_share,false,operational,in_use,2026-06-18T18:39:09Z,\N,2026-07-31T22:07:02Z,\N,1,assert
acme:data_store:store-02215~5ae3c6f79d5e,data_store,acme,store-02215,store-02215.dbms,dbms,false,operational,in_use,2026-07-13T08:25:55Z,\N,2026-07-31T05:16:20Z,\N,1,assert
acme:data_store:store-00348~245dcf05e8c2,data_store,acme,store-00348,store-00348.dbms,dbms,false,operational,in_use,2026-06-26T09:19:02Z,\N,2026-08-01T11:48:21Z,\N,1,assert
acme:data_store:store-00523~b01953d76d18,data_store,acme,store-00523,store-00523.dbms,dbms,false,operational,in_use,2026-07-29T12:51:27Z,\N,2026-08-01T06:35:52Z,\N,1,assert
acme:data_store:store-01173~b3803a78d6be,data_store,acme,store-01173,store-01173.dbms,dbms,false,operational,in_use,2026-08-01T05:58:36Z,\N,2026-08-01T05:58:36Z,\N,1,assert
acme:data_store:store-02582~a15042d6b073,data_store,acme,store-02582,store-02582.queue,queue,false,operational,in_use,2026-07-08T04:08:06Z,\N,2026-08-01T05:13:23Z,\N,1,assert
acme:data_store:store-03129~9024c5294d19,data_store,acme,store-03129,store-03129.file_share,file_share,true,operational,in_use,2026-07-04T15:49:13Z,\N,2026-08-01T00:05:46Z,\N,1,assert
acme:data_store:store-01939~1d1359fbadce,data_store,acme,store-01939,store-01939.queue,queue,true,operational,end_of_support,2026-01-04T09:13:15Z,\N,2026-08-01T16:52:54Z,\N,2,assert
acme:data_store:store-00248~5ee7b8379306,data_store,acme,store-00248,store-00248.object_store,object_store,true,operational,in_use,2026-07-25T04:42:59Z,\N,2026-08-02T03:58:31Z,\N,1,assert
acme:data_store:store-00683~ca339d5cb899,data_store,acme,store-00683,store-00683.file_share,file_share,false,operational,in_use,2026-06-19T00:50:59Z,\N,2026-08-02T00:05:18Z,\N,1,assert
acme:data_store:store-02475~cc54494d83c1,data_store,acme,store-02475,store-02475.warehouse,warehouse,true,operational,in_use,2026-07-10T01:11:32Z,\N,2026-08-02T12:59:45Z,\N,1,assert
acme:data_store:store-03029~38ffa693379f,data_store,acme,store-03029,store-03029.object_store,object_store,true,operational,in_use,2026-06-21T05:09:31Z,\N,2026-08-02T10:20:24Z,\N,1,assert
acme:data_store:store-02480~95602f5554e7,data_store,acme,\N,\N,\N,\N,\N,\N,2024-07-24T23:09:44Z,\N,2026-08-03T03:20:28Z,\N,2,retract
acme:data_store:store-01182~269e3bc729d0,data_store,acme,store-01182,store-01182.dbms,dbms,true,operational,in_use,2026-07-21T18:24:45Z,\N,2026-08-03T09:57:19Z,\N,1,assert
acme:data_store:store-00965~98cda1599259,data_store,acme,store-00965,store-00965.object_store,object_store,false,operational,end_of_support,2023-04-22T01:22:51Z,\N,2026-08-03T10:10:48Z,\N,2,assert
acme:data_store:store-01518~11564bf1f665,data_store,acme,store-01518,store-01518.object_store,object_store,false,operational,in_use,2026-07-16T01:40:11Z,\N,2026-08-03T20:37:27Z,\N,1,assert
acme:data_store:store-00426~87872f7a0cb0,data_store,acme,store-00426,store-00426.file_share,file_share,true,operational,in_use,2026-07-25T13:49:43Z,\N,2026-08-04T01:31:35Z,\N,1,assert
acme:data_store:store-01031~2165182a2394,data_store,acme,store-01031,store-01031.object_store,object_store,false,operational,in_use,2026-07-13T10:26:08Z,\N,2026-08-04T05:47:07Z,\N,1,assert
acme:data_store:store-01625~c41a9454ab7e,data_store,acme,store-01625,store-01625.warehouse,warehouse,true,operational,in_use,2026-06-30T19:19:09Z,\N,2026-08-04T00:55:00Z,\N,1,assert
acme:data_store:store-01503~1236e5bb5ef1,data_store,acme,store-01503,store-01503.dbms,dbms,true,operational,in_use,2026-07-12T16:02:13Z,\N,2026-08-05T02:10:32Z,2026-11-05T16:53:17Z,1,assert
acme:data_store:store-00747~f2b7751dc942,data_store,acme,store-00747,store-00747.dbms,dbms,true,operational,in_use,2026-07-12T19:01:32Z,\N,2026-08-05T12:51:33Z,\N,1,assert
acme:data_store:store-01270~f0fd180ad6cc,data_store,acme,store-01270,store-01270.warehouse,warehouse,true,operational,in_use,2026-07-25T00:15:11Z,\N,2026-08-05T02:37:19Z,\N,1,assert
acme:data_store:store-01279~3e895b13a4c0,data_store,acme,store-01279,store-01279.object_store,object_store,false,operational,in_use,2026-07-04T15:16:46Z,\N,2026-08-05T02:05:46Z,\N,1,assert
acme:data_store:store-02189~68d28be2f6da,data_store,acme,store-02189,store-02189.file_share,file_share,false,operational,in_use,2026-08-03T12:17:37Z,\N,2026-08-05T11:58:22Z,\N,1,assert
acme:data_store:store-03595~671bc1186c00,data_store,acme,store-03595,store-03595.warehouse,warehouse,false,operational,in_use,2026-07-30T12:03:27Z,\N,2026-08-05T00:34:00Z,\N,1,assert
acme:data_store:store-00912~5617d14b3a5e,data_store,acme,store-00912,store-00912.dbms,dbms,false,operational,in_use,2026-07-05T19:44:29Z,\N,2026-08-06T14:49:44Z,\N,1,assert
acme:data_store:store-02568~de37a6ea0928,data_store,acme,store-02568,store-02568.dbms,dbms,false,operational,in_use,2026-07-30T07:02:27Z,\N,2026-08-06T08:38:43Z,\N,1,assert
acme:data_store:store-01824~30a783dbb803,data_store,acme,store-01824,store-01824.queue,queue,false,operational,end_of_support,2026-02-06T02:08:50Z,\N,2026-08-07T05:46:30Z,\N,2,assert
acme:data_store:store-02213~2abad7327e56,data_store,acme,store-02213,store-02213.dbms,dbms,false,operational,in_use,2026-08-02T16:29:21Z,\N,2026-08-07T23:48:43Z,\N,1,assert
acme:data_store:store-02666~38ab4ddacced,data_store,acme,store-02666,store-02666.object_store,object_store,false,operational,in_use,2026-07-25T22:54:20Z,\N,2026-08-07T09:57:20Z,\N,1,assert
acme:data_store:store-03578~192754639f09,data_store,acme,store-03578,store-03578.object_store,object_store,false,operational,in_use,2026-07-03T15:48:05Z,\N,2026-08-07T19:18:21Z,\N,1,assert
acme:data_store:store-03077~1a1876da1834,data_store,acme,\N,\N,\N,\N,\N,\N,2021-11-26T10:11:19Z,\N,2026-08-08T08:26:48Z,\N,2,retract
acme:data_store:store-00048~373f9a3a1ebb,data_store,acme,store-00048,store-00048.warehouse,warehouse,false,operational,in_use,2026-08-08T08:31:14Z,\N,2026-08-08T08:31:14Z,\N,1,assert
acme:data_store:store-01081~8fea0c8d59f8,data_store,acme,store-01081,store-01081.file_share,file_share,false,operational,in_use,2026-07-27T06:41:24Z,\N,2026-08-08T06:42:05Z,\N,1,assert
acme:data_store:store-01246~f8d157543114,data_store,acme,store-01246,store-01246.queue,queue,false,operational,in_use,2026-07-26T22:20:42Z,\N,2026-08-09T22:11:53Z,\N,1,assert
acme:data_store:store-00113~ad0ed04d2bd4,data_store,acme,store-00113,store-00113.queue,queue,false,operational,in_use,2026-07-16T17:41:35Z,\N,2026-08-10T20:41:39Z,\N,1,assert
acme:data_store:store-00201~4d8f8d1a15ff,data_store,acme,store-00201,store-00201.dbms,dbms,false,operational,in_use,2026-07-30T02:03:56Z,\N,2026-08-10T03:46:08Z,\N,1,assert
acme:data_store:store-00834~970e5cf509bd,data_store,acme,store-00834,store-00834.file_share,file_share,true,operational,in_use,2026-08-01T03:06:25Z,\N,2026-08-10T00:46:52Z,\N,1,assert
acme:data_store:store-01065~a6bec8c69026,data_store,acme,store-01065,store-01065.dbms,dbms,false,operational,in_use,2026-07-22T11:51:51Z,\N,2026-08-10T22:21:37Z,\N,1,assert
acme:data_store:store-01095~665f8a5c76fe,data_store,acme,store-01095,store-01095.dbms,dbms,false,operational,in_use,2026-08-06T03:37:14Z,\N,2026-08-10T13:53:52Z,\N,1,assert
acme:data_store:store-02872~169698e6760b,data_store,acme,store-02872,store-02872.dbms,dbms,false,operational,in_use,2026-07-01T09:16:21Z,\N,2026-08-11T01:12:42Z,2026-08-29T15:16:24Z,1,assert
acme:data_store:store-00904~ef1c9f3bf5ef,data_store,acme,store-00904,store-00904.dbms,dbms,true,operational,in_use,2026-07-22T11:50:58Z,\N,2026-08-11T16:23:52Z,\N,1,assert
acme:data_store:store-00831~eccbe3498093,data_store,acme,store-00831,store-00831.file_share,file_share,false,operational,in_use,2026-07-04T23:41:10Z,\N,2026-08-11T19:39:18Z,\N,1,assert
acme:data_store:store-01232~51ca2c201c7d,data_store,acme,store-01232,store-01232.dbms,dbms,false,operational,in_use,2026-07-11T01:19:25Z,\N,2026-08-11T08:08:31Z,\N,1,assert
acme:data_store:store-01502~bc869477fe84,data_store,acme,store-01502,store-01502.dbms,dbms,true,operational,in_use,2026-07-28T13:40:26Z,\N,2026-08-11T14:39:36Z,\N,1,assert
acme:data_store:store-02066~1f6b3c3cd178,data_store,acme,store-02066,store-02066.dbms,dbms,false,operational,in_use,2026-07-27T05:36:57Z,\N,2026-08-11T01:08:54Z,\N,1,assert
acme:data_store:store-02265~b18c1ac2e4b0,data_store,acme,store-02265,store-02265.queue,queue,false,operational,in_use,2026-07-27T04:29:04Z,\N,2026-08-11T12:33:36Z,\N,1,assert
acme:data_store:store-02768~e2010243e01f,data_store,acme,store-02768,store-02768.file_share,file_share,false,operational,in_use,2026-07-23T20:31:36Z,\N,2026-08-11T18:43:52Z,\N,1,assert
acme:data_store:store-00115~ac1fec8a3a66,data_store,acme,store-00115,store-00115.warehouse,warehouse,false,operational,in_use,2026-08-06T22:26:25Z,\N,2026-08-12T20:28:07Z,\N,1,assert
acme:data_store:store-01619~cbff656b3d4a,data_store,acme,store-01619,store-01619.warehouse,warehouse,false,operational,in_use,2026-07-13T00:12:17Z,\N,2026-08-12T04:47:05Z,\N,1,assert
acme:data_store:store-01667~a49feb755736,data_store,acme,store-01667,store-01667.warehouse,warehouse,true,operational,in_use,2026-07-26T05:59:42Z,\N,2026-08-12T09:43:07Z,\N,1,assert
acme:data_store:store-02087~3131206b498a,data_store,acme,store-02087,store-02087.warehouse,warehouse,false,operational,in_use,2026-07-26T09:08:15Z,\N,2026-08-12T23:34:09Z,\N,1,assert
acme:data_store:store-02514~751ac18352ee,data_store,acme,store-02514,store-02514.dbms,dbms,false,operational,in_use,2026-07-03T04:36:46Z,\N,2026-08-12T15:23:09Z,\N,1,assert
acme:data_store:store-03481~ebc1587dea13,data_store,acme,store-03481,store-03481.warehouse,warehouse,true,operational,in_use,2026-07-11T20:56:06Z,\N,2026-08-12T17:46:43Z,\N,1,assert
acme:data_store:store-00098~ddd2d906bba6,data_store,acme,store-00098,store-00098.dbms,dbms,false,operational,in_use,2026-07-19T10:14:59Z,\N,2026-08-13T01:58:55Z,\N,1,assert
acme:data_store:store-00225~bbc813d01d3f,data_store,acme,store-00225,store-00225.file_share,file_share,false,operational,in_use,2026-07-28T15:31:06Z,\N,2026-08-13T05:03:05Z,\N,1,assert
acme:data_store:store-00561~e5953e7555c5,data_store,acme,store-00561,store-00561.object_store,object_store,false,operational,in_use,2026-07-14T16:42:07Z,\N,2026-08-13T05:31:09Z,\N,1,assert
acme:data_store:store-00966~072a9ed42e3e,data_store,acme,store-00966,store-00966.dbms,dbms,true,operational,in_use,2026-07-07T11:59:55Z,\N,2026-08-13T07:58:13Z,\N,1,assert
acme:data_store:store-01361~97fae0993dd9,data_store,acme,store-01361,store-01361.queue,queue,true,operational,in_use,2026-07-10T23:29:19Z,\N,2026-08-13T10:13:27Z,\N,1,assert
acme:data_store:store-02205~9d80bc1c5186,data_store,acme,store-02205,store-02205.object_store,object_store,true,operational,in_use,2026-08-02T01:57:56Z,\N,2026-08-13T00:53:46Z,\N,1,assert
acme:data_store:store-03457~059cc6192826,data_store,acme,store-03457,store-03457.dbms,dbms,false,operational,in_use,2026-08-08T17:35:51Z,2027-05-22T22:10:52Z,2026-08-13T17:12:44Z,\N,1,assert
acme:data_store:store-00988~233bae65e6f6,data_store,acme,store-00988,store-00988.warehouse,warehouse,false,operational,in_use,2026-07-22T23:50:06Z,\N,2026-08-14T13:29:31Z,\N,1,assert
acme:data_store:store-01183~05f805e84baa,data_store,acme,store-01183,store-01183.dbms,dbms,false,operational,in_use,2026-07-02T10:40:21Z,\N,2026-08-14T19:19:03Z,\N,1,assert
acme:data_store:store-01643~8c3b2bcb5b85,data_store,acme,store-01643,store-01643.file_share,file_share,true,operational,in_use,2026-07-28T12:25:50Z,\N,2026-08-14T23:30:40Z,\N,1,assert
acme:data_store:store-01878~0e8e929245e8,data_store,acme,store-01878,store-01878.object_store,object_store,false,operational,in_use,2026-07-17T22:43:43Z,\N,2026-08-14T00:35:53Z,\N,1,assert
acme:data_store:store-01669~b31f9846cc4c,data_store,acme,store-01669,store-01669.warehouse,warehouse,false,operational,in_use,2026-07-19T04:46:55Z,\N,2026-08-15T18:47:52Z,\N,1,assert
acme:data_store:store-02822~ebe3421fea30,data_store,acme,store-02822,store-02822.object_store,object_store,false,operational,in_use,2026-08-13T05:18:10Z,\N,2026-08-15T09:45:37Z,\N,1,assert
acme:data_store:store-03391~9ebb5bbd7763,data_store,acme,store-03391,store-03391.file_share,file_share,true,operational,in_use,2026-07-07T04:51:13Z,\N,2026-08-15T23:59:46Z,\N,1,assert
acme:data_store:store-03425~708f64d35f38,data_store,acme,store-03425,store-03425.dbms,dbms,true,operational,in_maintenance,2025-03-20T10:55:19Z,\N,2026-08-16T04:14:30Z,\N,2,assert
acme:data_store:store-00535~0f0595903fa6,data_store,acme,store-00535,store-00535.dbms,dbms,false,operational,in_use,2026-07-30T08:26:03Z,\N,2026-08-16T22:21:10Z,\N,1,assert
acme:data_store:store-00894~cdeea7178d75,data_store,acme,store-00894,store-00894.warehouse,warehouse,false,operational,in_use,2026-07-17T17:50:44Z,\N,2026-08-16T00:09:59Z,\N,1,assert
acme:data_store:store-03260~d6218aa23566,data_store,acme,store-03260,store-03260.object_store,object_store,false,operational,in_use,2026-08-09T16:30:44Z,\N,2026-08-16T14:34:08Z,\N,1,assert
acme:data_store:store-03537~91a6d81cc944,data_store,acme,store-03537,store-03537.file_share,file_share,false,operational,in_use,2026-07-25T20:29:17Z,\N,2026-08-16T02:28:49Z,\N,1,assert
acme:data_store:store-00840~998706ac666e,data_store,acme,store-00840,store-00840.queue,queue,false,operational,in_use,2026-07-10T06:17:51Z,\N,2026-08-17T21:37:31Z,\N,1,assert
acme:data_store:store-01228~64d43a6ddd64,data_store,acme,store-01228,store-01228.dbms,dbms,false,operational,in_use,2026-07-22T23:50:20Z,\N,2026-08-17T23:52:33Z,\N,1,assert
acme:data_store:store-00046~978a8ee501ef,data_store,acme,store-00046,store-00046.warehouse,warehouse,false,operational,in_use,2026-08-16T01:40:09Z,\N,2026-08-18T19:54:46Z,\N,1,assert
acme:data_store:store-03171~5af47df4ded2,data_store,acme,store-03171,store-03171.queue,queue,false,operational,in_use,2026-08-16T10:40:00Z,\N,2026-08-18T22:29:44Z,\N,1,assert
acme:data_store:store-00161~75e24c2aac30,data_store,acme,store-00161,store-00161.queue,queue,false,operational,in_use,2026-07-06T23:10:26Z,\N,2026-08-19T20:36:16Z,\N,1,assert
acme:data_store:store-00666~2258e528a37d,data_store,acme,store-00666,store-00666.object_store,object_store,true,operational,in_use,2026-07-20T04:24:53Z,\N,2026-08-19T19:50:53Z,\N,1,assert
acme:data_store:store-03184~c9cf18a8c9e3,data_store,acme,store-03184,store-03184.file_share,file_share,false,operational,in_use,2026-07-16T18:01:28Z,\N,2026-08-20T00:32:00Z,\N,1,assert
acme:data_store:store-00080~96e2ba5f74a7,data_store,acme,store-00080,store-00080.object_store,object_store,false,operational,in_use,2026-08-01T09:50:04Z,\N,2026-08-20T03:43:09Z,\N,1,assert
acme:data_store:store-03200~07f8c8bf60d0,data_store,acme,store-03200,store-03200.warehouse,warehouse,false,operational,in_use,2026-08-11T11:15:07Z,\N,2026-08-20T19:04:16Z,\N,1,assert
acme:data_store:store-02346~36e0c5104cad,data_store,acme,\N,\N,\N,\N,\N,\N,2023-08-19T09:13:09Z,\N,2026-08-21T21:26:44Z,\N,2,retract
acme:data_store:store-00929~b9ac68ebf401,data_store,acme,store-00929,store-00929.warehouse,warehouse,false,operational,in_use,2026-08-10T00:33:43Z,\N,2026-08-22T04:55:46Z,\N,1,assert
acme:data_store:store-01728~9a8a9186ad5d,data_store,acme,store-01728,store-01728.dbms,dbms,false,operational,in_use,2026-08-16T14:44:10Z,\N,2026-08-22T02:02:26Z,\N,1,assert
acme:data_store:store-02981~af745fefdd7a,data_store,acme,store-02981,store-02981.warehouse,warehouse,false,operational,in_use,2026-07-20T02:24:53Z,\N,2026-08-22T05:51:57Z,\N,1,assert
acme:data_store:store-00405~0765c86e3df4,data_store,acme,store-00405,store-00405.dbms,dbms,true,operational,in_use,2026-08-17T23:29:59Z,\N,2026-08-23T21:21:44Z,\N,1,assert
acme:data_store:store-00792~7334f63eddcc,data_store,acme,store-00792,store-00792.dbms,dbms,false,operational,in_use,2026-08-23T03:37:45Z,\N,2026-08-23T03:37:45Z,\N,1,assert
acme:data_store:store-01248~be4d9cea3db2,data_store,acme,store-01248,store-01248.dbms,dbms,false,operational,in_use,2026-07-31T12:06:40Z,\N,2026-08-23T14:10:29Z,\N,1,assert
acme:data_store:store-01724~253b649a0c2d,data_store,acme,store-01724,store-01724.object_store,object_store,true,operational,in_use,2026-08-10T06:07:06Z,\N,2026-08-23T12:28:28Z,\N,1,assert
acme:data_store:store-01868~aae43d88cae7,data_store,acme,store-01868,store-01868.file_share,file_share,true,operational,in_use,2026-08-08T04:23:28Z,\N,2026-08-23T06:11:54Z,\N,1,assert
acme:data_store:store-00463~dde6b25acf8a,data_store,acme,store-00463,store-00463.object_store,object_store,false,operational,in_use,2026-08-24T22:41:16Z,\N,2026-08-24T22:41:16Z,\N,1,assert
acme:data_store:store-01846~5c2fef023a62,data_store,acme,store-01846,store-01846.file_share,file_share,false,operational,in_use,2026-08-06T10:12:12Z,\N,2026-08-24T01:11:43Z,\N,1,assert
acme:data_store:store-02539~ab7fb87019be,data_store,acme,store-02539,store-02539.dbms,dbms,false,operational,in_use,2026-08-03T13:20:26Z,\N,2026-08-24T06:59:39Z,\N,1,assert
acme:data_store:store-00896~2292f8fd314d,data_store,acme,\N,\N,\N,\N,\N,\N,2022-03-20T05:47:59Z,\N,2026-08-25T02:15:24Z,\N,2,retract
acme:data_store:store-01405~da50f94d2978,data_store,acme,store-01405,store-01405.warehouse,warehouse,false,operational,in_use,2026-07-15T03:16:52Z,\N,2026-08-25T06:51:23Z,\N,1,assert
acme:data_store:store-01530~75e8ab8418f0,data_store,acme,store-01530,store-01530.file_share,file_share,false,operational,in_use,2026-07-29T06:32:19Z,\N,2026-08-25T02:31:34Z,\N,1,assert
acme:data_store:store-02827~12ab308d5122,data_store,acme,\N,\N,\N,\N,\N,\N,2021-09-30T15:17:47Z,\N,2026-08-25T17:00:41Z,\N,2,retract
acme:data_store:store-01710~925fc03da963,data_store,acme,store-01710,store-01710.dbms,dbms,false,operational,in_use,2026-07-17T11:42:51Z,\N,2026-08-25T21:15:22Z,\N,1,assert
acme:data_store:store-02600~586183a09cf0,data_store,acme,store-02600,store-02600.queue,queue,true,operational,in_use,2026-07-15T21:23:23Z,\N,2026-08-25T13:26:21Z,\N,1,assert
acme:data_store:store-02912~b525c5da009d,data_store,acme,store-02912,store-02912.file_share,file_share,false,operational,in_use,2026-08-13T05:39:41Z,\N,2026-08-25T22:08:17Z,\N,1,assert
acme:data_store:store-01612~2791f72f3151,data_store,acme,store-01612,store-01612.warehouse,warehouse,false,operational,in_use,2026-08-10T08:22:04Z,\N,2026-08-26T03:07:49Z,\N,1,assert
acme:data_store:store-01962~88b519c90345,data_store,acme,\N,\N,\N,\N,\N,\N,2025-07-06T11:15:21Z,\N,2026-08-26T19:49:53Z,\N,2,retract
acme:data_store:store-02415~3c9a713d67ed,data_store,acme,store-02415,store-02415.file_share,file_share,true,operational,in_use,2026-08-18T08:50:40Z,\N,2026-08-26T20:47:11Z,\N,1,assert
acme:data_store:store-02883~da936df99cd9,data_store,acme,store-02883,store-02883.dbms,dbms,false,operational,in_use,2026-07-21T16:42:34Z,\N,2026-08-26T00:53:56Z,\N,1,assert
acme:data_store:store-01379~5e5ff55b2ed7,data_store,acme,store-01379,store-01379.file_share,file_share,false,operational,in_use,2026-08-13T20:36:23Z,2027-03-10T20:28:26Z,2026-08-27T19:28:09Z,\N,1,assert
acme:data_store:store-03326~61bba6c201af,data_store,acme,store-03326,store-03326.queue,queue,true,operational,in_use,2026-08-16T01:11:22Z,\N,2026-08-27T21:41:11Z,\N,1,assert
acme:data_store:store-01061~d18ba0b6e91d,data_store,acme,store-01061,store-01061.file_share,file_share,false,operational,in_use,2026-07-23T18:54:51Z,\N,2026-08-28T22:16:24Z,\N,1,assert
acme:data_store:store-01308~53db83d308eb,data_store,acme,store-01308,store-01308.warehouse,warehouse,false,operational,in_use,2026-08-15T21:43:29Z,\N,2026-08-28T04:38:12Z,\N,1,assert
acme:data_store:store-02391~011066e7e147,data_store,acme,store-02391,store-02391.warehouse,warehouse,true,operational,in_use,2026-08-12T08:46:51Z,\N,2026-08-28T13:17:03Z,\N,1,assert
acme:data_store:store-02192~c61f14ab497c,data_store,acme,store-02192,store-02192.dbms,dbms,false,operational,in_use,2026-08-23T12:40:14Z,\N,2026-08-29T00:18:32Z,2027-03-30T04:18:22Z,1,assert
acme:data_store:store-02872~169698e6760b,data_store,acme,store-02872,store-02872.dbms,dbms,false,operational,in_maintenance,2026-07-01T09:16:21Z,\N,2026-08-29T15:16:24Z,\N,2,assert
acme:data_store:store-01995~ca964594ceac,data_store,acme,store-01995,store-01995.dbms,dbms,false,operational,in_use,2026-08-19T11:10:04Z,\N,2026-08-30T00:12:15Z,\N,1,assert
acme:data_store:store-02274~0b97a1c4748d,data_store,acme,store-02274,store-02274.dbms,dbms,false,operational,in_use,2026-08-22T07:02:58Z,\N,2026-08-30T06:11:28Z,\N,1,assert
acme:data_store:store-02801~f9b2ba849453,data_store,acme,store-02801,store-02801.dbms,dbms,false,operational,in_use,2026-08-23T17:10:45Z,\N,2026-08-30T17:46:43Z,\N,1,assert
acme:data_store:store-02649~7b40bab53108,data_store,acme,\N,\N,\N,\N,\N,\N,2024-07-10T18:42:18Z,\N,2026-08-31T11:27:51Z,\N,2,retract
acme:data_store:store-01398~fccd3f028ef7,data_store,acme,store-01398,store-01398.warehouse,warehouse,false,operational,in_use,2026-07-28T06:33:32Z,\N,2026-08-31T14:18:33Z,\N,1,assert
acme:data_store:store-01495~021c318550ec,data_store,acme,store-01495,store-01495.file_share,file_share,false,operational,in_use,2026-07-31T08:57:35Z,\N,2026-08-31T17:16:13Z,\N,1,assert
acme:data_store:store-02593~d5b6a86b63b5,data_store,acme,store-02593,store-02593.dbms,dbms,false,operational,in_use,2026-07-31T17:46:52Z,\N,2026-08-31T09:30:44Z,\N,1,assert
acme:data_store:store-03173~dcf06d9156cd,data_store,acme,store-03173,store-03173.dbms,dbms,true,operational,in_use,2026-07-26T05:46:26Z,\N,2026-08-31T12:00:55Z,\N,1,assert
acme:data_store:store-00533~4e3f2988e968,data_store,acme,store-00533,store-00533.dbms,dbms,false,operational,in_use,2026-08-18T05:43:54Z,\N,2026-09-01T10:13:44Z,\N,1,assert
acme:data_store:store-00566~b7273be3205f,data_store,acme,store-00566,store-00566.queue,queue,true,operational,in_use,2026-08-25T01:14:42Z,\N,2026-09-01T21:30:53Z,\N,1,assert
acme:data_store:store-00979~17f95efe21de,data_store,acme,store-00979,store-00979.dbms,dbms,false,operational,in_use,2026-07-29T22:16:29Z,\N,2026-09-01T01:52:39Z,\N,1,assert
acme:data_store:store-03248~e4f0a7e24506,data_store,acme,store-03248,store-03248.object_store,object_store,false,operational,in_use,2026-08-16T00:07:28Z,\N,2026-09-01T14:14:50Z,\N,1,assert
acme:data_store:store-00853~50d46907b799,data_store,acme,\N,\N,\N,\N,\N,\N,2023-04-15T10:37:24Z,\N,2026-09-02T09:29:22Z,\N,2,retract
acme:data_store:store-02257~7b20f6dea169,data_store,acme,store-02257,store-02257.file_share,file_share,false,operational,in_use,2026-08-03T15:00:02Z,\N,2026-09-03T05:18:17Z,\N,1,assert
acme:data_store:store-02828~f67e562894fc,data_store,acme,store-02828,store-02828.queue,queue,true,operational,in_use,2026-08-24T11:20:49Z,\N,2026-09-03T07:55:49Z,\N,1,assert
acme:data_store:store-01243~c5536c5b0dd6,data_store,acme,\N,\N,\N,\N,\N,\N,2025-08-22T22:09:53Z,\N,2026-09-04T10:11:19Z,\N,2,retract
acme:data_store:store-03072~5fbcd84900f5,data_store,acme,\N,\N,\N,\N,\N,\N,2023-07-13T12:34:18Z,\N,2026-09-04T17:13:38Z,\N,2,retract
acme:data_store:store-00948~46e92bd4aa2c,data_store,acme,store-00948,store-00948.file_share,file_share,true,operational,in_use,2026-08-07T03:07:47Z,\N,2026-09-04T23:51:58Z,\N,1,assert
acme:data_store:store-01074~e7d532d2178b,data_store,acme,store-01074,store-01074.queue,queue,true,operational,in_use,2026-07-26T22:59:15Z,\N,2026-09-04T03:00:16Z,\N,1,assert
acme:data_store:store-01896~f1b54062dec1,data_store,acme,store-01896,store-01896.dbms,dbms,false,operational,in_use,2026-07-31T22:41:59Z,\N,2026-09-04T16:26:09Z,\N,1,assert
acme:data_store:store-02733~e2f588dd5633,data_store,acme,store-02733,store-02733.file_share,file_share,false,operational,in_use,2026-09-01T13:24:16Z,\N,2026-09-04T23:22:02Z,\N,1,assert
acme:data_store:store-02757~82ead977a37d,data_store,acme,store-02757,store-02757.object_store,object_store,false,operational,in_use,2026-07-23T15:02:32Z,\N,2026-09-04T13:13:34Z,\N,1,assert
acme:data_store:store-03318~3435ff7093b9,data_store,acme,store-03318,store-03318.object_store,object_store,false,operational,in_use,2026-08-12T09:44:51Z,\N,2026-09-04T08:25:04Z,\N,1,assert
acme:data_store:store-03561~58d05603476b,data_store,acme,store-03561,store-03561.file_share,file_share,true,operational,in_use,2026-08-17T22:37:43Z,\N,2026-09-04T04:05:08Z,\N,1,assert
acme:data_store:store-00112~cf78d3226bbb,data_store,acme,store-00112,store-00112.dbms,dbms,false,operational,end_of_support,2026-04-15T00:44:29Z,\N,2026-09-05T12:05:11Z,\N,2,assert
acme:data_store:store-02760~fb3722c720e0,data_store,acme,\N,\N,\N,\N,\N,\N,2025-07-05T03:04:31Z,\N,2026-09-05T19:06:59Z,\N,2,retract
acme:data_store:store-00239~2ad00aa98359,data_store,acme,store-00239,store-00239.object_store,object_store,true,operational,in_use,2026-08-10T06:03:30Z,\N,2026-09-05T20:52:33Z,\N,1,assert
acme:data_store:store-00305~3b46a344b645,data_store,acme,store-00305,store-00305.object_store,object_store,false,operational,in_use,2026-08-11T05:12:12Z,\N,2026-09-05T03:04:23Z,\N,1,assert
acme:data_store:store-02272~0bb819b6c48a,data_store,acme,store-02272,store-02272.object_store,object_store,false,operational,in_use,2026-09-01T01:47:03Z,\N,2026-09-07T02:38:01Z,\N,1,assert
acme:data_store:store-03312~d5db3d2272a9,data_store,acme,store-03312,store-03312.dbms,dbms,false,operational,in_use,2026-08-17T22:39:53Z,\N,2026-09-07T22:52:53Z,\N,1,assert
acme:data_store:store-00373~a37dce03b0b8,data_store,acme,\N,\N,\N,\N,\N,\N,2022-08-29T14:51:30Z,\N,2026-09-08T10:27:43Z,\N,2,retract
acme:data_store:store-00250~47c7b8b88fb7,data_store,acme,store-00250,store-00250.warehouse,warehouse,true,operational,in_use,2026-08-22T01:08:49Z,\N,2026-09-08T12:55:36Z,\N,1,assert
acme:data_store:store-02299~0a64659aa1ee,data_store,acme,store-02299,store-02299.dbms,dbms,false,operational,in_use,2026-09-06T11:55:38Z,\N,2026-09-08T17:25:18Z,\N,1,assert
acme:data_store:store-03334~32f9abf20709,data_store,acme,store-03334,store-03334.file_share,file_share,false,operational,in_use,2026-08-25T00:22:02Z,\N,2026-09-08T15:33:06Z,\N,1,assert
acme:data_store:store-00538~0fc0507b2eb2,data_store,acme,store-00538,store-00538.object_store,object_store,false,operational,in_use,2026-09-04T21:09:43Z,\N,2026-09-09T02:29:00Z,\N,1,assert
acme:data_store:store-02570~046aa8f25c8a,data_store,acme,store-02570,store-02570.queue,queue,false,operational,in_use,2026-08-02T09:56:30Z,\N,2026-09-09T10:33:15Z,\N,1,assert
acme:data_store:store-02578~c3aa8e44a1d6,data_store,acme,store-02578,store-02578.dbms,dbms,false,operational,in_use,2026-09-02T15:45:33Z,\N,2026-09-09T07:13:45Z,\N,1,assert
acme:data_store:store-00718~6a5e3a9770a6,data_store,acme,store-00718,store-00718.file_share,file_share,false,operational,in_use,2026-08-08T16:03:25Z,\N,2026-09-10T18:23:24Z,\N,1,assert
acme:data_store:store-00329~9109663f67c1,data_store,acme,store-00329,store-00329.dbms,dbms,true,operational,in_use,2026-07-30T12:29:28Z,2027-07-24T10:24:23Z,2026-09-10T18:47:13Z,\N,1,assert
acme:data_store:store-02033~3c51b52211f5,data_store,acme,store-02033,store-02033.file_share,file_share,false,operational,in_use,2026-08-04T15:53:12Z,\N,2026-09-11T13:09:13Z,\N,1,assert
acme:data_store:store-02680~6dfffc39dcf3,data_store,acme,store-02680,store-02680.queue,queue,true,operational,in_use,2026-08-11T12:12:48Z,\N,2026-09-11T01:19:19Z,\N,1,assert
acme:data_store:store-01453~836f60b6cefb,data_store,acme,\N,\N,\N,\N,\N,\N,2026-06-07T05:41:31Z,\N,2026-09-12T00:32:23Z,\N,2,retract
acme:data_store:store-01795~e4906e836f04,data_store,acme,store-01795,store-01795.queue,queue,false,operational,in_use,2026-08-10T19:28:49Z,\N,2026-09-12T20:00:32Z,\N,1,assert
acme:data_store:store-02619~93c4b827aa05,data_store,acme,store-02619,store-02619.warehouse,warehouse,false,operational,in_use,2026-08-21T11:37:14Z,\N,2026-09-12T20:24:07Z,\N,1,assert
acme:data_store:store-03013~8e9d98884b1d,data_store,acme,store-03013,store-03013.dbms,dbms,false,operational,in_use,2026-08-17T14:54:16Z,\N,2026-09-12T06:50:59Z,\N,1,assert
acme:data_store:store-03065~aede8a2ba30f,data_store,acme,store-03065,store-03065.file_share,file_share,false,operational,in_use,2026-09-03T16:59:34Z,\N,2026-09-12T11:16:39Z,\N,1,assert
acme:data_store:store-02824~e9460c6749ca,data_store,acme,store-02824,store-02824.dbms,dbms,false,operational,in_use,2026-09-13T07:37:18Z,\N,2026-09-13T07:37:18Z,\N,1,assert
acme:data_store:store-02976~49ce3b84ea99,data_store,acme,store-02976,store-02976.dbms,dbms,false,operational,in_use,2026-07-31T14:40:28Z,\N,2026-09-13T01:44:36Z,\N,1,assert
acme:data_store:store-00759~20dd7e8b5b71,data_store,acme,store-00759,store-00759.file_share,file_share,true,operational,in_use,2026-08-25T21:00:52Z,\N,2026-09-14T23:27:23Z,\N,1,assert
acme:data_store:store-00266~c73d2dd004c4,data_store,acme,store-00266,store-00266.queue,queue,false,operational,in_use,2026-08-31T00:07:40Z,\N,2026-09-15T03:04:41Z,\N,1,assert
acme:data_store:store-00724~12715eabfe87,data_store,acme,store-00724,store-00724.dbms,dbms,true,operational,in_use,2026-08-05T23:19:21Z,\N,2026-09-15T09:17:24Z,\N,1,assert
acme:data_store:store-00861~c1a050643630,data_store,acme,store-00861,store-00861.dbms,dbms,false,operational,in_use,2026-08-02T18:56:39Z,\N,2026-09-15T18:21:19Z,\N,1,assert
acme:data_store:store-01421~2ffd26fe46aa,data_store,acme,store-01421,store-01421.warehouse,warehouse,false,operational,in_use,2026-09-11T09:24:29Z,\N,2026-09-15T08:02:27Z,\N,1,assert
acme:data_store:store-02668~5177083ec2c1,data_store,acme,store-02668,store-02668.warehouse,warehouse,true,operational,in_use,2026-09-02T21:02:18Z,\N,2026-09-15T21:01:52Z,\N,1,assert
acme:data_store:store-02766~95474533d139,data_store,acme,store-02766,store-02766.dbms,dbms,false,operational,in_use,2026-09-11T23:21:24Z,\N,2026-09-15T13:23:10Z,\N,1,assert
acme:data_store:store-00135~f5dab65c22cc,data_store,acme,store-00135,store-00135.queue,queue,false,operational,in_use,2026-08-21T13:34:01Z,\N,2026-09-16T22:21:25Z,\N,1,assert
acme:data_store:store-01621~af87fbffd9a7,data_store,acme,store-01621,store-01621.dbms,dbms,false,operational,in_use,2026-08-30T15:43:27Z,\N,2026-09-16T16:41:28Z,\N,1,assert
acme:data_store:store-02617~c8cbd2abbf1f,data_store,acme,store-02617,store-02617.object_store,object_store,false,operational,in_use,2026-08-03T06:58:53Z,\N,2026-09-16T08:44:20Z,\N,1,assert
acme:data_store:store-02866~d3c00e8bb214,data_store,acme,store-02866,store-02866.warehouse,warehouse,true,operational,in_use,2026-08-29T09:05:43Z,\N,2026-09-16T05:48:19Z,\N,1,assert
acme:data_store:store-02968~7c49bc55b79d,data_store,acme,store-02968,store-02968.queue,queue,false,operational,in_use,2026-09-11T18:19:57Z,\N,2026-09-16T08:38:01Z,\N,1,assert
acme:data_store:store-02975~024b755de3e9,data_store,acme,store-02975,store-02975.dbms,dbms,false,operational,in_use,2026-08-08T23:57:21Z,\N,2026-09-16T20:52:14Z,\N,1,assert
acme:data_store:store-02978~52444908f88a,data_store,acme,store-02978,store-02978.queue,queue,true,operational,in_use,2026-09-05T07:19:40Z,\N,2026-09-16T18:47:04Z,\N,1,assert
acme:data_store:store-03091~9d740490645a,data_store,acme,store-03091,store-03091.queue,queue,false,operational,in_use,2026-08-30T00:29:28Z,\N,2026-09-16T20:16:11Z,\N,1,assert
acme:data_store:store-00688~12eba30f7098,data_store,acme,store-00688,store-00688.file_share,file_share,true,operational,in_use,2026-08-24T09:11:23Z,\N,2026-09-17T21:14:34Z,\N,1,assert
acme:data_store:store-01648~2ea417f0ef1d,data_store,acme,store-01648,store-01648.queue,queue,false,operational,in_use,2026-08-15T08:37:24Z,\N,2026-09-17T23:06:07Z,\N,1,assert
acme:data_store:store-01847~9efde26b7608,data_store,acme,store-01847,store-01847.file_share,file_share,false,operational,in_use,2026-09-09T09:41:38Z,\N,2026-09-17T01:17:55Z,\N,1,assert
acme:data_store:store-03138~c64b1d3c07a5,data_store,acme,\N,\N,\N,\N,\N,\N,2023-09-13T21:36:59Z,\N,2026-09-18T09:20:34Z,\N,2,retract
acme:data_store:store-01212~dffcc9b84e3c,data_store,acme,store-01212,store-01212.queue,queue,true,operational,in_use,2026-08-17T03:39:31Z,\N,2026-09-18T14:13:26Z,\N,1,assert
acme:data_store:store-02335~1eb9fbb4031a,data_store,acme,store-02335,store-02335.dbms,dbms,true,operational,in_use,2026-08-31T06:21:20Z,\N,2026-09-18T20:48:46Z,\N,1,assert
acme:data_store:store-03466~c05821207f22,data_store,acme,store-03466,store-03466.warehouse,warehouse,false,operational,in_use,2026-09-16T09:37:35Z,\N,2026-09-18T01:47:53Z,\N,1,assert
acme:data_store:store-00137~c8ec977ba21b,data_store,acme,store-00137,store-00137.dbms,dbms,true,operational,in_use,2026-08-16T20:32:21Z,\N,2026-09-19T16:22:21Z,\N,1,assert
acme:data_store:store-00198~7533a5e87026,data_store,acme,store-00198,store-00198.file_share,file_share,false,operational,in_use,2026-09-11T17:31:44Z,\N,2026-09-19T09:45:06Z,\N,1,assert
acme:data_store:store-03331~e2491aaaaf72,data_store,acme,store-03331,store-03331.warehouse,warehouse,false,operational,in_use,2026-08-16T05:08:35Z,\N,2026-09-19T00:54:16Z,\N,1,assert
acme:data_store:store-01198~915ea139847b,data_store,acme,store-01198,store-01198.dbms,dbms,false,operational,in_use,2026-09-04T23:32:40Z,\N,2026-09-20T06:21:04Z,\N,1,assert
acme:data_store:store-02804~6f7b1094287c,data_store,acme,store-02804,store-02804.dbms,dbms,false,operational,in_use,2026-09-17T04:39:51Z,\N,2026-09-20T06:53:09Z,\N,1,assert
acme:data_store:store-03052~144c8a5cc965,data_store,acme,store-03052,store-03052.file_share,file_share,true,operational,in_use,2026-08-08T12:51:07Z,\N,2026-09-20T05:45:14Z,\N,1,assert
acme:data_store:store-00069~d67f7cd7f2b9,data_store,acme,store-00069,store-00069.queue,queue,true,operational,in_use,2026-09-03T21:40:33Z,\N,2026-09-21T01:47:52Z,\N,1,assert
acme:data_store:store-00458~7ed53b7fe714,data_store,acme,store-00458,store-00458.file_share,file_share,false,operational,in_use,2026-09-13T08:26:07Z,\N,2026-09-21T07:04:16Z,\N,1,assert
acme:data_store:store-00954~9232ce47463e,data_store,acme,store-00954,store-00954.dbms,dbms,false,operational,in_use,2026-09-06T23:46:11Z,\N,2026-09-21T05:59:07Z,\N,1,assert
acme:data_store:store-03256~a2308834be08,data_store,acme,store-03256,store-03256.file_share,file_share,false,operational,in_use,2026-08-08T11:10:22Z,\N,2026-09-21T01:51:06Z,\N,1,assert
acme:data_store:store-00980~ec0cd0a5bd14,data_store,acme,store-00980,store-00980.file_share,file_share,false,operational,in_use,2026-09-15T03:10:56Z,\N,2026-09-22T23:16:28Z,\N,1,assert
acme:data_store:store-02699~c5859d9f208d,data_store,acme,store-02699,store-02699.dbms,dbms,false,operational,in_use,2026-08-26T02:38:43Z,\N,2026-09-22T23:53:12Z,\N,1,assert
acme:data_store:store-03307~cf3822a3f1ae,data_store,acme,store-03307,store-03307.warehouse,warehouse,false,operational,in_use,2026-09-07T18:44:24Z,\N,2026-09-22T23:52:26Z,\N,1,assert
acme:data_store:store-00413~b996785c6187,data_store,acme,store-00413,store-00413.dbms,dbms,true,operational,in_use,2026-09-11T04:44:12Z,\N,2026-09-23T17:01:30Z,\N,1,assert
acme:data_store:store-01470~162c8ac8d61e,data_store,acme,store-01470,store-01470.dbms,dbms,false,operational,in_use,2026-08-29T12:21:36Z,\N,2026-09-23T03:10:11Z,\N,1,assert
acme:data_store:store-02036~c5649032ce31,data_store,acme,store-02036,store-02036.file_share,file_share,false,operational,in_use,2026-08-12T12:54:40Z,\N,2026-09-23T17:14:12Z,\N,1,assert
acme:data_store:store-02642~d79f9fe07c19,data_store,acme,store-02642,store-02642.file_share,file_share,false,operational,in_use,2026-08-20T13:54:47Z,\N,2026-09-23T14:42:43Z,\N,1,assert
acme:data_store:store-00846~586f7a41d882,data_store,acme,store-00846,store-00846.object_store,object_store,false,operational,in_use,2026-09-02T13:11:12Z,\N,2026-09-24T13:01:24Z,\N,1,assert
acme:data_store:store-01430~01e7028dce0b,data_store,acme,store-01430,store-01430.object_store,object_store,false,operational,in_use,2026-09-13T19:02:41Z,\N,2026-09-24T19:18:45Z,\N,1,assert
acme:data_store:store-01565~3bb6a8815a0c,data_store,acme,store-01565,store-01565.warehouse,warehouse,false,operational,in_use,2026-09-12T07:01:15Z,\N,2026-09-24T20:13:12Z,\N,1,assert
acme:data_store:store-02467~e13def02e884,data_store,acme,store-02467,store-02467.dbms,dbms,false,operational,in_use,2026-09-09T17:40:02Z,\N,2026-09-24T12:21:40Z,\N,1,assert
acme:data_store:store-00577~d7fe5bb863e3,data_store,acme,store-00577,store-00577.file_share,file_share,false,operational,in_use,2026-09-02T06:39:09Z,\N,2026-09-25T21:38:46Z,\N,1,assert
acme:data_store:store-01487~06788a4241d5,data_store,acme,store-01487,store-01487.file_share,file_share,false,operational,in_use,2026-09-13T20:22:20Z,\N,2026-09-25T12:00:27Z,\N,1,assert
acme:data_store:store-03202~f7af9d8c3550,data_store,acme,store-03202,store-03202.file_share,file_share,false,operational,in_use,2026-09-21T04:59:17Z,\N,2026-09-25T18:18:27Z,\N,1,assert
acme:data_store:store-00164~0d08df91d776,data_store,acme,store-00164,store-00164.queue,queue,false,operational,in_use,2026-08-17T14:14:17Z,\N,2026-09-26T14:32:42Z,\N,1,assert
acme:data_store:store-01466~ad7a1265eda3,data_store,acme,store-01466,store-01466.dbms,dbms,false,operational,in_use,2026-08-14T21:34:47Z,\N,2026-09-26T13:21:20Z,\N,1,assert
acme:data_store:store-01605~7ab47467f21b,data_store,acme,store-01605,store-01605.warehouse,warehouse,false,operational,in_use,2026-08-29T02:59:48Z,\N,2026-09-26T14:50:48Z,\N,1,assert
acme:data_store:store-02029~d82aed3f4fed,data_store,acme,store-02029,store-02029.object_store,object_store,false,operational,in_use,2026-08-16T08:36:16Z,\N,2026-09-26T02:24:01Z,\N,1,assert
acme:data_store:store-01776~6e877c77e9cd,data_store,acme,\N,\N,\N,\N,\N,\N,2026-10-09T07:52:37Z,\N,2026-09-26T19:59:38Z,\N,2,retract
acme:data_store:store-02982~6967fc979b71,data_store,acme,store-02982,store-02982.file_share,file_share,false,operational,in_use,2026-08-27T05:54:44Z,\N,2026-09-26T20:10:56Z,\N,1,assert
acme:data_store:store-03007~768cf28e0610,data_store,acme,store-03007,store-03007.warehouse,warehouse,false,operational,in_use,2026-08-30T08:07:35Z,\N,2026-09-26T17:48:04Z,\N,1,assert
acme:data_store:store-01331~847ff691d1da,data_store,acme,store-01331,store-01331.warehouse,warehouse,true,operational,in_use,2026-09-22T23:32:15Z,\N,2026-09-27T11:52:01Z,\N,1,assert
acme:data_store:store-02556~da10b00a138a,data_store,acme,store-02556,store-02556.object_store,object_store,true,operational,in_use,2026-08-15T14:50:43Z,\N,2026-09-27T23:35:21Z,\N,1,assert
acme:data_store:store-03337~bd4922c1bf7b,data_store,acme,store-03337,store-03337.dbms,dbms,false,operational,in_use,2026-08-19T01:33:53Z,\N,2026-09-27T10:01:39Z,\N,1,assert
acme:data_store:store-02864~b24eb73c3a16,data_store,acme,store-02864,store-02864.file_share,file_share,false,operational,in_use,2026-09-21T12:08:45Z,\N,2026-09-28T11:28:13Z,\N,1,assert
acme:data_store:store-00215~55a1afb441c1,data_store,acme,store-00215,store-00215.file_share,file_share,false,operational,in_use,2026-09-06T13:37:55Z,\N,2026-09-29T03:22:28Z,\N,1,assert
acme:data_store:store-02409~0eb8f76c8078,data_store,acme,store-02409,store-02409.object_store,object_store,true,operational,in_use,2026-09-27T02:44:19Z,\N,2026-09-29T02:49:05Z,\N,1,assert
acme:data_store:store-03474~96b99294c994,data_store,acme,store-03474,store-03474.dbms,dbms,false,operational,in_use,2026-09-16T13:06:58Z,\N,2026-09-29T06:51:02Z,\N,1,assert
acme:data_store:store-01594~f95226748287,data_store,acme,store-01594,store-01594.object_store,object_store,false,operational,in_use,2026-09-25T00:47:01Z,\N,2026-09-29T22:18:10Z,2027-03-20T04:44:08Z,1,assert
acme:data_store:store-00191~8187fca1b11e,data_store,acme,store-00191,store-00191.dbms,dbms,false,operational,in_use,2026-08-26T10:49:50Z,\N,2026-09-30T01:21:42Z,\N,1,assert
acme:data_store:store-00738~93698d459549,data_store,acme,store-00738,store-00738.dbms,dbms,false,operational,in_use,2026-09-09T17:14:44Z,\N,2026-09-30T13:41:25Z,\N,1,assert
acme:data_store:store-00976~31cb646979af,data_store,acme,store-00976,store-00976.queue,queue,false,operational,in_use,2026-08-27T11:06:03Z,\N,2026-09-30T15:06:44Z,\N,1,assert
acme:data_store:store-01945~aae487711b8f,data_store,acme,store-01945,store-01945.file_share,file_share,false,operational,in_use,2026-09-24T07:08:57Z,\N,2026-09-30T05:44:04Z,\N,1,assert
acme:data_store:store-02435~a3806dc1c923,data_store,acme,store-02435,store-02435.dbms,dbms,false,operational,in_use,2026-09-15T11:41:23Z,\N,2026-09-30T07:59:32Z,\N,1,assert
acme:data_store:store-02899~fcc292e1d492,data_store,acme,store-02899,store-02899.dbms,dbms,true,operational,in_use,2026-08-18T19:58:58Z,\N,2026-09-30T12:57:20Z,\N,1,assert
acme:data_store:store-03424~a4c75269eaf9,data_store,acme,store-03424,store-03424.warehouse,warehouse,true,operational,in_use,2026-09-03T08:24:10Z,\N,2026-09-30T04:27:27Z,\N,1,assert
acme:data_store:store-03456~1ac3c0002e21,data_store,acme,store-03456,store-03456.dbms,dbms,false,operational,in_use,2026-09-18T13:02:43Z,\N,2026-09-30T17:37:21Z,\N,1,assert
acme:data_store:store-01484~a811c157dce7,data_store,acme,store-01484,store-01484.object_store,object_store,false,operational,end_of_support,2025-09-01T23:14:17Z,\N,2026-10-01T14:05:21Z,\N,2,assert
acme:data_store:store-02200~bc484b597310,data_store,acme,store-02200,store-02200.file_share,file_share,false,operational,in_use,2026-08-28T17:51:18Z,\N,2026-10-01T15:51:17Z,\N,1,assert
acme:data_store:store-00742~92dd0fd2329f,data_store,acme,store-00742,store-00742.dbms,dbms,false,operational,in_use,2026-09-19T09:06:25Z,\N,2026-10-02T22:43:28Z,\N,1,assert
acme:data_store:store-01486~ec009ac5e5af,data_store,acme,store-01486,store-01486.dbms,dbms,true,operational,in_use,2026-08-20T02:52:43Z,\N,2026-10-02T03:34:01Z,\N,1,assert
acme:data_store:store-01914~038dc5e86ea4,data_store,acme,store-01914,store-01914.object_store,object_store,false,operational,in_use,2026-10-01T16:34:21Z,\N,2026-10-02T06:43:01Z,\N,1,assert
acme:data_store:store-03432~396210a68322,data_store,acme,store-03432,store-03432.warehouse,warehouse,false,operational,in_use,2026-09-07T09:23:33Z,\N,2026-10-02T08:32:05Z,\N,1,assert
acme:data_store:store-00870~32ef4cfeed85,data_store,acme,store-00870,store-00870.object_store,object_store,true,operational,in_use,2026-09-29T18:51:14Z,\N,2026-10-03T05:36:40Z,\N,1,assert
acme:data_store:store-01446~d882eff9fd88,data_store,acme,store-01446,store-01446.dbms,dbms,true,operational,in_use,2026-09-01T15:19:24Z,\N,2026-10-03T18:47:08Z,\N,1,assert
acme:data_store:store-03511~387c97c1353e,data_store,acme,store-03511,store-03511.object_store,object_store,true,operational,in_use,2026-09-12T10:54:57Z,\N,2026-10-03T00:40:38Z,\N,1,assert
acme:data_store:store-00025~2cb22659d4cb,data_store,acme,store-00025,store-00025.dbms,dbms,false,operational,in_use,2026-08-26T17:52:23Z,\N,2026-10-04T20:38:21Z,\N,1,assert
acme:data_store:store-01414~96d064bfb70a,data_store,acme,store-01414,store-01414.file_share,file_share,false,operational,in_use,2026-08-29T16:49:15Z,\N,2026-10-04T09:20:33Z,\N,1,assert
acme:data_store:store-01876~4ecc0cb808aa,data_store,acme,store-01876,store-01876.object_store,object_store,false,operational,in_use,2026-08-29T19:54:54Z,\N,2026-10-04T12:21:28Z,\N,1,assert
acme:data_store:store-02884~9041ca17d95f,data_store,acme,store-02884,store-02884.warehouse,warehouse,false,operational,in_use,2026-09-10T08:39:16Z,\N,2026-10-04T15:29:24Z,\N,1,assert
acme:data_store:store-00260~2edf7bd2fdc2,data_store,acme,store-00260,store-00260.queue,queue,false,operational,in_use,2026-09-24T14:05:04Z,\N,2026-10-05T23:14:33Z,\N,1,assert
acme:data_store:store-01521~79ab2a31460e,data_store,acme,store-01521,store-01521.object_store,object_store,true,operational,in_use,2026-08-27T07:08:35Z,\N,2026-10-05T17:47:30Z,\N,1,assert
acme:data_store:store-02772~bd24b0fda3df,data_store,acme,store-02772,store-02772.queue,queue,false,operational,in_use,2026-09-18T04:34:15Z,\N,2026-10-05T13:11:19Z,\N,1,assert
acme:data_store:store-02994~6265145e68a0,data_store,acme,store-02994,store-02994.file_share,file_share,false,operational,in_use,2026-09-28T21:31:45Z,\N,2026-10-05T05:26:24Z,\N,1,assert
acme:data_store:store-00045~bcae1cb7a646,data_store,acme,\N,\N,\N,\N,\N,\N,2021-11-18T10:18:14Z,\N,2026-10-06T14:24:17Z,\N,2,retract
acme:data_store:store-01727~b44ae7d41dff,data_store,acme,store-01727,store-01727.warehouse,warehouse,true,operational,in_use,2026-09-21T04:24:33Z,\N,2026-10-06T20:42:19Z,\N,1,assert
acme:data_store:store-02474~641dfcc10d2f,data_store,acme,store-02474,store-02474.queue,queue,false,operational,in_use,2026-09-29T21:43:34Z,\N,2026-10-06T06:58:21Z,\N,1,assert
acme:data_store:store-02811~9c44216731b1,data_store,acme,store-02811,store-02811.queue,queue,false,operational,in_use,2026-09-22T12:08:49Z,\N,2026-10-06T19:12:10Z,\N,1,assert
acme:data_store:store-03027~3b07e9373eb5,data_store,acme,store-03027,store-03027.file_share,file_share,false,operational,in_use,2026-09-28T23:19:03Z,\N,2026-10-06T12:00:55Z,\N,1,assert
acme:data_store:store-03147~ef3901c7934d,data_store,acme,store-03147,store-03147.file_share,file_share,false,operational,in_use,2026-10-04T15:26:04Z,\N,2026-10-06T07:58:46Z,\N,1,assert
acme:data_store:store-01164~6b73cb6a623c,data_store,acme,store-01164,store-01164.file_share,file_share,true,operational,in_use,2026-09-17T22:15:23Z,\N,2026-10-07T18:25:40Z,\N,1,assert
acme:data_store:store-03369~c66c58ece02f,data_store,acme,store-03369,store-03369.queue,queue,false,operational,in_use,2026-09-10T20:35:42Z,\N,2026-10-07T22:51:25Z,\N,1,assert
acme:data_store:store-00767~89a3aef57b8a,data_store,acme,store-00767,store-00767.warehouse,warehouse,false,operational,in_use,2026-09-16T12:35:00Z,\N,2026-10-08T22:37:29Z,\N,1,assert
acme:data_store:store-01628~7936548d0eb1,data_store,acme,store-01628,store-01628.object_store,object_store,false,operational,in_use,2026-08-27T07:02:58Z,\N,2026-10-08T22:21:10Z,\N,1,assert
acme:data_store:store-01891~545edd6f6f52,data_store,acme,store-01891,store-01891.queue,queue,false,operational,in_use,2026-09-11T15:29:30Z,\N,2026-10-08T17:34:29Z,\N,1,assert
acme:data_store:store-02351~a5a628609281,data_store,acme,store-02351,store-02351.file_share,file_share,false,operational,in_use,2026-09-03T01:10:34Z,\N,2026-10-08T20:48:25Z,\N,1,assert
acme:data_store:store-03050~07a291898af0,data_store,acme,store-03050,store-03050.dbms,dbms,false,operational,in_use,2026-10-08T10:16:24Z,\N,2026-10-08T10:16:24Z,\N,1,assert
acme:data_store:store-03253~160fcfb12c74,data_store,acme,store-03253,store-03253.dbms,dbms,true,operational,in_use,2026-09-30T11:13:46Z,\N,2026-10-08T11:25:20Z,\N,1,assert
acme:data_store:store-00631~c42858a03b3a,data_store,acme,store-00631,store-00631.queue,queue,false,operational,in_use,2026-09-04T01:37:59Z,\N,2026-10-09T00:27:21Z,\N,1,assert
acme:data_store:store-00745~9779e2d5ccc1,data_store,acme,store-00745,store-00745.object_store,object_store,false,operational,in_use,2026-10-08T23:59:37Z,\N,2026-10-09T04:22:16Z,\N,1,assert
acme:data_store:store-00696~bdb1cd99e049,data_store,acme,store-00696,store-00696.warehouse,warehouse,false,operational,in_use,2026-09-20T14:53:49Z,\N,2026-10-09T11:29:40Z,\N,1,assert
acme:data_store:store-00882~7fc4bd7ac390,data_store,acme,store-00882,store-00882.file_share,file_share,false,operational,in_use,2026-09-30T17:56:41Z,\N,2026-10-09T11:36:12Z,\N,1,assert
acme:data_store:store-01337~3948c4cf6bf3,data_store,acme,store-01337,store-01337.file_share,file_share,false,operational,in_use,2026-09-07T12:13:36Z,\N,2026-10-09T03:34:11Z,\N,1,assert
acme:data_store:store-02349~410d42c9b53b,data_store,acme,store-02349,store-02349.warehouse,warehouse,false,operational,in_use,2026-09-28T03:41:53Z,\N,2026-10-09T07:27:18Z,\N,1,assert
acme:data_store:store-01444~5b9fa60cbcc4,data_store,acme,store-01444,store-01444.queue,queue,false,operational,in_use,2026-10-10T05:52:15Z,\N,2026-10-10T05:52:15Z,\N,1,assert
acme:data_store:store-02936~a91220603a36,data_store,acme,store-02936,store-02936.dbms,dbms,false,operational,in_use,2026-09-01T01:32:30Z,\N,2026-10-10T19:29:11Z,\N,1,assert
acme:data_store:store-02951~6ddd60c50833,data_store,acme,store-02951,store-02951.warehouse,warehouse,false,operational,in_use,2026-08-27T20:07:28Z,\N,2026-10-10T07:43:21Z,\N,1,assert
acme:data_store:store-00182~206f64bbb35f,data_store,acme,store-00182,store-00182.queue,queue,false,operational,in_use,2026-08-28T11:49:49Z,\N,2026-10-11T03:03:30Z,\N,1,assert
acme:data_store:store-01294~fa8336314103,data_store,acme,store-01294,store-01294.dbms,dbms,false,operational,in_use,2026-09-17T19:52:03Z,\N,2026-10-11T05:06:41Z,\N,1,assert
acme:data_store:store-02674~b75cfe61f507,data_store,acme,store-02674,store-02674.dbms,dbms,true,operational,in_use,2026-09-16T21:43:56Z,2027-07-17T17:33:11Z,2026-10-11T16:38:32Z,\N,1,assert
acme:data_store:store-02818~6d9d3d835e4f,data_store,acme,\N,\N,\N,\N,\N,\N,2022-09-28T02:45:46Z,\N,2026-10-12T02:44:49Z,\N,2,retract
acme:data_store:store-02928~0e2f646d5a61,data_store,acme,store-02928,store-02928.object_store,object_store,false,operational,in_use,2026-09-11T06:59:20Z,\N,2026-10-12T18:58:54Z,\N,1,assert
acme:data_store:store-02291~10fcb212937d,data_store,acme,store-02291,store-02291.dbms,dbms,true,operational,in_use,2026-10-03T12:01:52Z,\N,2026-10-13T19:17:05Z,\N,1,assert
acme:data_store:store-00110~80abd5a55e9e,data_store,acme,store-00110,store-00110.warehouse,warehouse,false,operational,in_use,2026-09-05T00:07:15Z,\N,2026-10-14T18:28:26Z,\N,1,assert
acme:data_store:store-03372~9985e6477c41,data_store,acme,store-03372,store-03372.object_store,object_store,false,operational,in_use,2026-09-13T16:46:36Z,\N,2026-10-14T10:08:21Z,\N,1,assert
acme:data_store:store-03084~ef22d17c2e81,data_store,acme,store-03084,store-03084.object_store,object_store,true,operational,in_use,2026-09-25T11:12:20Z,\N,2026-10-15T11:05:11Z,\N,1,assert
acme:data_store:store-00939~4b25c24222cc,data_store,acme,store-00939,store-00939.dbms,dbms,false,operational,in_use,2026-10-03T20:08:47Z,\N,2026-10-16T08:27:41Z,\N,1,assert
acme:data_store:store-01207~441fb5b361ac,data_store,acme,store-01207,store-01207.file_share,file_share,false,operational,in_use,2026-10-09T22:09:23Z,\N,2026-10-16T04:07:54Z,\N,1,assert
acme:data_store:store-01233~8e446e573cff,data_store,acme,store-01233,store-01233.file_share,file_share,false,operational,in_use,2026-09-14T01:44:43Z,\N,2026-10-17T05:31:07Z,\N,1,assert
acme:data_store:store-03199~452289e3bf59,data_store,acme,store-03199,store-03199.warehouse,warehouse,true,operational,in_use,2026-10-04T12:37:20Z,\N,2026-10-17T12:07:35Z,\N,1,assert
acme:data_store:store-01176~05d0be0caf3e,data_store,acme,store-01176,store-01176.warehouse,warehouse,false,operational,in_use,2026-09-04T15:34:34Z,\N,2026-10-18T18:42:07Z,\N,1,assert
acme:data_store:store-02622~6bb0551a1d09,data_store,acme,store-02622,store-02622.warehouse,warehouse,true,operational,in_use,2026-10-02T03:39:35Z,\N,2026-10-18T10:04:04Z,\N,1,assert
acme:data_store:store-03446~a18968469a12,data_store,acme,store-03446,store-03446.dbms,dbms,false,operational,in_use,2026-09-26T02:02:20Z,2027-06-29T23:40:52Z,2026-10-19T09:26:26Z,\N,1,assert
acme:data_store:store-00151~a8ebef82dc89,data_store,acme,store-00151,store-00151.dbms,dbms,true,operational,in_use,2026-10-19T18:31:22Z,\N,2026-10-19T18:31:22Z,\N,1,assert
acme:data_store:store-00252~90d4c2614e63,data_store,acme,store-00252,store-00252.dbms,dbms,false,operational,in_use,2026-10-13T19:42:11Z,\N,2026-10-19T07:21:41Z,\N,1,assert
acme:data_store:store-01068~0fe330ebc98b,data_store,acme,store-01068,store-01068.object_store,object_store,false,operational,in_use,2026-09-18T21:49:25Z,\N,2026-10-19T11:58:12Z,\N,1,assert
acme:data_store:store-01407~057be62cf957,data_store,acme,store-01407,store-01407.object_store,object_store,true,operational,in_use,2026-10-06T19:52:18Z,\N,2026-10-19T20:03:48Z,\N,1,assert
acme:data_store:store-02336~bf3dd5fc197b,data_store,acme,store-02336,store-02336.warehouse,warehouse,false,operational,in_use,2026-09-15T07:04:37Z,\N,2026-10-19T02:20:32Z,\N,1,assert
acme:data_store:store-00247~aac19233e2e3,data_store,acme,store-00247,store-00247.warehouse,warehouse,true,operational,in_use,2026-09-16T22:48:29Z,\N,2026-10-20T00:23:44Z,\N,1,assert
acme:data_store:store-00267~47e5f5a732c4,data_store,acme,store-00267,store-00267.file_share,file_share,false,operational,in_use,2026-09-16T00:14:49Z,\N,2026-10-20T13:54:01Z,\N,1,assert
acme:data_store:store-01630~b5a3b6072e12,data_store,acme,store-01630,store-01630.object_store,object_store,false,operational,in_use,2026-09-12T23:09:11Z,\N,2026-10-20T08:52:33Z,\N,1,assert
acme:data_store:store-03212~e2ac7937ef9c,data_store,acme,store-03212,store-03212.file_share,file_share,true,operational,in_use,2026-10-08T11:58:18Z,\N,2026-10-21T10:21:13Z,2027-01-11T14:29:31Z,1,assert
acme:data_store:store-00974~05f444f9287d,data_store,acme,\N,\N,\N,\N,\N,\N,2024-04-09T15:52:03Z,\N,2026-10-21T10:43:44Z,\N,2,retract
acme:data_store:store-02014~20daaf9ede23,data_store,acme,store-02014,store-02014.file_share,file_share,true,operational,in_use,2026-09-14T05:48:56Z,\N,2026-10-21T23:43:29Z,\N,1,assert
acme:data_store:store-02962~d19a772e46d5,data_store,acme,store-02962,store-02962.dbms,dbms,true,operational,in_use,2026-09-24T10:35:07Z,\N,2026-10-21T09:10:36Z,\N,1,assert
acme:data_store:store-03064~eddbfea3116d,data_store,acme,store-03064,store-03064.queue,queue,false,operational,in_use,2026-09-11T06:44:36Z,\N,2026-10-21T17:40:59Z,\N,1,assert
acme:data_store:store-00502~faede914ecc2,data_store,acme,store-00502,store-00502.file_share,file_share,false,operational,in_use,2026-09-30T22:45:26Z,\N,2026-10-22T06:04:44Z,\N,1,assert
acme:data_store:store-01151~127defbcecf7,data_store,acme,store-01151,store-01151.file_share,file_share,false,operational,in_use,2026-09-12T01:24:20Z,\N,2026-10-22T13:08:58Z,\N,1,assert
acme:data_store:store-01592~0949434c0339,data_store,acme,store-01592,store-01592.file_share,file_share,false,operational,in_use,2026-09-22T00:06:09Z,\N,2026-10-22T10:23:19Z,\N,1,assert
acme:data_store:store-02312~a29fde8f5b94,data_store,acme,store-02312,store-02312.dbms,dbms,false,operational,in_use,2026-10-07T20:59:34Z,\N,2026-10-22T13:41:36Z,\N,1,assert
acme:data_store:store-02732~006152f9fa5f,data_store,acme,store-02732,store-02732.file_share,file_share,false,operational,in_use,2026-09-14T00:28:10Z,\N,2026-10-22T19:25:00Z,\N,1,assert
acme:data_store:store-00261~8aeb24cfdae2,data_store,acme,\N,\N,\N,\N,\N,\N,2024-07-12T02:33:48Z,\N,2026-10-23T13:06:57Z,\N,2,retract
acme:data_store:store-03035~b6b45506a799,data_store,acme,\N,\N,\N,\N,\N,\N,2026-11-08T13:24:28Z,\N,2026-10-23T14:05:10Z,\N,2,retract
acme:data_store:store-02132~ad29a088ab93,data_store,acme,store-02132,store-02132.file_share,file_share,false,operational,in_use,2026-09-12T21:31:31Z,\N,2026-10-23T22:14:54Z,\N,1,assert
acme:data_store:store-02327~397908699eba,data_store,acme,store-02327,store-02327.object_store,object_store,true,operational,in_use,2026-10-19T21:40:36Z,\N,2026-10-23T00:19:34Z,\N,1,assert
acme:data_store:store-02707~4164ab0f46b1,data_store,acme,store-02707,store-02707.object_store,object_store,false,operational,in_use,2026-09-24T03:46:49Z,\N,2026-10-23T00:39:29Z,\N,1,assert
acme:data_store:store-03464~c5af7322a013,data_store,acme,store-03464,store-03464.warehouse,warehouse,false,operational,in_use,2026-10-20T18:39:46Z,\N,2026-10-23T04:56:19Z,\N,1,assert
acme:data_store:store-01102~2198662dab08,data_store,acme,store-01102,store-01102.dbms,dbms,false,operational,in_use,2026-10-08T17:46:39Z,\N,2026-10-24T10:33:24Z,\N,1,assert
acme:data_store:store-02929~f59704841004,data_store,acme,store-02929,store-02929.warehouse,warehouse,false,operational,in_use,2026-10-13T13:10:00Z,\N,2026-10-24T04:09:22Z,\N,1,assert
acme:data_store:store-03106~9c2698c62134,data_store,acme,store-03106,store-03106.warehouse,warehouse,true,operational,in_use,2026-10-13T07:40:49Z,\N,2026-10-24T12:03:00Z,\N,1,assert
acme:data_store:store-00787~1b29d6d04d68,data_store,acme,store-00787,store-00787.dbms,dbms,false,operational,in_use,2026-09-24T06:12:40Z,\N,2026-10-25T12:16:27Z,\N,1,assert
acme:data_store:store-02170~8510bd8a4396,data_store,acme,store-02170,store-02170.warehouse,warehouse,false,operational,in_use,2026-10-21T01:11:01Z,\N,2026-10-25T17:04:18Z,\N,1,assert
acme:data_store:store-02714~b7de64550c3f,data_store,acme,store-02714,store-02714.dbms,dbms,false,operational,in_maintenance,2026-03-15T02:11:33Z,\N,2026-10-26T00:35:12Z,\N,2,assert
acme:data_store:store-01312~e1fb4f33cb63,data_store,acme,store-01312,store-01312.dbms,dbms,false,operational,in_use,2026-10-09T17:49:53Z,\N,2026-10-26T07:09:01Z,\N,1,assert
acme:data_store:store-02024~bf26baa33979,data_store,acme,store-02024,store-02024.file_share,file_share,false,operational,in_use,2026-09-12T19:17:02Z,\N,2026-10-26T19:29:29Z,\N,1,assert
acme:data_store:store-00139~57745de488c9,data_store,acme,store-00139,store-00139.dbms,dbms,false,operational,in_use,2026-10-05T09:56:45Z,\N,2026-10-27T15:42:59Z,\N,1,assert
acme:data_store:store-00387~2d7f9d3d8889,data_store,acme,store-00387,store-00387.dbms,dbms,false,operational,in_use,2026-10-03T04:24:28Z,\N,2026-10-27T09:28:03Z,\N,1,assert
acme:data_store:store-00957~fa9428de6af7,data_store,acme,store-00957,store-00957.warehouse,warehouse,false,operational,in_use,2026-10-26T15:53:16Z,\N,2026-10-27T04:13:21Z,\N,1,assert
acme:data_store:store-01273~9b2dac5014b7,data_store,acme,store-01273,store-01273.warehouse,warehouse,true,operational,in_use,2026-10-16T19:45:49Z,\N,2026-10-27T12:07:05Z,\N,1,assert
acme:data_store:store-02689~32d7cb57193f,data_store,acme,store-02689,store-02689.warehouse,warehouse,false,operational,in_use,2026-10-09T18:44:18Z,\N,2026-10-27T18:32:24Z,\N,1,assert
acme:data_store:store-03005~40e6d11e1107,data_store,acme,store-03005,store-03005.dbms,dbms,false,operational,in_use,2026-10-27T01:38:28Z,\N,2026-10-27T01:38:28Z,\N,1,assert
acme:data_store:store-00457~af1d43ebf05c,data_store,acme,store-00457,store-00457.dbms,dbms,false,operational,in_use,2026-10-07T10:14:25Z,\N,2026-10-28T22:34:51Z,\N,1,assert
acme:data_store:store-00501~09f8d94c0bdb,data_store,acme,store-00501,store-00501.object_store,object_store,false,operational,in_use,2026-09-26T03:48:58Z,\N,2026-10-28T22:56:02Z,\N,1,assert
acme:data_store:store-01171~14939d522150,data_store,acme,store-01171,store-01171.warehouse,warehouse,true,operational,in_use,2026-09-15T02:10:15Z,\N,2026-10-28T19:12:06Z,\N,1,assert
acme:data_store:store-02266~bea6eddf6554,data_store,acme,store-02266,store-02266.object_store,object_store,false,operational,in_use,2026-09-27T19:07:52Z,\N,2026-10-28T01:01:52Z,\N,1,assert
acme:data_store:store-03590~26aef41389d3,data_store,acme,store-03590,store-03590.dbms,dbms,false,operational,in_use,2026-10-21T17:57:51Z,\N,2026-10-28T23:40:39Z,\N,1,assert
acme:data_store:store-01823~1bbf91a3857a,data_store,acme,store-01823,store-01823.dbms,dbms,true,operational,in_use,2026-10-02T11:49:07Z,\N,2026-10-29T02:29:37Z,\N,1,assert
acme:data_store:store-02794~7b779f892944,data_store,acme,store-02794,store-02794.dbms,dbms,false,operational,in_use,2026-09-22T23:07:18Z,\N,2026-10-29T09:51:14Z,\N,1,assert
acme:data_store:store-03046~0f5561cac90b,data_store,acme,store-03046,store-03046.warehouse,warehouse,false,operational,in_use,2026-09-17T20:58:41Z,\N,2026-10-29T12:16:00Z,\N,1,assert
acme:data_store:store-03479~6688e83ce801,data_store,acme,store-03479,store-03479.warehouse,warehouse,true,operational,in_use,2026-10-26T15:26:55Z,\N,2026-10-30T17:35:35Z,\N,1,assert
acme:data_store:store-01238~7254ed540978,data_store,acme,store-01238,store-01238.dbms,dbms,true,operational,in_use,2026-10-01T20:34:08Z,\N,2026-10-31T06:38:19Z,\N,1,assert
acme:data_store:store-02243~5589ba2e1108,data_store,acme,store-02243,store-02243.dbms,dbms,false,operational,in_use,2026-10-16T01:54:02Z,\N,2026-10-31T05:33:56Z,\N,1,assert
acme:data_store:store-02544~037d05b47e34,data_store,acme,store-02544,store-02544.file_share,file_share,false,operational,in_use,2026-09-18T12:34:36Z,\N,2026-10-31T03:04:34Z,\N,1,assert
acme:data_store:store-01142~ee442459aa69,data_store,acme,\N,\N,\N,\N,\N,\N,2026-03-04T08:32:04Z,\N,2026-11-01T13:28:28Z,\N,2,retract
acme:data_store:store-01135~b7b804007335,data_store,acme,store-01135,store-01135.warehouse,warehouse,true,operational,in_use,2026-10-07T18:42:48Z,\N,2026-11-01T16:03:46Z,\N,1,assert
acme:data_store:store-01632~b587282470e0,data_store,acme,store-01632,store-01632.warehouse,warehouse,false,operational,in_use,2026-10-30T19:37:52Z,\N,2026-11-01T03:19:00Z,\N,1,assert
acme:data_store:store-02110~17c53860da5e,data_store,acme,store-02110,store-02110.warehouse,warehouse,true,operational,in_use,2026-10-12T04:47:43Z,\N,2026-11-01T01:53:23Z,\N,1,assert
acme:data_store:store-02368~51eeb85a9565,data_store,acme,\N,\N,\N,\N,\N,\N,2023-04-15T05:27:24Z,\N,2026-11-01T20:38:20Z,\N,2,retract
acme:data_store:store-01012~89069543b76b,data_store,acme,\N,\N,\N,\N,\N,\N,2025-03-27T18:50:37Z,\N,2026-11-01T23:19:38Z,\N,2,retract
acme:data_store:store-00297~5acef4f18fb9,data_store,acme,store-00297,store-00297.dbms,dbms,false,operational,end_of_support,2022-06-19T18:06:36Z,\N,2026-11-02T06:59:09Z,\N,2,assert
acme:data_store:store-02462~dfb2b2c18821,data_store,acme,store-02462,store-02462.object_store,object_store,true,operational,in_use,2026-10-22T20:49:56Z,\N,2026-11-02T14:10:11Z,\N,1,assert
acme:data_store:store-02679~bb28eab9bb63,data_store,acme,store-02679,store-02679.dbms,dbms,false,operational,in_use,2026-10-06T20:26:36Z,\N,2026-11-02T07:57:45Z,\N,1,assert
acme:data_store:store-03275~6f92c1b9400b,data_store,acme,store-03275,store-03275.queue,queue,false,operational,in_use,2026-10-15T07:34:26Z,\N,2026-11-02T10:25:41Z,\N,1,assert
acme:data_store:store-01136~ada6500c0969,data_store,acme,store-01136,store-01136.dbms,dbms,false,operational,in_use,2026-09-24T13:27:15Z,\N,2026-11-03T19:55:49Z,\N,1,assert
acme:data_store:store-01539~5e59a0f22eec,data_store,acme,store-01539,store-01539.dbms,dbms,false,operational,in_use,2026-10-02T18:12:19Z,\N,2026-11-03T21:18:42Z,\N,1,assert
acme:data_store:store-01884~d59ee238cc30,data_store,acme,store-01884,store-01884.dbms,dbms,false,operational,in_use,2026-11-03T23:22:57Z,\N,2026-11-03T23:22:57Z,\N,1,assert
acme:data_store:store-02698~6cfdbc0c7af8,data_store,acme,store-02698,store-02698.dbms,dbms,false,operational,in_use,2026-10-19T06:30:21Z,\N,2026-11-04T21:18:16Z,\N,1,assert
acme:data_store:store-01477~ba5a6a82c3d1,data_store,acme,store-01477,store-01477.dbms,dbms,true,operational,in_use,2026-11-05T11:54:21Z,\N,2026-11-05T11:54:21Z,\N,1,assert
acme:data_store:store-02439~9fde810b004a,data_store,acme,store-02439,store-02439.file_share,file_share,true,operational,in_use,2026-09-27T08:27:44Z,\N,2026-11-05T10:48:42Z,\N,1,assert
acme:data_store:store-01503~1236e5bb5ef1,data_store,acme,store-01503,store-01503.dbms,dbms,true,operational,in_maintenance,2026-07-12T16:02:13Z,\N,2026-11-05T16:53:17Z,\N,2,assert
acme:data_store:store-02755~b4a24c25d666,data_store,acme,store-02755,store-02755.queue,queue,true,operational,in_use,2026-10-13T02:28:56Z,\N,2026-11-06T05:42:50Z,\N,1,assert
acme:data_store:store-00148~f4dc847b8e9d,data_store,acme,store-00148,store-00148.dbms,dbms,true,operational,end_of_support,2026-05-25T21:34:33Z,\N,2026-11-06T18:51:48Z,\N,2,assert
acme:data_store:store-02648~bef99d9f9c9c,data_store,acme,\N,\N,\N,\N,\N,\N,2023-10-17T08:31:11Z,\N,2026-11-07T17:36:47Z,\N,2,retract
acme:data_store:store-01828~05fc2f41aa18,data_store,acme,store-01828,store-01828.dbms,dbms,false,operational,in_use,2026-10-24T20:31:37Z,\N,2026-11-07T18:54:57Z,\N,1,assert
acme:data_store:store-02652~a127e153bc58,data_store,acme,store-02652,store-02652.file_share,file_share,false,operational,in_use,2026-10-27T23:32:25Z,\N,2026-11-08T15:57:44Z,\N,1,assert
acme:data_store:store-03061~afe29dce60de,data_store,acme,store-03061,store-03061.warehouse,warehouse,false,operational,in_use,2026-10-13T13:21:50Z,\N,2026-11-08T04:01:09Z,\N,1,assert
acme:data_store:store-03365~9536f72221e3,data_store,acme,store-03365,store-03365.file_share,file_share,true,operational,in_use,2026-10-11T05:55:22Z,\N,2026-11-08T07:28:05Z,\N,1,assert
acme:data_store:store-01978~8a82f2ec2ae9,data_store,acme,store-01978,store-01978.dbms,dbms,false,operational,in_use,2026-10-10T23:05:15Z,\N,2026-11-09T08:40:27Z,\N,1,assert
acme:data_store:store-02317~27337646f54d,data_store,acme,store-02317,store-02317.warehouse,warehouse,true,operational,in_use,2026-10-17T22:22:28Z,\N,2026-11-09T17:30:02Z,\N,1,assert
acme:data_store:store-00039~c1346766e9e9,data_store,acme,store-00039,store-00039.warehouse,warehouse,false,operational,in_use,2026-10-09T02:54:25Z,\N,2026-11-10T18:08:53Z,\N,1,assert
acme:data_store:store-00256~332bedbc58e0,data_store,acme,store-00256,store-00256.warehouse,warehouse,false,operational,in_use,2026-10-29T14:22:13Z,\N,2026-11-10T21:47:05Z,\N,1,assert
acme:data_store:store-01399~d5c875c51707,data_store,acme,\N,\N,\N,\N,\N,\N,2026-08-24T04:13:47Z,\N,2026-11-11T17:12:50Z,\N,2,retract
acme:data_store:store-00911~7bb4e789f5a1,data_store,acme,store-00911,store-00911.queue,queue,true,operational,in_use,2026-10-05T06:18:32Z,\N,2026-11-11T20:32:01Z,\N,1,assert
acme:data_store:store-03472~98dde2481123,data_store,acme,\N,\N,\N,\N,\N,\N,2025-06-16T14:40:13Z,\N,2026-11-12T01:37:08Z,\N,2,retract
acme:data_store:store-00096~a43b8df4ec12,data_store,acme,store-00096,store-00096.file_share,file_share,true,operational,in_use,2026-10-12T12:27:31Z,\N,2026-11-12T07:43:15Z,\N,1,assert
acme:data_store:store-01850~d4229f571120,data_store,acme,store-01850,store-01850.file_share,file_share,false,operational,in_use,2026-10-16T02:44:03Z,\N,2026-11-12T05:43:11Z,\N,1,assert
acme:data_store:store-02249~9b924b7f78a6,data_store,acme,store-02249,store-02249.dbms,dbms,false,operational,in_use,2026-10-15T17:31:28Z,\N,2026-11-12T11:13:03Z,\N,1,assert
acme:data_store:store-02922~b4d8a093963f,data_store,acme,store-02922,store-02922.warehouse,warehouse,false,operational,in_use,2026-09-29T00:19:55Z,\N,2026-11-12T20:21:27Z,\N,1,assert
acme:data_store:store-03257~c05f0da16770,data_store,acme,store-03257,store-03257.file_share,file_share,false,operational,in_use,2026-10-19T23:51:27Z,\N,2026-11-12T22:45:07Z,\N,1,assert
acme:data_store:store-02460~be7b7cfd124a,data_store,acme,store-02460,store-02460.dbms,dbms,false,operational,in_use,2026-11-10T04:51:08Z,\N,2026-11-13T08:23:00Z,\N,1,assert
acme:data_store:store-03227~4b8bbc613cb9,data_store,acme,store-03227,store-03227.queue,queue,false,operational,in_use,2026-11-05T05:35:59Z,\N,2026-11-14T06:24:49Z,\N,1,assert
acme:data_store:store-02001~c46e064a2ac8,data_store,acme,store-02001,store-02001.object_store,object_store,false,operational,in_use,2026-10-02T17:38:05Z,\N,2026-11-15T01:33:26Z,\N,1,assert
acme:data_store:store-00520~0cec5a917e57,data_store,acme,store-00520,store-00520.object_store,object_store,false,operational,in_use,2026-10-05T20:53:49Z,\N,2026-11-15T12:30:34Z,\N,1,assert
acme:data_store:store-00711~6bc6c3bcce5d,data_store,acme,store-00711,store-00711.dbms,dbms,true,operational,in_use,2026-11-11T21:50:29Z,\N,2026-11-15T07:27:58Z,\N,1,assert
acme:data_store:store-00719~1e618727d42e,data_store,acme,store-00719,store-00719.dbms,dbms,true,operational,in_use,2026-10-07T23:03:12Z,\N,2026-11-15T13:13:35Z,\N,1,assert
acme:data_store:store-01717~9deffc6e1f19,data_store,acme,store-01717,store-01717.warehouse,warehouse,true,operational,in_use,2026-11-03T20:32:04Z,\N,2026-11-15T16:09:07Z,\N,1,assert
acme:data_store:store-02039~b6e6330bbe05,data_store,acme,store-02039,store-02039.dbms,dbms,false,operational,in_use,2026-10-26T01:13:34Z,\N,2026-11-15T04:14:41Z,\N,1,assert
acme:data_store:store-03582~ea1e04810314,data_store,acme,store-03582,store-03582.object_store,object_store,false,operational,end_of_support,2026-03-04T17:40:26Z,\N,2026-11-16T07:56:26Z,\N,2,assert
acme:data_store:store-00691~3b18ad5815b7,data_store,acme,store-00691,store-00691.dbms,dbms,true,operational,in_use,2026-11-16T22:17:25Z,\N,2026-11-16T22:17:25Z,\N,1,assert
acme:data_store:store-01214~04b50a21ae3e,data_store,acme,store-01214,store-01214.dbms,dbms,false,operational,in_use,2026-11-11T00:19:31Z,\N,2026-11-16T08:44:42Z,\N,1,assert
acme:data_store:store-02420~575b03c03805,data_store,acme,store-02420,store-02420.file_share,file_share,false,operational,in_use,2026-10-20T17:58:41Z,\N,2026-11-16T01:27:03Z,\N,1,assert
acme:data_store:store-03134~02f99111e7d2,data_store,acme,store-03134,store-03134.file_share,file_share,false,operational,in_use,2026-10-17T14:20:03Z,\N,2026-11-16T12:54:04Z,\N,1,assert
acme:data_store:store-00603~407b4545176b,data_store,acme,store-00603,store-00603.warehouse,warehouse,false,operational,in_use,2026-11-07T11:18:43Z,\N,2026-11-18T12:16:22Z,\N,1,assert
acme:data_store:store-03441~9aa2b352fef6,data_store,acme,store-03441,store-03441.file_share,file_share,true,operational,in_use,2026-11-06T10:46:32Z,\N,2026-11-18T15:51:01Z,\N,1,assert
acme:data_store:store-00404~502fa90e8688,data_store,acme,store-00404,store-00404.dbms,dbms,true,operational,in_use,2026-11-16T12:32:07Z,\N,2026-11-19T00:47:05Z,\N,1,assert
acme:data_store:store-00926~5fa7365e5a7e,data_store,acme,store-00926,store-00926.file_share,file_share,false,operational,in_use,2026-10-09T10:26:04Z,\N,2026-11-19T11:13:42Z,\N,1,assert
acme:data_store:store-01400~0e3c79e3af61,data_store,acme,store-01400,store-01400.object_store,object_store,false,operational,in_use,2026-10-30T12:15:45Z,\N,2026-11-19T13:59:24Z,\N,1,assert
acme:data_store:store-02744~d6415c3939dd,data_store,acme,store-02744,store-02744.warehouse,warehouse,true,operational,in_use,2026-10-19T12:37:04Z,\N,2026-11-19T04:43:00Z,\N,1,assert
acme:data_store:store-00044~ae95d2b86cd4,data_store,acme,store-00044,store-00044.object_store,object_store,true,operational,in_use,2026-10-29T18:07:38Z,\N,2026-11-20T12:35:21Z,\N,1,assert
acme:data_store:store-00482~d2dd3d784ebc,data_store,acme,store-00482,store-00482.object_store,object_store,true,operational,in_use,2026-10-29T17:38:11Z,\N,2026-11-20T20:41:44Z,\N,1,assert
acme:data_store:store-00661~0a18602294a4,data_store,acme,store-00661,store-00661.file_share,file_share,true,operational,in_use,2026-10-21T06:44:46Z,\N,2026-11-20T04:46:47Z,\N,1,assert
acme:data_store:store-01491~4cad66363278,data_store,acme,store-01491,store-01491.file_share,file_share,false,operational,in_use,2026-11-08T03:27:49Z,\N,2026-11-20T01:57:55Z,\N,1,assert
acme:data_store:store-03386~c078e309411a,data_store,acme,store-03386,store-03386.queue,queue,false,operational,in_use,2026-10-10T09:47:05Z,\N,2026-11-21T18:17:11Z,\N,1,assert
acme:data_store:store-02458~d9e5a84f6cfd,data_store,acme,store-02458,store-02458.warehouse,warehouse,false,operational,in_use,2026-11-12T09:50:46Z,\N,2026-11-22T02:22:46Z,\N,1,assert
acme:data_store:store-00341~4b2a31e9d38b,data_store,acme,\N,\N,\N,\N,\N,\N,2025-06-25T11:57:43Z,\N,2026-11-22T16:35:56Z,\N,2,retract
acme:data_store:store-00073~dd66af5090c7,data_store,acme,store-00073,store-00073.dbms,dbms,false,operational,in_use,2026-10-29T02:48:14Z,\N,2026-11-23T05:59:28Z,\N,1,assert
acme:data_store:store-02767~31ac2db3d808,data_store,acme,store-02767,store-02767.queue,queue,false,operational,in_use,2026-10-16T17:03:14Z,\N,2026-11-23T11:42:04Z,\N,1,assert
acme:data_store:store-01631~985d4495f6e3,data_store,acme,store-01631,store-01631.warehouse,warehouse,false,operational,in_use,2026-10-26T01:07:04Z,\N,2026-11-24T02:27:43Z,\N,1,assert
acme:data_store:store-03252~c723b54a3cfe,data_store,acme,store-03252,store-03252.file_share,file_share,false,operational,in_use,2026-11-20T01:35:38Z,\N,2026-11-25T10:34:31Z,2027-03-24T03:45:30Z,1,assert
acme:data_store:store-01838~0cc414971ccc,data_store,acme,store-01838,store-01838.dbms,dbms,false,operational,in_use,2026-10-29T17:28:04Z,\N,2026-11-25T20:52:23Z,\N,1,assert
acme:data_store:store-03080~a780bc35e19e,data_store,acme,store-03080,store-03080.dbms,dbms,false,operational,in_use,2026-11-17T08:41:32Z,\N,2026-11-25T22:13:22Z,\N,1,assert
acme:data_store:store-03236~91ccf4e08000,data_store,acme,store-03236,store-03236.dbms,dbms,false,operational,in_use,2026-10-18T16:21:06Z,\N,2026-11-25T03:00:12Z,\N,1,assert
acme:data_store:store-01468~08d01c183c31,data_store,acme,store-01468,store-01468.warehouse,warehouse,true,operational,in_use,2026-10-14T21:10:42Z,\N,2026-11-26T07:10:59Z,\N,1,assert
acme:data_store:store-01000~e9d38a9198d4,data_store,acme,\N,\N,\N,\N,\N,\N,2025-03-31T09:10:57Z,\N,2026-11-26T15:02:59Z,\N,2,retract
acme:data_store:store-01638~c08595cbe09a,data_store,acme,store-01638,store-01638.object_store,object_store,true,operational,in_use,2026-11-21T16:02:13Z,\N,2026-11-26T22:47:58Z,\N,1,assert
acme:data_store:store-00568~1d581bc02c3a,data_store,acme,store-00568,store-00568.dbms,dbms,true,operational,in_use,2026-11-24T02:59:50Z,\N,2026-11-28T16:32:46Z,\N,1,assert
acme:data_store:store-00576~05489efe63e5,data_store,acme,store-00576,store-00576.file_share,file_share,false,operational,in_use,2026-11-10T09:31:53Z,\N,2026-11-28T22:36:08Z,\N,1,assert
acme:data_store:store-00678~b54a31ef3b2a,data_store,acme,store-00678,store-00678.warehouse,warehouse,false,operational,in_use,2026-10-19T10:40:27Z,\N,2026-11-28T06:45:15Z,\N,1,assert
acme:data_store:store-00705~45a1509a8558,data_store,acme,store-00705,store-00705.warehouse,warehouse,false,operational,in_use,2026-10-22T10:55:01Z,\N,2026-11-28T07:33:10Z,\N,1,assert
acme:data_store:store-00765~24794f6e03bd,data_store,acme,store-00765,store-00765.dbms,dbms,true,operational,in_use,2026-11-24T01:25:15Z,\N,2026-11-28T07:45:19Z,\N,1,assert
acme:data_store:store-01257~afee9c0402b1,data_store,acme,store-01257,store-01257.dbms,dbms,false,operational,in_use,2026-11-12T22:56:22Z,\N,2026-11-28T04:38:20Z,\N,1,assert
acme:data_store:store-03058~24a093bec98d,data_store,acme,store-03058,store-03058.queue,queue,false,operational,in_use,2026-11-15T15:16:18Z,\N,2026-11-28T07:19:36Z,\N,1,assert
acme:data_store:store-03453~6940a11ab200,data_store,acme,store-03453,store-03453.warehouse,warehouse,true,operational,in_use,2026-10-29T17:48:42Z,\N,2026-11-28T20:02:57Z,\N,1,assert
acme:data_store:store-00851~4f6c25bf1ee1,data_store,acme,store-00851,store-00851.file_share,file_share,true,operational,in_use,2026-10-17T18:11:59Z,\N,2026-11-30T16:03:04Z,\N,1,assert
acme:data_store:store-00990~7e0f55aa4056,data_store,acme,store-00990,store-00990.dbms,dbms,true,operational,in_use,2026-11-05T16:21:31Z,\N,2026-11-30T07:12:50Z,\N,1,assert
acme:data_store:store-01451~676db52fe432,data_store,acme,store-01451,store-01451.dbms,dbms,false,operational,in_use,2026-10-17T21:05:07Z,\N,2026-11-30T12:59:40Z,\N,1,assert
acme:data_store:store-01873~95121813e4d9,data_store,acme,store-01873,store-01873.queue,queue,false,operational,in_use,2026-11-13T06:45:20Z,\N,2026-11-30T16:08:38Z,\N,1,assert
acme:data_store:store-02177~2ff765d7e70e,data_store,acme,store-02177,store-02177.queue,queue,false,operational,in_use,2026-11-13T08:47:30Z,\N,2026-11-30T09:13:50Z,\N,1,assert
acme:data_store:store-02424~cc68c19d0844,data_store,acme,store-02424,store-02424.dbms,dbms,false,operational,in_use,2026-11-09T22:04:41Z,\N,2026-11-30T06:37:14Z,\N,1,assert
acme:data_store:store-02701~688be36aff73,data_store,acme,store-02701,store-02701.file_share,file_share,true,operational,in_use,2026-10-24T06:43:13Z,\N,2026-11-30T14:00:21Z,\N,1,assert
acme:data_store:store-03074~1e379e7156e1,data_store,acme,store-03074,store-03074.object_store,object_store,false,operational,in_use,2026-11-06T20:28:19Z,\N,2026-11-30T15:08:16Z,\N,1,assert
acme:data_store:store-00429~6189a9e9184c,data_store,acme,store-00429,store-00429.object_store,object_store,false,operational,in_use,2026-11-10T17:12:54Z,\N,2026-12-01T19:09:57Z,\N,1,assert
acme:data_store:store-02047~047cb7f450ea,data_store,acme,\N,\N,\N,\N,\N,\N,2026-06-30T15:33:25Z,\N,2026-12-02T04:11:49Z,\N,2,retract
acme:data_store:store-03053~aa599ad7a979,data_store,acme,store-03053,store-03053.queue,queue,true,operational,in_use,2026-11-17T09:28:25Z,\N,2026-12-02T16:21:46Z,\N,1,assert
acme:data_store:store-03316~06b9970fc5fe,data_store,acme,store-03316,store-03316.warehouse,warehouse,true,operational,in_use,2026-10-30T07:38:21Z,\N,2026-12-02T21:12:24Z,\N,1,assert
acme:data_store:store-00694~6ed75a22bfc8,data_store,acme,store-00694,store-00694.queue,queue,false,operational,in_use,2026-11-04T09:06:14Z,\N,2026-12-04T21:28:26Z,\N,1,assert
acme:data_store:store-03103~758b69d9f8f3,data_store,acme,store-03103,store-03103.dbms,dbms,false,operational,in_use,2026-12-03T13:52:51Z,\N,2026-12-04T12:30:05Z,\N,1,assert
acme:data_store:store-00638~53b2dd6f82a7,data_store,acme,store-00638,store-00638.dbms,dbms,false,operational,in_use,2026-11-04T10:49:53Z,\N,2026-12-05T00:02:38Z,\N,1,assert
acme:data_store:store-02118~67c35192907e,data_store,acme,store-02118,store-02118.warehouse,warehouse,false,operational,in_use,2026-11-14T04:09:15Z,\N,2026-12-05T03:49:59Z,\N,1,assert
acme:data_store:store-01772~5488f1c3e1cb,data_store,acme,store-01772,store-01772.object_store,object_store,true,operational,in_use,2026-11-11T08:41:50Z,\N,2026-12-06T04:44:55Z,\N,1,assert
acme:data_store:store-03282~d23980fbb4b9,data_store,acme,store-03282,store-03282.warehouse,warehouse,false,operational,in_use,2026-10-28T09:35:20Z,\N,2026-12-06T17:34:26Z,\N,1,assert
acme:data_store:store-03311~7bb70c2a0e36,data_store,acme,store-03311,store-03311.dbms,dbms,false,operational,in_use,2026-11-13T03:48:31Z,\N,2026-12-06T01:24:18Z,\N,1,assert
acme:data_store:store-03398~46cf5633f695,data_store,acme,store-03398,store-03398.warehouse,warehouse,false,operational,in_use,2026-10-27T17:47:53Z,\N,2026-12-07T03:03:04Z,\N,1,assert
acme:data_store:store-00815~dbfd43dbbc7c,data_store,acme,store-00815,store-00815.dbms,dbms,true,operational,in_use,2026-11-16T10:27:04Z,\N,2026-12-07T04:59:52Z,\N,1,assert
acme:data_store:store-03446~a18968469a12,data_store,acme,\N,\N,\N,\N,\N,\N,2027-06-29T23:40:52Z,\N,2026-12-07T10:42:44Z,\N,2,retract
acme:data_store:store-02278~2603556ea9e5,data_store,acme,store-02278,store-02278.queue,queue,false,operational,in_use,2026-11-12T03:34:02Z,\N,2026-12-07T22:20:09Z,\N,1,assert
acme:data_store:store-02463~446f33b918bc,data_store,acme,store-02463,store-02463.dbms,dbms,false,operational,in_use,2026-11-21T13:07:50Z,\N,2026-12-07T14:54:11Z,\N,1,assert
acme:data_store:store-03169~6bf6c131681f,data_store,acme,store-03169,store-03169.dbms,dbms,false,operational,in_use,2026-11-14T14:38:46Z,\N,2026-12-07T03:41:45Z,\N,1,assert
acme:data_store:store-03211~1631d9285a38,data_store,acme,store-03211,store-03211.dbms,dbms,true,operational,in_use,2026-12-06T04:32:42Z,\N,2026-12-08T12:21:15Z,\N,1,assert
acme:data_store:store-02933~c989d41d20ed,data_store,acme,store-02933,store-02933.dbms,dbms,false,operational,in_use,2026-12-01T22:08:35Z,\N,2026-12-09T05:44:49Z,\N,1,assert
acme:data_store:store-03088~e9e378080511,data_store,acme,store-03088,store-03088.file_share,file_share,false,operational,in_use,2026-12-07T17:15:29Z,\N,2026-12-09T01:16:25Z,\N,1,assert
acme:data_store:store-03151~b75f5cf80476,data_store,acme,store-03151,store-03151.dbms,dbms,false,operational,in_use,2026-11-20T08:17:47Z,\N,2026-12-09T04:28:30Z,\N,1,assert
acme:data_store:store-02210~025712045308,data_store,acme,store-02210,store-02210.file_share,file_share,true,operational,in_use,2026-11-11T17:57:05Z,\N,2026-12-10T00:22:22Z,\N,1,assert
acme:data_store:store-01570~ea213b057471,data_store,acme,store-01570,store-01570.file_share,file_share,true,operational,in_use,2026-11-10T08:53:07Z,\N,2026-12-11T02:26:04Z,\N,1,assert
acme:data_store:store-00756~cda338ceb86e,data_store,acme,store-00756,store-00756.queue,queue,false,operational,in_use,2026-11-27T06:51:44Z,\N,2026-12-11T04:41:47Z,\N,1,assert
acme:data_store:store-00208~63a22587c6f6,data_store,acme,\N,\N,\N,\N,\N,\N,2024-03-29T06:21:13Z,\N,2026-12-11T08:32:53Z,\N,2,retract
acme:data_store:store-02564~51d07cbfd022,data_store,acme,store-02564,store-02564.object_store,object_store,false,operational,in_use,2026-11-08T08:40:09Z,\N,2026-12-11T08:47:37Z,\N,1,assert
acme:data_store:store-02856~b2d293573014,data_store,acme,store-02856,store-02856.warehouse,warehouse,false,operational,in_use,2026-11-16T18:23:57Z,\N,2026-12-11T18:25:50Z,\N,1,assert
acme:data_store:store-00985~186f3f289443,data_store,acme,store-00985,store-00985.dbms,dbms,false,operational,in_use,2026-11-25T00:10:00Z,\N,2026-12-12T08:14:19Z,\N,1,assert
acme:data_store:store-01087~ff28b270b092,data_store,acme,store-01087,store-01087.queue,queue,false,operational,in_use,2026-11-29T04:33:29Z,\N,2026-12-12T18:09:49Z,\N,1,assert
acme:data_store:store-02060~1764d8e8011a,data_store,acme,store-02060,store-02060.file_share,file_share,false,operational,in_use,2026-11-19T17:44:47Z,\N,2026-12-12T03:19:35Z,\N,1,assert
acme:data_store:store-02932~e2774ff58799,data_store,acme,store-02932,store-02932.dbms,dbms,true,operational,in_use,2026-12-11T08:17:59Z,\N,2026-12-12T00:43:02Z,\N,1,assert
acme:data_store:store-03063~32f958fd46b8,data_store,acme,store-03063,store-03063.file_share,file_share,false,operational,in_use,2026-12-02T00:59:58Z,\N,2026-12-12T13:23:39Z,\N,1,assert
acme:data_store:store-03222~1f624b5d3244,data_store,acme,store-03222,store-03222.dbms,dbms,true,operational,in_use,2026-11-19T02:23:11Z,\N,2026-12-13T18:13:07Z,2027-03-22T11:01:54Z,1,assert
acme:data_store:store-01790~36b808c44bde,data_store,acme,store-01790,store-01790.queue,queue,false,operational,in_use,2026-11-18T14:00:51Z,\N,2026-12-14T22:17:58Z,\N,1,assert
acme:data_store:store-02950~8a0c73cafa0a,data_store,acme,store-02950,store-02950.dbms,dbms,false,operational,in_use,2026-11-21T06:12:39Z,\N,2026-12-14T02:18:29Z,\N,1,assert
acme:data_store:store-00219~7448a97a44e6,data_store,acme,store-00219,store-00219.queue,queue,false,operational,in_use,2026-11-27T23:08:54Z,\N,2026-12-15T03:44:21Z,\N,1,assert
acme:data_store:store-00318~6d0d667d7b73,data_store,acme,store-00318,store-00318.file_share,file_share,false,operational,in_use,2026-11-22T05:59:10Z,\N,2026-12-15T15:18:33Z,\N,1,assert
acme:data_store:store-00343~86c435c97375,data_store,acme,store-00343,store-00343.file_share,file_share,true,operational,in_use,2026-12-03T15:40:59Z,\N,2026-12-15T06:22:48Z,\N,1,assert
acme:data_store:store-02397~5475e6c8892f,data_store,acme,store-02397,store-02397.object_store,object_store,false,operational,in_use,2026-12-10T03:26:07Z,\N,2026-12-15T17:05:36Z,\N,1,assert
acme:data_store:store-03400~409f99354919,data_store,acme,store-03400,store-03400.dbms,dbms,false,operational,in_use,2026-11-16T11:01:18Z,\N,2026-12-15T16:53:55Z,\N,1,assert
acme:data_store:store-00900~6ace7c4f0db7,data_store,acme,\N,\N,\N,\N,\N,\N,2021-10-06T22:31:57Z,\N,2026-12-16T14:39:34Z,\N,2,retract
acme:data_store:store-01077~25efcd3c4b6e,data_store,acme,store-01077,store-01077.queue,queue,true,operational,in_use,2026-12-04T06:11:26Z,\N,2026-12-16T18:35:51Z,\N,1,assert
acme:data_store:store-01191~d7abf8263563,data_store,acme,store-01191,store-01191.warehouse,warehouse,true,operational,in_use,2026-11-27T05:29:50Z,\N,2026-12-16T03:43:05Z,\N,1,assert
acme:data_store:store-02525~6ba95e173319,data_store,acme,store-02525,store-02525.queue,queue,false,operational,in_use,2026-11-02T11:29:17Z,\N,2026-12-16T07:16:31Z,\N,1,assert
acme:data_store:store-00456~c1e19d1499ea,data_store,acme,store-00456,store-00456.dbms,dbms,false,operational,in_use,2026-12-07T18:34:10Z,\N,2026-12-17T21:45:15Z,\N,1,assert
acme:data_store:store-01383~6ddc2b6066d5,data_store,acme,store-01383,store-01383.queue,queue,false,operational,in_use,2026-11-15T10:39:55Z,\N,2026-12-17T01:36:14Z,\N,1,assert
acme:data_store:store-01485~41bd6b7242ec,data_store,acme,store-01485,store-01485.file_share,file_share,false,operational,in_use,2026-11-07T15:43:27Z,\N,2026-12-17T10:21:47Z,\N,1,assert
acme:data_store:store-01959~671cde96002c,data_store,acme,store-01959,store-01959.dbms,dbms,false,operational,in_use,2026-11-09T20:36:21Z,\N,2026-12-17T20:56:14Z,\N,1,assert
acme:data_store:store-02643~ecd06ad06ab9,data_store,acme,store-02643,store-02643.dbms,dbms,false,operational,in_use,2026-12-04T08:28:37Z,\N,2026-12-17T06:38:01Z,\N,1,assert
acme:data_store:store-00237~24d632a70bc8,data_store,acme,store-00237,store-00237.dbms,dbms,false,operational,in_use,2026-11-27T16:26:43Z,\N,2026-12-18T18:42:19Z,\N,1,assert
acme:data_store:store-01591~a364efc2df6f,data_store,acme,store-01591,store-01591.dbms,dbms,true,operational,in_use,2026-12-13T03:55:10Z,\N,2026-12-18T15:16:07Z,\N,1,assert
acme:data_store:store-00254~14f98c4fc6bf,data_store,acme,store-00254,store-00254.dbms,dbms,false,operational,in_use,2026-12-18T01:38:23Z,\N,2026-12-19T16:41:48Z,\N,1,assert
acme:data_store:store-00608~3c06d088618b,data_store,acme,store-00608,store-00608.file_share,file_share,false,operational,in_use,2026-12-12T10:21:01Z,\N,2026-12-19T05:54:37Z,\N,1,assert
acme:data_store:store-02860~4f72e10c4e14,data_store,acme,store-02860,store-02860.queue,queue,false,operational,in_use,2026-12-05T00:15:15Z,\N,2026-12-19T19:05:50Z,\N,1,assert
acme:data_store:store-02908~6b6ab5a96263,data_store,acme,store-02908,store-02908.dbms,dbms,true,operational,in_use,2026-12-12T08:36:10Z,\N,2026-12-19T06:16:07Z,\N,1,assert
acme:data_store:store-02925~87c2090e3b00,data_store,acme,store-02925,store-02925.dbms,dbms,false,operational,in_use,2026-12-05T13:35:16Z,\N,2026-12-19T21:11:58Z,\N,1,assert
acme:data_store:store-01654~4475ca219ecd,data_store,acme,store-01654,store-01654.warehouse,warehouse,false,operational,in_use,2026-12-05T18:10:17Z,\N,2026-12-20T06:28:47Z,\N,1,assert
acme:data_store:store-02042~2a0bbbf8a7c7,data_store,acme,store-02042,store-02042.object_store,object_store,false,operational,in_use,2026-12-17T10:59:54Z,\N,2026-12-20T03:05:23Z,\N,1,assert
acme:data_store:store-03116~c6f630978235,data_store,acme,store-03116,store-03116.warehouse,warehouse,false,operational,in_use,2026-12-14T20:17:05Z,\N,2026-12-20T19:00:42Z,\N,1,assert
acme:data_store:store-03349~3140ff63fe5e,data_store,acme,store-03349,store-03349.file_share,file_share,true,operational,in_use,2026-11-09T23:12:46Z,\N,2026-12-20T17:40:50Z,\N,1,assert
acme:data_store:store-00778~13597a92d098,data_store,acme,store-00778,store-00778.dbms,dbms,false,operational,in_use,2026-12-08T04:32:45Z,\N,2026-12-21T10:02:13Z,\N,1,assert
acme:data_store:store-00877~e3bf47e54fdd,data_store,acme,store-00877,store-00877.warehouse,warehouse,true,operational,in_use,2026-11-10T05:26:33Z,\N,2026-12-21T15:29:21Z,\N,1,assert
acme:data_store:store-01670~f75131a47f60,data_store,acme,store-01670,store-01670.object_store,object_store,false,operational,in_use,2026-11-16T15:33:11Z,\N,2026-12-21T08:57:37Z,\N,1,assert
acme:data_store:store-01733~7bb99563830b,data_store,acme,store-01733,store-01733.object_store,object_store,false,operational,in_use,2026-11-21T02:51:28Z,\N,2026-12-21T20:21:24Z,\N,1,assert
acme:data_store:store-02361~8eddf5d64d65,data_store,acme,store-02361,store-02361.warehouse,warehouse,true,operational,in_use,2026-11-08T14:06:15Z,\N,2026-12-21T03:42:55Z,\N,1,assert
acme:data_store:store-00190~e968a039e2fa,data_store,acme,store-00190,store-00190.warehouse,warehouse,false,operational,in_use,2026-11-23T13:50:48Z,\N,2026-12-22T10:39:56Z,\N,1,assert
acme:data_store:store-01404~e52b80842496,data_store,acme,store-01404,store-01404.warehouse,warehouse,true,operational,in_use,2026-11-08T15:33:43Z,\N,2026-12-22T09:21:50Z,\N,1,assert
acme:data_store:store-02369~cb9d45bcfaaf,data_store,acme,store-02369,store-02369.warehouse,warehouse,false,operational,in_use,2026-11-14T07:09:16Z,\N,2026-12-22T09:00:17Z,\N,1,assert
acme:data_store:store-00854~9e66f1ebec31,data_store,acme,store-00854,store-00854.file_share,file_share,false,operational,in_use,2026-12-03T10:15:33Z,\N,2026-12-23T05:18:05Z,\N,1,assert
acme:data_store:store-01019~95d15d32e3d0,data_store,acme,store-01019,store-01019.file_share,file_share,false,operational,in_use,2026-12-02T07:11:38Z,\N,2026-12-23T01:25:14Z,\N,1,assert
acme:data_store:store-03457~059cc6192826,data_store,acme,\N,\N,\N,\N,\N,\N,2027-05-22T22:10:52Z,\N,2026-12-23T15:25:42Z,\N,2,retract
acme:data_store:store-01366~687b7da0f177,data_store,acme,store-01366,store-01366.file_share,file_share,false,operational,in_use,2026-11-16T05:27:13Z,\N,2026-12-23T17:57:33Z,\N,1,assert
acme:data_store:store-03206~c607f0f9a13a,data_store,acme,store-03206,store-03206.warehouse,warehouse,true,operational,in_use,2026-12-17T00:48:49Z,\N,2026-12-23T08:35:29Z,\N,1,assert
acme:data_store:store-03382~bf4862f5f7b3,data_store,acme,store-03382,store-03382.file_share,file_share,true,operational,in_use,2026-12-11T09:56:45Z,\N,2026-12-24T22:42:38Z,\N,1,assert
acme:data_store:store-01535~c63e0c324bc1,data_store,acme,store-01535,store-01535.file_share,file_share,true,operational,in_use,2026-12-13T00:33:58Z,\N,2026-12-25T10:07:38Z,\N,1,assert
acme:data_store:store-01926~bd33614113bd,data_store,acme,store-01926,store-01926.warehouse,warehouse,false,operational,in_use,2026-12-07T19:36:47Z,\N,2026-12-26T03:08:43Z,\N,1,assert
acme:data_store:store-01709~ea1b22fe4887,data_store,acme,store-01709,store-01709.dbms,dbms,true,operational,in_use,2026-12-13T20:13:06Z,\N,2026-12-26T08:52:21Z,\N,1,assert
acme:data_store:store-02742~ee0429548d66,data_store,acme,store-02742,store-02742.object_store,object_store,true,operational,in_use,2026-11-23T10:52:57Z,\N,2026-12-26T17:15:40Z,\N,1,assert
acme:data_store:store-03042~12bdbe6b5a50,data_store,acme,store-03042,store-03042.file_share,file_share,false,operational,in_use,2026-11-18T11:45:11Z,\N,2026-12-26T04:57:37Z,\N,1,assert
acme:data_store:store-03271~f9cd43ee4646,data_store,acme,store-03271,store-03271.warehouse,warehouse,false,operational,in_use,2026-11-28T09:59:42Z,\N,2026-12-26T20:36:20Z,\N,1,assert
acme:data_store:store-02853~e9316a23d8cb,data_store,acme,store-02853,store-02853.dbms,dbms,true,operational,in_use,2026-11-18T09:16:31Z,\N,2026-12-27T12:45:53Z,\N,1,assert
acme:data_store:store-00058~c06e3715c28a,data_store,acme,\N,\N,\N,\N,\N,\N,2024-08-14T02:15:26Z,\N,2026-12-27T13:47:54Z,\N,2,retract
acme:data_store:store-00040~7de541753555,data_store,acme,store-00040,store-00040.file_share,file_share,false,operational,in_use,2026-12-03T04:47:31Z,\N,2026-12-28T21:01:05Z,\N,1,assert
acme:data_store:store-01514~ca07671f4e39,data_store,acme,store-01514,store-01514.object_store,object_store,false,operational,in_use,2026-12-24T20:15:51Z,\N,2026-12-28T20:29:12Z,\N,1,assert
acme:data_store:store-01900~bf922e0441d4,data_store,acme,store-01900,store-01900.warehouse,warehouse,true,operational,in_use,2026-12-09T16:34:24Z,\N,2026-12-28T17:39:32Z,\N,1,assert
acme:data_store:store-02788~5afd8838870d,data_store,acme,store-02788,store-02788.warehouse,warehouse,false,operational,in_use,2026-12-03T16:06:34Z,\N,2026-12-28T04:00:25Z,\N,1,assert
acme:data_store:store-02831~25e619c6abd1,data_store,acme,store-02831,store-02831.dbms,dbms,true,operational,in_use,2026-12-05T11:58:55Z,\N,2026-12-28T14:17:36Z,\N,1,assert
acme:data_store:store-02487~48821b33b710,data_store,acme,store-02487,store-02487.warehouse,warehouse,true,operational,in_use,2026-11-21T23:04:05Z,\N,2026-12-29T10:00:17Z,\N,1,assert
acme:data_store:store-02897~a7f6bc10a576,data_store,acme,store-02897,store-02897.dbms,dbms,false,operational,in_use,2026-12-01T12:38:44Z,2027-04-07T00:49:00Z,2026-12-29T15:39:13Z,\N,1,assert
acme:data_store:store-01576~4ece57cf963d,data_store,acme,store-01576,store-01576.file_share,file_share,true,operational,in_use,2026-12-17T17:53:00Z,\N,2026-12-30T21:21:52Z,\N,1,assert
acme:data_store:store-02218~7984d5d54169,data_store,acme,store-02218,store-02218.object_store,object_store,false,operational,in_use,2026-12-15T09:39:36Z,\N,2026-12-30T03:12:57Z,\N,1,assert
acme:data_store:store-00378~e98eafbb70dc,data_store,acme,store-00378,store-00378.file_share,file_share,true,operational,in_use,2026-12-02T16:07:09Z,\N,2026-12-31T09:40:02Z,\N,1,assert
acme:data_store:store-00615~3b832c1a2602,data_store,acme,store-00615,store-00615.warehouse,warehouse,false,operational,in_use,2026-11-24T13:29:52Z,\N,2026-12-31T16:40:44Z,\N,1,assert
acme:data_store:store-02545~3a2d65de28b4,data_store,acme,store-02545,store-02545.dbms,dbms,false,operational,in_use,2026-12-02T23:57:26Z,\N,2026-12-31T21:46:14Z,\N,1,assert
acme:data_store:store-03380~1088987404a4,data_store,acme,\N,\N,\N,\N,\N,\N,2023-11-17T06:39:33Z,\N,2027-01-01T03:31:35Z,\N,2,retract
acme:data_store:store-00153~6018034a35ab,data_store,acme,store-00153,store-00153.dbms,dbms,true,operational,in_use,2026-12-30T05:01:04Z,\N,2027-01-01T15:05:24Z,\N,1,assert
acme:data_store:store-01250~635e5eb0357e,data_store,acme,store-01250,store-01250.object_store,object_store,false,operational,in_use,2026-12-02T18:00:46Z,\N,2027-01-01T08:25:26Z,\N,1,assert
acme:data_store:store-01515~9df04e130d94,data_store,acme,store-01515,store-01515.object_store,object_store,true,operational,in_use,2026-11-21T14:13:09Z,\N,2027-01-01T03:06:46Z,\N,1,assert
acme:data_store:store-02513~ca8c391dcada,data_store,acme,store-02513,store-02513.dbms,dbms,false,operational,in_use,2026-12-12T06:19:21Z,\N,2027-01-01T14:45:48Z,\N,1,assert
acme:data_store:store-03314~3fbb7afe190b,data_store,acme,store-03314,store-03314.dbms,dbms,false,operational,in_use,2026-12-30T06:55:32Z,\N,2027-01-01T20:18:16Z,\N,1,assert
acme:data_store:store-01128~005dd7ec1f11,data_store,acme,store-01128,store-01128.dbms,dbms,false,operational,in_use,2026-12-19T15:33:03Z,\N,2027-01-02T03:08:36Z,\N,1,assert
acme:data_store:store-02812~3fc210d2d068,data_store,acme,store-02812,store-02812.object_store,object_store,true,operational,in_use,2026-12-17T19:42:17Z,\N,2027-01-02T10:12:05Z,\N,1,assert
acme:data_store:store-00402~e193fb58cb91,data_store,acme,store-00402,store-00402.dbms,dbms,false,operational,in_use,2026-12-07T06:16:25Z,\N,2027-01-03T06:42:02Z,\N,1,assert
acme:data_store:store-00963~a5332f52f582,data_store,acme,store-00963,store-00963.queue,queue,false,operational,in_use,2026-11-24T01:40:04Z,\N,2027-01-03T00:32:48Z,\N,1,assert
acme:data_store:store-00060~47bb7655d919,data_store,acme,\N,\N,\N,\N,\N,\N,2023-11-25T02:58:09Z,\N,2027-01-03T07:23:33Z,\N,2,retract
acme:data_store:store-02761~bf2eec35375c,data_store,acme,store-02761,store-02761.dbms,dbms,false,operational,in_use,2027-01-01T15:13:37Z,\N,2027-01-03T14:38:15Z,\N,1,assert
acme:data_store:store-02107~e4e0727ab473,data_store,acme,store-02107,store-02107.file_share,file_share,true,operational,in_use,2026-12-11T01:49:16Z,\N,2027-01-03T16:40:23Z,\N,1,assert
acme:data_store:store-02129~4a703401620e,data_store,acme,store-02129,store-02129.dbms,dbms,false,operational,in_use,2026-11-22T19:13:37Z,\N,2027-01-03T16:58:14Z,\N,1,assert
acme:data_store:store-02612~43a02fc9424c,data_store,acme,store-02612,store-02612.queue,queue,false,operational,in_use,2026-12-30T15:07:26Z,\N,2027-01-03T10:54:21Z,\N,1,assert
acme:data_store:store-03321~d4bbccca390a,data_store,acme,store-03321,store-03321.dbms,dbms,true,operational,in_use,2026-11-30T13:54:00Z,\N,2027-01-03T19:05:02Z,\N,1,assert
acme:data_store:store-01734~0f9b28f51cad,data_store,acme,store-01734,store-01734.warehouse,warehouse,false,operational,in_use,2026-12-19T08:21:19Z,\N,2027-01-04T00:54:18Z,\N,1,assert
acme:data_store:store-01379~5e5ff55b2ed7,data_store,acme,\N,\N,\N,\N,\N,\N,2027-03-10T20:28:26Z,\N,2027-01-05T13:36:09Z,\N,2,retract
acme:data_store:store-01702~43ac3dcfffde,data_store,acme,store-01702,store-01702.file_share,file_share,false,operational,in_use,2026-11-25T04:40:07Z,\N,2027-01-05T21:26:18Z,\N,1,assert
acme:data_store:store-03225~2b0e569d9661,data_store,acme,store-03225,store-03225.object_store,object_store,false,operational,in_use,2026-12-03T11:43:41Z,\N,2027-01-05T04:16:56Z,\N,1,assert
acme:data_store:store-03392~c899b8ca9151,data_store,acme,store-03392,store-03392.file_share,file_share,false,operational,in_use,2027-01-01T06:59:54Z,\N,2027-01-05T10:09:26Z,\N,1,assert
acme:data_store:store-01105~994b96a95a93,data_store,acme,store-01105,store-01105.dbms,dbms,false,operational,in_use,2027-01-04T04:44:32Z,\N,2027-01-06T10:57:08Z,\N,1,assert
acme:data_store:store-00670~a20a46560799,data_store,acme,store-00670,store-00670.dbms,dbms,false,operational,in_use,2026-12-14T13:34:11Z,\N,2027-01-07T09:38:32Z,\N,1,assert
acme:data_store:store-00684~56b45c754a2d,data_store,acme,store-00684,store-00684.dbms,dbms,false,operational,in_use,2026-11-26T08:04:49Z,\N,2027-01-07T03:06:20Z,\N,1,assert
acme:data_store:store-01768~6b51552bbe2e,data_store,acme,store-01768,store-01768.file_share,file_share,false,operational,in_use,2026-12-30T07:28:06Z,\N,2027-01-07T05:20:51Z,\N,1,assert
acme:data_store:store-02153~ec0199917321,data_store,acme,store-02153,store-02153.object_store,object_store,true,operational,in_use,2026-11-29T05:34:08Z,\N,2027-01-07T02:32:39Z,\N,1,assert
acme:data_store:store-02224~fa1e460cf65e,data_store,acme,store-02224,store-02224.dbms,dbms,false,operational,in_use,2026-12-07T09:41:51Z,\N,2027-01-07T05:44:32Z,\N,1,assert
acme:data_store:store-02365~e3360f91cebd,data_store,acme,store-02365,store-02365.warehouse,warehouse,false,operational,in_use,2026-12-30T00:38:12Z,\N,2027-01-08T05:52:20Z,\N,1,assert
acme:data_store:store-03073~90d6ab953ad0,data_store,acme,\N,\N,\N,\N,\N,\N,2023-02-26T08:36:25Z,\N,2027-01-08T12:51:58Z,\N,2,retract
acme:data_store:store-02526~33bafcc8127b,data_store,acme,store-02526,store-02526.dbms,dbms,true,operational,in_use,2026-12-27T04:40:09Z,\N,2027-01-08T20:27:31Z,\N,1,assert
acme:data_store:store-02730~bc079531c40f,data_store,acme,store-02730,store-02730.queue,queue,true,operational,in_use,2026-12-06T07:54:21Z,\N,2027-01-08T18:31:56Z,\N,1,assert
acme:data_store:store-02867~56f05dbdc0a2,data_store,acme,store-02867,store-02867.dbms,dbms,false,operational,in_use,2027-01-05T23:31:02Z,\N,2027-01-08T11:09:55Z,\N,1,assert
acme:data_store:store-03142~6ce0f314e9d4,data_store,acme,store-03142,store-03142.file_share,file_share,true,operational,in_use,2026-12-25T01:06:33Z,\N,2027-01-08T07:13:00Z,\N,1,assert
acme:data_store:store-00119~2a5469121cbe,data_store,acme,store-00119,store-00119.object_store,object_store,false,operational,in_use,2026-12-24T06:08:27Z,\N,2027-01-09T11:59:04Z,\N,1,assert
acme:data_store:store-02382~4004ab35040a,data_store,acme,store-02382,store-02382.dbms,dbms,false,operational,in_use,2026-12-04T20:06:00Z,\N,2027-01-09T17:11:06Z,\N,1,assert
acme:data_store:store-03577~4209225ba4f2,data_store,acme,store-03577,store-03577.warehouse,warehouse,false,operational,in_use,2026-11-26T17:47:19Z,\N,2027-01-09T14:54:08Z,\N,1,assert
acme:data_store:store-01357~a5781283ee83,data_store,acme,store-01357,store-01357.warehouse,warehouse,false,operational,in_use,2026-12-09T07:15:20Z,\N,2027-01-10T17:36:10Z,\N,1,assert
acme:data_store:store-02608~8ccd4fad7c3c,data_store,acme,store-02608,store-02608.queue,queue,true,operational,in_use,2026-12-17T15:06:49Z,\N,2027-01-10T01:52:49Z,\N,1,assert
acme:data_store:store-03289~a1c15e53310d,data_store,acme,store-03289,store-03289.dbms,dbms,false,operational,in_use,2026-12-14T23:30:05Z,\N,2027-01-10T23:53:10Z,\N,1,assert
acme:data_store:store-03329~cb00ec8b8b51,data_store,acme,store-03329,store-03329.dbms,dbms,false,operational,in_use,2026-12-28T08:47:59Z,\N,2027-01-10T21:19:33Z,\N,1,assert
acme:data_store:store-03212~e2ac7937ef9c,data_store,acme,store-03212,store-03212.file_share,file_share,true,operational,in_maintenance,2026-10-08T11:58:18Z,\N,2027-01-11T14:29:31Z,\N,2,assert
acme:data_store:store-03166~692302c9ef9a,data_store,acme,store-03166,store-03166.dbms,dbms,false,operational,in_use,2026-12-22T01:17:59Z,\N,2027-01-11T20:01:34Z,\N,1,assert
acme:data_store:store-02173~07023e3c4efc,data_store,acme,store-02173,store-02173.dbms,dbms,true,operational,in_use,2026-12-26T20:10:16Z,\N,2027-01-11T23:43:39Z,\N,1,assert
acme:data_store:store-03579~4b41d7738d91,data_store,acme,store-03579,store-03579.object_store,object_store,false,operational,in_use,2026-12-16T06:17:01Z,\N,2027-01-11T03:14:43Z,\N,1,assert
acme:data_store:store-00174~063f1dbbae28,data_store,acme,store-00174,store-00174.warehouse,warehouse,false,operational,in_use,2026-12-11T00:06:28Z,\N,2027-01-12T16:48:12Z,\N,1,assert
acme:data_store:store-01054~d2247a92491d,data_store,acme,store-01054,store-01054.object_store,object_store,true,operational,in_use,2027-01-08T06:26:57Z,\N,2027-01-12T21:40:41Z,\N,1,assert
acme:data_store:store-02217~5f6ba72d74b5,data_store,acme,store-02217,store-02217.file_share,file_share,false,operational,in_use,2027-01-04T04:39:33Z,\N,2027-01-12T11:38:21Z,\N,1,assert
acme:data_store:store-02889~1351ca68cf84,data_store,acme,store-02889,store-02889.object_store,object_store,false,operational,in_use,2026-12-05T04:48:55Z,\N,2027-01-12T16:39:36Z,\N,1,assert
acme:data_store:store-00329~9109663f67c1,data_store,acme,\N,\N,\N,\N,\N,\N,2027-07-24T10:24:23Z,\N,2027-01-13T07:55:15Z,\N,2,retract
acme:data_store:store-00264~08e924e2fddc,data_store,acme,store-00264,store-00264.warehouse,warehouse,true,operational,in_use,2026-12-19T10:42:53Z,\N,2027-01-13T13:06:46Z,\N,1,assert
acme:data_store:store-01923~634c27d99947,data_store,acme,store-01923,store-01923.object_store,object_store,false,operational,in_use,2026-12-21T00:45:04Z,\N,2027-01-13T17:26:53Z,\N,1,assert
acme:data_store:store-02559~663db52b67bc,data_store,acme,store-02559,store-02559.file_share,file_share,false,operational,in_use,2027-01-04T13:39:33Z,\N,2027-01-13T14:45:29Z,\N,1,assert
acme:data_store:store-02717~8c77777da58a,data_store,acme,store-02717,store-02717.queue,queue,false,operational,in_use,2026-12-01T12:30:50Z,\N,2027-01-13T09:47:43Z,\N,1,assert
acme:data_store:store-03247~f49dd36bf542,data_store,acme,store-03247,store-03247.object_store,object_store,false,operational,in_use,2026-12-27T10:01:37Z,\N,2027-01-13T14:37:38Z,\N,1,assert
acme:data_store:store-03586~cbe8d5917d78,data_store,acme,store-03586,store-03586.dbms,dbms,false,operational,in_use,2026-12-16T11:00:57Z,\N,2027-01-14T02:08:47Z,2027-02-20T20:17:50Z,1,assert
acme:data_store:store-01971~733ad85cfb0a,data_store,acme,store-01971,store-01971.file_share,file_share,true,operational,in_use,2026-12-12T06:27:17Z,\N,2027-01-14T19:15:42Z,\N,1,assert
acme:data_store:store-01603~63e70d9d514a,data_store,acme,store-01603,store-01603.dbms,dbms,true,operational,in_use,2026-12-12T20:28:57Z,\N,2027-01-15T05:54:04Z,\N,1,assert
acme:data_store:store-02431~30a18e8118d5,data_store,acme,store-02431,store-02431.object_store,object_store,false,operational,in_use,2027-01-11T01:09:20Z,\N,2027-01-15T23:23:42Z,\N,1,assert
acme:data_store:store-00779~bc93fa5de587,data_store,acme,store-00779,store-00779.warehouse,warehouse,false,operational,in_use,2026-12-18T05:44:23Z,\N,2027-01-16T01:01:17Z,\N,1,assert
acme:data_store:store-01339~49fe33419d08,data_store,acme,store-01339,store-01339.dbms,dbms,false,operational,in_use,2027-01-05T04:22:17Z,\N,2027-01-16T02:51:40Z,\N,1,assert
acme:data_store:store-01347~d35fff726783,data_store,acme,store-01347,store-01347.file_share,file_share,true,operational,in_use,2026-12-17T18:33:01Z,\N,2027-01-16T01:02:30Z,\N,1,assert
acme:data_store:store-03403~b69d814c4331,data_store,acme,store-03403,store-03403.warehouse,warehouse,true,operational,in_use,2026-12-08T01:58:10Z,\N,2027-01-16T01:57:12Z,\N,1,assert
acme:data_store:store-01474~7c271a88db77,data_store,acme,store-01474,store-01474.file_share,file_share,false,operational,in_use,2026-12-17T06:52:27Z,\N,2027-01-16T21:52:07Z,2027-04-02T17:39:34Z,1,assert
acme:data_store:store-01666~0c4bccbd8f3d,data_store,acme,store-01666,store-01666.queue,queue,true,operational,end_of_support,2026-06-15T15:58:43Z,\N,2027-01-17T01:23:28Z,\N,2,assert
acme:data_store:store-00067~1797d843fbb1,data_store,acme,store-00067,store-00067.object_store,object_store,false,operational,in_use,2027-01-06T10:55:49Z,\N,2027-01-17T09:27:23Z,\N,1,assert
acme:data_store:store-03532~217e18356877,data_store,acme,store-03532,store-03532.warehouse,warehouse,true,operational,in_use,2026-12-10T20:16:06Z,\N,2027-01-17T22:13:11Z,\N,1,assert
acme:data_store:store-01117~ad9c1b879dca,data_store,acme,store-01117,store-01117.dbms,dbms,true,operational,in_use,2027-01-13T17:44:50Z,\N,2027-01-18T15:51:54Z,\N,1,assert
acme:data_store:store-02418~3e7a4a2edbf9,data_store,acme,store-02418,store-02418.queue,queue,false,operational,in_use,2027-01-19T06:38:02Z,\N,2027-01-19T06:38:02Z,\N,1,assert
acme:data_store:store-03597~c5b4abddcec8,data_store,acme,store-03597,store-03597.file_share,file_share,false,operational,in_use,2026-12-18T14:27:31Z,\N,2027-01-19T05:40:10Z,\N,1,assert
acme:data_store:store-00959~5f4876b5ab3a,data_store,acme,store-00959,store-00959.file_share,file_share,false,operational,in_use,2026-12-30T13:27:07Z,\N,2027-01-20T15:51:47Z,\N,1,assert
acme:data_store:store-03571~ce6b1001453d,data_store,acme,store-03571,store-03571.file_share,file_share,false,operational,in_use,2026-12-28T09:35:12Z,\N,2027-01-20T09:36:38Z,\N,1,assert
acme:data_store:store-00748~37e3b8904cb1,data_store,acme,store-00748,store-00748.warehouse,warehouse,false,operational,in_use,2027-01-07T12:19:21Z,\N,2027-01-21T05:29:16Z,\N,1,assert
acme:data_store:store-01662~887e14c75ad4,data_store,acme,store-01662,store-01662.warehouse,warehouse,false,operational,in_use,2027-01-13T22:05:01Z,\N,2027-01-21T03:14:04Z,\N,1,assert
acme:data_store:store-02009~8a9aafac093e,data_store,acme,store-02009,store-02009.file_share,file_share,true,operational,in_use,2027-01-02T03:10:02Z,\N,2027-01-21T01:25:44Z,\N,1,assert
acme:data_store:store-02052~d0a232b541db,data_store,acme,store-02052,store-02052.warehouse,warehouse,false,operational,in_use,2027-01-11T09:20:16Z,\N,2027-01-21T14:49:03Z,\N,1,assert
acme:data_store:store-03570~fa9461297c59,data_store,acme,store-03570,store-03570.warehouse,warehouse,false,operational,in_use,2026-12-27T09:21:52Z,\N,2027-01-21T15:33:53Z,\N,1,assert
acme:data_store:store-00288~69343e9f1921,data_store,acme,store-00288,store-00288.dbms,dbms,true,operational,in_use,2026-12-31T11:51:09Z,\N,2027-01-22T17:37:58Z,\N,1,assert
acme:data_store:store-00646~12ff197ad3cb,data_store,acme,store-00646,store-00646.file_share,file_share,true,operational,in_use,2027-01-22T03:37:35Z,\N,2027-01-22T03:37:35Z,\N,1,assert
acme:data_store:store-03285~9d16c1644147,data_store,acme,\N,\N,\N,\N,\N,\N,2026-05-30T01:04:25Z,\N,2027-01-22T18:09:28Z,\N,2,retract
acme:data_store:store-01179~b2fc18746731,data_store,acme,store-01179,store-01179.warehouse,warehouse,true,operational,in_use,2027-01-05T16:12:51Z,\N,2027-01-22T22:17:17Z,\N,1,assert
acme:data_store:store-02711~0d550a96984f,data_store,acme,store-02711,store-02711.object_store,object_store,false,operational,in_use,2027-01-08T08:49:35Z,\N,2027-01-22T01:33:13Z,\N,1,assert
acme:data_store:store-02917~25661a2e1177,data_store,acme,store-02917,store-02917.object_store,object_store,false,operational,in_maintenance,2026-04-06T00:15:17Z,\N,2027-01-23T02:50:28Z,\N,2,assert
acme:data_store:store-00498~2a69d10e4f56,data_store,acme,store-00498,store-00498.object_store,object_store,false,operational,in_use,2026-12-25T19:05:22Z,\N,2027-01-23T08:31:12Z,\N,1,assert
acme:data_store:store-01371~346ab66ae870,data_store,acme,store-01371,store-01371.file_share,file_share,false,operational,in_use,2026-12-17T21:48:07Z,\N,2027-01-23T11:27:07Z,\N,1,assert
acme:data_store:store-03241~4996942a5493,data_store,acme,store-03241,store-03241.object_store,object_store,false,operational,in_use,2027-01-18T16:13:54Z,\N,2027-01-23T16:14:51Z,\N,1,assert
acme:data_store:store-03325~3d61c108893b,data_store,acme,store-03325,store-03325.dbms,dbms,true,operational,in_use,2027-01-23T07:35:39Z,\N,2027-01-23T07:35:39Z,\N,1,assert
acme:data_store:store-03207~409981b733df,data_store,acme,store-03207,store-03207.file_share,file_share,false,operational,in_use,2027-01-04T16:56:08Z,\N,2027-01-24T03:07:58Z,\N,1,assert
acme:data_store:store-01263~0ae1a77e2811,data_store,acme,\N,\N,\N,\N,\N,\N,2023-05-15T18:48:36Z,\N,2027-01-25T06:30:20Z,\N,2,retract
acme:data_store:store-00510~a0633260e9a9,data_store,acme,store-00510,store-00510.file_share,file_share,false,operational,in_use,2026-12-22T04:59:48Z,\N,2027-01-25T10:29:53Z,\N,1,assert
acme:data_store:store-00175~121118fda0ef,data_store,acme,store-00175,store-00175.object_store,object_store,false,operational,in_use,2027-01-14T17:21:48Z,\N,2027-01-25T23:16:28Z,\N,1,assert
acme:data_store:store-00257~3bdb75c24fb1,data_store,acme,store-00257,store-00257.dbms,dbms,false,operational,in_use,2026-12-19T07:08:25Z,\N,2027-01-25T13:02:46Z,\N,1,assert
acme:data_store:store-02342~98a0eafdcc5b,data_store,acme,store-02342,store-02342.dbms,dbms,false,operational,in_use,2027-01-01T05:45:57Z,\N,2027-01-25T04:43:43Z,\N,1,assert
acme:data_store:store-02376~56723e232226,data_store,acme,store-02376,store-02376.warehouse,warehouse,false,operational,in_use,2027-01-04T20:53:46Z,\N,2027-01-25T12:13:06Z,\N,1,assert
acme:data_store:store-01056~18cc583411f3,data_store,acme,store-01056,store-01056.file_share,file_share,false,operational,in_use,2027-01-25T16:35:52Z,\N,2027-01-26T12:50:55Z,\N,1,assert
acme:data_store:store-01835~b05c3dd6a04a,data_store,acme,store-01835,store-01835.object_store,object_store,false,operational,in_use,2026-12-21T21:24:58Z,\N,2027-01-26T02:53:41Z,\N,1,assert
acme:data_store:store-02897~a7f6bc10a576,data_store,acme,\N,\N,\N,\N,\N,\N,2027-04-07T00:49:00Z,\N,2027-01-26T23:42:27Z,\N,2,retract
acme:data_store:store-01236~167ff496ab87,data_store,acme,store-01236,store-01236.warehouse,warehouse,false,operational,in_use,2027-01-25T08:28:40Z,\N,2027-01-27T11:54:45Z,\N,1,assert
acme:data_store:store-02918~7493f108e61e,data_store,acme,store-02918,store-02918.dbms,dbms,false,operational,in_use,2026-12-25T17:43:18Z,\N,2027-01-27T18:19:01Z,\N,1,assert
acme:data_store:store-02949~a42aa344a4f2,data_store,acme,store-02949,store-02949.dbms,dbms,false,operational,in_maintenance,2021-12-26T19:03:44Z,\N,2027-01-27T20:33:48Z,\N,2,assert
acme:data_store:store-00355~cc859e6945ca,data_store,acme,store-00355,store-00355.object_store,object_store,false,operational,in_use,2026-12-29T05:55:59Z,\N,2027-01-28T20:19:34Z,\N,1,assert
acme:data_store:store-01309~f62b5ef003f9,data_store,acme,store-01309,store-01309.object_store,object_store,false,operational,in_use,2026-12-15T00:24:27Z,\N,2027-01-28T10:32:36Z,\N,1,assert
acme:data_store:store-01607~398b237d261b,data_store,acme,store-01607,store-01607.warehouse,warehouse,true,operational,in_use,2026-12-20T12:47:54Z,\N,2027-01-28T09:13:16Z,\N,1,assert
acme:data_store:store-03217~e75996e0ff29,data_store,acme,store-03217,store-03217.dbms,dbms,false,operational,in_use,2027-01-27T23:51:35Z,\N,2027-01-28T20:25:13Z,\N,1,assert
acme:data_store:store-03491~e450ef21d509,data_store,acme,store-03491,store-03491.dbms,dbms,false,operational,in_use,2026-12-16T09:35:16Z,\N,2027-01-29T12:35:59Z,\N,1,assert
acme:data_store:store-02313~a1e90c4433c2,data_store,acme,\N,\N,\N,\N,\N,\N,2027-01-23T10:28:07Z,\N,2027-01-30T18:04:04Z,\N,2,retract
acme:data_store:store-01613~d94cd1ed4cc8,data_store,acme,store-01613,store-01613.dbms,dbms,false,operational,in_use,2027-01-27T23:13:04Z,\N,2027-01-30T23:30:18Z,\N,1,assert
acme:data_store:store-02528~be3e52913e42,data_store,acme,store-02528,store-02528.warehouse,warehouse,false,operational,in_use,2027-01-30T09:32:38Z,\N,2027-01-30T09:32:38Z,\N,1,assert
acme:data_store:store-00016~ed043789110b,data_store,acme,store-00016,store-00016.file_share,file_share,false,operational,in_use,2027-01-23T22:25:18Z,\N,2027-01-31T11:20:28Z,\N,1,assert
acme:data_store:store-00278~c6a2715471d0,data_store,acme,store-00278,store-00278.object_store,object_store,false,operational,in_use,2026-12-19T19:17:14Z,\N,2027-01-31T11:53:52Z,\N,1,assert
acme:data_store:store-01011~1bb80970db79,data_store,acme,store-01011,store-01011.dbms,dbms,false,operational,in_use,2026-12-28T02:30:46Z,\N,2027-01-31T10:39:18Z,\N,1,assert
acme:data_store:store-03186~87a65d646323,data_store,acme,store-03186,store-03186.object_store,object_store,true,operational,in_use,2027-01-11T04:57:34Z,\N,2027-01-31T02:06:10Z,\N,1,assert
acme:data_store:store-01943~47b0e5431342,data_store,acme,store-01943,store-01943.dbms,dbms,false,operational,in_use,2026-12-19T20:20:47Z,\N,2027-02-01T01:19:52Z,\N,1,assert
acme:data_store:store-00902~cab46a604309,data_store,acme,store-00902,store-00902.file_share,file_share,false,operational,in_use,2027-01-25T05:38:45Z,\N,2027-02-03T17:36:19Z,\N,1,assert
acme:data_store:store-00951~2a454104c10f,data_store,acme,store-00951,store-00951.file_share,file_share,false,operational,in_use,2027-02-02T05:30:09Z,\N,2027-02-03T07:46:17Z,\N,1,assert
acme:data_store:store-03190~f74516c41cca,data_store,acme,store-03190,store-03190.dbms,dbms,true,operational,in_use,2027-01-13T00:08:35Z,\N,2027-02-03T04:30:56Z,\N,1,assert
acme:data_store:store-03195~6545050e1271,data_store,acme,store-03195,store-03195.dbms,dbms,true,operational,in_use,2026-12-30T08:04:08Z,\N,2027-02-03T15:32:18Z,\N,1,assert
acme:data_store:store-01038~c15c1b6eeffc,data_store,acme,store-01038,store-01038.dbms,dbms,false,operational,in_use,2027-01-12T21:45:37Z,\N,2027-02-04T07:13:00Z,\N,1,assert
acme:data_store:store-02456~4df0112f4923,data_store,acme,store-02456,store-02456.dbms,dbms,false,operational,in_use,2027-02-04T16:57:55Z,\N,2027-02-04T16:57:55Z,\N,1,assert
acme:data_store:store-00626~65583f9f7730,data_store,acme,store-00626,store-00626.object_store,object_store,false,operational,in_use,2027-02-04T01:15:11Z,\N,2027-02-05T20:46:02Z,\N,1,assert
acme:data_store:store-03494~75a7c5660308,data_store,acme,store-03494,store-03494.object_store,object_store,false,operational,in_use,2027-02-05T19:30:33Z,\N,2027-02-05T19:30:33Z,\N,1,assert
acme:data_store:store-01811~b4af806513ec,data_store,acme,store-01811,store-01811.file_share,file_share,false,operational,end_of_support,2026-05-16T06:09:55Z,\N,2027-02-06T07:23:07Z,\N,2,assert
acme:data_store:store-00125~0cce76735537,data_store,acme,store-00125,store-00125.warehouse,warehouse,false,operational,in_use,2027-02-04T05:51:18Z,\N,2027-02-06T11:40:15Z,\N,1,assert
acme:data_store:store-00136~f7e55c714ea8,data_store,acme,store-00136,store-00136.warehouse,warehouse,false,operational,in_use,2027-01-08T18:54:02Z,\N,2027-02-06T11:40:02Z,\N,1,assert
acme:data_store:store-01015~8d40d5cbf042,data_store,acme,store-01015,store-01015.warehouse,warehouse,true,operational,in_use,2027-01-31T22:36:06Z,\N,2027-02-06T18:34:51Z,\N,1,assert
acme:data_store:store-02503~8675331b99f0,data_store,acme,store-02503,store-02503.object_store,object_store,true,operational,in_use,2027-01-02T22:43:31Z,\N,2027-02-06T22:54:45Z,\N,1,assert
acme:data_store:store-02868~7b7b86ee0ca7,data_store,acme,store-02868,store-02868.file_share,file_share,false,operational,in_use,2026-12-27T02:43:30Z,\N,2027-02-06T14:56:50Z,\N,1,assert
acme:data_store:store-02147~86ca76af8095,data_store,acme,store-02147,store-02147.dbms,dbms,false,operational,in_use,2027-01-22T00:33:30Z,\N,2027-02-07T11:58:23Z,\N,1,assert
acme:data_store:store-02891~8add75def758,data_store,acme,store-02891,store-02891.queue,queue,false,operational,in_use,2027-01-14T19:58:14Z,\N,2027-02-07T09:30:46Z,\N,1,assert
acme:data_store:store-03416~892cfafab23e,data_store,acme,store-03416,store-03416.queue,queue,true,operational,in_use,2027-01-01T06:00:40Z,\N,2027-02-07T19:13:03Z,\N,1,assert
acme:data_store:store-00238~4fc721b85bf3,data_store,acme,store-00238,store-00238.file_share,file_share,false,operational,in_use,2027-01-01T14:04:06Z,\N,2027-02-08T10:18:52Z,\N,1,assert
acme:data_store:store-00186~ab417b69d5a5,data_store,acme,\N,\N,\N,\N,\N,\N,2023-09-20T14:59:38Z,\N,2027-02-08T23:15:59Z,\N,2,retract
acme:data_store:store-00704~eb6b01b19b52,data_store,acme,store-00704,store-00704.queue,queue,false,operational,in_use,2027-01-04T00:09:14Z,\N,2027-02-09T17:59:10Z,\N,1,assert
acme:data_store:store-01396~1697a866fe20,data_store,acme,store-01396,store-01396.queue,queue,true,operational,in_use,2027-01-01T22:29:10Z,\N,2027-02-09T13:22:16Z,\N,1,assert
acme:data_store:store-01706~f7f3ca4d2177,data_store,acme,store-01706,store-01706.file_share,file_share,false,operational,in_use,2027-02-03T09:57:35Z,\N,2027-02-09T15:55:03Z,\N,1,assert
acme:data_store:store-01977~881ce33c6f18,data_store,acme,store-01977,store-01977.queue,queue,true,operational,in_use,2026-12-31T05:53:08Z,\N,2027-02-09T22:05:35Z,\N,1,assert
acme:data_store:store-01104~4c2e028b84ae,data_store,acme,store-01104,store-01104.file_share,file_share,false,operational,in_use,2026-12-31T18:18:31Z,\N,2027-02-10T09:15:58Z,\N,1,assert
acme:data_store:store-01333~2a2fe80e4491,data_store,acme,store-01333,store-01333.warehouse,warehouse,true,operational,in_use,2027-01-26T13:32:26Z,\N,2027-02-10T14:48:57Z,\N,1,assert
acme:data_store:store-01436~a0c010e8f338,data_store,acme,store-01436,store-01436.file_share,file_share,false,operational,in_use,2027-01-04T12:57:56Z,\N,2027-02-10T01:26:58Z,\N,1,assert
acme:data_store:store-02093~1d5d302d71c2,data_store,acme,store-02093,store-02093.object_store,object_store,false,operational,in_use,2027-01-21T01:11:17Z,\N,2027-02-10T14:32:52Z,\N,1,assert
acme:data_store:store-03363~48dfc9270a7f,data_store,acme,store-03363,store-03363.dbms,dbms,false,operational,in_use,2027-01-13T01:41:16Z,\N,2027-02-10T15:52:54Z,\N,1,assert
acme:data_store:store-03488~93764d716644,data_store,acme,store-03488,store-03488.queue,queue,false,operational,in_use,2027-01-23T21:30:37Z,\N,2027-02-10T04:09:47Z,\N,1,assert
acme:data_store:store-00483~88b741e3791a,data_store,acme,\N,\N,\N,\N,\N,\N,2024-08-01T04:04:05Z,\N,2027-02-11T09:35:17Z,\N,2,retract
acme:data_store:store-00855~c044a05f1519,data_store,acme,store-00855,store-00855.object_store,object_store,true,operational,in_use,2027-02-06T05:00:31Z,\N,2027-02-11T12:36:42Z,\N,1,assert
acme:data_store:store-02518~816d534b4a8b,data_store,acme,store-02518,store-02518.file_share,file_share,true,operational,in_use,2027-01-17T20:51:05Z,\N,2027-02-11T23:56:33Z,\N,1,assert
acme:data_store:store-01572~dfb1a5896646,data_store,acme,store-01572,store-01572.warehouse,warehouse,true,operational,in_use,2027-01-02T17:40:10Z,\N,2027-02-12T16:33:46Z,\N,1,assert
acme:data_store:store-02100~69041023495e,data_store,acme,store-02100,store-02100.file_share,file_share,true,operational,in_use,2026-12-31T00:07:44Z,\N,2027-02-12T00:35:26Z,\N,1,assert
acme:data_store:store-02204~b1176663c7aa,data_store,acme,store-02204,store-02204.dbms,dbms,false,operational,in_use,2027-01-19T08:02:37Z,\N,2027-02-12T16:18:04Z,\N,1,assert
acme:data_store:store-02477~90b9659d9cf7,data_store,acme,store-02477,store-02477.dbms,dbms,false,operational,in_use,2027-01-02T12:15:42Z,\N,2027-02-12T00:22:22Z,\N,1,assert
acme:data_store:store-00782~111a1ab8e3fb,data_store,acme,store-00782,store-00782.dbms,dbms,false,operational,in_use,2027-02-03T21:20:27Z,2028-03-21T00:27:26Z,2027-02-12T17:54:20Z,\N,1,assert
acme:data_store:store-02510~9728c1a65685,data_store,acme,store-02510,store-02510.object_store,object_store,false,operational,in_use,2027-01-08T13:45:53Z,\N,2027-02-12T17:54:30Z,\N,1,assert
acme:data_store:store-01110~9a46239ec37b,data_store,acme,store-01110,store-01110.object_store,object_store,false,operational,in_use,2027-01-24T21:16:12Z,\N,2027-02-13T16:42:21Z,\N,1,assert
acme:data_store:store-01606~fa8004063e10,data_store,acme,store-01606,store-01606.object_store,object_store,true,operational,in_use,2027-02-01T00:33:42Z,\N,2027-02-13T19:23:19Z,\N,1,assert
acme:data_store:store-03119~fad9b347a6a2,data_store,acme,store-03119,store-03119.dbms,dbms,true,operational,in_use,2027-01-24T17:36:58Z,\N,2027-02-13T16:50:42Z,\N,1,assert
acme:data_store:store-03301~b1d815c33fc4,data_store,acme,\N,\N,\N,\N,\N,\N,2021-08-24T16:56:51Z,\N,2027-02-14T04:56:42Z,\N,2,retract
acme:data_store:store-00493~2706b3213777,data_store,acme,store-00493,store-00493.warehouse,warehouse,false,operational,in_use,2027-01-12T21:33:06Z,\N,2027-02-14T18:30:54Z,\N,1,assert
acme:data_store:store-00557~de3a58f53754,data_store,acme,store-00557,store-00557.file_share,file_share,false,operational,in_use,2027-01-25T03:25:08Z,\N,2027-02-14T04:29:57Z,\N,1,assert
acme:data_store:store-02067~3908375a3dce,data_store,acme,store-02067,store-02067.dbms,dbms,true,operational,in_use,2027-01-21T23:32:37Z,\N,2027-02-14T17:32:33Z,\N,1,assert
acme:data_store:store-00298~bb83648004dc,data_store,acme,store-00298,store-00298.dbms,dbms,false,operational,in_use,2027-02-08T02:45:23Z,\N,2027-02-15T01:52:47Z,\N,1,assert
acme:data_store:store-00442~cf50bff02412,data_store,acme,store-00442,store-00442.file_share,file_share,false,operational,in_use,2027-02-07T06:40:45Z,\N,2027-02-15T11:08:48Z,\N,1,assert
acme:data_store:store-01122~d38eaa2f5f8d,data_store,acme,store-01122,store-01122.dbms,dbms,false,operational,in_use,2027-01-27T07:39:14Z,\N,2027-02-16T06:49:43Z,\N,1,assert
acme:data_store:store-03430~99f9b0da4cda,data_store,acme,store-03430,store-03430.warehouse,warehouse,true,operational,in_use,2027-01-06T16:48:14Z,\N,2027-02-16T11:57:30Z,\N,1,assert
acme:data_store:store-00588~1f5485b1cc11,data_store,acme,\N,\N,\N,\N,\N,\N,2024-11-16T01:04:58Z,\N,2027-02-17T02:57:52Z,\N,2,retract
acme:data_store:store-00160~5b025452a6d4,data_store,acme,store-00160,store-00160.warehouse,warehouse,false,operational,in_use,2027-02-14T05:35:35Z,\N,2027-02-17T18:25:30Z,\N,1,assert
acme:data_store:store-00222~6764142020de,data_store,acme,store-00222,store-00222.warehouse,warehouse,true,operational,in_use,2027-01-16T10:46:51Z,\N,2027-02-17T00:48:33Z,\N,1,assert
acme:data_store:store-00449~aea05ccae915,data_store,acme,store-00449,store-00449.warehouse,warehouse,false,operational,in_use,2027-01-19T23:49:28Z,\N,2027-02-17T06:01:33Z,\N,1,assert
acme:data_store:store-00909~8b409076d4ad,data_store,acme,store-00909,store-00909.warehouse,warehouse,false,operational,in_use,2027-02-14T16:33:25Z,\N,2027-02-17T01:06:21Z,\N,1,assert
acme:data_store:store-01704~6d24b9ac4b62,data_store,acme,store-01704,store-01704.file_share,file_share,false,operational,in_use,2027-01-06T05:18:42Z,\N,2027-02-17T02:52:58Z,\N,1,assert
acme:data_store:store-01722~c95b315ab335,data_store,acme,store-01722,store-01722.dbms,dbms,false,operational,in_use,2027-02-02T14:49:41Z,\N,2027-02-18T23:28:40Z,\N,1,assert
acme:data_store:store-01753~d9f9b93a3282,data_store,acme,store-01753,store-01753.warehouse,warehouse,true,operational,in_use,2027-01-18T13:59:08Z,\N,2027-02-18T01:56:16Z,\N,1,assert
acme:data_store:store-02650~f8f9b40db978,data_store,acme,store-02650,store-02650.dbms,dbms,false,operational,in_use,2027-01-29T03:50:17Z,\N,2027-02-18T20:29:32Z,\N,1,assert
acme:data_store:store-01268~cf097d562e8c,data_store,acme,store-01268,store-01268.object_store,object_store,false,operational,in_use,2027-02-10T08:11:28Z,\N,2027-02-20T19:54:27Z,\N,1,assert
acme:data_store:store-03586~cbe8d5917d78,data_store,acme,store-03586,store-03586.dbms,dbms,false,operational,in_maintenance,2026-12-16T11:00:57Z,\N,2027-02-20T20:17:50Z,\N,2,assert
acme:data_store:store-01683~f6505e9a61e1,data_store,acme,store-01683,store-01683.file_share,file_share,false,operational,in_use,2027-02-02T10:56:27Z,\N,2027-02-20T22:56:58Z,\N,1,assert
acme:data_store:store-02945~75fe38dd3db6,data_store,acme,store-02945,store-02945.object_store,object_store,false,operational,in_use,2027-02-20T23:43:24Z,\N,2027-02-20T23:43:24Z,\N,1,assert
acme:data_store:store-00499~3df4545077d7,data_store,acme,store-00499,store-00499.file_share,file_share,false,operational,in_use,2027-01-21T21:56:16Z,\N,2027-02-21T03:34:47Z,\N,1,assert
acme:data_store:store-01844~4b4585e23e35,data_store,acme,store-01844,store-01844.file_share,file_share,false,operational,in_use,2027-01-10T22:16:45Z,\N,2027-02-21T01:39:36Z,\N,1,assert
acme:data_store:store-01096~3459116b3089,data_store,acme,store-01096,store-01096.dbms,dbms,true,operational,in_use,2027-01-17T03:33:17Z,\N,2027-02-21T19:46:42Z,2027-03-10T16:00:08Z,1,assert
acme:data_store:store-03515~e8a597dd2d8e,data_store,acme,store-03515,store-03515.queue,queue,true,operational,in_use,2027-01-27T23:00:06Z,\N,2027-02-21T20:25:02Z,\N,1,assert
acme:data_store:store-02870~52386d6c8519,data_store,acme,store-02870,store-02870.file_share,file_share,true,operational,in_use,2027-01-23T16:01:33Z,\N,2027-02-22T22:15:12Z,\N,1,assert
acme:data_store:store-00320~423738b4e486,data_store,acme,store-00320,store-00320.file_share,file_share,false,operational,in_use,2027-02-01T14:23:06Z,\N,2027-02-23T16:25:55Z,\N,1,assert
acme:data_store:store-00370~ccd86507fb55,data_store,acme,store-00370,store-00370.dbms,dbms,false,operational,in_use,2027-02-21T18:02:52Z,\N,2027-02-23T20:33:31Z,\N,1,assert
acme:data_store:store-01206~db05cc19a9fc,data_store,acme,store-01206,store-01206.queue,queue,true,operational,in_use,2027-01-27T07:04:36Z,\N,2027-02-23T11:03:30Z,\N,1,assert
acme:data_store:store-02230~b95c7ee119fb,data_store,acme,store-02230,store-02230.dbms,dbms,true,operational,in_use,2027-01-25T03:55:46Z,\N,2027-02-23T08:25:35Z,\N,1,assert
acme:data_store:store-00347~368ec2bd3935,data_store,acme,store-00347,store-00347.dbms,dbms,false,operational,in_use,2027-02-20T17:07:24Z,\N,2027-02-24T18:22:50Z,\N,1,assert
acme:data_store:store-00290~853ab18a6428,data_store,acme,store-00290,store-00290.file_share,file_share,false,operational,in_use,2027-01-22T19:42:44Z,\N,2027-02-25T14:59:02Z,\N,1,assert
acme:data_store:store-00410~b8276d7c98b9,data_store,acme,store-00410,store-00410.dbms,dbms,true,operational,in_use,2027-01-24T14:55:14Z,\N,2027-02-25T08:27:36Z,\N,1,assert
acme:data_store:store-01364~cf739bbedecf,data_store,acme,store-01364,store-01364.warehouse,warehouse,false,operational,in_use,2027-01-21T07:45:35Z,\N,2027-02-25T19:52:15Z,\N,1,assert
acme:data_store:store-03368~ffeb7bc910bf,data_store,acme,store-03368,store-03368.warehouse,warehouse,false,operational,in_use,2027-02-03T15:53:17Z,\N,2027-02-26T22:41:03Z,\N,1,assert
acme:data_store:store-00760~24ffe90b2a53,data_store,acme,store-00760,store-00760.dbms,dbms,true,operational,in_use,2027-02-27T14:51:59Z,\N,2027-02-27T14:51:59Z,\N,1,assert
acme:data_store:store-01680~2b613e61713c,data_store,acme,store-01680,store-01680.queue,queue,true,operational,in_use,2027-01-24T06:56:02Z,\N,2027-02-27T19:57:48Z,\N,1,assert
acme:data_store:store-00782~111a1ab8e3fb,data_store,acme,\N,\N,\N,\N,\N,\N,2028-03-21T00:27:26Z,\N,2027-02-28T04:04:58Z,\N,2,retract
acme:data_store:store-01459~ab7b35a2c6dd,data_store,acme,\N,\N,\N,\N,\N,\N,2024-02-22T18:38:11Z,\N,2027-02-28T09:51:59Z,\N,2,retract
acme:data_store:store-01893~7cc252618b2b,data_store,acme,store-01893,store-01893.dbms,dbms,false,operational,in_use,2027-01-28T08:30:47Z,\N,2027-02-28T21:29:25Z,\N,1,assert
acme:data_store:store-02106~bd999aefa90a,data_store,acme,store-02106,store-02106.dbms,dbms,false,operational,in_use,2027-01-15T14:55:00Z,\N,2027-02-28T23:14:47Z,\N,1,assert
acme:data_store:store-01516~72ed13e2f98b,data_store,acme,store-01516,store-01516.dbms,dbms,true,operational,in_use,2027-02-17T01:59:22Z,\N,2027-03-01T21:09:34Z,\N,1,assert
acme:data_store:store-01644~ab3af527b404,data_store,acme,store-01644,store-01644.object_store,object_store,false,operational,in_use,2027-02-09T03:47:38Z,\N,2027-03-01T02:41:38Z,\N,1,assert
acme:data_store:store-01938~34f4db83f7ff,data_store,acme,store-01938,store-01938.file_share,file_share,false,operational,in_use,2027-01-27T14:38:10Z,\N,2027-03-01T23:19:01Z,\N,1,assert
acme:data_store:store-03439~a430c8bb202f,data_store,acme,store-03439,store-03439.file_share,file_share,false,operational,in_use,2027-02-09T13:57:55Z,\N,2027-03-01T04:31:50Z,\N,1,assert
acme:data_store:store-00194~cf71f1c850c0,data_store,acme,store-00194,store-00194.file_share,file_share,false,operational,in_use,2027-01-29T16:17:27Z,\N,2027-03-02T20:05:52Z,\N,1,assert
acme:data_store:store-00727~0770cf1083af,data_store,acme,store-00727,store-00727.file_share,file_share,false,operational,in_use,2027-02-10T01:31:43Z,\N,2027-03-02T11:23:41Z,\N,1,assert
acme:data_store:store-00938~cf6889f774a1,data_store,acme,store-00938,store-00938.dbms,dbms,false,operational,in_use,2027-02-19T20:52:42Z,\N,2027-03-02T06:04:12Z,\N,1,assert
acme:data_store:store-00933~4e77b36748da,data_store,acme,store-00933,store-00933.file_share,file_share,false,operational,in_use,2027-02-25T02:23:49Z,\N,2027-03-03T15:05:43Z,\N,1,assert
acme:data_store:store-00226~ed8384a18c6d,data_store,acme,store-00226,store-00226.file_share,file_share,false,operational,in_use,2027-02-19T06:11:34Z,\N,2027-03-04T07:19:18Z,\N,1,assert
acme:data_store:store-01934~f806d49bfa75,data_store,acme,store-01934,store-01934.object_store,object_store,false,operational,in_use,2027-02-10T03:28:34Z,\N,2027-03-04T06:43:54Z,\N,1,assert
acme:data_store:store-03288~9b5580d144d1,data_store,acme,store-03288,store-03288.dbms,dbms,true,operational,in_use,2027-02-20T16:40:09Z,\N,2027-03-04T07:07:54Z,\N,1,assert
acme:data_store:store-01181~215cb912f286,data_store,acme,\N,\N,\N,\N,\N,\N,2024-12-13T16:28:33Z,\N,2027-03-04T23:31:53Z,\N,2,retract
acme:data_store:store-01403~4ef421780f29,data_store,acme,store-01403,store-01403.warehouse,warehouse,false,operational,in_use,2027-02-21T18:49:22Z,\N,2027-03-05T06:19:04Z,\N,1,assert
acme:data_store:store-00537~7bf6a27335a4,data_store,acme,store-00537,store-00537.warehouse,warehouse,false,operational,in_use,2027-01-24T05:11:14Z,\N,2027-03-05T09:04:52Z,\N,1,assert
acme:data_store:store-03351~8f9522988dfb,data_store,acme,store-03351,store-03351.warehouse,warehouse,false,operational,in_use,2027-01-23T16:14:52Z,\N,2027-03-05T15:29:25Z,\N,1,assert
acme:data_store:store-00246~d3c7af2033d9,data_store,acme,store-00246,store-00246.dbms,dbms,false,operational,in_use,2027-03-02T23:45:17Z,\N,2027-03-06T07:33:17Z,\N,1,assert
acme:data_store:store-01265~37eae1e25f04,data_store,acme,store-01265,store-01265.file_share,file_share,false,operational,in_use,2027-01-24T07:33:53Z,\N,2027-03-06T18:47:50Z,\N,1,assert
acme:data_store:store-00641~0c887a76eb2c,data_store,acme,store-00641,store-00641.warehouse,warehouse,true,operational,in_use,2027-02-04T07:46:33Z,\N,2027-03-08T11:09:11Z,\N,1,assert
acme:data_store:store-01168~7f9e914563fd,data_store,acme,store-01168,store-01168.dbms,dbms,true,operational,in_use,2027-02-14T20:39:13Z,\N,2027-03-08T16:21:57Z,\N,1,assert
acme:data_store:store-03263~48c0bb196f93,data_store,acme,store-03263,store-03263.dbms,dbms,false,operational,in_use,2027-02-18T18:23:43Z,\N,2027-03-08T08:28:14Z,\N,1,assert
acme:data_store:store-02020~061c914f7f24,data_store,acme,store-02020,store-02020.queue,queue,true,operational,in_use,2027-03-09T08:25:06Z,\N,2027-03-09T08:25:06Z,\N,1,assert
acme:data_store:store-02685~8b0a66785c68,data_store,acme,store-02685,store-02685.file_share,file_share,false,operational,in_use,2027-02-12T20:26:31Z,\N,2027-03-09T05:17:15Z,\N,1,assert
acme:data_store:store-03010~051db7937793,data_store,acme,store-03010,store-03010.file_share,file_share,false,operational,in_use,2027-03-09T19:59:46Z,\N,2027-03-09T19:59:46Z,\N,1,assert
acme:data_store:store-01096~3459116b3089,data_store,acme,store-01096,store-01096.dbms,dbms,true,operational,end_of_support,2027-01-17T03:33:17Z,\N,2027-03-10T16:00:08Z,\N,2,assert
acme:data_store:store-02395~986448aba015,data_store,acme,store-02395,store-02395.dbms,dbms,false,operational,in_use,2027-02-26T23:27:19Z,\N,2027-03-10T23:02:44Z,\N,1,assert
acme:data_store:store-02965~02b297bb79bb,data_store,acme,store-02965,store-02965.object_store,object_store,true,operational,in_use,2027-02-06T00:23:11Z,\N,2027-03-10T15:51:16Z,\N,1,assert
acme:data_store:store-00664~c276f5a09719,data_store,acme,store-00664,store-00664.object_store,object_store,false,operational,in_use,2027-02-19T13:34:11Z,\N,2027-03-11T06:06:41Z,\N,1,assert
acme:data_store:store-00983~18310c2ebfac,data_store,acme,store-00983,store-00983.queue,queue,true,operational,in_use,2027-02-14T07:06:53Z,\N,2027-03-11T07:14:34Z,\N,1,assert
acme:data_store:store-02609~9818d4d9e7c5,data_store,acme,store-02609,store-02609.dbms,dbms,false,operational,in_use,2027-02-05T16:52:53Z,\N,2027-03-11T12:47:49Z,\N,1,assert
acme:data_store:store-02302~bbee995cd62b,data_store,acme,store-02302,store-02302.queue,queue,false,operational,in_use,2027-03-02T06:41:30Z,\N,2027-03-12T13:02:47Z,\N,1,assert
acme:data_store:store-02880~0d4f56a9264a,data_store,acme,store-02880,store-02880.queue,queue,false,operational,in_use,2027-02-15T06:08:48Z,\N,2027-03-12T07:23:49Z,\N,1,assert
acme:data_store:store-03226~20790bfd3dc2,data_store,acme,store-03226,store-03226.warehouse,warehouse,false,operational,in_use,2027-01-31T20:11:13Z,\N,2027-03-12T10:00:23Z,\N,1,assert
acme:data_store:store-02746~aefa2e4e9fdc,data_store,acme,\N,\N,\N,\N,\N,\N,2026-08-27T05:03:00Z,\N,2027-03-12T20:25:11Z,\N,2,retract
acme:data_store:store-02712~5f6e78db771d,data_store,acme,store-02712,store-02712.dbms,dbms,true,operational,in_use,2027-03-11T11:40:36Z,\N,2027-03-13T14:06:31Z,\N,1,assert
acme:data_store:store-02722~00e352254f08,data_store,acme,store-02722,store-02722.dbms,dbms,true,operational,in_use,2027-02-04T00:38:17Z,\N,2027-03-13T05:45:44Z,\N,1,assert
acme:data_store:store-00775~1c6dbc51d82d,data_store,acme,\N,\N,\N,\N,\N,\N,2023-02-03T20:56:33Z,\N,2027-03-13T16:19:26Z,\N,2,retract
acme:data_store:store-00221~30ae0bc461c9,data_store,acme,store-00221,store-00221.file_share,file_share,false,operational,in_use,2027-02-20T13:44:44Z,\N,2027-03-15T13:57:16Z,\N,1,assert
acme:data_store:store-01224~5b631a0952d4,data_store,acme,store-01224,store-01224.file_share,file_share,false,operational,in_use,2027-03-04T01:23:08Z,\N,2027-03-16T09:27:14Z,\N,1,assert
acme:data_store:store-02084~ee45d46736cb,data_store,acme,store-02084,store-02084.dbms,dbms,false,operational,in_use,2027-02-20T08:55:40Z,\N,2027-03-16T11:12:12Z,\N,1,assert
acme:data_store:store-00395~f4d518b5883d,data_store,acme,store-00395,store-00395.file_share,file_share,true,operational,in_use,2027-03-07T03:01:20Z,\N,2027-03-17T13:16:16Z,\N,1,assert
acme:data_store:store-01237~4c774fe5f8f6,data_store,acme,store-01237,store-01237.queue,queue,false,operational,in_use,2027-02-19T09:09:39Z,\N,2027-03-18T22:14:00Z,\N,1,assert
acme:data_store:store-01883~1e1c349335c9,data_store,acme,store-01883,store-01883.dbms,dbms,true,operational,in_use,2027-02-04T15:09:04Z,\N,2027-03-19T01:44:51Z,\N,1,assert
acme:data_store:store-01984~aeaf97267c21,data_store,acme,store-01984,store-01984.file_share,file_share,true,operational,in_use,2027-02-19T15:50:03Z,\N,2027-03-19T16:38:43Z,\N,1,assert
acme:data_store:store-02401~cefd21332fd8,data_store,acme,\N,\N,\N,\N,\N,\N,2026-05-17T19:53:48Z,\N,2027-03-19T20:36:51Z,\N,2,retract
acme:data_store:store-00732~0d04f528a171,data_store,acme,store-00732,store-00732.object_store,object_store,false,operational,in_use,2027-02-13T01:20:17Z,\N,2027-03-19T22:34:51Z,\N,1,assert
acme:data_store:store-03028~bd567c236aab,data_store,acme,store-03028,store-03028.dbms,dbms,false,operational,in_use,2027-03-10T01:05:16Z,\N,2027-03-19T23:01:45Z,\N,1,assert
acme:data_store:store-03233~87f34edc9622,data_store,acme,store-03233,store-03233.file_share,file_share,false,operational,in_use,2027-02-19T23:05:52Z,\N,2027-03-19T22:55:36Z,\N,1,assert
acme:data_store:store-03593~bcc74012f1e8,data_store,acme,store-03593,store-03593.warehouse,warehouse,false,operational,in_use,2027-02-23T05:29:21Z,\N,2027-03-19T22:20:19Z,\N,1,assert
acme:data_store:store-01594~f95226748287,data_store,acme,store-01594,store-01594.object_store,object_store,false,operational,in_maintenance,2026-09-25T00:47:01Z,\N,2027-03-20T04:44:08Z,\N,2,assert
acme:data_store:store-01713~23a7b0f540db,data_store,acme,store-01713,store-01713.warehouse,warehouse,false,operational,in_use,2027-03-07T22:07:45Z,\N,2027-03-20T20:29:42Z,\N,1,assert
acme:data_store:store-02252~8968144164f4,data_store,acme,store-02252,store-02252.object_store,object_store,true,operational,in_use,2027-02-07T07:41:23Z,\N,2027-03-20T15:04:07Z,\N,1,assert
acme:data_store:store-03004~43c8fb03fff3,data_store,acme,store-03004,store-03004.warehouse,warehouse,false,operational,in_use,2027-02-10T20:00:47Z,\N,2027-03-20T11:35:46Z,\N,1,assert
acme:data_store:store-01358~107f647ebf1a,data_store,acme,store-01358,store-01358.dbms,dbms,false,operational,in_use,2027-03-06T05:19:07Z,\N,2027-03-21T06:27:32Z,\N,1,assert
acme:data_store:store-03222~1f624b5d3244,data_store,acme,store-03222,store-03222.dbms,dbms,true,operational,end_of_support,2026-11-19T02:23:11Z,\N,2027-03-22T11:01:54Z,\N,2,assert
acme:data_store:store-02023~87d384fb968f,data_store,acme,store-02023,store-02023.file_share,file_share,false,operational,in_use,2027-02-19T06:24:56Z,\N,2027-03-23T19:48:25Z,\N,1,assert
acme:data_store:store-01221~24b55cb8e5e3,data_store,acme,store-01221,store-01221.queue,queue,false,operational,in_use,2027-02-19T08:01:16Z,\N,2027-03-23T19:56:19Z,\N,1,assert
acme:data_store:store-03252~c723b54a3cfe,data_store,acme,store-03252,store-03252.file_share,file_share,false,operational,in_maintenance,2026-11-20T01:35:38Z,\N,2027-03-24T03:45:30Z,\N,2,assert
acme:data_store:store-01297~c40f7167dd6d,data_store,acme,store-01297,store-01297.queue,queue,false,operational,in_use,2027-03-11T03:32:21Z,\N,2027-03-24T12:47:38Z,\N,1,assert
acme:data_store:store-03015~c297d29d180a,data_store,acme,store-03015,store-03015.dbms,dbms,true,operational,in_use,2027-02-28T21:15:26Z,\N,2027-03-25T06:30:23Z,\N,1,assert
acme:data_store:store-03480~34a9a45d8973,data_store,acme,store-03480,store-03480.file_share,file_share,false,operational,in_use,2027-02-12T17:03:26Z,\N,2027-03-25T06:23:00Z,\N,1,assert
acme:data_store:store-00723~850c5ce3c778,data_store,acme,store-00723,store-00723.object_store,object_store,false,operational,in_use,2027-02-18T04:41:02Z,\N,2027-03-26T09:45:09Z,\N,1,assert
acme:data_store:store-00409~3e057531b31f,data_store,acme,store-00409,store-00409.dbms,dbms,false,operational,in_use,2027-02-25T14:30:34Z,\N,2027-03-27T17:20:36Z,\N,1,assert
acme:data_store:store-01615~d36006ce8c33,data_store,acme,store-01615,store-01615.file_share,file_share,false,operational,in_use,2027-02-27T08:56:23Z,\N,2027-03-27T07:36:09Z,\N,1,assert
acme:data_store:store-01758~3ce18f62c5b6,data_store,acme,store-01758,store-01758.dbms,dbms,false,operational,in_use,2027-03-09T23:41:17Z,\N,2027-03-27T22:55:49Z,\N,1,assert
acme:data_store:store-02944~945924a2e700,data_store,acme,store-02944,store-02944.warehouse,warehouse,true,operational,in_use,2027-03-05T21:46:39Z,\N,2027-03-27T13:58:26Z,\N,1,assert
acme:data_store:store-03284~6729d6f47a7e,data_store,acme,store-03284,store-03284.dbms,dbms,false,operational,in_use,2027-03-09T22:35:58Z,\N,2027-03-27T20:52:39Z,\N,1,assert
acme:data_store:store-02674~b75cfe61f507,data_store,acme,\N,\N,\N,\N,\N,\N,2027-07-17T17:33:11Z,\N,2027-03-27T23:54:40Z,\N,2,retract
acme:data_store:store-00952~302d23d3b36a,data_store,acme,store-00952,store-00952.dbms,dbms,true,operational,in_use,2027-02-26T13:17:37Z,\N,2027-03-28T00:45:06Z,\N,1,assert
acme:data_store:store-03440~7fad8f9c462b,data_store,acme,store-03440,store-03440.queue,queue,false,operational,in_use,2027-02-17T04:30:27Z,\N,2027-03-29T23:30:59Z,\N,1,assert
acme:data_store:store-03585~222b739152cd,data_store,acme,store-03585,store-03585.dbms,dbms,true,operational,in_use,2027-03-05T05:14:03Z,\N,2027-03-29T23:47:32Z,\N,1,assert
acme:data_store:store-02192~c61f14ab497c,data_store,acme,store-02192,store-02192.dbms,dbms,false,operational,end_of_support,2026-08-23T12:40:14Z,\N,2027-03-30T04:18:22Z,\N,2,assert
acme:data_store:store-01108~213eaaea66a9,data_store,acme,\N,\N,\N,\N,\N,\N,2023-10-30T12:43:02Z,\N,2027-03-31T01:27:42Z,\N,2,retract
acme:data_store:store-02231~b5a73a31830c,data_store,acme,store-02231,store-02231.queue,queue,false,operational,in_use,2027-03-03T12:52:42Z,\N,2027-03-31T09:23:00Z,\N,1,assert
acme:data_store:store-01833~1a79bf0efa81,data_store,acme,store-01833,store-01833.warehouse,warehouse,true,operational,in_use,2027-02-26T10:35:01Z,\N,2027-04-01T19:20:53Z,\N,1,assert
acme:data_store:store-02078~f0f76925b451,data_store,acme,store-02078,store-02078.file_share,file_share,true,operational,in_use,2027-03-07T12:09:48Z,\N,2027-04-01T03:17:12Z,\N,1,assert
acme:data_store:store-00099~ff82297d15ef,data_store,acme,store-00099,store-00099.file_share,file_share,true,operational,in_use,2027-03-08T18:18:00Z,\N,2027-04-02T06:23:05Z,\N,1,assert
acme:data_store:store-02356~e5e6de0e2575,data_store,acme,store-02356,store-02356.dbms,dbms,false,operational,in_use,2027-02-25T20:06:28Z,\N,2027-04-02T02:51:44Z,\N,1,assert
acme:data_store:store-01474~7c271a88db77,data_store,acme,store-01474,store-01474.file_share,file_share,false,operational,end_of_support,2026-12-17T06:52:27Z,\N,2027-04-02T17:39:34Z,\N,2,assert
acme:data_store:store-01256~8912ccb04fb2,data_store,acme,store-01256,store-01256.dbms,dbms,true,operational,in_use,2027-03-02T06:36:37Z,\N,2027-04-03T00:01:13Z,\N,1,assert
acme:data_store:store-03377~33fb24e99aa7,data_store,acme,store-03377,store-03377.dbms,dbms,false,operational,in_use,2027-02-22T21:36:08Z,\N,2027-04-03T09:00:08Z,\N,1,assert
acme:data_store:store-01560~4e53e3c927af,data_store,acme,store-01560,store-01560.file_share,file_share,false,operational,in_use,2027-02-23T21:31:18Z,\N,2027-04-05T09:24:19Z,\N,1,assert
acme:data_store:store-03287~7de26b044cfb,data_store,acme,\N,\N,\N,\N,\N,\N,2024-06-04T01:13:51Z,\N,2027-04-05T14:15:38Z,\N,2,retract
acme:data_store:store-00645~1ae8f4405c33,data_store,acme,\N,\N,\N,\N,\N,\N,2027-01-09T23:00:21Z,\N,2027-04-06T10:45:13Z,\N,2,retract
acme:data_store:store-01178~a267548e1089,data_store,acme,\N,\N,\N,\N,\N,\N,2024-04-26T19:46:20Z,\N,2027-04-06T12:30:28Z,\N,2,retract
acme:data_store:store-01439~e4973ca52872,data_store,acme,store-01439,store-01439.file_share,file_share,false,operational,in_use,2027-02-25T13:27:15Z,\N,2027-04-06T13:54:15Z,\N,1,assert
acme:data_store:store-02116~1d2243cbfc2d,data_store,acme,\N,\N,\N,\N,\N,\N,2021-07-03T07:51:11Z,\N,2027-04-06T18:43:27Z,\N,2,retract
acme:data_store:store-01948~403e41763a3d,data_store,acme,store-01948,store-01948.warehouse,warehouse,true,operational,in_use,2027-03-10T03:27:06Z,\N,2027-04-06T21:01:34Z,\N,1,assert
acme:data_store:store-03485~c7a79e17ff08,data_store,acme,\N,\N,\N,\N,\N,\N,2024-09-21T23:14:06Z,\N,2027-04-06T23:57:04Z,\N,2,retract
acme:data_store:store-01821~defaf959e229,data_store,acme,store-01821,store-01821.warehouse,warehouse,false,operational,in_use,2027-02-27T13:27:59Z,\N,2027-04-07T00:16:10Z,\N,1,assert
acme:data_store:store-02993~c5a6096218b7,data_store,acme,store-02993,store-02993.warehouse,warehouse,false,operational,in_use,2027-02-25T02:11:20Z,\N,2027-04-07T09:06:36Z,\N,1,assert
acme:data_store:store-03101~d67d5457da03,data_store,acme,store-03101,store-03101.dbms,dbms,true,operational,in_use,2027-02-24T09:25:31Z,\N,2027-04-07T03:49:35Z,\N,1,assert
acme:data_store:store-03366~08e34bb44476,data_store,acme,store-03366,store-03366.file_share,file_share,false,operational,in_use,2027-03-03T01:24:43Z,\N,2027-04-07T17:17:28Z,\N,1,assert
acme:data_store:store-03118~a03231630531,data_store,acme,store-03118,store-03118.dbms,dbms,true,operational,in_use,2027-03-11T15:33:16Z,\N,2027-04-09T09:25:37Z,\N,1,assert
acme:data_store:store-00149~f3a00f4d38f7,data_store,acme,store-00149,store-00149.dbms,dbms,false,operational,in_use,2027-02-25T09:09:11Z,\N,2027-04-10T15:20:11Z,\N,1,assert
acme:data_store:store-03113~fd5be1f360d4,data_store,acme,\N,\N,\N,\N,\N,\N,2023-09-03T16:28:18Z,\N,2027-04-11T02:52:12Z,\N,2,retract
acme:data_store:store-01111~8f798503f776,data_store,acme,\N,\N,\N,\N,\N,\N,2023-08-26T17:21:01Z,\N,2027-04-12T17:20:47Z,\N,2,retract
acme:data_store:store-02584~d05295afa042,data_store,acme,store-02584,store-02584.file_share,file_share,false,operational,in_use,2027-03-10T22:26:10Z,\N,2027-04-13T20:24:45Z,\N,1,assert
acme:data_store:store-03347~92cf51d0f66e,data_store,acme,store-03347,store-03347.queue,queue,false,operational,in_use,2027-03-06T00:14:40Z,\N,2027-04-13T02:54:18Z,\N,1,assert
acme:data_store:store-02360~3fa244a6088e,data_store,acme,store-02360,store-02360.file_share,file_share,false,operational,in_use,2027-03-04T11:16:31Z,\N,2027-04-14T19:01:37Z,\N,1,assert
acme:data_store:store-02800~a42c49cbff4e,data_store,acme,store-02800,store-02800.dbms,dbms,false,operational,in_use,2027-03-05T15:35:13Z,\N,2027-04-16T06:12:40Z,\N,1,assert
acme:data_store:store-03592~00af4aed2c32,data_store,acme,store-03592,store-03592.dbms,dbms,false,operational,in_use,2027-03-09T04:44:56Z,\N,2027-04-16T08:58:43Z,\N,1,assert
acme:data_store:store-02119~2cdbd47a5ff8,data_store,acme,\N,\N,\N,\N,\N,\N,2023-05-15T01:48:14Z,\N,2027-04-21T21:40:09Z,\N,2,retract
acme:data_store:store-00757~b95c7df02fb1,data_store,acme,store-00757,store-00757.file_share,file_share,false,operational,in_use,2027-03-11T11:13:09Z,\N,2027-04-22T00:16:23Z,\N,1,assert
acme:data_store:store-03174~f4e6f722d33d,data_store,acme,store-03174,store-03174.object_store,object_store,true,operational,in_use,2027-03-09T00:16:28Z,\N,2027-04-22T21:25:44Z,\N,1,assert
