entity_id,entity_type,organization_id,run_key,source_system,observation_method,region_kind,region_ref,attribute_classes,started_at,finished_at,coverage_outcome,entities_seen,valid_from,valid_to,system_from,system_to,revision,operation
acme:discovery_run:run-iam-corp-dir-corp-2021-01~028c33954cc8,discovery_run,acme,run_iam_corp_dir_corp_2021_01,iam_corp,authoritative_declaration,directory,dir_corp,"[""inventory"",""membership""]",2021-01-07T17:42:12Z,2021-01-07T18:38:12Z,completed,64,2021-01-07T17:42:12Z,\N,2021-01-07T17:42:12Z,\N,1,assert
acme:discovery_run:run-scanner-vuln-seg-core-user-2021-01~369cb0290b4e,discovery_run,acme,run_scanner_vuln_seg_core_user_2021_01,scanner_vuln,active_discovery,network_segment,seg_core_user,"[""inventory"",""patch_state"",""encryption""]",2021-01-08T00:49:40Z,2021-01-08T02:11:40Z,completed,312,2021-01-08T00:49:40Z,\N,2021-01-08T00:49:40Z,\N,1,assert
acme:discovery_run:run-scanner-vuln-seg-dmz-ext-2021-01~86bb2f617274,discovery_run,acme,run_scanner_vuln_seg_dmz_ext_2021_01,scanner_vuln,active_discovery,network_segment,seg_dmz_ext,"[""inventory"",""patch_state"",""encryption""]",2021-01-09T05:28:29Z,2021-01-09T06:44:29Z,completed,35,2021-01-09T05:28:29Z,\N,2021-01-09T05:28:29Z,\N,1,assert
acme:discovery_run:run-sweep-active-seg-mgmt-2021-01~c6daa9a63610,discovery_run,acme,run_sweep_active_seg_mgmt_2021_01,sweep_active,active_discovery,network_segment,seg_mgmt,"[""inventory"",""patch_state"",""encryption""]",2021-01-10T10:58:54Z,2021-01-10T11:11:54Z,completed,92,2021-01-10T10:58:54Z,\N,2021-01-10T10:58:54Z,\N,1,assert
acme:discovery_run:run-flow-netflow-seg-plant-ot-2021-01~368bfccb8646,discovery_run,acme,run_flow_netflow_seg_plant_ot_2021_01,flow_netflow,passive_observation,network_segment,seg_plant_ot,"[""inventory"",""membership""]",2021-01-11T13:34:04Z,2021-01-11T13:39:04Z,completed,256,2021-01-11T13:34:04Z,\N,2021-01-11T13:34:04Z,\N,1,assert
acme:discovery_run:run-sweep-active-seg-server-farm-2021-01~859be1389b51,discovery_run,acme,run_sweep_active_seg_server_farm_2021_01,sweep_active,active_discovery,network_segment,seg_server_farm,"[""inventory"",""patch_state"",""encryption""]",2021-01-12T06:34:58Z,2021-01-12T08:01:58Z,completed,10,2021-01-12T06:34:58Z,\N,2021-01-12T06:34:58Z,\N,1,assert
acme:discovery_run:run-cmdb-primary-attribute-class~b7685ed840aa,discovery_run,acme,run_cmdb_primary_attribute_class_reachability_2021_02,cmdb_primary,authoritative_declaration,attribute_class,\N,"[""reachability""]",2021-02-23T15:27:36Z,2021-02-23T16:54:36Z,failed,0,2021-02-23T15:27:36Z,\N,2021-02-24T13:39:19Z,\N,1,assert
acme:discovery_run:run-scanner-vuln-attribute-class~de5b05f37a0d,discovery_run,acme,run_scanner_vuln_attribute_class_encryption_2021_04,scanner_vuln,active_discovery,attribute_class,\N,"[""encryption""]",2021-04-05T01:31:09Z,2021-04-05T02:07:09Z,completed,65,2021-04-05T01:31:09Z,\N,2021-04-05T01:31:09Z,\N,1,assert
acme:discovery_run:run-sweep-active-seg-mgmt-2021-04~7335aa96712f,discovery_run,acme,run_sweep_active_seg_mgmt_2021_04,sweep_active,active_discovery,network_segment,seg_mgmt,"[""inventory"",""patch_state"",""encryption""]",2021-04-28T13:20:07Z,2021-04-28T13:51:07Z,timed_out,0,2021-04-28T13:20:07Z,\N,2021-04-28T13:20:07Z,\N,1,assert
acme:discovery_run:run-scanner-vuln-attribute-class~1ec0e27260c6,discovery_run,acme,run_scanner_vuln_attribute_class_encryption_2021_07,scanner_vuln,active_discovery,attribute_class,\N,"[""encryption""]",2021-07-23T14:07:38Z,2021-07-23T14:10:38Z,completed,218,2021-07-23T14:07:38Z,\N,2021-07-25T01:40:55Z,\N,1,assert
acme:discovery_run:run-ticket-bridge-src-ticket-bridge~7430ba1bf478,discovery_run,acme,run_ticket_bridge_src_ticket_bridge_2021_09,ticket_bridge,third_party_attestation,source_system,src_ticket_bridge,"[""inventory"",""membership""]",2021-09-04T05:25:41Z,2021-09-04T06:48:41Z,completed,5,2021-09-04T05:25:41Z,\N,2021-09-06T23:53:10Z,\N,1,assert
acme:discovery_run:run-vcenter-readonly-site-hq-2022-01~0f01870d78ed,discovery_run,acme,run_vcenter_readonly_site_hq_2022_01,vcenter_readonly,authoritative_declaration,site,site_hq,"[""inventory"",""membership""]",2022-01-20T17:07:11Z,2022-01-20T18:03:11Z,timed_out,0,2022-01-20T17:07:11Z,\N,2022-01-22T00:58:25Z,\N,1,assert
acme:discovery_run:run-cmdb-dc2-legacy-site-dc2-2022-06~a3e3e1604a89,discovery_run,acme,run_cmdb_dc2_legacy_site_dc2_2022_06,cmdb_dc2_legacy,none,site,site_dc2,"[""inventory"",""membership""]",2022-06-05T01:14:53Z,2022-06-05T02:12:53Z,completed,303,2022-06-05T01:14:53Z,\N,2022-06-07T09:48:36Z,\N,1,assert
acme:discovery_run:run-iam-corp-dir-corp-2022-06~27c4e3a5e335,discovery_run,acme,run_iam_corp_dir_corp_2022_06,iam_corp,authoritative_declaration,directory,dir_corp,"[""inventory"",""membership""]",2022-06-28T13:52:50Z,2022-06-28T15:21:50Z,timed_out,0,2022-06-28T13:52:50Z,\N,2022-06-28T13:52:50Z,\N,1,assert
acme:discovery_run:run-scanner-vuln-seg-server-farm-2022-08~c4c70cb52878,discovery_run,acme,run_scanner_vuln_seg_server_farm_2022_08,scanner_vuln,active_discovery,network_segment,seg_server_farm,"[""inventory"",""patch_state"",""encryption""]",2022-08-04T22:15:32Z,2022-08-04T23:25:32Z,failed,0,2022-08-04T22:15:32Z,\N,2022-08-04T22:15:32Z,\N,1,assert
acme:discovery_run:run-scanner-vuln-seg-dmz-ext-2022-09~f8d33798af1c,discovery_run,acme,run_scanner_vuln_seg_dmz_ext_2022_09,scanner_vuln,active_discovery,network_segment,seg_dmz_ext,"[""inventory"",""patch_state"",""encryption""]",2022-09-08T04:00:41Z,2022-09-08T04:34:41Z,timed_out,0,2022-09-08T04:00:41Z,\N,2022-09-10T04:51:35Z,\N,1,assert
acme:discovery_run:run-cmdb-primary-attribute-class~bd0d0ab600cb,discovery_run,acme,run_cmdb_primary_attribute_class_inventory_2022_11,cmdb_primary,authoritative_declaration,attribute_class,\N,"[""inventory""]",2022-11-23T13:48:25Z,2022-11-23T13:56:25Z,partial,306,2022-11-23T13:48:25Z,\N,2022-11-24T05:57:12Z,\N,1,assert
acme:discovery_run:run-cmdb-primary-attribute-class~fe51cc4d6c32,discovery_run,acme,run_cmdb_primary_attribute_class_sensitivity_2022_12,cmdb_primary,authoritative_declaration,attribute_class,\N,"[""sensitivity""]",2022-12-15T03:30:26Z,2022-12-15T03:46:26Z,completed,248,2022-12-15T03:30:26Z,\N,2022-12-17T23:38:59Z,\N,1,assert
acme:discovery_run:run-ticket-bridge-src-ticket-bridge~b43775984ea6,discovery_run,acme,run_ticket_bridge_src_ticket_bridge_2023_01,ticket_bridge,third_party_attestation,source_system,src_ticket_bridge,"[""inventory"",""membership""]",2023-01-03T01:07:55Z,2023-01-03T01:50:55Z,failed,0,2023-01-03T01:07:55Z,\N,2023-01-05T09:26:49Z,\N,1,assert
acme:discovery_run:run-cmdb-primary-attribute-class~7179794a0868,discovery_run,acme,run_cmdb_primary_attribute_class_ownership_2023_02,cmdb_primary,authoritative_declaration,attribute_class,\N,"[""ownership""]",2023-02-07T00:49:13Z,2023-02-07T01:17:13Z,completed,36,2023-02-07T00:49:13Z,\N,2023-02-08T10:33:32Z,\N,1,assert
acme:discovery_run:run-flow-netflow-seg-core-user-2023-02~5cd5632d9fab,discovery_run,acme,run_flow_netflow_seg_core_user_2023_02,flow_netflow,passive_observation,network_segment,seg_core_user,"[""inventory"",""membership""]",2023-02-07T05:50:49Z,2023-02-07T05:53:49Z,completed,12,2023-02-07T05:50:49Z,\N,2023-02-08T21:46:03Z,\N,1,assert
acme:discovery_run:run-ticket-bridge-src-ticket-bridge~c31a37b99ad6,discovery_run,acme,run_ticket_bridge_src_ticket_bridge_2023_03,ticket_bridge,third_party_attestation,source_system,src_ticket_bridge,"[""inventory"",""membership""]",2023-03-07T10:21:05Z,2023-03-07T10:28:05Z,completed,244,2023-03-07T10:21:05Z,\N,2023-03-08T01:10:28Z,\N,1,assert
acme:discovery_run:run-iam-corp-dir-corp-2023-04~2bf42a9b0556,discovery_run,acme,run_iam_corp_dir_corp_2023_04,iam_corp,authoritative_declaration,directory,dir_corp,"[""inventory"",""membership""]",2023-04-17T12:37:47Z,2023-04-17T13:09:47Z,completed,19,2023-04-17T12:37:47Z,\N,2023-04-17T12:37:47Z,\N,1,assert
acme:discovery_run:run-iam-corp-attribute-class-membership~0042f88f2258,discovery_run,acme,run_iam_corp_attribute_class_membership_2023_07,iam_corp,authoritative_declaration,attribute_class,\N,"[""membership""]",2023-07-04T19:58:03Z,2023-07-04T20:57:03Z,completed,197,2023-07-04T19:58:03Z,\N,2023-07-06T12:28:08Z,\N,1,assert
acme:discovery_run:run-iam-emea-attribute-class-membership~3664ab9b5ba4,discovery_run,acme,run_iam_emea_attribute_class_membership_2023_07,iam_emea,authoritative_declaration,attribute_class,\N,"[""membership""]",2023-07-13T08:53:00Z,2023-07-13T09:55:00Z,partial,65,2023-07-13T08:53:00Z,\N,2023-07-14T11:13:16Z,\N,1,assert
acme:discovery_run:run-sweep-active-attribute-class~6788fdb2c691,discovery_run,acme,run_sweep_active_attribute_class_lifecycle_2023_07,sweep_active,active_discovery,attribute_class,\N,"[""lifecycle""]",2023-07-21T06:15:39Z,2023-07-21T07:36:39Z,completed,27,2023-07-21T06:15:39Z,\N,2023-07-22T15:10:44Z,\N,1,assert
acme:discovery_run:run-cmdb-primary-attribute-class~3a0e8147009a,discovery_run,acme,run_cmdb_primary_attribute_class_reachability_2023_09,cmdb_primary,authoritative_declaration,attribute_class,\N,"[""reachability""]",2023-09-03T21:59:12Z,2023-09-03T22:56:12Z,failed,0,2023-09-03T21:59:12Z,\N,2023-09-04T04:49:48Z,\N,1,assert
acme:discovery_run:run-cmdb-dc2-legacy-site-dc2-2023-12~36d0e5c6e8fe,discovery_run,acme,run_cmdb_dc2_legacy_site_dc2_2023_12,cmdb_dc2_legacy,none,site,site_dc2,"[""inventory"",""membership""]",2023-12-30T16:55:51Z,2023-12-30T18:21:51Z,partial,144,2023-12-30T16:55:51Z,\N,2023-12-30T16:55:51Z,\N,1,assert
acme:discovery_run:run-scanner-vuln-seg-core-user-2024-01~ecec0996c328,discovery_run,acme,run_scanner_vuln_seg_core_user_2024_01,scanner_vuln,active_discovery,network_segment,seg_core_user,"[""inventory"",""patch_state"",""encryption""]",2024-01-01T12:48:57Z,2024-01-01T13:35:57Z,failed,0,2024-01-01T12:48:57Z,\N,2024-01-01T12:48:57Z,\N,1,assert
acme:discovery_run:run-cmdb-primary-site-hq-2024-04~a674a602beaf,discovery_run,acme,run_cmdb_primary_site_hq_2024_04,cmdb_primary,authoritative_declaration,site,site_hq,"[""inventory"",""membership""]",2024-04-10T01:51:40Z,2024-04-10T02:21:40Z,completed,35,2024-04-10T01:51:40Z,\N,2024-04-10T01:51:40Z,\N,1,assert
acme:discovery_run:run-cmdb-dc2-legacy-site-dc2-2024-11~f6172f3cfdc6,discovery_run,acme,run_cmdb_dc2_legacy_site_dc2_2024_11,cmdb_dc2_legacy,none,site,site_dc2,"[""inventory"",""membership""]",2024-11-19T22:42:54Z,2024-11-19T23:24:54Z,completed,220,2024-11-19T22:42:54Z,\N,2024-11-20T00:38:57Z,\N,1,assert
acme:discovery_run:run-sweep-active-attribute-class~3b5220b83be5,discovery_run,acme,run_sweep_active_attribute_class_inventory_2024_11,sweep_active,active_discovery,attribute_class,\N,"[""inventory""]",2024-11-21T00:43:36Z,2024-11-21T01:30:36Z,completed,194,2024-11-21T00:43:36Z,\N,2024-11-22T14:55:22Z,\N,1,assert
acme:discovery_run:run-ticket-bridge-src-ticket-bridge~a6617336de43,discovery_run,acme,run_ticket_bridge_src_ticket_bridge_2024_12,ticket_bridge,third_party_attestation,source_system,src_ticket_bridge,"[""inventory"",""membership""]",2024-12-01T02:00:13Z,2024-12-01T02:55:13Z,completed,92,2024-12-01T02:00:13Z,\N,2024-12-02T05:18:49Z,\N,1,assert
acme:discovery_run:run-walkdown-sites-site-hq-2025-02~1a6e83ebc46a,discovery_run,acme,run_walkdown_sites_site_hq_2025_02,walkdown_sites,human_attestation,site,site_hq,"[""inventory"",""membership""]",2025-02-03T23:04:53Z,2025-02-03T23:36:53Z,completed,227,2025-02-03T23:04:53Z,\N,2025-02-04T01:33:24Z,\N,1,assert
acme:discovery_run:run-cmdb-primary-attribute-class~dc2cf714e386,discovery_run,acme,run_cmdb_primary_attribute_class_inventory_2025_02,cmdb_primary,authoritative_declaration,attribute_class,\N,"[""inventory""]",2025-02-02T19:01:32Z,2025-02-02T19:40:32Z,completed,309,2025-02-02T19:01:32Z,\N,2025-02-04T12:44:23Z,\N,1,assert
acme:discovery_run:run-sweep-active-attribute-class~1891b37f8cb7,discovery_run,acme,run_sweep_active_attribute_class_lifecycle_2025_02,sweep_active,active_discovery,attribute_class,\N,"[""lifecycle""]",2025-02-06T15:19:59Z,2025-02-06T16:31:59Z,completed,97,2025-02-06T15:19:59Z,\N,2025-02-07T01:16:57Z,\N,1,assert
acme:discovery_run:run-scanner-vuln-seg-dmz-ext-2025-02~d19e07971b1b,discovery_run,acme,run_scanner_vuln_seg_dmz_ext_2025_02,scanner_vuln,active_discovery,network_segment,seg_dmz_ext,"[""inventory"",""patch_state"",""encryption""]",2025-02-20T21:01:13Z,2025-02-20T21:46:13Z,partial,143,2025-02-20T21:01:13Z,\N,2025-02-21T03:13:44Z,\N,1,assert
acme:discovery_run:run-sweep-active-seg-server-farm-2025-04~9d45a50f87c8,discovery_run,acme,run_sweep_active_seg_server_farm_2025_04,sweep_active,active_discovery,network_segment,seg_server_farm,"[""inventory"",""patch_state"",""encryption""]",2025-04-29T16:17:33Z,2025-04-29T17:20:33Z,completed,151,2025-04-29T16:17:33Z,\N,2025-04-29T16:17:33Z,\N,1,assert
acme:discovery_run:run-sweep-active-seg-mgmt-2025-05~707c96556c34,discovery_run,acme,run_sweep_active_seg_mgmt_2025_05,sweep_active,active_discovery,network_segment,seg_mgmt,"[""inventory"",""patch_state"",""encryption""]",2025-05-13T22:47:25Z,2025-05-13T23:31:25Z,timed_out,0,2025-05-13T22:47:25Z,\N,2025-05-14T18:08:47Z,\N,1,assert
acme:discovery_run:run-cmdb-primary-attribute-class~c71ffaca74b9,discovery_run,acme,run_cmdb_primary_attribute_class_ownership_2025_06,cmdb_primary,authoritative_declaration,attribute_class,\N,"[""ownership""]",2025-06-01T18:12:08Z,2025-06-01T18:24:08Z,completed,281,2025-06-01T18:12:08Z,\N,2025-06-03T04:29:48Z,\N,1,assert
acme:discovery_run:run-cmdb-primary-attribute-class~968c2d210976,discovery_run,acme,run_cmdb_primary_attribute_class_sensitivity_2025_06,cmdb_primary,authoritative_declaration,attribute_class,\N,"[""sensitivity""]",2025-06-15T12:41:37Z,2025-06-15T14:14:37Z,completed,307,2025-06-15T12:41:37Z,\N,2025-06-16T20:34:22Z,\N,1,assert
acme:discovery_run:run-sweep-active-attribute-class~b4c5b9abe865,discovery_run,acme,run_sweep_active_attribute_class_lifecycle_2025_06,sweep_active,active_discovery,attribute_class,\N,"[""lifecycle""]",2025-06-20T15:02:58Z,2025-06-20T15:11:58Z,completed,231,2025-06-20T15:02:58Z,\N,2025-06-21T05:23:19Z,\N,1,assert
acme:discovery_run:run-cmdb-primary-site-hq-2025-08~c2b206ca5708,discovery_run,acme,run_cmdb_primary_site_hq_2025_08,cmdb_primary,authoritative_declaration,site,site_hq,"[""inventory"",""membership""]",2025-08-01T06:36:39Z,2025-08-01T07:11:39Z,partial,85,2025-08-01T06:36:39Z,\N,2025-08-02T16:28:36Z,\N,1,assert
acme:discovery_run:run-iam-corp-attribute-class-membership~02e0e049c152,discovery_run,acme,run_iam_corp_attribute_class_membership_2025_11,iam_corp,authoritative_declaration,attribute_class,\N,"[""membership""]",2025-11-28T00:31:45Z,2025-11-28T01:44:45Z,completed,101,2025-11-28T00:31:45Z,\N,2025-11-29T01:02:49Z,\N,1,assert
acme:discovery_run:run-cmdb-primary-attribute-class~d53ca918255a,discovery_run,acme,run_cmdb_primary_attribute_class_reachability_2025_12,cmdb_primary,authoritative_declaration,attribute_class,\N,"[""reachability""]",2025-12-24T16:58:14Z,2025-12-24T17:16:14Z,completed,61,2025-12-24T16:58:14Z,\N,2025-12-26T03:18:06Z,\N,1,assert
acme:discovery_run:run-flow-netflow-attribute-class~e2ad7f3d9c68,discovery_run,acme,run_flow_netflow_attribute_class_reachability_2026_01,flow_netflow,passive_observation,attribute_class,\N,"[""reachability""]",2026-01-01T12:19:34Z,2026-01-01T12:23:34Z,partial,215,2026-01-01T12:19:34Z,\N,2026-01-02T06:07:15Z,\N,1,assert
acme:discovery_run:run-iam-emea-attribute-class-membership~7cc726750d55,discovery_run,acme,run_iam_emea_attribute_class_membership_2026_01,iam_emea,authoritative_declaration,attribute_class,\N,"[""membership""]",2026-01-02T02:48:24Z,2026-01-02T03:30:24Z,completed,260,2026-01-02T02:48:24Z,\N,2026-01-03T10:55:24Z,\N,1,assert
acme:discovery_run:run-cmdb-primary-attribute-class~c0435b534e62,discovery_run,acme,run_cmdb_primary_attribute_class_classification_2026_01,cmdb_primary,authoritative_declaration,attribute_class,\N,"[""classification""]",2026-01-06T09:13:09Z,2026-01-06T10:28:09Z,completed,262,2026-01-06T09:13:09Z,\N,2026-01-06T09:13:09Z,\N,1,assert
acme:discovery_run:run-sweep-active-seg-mgmt-2026-01~2184e6337a27,discovery_run,acme,run_sweep_active_seg_mgmt_2026_01,sweep_active,active_discovery,network_segment,seg_mgmt,"[""inventory"",""patch_state"",""encryption""]",2026-01-06T16:25:08Z,2026-01-06T17:18:08Z,partial,154,2026-01-06T16:25:08Z,\N,2026-01-08T08:44:16Z,\N,1,assert
acme:discovery_run:run-flow-netflow-seg-plant-ot-2026-01~07eb265d3fe5,discovery_run,acme,run_flow_netflow_seg_plant_ot_2026_01,flow_netflow,passive_observation,network_segment,seg_plant_ot,"[""inventory"",""membership""]",2026-01-07T04:13:23Z,2026-01-07T05:44:23Z,completed,174,2026-01-07T04:13:23Z,\N,2026-01-09T21:04:31Z,\N,1,assert
acme:discovery_run:run-cmdb-dc2-legacy-site-dc2-2026-01~06aae3982950,discovery_run,acme,run_cmdb_dc2_legacy_site_dc2_2026_01,cmdb_dc2_legacy,none,site,site_dc2,"[""inventory"",""membership""]",2026-01-08T02:47:44Z,2026-01-08T04:19:44Z,completed,87,2026-01-08T02:47:44Z,\N,2026-01-10T19:16:03Z,\N,1,assert
acme:discovery_run:run-iam-corp-dir-corp-2026-01~adc80ae23fe5,discovery_run,acme,run_iam_corp_dir_corp_2026_01,iam_corp,authoritative_declaration,directory,dir_corp,"[""inventory"",""membership""]",2026-01-13T09:44:05Z,2026-01-13T10:35:05Z,completed,256,2026-01-13T09:44:05Z,\N,2026-01-13T09:44:05Z,\N,1,assert
acme:discovery_run:run-cmdb-primary-attribute-class~1e6564ffa2b4,discovery_run,acme,run_cmdb_primary_attribute_class_inventory_2026_01,cmdb_primary,authoritative_declaration,attribute_class,\N,"[""inventory""]",2026-01-14T08:16:54Z,2026-01-14T09:28:54Z,completed,177,2026-01-14T08:16:54Z,\N,2026-01-15T21:31:14Z,\N,1,assert
acme:discovery_run:run-cmdb-primary-attribute-class~36ec23454e0b,discovery_run,acme,run_cmdb_primary_attribute_class_ownership_2026_01,cmdb_primary,authoritative_declaration,attribute_class,\N,"[""ownership""]",2026-01-16T05:50:15Z,2026-01-16T06:07:15Z,completed,220,2026-01-16T05:50:15Z,\N,2026-01-16T05:50:15Z,\N,1,assert
acme:discovery_run:run-flow-netflow-seg-dmz-ext-2026-01~feb13eb99533,discovery_run,acme,run_flow_netflow_seg_dmz_ext_2026_01,flow_netflow,passive_observation,network_segment,seg_dmz_ext,"[""inventory"",""membership""]",2026-01-18T15:29:53Z,2026-01-18T16:55:53Z,completed,210,2026-01-18T15:29:53Z,\N,2026-01-18T15:29:53Z,\N,1,assert
acme:discovery_run:run-sweep-active-attribute-class~694b9750c9e5,discovery_run,acme,run_sweep_active_attribute_class_lifecycle_2026_01,sweep_active,active_discovery,attribute_class,\N,"[""lifecycle""]",2026-01-18T17:46:09Z,2026-01-18T18:32:09Z,completed,268,2026-01-18T17:46:09Z,\N,2026-01-20T12:11:14Z,\N,1,assert
acme:discovery_run:run-scanner-vuln-attribute-class~456b14a0f342,discovery_run,acme,run_scanner_vuln_attribute_class_encryption_2026_01,scanner_vuln,active_discovery,attribute_class,\N,"[""encryption""]",2026-01-19T17:56:38Z,2026-01-19T18:00:38Z,completed,88,2026-01-19T17:56:38Z,\N,2026-01-21T11:37:47Z,\N,1,assert
acme:discovery_run:run-sweep-active-seg-dmz-ext-2026-01~b188c0807bcc,discovery_run,acme,run_sweep_active_seg_dmz_ext_2026_01,sweep_active,active_discovery,network_segment,seg_dmz_ext,"[""inventory"",""patch_state"",""encryption""]",2026-01-20T21:44:42Z,2026-01-20T21:56:42Z,partial,157,2026-01-20T21:44:42Z,\N,2026-01-22T10:24:50Z,\N,1,assert
acme:discovery_run:run-sweep-active-seg-server-farm-2026-01~65dde00df759,discovery_run,acme,run_sweep_active_seg_server_farm_2026_01,sweep_active,active_discovery,network_segment,seg_server_farm,"[""inventory"",""patch_state"",""encryption""]",2026-01-24T07:09:32Z,2026-01-24T07:38:32Z,partial,295,2026-01-24T07:09:32Z,\N,2026-01-25T13:51:12Z,\N,1,assert
acme:discovery_run:run-ticket-bridge-src-ticket-bridge~02e3d32aafe9,discovery_run,acme,run_ticket_bridge_src_ticket_bridge_2026_01,ticket_bridge,third_party_attestation,source_system,src_ticket_bridge,"[""inventory"",""membership""]",2026-01-25T07:44:48Z,2026-01-25T08:42:48Z,completed,246,2026-01-25T07:44:48Z,\N,2026-01-27T12:58:26Z,\N,1,assert
acme:discovery_run:run-cmdb-primary-attribute-class~6898ef359dd7,discovery_run,acme,run_cmdb_primary_attribute_class_reachability_2026_01,cmdb_primary,authoritative_declaration,attribute_class,\N,"[""reachability""]",2026-01-27T17:20:21Z,2026-01-27T18:21:21Z,completed,54,2026-01-27T17:20:21Z,\N,2026-01-29T05:18:53Z,\N,1,assert
acme:discovery_run:run-walkdown-sites-site-hq-2026-01~666fd48d4fe4,discovery_run,acme,run_walkdown_sites_site_hq_2026_01,walkdown_sites,human_attestation,site,site_hq,"[""inventory"",""membership""]",2026-01-29T02:56:03Z,2026-01-29T03:53:03Z,completed,185,2026-01-29T02:56:03Z,\N,2026-01-30T06:25:32Z,\N,1,assert
acme:discovery_run:run-cmdb-primary-attribute-class~c4ab5799254b,discovery_run,acme,run_cmdb_primary_attribute_class_sensitivity_2026_02,cmdb_primary,authoritative_declaration,attribute_class,\N,"[""sensitivity""]",2026-02-02T21:12:00Z,2026-02-02T22:02:00Z,timed_out,0,2026-02-02T21:12:00Z,\N,2026-02-02T21:12:00Z,\N,1,assert
acme:discovery_run:run-iam-corp-dir-corp-2026-02~cabe7a52be6b,discovery_run,acme,run_iam_corp_dir_corp_2026_02,iam_corp,authoritative_declaration,directory,dir_corp,"[""inventory"",""membership""]",2026-02-01T09:37:15Z,2026-02-01T10:43:15Z,completed,37,2026-02-01T09:37:15Z,\N,2026-02-02T22:05:52Z,\N,1,assert
acme:discovery_run:run-sweep-active-seg-server-farm-2026-02~cd333fc17cc1,discovery_run,acme,run_sweep_active_seg_server_farm_2026_02,sweep_active,active_discovery,network_segment,seg_server_farm,"[""inventory"",""patch_state"",""encryption""]",2026-02-03T04:46:20Z,2026-02-03T05:10:20Z,completed,201,2026-02-03T04:46:20Z,\N,2026-02-03T04:46:20Z,\N,1,assert
acme:discovery_run:run-flow-netflow-seg-core-user-2026-02~45cad4c60cd0,discovery_run,acme,run_flow_netflow_seg_core_user_2026_02,flow_netflow,passive_observation,network_segment,seg_core_user,"[""inventory"",""membership""]",2026-02-03T08:44:57Z,2026-02-03T09:17:57Z,completed,220,2026-02-03T08:44:57Z,\N,2026-02-03T08:44:57Z,\N,1,assert
acme:discovery_run:run-iam-emea-attribute-class-membership~43c11942ebde,discovery_run,acme,run_iam_emea_attribute_class_membership_2026_02,iam_emea,authoritative_declaration,attribute_class,\N,"[""membership""]",2026-02-02T22:46:18Z,2026-02-02T23:06:18Z,completed,108,2026-02-02T22:46:18Z,\N,2026-02-04T02:57:06Z,\N,1,assert
acme:discovery_run:run-sweep-active-attribute-class~b2b84b2ee667,discovery_run,acme,run_sweep_active_attribute_class_lifecycle_2026_02,sweep_active,active_discovery,attribute_class,\N,"[""lifecycle""]",2026-02-06T13:12:13Z,2026-02-06T14:38:13Z,completed,140,2026-02-06T13:12:13Z,\N,2026-02-06T13:12:13Z,\N,1,assert
acme:discovery_run:run-scanner-vuln-attribute-class~c2b6d285abe2,discovery_run,acme,run_scanner_vuln_attribute_class_encryption_2026_02,scanner_vuln,active_discovery,attribute_class,\N,"[""encryption""]",2026-02-06T14:03:50Z,2026-02-06T15:37:50Z,completed,217,2026-02-06T14:03:50Z,\N,2026-02-07T22:20:05Z,\N,1,assert
acme:discovery_run:run-flow-netflow-attribute-class~9b2a67ba22ff,discovery_run,acme,run_flow_netflow_attribute_class_reachability_2026_02,flow_netflow,passive_observation,attribute_class,\N,"[""reachability""]",2026-02-08T10:28:05Z,2026-02-08T11:41:05Z,completed,235,2026-02-08T10:28:05Z,\N,2026-02-09T16:23:00Z,\N,1,assert
acme:discovery_run:run-cmdb-primary-attribute-class~a6c6e48e4022,discovery_run,acme,run_cmdb_primary_attribute_class_reachability_2026_02,cmdb_primary,authoritative_declaration,attribute_class,\N,"[""reachability""]",2026-02-11T18:36:03Z,2026-02-11T19:04:03Z,partial,232,2026-02-11T18:36:03Z,\N,2026-02-13T07:04:04Z,\N,1,assert
acme:discovery_run:run-sweep-active-seg-core-user-2026-02~fe4424aa1e88,discovery_run,acme,run_sweep_active_seg_core_user_2026_02,sweep_active,active_discovery,network_segment,seg_core_user,"[""inventory"",""patch_state"",""encryption""]",2026-02-13T11:43:29Z,2026-02-13T13:17:29Z,completed,165,2026-02-13T11:43:29Z,\N,2026-02-13T11:43:29Z,\N,1,assert
acme:discovery_run:run-scanner-vuln-attribute-class-patch~6bdf71ed894d,discovery_run,acme,run_scanner_vuln_attribute_class_patch_state_2026_02,scanner_vuln,active_discovery,attribute_class,\N,"[""patch_state""]",2026-02-13T12:21:21Z,2026-02-13T12:29:21Z,completed,300,2026-02-13T12:21:21Z,\N,2026-02-14T23:17:02Z,\N,1,assert
acme:discovery_run:run-scanner-vuln-seg-core-user-2026-02~4cf4669b601f,discovery_run,acme,run_scanner_vuln_seg_core_user_2026_02,scanner_vuln,active_discovery,network_segment,seg_core_user,"[""inventory"",""patch_state"",""encryption""]",2026-02-14T18:32:32Z,2026-02-14T19:44:32Z,partial,179,2026-02-14T18:32:32Z,\N,2026-02-16T11:52:58Z,\N,1,assert
acme:discovery_run:run-cmdb-primary-attribute-class~4c733de32802,discovery_run,acme,run_cmdb_primary_attribute_class_inventory_2026_02,cmdb_primary,authoritative_declaration,attribute_class,\N,"[""inventory""]",2026-02-19T22:19:30Z,2026-02-19T23:04:30Z,timed_out,0,2026-02-19T22:19:30Z,\N,2026-02-19T22:19:30Z,\N,1,assert
acme:discovery_run:run-cmdb-dc2-legacy-site-dc2-2026-02~a1e17eb06588,discovery_run,acme,run_cmdb_dc2_legacy_site_dc2_2026_02,cmdb_dc2_legacy,none,site,site_dc2,"[""inventory"",""membership""]",2026-02-20T09:52:45Z,2026-02-20T11:10:45Z,completed,127,2026-02-20T09:52:45Z,\N,2026-02-22T02:59:02Z,\N,1,assert
acme:discovery_run:run-cmdb-primary-attribute-class~93ae24c8ecaf,discovery_run,acme,run_cmdb_primary_attribute_class_classification_2026_02,cmdb_primary,authoritative_declaration,attribute_class,\N,"[""classification""]",2026-02-23T04:26:01Z,2026-02-23T05:37:01Z,completed,279,2026-02-23T04:26:01Z,\N,2026-02-25T10:31:29Z,\N,1,assert
acme:discovery_run:run-ticket-bridge-src-ticket-bridge~dd3943d391a7,discovery_run,acme,run_ticket_bridge_src_ticket_bridge_2026_03,ticket_bridge,third_party_attestation,source_system,src_ticket_bridge,"[""inventory"",""membership""]",2026-03-05T10:40:07Z,2026-03-05T10:56:07Z,completed,208,2026-03-05T10:40:07Z,\N,2026-03-06T12:40:16Z,\N,1,assert
acme:discovery_run:run-sweep-active-seg-mgmt-2026-03~ee618ded05ad,discovery_run,acme,run_sweep_active_seg_mgmt_2026_03,sweep_active,active_discovery,network_segment,seg_mgmt,"[""inventory"",""patch_state"",""encryption""]",2026-03-06T17:46:47Z,2026-03-06T18:34:47Z,completed,81,2026-03-06T17:46:47Z,\N,2026-03-07T09:43:27Z,\N,1,assert
acme:discovery_run:run-flow-netflow-attribute-class~e06798a6ccd9,discovery_run,acme,run_flow_netflow_attribute_class_reachability_2026_03,flow_netflow,passive_observation,attribute_class,\N,"[""reachability""]",2026-03-06T14:31:36Z,2026-03-06T15:50:36Z,completed,86,2026-03-06T14:31:36Z,\N,2026-03-07T10:43:19Z,\N,1,assert
acme:discovery_run:run-cmdb-primary-attribute-class~c8e0ba78574d,discovery_run,acme,run_cmdb_primary_attribute_class_ownership_2026_03,cmdb_primary,authoritative_declaration,attribute_class,\N,"[""ownership""]",2026-03-05T17:22:10Z,2026-03-05T17:51:10Z,completed,220,2026-03-05T17:22:10Z,\N,2026-03-07T09:30:43Z,\N,1,assert
acme:discovery_run:run-cmdb-primary-attribute-class~f9c0367278e6,discovery_run,acme,run_cmdb_primary_attribute_class_classification_2026_03,cmdb_primary,authoritative_declaration,attribute_class,\N,"[""classification""]",2026-03-08T09:24:19Z,2026-03-08T09:51:19Z,completed,140,2026-03-08T09:24:19Z,\N,2026-03-08T09:24:19Z,\N,1,assert
acme:discovery_run:run-scanner-vuln-seg-server-farm-2026-03~c032d1532275,discovery_run,acme,run_scanner_vuln_seg_server_farm_2026_03,scanner_vuln,active_discovery,network_segment,seg_server_farm,"[""inventory"",""patch_state"",""encryption""]",2026-03-09T02:09:10Z,2026-03-09T03:32:10Z,partial,44,2026-03-09T02:09:10Z,\N,2026-03-09T02:09:10Z,\N,1,assert
acme:discovery_run:run-sweep-active-attribute-class~2ce3ca6d7249,discovery_run,acme,run_sweep_active_attribute_class_lifecycle_2026_03,sweep_active,active_discovery,attribute_class,\N,"[""lifecycle""]",2026-03-09T09:04:14Z,2026-03-09T10:22:14Z,completed,84,2026-03-09T09:04:14Z,\N,2026-03-10T08:10:09Z,\N,1,assert
acme:discovery_run:run-scanner-vuln-attribute-class~9cb817fee74c,discovery_run,acme,run_scanner_vuln_attribute_class_encryption_2026_03,scanner_vuln,active_discovery,attribute_class,\N,"[""encryption""]",2026-03-09T02:36:44Z,2026-03-09T03:20:44Z,failed,0,2026-03-09T02:36:44Z,\N,2026-03-11T07:57:50Z,\N,1,assert
acme:discovery_run:run-vcenter-readonly-attribute-class~4837caf9efce,discovery_run,acme,run_vcenter_readonly_attribute_class_inventory_2026_03,vcenter_readonly,authoritative_declaration,attribute_class,\N,"[""inventory""]",2026-03-13T05:34:22Z,2026-03-13T07:06:22Z,partial,286,2026-03-13T05:34:22Z,\N,2026-03-13T05:34:22Z,\N,1,assert
acme:discovery_run:run-iam-corp-dir-corp-2026-03~515bef6ffa74,discovery_run,acme,run_iam_corp_dir_corp_2026_03,iam_corp,authoritative_declaration,directory,dir_corp,"[""inventory"",""membership""]",2026-03-12T09:04:28Z,2026-03-12T09:52:28Z,completed,176,2026-03-12T09:04:28Z,\N,2026-03-14T10:46:23Z,\N,1,assert
acme:discovery_run:run-flow-netflow-seg-plant-ot-2026-03~e839314b8fca,discovery_run,acme,run_flow_netflow_seg_plant_ot_2026_03,flow_netflow,passive_observation,network_segment,seg_plant_ot,"[""inventory"",""membership""]",2026-03-14T07:52:17Z,2026-03-14T08:39:17Z,completed,284,2026-03-14T07:52:17Z,\N,2026-03-15T04:18:00Z,\N,1,assert
acme:discovery_run:run-flow-netflow-seg-dmz-ext-2026-03~fae04d0bc1a3,discovery_run,acme,run_flow_netflow_seg_dmz_ext_2026_03,flow_netflow,passive_observation,network_segment,seg_dmz_ext,"[""inventory"",""membership""]",2026-03-19T20:17:04Z,2026-03-19T21:34:04Z,completed,263,2026-03-19T20:17:04Z,\N,2026-03-19T20:17:04Z,\N,1,assert
acme:discovery_run:run-scanner-vuln-attribute-class-patch~0ec57f4fcdc9,discovery_run,acme,run_scanner_vuln_attribute_class_patch_state_2026_03,scanner_vuln,active_discovery,attribute_class,\N,"[""patch_state""]",2026-03-20T09:58:05Z,2026-03-20T10:54:05Z,completed,180,2026-03-20T09:58:05Z,\N,2026-03-21T03:44:03Z,\N,1,assert
acme:discovery_run:run-cmdb-primary-attribute-class~c587078bbf19,discovery_run,acme,run_cmdb_primary_attribute_class_reachability_2026_03,cmdb_primary,authoritative_declaration,attribute_class,\N,"[""reachability""]",2026-03-23T05:49:35Z,2026-03-23T06:00:35Z,completed,127,2026-03-23T05:49:35Z,\N,2026-03-24T05:30:21Z,\N,1,assert
acme:discovery_run:run-sweep-active-seg-server-farm-2026-03~d98ab06d8906,discovery_run,acme,run_sweep_active_seg_server_farm_2026_03,sweep_active,active_discovery,network_segment,seg_server_farm,"[""inventory"",""patch_state"",""encryption""]",2026-03-25T01:41:31Z,2026-03-25T02:30:31Z,completed,292,2026-03-25T01:41:31Z,\N,2026-03-25T01:41:31Z,\N,1,assert
acme:discovery_run:run-cmdb-dc2-legacy-site-dc2-2026-03~1c207df484ae,discovery_run,acme,run_cmdb_dc2_legacy_site_dc2_2026_03,cmdb_dc2_legacy,none,site,site_dc2,"[""inventory"",""membership""]",2026-03-24T06:57:30Z,2026-03-24T07:57:30Z,completed,5,2026-03-24T06:57:30Z,\N,2026-03-26T08:53:39Z,\N,1,assert
acme:discovery_run:run-flow-netflow-seg-core-user-2026-03~8128a11ee52d,discovery_run,acme,run_flow_netflow_seg_core_user_2026_03,flow_netflow,passive_observation,network_segment,seg_core_user,"[""inventory"",""membership""]",2026-03-28T21:07:19Z,2026-03-28T21:42:19Z,timed_out,0,2026-03-28T21:07:19Z,\N,2026-03-28T21:07:19Z,\N,1,assert
acme:discovery_run:run-sweep-active-seg-core-user-2026-03~5d705f41dbc7,discovery_run,acme,run_sweep_active_seg_core_user_2026_03,sweep_active,active_discovery,network_segment,seg_core_user,"[""inventory"",""patch_state"",""encryption""]",2026-03-28T00:41:42Z,2026-03-28T00:47:42Z,completed,136,2026-03-28T00:41:42Z,\N,2026-03-30T17:53:04Z,\N,1,assert
acme:discovery_run:run-cmdb-primary-attribute-class~ed9b0389db4f,discovery_run,acme,run_cmdb_primary_attribute_class_sensitivity_2026_03,cmdb_primary,authoritative_declaration,attribute_class,\N,"[""sensitivity""]",2026-03-31T04:24:17Z,2026-03-31T05:37:17Z,completed,111,2026-03-31T04:24:17Z,\N,2026-04-01T03:03:14Z,\N,1,assert
acme:discovery_run:run-cmdb-primary-attribute-class~8931e2323b4d,discovery_run,acme,run_cmdb_primary_attribute_class_classification_2026_04,cmdb_primary,authoritative_declaration,attribute_class,\N,"[""classification""]",2026-04-01T11:47:09Z,2026-04-01T12:01:09Z,completed,191,2026-04-01T11:47:09Z,\N,2026-04-02T15:37:13Z,\N,1,assert
acme:discovery_run:run-iam-emea-attribute-class-membership~233cc5ffdadb,discovery_run,acme,run_iam_emea_attribute_class_membership_2026_04,iam_emea,authoritative_declaration,attribute_class,\N,"[""membership""]",2026-04-01T23:49:37Z,2026-04-02T00:52:37Z,partial,22,2026-04-01T23:49:37Z,\N,2026-04-03T07:22:05Z,\N,1,assert
acme:discovery_run:run-cmdb-primary-attribute-class~2668718eb258,discovery_run,acme,run_cmdb_primary_attribute_class_sensitivity_2026_04,cmdb_primary,authoritative_declaration,attribute_class,\N,"[""sensitivity""]",2026-04-01T13:10:05Z,2026-04-01T13:56:05Z,completed,143,2026-04-01T13:10:05Z,\N,2026-04-03T09:10:44Z,\N,1,assert
acme:discovery_run:run-sweep-active-attribute-class~babb67f5f4e5,discovery_run,acme,run_sweep_active_attribute_class_lifecycle_2026_04,sweep_active,active_discovery,attribute_class,\N,"[""lifecycle""]",2026-04-03T18:21:53Z,2026-04-03T18:25:53Z,completed,139,2026-04-03T18:21:53Z,\N,2026-04-05T14:27:26Z,\N,1,assert
acme:discovery_run:run-scanner-vuln-attribute-class~9b495a610bf3,discovery_run,acme,run_scanner_vuln_attribute_class_encryption_2026_04,scanner_vuln,active_discovery,attribute_class,\N,"[""encryption""]",2026-04-03T03:51:37Z,2026-04-03T03:57:37Z,completed,266,2026-04-03T03:51:37Z,\N,2026-04-05T14:47:58Z,\N,1,assert
acme:discovery_run:run-iam-corp-dir-corp-2026-04~c10af9c5111c,discovery_run,acme,run_iam_corp_dir_corp_2026_04,iam_corp,authoritative_declaration,directory,dir_corp,"[""inventory"",""membership""]",2026-04-07T09:25:44Z,2026-04-07T10:53:44Z,completed,282,2026-04-07T09:25:44Z,\N,2026-04-09T16:40:20Z,\N,1,assert
acme:discovery_run:run-cmdb-dc2-legacy-site-dc2-2026-04~78888c8f5810,discovery_run,acme,run_cmdb_dc2_legacy_site_dc2_2026_04,cmdb_dc2_legacy,none,site,site_dc2,"[""inventory"",""membership""]",2026-04-08T04:30:55Z,2026-04-08T05:12:55Z,completed,157,2026-04-08T04:30:55Z,\N,2026-04-10T23:39:19Z,\N,1,assert
acme:discovery_run:run-cmdb-primary-attribute-class~79fdf38cd15b,discovery_run,acme,run_cmdb_primary_attribute_class_reachability_2026_04,cmdb_primary,authoritative_declaration,attribute_class,\N,"[""reachability""]",2026-04-12T05:52:38Z,2026-04-12T07:16:38Z,partial,161,2026-04-12T05:52:38Z,\N,2026-04-12T05:52:38Z,\N,1,assert
acme:discovery_run:run-flow-netflow-seg-plant-ot-2026-04~582696e87141,discovery_run,acme,run_flow_netflow_seg_plant_ot_2026_04,flow_netflow,passive_observation,network_segment,seg_plant_ot,"[""inventory"",""membership""]",2026-04-10T20:36:45Z,2026-04-10T21:53:45Z,partial,150,2026-04-10T20:36:45Z,\N,2026-04-12T06:49:47Z,\N,1,assert
acme:discovery_run:run-iam-corp-attribute-class-membership~79716fb20417,discovery_run,acme,run_iam_corp_attribute_class_membership_2026_04,iam_corp,authoritative_declaration,attribute_class,\N,"[""membership""]",2026-04-11T11:57:05Z,2026-04-11T12:52:05Z,completed,53,2026-04-11T11:57:05Z,\N,2026-04-13T09:50:04Z,\N,1,assert
acme:discovery_run:run-scanner-vuln-attribute-class-patch~4561b6f3006d,discovery_run,acme,run_scanner_vuln_attribute_class_patch_state_2026_04,scanner_vuln,active_discovery,attribute_class,\N,"[""patch_state""]",2026-04-14T10:13:30Z,2026-04-14T11:46:30Z,completed,157,2026-04-14T10:13:30Z,\N,2026-04-16T13:56:04Z,\N,1,assert
acme:discovery_run:run-sweep-active-seg-core-user-2026-04~8d98bd4cca17,discovery_run,acme,run_sweep_active_seg_core_user_2026_04,sweep_active,active_discovery,network_segment,seg_core_user,"[""inventory"",""patch_state"",""encryption""]",2026-04-16T10:56:03Z,2026-04-16T11:48:03Z,completed,226,2026-04-16T10:56:03Z,\N,2026-04-18T14:10:15Z,\N,1,assert
acme:discovery_run:run-scanner-vuln-seg-core-user-2026-04~4fb95927b49b,discovery_run,acme,run_scanner_vuln_seg_core_user_2026_04,scanner_vuln,active_discovery,network_segment,seg_core_user,"[""inventory"",""patch_state"",""encryption""]",2026-04-27T18:57:34Z,2026-04-27T19:52:34Z,completed,211,2026-04-27T18:57:34Z,\N,2026-04-29T10:32:30Z,\N,1,assert
acme:discovery_run:run-vcenter-readonly-attribute-class~ae77618bd461,discovery_run,acme,run_vcenter_readonly_attribute_class_inventory_2026_04,vcenter_readonly,authoritative_declaration,attribute_class,\N,"[""inventory""]",2026-04-29T06:00:39Z,2026-04-29T06:20:39Z,completed,181,2026-04-29T06:00:39Z,\N,2026-04-30T15:18:41Z,\N,1,assert
acme:discovery_run:run-sweep-active-seg-mgmt-2026-05~06a177dd2ad8,discovery_run,acme,run_sweep_active_seg_mgmt_2026_05,sweep_active,active_discovery,network_segment,seg_mgmt,"[""inventory"",""patch_state"",""encryption""]",2026-05-01T15:20:08Z,2026-05-01T15:28:08Z,failed,0,2026-05-01T15:20:08Z,\N,2026-05-01T15:20:08Z,\N,1,assert
acme:discovery_run:run-sweep-active-seg-dmz-ext-2026-04~87accc5c7f77,discovery_run,acme,run_sweep_active_seg_dmz_ext_2026_04,sweep_active,active_discovery,network_segment,seg_dmz_ext,"[""inventory"",""patch_state"",""encryption""]",2026-04-29T13:55:34Z,2026-04-29T14:54:34Z,partial,88,2026-04-29T13:55:34Z,\N,2026-05-01T04:01:30Z,\N,1,assert
acme:discovery_run:run-ticket-bridge-src-ticket-bridge~13cfdfd9fe33,discovery_run,acme,run_ticket_bridge_src_ticket_bridge_2026_04,ticket_bridge,third_party_attestation,source_system,src_ticket_bridge,"[""inventory"",""membership""]",2026-04-30T22:13:55Z,2026-04-30T23:13:55Z,completed,247,2026-04-30T22:13:55Z,\N,2026-05-01T04:11:48Z,\N,1,assert
acme:discovery_run:run-cmdb-dc2-legacy-site-dc2-2026-05~e526a32804c7,discovery_run,acme,run_cmdb_dc2_legacy_site_dc2_2026_05,cmdb_dc2_legacy,none,site,site_dc2,"[""inventory"",""membership""]",2026-05-02T20:58:09Z,2026-05-02T21:58:09Z,completed,280,2026-05-02T20:58:09Z,\N,2026-05-02T20:58:09Z,\N,1,assert
acme:discovery_run:run-scanner-vuln-attribute-class-patch~cc10b136522d,discovery_run,acme,run_scanner_vuln_attribute_class_patch_state_2026_05,scanner_vuln,active_discovery,attribute_class,\N,"[""patch_state""]",2026-05-02T19:56:55Z,2026-05-02T20:14:55Z,completed,10,2026-05-02T19:56:55Z,\N,2026-05-02T19:56:55Z,\N,1,assert
acme:discovery_run:run-ticket-bridge-src-ticket-bridge~f68bd4424715,discovery_run,acme,run_ticket_bridge_src_ticket_bridge_2026_05,ticket_bridge,third_party_attestation,source_system,src_ticket_bridge,"[""inventory"",""membership""]",2026-05-03T06:45:06Z,2026-05-03T07:33:06Z,completed,269,2026-05-03T06:45:06Z,\N,2026-05-03T06:45:06Z,\N,1,assert
acme:discovery_run:run-cmdb-primary-attribute-class~60026b2f4a41,discovery_run,acme,run_cmdb_primary_attribute_class_classification_2026_05,cmdb_primary,authoritative_declaration,attribute_class,\N,"[""classification""]",2026-05-03T18:42:55Z,2026-05-03T20:14:55Z,partial,105,2026-05-03T18:42:55Z,\N,2026-05-03T18:42:55Z,\N,1,assert
acme:discovery_run:run-vcenter-readonly-attribute-class~794a83a04362,discovery_run,acme,run_vcenter_readonly_attribute_class_inventory_2026_05,vcenter_readonly,authoritative_declaration,attribute_class,\N,"[""inventory""]",2026-05-03T03:31:50Z,2026-05-03T04:05:50Z,completed,140,2026-05-03T03:31:50Z,\N,2026-05-05T13:14:40Z,\N,1,assert
acme:discovery_run:run-cmdb-primary-attribute-class~9584ba33ba77,discovery_run,acme,run_cmdb_primary_attribute_class_sensitivity_2026_05,cmdb_primary,authoritative_declaration,attribute_class,\N,"[""sensitivity""]",2026-05-05T14:19:56Z,2026-05-05T15:47:56Z,completed,268,2026-05-05T14:19:56Z,\N,2026-05-07T19:21:58Z,\N,1,assert
acme:discovery_run:run-sweep-active-seg-server-farm-2026-05~b79ec962902b,discovery_run,acme,run_sweep_active_seg_server_farm_2026_05,sweep_active,active_discovery,network_segment,seg_server_farm,"[""inventory"",""patch_state"",""encryption""]",2026-05-08T16:55:44Z,2026-05-08T17:52:44Z,completed,20,2026-05-08T16:55:44Z,\N,2026-05-08T16:55:44Z,\N,1,assert
acme:discovery_run:run-iam-corp-attribute-class-membership~2c1ebb9536d9,discovery_run,acme,run_iam_corp_attribute_class_membership_2026_05,iam_corp,authoritative_declaration,attribute_class,\N,"[""membership""]",2026-05-07T08:55:34Z,2026-05-07T10:08:34Z,timed_out,0,2026-05-07T08:55:34Z,\N,2026-05-09T06:32:08Z,\N,1,assert
acme:discovery_run:run-sweep-active-seg-dmz-ext-2026-05~824245affa7d,discovery_run,acme,run_sweep_active_seg_dmz_ext_2026_05,sweep_active,active_discovery,network_segment,seg_dmz_ext,"[""inventory"",""patch_state"",""encryption""]",2026-05-07T07:27:06Z,2026-05-07T07:51:06Z,failed,0,2026-05-07T07:27:06Z,\N,2026-05-09T00:00:29Z,\N,1,assert
acme:discovery_run:run-vcenter-readonly-site-hq-2026-05~f769bd0b4aa2,discovery_run,acme,run_vcenter_readonly_site_hq_2026_05,vcenter_readonly,authoritative_declaration,site,site_hq,"[""inventory"",""membership""]",2026-05-12T07:13:37Z,2026-05-12T08:38:37Z,completed,205,2026-05-12T07:13:37Z,\N,2026-05-12T07:13:37Z,\N,1,assert
acme:discovery_run:run-sweep-active-seg-core-user-2026-05~18052b6d83e6,discovery_run,acme,run_sweep_active_seg_core_user_2026_05,sweep_active,active_discovery,network_segment,seg_core_user,"[""inventory"",""patch_state"",""encryption""]",2026-05-11T07:48:12Z,2026-05-11T08:58:12Z,completed,304,2026-05-11T07:48:12Z,\N,2026-05-12T13:06:01Z,\N,1,assert
acme:discovery_run:run-iam-corp-dir-corp-2026-05~27841dd4d866,discovery_run,acme,run_iam_corp_dir_corp_2026_05,iam_corp,authoritative_declaration,directory,dir_corp,"[""inventory"",""membership""]",2026-05-12T13:19:26Z,2026-05-12T14:45:26Z,completed,264,2026-05-12T13:19:26Z,\N,2026-05-14T11:29:16Z,\N,1,assert
acme:discovery_run:run-flow-netflow-attribute-class~2fd017ef21b4,discovery_run,acme,run_flow_netflow_attribute_class_reachability_2026_05,flow_netflow,passive_observation,attribute_class,\N,"[""reachability""]",2026-05-16T17:52:31Z,2026-05-16T18:45:31Z,completed,18,2026-05-16T17:52:31Z,\N,2026-05-17T08:52:01Z,\N,1,assert
acme:discovery_run:run-scanner-vuln-attribute-class~ed08ec1a42b1,discovery_run,acme,run_scanner_vuln_attribute_class_encryption_2026_05,scanner_vuln,active_discovery,attribute_class,\N,"[""encryption""]",2026-05-27T08:26:46Z,2026-05-27T08:45:46Z,partial,296,2026-05-27T08:26:46Z,\N,2026-05-27T08:26:46Z,\N,1,assert
acme:discovery_run:run-sweep-active-attribute-class~8124ada42459,discovery_run,acme,run_sweep_active_attribute_class_lifecycle_2026_05,sweep_active,active_discovery,attribute_class,\N,"[""lifecycle""]",2026-05-30T23:29:42Z,2026-05-30T23:57:42Z,completed,36,2026-05-30T23:29:42Z,\N,2026-05-30T23:29:42Z,\N,1,assert
acme:discovery_run:run-cmdb-primary-attribute-class~d5c67aecfa12,discovery_run,acme,run_cmdb_primary_attribute_class_ownership_2026_05,cmdb_primary,authoritative_declaration,attribute_class,\N,"[""ownership""]",2026-05-31T06:09:09Z,2026-05-31T06:58:09Z,completed,267,2026-05-31T06:09:09Z,\N,2026-06-01T05:44:13Z,\N,1,assert
acme:discovery_run:run-sweep-active-attribute-class~604220bdd934,discovery_run,acme,run_sweep_active_attribute_class_lifecycle_2026_06,sweep_active,active_discovery,attribute_class,\N,"[""lifecycle""]",2026-06-02T14:13:39Z,2026-06-02T14:55:39Z,completed,231,2026-06-02T14:13:39Z,\N,2026-06-02T14:13:39Z,\N,1,assert
acme:discovery_run:run-iam-corp-dir-corp-2026-06~4b71cbda5101,discovery_run,acme,run_iam_corp_dir_corp_2026_06,iam_corp,authoritative_declaration,directory,dir_corp,"[""inventory"",""membership""]",2026-06-03T07:15:10Z,2026-06-03T07:39:10Z,completed,238,2026-06-03T07:15:10Z,\N,2026-06-03T07:15:10Z,\N,1,assert
acme:discovery_run:run-scanner-vuln-seg-dmz-ext-2026-06~546ad37844ca,discovery_run,acme,run_scanner_vuln_seg_dmz_ext_2026_06,scanner_vuln,active_discovery,network_segment,seg_dmz_ext,"[""inventory"",""patch_state"",""encryption""]",2026-06-02T07:29:51Z,2026-06-02T08:41:51Z,completed,210,2026-06-02T07:29:51Z,\N,2026-06-03T08:33:19Z,\N,1,assert
acme:discovery_run:run-cmdb-primary-site-hq-2026-06~cfc27e566724,discovery_run,acme,run_cmdb_primary_site_hq_2026_06,cmdb_primary,authoritative_declaration,site,site_hq,"[""inventory"",""membership""]",2026-06-01T15:10:33Z,2026-06-01T16:26:33Z,completed,60,2026-06-01T15:10:33Z,\N,2026-06-03T07:34:07Z,\N,1,assert
acme:discovery_run:run-sweep-active-seg-mgmt-2026-06~15fe5c5d154a,discovery_run,acme,run_sweep_active_seg_mgmt_2026_06,sweep_active,active_discovery,network_segment,seg_mgmt,"[""inventory"",""patch_state"",""encryption""]",2026-06-04T07:57:56Z,2026-06-04T08:16:56Z,completed,84,2026-06-04T07:57:56Z,\N,2026-06-04T07:57:56Z,\N,1,assert
acme:discovery_run:run-cmdb-primary-attribute-class~c0d657a5a977,discovery_run,acme,run_cmdb_primary_attribute_class_classification_2026_06,cmdb_primary,authoritative_declaration,attribute_class,\N,"[""classification""]",2026-06-03T02:07:27Z,2026-06-03T03:37:27Z,completed,54,2026-06-03T02:07:27Z,\N,2026-06-04T19:35:19Z,\N,1,assert
acme:discovery_run:run-walkdown-sites-site-hq-2026-06~b32931588edb,discovery_run,acme,run_walkdown_sites_site_hq_2026_06,walkdown_sites,human_attestation,site,site_hq,"[""inventory"",""membership""]",2026-06-03T08:50:18Z,2026-06-03T10:17:18Z,failed,0,2026-06-03T08:50:18Z,\N,2026-06-05T05:11:52Z,\N,1,assert
acme:discovery_run:run-sweep-active-attribute-class~c35b8f09425f,discovery_run,acme,run_sweep_active_attribute_class_inventory_2026_06,sweep_active,active_discovery,attribute_class,\N,"[""inventory""]",2026-06-06T12:00:50Z,2026-06-06T12:50:50Z,completed,130,2026-06-06T12:00:50Z,\N,2026-06-06T12:00:50Z,\N,1,assert
acme:discovery_run:run-scanner-vuln-attribute-class-patch~6a2e1b937d53,discovery_run,acme,run_scanner_vuln_attribute_class_patch_state_2026_06,scanner_vuln,active_discovery,attribute_class,\N,"[""patch_state""]",2026-06-07T10:50:46Z,2026-06-07T12:24:46Z,completed,56,2026-06-07T10:50:46Z,\N,2026-06-07T10:50:46Z,\N,1,assert
acme:discovery_run:run-cmdb-dc2-legacy-site-dc2-2026-06~8919d21e779d,discovery_run,acme,run_cmdb_dc2_legacy_site_dc2_2026_06,cmdb_dc2_legacy,none,site,site_dc2,"[""inventory"",""membership""]",2026-06-07T07:00:03Z,2026-06-07T08:32:03Z,failed,0,2026-06-07T07:00:03Z,\N,2026-06-09T12:59:41Z,\N,1,assert
acme:discovery_run:run-scanner-vuln-seg-server-farm-2026-06~ab917b0a8833,discovery_run,acme,run_scanner_vuln_seg_server_farm_2026_06,scanner_vuln,active_discovery,network_segment,seg_server_farm,"[""inventory"",""patch_state"",""encryption""]",2026-06-09T21:09:23Z,2026-06-09T21:18:23Z,failed,0,2026-06-09T21:09:23Z,\N,2026-06-11T13:16:00Z,\N,1,assert
acme:discovery_run:run-sweep-active-seg-server-farm-2026-06~25f04173b10e,discovery_run,acme,run_sweep_active_seg_server_farm_2026_06,sweep_active,active_discovery,network_segment,seg_server_farm,"[""inventory"",""patch_state"",""encryption""]",2026-06-14T06:22:02Z,2026-06-14T06:33:02Z,completed,293,2026-06-14T06:22:02Z,\N,2026-06-14T06:22:02Z,\N,1,assert
acme:discovery_run:run-cmdb-primary-attribute-class~7e880a2c2a28,discovery_run,acme,run_cmdb_primary_attribute_class_ownership_2026_06,cmdb_primary,authoritative_declaration,attribute_class,\N,"[""ownership""]",2026-06-15T05:46:53Z,2026-06-15T06:03:53Z,timed_out,0,2026-06-15T05:46:53Z,\N,2026-06-15T05:46:53Z,\N,1,assert
acme:discovery_run:run-cmdb-primary-attribute-class~853d3babcdd1,discovery_run,acme,run_cmdb_primary_attribute_class_sensitivity_2026_06,cmdb_primary,authoritative_declaration,attribute_class,\N,"[""sensitivity""]",2026-06-18T22:34:33Z,2026-06-18T23:37:33Z,completed,215,2026-06-18T22:34:33Z,\N,2026-06-20T05:23:33Z,\N,1,assert
acme:discovery_run:run-iam-emea-attribute-class-membership~e4ae2afe0960,discovery_run,acme,run_iam_emea_attribute_class_membership_2026_06,iam_emea,authoritative_declaration,attribute_class,\N,"[""membership""]",2026-06-29T17:37:25Z,2026-06-29T18:12:25Z,completed,264,2026-06-29T17:37:25Z,\N,2026-06-29T17:37:25Z,\N,1,assert
acme:discovery_run:run-cmdb-contractor-site-hq-2026-07~938c43c23d96,discovery_run,acme,run_cmdb_contractor_site_hq_2026_07,cmdb_contractor,third_party_attestation,site,site_hq,"[""inventory"",""membership""]",2026-07-02T13:49:29Z,2026-07-02T15:10:29Z,timed_out,0,2026-07-02T13:49:29Z,\N,2026-07-02T13:49:29Z,\N,1,assert
acme:discovery_run:run-scanner-vuln-attribute-class~5814bc837328,discovery_run,acme,run_scanner_vuln_attribute_class_encryption_2026_07,scanner_vuln,active_discovery,attribute_class,\N,"[""encryption""]",2026-07-02T14:48:36Z,2026-07-02T16:17:36Z,failed,0,2026-07-02T14:48:36Z,\N,2026-07-02T14:48:36Z,\N,1,assert
acme:discovery_run:run-ticket-bridge-src-ticket-bridge~6d0aec03dc04,discovery_run,acme,run_ticket_bridge_src_ticket_bridge_2026_07,ticket_bridge,third_party_attestation,source_system,src_ticket_bridge,"[""inventory"",""membership""]",2026-07-01T22:30:27Z,2026-07-01T23:07:27Z,failed,0,2026-07-01T22:30:27Z,\N,2026-07-03T12:43:14Z,\N,1,assert
acme:discovery_run:run-iam-corp-dir-corp-2026-07~7aad8e9584d3,discovery_run,acme,run_iam_corp_dir_corp_2026_07,iam_corp,authoritative_declaration,directory,dir_corp,"[""inventory"",""membership""]",2026-07-01T10:44:33Z,2026-07-01T12:15:33Z,failed,0,2026-07-01T10:44:33Z,\N,2026-07-03T18:02:33Z,\N,1,assert
acme:discovery_run:run-flow-netflow-seg-plant-ot-2026-07~382276b3782f,discovery_run,acme,run_flow_netflow_seg_plant_ot_2026_07,flow_netflow,passive_observation,network_segment,seg_plant_ot,"[""inventory"",""membership""]",2026-07-03T01:09:50Z,2026-07-03T02:33:50Z,completed,19,2026-07-03T01:09:50Z,\N,2026-07-04T23:36:35Z,\N,1,assert
acme:discovery_run:run-flow-netflow-seg-core-user-2026-07~75953ed89326,discovery_run,acme,run_flow_netflow_seg_core_user_2026_07,flow_netflow,passive_observation,network_segment,seg_core_user,"[""inventory"",""membership""]",2026-07-03T05:33:41Z,2026-07-03T06:26:41Z,partial,264,2026-07-03T05:33:41Z,\N,2026-07-04T00:28:36Z,\N,1,assert
acme:discovery_run:run-cmdb-primary-attribute-class~d157d3bcc33a,discovery_run,acme,run_cmdb_primary_attribute_class_reachability_2026_07,cmdb_primary,authoritative_declaration,attribute_class,\N,"[""reachability""]",2026-07-04T02:47:41Z,2026-07-04T03:33:41Z,completed,299,2026-07-04T02:47:41Z,\N,2026-07-04T02:47:41Z,\N,1,assert
acme:discovery_run:run-sweep-active-seg-core-user-2026-07~c9d3b4d7e237,discovery_run,acme,run_sweep_active_seg_core_user_2026_07,sweep_active,active_discovery,network_segment,seg_core_user,"[""inventory"",""patch_state"",""encryption""]",2026-07-02T09:06:16Z,2026-07-02T10:38:16Z,partial,64,2026-07-02T09:06:16Z,\N,2026-07-04T19:43:38Z,\N,1,assert
acme:discovery_run:run-vcenter-readonly-attribute-class~66d4926e56dd,discovery_run,acme,run_vcenter_readonly_attribute_class_inventory_2026_07,vcenter_readonly,authoritative_declaration,attribute_class,\N,"[""inventory""]",2026-07-07T11:15:06Z,2026-07-07T11:38:06Z,completed,102,2026-07-07T11:15:06Z,\N,2026-07-09T06:24:24Z,\N,1,assert
acme:discovery_run:run-cmdb-dc2-legacy-site-dc2-2026-07~538e91692fcd,discovery_run,acme,run_cmdb_dc2_legacy_site_dc2_2026_07,cmdb_dc2_legacy,none,site,site_dc2,"[""inventory"",""membership""]",2026-07-09T08:16:38Z,2026-07-09T09:11:38Z,completed,219,2026-07-09T08:16:38Z,\N,2026-07-10T20:48:57Z,\N,1,assert
acme:discovery_run:run-scanner-vuln-seg-core-user-2026-07~ce012ddc9c9b,discovery_run,acme,run_scanner_vuln_seg_core_user_2026_07,scanner_vuln,active_discovery,network_segment,seg_core_user,"[""inventory"",""patch_state"",""encryption""]",2026-07-12T21:32:06Z,2026-07-12T21:43:06Z,completed,182,2026-07-12T21:32:06Z,\N,2026-07-13T02:32:07Z,\N,1,assert
acme:discovery_run:run-scanner-vuln-seg-server-farm-2026-07~54a1327e516c,discovery_run,acme,run_scanner_vuln_seg_server_farm_2026_07,scanner_vuln,active_discovery,network_segment,seg_server_farm,"[""inventory"",""patch_state"",""encryption""]",2026-07-13T16:25:38Z,2026-07-13T16:28:38Z,completed,246,2026-07-13T16:25:38Z,\N,2026-07-13T16:25:38Z,\N,1,assert
acme:discovery_run:run-cmdb-primary-attribute-class~da00cc0c51d4,discovery_run,acme,run_cmdb_primary_attribute_class_inventory_2026_07,cmdb_primary,authoritative_declaration,attribute_class,\N,"[""inventory""]",2026-07-14T22:02:44Z,2026-07-14T23:20:44Z,partial,191,2026-07-14T22:02:44Z,\N,2026-07-14T22:02:44Z,\N,1,assert
acme:discovery_run:run-cmdb-primary-attribute-class~15fe338cca15,discovery_run,acme,run_cmdb_primary_attribute_class_ownership_2026_07,cmdb_primary,authoritative_declaration,attribute_class,\N,"[""ownership""]",2026-07-15T18:08:36Z,2026-07-15T19:30:36Z,failed,0,2026-07-15T18:08:36Z,\N,2026-07-16T06:13:37Z,\N,1,assert
acme:discovery_run:run-sweep-active-seg-mgmt-2026-07~cfdbc46750ea,discovery_run,acme,run_sweep_active_seg_mgmt_2026_07,sweep_active,active_discovery,network_segment,seg_mgmt,"[""inventory"",""patch_state"",""encryption""]",2026-07-16T10:29:34Z,2026-07-16T11:08:34Z,timed_out,0,2026-07-16T10:29:34Z,\N,2026-07-17T16:14:30Z,\N,1,assert
acme:discovery_run:run-sweep-active-attribute-class~2b409ae83596,discovery_run,acme,run_sweep_active_attribute_class_lifecycle_2026_07,sweep_active,active_discovery,attribute_class,\N,"[""lifecycle""]",2026-07-18T09:48:27Z,2026-07-18T11:17:27Z,timed_out,0,2026-07-18T09:48:27Z,\N,2026-07-19T14:53:23Z,\N,1,assert
acme:discovery_run:run-scanner-vuln-attribute-class-patch~b797f20b75d3,discovery_run,acme,run_scanner_vuln_attribute_class_patch_state_2026_07,scanner_vuln,active_discovery,attribute_class,\N,"[""patch_state""]",2026-07-25T00:24:57Z,2026-07-25T01:21:57Z,completed,309,2026-07-25T00:24:57Z,\N,2026-07-25T00:24:57Z,\N,1,assert
acme:discovery_run:run-walkdown-sites-site-hq-2026-07~2106e84f33e1,discovery_run,acme,run_walkdown_sites_site_hq_2026_07,walkdown_sites,human_attestation,site,site_hq,"[""inventory"",""membership""]",2026-07-27T12:12:59Z,2026-07-27T13:40:59Z,completed,18,2026-07-27T12:12:59Z,\N,2026-07-28T15:25:55Z,\N,1,assert
acme:discovery_run:run-cmdb-primary-attribute-class~42ff60a3ba3f,discovery_run,acme,run_cmdb_primary_attribute_class_sensitivity_2026_07,cmdb_primary,authoritative_declaration,attribute_class,\N,"[""sensitivity""]",2026-07-31T23:48:02Z,2026-08-01T00:51:02Z,completed,114,2026-07-31T23:48:02Z,\N,2026-07-31T23:48:02Z,\N,1,assert
acme:discovery_run:run-cmdb-primary-attribute-class~2ae1126f37f3,discovery_run,acme,run_cmdb_primary_attribute_class_sensitivity_2026_08,cmdb_primary,authoritative_declaration,attribute_class,\N,"[""sensitivity""]",2026-08-01T04:30:02Z,2026-08-01T05:57:02Z,partial,194,2026-08-01T04:30:02Z,\N,2026-08-02T02:00:50Z,\N,1,assert
acme:discovery_run:run-sweep-active-seg-server-farm-2026-07~9595ead96f83,discovery_run,acme,run_sweep_active_seg_server_farm_2026_07,sweep_active,active_discovery,network_segment,seg_server_farm,"[""inventory"",""patch_state"",""encryption""]",2026-07-31T04:59:56Z,2026-07-31T06:22:56Z,completed,228,2026-07-31T04:59:56Z,\N,2026-08-02T04:23:41Z,\N,1,assert
acme:discovery_run:run-scanner-vuln-attribute-class~29bdfd3e1f0e,discovery_run,acme,run_scanner_vuln_attribute_class_encryption_2026_08,scanner_vuln,active_discovery,attribute_class,\N,"[""encryption""]",2026-08-03T14:45:07Z,2026-08-03T16:12:07Z,completed,121,2026-08-03T14:45:07Z,\N,2026-08-03T14:45:07Z,\N,1,assert
acme:discovery_run:run-cmdb-primary-attribute-class~6d6438a0bd0c,discovery_run,acme,run_cmdb_primary_attribute_class_ownership_2026_08,cmdb_primary,authoritative_declaration,attribute_class,\N,"[""ownership""]",2026-08-03T12:20:28Z,2026-08-03T13:34:28Z,completed,129,2026-08-03T12:20:28Z,\N,2026-08-03T12:20:28Z,\N,1,assert
acme:discovery_run:run-sweep-active-seg-mgmt-2026-08~7b4124ed0fd5,discovery_run,acme,run_sweep_active_seg_mgmt_2026_08,sweep_active,active_discovery,network_segment,seg_mgmt,"[""inventory"",""patch_state"",""encryption""]",2026-08-03T06:38:18Z,2026-08-03T06:43:18Z,completed,287,2026-08-03T06:38:18Z,\N,2026-08-04T19:36:18Z,\N,1,assert
acme:discovery_run:run-scanner-vuln-attribute-class-patch~4cbe813cd6b5,discovery_run,acme,run_scanner_vuln_attribute_class_patch_state_2026_08,scanner_vuln,active_discovery,attribute_class,\N,"[""patch_state""]",2026-08-02T18:43:15Z,2026-08-02T19:11:15Z,completed,20,2026-08-02T18:43:15Z,\N,2026-08-04T13:05:36Z,\N,1,assert
acme:discovery_run:run-cmdb-dc2-legacy-site-dc2-2026-08~8ad18a46746b,discovery_run,acme,run_cmdb_dc2_legacy_site_dc2_2026_08,cmdb_dc2_legacy,none,site,site_dc2,"[""inventory"",""membership""]",2026-08-04T11:50:03Z,2026-08-04T12:49:03Z,partial,81,2026-08-04T11:50:03Z,\N,2026-08-05T19:30:01Z,\N,1,assert
acme:discovery_run:run-cmdb-primary-site-hq-2026-08~21a9f44d19f0,discovery_run,acme,run_cmdb_primary_site_hq_2026_08,cmdb_primary,authoritative_declaration,site,site_hq,"[""inventory"",""membership""]",2026-08-13T01:20:16Z,2026-08-13T01:30:16Z,completed,47,2026-08-13T01:20:16Z,\N,2026-08-13T01:20:16Z,\N,1,assert
acme:discovery_run:run-sweep-active-seg-core-user-2026-08~a495f489f8e9,discovery_run,acme,run_sweep_active_seg_core_user_2026_08,sweep_active,active_discovery,network_segment,seg_core_user,"[""inventory"",""patch_state"",""encryption""]",2026-08-14T17:26:47Z,2026-08-14T17:41:47Z,failed,0,2026-08-14T17:26:47Z,\N,2026-08-14T17:26:47Z,\N,1,assert
acme:discovery_run:run-cmdb-primary-attribute-class~89267805204f,discovery_run,acme,run_cmdb_primary_attribute_class_classification_2026_08,cmdb_primary,authoritative_declaration,attribute_class,\N,"[""classification""]",2026-08-12T18:26:11Z,2026-08-12T19:15:11Z,completed,72,2026-08-12T18:26:11Z,\N,2026-08-14T19:43:20Z,\N,1,assert
acme:discovery_run:run-sweep-active-attribute-class~5d85c2fbf41d,discovery_run,acme,run_sweep_active_attribute_class_lifecycle_2026_08,sweep_active,active_discovery,attribute_class,\N,"[""lifecycle""]",2026-08-12T21:38:24Z,2026-08-12T22:25:24Z,partial,17,2026-08-12T21:38:24Z,\N,2026-08-14T03:35:56Z,\N,1,assert
acme:discovery_run:run-vcenter-readonly-site-hq-2026-08~2f6595c6e650,discovery_run,acme,run_vcenter_readonly_site_hq_2026_08,vcenter_readonly,authoritative_declaration,site,site_hq,"[""inventory"",""membership""]",2026-08-14T09:03:02Z,2026-08-14T09:57:02Z,completed,70,2026-08-14T09:03:02Z,\N,2026-08-16T00:03:18Z,\N,1,assert
acme:discovery_run:run-scanner-vuln-seg-core-user-2026-08~18612075e425,discovery_run,acme,run_scanner_vuln_seg_core_user_2026_08,scanner_vuln,active_discovery,network_segment,seg_core_user,"[""inventory"",""patch_state"",""encryption""]",2026-08-16T16:25:40Z,2026-08-16T16:36:40Z,completed,23,2026-08-16T16:25:40Z,\N,2026-08-17T10:27:24Z,\N,1,assert
acme:discovery_run:run-sweep-active-seg-server-farm-2026-08~2f8379afa48a,discovery_run,acme,run_sweep_active_seg_server_farm_2026_08,sweep_active,active_discovery,network_segment,seg_server_farm,"[""inventory"",""patch_state"",""encryption""]",2026-08-19T09:03:11Z,2026-08-19T10:09:11Z,completed,289,2026-08-19T09:03:11Z,\N,2026-08-20T11:19:57Z,\N,1,assert
acme:discovery_run:run-flow-netflow-attribute-class~421120ec48ed,discovery_run,acme,run_flow_netflow_attribute_class_reachability_2026_08,flow_netflow,passive_observation,attribute_class,\N,"[""reachability""]",2026-08-19T23:50:42Z,2026-08-20T00:29:42Z,partial,319,2026-08-19T23:50:42Z,\N,2026-08-20T00:36:55Z,\N,1,assert
acme:discovery_run:run-iam-corp-dir-corp-2026-08~7fd533c640a7,discovery_run,acme,run_iam_corp_dir_corp_2026_08,iam_corp,authoritative_declaration,directory,dir_corp,"[""inventory"",""membership""]",2026-08-21T02:09:26Z,2026-08-21T03:05:26Z,completed,28,2026-08-21T02:09:26Z,\N,2026-08-22T19:24:45Z,\N,1,assert
acme:discovery_run:run-vcenter-readonly-attribute-class~5b3c22d7ae21,discovery_run,acme,run_vcenter_readonly_attribute_class_inventory_2026_08,vcenter_readonly,authoritative_declaration,attribute_class,\N,"[""inventory""]",2026-08-22T04:27:09Z,2026-08-22T04:49:09Z,completed,233,2026-08-22T04:27:09Z,\N,2026-08-23T21:07:24Z,\N,1,assert
acme:discovery_run:run-flow-netflow-seg-plant-ot-2026-08~7deaf1264644,discovery_run,acme,run_flow_netflow_seg_plant_ot_2026_08,flow_netflow,passive_observation,network_segment,seg_plant_ot,"[""inventory"",""membership""]",2026-08-24T16:41:14Z,2026-08-24T17:27:14Z,completed,147,2026-08-24T16:41:14Z,\N,2026-08-24T16:41:14Z,\N,1,assert
acme:discovery_run:run-ticket-bridge-src-ticket-bridge~c0b243467941,discovery_run,acme,run_ticket_bridge_src_ticket_bridge_2026_08,ticket_bridge,third_party_attestation,source_system,src_ticket_bridge,"[""inventory"",""membership""]",2026-08-23T19:23:01Z,2026-08-23T20:52:01Z,completed,88,2026-08-23T19:23:01Z,\N,2026-08-25T03:33:28Z,\N,1,assert
acme:discovery_run:run-flow-netflow-seg-dmz-ext-2026-08~fd1e1573c7e2,discovery_run,acme,run_flow_netflow_seg_dmz_ext_2026_08,flow_netflow,passive_observation,network_segment,seg_dmz_ext,"[""inventory"",""membership""]",2026-08-27T23:02:29Z,2026-08-27T23:50:29Z,completed,50,2026-08-27T23:02:29Z,\N,2026-08-27T23:02:29Z,\N,1,assert
acme:discovery_run:run-sweep-active-attribute-class~dc6451be9270,discovery_run,acme,run_sweep_active_attribute_class_inventory_2026_08,sweep_active,active_discovery,attribute_class,\N,"[""inventory""]",2026-08-28T17:44:25Z,2026-08-28T18:22:25Z,completed,200,2026-08-28T17:44:25Z,\N,2026-08-30T03:40:19Z,\N,1,assert
acme:discovery_run:run-cmdb-primary-attribute-class~5f7361ec902d,discovery_run,acme,run_cmdb_primary_attribute_class_inventory_2026_08,cmdb_primary,authoritative_declaration,attribute_class,\N,"[""inventory""]",2026-08-30T11:50:07Z,2026-08-30T12:39:07Z,completed,254,2026-08-30T11:50:07Z,\N,2026-09-01T19:16:09Z,\N,1,assert
acme:discovery_run:run-iam-corp-attribute-class-membership~51a533ba8981,discovery_run,acme,run_iam_corp_attribute_class_membership_2026_09,iam_corp,authoritative_declaration,attribute_class,\N,"[""membership""]",2026-09-02T03:14:38Z,2026-09-02T03:23:38Z,completed,105,2026-09-02T03:14:38Z,\N,2026-09-02T03:14:38Z,\N,1,assert
acme:discovery_run:run-flow-netflow-seg-plant-ot-2026-09~6a504e03cff9,discovery_run,acme,run_flow_netflow_seg_plant_ot_2026_09,flow_netflow,passive_observation,network_segment,seg_plant_ot,"[""inventory"",""membership""]",2026-09-01T20:32:56Z,2026-09-01T22:02:56Z,failed,0,2026-09-01T20:32:56Z,\N,2026-09-03T19:22:25Z,\N,1,assert
acme:discovery_run:run-cmdb-primary-attribute-class~2d3592894f48,discovery_run,acme,run_cmdb_primary_attribute_class_sensitivity_2026_09,cmdb_primary,authoritative_declaration,attribute_class,\N,"[""sensitivity""]",2026-09-04T11:33:08Z,2026-09-04T12:58:08Z,completed,64,2026-09-04T11:33:08Z,\N,2026-09-04T11:33:08Z,\N,1,assert
acme:discovery_run:run-iam-corp-dir-corp-2026-09~c397267fc369,discovery_run,acme,run_iam_corp_dir_corp_2026_09,iam_corp,authoritative_declaration,directory,dir_corp,"[""inventory"",""membership""]",2026-09-02T17:15:51Z,2026-09-02T17:30:51Z,completed,25,2026-09-02T17:15:51Z,\N,2026-09-04T06:16:04Z,\N,1,assert
acme:discovery_run:run-cmdb-primary-attribute-class~887bb8deb77f,discovery_run,acme,run_cmdb_primary_attribute_class_classification_2026_09,cmdb_primary,authoritative_declaration,attribute_class,\N,"[""classification""]",2026-09-02T00:55:54Z,2026-09-02T02:29:54Z,partial,44,2026-09-02T00:55:54Z,\N,2026-09-04T15:16:53Z,\N,1,assert
acme:discovery_run:run-cmdb-contractor-site-hq-2026-09~55e500b1ad2a,discovery_run,acme,run_cmdb_contractor_site_hq_2026_09,cmdb_contractor,third_party_attestation,site,site_hq,"[""inventory"",""membership""]",2026-09-04T14:09:18Z,2026-09-04T14:15:18Z,completed,263,2026-09-04T14:09:18Z,\N,2026-09-05T18:34:06Z,\N,1,assert
acme:discovery_run:run-sweep-active-seg-server-farm-2026-09~1c101ee594b3,discovery_run,acme,run_sweep_active_seg_server_farm_2026_09,sweep_active,active_discovery,network_segment,seg_server_farm,"[""inventory"",""patch_state"",""encryption""]",2026-09-06T17:00:20Z,2026-09-06T17:51:20Z,completed,133,2026-09-06T17:00:20Z,\N,2026-09-06T17:00:20Z,\N,1,assert
acme:discovery_run:run-flow-netflow-seg-dmz-ext-2026-09~b82103f87e90,discovery_run,acme,run_flow_netflow_seg_dmz_ext_2026_09,flow_netflow,passive_observation,network_segment,seg_dmz_ext,"[""inventory"",""membership""]",2026-09-06T22:35:24Z,2026-09-06T22:51:24Z,completed,319,2026-09-06T22:35:24Z,\N,2026-09-07T23:20:54Z,\N,1,assert
acme:discovery_run:run-vcenter-readonly-attribute-class~cfcc8aa0f6eb,discovery_run,acme,run_vcenter_readonly_attribute_class_inventory_2026_09,vcenter_readonly,authoritative_declaration,attribute_class,\N,"[""inventory""]",2026-09-06T21:13:54Z,2026-09-06T22:22:54Z,completed,241,2026-09-06T21:13:54Z,\N,2026-09-07T04:07:01Z,\N,1,assert
acme:discovery_run:run-flow-netflow-attribute-class~bc33aa6000a2,discovery_run,acme,run_flow_netflow_attribute_class_reachability_2026_09,flow_netflow,passive_observation,attribute_class,\N,"[""reachability""]",2026-09-09T02:08:44Z,2026-09-09T02:29:44Z,completed,69,2026-09-09T02:08:44Z,\N,2026-09-09T02:08:44Z,\N,1,assert
acme:discovery_run:run-vcenter-readonly-site-hq-2026-09~6cde50e7edab,discovery_run,acme,run_vcenter_readonly_site_hq_2026_09,vcenter_readonly,authoritative_declaration,site,site_hq,"[""inventory"",""membership""]",2026-09-07T09:34:22Z,2026-09-07T09:55:22Z,completed,72,2026-09-07T09:34:22Z,\N,2026-09-09T21:50:04Z,\N,1,assert
acme:discovery_run:run-sweep-active-seg-mgmt-2026-09~95fabc61e33e,discovery_run,acme,run_sweep_active_seg_mgmt_2026_09,sweep_active,active_discovery,network_segment,seg_mgmt,"[""inventory"",""patch_state"",""encryption""]",2026-09-10T12:09:26Z,2026-09-10T12:42:26Z,completed,238,2026-09-10T12:09:26Z,\N,2026-09-10T12:09:26Z,\N,1,assert
acme:discovery_run:run-cmdb-dc2-legacy-site-dc2-2026-09~e5da3024aa9b,discovery_run,acme,run_cmdb_dc2_legacy_site_dc2_2026_09,cmdb_dc2_legacy,none,site,site_dc2,"[""inventory"",""membership""]",2026-09-09T20:28:35Z,2026-09-09T21:43:35Z,completed,150,2026-09-09T20:28:35Z,\N,2026-09-10T01:16:33Z,\N,1,assert
acme:discovery_run:run-sweep-active-attribute-class~af8587028388,discovery_run,acme,run_sweep_active_attribute_class_lifecycle_2026_09,sweep_active,active_discovery,attribute_class,\N,"[""lifecycle""]",2026-09-09T05:50:46Z,2026-09-09T07:01:46Z,completed,283,2026-09-09T05:50:46Z,\N,2026-09-10T15:38:21Z,\N,1,assert
acme:discovery_run:run-cmdb-primary-site-hq-2026-09~d793fb87b070,discovery_run,acme,run_cmdb_primary_site_hq_2026_09,cmdb_primary,authoritative_declaration,site,site_hq,"[""inventory"",""membership""]",2026-09-11T13:18:56Z,2026-09-11T14:35:56Z,partial,285,2026-09-11T13:18:56Z,\N,2026-09-11T13:18:56Z,\N,1,assert
acme:discovery_run:run-scanner-vuln-attribute-class~dd50558c0887,discovery_run,acme,run_scanner_vuln_attribute_class_encryption_2026_09,scanner_vuln,active_discovery,attribute_class,\N,"[""encryption""]",2026-09-13T10:42:49Z,2026-09-13T11:00:49Z,completed,24,2026-09-13T10:42:49Z,\N,2026-09-15T16:37:34Z,\N,1,assert
acme:discovery_run:run-scanner-vuln-attribute-class-patch~fd947af73690,discovery_run,acme,run_scanner_vuln_attribute_class_patch_state_2026_09,scanner_vuln,active_discovery,attribute_class,\N,"[""patch_state""]",2026-09-17T22:40:18Z,2026-09-17T23:41:18Z,completed,217,2026-09-17T22:40:18Z,\N,2026-09-18T07:38:44Z,\N,1,assert
acme:discovery_run:run-scanner-vuln-seg-server-farm-2026-09~11cbb4721106,discovery_run,acme,run_scanner_vuln_seg_server_farm_2026_09,scanner_vuln,active_discovery,network_segment,seg_server_farm,"[""inventory"",""patch_state"",""encryption""]",2026-09-17T12:56:02Z,2026-09-17T13:15:02Z,completed,15,2026-09-17T12:56:02Z,\N,2026-09-19T17:18:15Z,\N,1,assert
acme:discovery_run:run-cmdb-primary-attribute-class~94eb333bd616,discovery_run,acme,run_cmdb_primary_attribute_class_ownership_2026_09,cmdb_primary,authoritative_declaration,attribute_class,\N,"[""ownership""]",2026-09-19T04:00:46Z,2026-09-19T04:44:46Z,completed,297,2026-09-19T04:00:46Z,\N,2026-09-21T00:39:29Z,\N,1,assert
acme:discovery_run:run-sweep-active-seg-core-user-2026-09~fa285dff3572,discovery_run,acme,run_sweep_active_seg_core_user_2026_09,sweep_active,active_discovery,network_segment,seg_core_user,"[""inventory"",""patch_state"",""encryption""]",2026-09-25T12:38:25Z,2026-09-25T14:09:25Z,completed,126,2026-09-25T12:38:25Z,\N,2026-09-25T12:38:25Z,\N,1,assert
acme:discovery_run:run-ticket-bridge-src-ticket-bridge~a3d38a57616c,discovery_run,acme,run_ticket_bridge_src_ticket_bridge_2026_09,ticket_bridge,third_party_attestation,source_system,src_ticket_bridge,"[""inventory"",""membership""]",2026-09-27T15:24:50Z,2026-09-27T16:36:50Z,completed,233,2026-09-27T15:24:50Z,\N,2026-09-29T17:49:07Z,\N,1,assert
acme:discovery_run:run-iam-emea-attribute-class-membership~ee9c1514f88a,discovery_run,acme,run_iam_emea_attribute_class_membership_2026_10,iam_emea,authoritative_declaration,attribute_class,\N,"[""membership""]",2026-10-02T19:52:41Z,2026-10-02T20:35:41Z,failed,0,2026-10-02T19:52:41Z,\N,2026-10-02T19:52:41Z,\N,1,assert
acme:discovery_run:run-iam-corp-dir-corp-2026-10~f38aa515ac5f,discovery_run,acme,run_iam_corp_dir_corp_2026_10,iam_corp,authoritative_declaration,directory,dir_corp,"[""inventory"",""membership""]",2026-10-03T23:08:14Z,2026-10-04T00:14:14Z,partial,185,2026-10-03T23:08:14Z,\N,2026-10-04T00:35:44Z,\N,1,assert
acme:discovery_run:run-sweep-active-seg-mgmt-2026-10~924ea0ecd925,discovery_run,acme,run_sweep_active_seg_mgmt_2026_10,sweep_active,active_discovery,network_segment,seg_mgmt,"[""inventory"",""patch_state"",""encryption""]",2026-10-04T12:49:18Z,2026-10-04T13:15:18Z,completed,30,2026-10-04T12:49:18Z,\N,2026-10-05T12:44:39Z,\N,1,assert
acme:discovery_run:run-cmdb-contractor-site-hq-2026-10~b8ff0680bcc8,discovery_run,acme,run_cmdb_contractor_site_hq_2026_10,cmdb_contractor,third_party_attestation,site,site_hq,"[""inventory"",""membership""]",2026-10-04T07:15:42Z,2026-10-04T08:26:42Z,partial,117,2026-10-04T07:15:42Z,\N,2026-10-06T15:51:51Z,\N,1,assert
acme:discovery_run:run-scanner-vuln-seg-dmz-ext-2026-10~77c709851cff,discovery_run,acme,run_scanner_vuln_seg_dmz_ext_2026_10,scanner_vuln,active_discovery,network_segment,seg_dmz_ext,"[""inventory"",""patch_state"",""encryption""]",2026-10-05T06:44:24Z,2026-10-05T08:01:24Z,completed,171,2026-10-05T06:44:24Z,\N,2026-10-07T14:27:49Z,\N,1,assert
acme:discovery_run:run-vcenter-readonly-attribute-class~df03c01af82b,discovery_run,acme,run_vcenter_readonly_attribute_class_inventory_2026_10,vcenter_readonly,authoritative_declaration,attribute_class,\N,"[""inventory""]",2026-10-07T22:20:01Z,2026-10-07T23:02:01Z,failed,0,2026-10-07T22:20:01Z,\N,2026-10-08T01:41:59Z,\N,1,assert
acme:discovery_run:run-scanner-vuln-attribute-class-patch~ac0e2d7cfb9e,discovery_run,acme,run_scanner_vuln_attribute_class_patch_state_2026_10,scanner_vuln,active_discovery,attribute_class,\N,"[""patch_state""]",2026-10-08T21:07:47Z,2026-10-08T22:38:47Z,completed,72,2026-10-08T21:07:47Z,\N,2026-10-08T21:07:47Z,\N,1,assert
acme:discovery_run:run-cmdb-dc2-legacy-site-dc2-2026-10~d43ea4d30f5e,discovery_run,acme,run_cmdb_dc2_legacy_site_dc2_2026_10,cmdb_dc2_legacy,none,site,site_dc2,"[""inventory"",""membership""]",2026-10-10T22:46:59Z,2026-10-10T23:26:59Z,failed,0,2026-10-10T22:46:59Z,\N,2026-10-10T22:46:59Z,\N,1,assert
acme:discovery_run:run-scanner-vuln-attribute-class~54fd63a0b2f4,discovery_run,acme,run_scanner_vuln_attribute_class_encryption_2026_10,scanner_vuln,active_discovery,attribute_class,\N,"[""encryption""]",2026-10-09T21:01:40Z,2026-10-09T22:34:40Z,completed,103,2026-10-09T21:01:40Z,\N,2026-10-10T05:35:24Z,\N,1,assert
acme:discovery_run:run-sweep-active-attribute-class~e5b828d807bb,discovery_run,acme,run_sweep_active_attribute_class_lifecycle_2026_10,sweep_active,active_discovery,attribute_class,\N,"[""lifecycle""]",2026-10-11T08:10:56Z,2026-10-11T08:43:56Z,completed,224,2026-10-11T08:10:56Z,\N,2026-10-12T07:35:48Z,\N,1,assert
acme:discovery_run:run-flow-netflow-seg-dmz-ext-2026-10~5da983aad3e9,discovery_run,acme,run_flow_netflow_seg_dmz_ext_2026_10,flow_netflow,passive_observation,network_segment,seg_dmz_ext,"[""inventory"",""membership""]",2026-10-12T13:54:00Z,2026-10-12T14:51:00Z,failed,0,2026-10-12T13:54:00Z,\N,2026-10-12T13:54:00Z,\N,1,assert
acme:discovery_run:run-sweep-active-attribute-class~8bda18a7dfe6,discovery_run,acme,run_sweep_active_attribute_class_inventory_2026_10,sweep_active,active_discovery,attribute_class,\N,"[""inventory""]",2026-10-13T09:57:38Z,2026-10-13T11:28:38Z,completed,186,2026-10-13T09:57:38Z,\N,2026-10-13T09:57:38Z,\N,1,assert
acme:discovery_run:run-ticket-bridge-src-ticket-bridge~065c4fc96d25,discovery_run,acme,run_ticket_bridge_src_ticket_bridge_2026_10,ticket_bridge,third_party_attestation,source_system,src_ticket_bridge,"[""inventory"",""membership""]",2026-10-15T04:16:51Z,2026-10-15T05:44:51Z,completed,107,2026-10-15T04:16:51Z,\N,2026-10-16T02:02:51Z,\N,1,assert
acme:discovery_run:run-flow-netflow-seg-plant-ot-2026-10~b1349be7d971,discovery_run,acme,run_flow_netflow_seg_plant_ot_2026_10,flow_netflow,passive_observation,network_segment,seg_plant_ot,"[""inventory"",""membership""]",2026-10-15T05:26:24Z,2026-10-15T05:52:24Z,timed_out,0,2026-10-15T05:26:24Z,\N,2026-10-17T04:04:38Z,\N,1,assert
acme:discovery_run:run-iam-corp-attribute-class-membership~875a45945aae,discovery_run,acme,run_iam_corp_attribute_class_membership_2026_10,iam_corp,authoritative_declaration,attribute_class,\N,"[""membership""]",2026-10-17T16:05:40Z,2026-10-17T16:32:40Z,completed,48,2026-10-17T16:05:40Z,\N,2026-10-17T16:05:40Z,\N,1,assert
acme:discovery_run:run-scanner-vuln-seg-server-farm-2026-10~9ee529ca38bd,discovery_run,acme,run_scanner_vuln_seg_server_farm_2026_10,scanner_vuln,active_discovery,network_segment,seg_server_farm,"[""inventory"",""patch_state"",""encryption""]",2026-10-19T16:01:09Z,2026-10-19T16:30:09Z,partial,136,2026-10-19T16:01:09Z,\N,2026-10-20T14:29:01Z,\N,1,assert
acme:discovery_run:run-flow-netflow-attribute-class~4daa44a0cb4a,discovery_run,acme,run_flow_netflow_attribute_class_reachability_2026_10,flow_netflow,passive_observation,attribute_class,\N,"[""reachability""]",2026-10-21T21:07:07Z,2026-10-21T21:58:07Z,completed,245,2026-10-21T21:07:07Z,\N,2026-10-23T02:50:26Z,\N,1,assert
acme:discovery_run:run-walkdown-sites-site-hq-2026-10~4484622a4c58,discovery_run,acme,run_walkdown_sites_site_hq_2026_10,walkdown_sites,human_attestation,site,site_hq,"[""inventory"",""membership""]",2026-10-24T00:00:26Z,2026-10-24T00:41:26Z,partial,286,2026-10-24T00:00:26Z,\N,2026-10-24T00:00:26Z,\N,1,assert
acme:discovery_run:run-cmdb-primary-attribute-class~e37a359c83c7,discovery_run,acme,run_cmdb_primary_attribute_class_sensitivity_2026_10,cmdb_primary,authoritative_declaration,attribute_class,\N,"[""sensitivity""]",2026-10-27T21:03:58Z,2026-10-27T22:25:58Z,failed,0,2026-10-27T21:03:58Z,\N,2026-10-29T16:00:13Z,\N,1,assert
acme:discovery_run:run-scanner-vuln-seg-core-user-2026-10~f0e86df627ec,discovery_run,acme,run_scanner_vuln_seg_core_user_2026_10,scanner_vuln,active_discovery,network_segment,seg_core_user,"[""inventory"",""patch_state"",""encryption""]",2026-10-27T23:07:58Z,2026-10-27T23:24:58Z,partial,217,2026-10-27T23:07:58Z,\N,2026-10-29T22:12:50Z,\N,1,assert
acme:discovery_run:run-cmdb-primary-attribute-class~9763cb36f72a,discovery_run,acme,run_cmdb_primary_attribute_class_reachability_2026_10,cmdb_primary,authoritative_declaration,attribute_class,\N,"[""reachability""]",2026-10-30T06:19:12Z,2026-10-30T07:37:12Z,completed,10,2026-10-30T06:19:12Z,\N,2026-11-01T15:21:21Z,\N,1,assert
acme:discovery_run:run-ticket-bridge-src-ticket-bridge~36a53cf561ad,discovery_run,acme,run_ticket_bridge_src_ticket_bridge_2026_11,ticket_bridge,third_party_attestation,source_system,src_ticket_bridge,"[""inventory"",""membership""]",2026-11-02T03:00:12Z,2026-11-02T03:48:12Z,completed,202,2026-11-02T03:00:12Z,\N,2026-11-02T03:00:12Z,\N,1,assert
acme:discovery_run:run-iam-emea-attribute-class-membership~06b0cdba79e7,discovery_run,acme,run_iam_emea_attribute_class_membership_2026_11,iam_emea,authoritative_declaration,attribute_class,\N,"[""membership""]",2026-11-02T08:56:14Z,2026-11-02T09:25:14Z,partial,56,2026-11-02T08:56:14Z,\N,2026-11-02T08:56:14Z,\N,1,assert
acme:discovery_run:run-iam-corp-attribute-class-membership~f18fb8eae4ae,discovery_run,acme,run_iam_corp_attribute_class_membership_2026_11,iam_corp,authoritative_declaration,attribute_class,\N,"[""membership""]",2026-11-02T17:45:00Z,2026-11-02T19:11:00Z,completed,38,2026-11-02T17:45:00Z,\N,2026-11-04T02:46:14Z,\N,1,assert
acme:discovery_run:run-flow-netflow-attribute-class~ed36f10e0276,discovery_run,acme,run_flow_netflow_attribute_class_reachability_2026_11,flow_netflow,passive_observation,attribute_class,\N,"[""reachability""]",2026-11-07T03:46:15Z,2026-11-07T05:09:15Z,completed,134,2026-11-07T03:46:15Z,\N,2026-11-07T03:46:15Z,\N,1,assert
acme:discovery_run:run-sweep-active-seg-mgmt-2026-11~ffbbd984afe5,discovery_run,acme,run_sweep_active_seg_mgmt_2026_11,sweep_active,active_discovery,network_segment,seg_mgmt,"[""inventory"",""patch_state"",""encryption""]",2026-11-06T14:49:29Z,2026-11-06T16:07:29Z,completed,162,2026-11-06T14:49:29Z,\N,2026-11-08T20:46:45Z,\N,1,assert
acme:discovery_run:run-sweep-active-attribute-class~8ec6ce2383e1,discovery_run,acme,run_sweep_active_attribute_class_lifecycle_2026_11,sweep_active,active_discovery,attribute_class,\N,"[""lifecycle""]",2026-11-09T17:46:15Z,2026-11-09T18:55:15Z,completed,94,2026-11-09T17:46:15Z,\N,2026-11-09T17:46:15Z,\N,1,assert
acme:discovery_run:run-cmdb-primary-attribute-class~bb1953cae8d5,discovery_run,acme,run_cmdb_primary_attribute_class_reachability_2026_11,cmdb_primary,authoritative_declaration,attribute_class,\N,"[""reachability""]",2026-11-09T04:59:56Z,2026-11-09T06:20:56Z,completed,212,2026-11-09T04:59:56Z,\N,2026-11-09T04:59:56Z,\N,1,assert
acme:discovery_run:run-vcenter-readonly-site-hq-2026-11~a4c80edb4873,discovery_run,acme,run_vcenter_readonly_site_hq_2026_11,vcenter_readonly,authoritative_declaration,site,site_hq,"[""inventory"",""membership""]",2026-11-09T01:52:02Z,2026-11-09T02:25:02Z,completed,299,2026-11-09T01:52:02Z,\N,2026-11-10T14:35:03Z,\N,1,assert
acme:discovery_run:run-cmdb-primary-attribute-class~c4378e2f5715,discovery_run,acme,run_cmdb_primary_attribute_class_classification_2026_11,cmdb_primary,authoritative_declaration,attribute_class,\N,"[""classification""]",2026-11-09T15:59:20Z,2026-11-09T16:33:20Z,completed,232,2026-11-09T15:59:20Z,\N,2026-11-11T19:01:12Z,\N,1,assert
acme:discovery_run:run-iam-corp-dir-corp-2026-11~97e33da7a102,discovery_run,acme,run_iam_corp_dir_corp_2026_11,iam_corp,authoritative_declaration,directory,dir_corp,"[""inventory"",""membership""]",2026-11-11T10:41:07Z,2026-11-11T12:07:07Z,completed,259,2026-11-11T10:41:07Z,\N,2026-11-11T10:41:07Z,\N,1,assert
acme:discovery_run:run-cmdb-primary-attribute-class~19b0dadcee02,discovery_run,acme,run_cmdb_primary_attribute_class_inventory_2026_11,cmdb_primary,authoritative_declaration,attribute_class,\N,"[""inventory""]",2026-11-12T21:55:05Z,2026-11-12T23:14:05Z,completed,276,2026-11-12T21:55:05Z,\N,2026-11-13T10:43:21Z,\N,1,assert
acme:discovery_run:run-sweep-active-attribute-class~1d8ee38ecfcd,discovery_run,acme,run_sweep_active_attribute_class_inventory_2026_11,sweep_active,active_discovery,attribute_class,\N,"[""inventory""]",2026-11-13T09:55:22Z,2026-11-13T10:10:22Z,completed,134,2026-11-13T09:55:22Z,\N,2026-11-14T03:43:07Z,\N,1,assert
acme:discovery_run:run-flow-netflow-seg-core-user-2026-11~5e82d3c79363,discovery_run,acme,run_flow_netflow_seg_core_user_2026_11,flow_netflow,passive_observation,network_segment,seg_core_user,"[""inventory"",""membership""]",2026-11-14T02:24:58Z,2026-11-14T03:29:58Z,completed,201,2026-11-14T02:24:58Z,\N,2026-11-14T02:24:58Z,\N,1,assert
acme:discovery_run:run-sweep-active-seg-dmz-ext-2026-11~0ee989c41ed4,discovery_run,acme,run_sweep_active_seg_dmz_ext_2026_11,sweep_active,active_discovery,network_segment,seg_dmz_ext,"[""inventory"",""patch_state"",""encryption""]",2026-11-13T08:04:32Z,2026-11-13T08:32:32Z,completed,12,2026-11-13T08:04:32Z,\N,2026-11-15T12:34:27Z,\N,1,assert
acme:discovery_run:run-sweep-active-seg-core-user-2026-11~e266affbb857,discovery_run,acme,run_sweep_active_seg_core_user_2026_11,sweep_active,active_discovery,network_segment,seg_core_user,"[""inventory"",""patch_state"",""encryption""]",2026-11-14T16:48:50Z,2026-11-14T17:55:50Z,partial,130,2026-11-14T16:48:50Z,\N,2026-11-16T12:33:05Z,\N,1,assert
acme:discovery_run:run-flow-netflow-seg-dmz-ext-2026-11~d7b884748615,discovery_run,acme,run_flow_netflow_seg_dmz_ext_2026_11,flow_netflow,passive_observation,network_segment,seg_dmz_ext,"[""inventory"",""membership""]",2026-11-17T18:24:46Z,2026-11-17T19:53:46Z,completed,164,2026-11-17T18:24:46Z,\N,2026-11-17T18:24:46Z,\N,1,assert
acme:discovery_run:run-cmdb-primary-attribute-class~6c95d284af8f,discovery_run,acme,run_cmdb_primary_attribute_class_sensitivity_2026_11,cmdb_primary,authoritative_declaration,attribute_class,\N,"[""sensitivity""]",2026-11-16T20:56:04Z,2026-11-16T21:32:04Z,failed,0,2026-11-16T20:56:04Z,\N,2026-11-18T03:40:39Z,\N,1,assert
acme:discovery_run:run-scanner-vuln-attribute-class-patch~504e3af49318,discovery_run,acme,run_scanner_vuln_attribute_class_patch_state_2026_11,scanner_vuln,active_discovery,attribute_class,\N,"[""patch_state""]",2026-11-16T08:21:44Z,2026-11-16T09:17:44Z,completed,299,2026-11-16T08:21:44Z,\N,2026-11-18T21:28:39Z,\N,1,assert
acme:discovery_run:run-scanner-vuln-seg-core-user-2026-11~938bd66c13ae,discovery_run,acme,run_scanner_vuln_seg_core_user_2026_11,scanner_vuln,active_discovery,network_segment,seg_core_user,"[""inventory"",""patch_state"",""encryption""]",2026-11-20T16:05:19Z,2026-11-20T16:51:19Z,completed,250,2026-11-20T16:05:19Z,\N,2026-11-20T16:05:19Z,\N,1,assert
acme:discovery_run:run-scanner-vuln-seg-server-farm-2026-11~69abe3cd07c3,discovery_run,acme,run_scanner_vuln_seg_server_farm_2026_11,scanner_vuln,active_discovery,network_segment,seg_server_farm,"[""inventory"",""patch_state"",""encryption""]",2026-11-23T13:19:38Z,2026-11-23T14:28:38Z,completed,202,2026-11-23T13:19:38Z,\N,2026-11-24T13:18:28Z,\N,1,assert
acme:discovery_run:run-cmdb-contractor-site-hq-2026-11~bcf0afadc388,discovery_run,acme,run_cmdb_contractor_site_hq_2026_11,cmdb_contractor,third_party_attestation,site,site_hq,"[""inventory"",""membership""]",2026-11-29T08:43:44Z,2026-11-29T09:21:44Z,completed,138,2026-11-29T08:43:44Z,\N,2026-11-30T17:16:34Z,\N,1,assert
acme:discovery_run:run-cmdb-dc2-legacy-site-dc2-2026-12~7e6ed717f2ae,discovery_run,acme,run_cmdb_dc2_legacy_site_dc2_2026_12,cmdb_dc2_legacy,none,site,site_dc2,"[""inventory"",""membership""]",2026-12-01T19:18:59Z,2026-12-01T20:25:59Z,completed,167,2026-12-01T19:18:59Z,\N,2026-12-01T19:18:59Z,\N,1,assert
acme:discovery_run:run-iam-corp-attribute-class-membership~3798b07dc08c,discovery_run,acme,run_iam_corp_attribute_class_membership_2026_12,iam_corp,authoritative_declaration,attribute_class,\N,"[""membership""]",2026-12-01T18:51:55Z,2026-12-01T19:22:55Z,completed,145,2026-12-01T18:51:55Z,\N,2026-12-02T21:09:02Z,\N,1,assert
acme:discovery_run:run-sweep-active-attribute-class~6c0cef713855,discovery_run,acme,run_sweep_active_attribute_class_lifecycle_2026_12,sweep_active,active_discovery,attribute_class,\N,"[""lifecycle""]",2026-12-02T07:00:10Z,2026-12-02T08:28:10Z,failed,0,2026-12-02T07:00:10Z,\N,2026-12-03T16:22:08Z,\N,1,assert
acme:discovery_run:run-sweep-active-seg-mgmt-2026-12~e84a2e2c4b47,discovery_run,acme,run_sweep_active_seg_mgmt_2026_12,sweep_active,active_discovery,network_segment,seg_mgmt,"[""inventory"",""patch_state"",""encryption""]",2026-12-04T19:19:02Z,2026-12-04T20:06:02Z,completed,319,2026-12-04T19:19:02Z,\N,2026-12-04T19:19:02Z,\N,1,assert
acme:discovery_run:run-iam-corp-dir-corp-2026-12~3ae6528a7427,discovery_run,acme,run_iam_corp_dir_corp_2026_12,iam_corp,authoritative_declaration,directory,dir_corp,"[""inventory"",""membership""]",2026-12-05T07:25:08Z,2026-12-05T08:53:08Z,completed,24,2026-12-05T07:25:08Z,\N,2026-12-05T07:25:08Z,\N,1,assert
acme:discovery_run:run-flow-netflow-attribute-class~4798fd0c5ab3,discovery_run,acme,run_flow_netflow_attribute_class_reachability_2026_12,flow_netflow,passive_observation,attribute_class,\N,"[""reachability""]",2026-12-05T07:32:01Z,2026-12-05T08:48:01Z,completed,165,2026-12-05T07:32:01Z,\N,2026-12-06T18:42:42Z,\N,1,assert
acme:discovery_run:run-cmdb-primary-attribute-class~a376ec2bbd86,discovery_run,acme,run_cmdb_primary_attribute_class_classification_2026_12,cmdb_primary,authoritative_declaration,attribute_class,\N,"[""classification""]",2026-12-05T03:23:37Z,2026-12-05T04:20:37Z,completed,217,2026-12-05T03:23:37Z,\N,2026-12-06T13:46:19Z,\N,1,assert
acme:discovery_run:run-cmdb-primary-attribute-class~2b219ac22902,discovery_run,acme,run_cmdb_primary_attribute_class_sensitivity_2026_12,cmdb_primary,authoritative_declaration,attribute_class,\N,"[""sensitivity""]",2026-12-07T13:11:34Z,2026-12-07T14:24:34Z,failed,0,2026-12-07T13:11:34Z,\N,2026-12-08T04:15:44Z,\N,1,assert
acme:discovery_run:run-flow-netflow-seg-plant-ot-2026-12~7c5f3d616078,discovery_run,acme,run_flow_netflow_seg_plant_ot_2026_12,flow_netflow,passive_observation,network_segment,seg_plant_ot,"[""inventory"",""membership""]",2026-12-13T18:59:09Z,2026-12-13T20:14:09Z,completed,135,2026-12-13T18:59:09Z,\N,2026-12-14T01:11:46Z,\N,1,assert
acme:discovery_run:run-cmdb-primary-site-hq-2026-12~d038e6e24336,discovery_run,acme,run_cmdb_primary_site_hq_2026_12,cmdb_primary,authoritative_declaration,site,site_hq,"[""inventory"",""membership""]",2026-12-16T12:12:33Z,2026-12-16T12:46:33Z,completed,125,2026-12-16T12:12:33Z,\N,2026-12-17T21:11:21Z,\N,1,assert
acme:discovery_run:run-cmdb-primary-attribute-class~ed8c9074d958,discovery_run,acme,run_cmdb_primary_attribute_class_ownership_2026_12,cmdb_primary,authoritative_declaration,attribute_class,\N,"[""ownership""]",2026-12-18T18:37:55Z,2026-12-18T19:48:55Z,timed_out,0,2026-12-18T18:37:55Z,\N,2026-12-20T07:13:33Z,\N,1,assert
acme:discovery_run:run-sweep-active-seg-server-farm-2026-12~f00ca91bcda5,discovery_run,acme,run_sweep_active_seg_server_farm_2026_12,sweep_active,active_discovery,network_segment,seg_server_farm,"[""inventory"",""patch_state"",""encryption""]",2026-12-20T03:39:40Z,2026-12-20T03:55:40Z,completed,90,2026-12-20T03:39:40Z,\N,2026-12-22T08:02:04Z,\N,1,assert
acme:discovery_run:run-scanner-vuln-attribute-class~395ba4631300,discovery_run,acme,run_scanner_vuln_attribute_class_encryption_2026_12,scanner_vuln,active_discovery,attribute_class,\N,"[""encryption""]",2026-12-23T02:06:29Z,2026-12-23T03:07:29Z,completed,116,2026-12-23T02:06:29Z,\N,2026-12-23T02:06:29Z,\N,1,assert
acme:discovery_run:run-scanner-vuln-seg-core-user-2026-12~9dabb70a9c69,discovery_run,acme,run_scanner_vuln_seg_core_user_2026_12,scanner_vuln,active_discovery,network_segment,seg_core_user,"[""inventory"",""patch_state"",""encryption""]",2026-12-23T09:31:58Z,2026-12-23T10:23:58Z,completed,206,2026-12-23T09:31:58Z,\N,2026-12-24T13:50:42Z,\N,1,assert
acme:discovery_run:run-sweep-active-attribute-class~381555df16fd,discovery_run,acme,run_sweep_active_attribute_class_inventory_2026_12,sweep_active,active_discovery,attribute_class,\N,"[""inventory""]",2026-12-25T00:05:58Z,2026-12-25T00:27:58Z,partial,250,2026-12-25T00:05:58Z,\N,2026-12-27T22:48:43Z,\N,1,assert
acme:discovery_run:run-sweep-active-seg-dmz-ext-2026-12~6ac6eb855344,discovery_run,acme,run_sweep_active_seg_dmz_ext_2026_12,sweep_active,active_discovery,network_segment,seg_dmz_ext,"[""inventory"",""patch_state"",""encryption""]",2026-12-30T22:57:32Z,2026-12-31T00:12:32Z,completed,162,2026-12-30T22:57:32Z,\N,2026-12-31T15:00:29Z,\N,1,assert
acme:discovery_run:run-cmdb-primary-attribute-class~036eaed87272,discovery_run,acme,run_cmdb_primary_attribute_class_ownership_2027_01,cmdb_primary,authoritative_declaration,attribute_class,\N,"[""ownership""]",2027-01-01T01:48:17Z,2027-01-01T02:58:17Z,completed,248,2027-01-01T01:48:17Z,\N,2027-01-02T20:12:35Z,\N,1,assert
acme:discovery_run:run-flow-netflow-attribute-class~f0a5457852d9,discovery_run,acme,run_flow_netflow_attribute_class_reachability_2027_01,flow_netflow,passive_observation,attribute_class,\N,"[""reachability""]",2027-01-03T14:39:51Z,2027-01-03T15:14:51Z,timed_out,0,2027-01-03T14:39:51Z,\N,2027-01-03T14:39:51Z,\N,1,assert
acme:discovery_run:run-sweep-active-seg-core-user-2027-01~ae97399f43e9,discovery_run,acme,run_sweep_active_seg_core_user_2027_01,sweep_active,active_discovery,network_segment,seg_core_user,"[""inventory"",""patch_state"",""encryption""]",2027-01-04T05:41:44Z,2027-01-04T05:54:44Z,partial,150,2027-01-04T05:41:44Z,\N,2027-01-05T08:07:14Z,\N,1,assert
acme:discovery_run:run-vcenter-readonly-site-hq-2027-01~98e564703162,discovery_run,acme,run_vcenter_readonly_site_hq_2027_01,vcenter_readonly,authoritative_declaration,site,site_hq,"[""inventory"",""membership""]",2027-01-03T22:19:32Z,2027-01-03T22:56:32Z,completed,220,2027-01-03T22:19:32Z,\N,2027-01-05T16:09:13Z,\N,1,assert
acme:discovery_run:run-scanner-vuln-attribute-class~099a22186cb4,discovery_run,acme,run_scanner_vuln_attribute_class_encryption_2027_01,scanner_vuln,active_discovery,attribute_class,\N,"[""encryption""]",2027-01-07T04:31:58Z,2027-01-07T05:16:58Z,partial,212,2027-01-07T04:31:58Z,\N,2027-01-07T04:31:58Z,\N,1,assert
acme:discovery_run:run-scanner-vuln-attribute-class-patch~9b25a10625ce,discovery_run,acme,run_scanner_vuln_attribute_class_patch_state_2027_01,scanner_vuln,active_discovery,attribute_class,\N,"[""patch_state""]",2027-01-05T16:45:34Z,2027-01-05T17:06:34Z,completed,318,2027-01-05T16:45:34Z,\N,2027-01-07T04:13:35Z,\N,1,assert
acme:discovery_run:run-sweep-active-seg-dmz-ext-2027-01~6f7a800ee703,discovery_run,acme,run_sweep_active_seg_dmz_ext_2027_01,sweep_active,active_discovery,network_segment,seg_dmz_ext,"[""inventory"",""patch_state"",""encryption""]",2027-01-07T16:43:12Z,2027-01-07T17:02:12Z,completed,196,2027-01-07T16:43:12Z,\N,2027-01-08T13:45:20Z,\N,1,assert
acme:discovery_run:run-ticket-bridge-src-ticket-bridge~245c2ca891ad,discovery_run,acme,run_ticket_bridge_src_ticket_bridge_2027_01,ticket_bridge,third_party_attestation,source_system,src_ticket_bridge,"[""inventory"",""membership""]",2027-01-08T18:24:08Z,2027-01-08T19:50:08Z,completed,66,2027-01-08T18:24:08Z,\N,2027-01-08T18:24:08Z,\N,1,assert
acme:discovery_run:run-cmdb-primary-attribute-class~067d8f177ccd,discovery_run,acme,run_cmdb_primary_attribute_class_sensitivity_2027_01,cmdb_primary,authoritative_declaration,attribute_class,\N,"[""sensitivity""]",2027-01-08T17:38:54Z,2027-01-08T17:55:54Z,failed,0,2027-01-08T17:38:54Z,\N,2027-01-08T17:38:54Z,\N,1,assert
acme:discovery_run:run-sweep-active-attribute-class~f333352f5f4f,discovery_run,acme,run_sweep_active_attribute_class_inventory_2027_01,sweep_active,active_discovery,attribute_class,\N,"[""inventory""]",2027-01-09T04:10:44Z,2027-01-09T05:10:44Z,failed,0,2027-01-09T04:10:44Z,\N,2027-01-09T04:10:44Z,\N,1,assert
acme:discovery_run:run-cmdb-dc2-legacy-site-dc2-2027-01~017f8128a67e,discovery_run,acme,run_cmdb_dc2_legacy_site_dc2_2027_01,cmdb_dc2_legacy,none,site,site_dc2,"[""inventory"",""membership""]",2027-01-08T23:00:34Z,2027-01-08T23:35:34Z,completed,293,2027-01-08T23:00:34Z,\N,2027-01-10T12:57:59Z,\N,1,assert
acme:discovery_run:run-walkdown-sites-site-hq-2027-01~4196c7ccebc8,discovery_run,acme,run_walkdown_sites_site_hq_2027_01,walkdown_sites,human_attestation,site,site_hq,"[""inventory"",""membership""]",2027-01-10T07:07:43Z,2027-01-10T07:21:43Z,completed,283,2027-01-10T07:07:43Z,\N,2027-01-10T07:07:43Z,\N,1,assert
acme:discovery_run:run-cmdb-primary-attribute-class~2c9c70126801,discovery_run,acme,run_cmdb_primary_attribute_class_classification_2027_01,cmdb_primary,authoritative_declaration,attribute_class,\N,"[""classification""]",2027-01-12T01:41:15Z,2027-01-12T03:04:15Z,completed,120,2027-01-12T01:41:15Z,\N,2027-01-12T01:41:15Z,\N,1,assert
acme:discovery_run:run-sweep-active-seg-mgmt-2027-01~46fc1d920a99,discovery_run,acme,run_sweep_active_seg_mgmt_2027_01,sweep_active,active_discovery,network_segment,seg_mgmt,"[""inventory"",""patch_state"",""encryption""]",2027-01-15T06:48:58Z,2027-01-15T07:23:58Z,completed,222,2027-01-15T06:48:58Z,\N,2027-01-16T18:57:03Z,\N,1,assert
acme:discovery_run:run-cmdb-primary-attribute-class~441fa52db20d,discovery_run,acme,run_cmdb_primary_attribute_class_inventory_2027_01,cmdb_primary,authoritative_declaration,attribute_class,\N,"[""inventory""]",2027-01-16T12:54:47Z,2027-01-16T13:37:47Z,completed,304,2027-01-16T12:54:47Z,\N,2027-01-18T13:14:43Z,\N,1,assert
acme:discovery_run:run-iam-emea-attribute-class-membership~17f0bfe9f003,discovery_run,acme,run_iam_emea_attribute_class_membership_2027_01,iam_emea,authoritative_declaration,attribute_class,\N,"[""membership""]",2027-01-21T12:37:33Z,2027-01-21T14:02:33Z,completed,24,2027-01-21T12:37:33Z,\N,2027-01-23T11:17:55Z,\N,1,assert
acme:discovery_run:run-scanner-vuln-seg-core-user-2027-01~461e036a030e,discovery_run,acme,run_scanner_vuln_seg_core_user_2027_01,scanner_vuln,active_discovery,network_segment,seg_core_user,"[""inventory"",""patch_state"",""encryption""]",2027-01-21T05:55:28Z,2027-01-21T06:28:28Z,completed,287,2027-01-21T05:55:28Z,\N,2027-01-23T03:49:32Z,\N,1,assert
acme:discovery_run:run-cmdb-primary-attribute-class~25f1fcf339cf,discovery_run,acme,run_cmdb_primary_attribute_class_reachability_2027_01,cmdb_primary,authoritative_declaration,attribute_class,\N,"[""reachability""]",2027-01-28T03:14:18Z,2027-01-28T04:11:18Z,failed,0,2027-01-28T03:14:18Z,\N,2027-01-30T21:08:25Z,\N,1,assert
acme:discovery_run:run-sweep-active-attribute-class~2761623de2c4,discovery_run,acme,run_sweep_active_attribute_class_lifecycle_2027_01,sweep_active,active_discovery,attribute_class,\N,"[""lifecycle""]",2027-01-29T04:32:05Z,2027-01-29T06:06:05Z,completed,176,2027-01-29T04:32:05Z,\N,2027-01-31T19:10:44Z,\N,1,assert
acme:discovery_run:run-iam-corp-dir-corp-2027-01~cac24b1809a7,discovery_run,acme,run_iam_corp_dir_corp_2027_01,iam_corp,authoritative_declaration,directory,dir_corp,"[""inventory"",""membership""]",2027-01-29T05:11:05Z,2027-01-29T06:06:05Z,completed,88,2027-01-29T05:11:05Z,\N,2027-01-31T08:43:31Z,\N,1,assert
acme:discovery_run:run-flow-netflow-seg-plant-ot-2027-02~3c816a40bcfd,discovery_run,acme,run_flow_netflow_seg_plant_ot_2027_02,flow_netflow,passive_observation,network_segment,seg_plant_ot,"[""inventory"",""membership""]",2027-02-01T00:17:30Z,2027-02-01T01:19:30Z,completed,85,2027-02-01T00:17:30Z,\N,2027-02-02T21:39:28Z,\N,1,assert
acme:discovery_run:run-scanner-vuln-attribute-class-patch~6e508e480b71,discovery_run,acme,run_scanner_vuln_attribute_class_patch_state_2027_02,scanner_vuln,active_discovery,attribute_class,\N,"[""patch_state""]",2027-02-01T22:30:08Z,2027-02-01T22:36:08Z,completed,21,2027-02-01T22:30:08Z,\N,2027-02-02T09:18:31Z,\N,1,assert
acme:discovery_run:run-ticket-bridge-src-ticket-bridge~42d68281aad5,discovery_run,acme,run_ticket_bridge_src_ticket_bridge_2027_02,ticket_bridge,third_party_attestation,source_system,src_ticket_bridge,"[""inventory"",""membership""]",2027-02-03T23:30:08Z,2027-02-04T00:17:08Z,completed,197,2027-02-03T23:30:08Z,\N,2027-02-05T12:05:45Z,\N,1,assert
acme:discovery_run:run-cmdb-primary-attribute-class~3f8b2198896f,discovery_run,acme,run_cmdb_primary_attribute_class_sensitivity_2027_02,cmdb_primary,authoritative_declaration,attribute_class,\N,"[""sensitivity""]",2027-02-03T18:23:13Z,2027-02-03T19:34:13Z,completed,119,2027-02-03T18:23:13Z,\N,2027-02-05T15:50:43Z,\N,1,assert
acme:discovery_run:run-sweep-active-seg-mgmt-2027-02~3457964d1d05,discovery_run,acme,run_sweep_active_seg_mgmt_2027_02,sweep_active,active_discovery,network_segment,seg_mgmt,"[""inventory"",""patch_state"",""encryption""]",2027-02-07T06:16:43Z,2027-02-07T07:09:43Z,completed,231,2027-02-07T06:16:43Z,\N,2027-02-07T06:16:43Z,\N,1,assert
acme:discovery_run:run-cmdb-dc2-legacy-site-dc2-2027-02~00099611f810,discovery_run,acme,run_cmdb_dc2_legacy_site_dc2_2027_02,cmdb_dc2_legacy,none,site,site_dc2,"[""inventory"",""membership""]",2027-02-08T10:39:01Z,2027-02-08T11:46:01Z,partial,174,2027-02-08T10:39:01Z,\N,2027-02-08T10:39:01Z,\N,1,assert
acme:discovery_run:run-scanner-vuln-seg-server-farm-2027-02~842bc8c5eea0,discovery_run,acme,run_scanner_vuln_seg_server_farm_2027_02,scanner_vuln,active_discovery,network_segment,seg_server_farm,"[""inventory"",""patch_state"",""encryption""]",2027-02-11T15:50:07Z,2027-02-11T16:26:07Z,partial,244,2027-02-11T15:50:07Z,\N,2027-02-11T15:50:07Z,\N,1,assert
acme:discovery_run:run-sweep-active-seg-server-farm-2027-02~1e2b50d059f0,discovery_run,acme,run_sweep_active_seg_server_farm_2027_02,sweep_active,active_discovery,network_segment,seg_server_farm,"[""inventory"",""patch_state"",""encryption""]",2027-02-10T01:59:07Z,2027-02-10T02:23:07Z,partial,252,2027-02-10T01:59:07Z,\N,2027-02-11T17:58:20Z,\N,1,assert
acme:discovery_run:run-cmdb-primary-attribute-class~a5026779ce4f,discovery_run,acme,run_cmdb_primary_attribute_class_reachability_2027_02,cmdb_primary,authoritative_declaration,attribute_class,\N,"[""reachability""]",2027-02-12T11:20:33Z,2027-02-12T11:55:33Z,timed_out,0,2027-02-12T11:20:33Z,\N,2027-02-12T11:20:33Z,\N,1,assert
acme:discovery_run:run-flow-netflow-attribute-class~95595be73cda,discovery_run,acme,run_flow_netflow_attribute_class_reachability_2027_02,flow_netflow,passive_observation,attribute_class,\N,"[""reachability""]",2027-02-11T01:36:42Z,2027-02-11T02:37:42Z,completed,75,2027-02-11T01:36:42Z,\N,2027-02-12T14:12:14Z,\N,1,assert
acme:discovery_run:run-iam-corp-dir-corp-2027-02~ee48c9820ac9,discovery_run,acme,run_iam_corp_dir_corp_2027_02,iam_corp,authoritative_declaration,directory,dir_corp,"[""inventory"",""membership""]",2027-02-12T02:01:24Z,2027-02-12T02:38:24Z,completed,162,2027-02-12T02:01:24Z,\N,2027-02-13T14:18:42Z,\N,1,assert
acme:discovery_run:run-cmdb-contractor-site-hq-2027-02~953e0ee0a5f4,discovery_run,acme,run_cmdb_contractor_site_hq_2027_02,cmdb_contractor,third_party_attestation,site,site_hq,"[""inventory"",""membership""]",2027-02-12T17:29:59Z,2027-02-12T19:03:59Z,completed,16,2027-02-12T17:29:59Z,\N,2027-02-14T22:45:51Z,\N,1,assert
acme:discovery_run:run-vcenter-readonly-site-hq-2027-02~0ae5d8d9e3d4,discovery_run,acme,run_vcenter_readonly_site_hq_2027_02,vcenter_readonly,authoritative_declaration,site,site_hq,"[""inventory"",""membership""]",2027-02-16T01:11:27Z,2027-02-16T02:14:27Z,failed,0,2027-02-16T01:11:27Z,\N,2027-02-17T07:25:09Z,\N,1,assert
acme:discovery_run:run-cmdb-primary-attribute-class~75490173f2a6,discovery_run,acme,run_cmdb_primary_attribute_class_classification_2027_02,cmdb_primary,authoritative_declaration,attribute_class,\N,"[""classification""]",2027-02-17T09:09:09Z,2027-02-17T10:37:09Z,completed,305,2027-02-17T09:09:09Z,\N,2027-02-18T17:59:32Z,\N,1,assert
acme:discovery_run:run-scanner-vuln-attribute-class~af90c7c82458,discovery_run,acme,run_scanner_vuln_attribute_class_encryption_2027_02,scanner_vuln,active_discovery,attribute_class,\N,"[""encryption""]",2027-02-17T15:26:42Z,2027-02-17T16:43:42Z,timed_out,0,2027-02-17T15:26:42Z,\N,2027-02-19T22:37:56Z,\N,1,assert
acme:discovery_run:run-iam-emea-attribute-class-membership~599b9c91de2d,discovery_run,acme,run_iam_emea_attribute_class_membership_2027_02,iam_emea,authoritative_declaration,attribute_class,\N,"[""membership""]",2027-02-22T01:07:08Z,2027-02-22T01:58:08Z,completed,138,2027-02-22T01:07:08Z,\N,2027-02-24T14:11:48Z,\N,1,assert
acme:discovery_run:run-cmdb-primary-attribute-class~7f721d6d164e,discovery_run,acme,run_cmdb_primary_attribute_class_inventory_2027_02,cmdb_primary,authoritative_declaration,attribute_class,\N,"[""inventory""]",2027-02-23T04:50:26Z,2027-02-23T05:11:26Z,completed,32,2027-02-23T04:50:26Z,\N,2027-02-25T06:52:57Z,\N,1,assert
acme:discovery_run:run-cmdb-primary-attribute-class~1998156de5a7,discovery_run,acme,run_cmdb_primary_attribute_class_ownership_2027_02,cmdb_primary,authoritative_declaration,attribute_class,\N,"[""ownership""]",2027-02-23T16:44:41Z,2027-02-23T17:13:41Z,timed_out,0,2027-02-23T16:44:41Z,\N,2027-02-25T22:13:55Z,\N,1,assert
acme:discovery_run:run-sweep-active-seg-dmz-ext-2027-02~3a47f0a2dc50,discovery_run,acme,run_sweep_active_seg_dmz_ext_2027_02,sweep_active,active_discovery,network_segment,seg_dmz_ext,"[""inventory"",""patch_state"",""encryption""]",2027-02-24T12:28:49Z,2027-02-24T12:33:49Z,completed,246,2027-02-24T12:28:49Z,\N,2027-02-26T03:15:29Z,\N,1,assert
acme:discovery_run:run-sweep-active-attribute-class~9e8dae108620,discovery_run,acme,run_sweep_active_attribute_class_lifecycle_2027_02,sweep_active,active_discovery,attribute_class,\N,"[""lifecycle""]",2027-02-26T14:39:13Z,2027-02-26T15:16:13Z,completed,165,2027-02-26T14:39:13Z,\N,2027-02-28T14:12:02Z,\N,1,assert
acme:discovery_run:run-sweep-active-attribute-class~32ece3fd03b8,discovery_run,acme,run_sweep_active_attribute_class_lifecycle_2027_03,sweep_active,active_discovery,attribute_class,\N,"[""lifecycle""]",2027-03-01T00:40:43Z,2027-03-01T01:10:43Z,completed,212,2027-03-01T00:40:43Z,\N,2027-03-01T00:40:43Z,\N,1,assert
acme:discovery_run:run-flow-netflow-seg-dmz-ext-2027-02~accee556d937,discovery_run,acme,run_flow_netflow_seg_dmz_ext_2027_02,flow_netflow,passive_observation,network_segment,seg_dmz_ext,"[""inventory"",""membership""]",2027-02-27T05:01:49Z,2027-02-27T05:43:49Z,failed,0,2027-02-27T05:01:49Z,\N,2027-03-01T08:08:02Z,\N,1,assert
acme:discovery_run:run-scanner-vuln-attribute-class~0f5782a6955f,discovery_run,acme,run_scanner_vuln_attribute_class_encryption_2027_03,scanner_vuln,active_discovery,attribute_class,\N,"[""encryption""]",2027-03-01T06:54:58Z,2027-03-01T06:58:58Z,completed,151,2027-03-01T06:54:58Z,\N,2027-03-01T06:54:58Z,\N,1,assert
acme:discovery_run:run-cmdb-primary-attribute-class~e45127b8a224,discovery_run,acme,run_cmdb_primary_attribute_class_sensitivity_2027_03,cmdb_primary,authoritative_declaration,attribute_class,\N,"[""sensitivity""]",2027-03-03T22:22:08Z,2027-03-03T23:42:08Z,completed,195,2027-03-03T22:22:08Z,\N,2027-03-03T22:22:08Z,\N,1,assert
acme:discovery_run:run-cmdb-primary-attribute-class~b988787b107e,discovery_run,acme,run_cmdb_primary_attribute_class_inventory_2027_03,cmdb_primary,authoritative_declaration,attribute_class,\N,"[""inventory""]",2027-03-04T06:01:46Z,2027-03-04T06:53:46Z,partial,183,2027-03-04T06:01:46Z,\N,2027-03-04T06:01:46Z,\N,1,assert
acme:discovery_run:run-flow-netflow-attribute-class~504715eb9178,discovery_run,acme,run_flow_netflow_attribute_class_reachability_2027_03,flow_netflow,passive_observation,attribute_class,\N,"[""reachability""]",2027-03-04T04:32:52Z,2027-03-04T05:00:52Z,partial,93,2027-03-04T04:32:52Z,\N,2027-03-05T15:49:23Z,\N,1,assert
acme:discovery_run:run-flow-netflow-seg-plant-ot-2027-03~b6b02957ea62,discovery_run,acme,run_flow_netflow_seg_plant_ot_2027_03,flow_netflow,passive_observation,network_segment,seg_plant_ot,"[""inventory"",""membership""]",2027-03-05T06:01:49Z,2027-03-05T06:58:49Z,completed,220,2027-03-05T06:01:49Z,\N,2027-03-07T01:39:31Z,\N,1,assert
acme:discovery_run:run-cmdb-primary-attribute-class~023980f85563,discovery_run,acme,run_cmdb_primary_attribute_class_ownership_2027_03,cmdb_primary,authoritative_declaration,attribute_class,\N,"[""ownership""]",2027-03-08T06:34:29Z,2027-03-08T06:54:29Z,completed,247,2027-03-08T06:34:29Z,\N,2027-03-08T06:34:29Z,\N,1,assert
acme:discovery_run:run-sweep-active-seg-mgmt-2027-03~c1f62fbceacc,discovery_run,acme,run_sweep_active_seg_mgmt_2027_03,sweep_active,active_discovery,network_segment,seg_mgmt,"[""inventory"",""patch_state"",""encryption""]",2027-03-09T02:08:37Z,2027-03-09T02:50:37Z,completed,229,2027-03-09T02:08:37Z,\N,2027-03-11T00:32:09Z,\N,1,assert
acme:discovery_run:run-sweep-active-seg-server-farm-2027-03~97cb13fbe959,discovery_run,acme,run_sweep_active_seg_server_farm_2027_03,sweep_active,active_discovery,network_segment,seg_server_farm,"[""inventory"",""patch_state"",""encryption""]",2027-03-11T02:38:40Z,2027-03-11T03:14:40Z,completed,280,2027-03-11T02:38:40Z,\N,2027-03-11T02:38:40Z,\N,1,assert
acme:discovery_run:run-cmdb-primary-attribute-class~9f20f147a822,discovery_run,acme,run_cmdb_primary_attribute_class_classification_2027_03,cmdb_primary,authoritative_declaration,attribute_class,\N,"[""classification""]",2027-03-12T23:39:28Z,2027-03-13T00:51:28Z,completed,84,2027-03-12T23:39:28Z,\N,2027-03-12T23:39:28Z,\N,1,assert
acme:discovery_run:run-flow-netflow-seg-dmz-ext-2027-03~c887a8ac127f,discovery_run,acme,run_flow_netflow_seg_dmz_ext_2027_03,flow_netflow,passive_observation,network_segment,seg_dmz_ext,"[""inventory"",""membership""]",2027-03-13T04:31:51Z,2027-03-13T05:55:51Z,completed,130,2027-03-13T04:31:51Z,\N,2027-03-14T06:36:55Z,\N,1,assert
acme:discovery_run:run-ticket-bridge-src-ticket-bridge~86f8d93c3c9f,discovery_run,acme,run_ticket_bridge_src_ticket_bridge_2027_03,ticket_bridge,third_party_attestation,source_system,src_ticket_bridge,"[""inventory"",""membership""]",2027-03-18T07:31:03Z,2027-03-18T08:34:03Z,completed,190,2027-03-18T07:31:03Z,\N,2027-03-18T07:31:03Z,\N,1,assert
acme:discovery_run:run-cmdb-dc2-legacy-site-dc2-2027-03~537e8f953202,discovery_run,acme,run_cmdb_dc2_legacy_site_dc2_2027_03,cmdb_dc2_legacy,none,site,site_dc2,"[""inventory"",""membership""]",2027-03-17T15:27:45Z,2027-03-17T16:04:45Z,completed,157,2027-03-17T15:27:45Z,\N,2027-03-18T00:22:23Z,\N,1,assert
acme:discovery_run:run-iam-corp-dir-corp-2027-03~d038e2470f79,discovery_run,acme,run_iam_corp_dir_corp_2027_03,iam_corp,authoritative_declaration,directory,dir_corp,"[""inventory"",""membership""]",2027-03-17T05:05:06Z,2027-03-17T06:37:06Z,completed,150,2027-03-17T05:05:06Z,\N,2027-03-19T11:26:57Z,\N,1,assert
acme:discovery_run:run-cmdb-primary-attribute-class~03f8a6e30c5b,discovery_run,acme,run_cmdb_primary_attribute_class_reachability_2027_03,cmdb_primary,authoritative_declaration,attribute_class,\N,"[""reachability""]",2027-03-28T01:52:45Z,2027-03-28T02:24:45Z,completed,132,2027-03-28T01:52:45Z,\N,2027-03-28T01:52:45Z,\N,1,assert
acme:discovery_run:run-flow-netflow-seg-core-user-2027-03~f43cd1073ad7,discovery_run,acme,run_flow_netflow_seg_core_user_2027_03,flow_netflow,passive_observation,network_segment,seg_core_user,"[""inventory"",""membership""]",2027-03-27T07:49:46Z,2027-03-27T08:54:46Z,partial,148,2027-03-27T07:49:46Z,\N,2027-03-28T20:08:19Z,\N,1,assert
acme:discovery_run:run-walkdown-sites-site-hq-2027-03~2e46ea496106,discovery_run,acme,run_walkdown_sites_site_hq_2027_03,walkdown_sites,human_attestation,site,site_hq,"[""inventory"",""membership""]",2027-03-28T06:19:15Z,2027-03-28T07:19:15Z,completed,122,2027-03-28T06:19:15Z,\N,2027-03-30T08:13:01Z,\N,1,assert
acme:discovery_run:run-iam-corp-attribute-class-membership~ffb0ac70a0cd,discovery_run,acme,run_iam_corp_attribute_class_membership_2027_03,iam_corp,authoritative_declaration,attribute_class,\N,"[""membership""]",2027-03-28T21:52:29Z,2027-03-28T23:07:29Z,completed,218,2027-03-28T21:52:29Z,\N,2027-03-30T16:37:22Z,\N,1,assert
acme:discovery_run:run-sweep-active-attribute-class~897ce64187f0,discovery_run,acme,run_sweep_active_attribute_class_inventory_2027_03,sweep_active,active_discovery,attribute_class,\N,"[""inventory""]",2027-03-31T02:31:06Z,2027-03-31T03:11:06Z,partial,316,2027-03-31T02:31:06Z,\N,2027-03-31T02:31:06Z,\N,1,assert
acme:discovery_run:run-iam-corp-dir-corp-2027-04~22b9548394b5,discovery_run,acme,run_iam_corp_dir_corp_2027_04,iam_corp,authoritative_declaration,directory,dir_corp,"[""inventory"",""membership""]",2027-04-03T06:55:14Z,2027-04-03T08:19:14Z,completed,311,2027-04-03T06:55:14Z,\N,2027-04-03T06:55:14Z,\N,1,assert
acme:discovery_run:run-cmdb-dc2-legacy-site-dc2-2027-04~90f6cfa2465b,discovery_run,acme,run_cmdb_dc2_legacy_site_dc2_2027_04,cmdb_dc2_legacy,none,site,site_dc2,"[""inventory"",""membership""]",2027-04-02T02:00:52Z,2027-04-02T02:42:52Z,completed,18,2027-04-02T02:00:52Z,\N,2027-04-03T13:44:49Z,\N,1,assert
acme:discovery_run:run-cmdb-primary-attribute-class~1477eb9cc65b,discovery_run,acme,run_cmdb_primary_attribute_class_classification_2027_04,cmdb_primary,authoritative_declaration,attribute_class,\N,"[""classification""]",2027-04-03T12:51:00Z,2027-04-03T13:45:00Z,partial,54,2027-04-03T12:51:00Z,\N,2027-04-05T06:31:29Z,\N,1,assert
acme:discovery_run:run-cmdb-primary-attribute-class~8860fc3a4ee4,discovery_run,acme,run_cmdb_primary_attribute_class_ownership_2027_04,cmdb_primary,authoritative_declaration,attribute_class,\N,"[""ownership""]",2027-04-04T16:52:21Z,2027-04-04T16:56:21Z,completed,101,2027-04-04T16:52:21Z,\N,2027-04-05T18:20:27Z,\N,1,assert
acme:discovery_run:run-flow-netflow-seg-plant-ot-2027-04~427f8d275c90,discovery_run,acme,run_flow_netflow_seg_plant_ot_2027_04,flow_netflow,passive_observation,network_segment,seg_plant_ot,"[""inventory"",""membership""]",2027-04-05T04:36:50Z,2027-04-05T04:39:50Z,completed,122,2027-04-05T04:36:50Z,\N,2027-04-05T04:36:50Z,\N,1,assert
acme:discovery_run:run-sweep-active-attribute-class~35eb52106e21,discovery_run,acme,run_sweep_active_attribute_class_lifecycle_2027_04,sweep_active,active_discovery,attribute_class,\N,"[""lifecycle""]",2027-04-06T11:34:16Z,2027-04-06T12:59:16Z,timed_out,0,2027-04-06T11:34:16Z,\N,2027-04-07T12:31:36Z,\N,1,assert
acme:discovery_run:run-scanner-vuln-attribute-class~954b60034336,discovery_run,acme,run_scanner_vuln_attribute_class_encryption_2027_04,scanner_vuln,active_discovery,attribute_class,\N,"[""encryption""]",2027-04-08T13:29:06Z,2027-04-08T13:40:06Z,completed,289,2027-04-08T13:29:06Z,\N,2027-04-09T06:19:15Z,\N,1,assert
acme:discovery_run:run-ticket-bridge-src-ticket-bridge~b4aa109aabe1,discovery_run,acme,run_ticket_bridge_src_ticket_bridge_2027_04,ticket_bridge,third_party_attestation,source_system,src_ticket_bridge,"[""inventory"",""membership""]",2027-04-07T02:06:24Z,2027-04-07T03:13:24Z,completed,131,2027-04-07T02:06:24Z,\N,2027-04-09T05:20:58Z,\N,1,assert
acme:discovery_run:run-cmdb-primary-attribute-class~ecc3dda26a0f,discovery_run,acme,run_cmdb_primary_attribute_class_sensitivity_2027_04,cmdb_primary,authoritative_declaration,attribute_class,\N,"[""sensitivity""]",2027-04-07T19:52:05Z,2027-04-07T20:09:05Z,completed,192,2027-04-07T19:52:05Z,\N,2027-04-09T09:42:32Z,\N,1,assert
acme:discovery_run:run-scanner-vuln-attribute-class-patch~29a901c2728a,discovery_run,acme,run_scanner_vuln_attribute_class_patch_state_2027_04,scanner_vuln,active_discovery,attribute_class,\N,"[""patch_state""]",2027-04-10T10:03:29Z,2027-04-10T10:53:29Z,completed,137,2027-04-10T10:03:29Z,\N,2027-04-10T10:03:29Z,\N,1,assert
acme:discovery_run:run-cmdb-primary-attribute-class~0ec773fb3fe8,discovery_run,acme,run_cmdb_primary_attribute_class_reachability_2027_04,cmdb_primary,authoritative_declaration,attribute_class,\N,"[""reachability""]",2027-04-11T16:16:52Z,2027-04-11T17:34:52Z,completed,121,2027-04-11T16:16:52Z,\N,2027-04-11T16:16:52Z,\N,1,assert
acme:discovery_run:run-flow-netflow-seg-core-user-2027-04~1b170aa02a1e,discovery_run,acme,run_flow_netflow_seg_core_user_2027_04,flow_netflow,passive_observation,network_segment,seg_core_user,"[""inventory"",""membership""]",2027-04-11T23:27:03Z,2027-04-12T00:45:03Z,completed,253,2027-04-11T23:27:03Z,\N,2027-04-11T23:27:03Z,\N,1,assert
acme:discovery_run:run-scanner-vuln-seg-dmz-ext-2027-04~f0eecbc50e34,discovery_run,acme,run_scanner_vuln_seg_dmz_ext_2027_04,scanner_vuln,active_discovery,network_segment,seg_dmz_ext,"[""inventory"",""patch_state"",""encryption""]",2027-04-11T21:05:40Z,2027-04-11T22:23:40Z,completed,173,2027-04-11T21:05:40Z,\N,2027-04-12T05:00:06Z,\N,1,assert
acme:discovery_run:run-iam-emea-attribute-class-membership~5ef2a2ca14df,discovery_run,acme,run_iam_emea_attribute_class_membership_2027_04,iam_emea,authoritative_declaration,attribute_class,\N,"[""membership""]",2027-04-12T07:18:55Z,2027-04-12T07:28:55Z,completed,151,2027-04-12T07:18:55Z,\N,2027-04-14T01:23:47Z,\N,1,assert
acme:discovery_run:run-sweep-active-seg-server-farm-2027-04~7b8a5ad201b2,discovery_run,acme,run_sweep_active_seg_server_farm_2027_04,sweep_active,active_discovery,network_segment,seg_server_farm,"[""inventory"",""patch_state"",""encryption""]",2027-04-18T15:06:52Z,2027-04-18T15:47:52Z,completed,315,2027-04-18T15:06:52Z,\N,2027-04-18T15:06:52Z,\N,1,assert
acme:discovery_run:run-iam-corp-attribute-class-membership~71891b8247bb,discovery_run,acme,run_iam_corp_attribute_class_membership_2027_04,iam_corp,authoritative_declaration,attribute_class,\N,"[""membership""]",2027-04-16T07:09:37Z,2027-04-16T07:17:37Z,completed,273,2027-04-16T07:09:37Z,\N,2027-04-18T04:45:15Z,\N,1,assert
acme:discovery_run:run-cmdb-contractor-site-hq-2027-04~d9c5ba14f5f0,discovery_run,acme,run_cmdb_contractor_site_hq_2027_04,cmdb_contractor,third_party_attestation,site,site_hq,"[""inventory"",""membership""]",2027-04-19T05:41:01Z,2027-04-19T06:06:01Z,partial,288,2027-04-19T05:41:01Z,\N,2027-04-21T02:24:00Z,\N,1,assert
acme:discovery_run:run-flow-netflow-seg-dmz-ext-2027-04~b8116ce87c22,discovery_run,acme,run_flow_netflow_seg_dmz_ext_2027_04,flow_netflow,passive_observation,network_segment,seg_dmz_ext,"[""inventory"",""membership""]",2027-04-20T12:32:07Z,2027-04-20T14:02:07Z,completed,108,2027-04-20T12:32:07Z,\N,2027-04-21T00:46:22Z,\N,1,assert
acme:discovery_run:run-cmdb-primary-site-hq-2027-04~3856e5e3cef4,discovery_run,acme,run_cmdb_primary_site_hq_2027_04,cmdb_primary,authoritative_declaration,site,site_hq,"[""inventory"",""membership""]",2027-04-19T19:46:23Z,2027-04-19T19:54:23Z,completed,240,2027-04-19T19:46:23Z,\N,2027-04-21T21:09:07Z,\N,1,assert
