entity_id,entity_type,organization_id,group_key,group_name,valid_from,valid_to,system_from,system_to,revision,operation
acme:identity_group:grp-00000~1be91a7ab3d5,identity_group,acme,grp-00000,grp-00000-owns,2021-01-07T17:42:12Z,\N,2021-01-07T17:42:12Z,\N,1,assert
acme:identity_group:grp-00001~ae5e9ab93134,identity_group,acme,grp-00001,grp-00001-operates,2021-01-08T00:49:40Z,\N,2021-01-08T00:49:40Z,\N,1,assert
acme:identity_group:grp-00002~d2b31ba5c660,identity_group,acme,grp-00002,grp-00002-identity,2021-01-09T05:28:29Z,\N,2021-01-09T05:28:29Z,\N,1,assert
acme:identity_group:grp-00003~25f6dcfcfc29,identity_group,acme,grp-00003,grp-00003-operates,2021-01-10T10:58:54Z,\N,2021-01-10T10:58:54Z,\N,1,assert
acme:identity_group:grp-00004~199aa9d80060,identity_group,acme,grp-00004,grp-00004-security,2021-01-11T13:34:04Z,\N,2021-01-11T13:34:04Z,\N,1,assert
acme:identity_group:grp-00005~8eaa9cd76850,identity_group,acme,grp-00005,grp-00005-owns,2021-01-12T06:34:58Z,\N,2021-01-12T06:34:58Z,\N,1,assert
acme:identity_group:grp-00459~40813da0d031,identity_group,acme,grp-00459,grp-00459-identity,2021-01-15T07:26:43Z,\N,2021-01-22T01:38:32Z,\N,1,assert
acme:identity_group:grp-02016~73c37562c40e,identity_group,acme,grp-02016,grp-02016-identity,2021-01-14T12:52:19Z,\N,2021-01-24T14:57:55Z,\N,1,assert
acme:identity_group:grp-01218~f8db583cd296,identity_group,acme,grp-01218,grp-01218-owns,2021-01-12T09:46:08Z,\N,2021-01-28T02:51:26Z,\N,1,assert
acme:identity_group:grp-00639~de5411f75960,identity_group,acme,grp-00639,grp-00639-owns,2021-01-19T01:45:13Z,\N,2021-02-02T05:08:23Z,\N,1,assert
acme:identity_group:grp-01575~41f0384121a6,identity_group,acme,grp-01575,grp-01575-security,2021-01-17T10:12:15Z,\N,2021-02-05T21:21:23Z,\N,1,assert
acme:identity_group:grp-01097~0094868a60e4,identity_group,acme,grp-01097,grp-01097-owns,2021-01-30T08:35:27Z,\N,2021-02-06T07:07:10Z,\N,1,assert
acme:identity_group:grp-01643~2d0465c070e8,identity_group,acme,grp-01643,grp-01643-security,2021-01-31T18:58:42Z,\N,2021-02-10T07:27:41Z,\N,1,assert
acme:identity_group:grp-00534~f53db88268d6,identity_group,acme,grp-00534,grp-00534-owns,2021-01-07T12:23:25Z,\N,2021-02-12T02:23:59Z,\N,1,assert
acme:identity_group:grp-00825~9eba825758bc,identity_group,acme,grp-00825,grp-00825-identity,2021-01-20T20:35:08Z,\N,2021-02-12T13:14:53Z,\N,1,assert
acme:identity_group:grp-01043~cfc65ccd0549,identity_group,acme,grp-01043,grp-01043-security,2021-01-10T13:24:00Z,\N,2021-02-13T16:34:06Z,\N,1,assert
acme:identity_group:grp-01067~9f0bef4ab733,identity_group,acme,grp-01067,grp-01067-security,2021-02-07T13:03:42Z,\N,2021-02-13T15:47:46Z,\N,1,assert
acme:identity_group:grp-00680~53bbebc1e5a0,identity_group,acme,grp-00680,grp-00680-owns,2021-01-07T22:44:30Z,\N,2021-02-14T09:38:57Z,\N,1,assert
acme:identity_group:grp-00780~5e5b85f75d10,identity_group,acme,grp-00780,grp-00780-owns,2021-02-02T02:16:53Z,\N,2021-02-14T08:59:17Z,\N,1,assert
acme:identity_group:grp-01171~5d6d0eac42ea,identity_group,acme,grp-01171,grp-01171-security,2021-01-15T08:21:39Z,\N,2021-02-14T04:03:23Z,\N,1,assert
acme:identity_group:grp-01302~478734604ef8,identity_group,acme,grp-01302,grp-01302-owns,2021-01-27T13:43:32Z,\N,2021-02-14T04:16:38Z,\N,1,assert
acme:identity_group:grp-00364~468b2fcce35c,identity_group,acme,grp-00364,grp-00364-operates,2021-02-14T16:52:56Z,\N,2021-02-16T04:22:40Z,\N,1,assert
acme:identity_group:grp-01824~cd9260adcad9,identity_group,acme,grp-01824,grp-01824-operates,2021-01-11T22:29:57Z,\N,2021-02-16T06:42:09Z,\N,1,assert
acme:identity_group:grp-00032~c48597bf2ee4,identity_group,acme,grp-00032,grp-00032-identity,2021-01-07T06:36:35Z,\N,2021-02-17T18:27:42Z,\N,1,assert
acme:identity_group:grp-00258~064e14936657,identity_group,acme,grp-00258,grp-00258-owns,2021-01-23T13:37:32Z,\N,2021-02-17T01:20:44Z,\N,1,assert
acme:identity_group:grp-00372~cc4f1a228346,identity_group,acme,grp-00372,grp-00372-operates,2021-01-31T21:23:28Z,\N,2021-02-17T10:44:29Z,\N,1,assert
acme:identity_group:grp-00594~b7f3ce654354,identity_group,acme,grp-00594,grp-00594-identity,2021-01-15T08:05:27Z,\N,2021-02-18T00:08:48Z,\N,1,assert
acme:identity_group:grp-01431~95b51acb24c6,identity_group,acme,grp-01431,grp-01431-security,2021-01-22T12:48:59Z,\N,2021-02-18T19:26:22Z,\N,1,assert
acme:identity_group:grp-01723~293363cb5ff2,identity_group,acme,grp-01723,grp-01723-security,2021-02-04T02:45:19Z,\N,2021-02-18T17:43:22Z,\N,1,assert
acme:identity_group:grp-00046~200a55bff5ef,identity_group,acme,grp-00046,grp-00046-owns,2021-01-22T21:37:27Z,\N,2021-02-21T07:31:41Z,\N,1,assert
acme:identity_group:grp-00580~669998cc2254,identity_group,acme,grp-00580,grp-00580-identity,2021-02-15T04:29:20Z,\N,2021-02-21T02:46:49Z,\N,1,assert
acme:identity_group:grp-01769~7ff520f8851b,identity_group,acme,grp-01769,grp-01769-owns,2021-01-22T02:39:52Z,\N,2021-02-21T09:00:21Z,\N,1,assert
acme:identity_group:grp-01698~8bf3670d32bf,identity_group,acme,grp-01698,grp-01698-identity,2021-01-26T11:11:19Z,\N,2021-02-22T23:40:31Z,\N,1,assert
acme:identity_group:grp-00466~24be43e231e7,identity_group,acme,grp-00466,grp-00466-security,2021-02-08T03:45:57Z,\N,2021-02-24T17:47:33Z,\N,1,assert
acme:identity_group:grp-01766~71eab2b1f4b3,identity_group,acme,grp-01766,grp-01766-owns,2021-02-14T04:29:20Z,\N,2021-02-25T13:12:11Z,\N,1,assert
acme:identity_group:grp-01763~984c33ab0204,identity_group,acme,grp-01763,grp-01763-owns,2021-02-22T23:17:30Z,\N,2021-02-26T05:09:29Z,\N,1,assert
acme:identity_group:grp-00927~0a4577789ff8,identity_group,acme,grp-00927,grp-00927-owns,2021-02-03T20:24:38Z,\N,2021-02-28T05:51:37Z,\N,1,assert
acme:identity_group:grp-01991~37129f0adfbf,identity_group,acme,grp-01991,grp-01991-owns,2021-03-01T00:19:53Z,\N,2021-03-01T00:19:53Z,\N,1,assert
acme:identity_group:grp-01407~8b69a8fb1480,identity_group,acme,grp-01407,grp-01407-identity,2021-02-28T00:36:12Z,\N,2021-03-02T00:23:20Z,\N,1,assert
acme:identity_group:grp-00688~a2102685bbf4,identity_group,acme,grp-00688,grp-00688-security,2021-01-19T06:43:23Z,\N,2021-03-03T11:17:47Z,\N,1,assert
acme:identity_group:grp-00999~b86faf15e7f3,identity_group,acme,grp-00999,grp-00999-identity,2021-02-25T05:41:31Z,\N,2021-03-03T04:02:28Z,\N,1,assert
acme:identity_group:grp-01882~bd9f8b3f4632,identity_group,acme,grp-01882,grp-01882-operates,2021-02-05T02:56:04Z,\N,2021-03-03T10:01:14Z,\N,1,assert
acme:identity_group:grp-01138~f7e76f643a75,identity_group,acme,grp-01138,grp-01138-owns,2021-02-21T05:21:55Z,\N,2021-03-06T03:37:31Z,\N,1,assert
acme:identity_group:grp-01281~df137447899a,identity_group,acme,grp-01281,grp-01281-identity,2021-02-15T18:21:29Z,\N,2021-03-06T18:04:21Z,\N,1,assert
acme:identity_group:grp-00291~ff7c6b5362a1,identity_group,acme,grp-00291,grp-00291-operates,2021-02-17T15:08:46Z,\N,2021-03-07T14:51:21Z,\N,1,assert
acme:identity_group:grp-01604~4b8e611f6517,identity_group,acme,grp-01604,grp-01604-security,2021-01-23T15:04:08Z,\N,2021-03-08T02:01:10Z,\N,1,assert
acme:identity_group:grp-00537~2b13816abde0,identity_group,acme,grp-00537,grp-00537-security,2021-01-25T07:36:58Z,\N,2021-03-09T19:46:53Z,\N,1,assert
acme:identity_group:grp-00561~6ae5c97e39f1,identity_group,acme,grp-00561,grp-00561-identity,2021-02-24T23:27:25Z,\N,2021-03-09T16:03:08Z,\N,1,assert
acme:identity_group:grp-00785~7c426f83c42c,identity_group,acme,grp-00785,grp-00785-owns,2021-02-11T04:22:14Z,\N,2021-03-09T05:10:59Z,\N,1,assert
acme:identity_group:grp-00160~06b99d7a2831,identity_group,acme,grp-00160,grp-00160-operates,2021-03-03T02:13:23Z,\N,2021-03-10T09:40:58Z,\N,1,assert
acme:identity_group:grp-00722~7b67bc1b8642,identity_group,acme,grp-00722,grp-00722-owns,2021-01-27T03:09:37Z,\N,2021-03-10T04:58:30Z,\N,1,assert
acme:identity_group:grp-01234~60f490141ae8,identity_group,acme,grp-01234,grp-01234-operates,2021-02-12T10:44:41Z,\N,2021-03-11T02:55:18Z,\N,1,assert
acme:identity_group:grp-01263~40a512bba3b8,identity_group,acme,grp-01263,grp-01263-operates,2021-02-10T11:45:12Z,\N,2021-03-11T23:42:28Z,\N,1,assert
acme:identity_group:grp-01792~c110ae337def,identity_group,acme,grp-01792,grp-01792-owns,2021-02-17T04:38:13Z,\N,2021-03-12T00:01:00Z,\N,1,assert
acme:identity_group:grp-00835~b9be60c6e121,identity_group,acme,grp-00835,grp-00835-identity,2021-02-27T11:00:19Z,\N,2021-03-13T06:51:42Z,\N,1,assert
acme:identity_group:grp-01319~1a04e2a54212,identity_group,acme,grp-01319,grp-01319-security,2021-03-12T08:29:28Z,\N,2021-03-13T17:04:47Z,\N,1,assert
acme:identity_group:grp-01388~4ecd17915dd4,identity_group,acme,grp-01388,grp-01388-identity,2021-02-12T09:33:29Z,\N,2021-03-13T05:26:43Z,\N,1,assert
acme:identity_group:grp-01552~279e9b291d19,identity_group,acme,grp-01552,grp-01552-operates,2021-02-25T23:18:48Z,\N,2021-03-14T04:49:20Z,\N,1,assert
acme:identity_group:grp-00710~13e5848b16a3,identity_group,acme,grp-00710,grp-00710-owns,2021-02-28T04:06:25Z,\N,2021-03-16T18:24:27Z,\N,1,assert
acme:identity_group:grp-01244~602aa5fc14bc,identity_group,acme,grp-01244,grp-01244-owns,2021-03-14T03:14:25Z,\N,2021-03-18T18:39:31Z,\N,1,assert
acme:identity_group:grp-02122~c32eef8ee035,identity_group,acme,grp-02122,grp-02122-operates,2021-03-01T00:56:52Z,\N,2021-03-20T09:51:06Z,\N,1,assert
acme:identity_group:grp-01337~7f799eaf8e9a,identity_group,acme,grp-01337,grp-01337-operates,2021-02-20T16:52:31Z,\N,2021-03-24T14:12:26Z,\N,1,assert
acme:identity_group:grp-01419~44082b6438b7,identity_group,acme,grp-01419,grp-01419-security,2021-02-16T05:15:10Z,\N,2021-03-24T18:35:49Z,\N,1,assert
acme:identity_group:grp-00665~a05cfaba1fd0,identity_group,acme,grp-00665,grp-00665-security,2021-03-24T18:34:54Z,\N,2021-03-29T00:09:51Z,\N,1,assert
acme:identity_group:grp-01160~58fe604089ac,identity_group,acme,grp-01160,grp-01160-operates,2021-03-18T13:28:57Z,\N,2021-04-01T20:12:16Z,\N,1,assert
acme:identity_group:grp-02141~f87c5e211899,identity_group,acme,grp-02141,grp-02141-owns,2021-03-07T18:23:35Z,\N,2021-04-01T01:50:29Z,\N,1,assert
acme:identity_group:grp-00166~4420501e24d0,identity_group,acme,grp-00166,grp-00166-operates,2021-03-15T12:28:59Z,\N,2021-04-02T15:24:22Z,\N,1,assert
acme:identity_group:grp-00299~5208c36ea5f9,identity_group,acme,grp-00299,grp-00299-owns,2021-03-11T19:44:26Z,\N,2021-04-02T14:03:08Z,\N,1,assert
acme:identity_group:grp-00818~9879f52287fa,identity_group,acme,grp-00818,grp-00818-identity,2021-03-31T21:58:36Z,\N,2021-04-04T02:12:07Z,\N,1,assert
acme:identity_group:grp-01198~e287423d216e,identity_group,acme,grp-01198,grp-01198-identity,2021-02-24T18:32:35Z,\N,2021-04-04T14:57:33Z,\N,1,assert
acme:identity_group:grp-01080~e0ed6eb2eb5c,identity_group,acme,grp-01080,grp-01080-security,2021-03-10T18:22:06Z,\N,2021-04-06T06:39:16Z,\N,1,assert
acme:identity_group:grp-01949~c0fa7ce29b33,identity_group,acme,grp-01949,grp-01949-operates,2021-02-23T23:17:15Z,\N,2021-04-07T09:40:13Z,\N,1,assert
acme:identity_group:grp-00952~494cfe96c97b,identity_group,acme,grp-00952,grp-00952-security,2021-03-11T04:40:13Z,\N,2021-04-08T07:01:46Z,\N,1,assert
acme:identity_group:grp-01346~194695da7e74,identity_group,acme,grp-01346,grp-01346-security,2021-03-11T03:24:02Z,\N,2021-04-09T22:47:54Z,\N,1,assert
acme:identity_group:grp-01923~b5581d5d4891,identity_group,acme,grp-01923,grp-01923-owns,2021-03-12T14:49:33Z,\N,2021-04-12T20:50:46Z,\N,1,assert
acme:identity_group:grp-00472~36378310f36b,identity_group,acme,grp-00472,grp-00472-operates,2021-03-26T18:54:19Z,\N,2021-04-14T21:01:50Z,\N,1,assert
acme:identity_group:grp-00517~d993673a0109,identity_group,acme,grp-00517,grp-00517-security,2021-03-14T20:34:28Z,\N,2021-04-14T10:05:45Z,\N,1,assert
acme:identity_group:grp-00946~d52ca6a0d421,identity_group,acme,grp-00946,grp-00946-operates,2021-03-31T05:30:03Z,\N,2021-04-14T22:49:58Z,\N,1,assert
acme:identity_group:grp-00428~61bade64209f,identity_group,acme,grp-00428,grp-00428-operates,2021-03-19T07:51:16Z,\N,2021-04-16T01:06:00Z,\N,1,assert
acme:identity_group:grp-01894~527e3e000cb3,identity_group,acme,grp-01894,grp-01894-identity,2021-04-11T14:51:40Z,\N,2021-04-18T08:08:10Z,\N,1,assert
acme:identity_group:grp-01836~5fd2b6a7257c,identity_group,acme,grp-01836,grp-01836-security,2021-03-25T09:51:27Z,\N,2021-04-19T20:37:50Z,\N,1,assert
acme:identity_group:grp-01631~a9d87847ca24,identity_group,acme,grp-01631,grp-01631-identity,2021-04-08T00:36:29Z,\N,2021-04-20T19:51:49Z,\N,1,assert
acme:identity_group:grp-02145~f207b6a67f46,identity_group,acme,grp-02145,grp-02145-security,2021-03-19T05:22:19Z,\N,2021-04-20T15:52:30Z,\N,1,assert
acme:identity_group:grp-00986~063fc47cd2a9,identity_group,acme,grp-00986,grp-00986-security,2021-03-14T13:39:43Z,\N,2021-04-21T03:39:18Z,\N,1,assert
acme:identity_group:grp-01517~e7501b4dbc90,identity_group,acme,grp-01517,grp-01517-identity,2021-04-16T12:17:24Z,\N,2021-04-21T18:52:02Z,\N,1,assert
acme:identity_group:grp-01784~5cc2f79eae25,identity_group,acme,grp-01784,grp-01784-security,2021-03-08T11:30:09Z,\N,2021-04-21T15:57:29Z,\N,1,assert
acme:identity_group:grp-01189~3e1c57ab65dc,identity_group,acme,grp-01189,grp-01189-operates,2021-04-17T22:26:18Z,\N,2021-04-23T16:21:06Z,\N,1,assert
acme:identity_group:grp-00210~3d8547d7a0d2,identity_group,acme,grp-00210,grp-00210-owns,2021-04-12T09:02:24Z,\N,2021-04-24T13:34:32Z,\N,1,assert
acme:identity_group:grp-01088~6f74454cd82a,identity_group,acme,grp-01088,grp-01088-owns,2021-03-17T18:45:11Z,\N,2021-04-24T16:37:51Z,\N,1,assert
acme:identity_group:grp-01926~ea882ac9b1b7,identity_group,acme,grp-01926,grp-01926-operates,2021-03-18T17:44:31Z,\N,2021-04-25T02:30:39Z,\N,1,assert
acme:identity_group:grp-02164~655acd087c3c,identity_group,acme,grp-02164,grp-02164-owns,2021-04-03T00:15:57Z,\N,2021-04-25T03:38:22Z,\N,1,assert
acme:identity_group:grp-02039~c4d690ba5af4,identity_group,acme,grp-02039,grp-02039-owns,2021-04-01T11:26:12Z,\N,2021-04-27T01:36:08Z,\N,1,assert
acme:identity_group:grp-00720~f7547dcc0392,identity_group,acme,grp-00720,grp-00720-identity,2021-04-01T12:55:25Z,\N,2021-04-28T22:52:16Z,\N,1,assert
acme:identity_group:grp-02152~278a3440ebde,identity_group,acme,grp-02152,grp-02152-owns,2021-04-23T16:25:41Z,\N,2021-04-28T10:57:42Z,\N,1,assert
acme:identity_group:grp-00334~5ed8d6e7f3f1,identity_group,acme,grp-00334,grp-00334-operates,2021-04-23T19:10:44Z,\N,2021-04-29T01:51:05Z,\N,1,assert
acme:identity_group:grp-01484~d7ca8caba03f,identity_group,acme,grp-01484,grp-01484-security,2021-03-28T13:21:36Z,\N,2021-04-29T17:23:08Z,\N,1,assert
acme:identity_group:grp-01598~b2218ef2b9f2,identity_group,acme,grp-01598,grp-01598-operates,2021-04-23T19:27:22Z,\N,2021-04-29T14:50:15Z,\N,1,assert
acme:identity_group:grp-00838~fe2e0ddfa3d8,identity_group,acme,grp-00838,grp-00838-security,2021-05-01T21:27:20Z,\N,2021-05-01T21:27:20Z,\N,1,assert
acme:identity_group:grp-00510~f58112acb8d0,identity_group,acme,grp-00510,grp-00510-security,2021-03-27T13:52:06Z,\N,2021-05-02T08:44:47Z,\N,1,assert
acme:identity_group:grp-01345~11f678ab9ee9,identity_group,acme,grp-01345,grp-01345-identity,2021-05-01T14:23:07Z,\N,2021-05-02T23:59:02Z,\N,1,assert
acme:identity_group:grp-00128~f4a30c89947c,identity_group,acme,grp-00128,grp-00128-security,2021-04-26T19:05:02Z,\N,2021-05-03T13:25:10Z,\N,1,assert
acme:identity_group:grp-01691~58a20752176b,identity_group,acme,grp-01691,grp-01691-identity,2021-03-26T19:49:08Z,\N,2021-05-03T08:02:47Z,\N,1,assert
acme:identity_group:grp-00938~0289843dc922,identity_group,acme,grp-00938,grp-00938-owns,2021-05-01T23:44:59Z,\N,2021-05-05T21:43:48Z,\N,1,assert
acme:identity_group:grp-00479~0154993f0253,identity_group,acme,grp-00479,grp-00479-operates,2021-03-30T10:08:31Z,\N,2021-05-07T07:19:34Z,\N,1,assert
acme:identity_group:grp-01473~45f49d698996,identity_group,acme,grp-01473,grp-01473-security,2021-05-02T17:01:51Z,\N,2021-05-08T06:48:29Z,\N,1,assert
acme:identity_group:grp-00622~18663f2052bb,identity_group,acme,grp-00622,grp-00622-identity,2021-03-28T14:30:32Z,\N,2021-05-09T14:28:46Z,\N,1,assert
acme:identity_group:grp-01581~7c3dac69790c,identity_group,acme,grp-01581,grp-01581-operates,2021-04-07T06:52:18Z,\N,2021-05-11T22:57:04Z,\N,1,assert
acme:identity_group:grp-01156~77e920333cee,identity_group,acme,grp-01156,grp-01156-operates,2021-04-02T14:13:39Z,\N,2021-05-14T08:08:02Z,\N,1,assert
acme:identity_group:grp-02059~179bc0d67bf6,identity_group,acme,grp-02059,grp-02059-security,2021-05-12T15:52:31Z,\N,2021-05-14T20:03:26Z,\N,1,assert
acme:identity_group:grp-01468~98d2d4beaab4,identity_group,acme,grp-01468,grp-01468-security,2021-04-17T00:49:53Z,\N,2021-05-15T22:23:07Z,\N,1,assert
acme:identity_group:grp-01028~9f14a5dd5e1b,identity_group,acme,grp-01028,grp-01028-operates,2021-05-19T12:57:35Z,\N,2021-05-20T01:29:15Z,\N,1,assert
acme:identity_group:grp-00018~27022c91c029,identity_group,acme,grp-00018,grp-00018-security,2021-05-05T04:43:18Z,\N,2021-05-22T13:03:52Z,\N,1,assert
acme:identity_group:grp-00851~f8b9abb9dad9,identity_group,acme,grp-00851,grp-00851-operates,2021-04-15T09:33:15Z,\N,2021-05-23T01:40:47Z,\N,1,assert
acme:identity_group:grp-00889~78b5beaac127,identity_group,acme,grp-00889,grp-00889-operates,2021-05-14T16:38:42Z,\N,2021-05-23T07:55:11Z,\N,1,assert
acme:identity_group:grp-02035~af22060066f3,identity_group,acme,grp-02035,grp-02035-operates,2021-05-06T01:43:51Z,\N,2021-05-27T06:39:01Z,\N,1,assert
acme:identity_group:grp-00508~65b70a2ad023,identity_group,acme,grp-00508,grp-00508-operates,2021-04-27T01:10:13Z,\N,2021-05-30T02:22:08Z,\N,1,assert
acme:identity_group:grp-01383~a727c079ce55,identity_group,acme,grp-01383,grp-01383-owns,2021-04-18T08:19:28Z,\N,2021-05-31T20:49:20Z,\N,1,assert
acme:identity_group:grp-01233~9e8af6956ee8,identity_group,acme,grp-01233,grp-01233-owns,2021-05-17T07:43:39Z,\N,2021-06-01T19:54:36Z,\N,1,assert
acme:identity_group:grp-00894~d9c8613a8ccc,identity_group,acme,grp-00894,grp-00894-identity,2021-04-23T12:56:29Z,\N,2021-06-02T16:58:21Z,\N,1,assert
acme:identity_group:grp-00388~35a9b78d36f9,identity_group,acme,grp-00388,grp-00388-identity,2021-05-21T07:29:10Z,\N,2021-06-06T10:37:35Z,\N,1,assert
acme:identity_group:grp-02047~76d212ee02af,identity_group,acme,grp-02047,grp-02047-identity,2021-05-10T09:56:27Z,\N,2021-06-06T02:15:51Z,\N,1,assert
acme:identity_group:grp-00213~d7ef2847d921,identity_group,acme,grp-00213,grp-00213-owns,2021-06-05T03:02:58Z,\N,2021-06-07T05:55:12Z,\N,1,assert
acme:identity_group:grp-00487~c0abbcf14e73,identity_group,acme,grp-00487,grp-00487-security,2021-05-29T14:01:04Z,\N,2021-06-07T07:53:37Z,\N,1,assert
acme:identity_group:grp-00816~27266f7127fc,identity_group,acme,grp-00816,grp-00816-security,2021-05-30T04:04:59Z,\N,2021-06-08T13:18:38Z,\N,1,assert
acme:identity_group:grp-01524~ca98a0b94bbb,identity_group,acme,grp-01524,grp-01524-identity,2021-04-27T21:57:17Z,\N,2021-06-09T03:19:06Z,\N,1,assert
acme:identity_group:grp-01614~9f7c98fd2ff5,identity_group,acme,grp-01614,grp-01614-security,2021-05-10T07:01:22Z,\N,2021-06-13T17:26:36Z,\N,1,assert
acme:identity_group:grp-01256~9d3d9843fce2,identity_group,acme,grp-01256,grp-01256-owns,2021-06-05T11:08:26Z,\N,2021-06-14T16:14:57Z,\N,1,assert
acme:identity_group:grp-00727~637c09c34a68,identity_group,acme,grp-00727,grp-00727-security,2021-06-03T06:00:40Z,\N,2021-06-15T01:43:17Z,\N,1,assert
acme:identity_group:grp-00319~0547d8a83629,identity_group,acme,grp-00319,grp-00319-operates,2021-06-09T22:35:07Z,\N,2021-06-16T14:13:54Z,\N,1,assert
acme:identity_group:grp-00342~958e05c9de19,identity_group,acme,grp-00342,grp-00342-security,2021-06-15T11:44:51Z,\N,2021-06-17T07:06:56Z,\N,1,assert
acme:identity_group:grp-00763~4084619a1412,identity_group,acme,grp-00763,grp-00763-security,2021-05-08T00:58:10Z,\N,2021-06-18T16:47:15Z,\N,1,assert
acme:identity_group:grp-01195~f6ce5f287200,identity_group,acme,grp-01195,grp-01195-operates,2021-06-03T11:18:30Z,\N,2021-06-18T09:43:22Z,\N,1,assert
acme:identity_group:grp-00613~79accd15ba4a,identity_group,acme,grp-00613,grp-00613-identity,2021-05-13T03:52:20Z,\N,2021-06-21T00:43:04Z,\N,1,assert
acme:identity_group:grp-01565~df1a7041a778,identity_group,acme,grp-01565,grp-01565-owns,2021-05-28T11:13:08Z,\N,2021-06-22T21:08:12Z,\N,1,assert
acme:identity_group:grp-01883~e63da2dded83,identity_group,acme,grp-01883,grp-01883-identity,2021-05-19T06:11:50Z,\N,2021-06-22T04:09:16Z,\N,1,assert
acme:identity_group:grp-01423~ecc2941dd041,identity_group,acme,grp-01423,grp-01423-identity,2021-05-27T18:56:31Z,\N,2021-06-24T23:10:45Z,\N,1,assert
acme:identity_group:grp-00483~f7550f9f66e4,identity_group,acme,grp-00483,grp-00483-identity,2021-06-16T09:03:38Z,\N,2021-06-25T10:39:01Z,\N,1,assert
acme:identity_group:grp-00387~fe60985e8953,identity_group,acme,grp-00387,grp-00387-operates,2021-06-06T05:39:33Z,\N,2021-06-26T11:42:51Z,\N,1,assert
acme:identity_group:grp-00592~62f28d44d54e,identity_group,acme,grp-00592,grp-00592-identity,2021-06-23T03:01:51Z,\N,2021-06-26T14:34:32Z,\N,1,assert
acme:identity_group:grp-00203~d0f5a01ff122,identity_group,acme,grp-00203,grp-00203-operates,2021-06-22T05:15:11Z,\N,2021-06-29T05:32:57Z,\N,1,assert
acme:identity_group:grp-00546~84958b2c47dd,identity_group,acme,grp-00546,grp-00546-owns,2021-06-08T20:22:01Z,\N,2021-06-30T18:13:37Z,\N,1,assert
acme:identity_group:grp-00098~deb930ea63ee,identity_group,acme,grp-00098,grp-00098-owns,2021-06-17T16:02:53Z,\N,2021-07-06T03:00:32Z,\N,1,assert
acme:identity_group:grp-01458~333110d4f0c2,identity_group,acme,grp-01458,grp-01458-security,2021-06-25T12:42:55Z,\N,2021-07-07T04:12:58Z,\N,1,assert
acme:identity_group:grp-01227~ae741fa98b08,identity_group,acme,grp-01227,grp-01227-identity,2021-06-01T23:22:38Z,\N,2021-07-08T04:11:21Z,\N,1,assert
acme:identity_group:grp-01797~c4bbf2af84e1,identity_group,acme,grp-01797,grp-01797-security,2021-06-21T08:32:33Z,\N,2021-07-08T19:09:36Z,\N,1,assert
acme:identity_group:grp-00385~800e42d3a24e,identity_group,acme,grp-00385,grp-00385-owns,2021-06-09T23:27:51Z,\N,2021-07-09T06:54:24Z,\N,1,assert
acme:identity_group:grp-00628~0ec79d70edbe,identity_group,acme,grp-00628,grp-00628-security,2021-06-29T20:46:56Z,\N,2021-07-10T06:16:44Z,\N,1,assert
acme:identity_group:grp-00515~5448ce47b6fa,identity_group,acme,grp-00515,grp-00515-identity,2021-06-18T08:46:15Z,\N,2021-07-12T13:30:20Z,\N,1,assert
acme:identity_group:grp-01770~dfb4defe8107,identity_group,acme,grp-01770,grp-01770-operates,2021-06-08T04:29:33Z,\N,2021-07-13T15:47:08Z,\N,1,assert
acme:identity_group:grp-00853~94539fa03bff,identity_group,acme,grp-00853,grp-00853-operates,2021-06-29T13:52:33Z,\N,2021-07-16T15:20:37Z,\N,1,assert
acme:identity_group:grp-01665~b0e749ccdf9d,identity_group,acme,grp-01665,grp-01665-security,2021-06-16T20:38:37Z,\N,2021-07-16T03:46:22Z,\N,1,assert
acme:identity_group:grp-01113~65764a23e0b3,identity_group,acme,grp-01113,grp-01113-security,2021-06-08T22:15:25Z,\N,2021-07-17T00:56:37Z,\N,1,assert
acme:identity_group:grp-01752~94aeb4f56305,identity_group,acme,grp-01752,grp-01752-operates,2021-06-27T08:08:08Z,\N,2021-07-17T19:06:39Z,\N,1,assert
acme:identity_group:grp-01869~baba129ac622,identity_group,acme,grp-01869,grp-01869-owns,2021-06-22T23:27:53Z,\N,2021-07-17T08:33:12Z,\N,1,assert
acme:identity_group:grp-00409~98a7cf5ba2fb,identity_group,acme,grp-00409,grp-00409-security,2021-06-26T18:37:01Z,\N,2021-07-19T04:09:53Z,\N,1,assert
acme:identity_group:grp-00620~983b21a26ff4,identity_group,acme,grp-00620,grp-00620-identity,2021-07-02T10:08:19Z,\N,2021-07-20T18:34:17Z,\N,1,assert
acme:identity_group:grp-00886~7b1e28057abb,identity_group,acme,grp-00886,grp-00886-security,2021-07-22T21:46:15Z,\N,2021-07-22T21:46:15Z,\N,1,assert
acme:identity_group:grp-01846~429de0270a5c,identity_group,acme,grp-01846,grp-01846-operates,2021-06-18T16:18:10Z,\N,2021-07-23T23:50:59Z,\N,1,assert
acme:identity_group:grp-00509~cb85554822af,identity_group,acme,grp-00509,grp-00509-operates,2021-06-22T13:35:30Z,\N,2021-07-24T23:06:24Z,\N,1,assert
acme:identity_group:grp-00578~9e53a40b4da4,identity_group,acme,grp-00578,grp-00578-security,2021-07-26T14:12:51Z,\N,2021-07-27T05:29:52Z,\N,1,assert
acme:identity_group:grp-02073~27b5c0294d64,identity_group,acme,grp-02073,grp-02073-security,2021-06-15T20:34:17Z,\N,2021-07-29T23:18:03Z,\N,1,assert
acme:identity_group:grp-01759~36c947bfebb3,identity_group,acme,grp-01759,grp-01759-identity,2021-07-25T00:45:05Z,\N,2021-08-03T09:47:14Z,\N,1,assert
acme:identity_group:grp-00978~1c14cbdfcfcb,identity_group,acme,grp-00978,grp-00978-identity,2021-07-14T14:56:38Z,\N,2021-08-04T08:03:49Z,\N,1,assert
acme:identity_group:grp-01434~ede596e6e2c6,identity_group,acme,grp-01434,grp-01434-security,2021-07-24T06:38:35Z,\N,2021-08-05T14:36:39Z,\N,1,assert
acme:identity_group:grp-02038~a4ae443d94f2,identity_group,acme,grp-02038,grp-02038-security,2021-07-01T06:27:51Z,\N,2021-08-05T23:17:00Z,\N,1,assert
acme:identity_group:grp-00293~09bbaa4d9b7b,identity_group,acme,grp-00293,grp-00293-operates,2021-07-21T21:05:19Z,\N,2021-08-06T16:01:37Z,\N,1,assert
acme:identity_group:grp-00396~272c9b501e90,identity_group,acme,grp-00396,grp-00396-identity,2021-07-06T07:44:10Z,\N,2021-08-06T20:59:45Z,\N,1,assert
acme:identity_group:grp-01074~7703176602c8,identity_group,acme,grp-01074,grp-01074-identity,2021-07-29T13:42:45Z,\N,2021-08-06T00:21:14Z,\N,1,assert
acme:identity_group:grp-01465~aa0491011481,identity_group,acme,grp-01465,grp-01465-operates,2021-07-14T01:50:45Z,\N,2021-08-06T21:31:32Z,\N,1,assert
acme:identity_group:grp-01069~dc1607706e97,identity_group,acme,grp-01069,grp-01069-security,2021-07-10T00:41:18Z,\N,2021-08-07T17:18:09Z,\N,1,assert
acme:identity_group:grp-02100~75fe67ad7566,identity_group,acme,grp-02100,grp-02100-identity,2021-07-15T02:33:17Z,\N,2021-08-07T10:27:54Z,\N,1,assert
acme:identity_group:grp-00288~18090324a113,identity_group,acme,grp-00288,grp-00288-operates,2021-07-06T09:14:32Z,\N,2021-08-08T21:16:59Z,\N,1,assert
acme:identity_group:grp-00155~b28c999f3d8e,identity_group,acme,grp-00155,grp-00155-owns,2021-07-20T10:03:41Z,\N,2021-08-09T23:29:00Z,\N,1,assert
acme:identity_group:grp-00882~1df0a8105659,identity_group,acme,grp-00882,grp-00882-identity,2021-08-02T11:22:37Z,\N,2021-08-10T23:46:18Z,\N,1,assert
acme:identity_group:grp-01685~8246179219c2,identity_group,acme,grp-01685,grp-01685-operates,2021-07-31T03:14:12Z,\N,2021-08-14T11:49:25Z,\N,1,assert
acme:identity_group:grp-01856~b22b0573bdf0,identity_group,acme,grp-01856,grp-01856-security,2021-08-01T15:21:25Z,\N,2021-08-15T16:46:17Z,\N,1,assert
acme:identity_group:grp-00446~429d00ea1de8,identity_group,acme,grp-00446,grp-00446-security,2021-07-30T09:27:49Z,\N,2021-08-16T21:26:55Z,\N,1,assert
acme:identity_group:grp-02021~c158ff63af6e,identity_group,acme,grp-02021,grp-02021-owns,2021-08-01T07:57:45Z,\N,2021-08-16T15:35:13Z,\N,1,assert
acme:identity_group:grp-01773~5b0d84baf1da,identity_group,acme,grp-01773,grp-01773-security,2021-08-03T18:58:26Z,\N,2021-08-20T01:43:39Z,\N,1,assert
acme:identity_group:grp-02076~8782ed33e4d9,identity_group,acme,grp-02076,grp-02076-owns,2021-07-11T15:03:12Z,\N,2021-08-20T00:59:15Z,\N,1,assert
acme:identity_group:grp-01961~da5426ce7b14,identity_group,acme,grp-01961,grp-01961-security,2021-07-16T09:17:08Z,\N,2021-08-21T07:50:02Z,\N,1,assert
acme:identity_group:grp-02103~e91992f1bbd3,identity_group,acme,grp-02103,grp-02103-operates,2021-07-18T06:18:51Z,\N,2021-08-21T14:52:57Z,\N,1,assert
acme:identity_group:grp-00683~9e7fe766c912,identity_group,acme,grp-00683,grp-00683-security,2021-08-14T03:57:26Z,\N,2021-08-22T08:41:41Z,\N,1,assert
acme:identity_group:grp-00111~b46c72e6f264,identity_group,acme,grp-00111,grp-00111-identity,2021-08-20T17:26:58Z,\N,2021-08-23T17:53:09Z,\N,1,assert
acme:identity_group:grp-00336~57418f8de7e4,identity_group,acme,grp-00336,grp-00336-security,2021-07-17T11:36:41Z,\N,2021-08-23T15:29:44Z,\N,1,assert
acme:identity_group:grp-00139~9f2d4759df75,identity_group,acme,grp-00139,grp-00139-security,2021-07-25T20:26:09Z,\N,2021-08-24T07:06:59Z,\N,1,assert
acme:identity_group:grp-00970~3393c79e466b,identity_group,acme,grp-00970,grp-00970-operates,2021-07-18T11:19:05Z,\N,2021-08-24T06:29:01Z,\N,1,assert
acme:identity_group:grp-00544~94c7e703a0c8,identity_group,acme,grp-00544,grp-00544-operates,2021-08-01T03:07:15Z,\N,2021-08-25T19:19:50Z,\N,1,assert
acme:identity_group:grp-00750~dfc44641b1e4,identity_group,acme,grp-00750,grp-00750-operates,2021-07-19T02:12:39Z,\N,2021-08-26T11:16:09Z,\N,1,assert
acme:identity_group:grp-00677~007b6077a831,identity_group,acme,grp-00677,grp-00677-identity,2021-08-24T13:14:29Z,\N,2021-08-27T22:45:49Z,\N,1,assert
acme:identity_group:grp-01638~0933cc444f3c,identity_group,acme,grp-01638,grp-01638-security,2021-07-17T06:20:58Z,\N,2021-08-27T23:50:03Z,\N,1,assert
acme:identity_group:grp-00341~e7537ceb9ee5,identity_group,acme,grp-00341,grp-00341-identity,2021-08-15T17:24:54Z,\N,2021-08-28T12:22:12Z,\N,1,assert
acme:identity_group:grp-01170~31b2d8fadefd,identity_group,acme,grp-01170,grp-01170-security,2021-08-17T07:45:26Z,\N,2021-08-28T09:27:56Z,\N,1,assert
acme:identity_group:grp-00762~51ae1887eabe,identity_group,acme,grp-00762,grp-00762-identity,2021-07-30T03:13:14Z,\N,2021-08-30T06:58:01Z,\N,1,assert
acme:identity_group:grp-02194~5506ac078fe1,identity_group,acme,grp-02194,grp-02194-operates,2021-08-13T18:43:44Z,\N,2021-08-31T00:08:45Z,\N,1,assert
acme:identity_group:grp-00591~74ecf126bdf0,identity_group,acme,grp-00591,grp-00591-identity,2021-07-28T23:41:03Z,\N,2021-09-01T17:04:21Z,\N,1,assert
acme:identity_group:grp-00823~e8b78df58375,identity_group,acme,grp-00823,grp-00823-security,2021-08-28T20:37:54Z,\N,2021-09-01T05:43:22Z,\N,1,assert
acme:identity_group:grp-01649~4f0a1d15c03c,identity_group,acme,grp-01649,grp-01649-owns,2021-07-30T05:54:54Z,\N,2021-09-01T16:48:14Z,\N,1,assert
acme:identity_group:grp-02053~5f6425ab0b28,identity_group,acme,grp-02053,grp-02053-operates,2021-07-27T13:25:00Z,\N,2021-09-01T21:00:58Z,\N,1,assert
acme:identity_group:grp-01136~346401297858,identity_group,acme,grp-01136,grp-01136-owns,2021-07-24T18:48:11Z,\N,2021-09-04T13:23:34Z,\N,1,assert
acme:identity_group:grp-01348~21da4f0c5fd4,identity_group,acme,grp-01348,grp-01348-owns,2021-08-22T09:42:55Z,\N,2021-09-10T08:43:38Z,\N,1,assert
acme:identity_group:grp-01332~ccf59ad79bf1,identity_group,acme,grp-01332,grp-01332-operates,2021-09-05T23:46:43Z,\N,2021-09-11T08:55:38Z,\N,1,assert
acme:identity_group:grp-01402~c809d2d96687,identity_group,acme,grp-01402,grp-01402-identity,2021-09-01T02:50:09Z,\N,2021-09-12T19:45:16Z,\N,1,assert
acme:identity_group:grp-01418~54d7b4b47191,identity_group,acme,grp-01418,grp-01418-security,2021-09-07T15:58:58Z,\N,2021-09-12T13:25:19Z,\N,1,assert
acme:identity_group:grp-02090~1dc7aa0dac9c,identity_group,acme,grp-02090,grp-02090-security,2021-09-02T16:22:24Z,\N,2021-09-12T15:09:16Z,\N,1,assert
acme:identity_group:grp-00056~d210a0b1f820,identity_group,acme,grp-00056,grp-00056-operates,2021-08-01T11:40:00Z,\N,2021-09-13T20:28:21Z,\N,1,assert
acme:identity_group:grp-02089~7cbbe33f688e,identity_group,acme,grp-02089,grp-02089-operates,2021-08-04T20:30:22Z,\N,2021-09-13T16:59:54Z,\N,1,assert
acme:identity_group:grp-01243~d99b08b2af29,identity_group,acme,grp-01243,grp-01243-operates,2021-08-11T22:42:36Z,\N,2021-09-14T04:30:46Z,\N,1,assert
acme:identity_group:grp-01958~d8c11710d316,identity_group,acme,grp-01958,grp-01958-identity,2021-08-09T16:05:43Z,\N,2021-09-18T08:26:03Z,\N,1,assert
acme:identity_group:grp-01767~9ca871aabb3c,identity_group,acme,grp-01767,grp-01767-security,2021-08-15T04:33:03Z,\N,2021-09-19T03:02:06Z,\N,1,assert
acme:identity_group:grp-00570~be39055d2afe,identity_group,acme,grp-00570,grp-00570-operates,2021-08-13T15:30:00Z,\N,2021-09-20T02:37:10Z,\N,1,assert
acme:identity_group:grp-01290~31e9c9fcbe50,identity_group,acme,grp-01290,grp-01290-operates,2021-09-08T01:44:59Z,\N,2021-09-20T12:10:07Z,\N,1,assert
acme:identity_group:grp-00169~67d6d0aa10b2,identity_group,acme,grp-00169,grp-00169-operates,2021-09-02T10:01:02Z,\N,2021-09-22T04:03:43Z,\N,1,assert
acme:identity_group:grp-02110~ed3e3dbd722e,identity_group,acme,grp-02110,grp-02110-security,2021-08-09T12:09:42Z,\N,2021-09-22T15:24:31Z,\N,1,assert
acme:identity_group:grp-00500~6380551e3d7d,identity_group,acme,grp-00500,grp-00500-operates,2021-09-22T03:08:50Z,\N,2021-09-23T08:59:52Z,\N,1,assert
acme:identity_group:grp-01553~839d3af5a802,identity_group,acme,grp-01553,grp-01553-security,2021-09-25T03:38:10Z,\N,2021-09-25T03:38:10Z,\N,1,assert
acme:identity_group:grp-01179~810ff15edd1a,identity_group,acme,grp-01179,grp-01179-owns,2021-09-22T08:20:45Z,\N,2021-09-27T10:59:14Z,\N,1,assert
acme:identity_group:grp-01449~14a7f9b45356,identity_group,acme,grp-01449,grp-01449-identity,2021-09-12T12:48:04Z,\N,2021-09-27T10:20:31Z,\N,1,assert
acme:identity_group:grp-00932~f37fe1a7787a,identity_group,acme,grp-00932,grp-00932-owns,2021-09-25T13:36:07Z,\N,2021-09-28T03:17:48Z,\N,1,assert
acme:identity_group:grp-01788~b6a32f590e2c,identity_group,acme,grp-01788,grp-01788-operates,2021-09-16T21:40:59Z,\N,2021-09-28T12:24:25Z,\N,1,assert
acme:identity_group:grp-01789~ee12e3b7d226,identity_group,acme,grp-01789,grp-01789-operates,2021-08-18T05:20:08Z,\N,2021-09-28T17:33:52Z,\N,1,assert
acme:identity_group:grp-01651~7cf990dd0422,identity_group,acme,grp-01651,grp-01651-identity,2021-08-23T17:00:35Z,\N,2021-10-01T14:31:34Z,\N,1,assert
acme:identity_group:grp-01888~12f210a68ba1,identity_group,acme,grp-01888,grp-01888-owns,2021-10-01T02:43:23Z,\N,2021-10-01T02:43:23Z,\N,1,assert
acme:identity_group:grp-00377~ce6d2ea570f7,identity_group,acme,grp-00377,grp-00377-security,2021-09-30T23:53:50Z,\N,2021-10-05T09:58:01Z,\N,1,assert
acme:identity_group:grp-00953~87e18db3b904,identity_group,acme,grp-00953,grp-00953-identity,2021-09-25T12:47:11Z,\N,2021-10-05T06:51:11Z,\N,1,assert
acme:identity_group:grp-00094~8144cfa97e88,identity_group,acme,grp-00094,grp-00094-identity,2021-09-30T06:51:17Z,\N,2021-10-06T14:37:58Z,\N,1,assert
acme:identity_group:grp-01556~ad3804983276,identity_group,acme,grp-01556,grp-01556-owns,2021-09-14T07:47:20Z,\N,2021-10-08T12:33:46Z,\N,1,assert
acme:identity_group:grp-01592~56ee02ac823c,identity_group,acme,grp-01592,grp-01592-owns,2021-10-02T03:31:52Z,\N,2021-10-08T06:31:30Z,\N,1,assert
acme:identity_group:grp-00350~ad5c2da03171,identity_group,acme,grp-00350,grp-00350-security,2021-09-01T13:06:59Z,\N,2021-10-09T15:09:31Z,\N,1,assert
acme:identity_group:grp-00614~e9705339e02a,identity_group,acme,grp-00614,grp-00614-security,2021-09-22T09:24:44Z,\N,2021-10-10T10:41:29Z,\N,1,assert
acme:identity_group:grp-01796~776a811e323d,identity_group,acme,grp-01796,grp-01796-operates,2021-09-03T07:51:13Z,\N,2021-10-10T21:01:04Z,\N,1,assert
acme:identity_group:grp-01938~9f1a5f807127,identity_group,acme,grp-01938,grp-01938-security,2021-09-23T14:18:03Z,\N,2021-10-10T19:18:23Z,\N,1,assert
acme:identity_group:grp-00505~b0837e38d645,identity_group,acme,grp-00505,grp-00505-operates,2021-09-11T12:07:21Z,\N,2021-10-11T02:51:53Z,\N,1,assert
acme:identity_group:grp-01978~afc4e5c028cd,identity_group,acme,grp-01978,grp-01978-operates,2021-09-21T19:46:54Z,\N,2021-10-11T23:42:35Z,\N,1,assert
acme:identity_group:grp-02178~7fe404a3059c,identity_group,acme,grp-02178,grp-02178-security,2021-10-01T08:41:49Z,\N,2021-10-12T08:20:32Z,\N,1,assert
acme:identity_group:grp-00259~cffa9d3664ae,identity_group,acme,grp-00259,grp-00259-operates,2021-09-08T05:13:59Z,\N,2021-10-13T00:32:13Z,\N,1,assert
acme:identity_group:grp-01351~5b4a9d859fd9,identity_group,acme,grp-01351,grp-01351-security,2021-09-22T15:43:18Z,\N,2021-10-13T11:46:29Z,\N,1,assert
acme:identity_group:grp-00238~863eda120dac,identity_group,acme,grp-00238,grp-00238-operates,2021-10-09T21:49:57Z,\N,2021-10-17T09:44:08Z,\N,1,assert
acme:identity_group:grp-00444~68edb6f8b8b7,identity_group,acme,grp-00444,grp-00444-operates,2021-10-11T07:19:12Z,\N,2021-10-17T11:07:05Z,\N,1,assert
acme:identity_group:grp-01462~9351d1c6fcae,identity_group,acme,grp-01462,grp-01462-operates,2021-10-06T21:59:34Z,\N,2021-10-17T15:15:47Z,\N,1,assert
acme:identity_group:grp-01709~0dfe29ff8c3a,identity_group,acme,grp-01709,grp-01709-owns,2021-09-17T17:17:09Z,\N,2021-10-17T21:59:48Z,\N,1,assert
acme:identity_group:grp-02095~bb2cf57d173c,identity_group,acme,grp-02095,grp-02095-identity,2021-09-29T02:39:14Z,\N,2021-10-20T17:17:15Z,\N,1,assert
acme:identity_group:grp-00631~045256f0e093,identity_group,acme,grp-00631,grp-00631-owns,2021-10-04T15:53:07Z,\N,2021-10-21T10:24:30Z,\N,1,assert
acme:identity_group:grp-01045~4d6c32eaab38,identity_group,acme,grp-01045,grp-01045-operates,2021-09-29T18:06:35Z,\N,2021-10-21T11:17:32Z,\N,1,assert
acme:identity_group:grp-02115~e341e8f6b857,identity_group,acme,grp-02115,grp-02115-identity,2021-09-20T09:21:08Z,\N,2021-10-23T14:46:51Z,\N,1,assert
acme:identity_group:grp-01927~8263eeb654a3,identity_group,acme,grp-01927,grp-01927-owns,2021-09-29T19:05:39Z,\N,2021-10-25T17:10:37Z,\N,1,assert
acme:identity_group:grp-02064~784602673bea,identity_group,acme,grp-02064,grp-02064-owns,2021-09-17T15:02:49Z,\N,2021-10-26T13:44:56Z,\N,1,assert
acme:identity_group:grp-01740~b56d1d7d989d,identity_group,acme,grp-01740,grp-01740-security,2021-10-03T15:33:30Z,\N,2021-10-27T16:31:41Z,\N,1,assert
acme:identity_group:grp-00731~2354523d430d,identity_group,acme,grp-00731,grp-00731-security,2021-10-28T16:26:23Z,\N,2021-10-28T16:26:23Z,\N,1,assert
acme:identity_group:grp-00956~39ce2397c0b3,identity_group,acme,grp-00956,grp-00956-identity,2021-09-27T19:55:09Z,\N,2021-10-28T11:19:32Z,\N,1,assert
acme:identity_group:grp-01601~f79918e812be,identity_group,acme,grp-01601,grp-01601-security,2021-09-22T18:59:40Z,\N,2021-10-29T11:16:05Z,\N,1,assert
acme:identity_group:grp-02087~b4faab48e6c7,identity_group,acme,grp-02087,grp-02087-security,2021-10-02T05:40:02Z,\N,2021-10-29T04:47:52Z,\N,1,assert
acme:identity_group:grp-00987~49f63f7a9c11,identity_group,acme,grp-00987,grp-00987-owns,2021-10-30T02:30:19Z,\N,2021-10-31T03:52:14Z,\N,1,assert
acme:identity_group:grp-01964~8a8e084101aa,identity_group,acme,grp-01964,grp-01964-operates,2021-10-17T06:44:49Z,\N,2021-11-03T20:08:09Z,\N,1,assert
acme:identity_group:grp-01615~b09ee8e39c17,identity_group,acme,grp-01615,grp-01615-operates,2021-10-30T05:35:22Z,\N,2021-11-04T09:41:44Z,\N,1,assert
acme:identity_group:grp-02196~6055d02647ba,identity_group,acme,grp-02196,grp-02196-owns,2021-10-08T12:03:39Z,\N,2021-11-05T08:05:38Z,\N,1,assert
acme:identity_group:grp-01122~e29cdb89abe5,identity_group,acme,grp-01122,grp-01122-operates,2021-10-06T17:36:51Z,\N,2021-11-07T14:40:43Z,\N,1,assert
acme:identity_group:grp-01634~2263c909014f,identity_group,acme,grp-01634,grp-01634-identity,2021-10-23T10:47:39Z,\N,2021-11-07T12:21:28Z,\N,1,assert
acme:identity_group:grp-00928~957c53f8e725,identity_group,acme,grp-00928,grp-00928-security,2021-10-11T19:39:48Z,\N,2021-11-08T15:11:08Z,\N,1,assert
acme:identity_group:grp-01429~3ea24c18f964,identity_group,acme,grp-01429,grp-01429-owns,2021-11-03T17:19:10Z,\N,2021-11-08T21:14:35Z,\N,1,assert
acme:identity_group:grp-00605~e748d1af499f,identity_group,acme,grp-00605,grp-00605-owns,2021-10-01T05:28:10Z,\N,2021-11-10T14:08:01Z,\N,1,assert
acme:identity_group:grp-00549~a1bb30d95aba,identity_group,acme,grp-00549,grp-00549-identity,2021-11-02T03:14:56Z,\N,2021-11-11T14:12:22Z,\N,1,assert
acme:identity_group:grp-01808~3fa4a440898a,identity_group,acme,grp-01808,grp-01808-identity,2021-10-01T23:04:44Z,\N,2021-11-11T16:49:42Z,\N,1,assert
acme:identity_group:grp-02011~b0db5560678b,identity_group,acme,grp-02011,grp-02011-owns,2021-10-09T10:58:17Z,\N,2021-11-12T18:55:05Z,\N,1,assert
acme:identity_group:grp-00913~9db9e58edb9a,identity_group,acme,grp-00913,grp-00913-identity,2021-11-13T03:10:23Z,\N,2021-11-15T20:42:43Z,\N,1,assert
acme:identity_group:grp-00185~d42cd384e2cb,identity_group,acme,grp-00185,grp-00185-identity,2021-11-01T13:27:10Z,\N,2021-11-16T16:32:50Z,\N,1,assert
acme:identity_group:grp-00672~f7bc089384af,identity_group,acme,grp-00672,grp-00672-identity,2021-11-08T15:24:09Z,\N,2021-11-16T09:12:13Z,\N,1,assert
acme:identity_group:grp-01467~39be74eebe7d,identity_group,acme,grp-01467,grp-01467-identity,2021-11-02T18:03:09Z,\N,2021-11-16T01:20:10Z,\N,1,assert
acme:identity_group:grp-01753~6d2dbe056e33,identity_group,acme,grp-01753,grp-01753-security,2021-10-28T15:37:17Z,\N,2021-11-18T05:45:44Z,\N,1,assert
acme:identity_group:grp-01292~1994800d728f,identity_group,acme,grp-01292,grp-01292-operates,2021-11-01T23:41:01Z,\N,2021-11-19T17:09:32Z,\N,1,assert
acme:identity_group:grp-00072~3d5d820309d2,identity_group,acme,grp-00072,grp-00072-operates,2021-11-01T17:52:41Z,\N,2021-11-20T13:51:56Z,\N,1,assert
acme:identity_group:grp-00576~bfca0a0d69e9,identity_group,acme,grp-00576,grp-00576-owns,2021-10-23T11:53:51Z,\N,2021-11-20T18:38:42Z,\N,1,assert
acme:identity_group:grp-01965~caca71f5f463,identity_group,acme,grp-01965,grp-01965-identity,2021-10-24T11:34:18Z,\N,2021-11-20T21:08:18Z,\N,1,assert
acme:identity_group:grp-01640~2f4ad083b6ea,identity_group,acme,grp-01640,grp-01640-security,2021-11-12T09:38:14Z,\N,2021-11-21T05:00:25Z,\N,1,assert
acme:identity_group:grp-00700~e9e8948dce08,identity_group,acme,grp-00700,grp-00700-security,2021-11-06T01:02:51Z,\N,2021-11-25T03:05:36Z,\N,1,assert
acme:identity_group:grp-00008~a22459283c46,identity_group,acme,grp-00008,grp-00008-operates,2021-11-23T06:49:31Z,\N,2021-11-27T16:12:00Z,\N,1,assert
acme:identity_group:grp-01648~d3609a5f0024,identity_group,acme,grp-01648,grp-01648-operates,2021-10-17T07:16:46Z,\N,2021-11-27T05:41:07Z,\N,1,assert
acme:identity_group:grp-01046~b80812bdf338,identity_group,acme,grp-01046,grp-01046-owns,2021-11-19T15:22:37Z,\N,2021-11-29T06:08:19Z,\N,1,assert
acme:identity_group:grp-01599~fbfec0b03a27,identity_group,acme,grp-01599,grp-01599-security,2021-11-10T03:08:37Z,\N,2021-11-30T18:46:38Z,\N,1,assert
acme:identity_group:grp-00298~c762a4a02b74,identity_group,acme,grp-00298,grp-00298-operates,2021-11-30T16:15:34Z,\N,2021-12-01T10:44:51Z,\N,1,assert
acme:identity_group:grp-00836~5e56315c5a0a,identity_group,acme,grp-00836,grp-00836-operates,2021-11-28T17:45:26Z,\N,2021-12-02T08:17:34Z,\N,1,assert
acme:identity_group:grp-00223~abc94e26632c,identity_group,acme,grp-00223,grp-00223-security,2021-11-10T15:16:34Z,\N,2021-12-04T09:04:15Z,\N,1,assert
acme:identity_group:grp-00916~3b24f4112520,identity_group,acme,grp-00916,grp-00916-operates,2021-11-28T14:10:36Z,\N,2021-12-06T03:37:49Z,\N,1,assert
acme:identity_group:grp-00556~8f1b93d797fb,identity_group,acme,grp-00556,grp-00556-identity,2021-11-24T05:44:03Z,\N,2021-12-07T18:18:44Z,\N,1,assert
acme:identity_group:grp-00643~1e926bf5977a,identity_group,acme,grp-00643,grp-00643-security,2021-11-03T01:29:51Z,\N,2021-12-07T23:59:31Z,\N,1,assert
acme:identity_group:grp-00126~1eb563516e31,identity_group,acme,grp-00126,grp-00126-identity,2021-11-11T01:31:39Z,\N,2021-12-08T20:17:56Z,\N,1,assert
acme:identity_group:grp-01499~8b4aa1f84d3a,identity_group,acme,grp-01499,grp-01499-owns,2021-11-05T07:42:01Z,\N,2021-12-11T17:12:16Z,\N,1,assert
acme:identity_group:grp-00014~520779edd843,identity_group,acme,grp-00014,grp-00014-security,2021-11-15T03:03:57Z,\N,2021-12-13T01:49:48Z,\N,1,assert
acme:identity_group:grp-00880~5ecd8b3ba188,identity_group,acme,grp-00880,grp-00880-owns,2021-11-26T16:38:20Z,\N,2021-12-13T21:08:09Z,\N,1,assert
acme:identity_group:grp-01416~c98aa295deda,identity_group,acme,grp-01416,grp-01416-security,2021-11-07T12:37:47Z,\N,2021-12-15T08:03:01Z,\N,1,assert
acme:identity_group:grp-00706~5b99f4f54155,identity_group,acme,grp-00706,grp-00706-owns,2021-11-20T10:22:22Z,\N,2021-12-17T12:28:46Z,\N,1,assert
acme:identity_group:grp-00356~03c4b8880427,identity_group,acme,grp-00356,grp-00356-identity,2021-11-12T00:14:50Z,\N,2021-12-19T14:27:31Z,\N,1,assert
acme:identity_group:grp-00890~924d312619ea,identity_group,acme,grp-00890,grp-00890-operates,2021-11-16T16:47:18Z,\N,2021-12-22T16:52:03Z,\N,1,assert
acme:identity_group:grp-02050~3b2c7bdfb0c7,identity_group,acme,grp-02050,grp-02050-owns,2021-12-13T19:30:17Z,\N,2021-12-22T05:55:26Z,\N,1,assert
acme:identity_group:grp-00068~2d0c6f467cab,identity_group,acme,grp-00068,grp-00068-identity,2021-11-19T18:01:21Z,\N,2021-12-26T01:22:23Z,\N,1,assert
acme:identity_group:grp-00864~17ba1fbeed23,identity_group,acme,grp-00864,grp-00864-identity,2021-12-13T02:55:33Z,\N,2021-12-27T07:46:33Z,\N,1,assert
acme:identity_group:grp-00038~c76dfecaa31f,identity_group,acme,grp-00038,grp-00038-operates,2021-12-29T05:46:09Z,\N,2021-12-30T10:45:39Z,\N,1,assert
acme:identity_group:grp-00442~1ab469709e8e,identity_group,acme,grp-00442,grp-00442-operates,2021-11-23T06:42:28Z,\N,2021-12-30T20:36:23Z,\N,1,assert
acme:identity_group:grp-01095~28683b90562f,identity_group,acme,grp-01095,grp-01095-operates,2021-12-06T03:12:04Z,\N,2021-12-31T16:55:49Z,\N,1,assert
acme:identity_group:grp-00215~a1abf7cc7528,identity_group,acme,grp-00215,grp-00215-owns,2021-11-22T23:41:29Z,\N,2022-01-04T11:28:04Z,\N,1,assert
acme:identity_group:grp-00596~c193381ba525,identity_group,acme,grp-00596,grp-00596-operates,2021-12-29T21:18:15Z,\N,2022-01-04T16:29:36Z,\N,1,assert
acme:identity_group:grp-01382~56ecda0a6b9f,identity_group,acme,grp-01382,grp-01382-owns,2021-11-28T14:54:42Z,\N,2022-01-04T07:34:31Z,\N,1,assert
acme:identity_group:grp-01602~f22caa7d84b4,identity_group,acme,grp-01602,grp-01602-security,2021-12-15T03:59:29Z,\N,2022-01-04T13:40:15Z,\N,1,assert
acme:identity_group:grp-01983~978c90304803,identity_group,acme,grp-01983,grp-01983-owns,2021-12-26T18:43:01Z,\N,2022-01-07T14:21:59Z,\N,1,assert
acme:identity_group:grp-01229~d5d4de859e20,identity_group,acme,grp-01229,grp-01229-security,2021-11-29T09:59:43Z,\N,2022-01-08T21:19:42Z,\N,1,assert
acme:identity_group:grp-01460~538107f935cf,identity_group,acme,grp-01460,grp-01460-owns,2021-12-06T13:42:36Z,\N,2022-01-09T22:54:23Z,\N,1,assert
acme:identity_group:grp-02117~aa99c4905389,identity_group,acme,grp-02117,grp-02117-identity,2022-01-05T09:31:51Z,\N,2022-01-09T09:03:26Z,\N,1,assert
acme:identity_group:grp-00770~e185a81c6450,identity_group,acme,grp-00770,grp-00770-operates,2021-12-26T15:01:53Z,\N,2022-01-12T02:47:23Z,\N,1,assert
acme:identity_group:grp-01054~4d1efbb20d28,identity_group,acme,grp-01054,grp-01054-owns,2021-12-17T09:04:23Z,\N,2022-01-14T09:39:39Z,\N,1,assert
acme:identity_group:grp-01164~87e9341baf12,identity_group,acme,grp-01164,grp-01164-operates,2022-01-06T10:02:14Z,\N,2022-01-15T15:51:00Z,\N,1,assert
acme:identity_group:grp-00057~5adecbf1c2d7,identity_group,acme,grp-00057,grp-00057-operates,2021-12-14T17:30:05Z,\N,2022-01-16T00:01:32Z,\N,1,assert
acme:identity_group:grp-01005~44dc0d6e3908,identity_group,acme,grp-01005,grp-01005-owns,2021-12-18T00:42:31Z,\N,2022-01-17T20:53:20Z,\N,1,assert
acme:identity_group:grp-01932~1ec186b5ec9a,identity_group,acme,grp-01932,grp-01932-identity,2022-01-03T14:00:55Z,\N,2022-01-17T23:12:48Z,\N,1,assert
acme:identity_group:grp-01051~026548f8a1e1,identity_group,acme,grp-01051,grp-01051-owns,2022-01-19T12:07:57Z,\N,2022-01-19T12:07:57Z,\N,1,assert
acme:identity_group:grp-00849~0b8212eedb76,identity_group,acme,grp-00849,grp-00849-security,2021-12-26T12:46:53Z,\N,2022-01-20T05:18:42Z,\N,1,assert
acme:identity_group:grp-00009~1a7d63a393f8,identity_group,acme,grp-00009,grp-00009-identity,2022-01-01T08:59:38Z,\N,2022-01-21T14:22:50Z,\N,1,assert
acme:identity_group:grp-00177~638406f9adf6,identity_group,acme,grp-00177,grp-00177-owns,2022-01-02T04:25:54Z,\N,2022-01-21T08:02:41Z,\N,1,assert
acme:identity_group:grp-00713~8b77bf648a15,identity_group,acme,grp-00713,grp-00713-operates,2021-12-17T23:33:27Z,\N,2022-01-21T14:21:43Z,\N,1,assert
acme:identity_group:grp-01123~4f1c214ab134,identity_group,acme,grp-01123,grp-01123-operates,2022-01-04T12:31:47Z,\N,2022-01-21T14:33:20Z,\N,1,assert
acme:identity_group:grp-00267~8860e302740b,identity_group,acme,grp-00267,grp-00267-operates,2022-01-13T06:49:41Z,\N,2022-01-23T21:06:55Z,\N,1,assert
acme:identity_group:grp-00909~43f3e112c218,identity_group,acme,grp-00909,grp-00909-owns,2022-01-12T20:12:10Z,\N,2022-01-23T07:00:18Z,\N,1,assert
acme:identity_group:grp-01802~fd65e7095f38,identity_group,acme,grp-01802,grp-01802-identity,2021-12-21T06:00:25Z,\N,2022-01-24T10:56:42Z,\N,1,assert
acme:identity_group:grp-01084~f3449b4e7a0c,identity_group,acme,grp-01084,grp-01084-identity,2022-01-14T23:06:41Z,\N,2022-01-25T02:09:58Z,\N,1,assert
acme:identity_group:grp-01887~f65cbffc78fc,identity_group,acme,grp-01887,grp-01887-security,2021-12-23T08:34:01Z,\N,2022-01-25T22:19:46Z,\N,1,assert
acme:identity_group:grp-00055~85a626f20671,identity_group,acme,grp-00055,grp-00055-security,2021-12-31T08:52:52Z,\N,2022-01-26T14:18:52Z,\N,1,assert
acme:identity_group:grp-02156~94d8936df9cb,identity_group,acme,grp-02156,grp-02156-security,2022-01-03T17:55:50Z,\N,2022-01-26T14:25:35Z,\N,1,assert
acme:identity_group:grp-01523~a2d5e610261f,identity_group,acme,grp-01523,grp-01523-security,2021-12-15T00:55:44Z,\N,2022-01-27T22:29:10Z,\N,1,assert
acme:identity_group:grp-00112~149f50067ddf,identity_group,acme,grp-00112,grp-00112-security,2021-12-25T09:28:23Z,\N,2022-01-28T06:00:50Z,\N,1,assert
acme:identity_group:grp-01718~ab0c72e8ebfd,identity_group,acme,grp-01718,grp-01718-operates,2022-01-02T09:11:34Z,\N,2022-01-28T11:10:07Z,\N,1,assert
acme:identity_group:grp-01368~e0826f767fe5,identity_group,acme,grp-01368,grp-01368-security,2022-01-04T11:23:49Z,\N,2022-01-29T14:35:50Z,\N,1,assert
acme:identity_group:grp-01613~6afc3bde6a45,identity_group,acme,grp-01613,grp-01613-owns,2021-12-30T05:01:09Z,\N,2022-01-29T01:04:46Z,\N,1,assert
acme:identity_group:grp-01687~c092116a37b6,identity_group,acme,grp-01687,grp-01687-identity,2022-01-13T20:19:39Z,\N,2022-01-30T08:26:55Z,\N,1,assert
acme:identity_group:grp-00892~a2e13164beea,identity_group,acme,grp-00892,grp-00892-owns,2022-01-11T04:02:29Z,\N,2022-01-31T13:45:19Z,\N,1,assert
acme:identity_group:grp-01312~a89eaf3bd2ab,identity_group,acme,grp-01312,grp-01312-owns,2021-12-29T14:56:36Z,\N,2022-01-31T18:34:59Z,\N,1,assert
acme:identity_group:grp-02199~9fd08a973286,identity_group,acme,grp-02199,grp-02199-owns,2021-12-30T22:06:52Z,\N,2022-02-01T14:31:28Z,\N,1,assert
acme:identity_group:grp-00730~9dd4df2d3157,identity_group,acme,grp-00730,grp-00730-owns,2022-01-27T01:29:12Z,\N,2022-02-03T16:17:22Z,\N,1,assert
acme:identity_group:grp-01477~3a7ac984202e,identity_group,acme,grp-01477,grp-01477-identity,2021-12-28T14:15:11Z,\N,2022-02-04T13:00:50Z,\N,1,assert
acme:identity_group:grp-00007~d42cf3be4352,identity_group,acme,grp-00007,grp-00007-operates,2022-01-29T08:04:48Z,\N,2022-02-05T14:17:59Z,\N,1,assert
acme:identity_group:grp-00260~0f74620b2737,identity_group,acme,grp-00260,grp-00260-owns,2022-02-04T04:48:34Z,\N,2022-02-08T23:20:42Z,\N,1,assert
acme:identity_group:grp-00646~5f308d3edf90,identity_group,acme,grp-00646,grp-00646-identity,2022-01-03T18:46:36Z,\N,2022-02-08T23:26:01Z,\N,1,assert
acme:identity_group:grp-01779~565f0d79fedb,identity_group,acme,grp-01779,grp-01779-identity,2022-01-25T00:03:53Z,\N,2022-02-08T06:19:10Z,\N,1,assert
acme:identity_group:grp-01915~4bfa46990237,identity_group,acme,grp-01915,grp-01915-operates,2022-01-02T14:25:59Z,\N,2022-02-08T07:04:17Z,\N,1,assert
acme:identity_group:grp-01519~3f23bf85c2ce,identity_group,acme,grp-01519,grp-01519-operates,2021-12-31T19:44:10Z,\N,2022-02-09T11:55:02Z,\N,1,assert
acme:identity_group:grp-01549~b7589a4e52d7,identity_group,acme,grp-01549,grp-01549-security,2022-01-11T21:54:36Z,\N,2022-02-09T00:07:48Z,\N,1,assert
acme:identity_group:grp-01396~b6d2b39497d3,identity_group,acme,grp-01396,grp-01396-identity,2022-01-24T13:37:49Z,\N,2022-02-14T13:48:33Z,\N,1,assert
acme:identity_group:grp-01032~6aec49c1fe36,identity_group,acme,grp-01032,grp-01032-operates,2022-01-26T18:58:19Z,\N,2022-02-16T00:33:21Z,\N,1,assert
acme:identity_group:grp-01341~22b9ca7a5367,identity_group,acme,grp-01341,grp-01341-operates,2022-01-30T14:20:44Z,\N,2022-02-17T16:21:19Z,\N,1,assert
acme:identity_group:grp-01393~e0448b65fdba,identity_group,acme,grp-01393,grp-01393-owns,2022-01-30T16:13:27Z,\N,2022-02-19T02:29:48Z,\N,1,assert
acme:identity_group:grp-01139~ae2562bd07a0,identity_group,acme,grp-01139,grp-01139-identity,2022-01-08T14:55:40Z,\N,2022-02-20T11:34:53Z,\N,1,assert
acme:identity_group:grp-00488~bf8e765294a3,identity_group,acme,grp-00488,grp-00488-identity,2022-02-01T19:21:44Z,\N,2022-02-21T08:20:59Z,\N,1,assert
acme:identity_group:grp-01746~09de9700fa91,identity_group,acme,grp-01746,grp-01746-identity,2022-01-30T08:33:35Z,\N,2022-02-21T03:20:45Z,\N,1,assert
acme:identity_group:grp-02048~61223b18064a,identity_group,acme,grp-02048,grp-02048-owns,2022-02-19T17:37:28Z,\N,2022-02-22T06:01:44Z,\N,1,assert
acme:identity_group:grp-00073~d6e87de94160,identity_group,acme,grp-00073,grp-00073-owns,2022-02-22T08:01:38Z,\N,2022-02-23T18:08:01Z,\N,1,assert
acme:identity_group:grp-01849~27d9070e7009,identity_group,acme,grp-01849,grp-01849-identity,2022-01-23T21:06:30Z,\N,2022-02-25T14:38:23Z,\N,1,assert
acme:identity_group:grp-00143~986f2ccd960f,identity_group,acme,grp-00143,grp-00143-owns,2022-02-04T15:53:14Z,\N,2022-02-26T05:38:57Z,\N,1,assert
acme:identity_group:grp-00947~30aafd68399f,identity_group,acme,grp-00947,grp-00947-operates,2022-02-27T14:12:41Z,\N,2022-02-27T14:12:41Z,\N,1,assert
acme:identity_group:grp-01326~31b4b2b8d808,identity_group,acme,grp-01326,grp-01326-owns,2022-02-13T07:55:15Z,\N,2022-03-02T12:37:02Z,\N,1,assert
acme:identity_group:grp-01976~4868b6eeac8f,identity_group,acme,grp-01976,grp-01976-identity,2022-02-18T19:05:26Z,\N,2022-03-03T20:03:06Z,\N,1,assert
acme:identity_group:grp-02162~1c4f8d661f7d,identity_group,acme,grp-02162,grp-02162-security,2022-02-28T23:26:14Z,\N,2022-03-03T22:02:29Z,\N,1,assert
acme:identity_group:grp-00272~b2de5c7691fa,identity_group,acme,grp-00272,grp-00272-operates,2022-02-02T07:12:17Z,\N,2022-03-04T16:20:53Z,\N,1,assert
acme:identity_group:grp-01056~522feb979973,identity_group,acme,grp-01056,grp-01056-operates,2022-02-21T02:00:52Z,\N,2022-03-04T19:21:32Z,\N,1,assert
acme:identity_group:grp-02067~5de7dc0bb438,identity_group,acme,grp-02067,grp-02067-operates,2022-02-06T16:19:06Z,\N,2022-03-05T09:21:05Z,\N,1,assert
acme:identity_group:grp-00212~e26eeadeade9,identity_group,acme,grp-00212,grp-00212-operates,2022-02-13T13:55:09Z,\N,2022-03-07T17:18:01Z,\N,1,assert
acme:identity_group:grp-01389~ec802ab02f50,identity_group,acme,grp-01389,grp-01389-operates,2022-02-10T05:14:46Z,\N,2022-03-07T10:09:13Z,\N,1,assert
acme:identity_group:grp-01790~0bae731b8bca,identity_group,acme,grp-01790,grp-01790-identity,2022-01-25T00:33:01Z,\N,2022-03-07T17:37:46Z,\N,1,assert
acme:identity_group:grp-00020~5debd5a6f243,identity_group,acme,grp-00020,grp-00020-identity,2022-02-28T18:30:21Z,\N,2022-03-08T22:37:05Z,\N,1,assert
acme:identity_group:grp-00195~03005c2378fc,identity_group,acme,grp-00195,grp-00195-security,2022-02-23T13:28:44Z,\N,2022-03-08T17:38:51Z,\N,1,assert
acme:identity_group:grp-01105~f5def73cdf5b,identity_group,acme,grp-01105,grp-01105-operates,2022-01-30T00:50:08Z,\N,2022-03-08T09:28:44Z,\N,1,assert
acme:identity_group:grp-00754~1dda87cb86b2,identity_group,acme,grp-00754,grp-00754-security,2022-02-26T06:40:36Z,\N,2022-03-10T18:11:57Z,\N,1,assert
acme:identity_group:grp-00765~cc38a0187d9d,identity_group,acme,grp-00765,grp-00765-identity,2022-02-23T14:38:30Z,\N,2022-03-12T08:53:06Z,\N,1,assert
acme:identity_group:grp-01478~1bf083a9c979,identity_group,acme,grp-01478,grp-01478-operates,2022-02-22T08:53:44Z,\N,2022-03-13T05:56:59Z,\N,1,assert
acme:identity_group:grp-00721~5f6fab3f6ebe,identity_group,acme,grp-00721,grp-00721-identity,2022-02-18T06:01:03Z,\N,2022-03-17T13:59:16Z,\N,1,assert
acme:identity_group:grp-00333~11b43bd9c0c3,identity_group,acme,grp-00333,grp-00333-owns,2022-03-07T14:58:58Z,\N,2022-03-18T13:34:44Z,\N,1,assert
acme:identity_group:grp-00062~b4f506518760,identity_group,acme,grp-00062,grp-00062-security,2022-02-20T07:52:31Z,\N,2022-03-20T13:33:03Z,\N,1,assert
acme:identity_group:grp-00844~8ca3dbfee297,identity_group,acme,grp-00844,grp-00844-identity,2022-02-26T10:47:48Z,\N,2022-03-22T11:43:09Z,\N,1,assert
acme:identity_group:grp-01719~10ea01a4c032,identity_group,acme,grp-01719,grp-01719-security,2022-02-26T08:43:12Z,\N,2022-03-22T03:15:08Z,\N,1,assert
acme:identity_group:grp-00656~23ed846c1c6b,identity_group,acme,grp-00656,grp-00656-owns,2022-02-14T22:33:20Z,\N,2022-03-23T01:20:50Z,\N,1,assert
acme:identity_group:grp-00612~9d17f9df522c,identity_group,acme,grp-00612,grp-00612-security,2022-03-01T08:15:47Z,\N,2022-03-24T13:03:34Z,\N,1,assert
acme:identity_group:grp-00526~c161e176b497,identity_group,acme,grp-00526,grp-00526-operates,2022-02-16T01:08:24Z,\N,2022-03-25T06:44:12Z,\N,1,assert
acme:identity_group:grp-00314~6e350a7dff54,identity_group,acme,grp-00314,grp-00314-identity,2022-03-22T00:48:22Z,\N,2022-03-26T13:20:21Z,\N,1,assert
acme:identity_group:grp-01140~c098b949d518,identity_group,acme,grp-01140,grp-01140-identity,2022-03-09T06:34:34Z,\N,2022-03-26T22:05:34Z,\N,1,assert
acme:identity_group:grp-00076~6682e8c26eb4,identity_group,acme,grp-00076,grp-00076-security,2022-03-25T08:08:44Z,\N,2022-03-27T01:34:48Z,\N,1,assert
acme:identity_group:grp-00651~95a5e5f954d5,identity_group,acme,grp-00651,grp-00651-owns,2022-03-22T13:14:19Z,\N,2022-03-27T21:21:04Z,\N,1,assert
acme:identity_group:grp-01236~1e85003e4075,identity_group,acme,grp-01236,grp-01236-security,2022-03-07T14:49:26Z,\N,2022-03-30T07:15:28Z,\N,1,assert
acme:identity_group:grp-02062~24346fefa1d1,identity_group,acme,grp-02062,grp-02062-identity,2022-02-16T18:18:20Z,\N,2022-03-30T08:15:14Z,\N,1,assert
acme:identity_group:grp-01322~21a5598a8b8e,identity_group,acme,grp-01322,grp-01322-identity,2022-03-11T13:12:35Z,\N,2022-04-01T02:27:11Z,\N,1,assert
acme:identity_group:grp-01713~fe28150f909a,identity_group,acme,grp-01713,grp-01713-identity,2022-03-15T11:59:14Z,\N,2022-04-02T05:03:27Z,\N,1,assert
acme:identity_group:grp-01210~58775a75d64e,identity_group,acme,grp-01210,grp-01210-identity,2022-03-13T20:07:18Z,\N,2022-04-03T04:09:11Z,\N,1,assert
acme:identity_group:grp-01206~3d529dc40ead,identity_group,acme,grp-01206,grp-01206-owns,2022-03-08T03:38:54Z,\N,2022-04-07T22:30:24Z,\N,1,assert
acme:identity_group:grp-01503~b785a52e81e4,identity_group,acme,grp-01503,grp-01503-owns,2022-03-30T03:43:50Z,\N,2022-04-09T14:10:55Z,\N,1,assert
acme:identity_group:grp-00194~3c27db16f544,identity_group,acme,grp-00194,grp-00194-owns,2022-03-10T13:23:02Z,\N,2022-04-10T11:36:46Z,\N,1,assert
acme:identity_group:grp-00183~b1c3d552c830,identity_group,acme,grp-00183,grp-00183-security,2022-03-27T04:38:38Z,\N,2022-04-11T11:02:25Z,\N,1,assert
acme:identity_group:grp-00732~19b89790cc11,identity_group,acme,grp-00732,grp-00732-owns,2022-03-02T17:38:25Z,\N,2022-04-11T10:59:13Z,\N,1,assert
acme:identity_group:grp-00717~e2b7c6948a6b,identity_group,acme,grp-00717,grp-00717-owns,2022-03-22T11:00:06Z,\N,2022-04-12T01:41:06Z,\N,1,assert
acme:identity_group:grp-01574~6a5f9bf75d1b,identity_group,acme,grp-01574,grp-01574-identity,2022-03-20T13:21:03Z,\N,2022-04-12T14:39:38Z,\N,1,assert
acme:identity_group:grp-00776~8b9201d36978,identity_group,acme,grp-00776,grp-00776-operates,2022-04-08T14:56:17Z,\N,2022-04-13T11:44:57Z,\N,1,assert
acme:identity_group:grp-01956~98eb0d2f4902,identity_group,acme,grp-01956,grp-01956-operates,2022-03-01T12:58:09Z,\N,2022-04-13T05:32:19Z,\N,1,assert
acme:identity_group:grp-00079~5e07fafb8a33,identity_group,acme,grp-00079,grp-00079-security,2022-03-04T19:03:31Z,\N,2022-04-15T13:21:17Z,\N,1,assert
acme:identity_group:grp-00261~57114cebb5e5,identity_group,acme,grp-00261,grp-00261-identity,2022-03-24T02:39:02Z,\N,2022-04-18T10:28:17Z,\N,1,assert
acme:identity_group:grp-00921~fecf9009a1b0,identity_group,acme,grp-00921,grp-00921-security,2022-04-01T19:04:25Z,\N,2022-04-19T00:12:52Z,\N,1,assert
acme:identity_group:grp-02085~923804159f4d,identity_group,acme,grp-02085,grp-02085-owns,2022-03-17T06:05:34Z,\N,2022-04-19T06:48:49Z,\N,1,assert
acme:identity_group:grp-00944~c8f398cd71fb,identity_group,acme,grp-00944,grp-00944-operates,2022-03-31T09:31:13Z,\N,2022-04-20T19:50:17Z,\N,1,assert
acme:identity_group:grp-00617~7efffa7cfe2a,identity_group,acme,grp-00617,grp-00617-security,2022-03-28T23:43:06Z,\N,2022-04-23T13:20:40Z,\N,1,assert
acme:identity_group:grp-01127~39d68d186811,identity_group,acme,grp-01127,grp-01127-security,2022-03-29T14:11:52Z,\N,2022-04-25T13:48:35Z,\N,1,assert
acme:identity_group:grp-00992~e5a506a95e62,identity_group,acme,grp-00992,grp-00992-identity,2022-03-28T03:41:24Z,\N,2022-04-28T19:22:24Z,\N,1,assert
acme:identity_group:grp-01394~91f8d0b2104c,identity_group,acme,grp-01394,grp-01394-owns,2022-04-26T23:19:41Z,\N,2022-04-28T07:30:20Z,\N,1,assert
acme:identity_group:grp-00798~18babb2db5d1,identity_group,acme,grp-00798,grp-00798-owns,2022-04-04T01:22:47Z,\N,2022-04-29T10:03:35Z,\N,1,assert
acme:identity_group:grp-00993~a77305b3599e,identity_group,acme,grp-00993,grp-00993-identity,2022-03-22T01:48:11Z,\N,2022-04-29T12:52:37Z,\N,1,assert
acme:identity_group:grp-00352~66f79a36bfce,identity_group,acme,grp-00352,grp-00352-owns,2022-04-13T23:39:26Z,\N,2022-05-01T14:34:29Z,\N,1,assert
acme:identity_group:grp-00417~3ad1e0bc029e,identity_group,acme,grp-00417,grp-00417-security,2022-04-27T18:25:28Z,\N,2022-05-01T11:51:01Z,\N,1,assert
acme:identity_group:grp-00703~49388c3ed2f2,identity_group,acme,grp-00703,grp-00703-identity,2022-04-20T17:45:43Z,\N,2022-05-04T04:49:44Z,\N,1,assert
acme:identity_group:grp-00041~90ba81a3befa,identity_group,acme,grp-00041,grp-00041-identity,2022-03-29T06:03:35Z,\N,2022-05-09T02:17:38Z,\N,1,assert
acme:identity_group:grp-01988~8a9dec2f836f,identity_group,acme,grp-01988,grp-01988-operates,2022-04-04T22:53:23Z,\N,2022-05-10T14:09:23Z,\N,1,assert
acme:identity_group:grp-00496~b05fb3f5006a,identity_group,acme,grp-00496,grp-00496-identity,2022-04-27T16:58:26Z,\N,2022-05-11T20:26:15Z,\N,1,assert
acme:identity_group:grp-01710~3c9761289d46,identity_group,acme,grp-01710,grp-01710-operates,2022-05-10T17:40:52Z,\N,2022-05-12T17:16:28Z,\N,1,assert
acme:identity_group:grp-00416~ae1e3c25ae94,identity_group,acme,grp-00416,grp-00416-security,2022-04-20T22:07:14Z,\N,2022-05-14T10:25:41Z,\N,1,assert
acme:identity_group:grp-01495~cd7cacd4365a,identity_group,acme,grp-01495,grp-01495-owns,2022-05-05T08:46:31Z,\N,2022-05-14T10:52:52Z,\N,1,assert
acme:identity_group:grp-01806~35c33b6c04a0,identity_group,acme,grp-01806,grp-01806-operates,2022-04-19T23:42:21Z,\N,2022-05-16T09:09:01Z,\N,1,assert
acme:identity_group:grp-00389~4818d6e55b62,identity_group,acme,grp-00389,grp-00389-identity,2022-04-20T03:08:18Z,\N,2022-05-17T22:10:35Z,\N,1,assert
acme:identity_group:grp-01430~c3c37ad11b91,identity_group,acme,grp-01430,grp-01430-operates,2022-05-11T20:58:19Z,\N,2022-05-17T01:35:07Z,\N,1,assert
acme:identity_group:grp-00217~0aa77ceefc5e,identity_group,acme,grp-00217,grp-00217-security,2022-05-17T12:06:51Z,\N,2022-05-18T12:34:27Z,\N,1,assert
acme:identity_group:grp-00739~2d50b62a87aa,identity_group,acme,grp-00739,grp-00739-operates,2022-04-16T00:55:57Z,\N,2022-05-19T19:14:39Z,\N,1,assert
acme:identity_group:grp-01461~ba9fdc2eb597,identity_group,acme,grp-01461,grp-01461-identity,2022-04-29T01:39:46Z,\N,2022-05-19T21:14:34Z,\N,1,assert
acme:identity_group:grp-00492~4c207a2f18d8,identity_group,acme,grp-00492,grp-00492-operates,2022-04-30T12:42:38Z,\N,2022-05-25T16:31:46Z,\N,1,assert
acme:identity_group:grp-01305~a1ac0831da0b,identity_group,acme,grp-01305,grp-01305-owns,2022-05-19T16:20:06Z,\N,2022-05-26T13:24:25Z,\N,1,assert
acme:identity_group:grp-01507~511ffc302e5f,identity_group,acme,grp-01507,grp-01507-security,2022-04-27T02:51:24Z,\N,2022-05-26T15:52:41Z,\N,1,assert
acme:identity_group:grp-00347~1aaf46df60ea,identity_group,acme,grp-00347,grp-00347-identity,2022-04-28T05:46:05Z,\N,2022-05-29T07:12:03Z,\N,1,assert
acme:identity_group:grp-01103~d9033ea83329,identity_group,acme,grp-01103,grp-01103-security,2022-05-16T18:57:19Z,\N,2022-06-01T20:09:57Z,\N,1,assert
acme:identity_group:grp-01832~fa41f9fad1ad,identity_group,acme,grp-01832,grp-01832-identity,2022-05-09T17:26:36Z,\N,2022-06-03T18:04:13Z,\N,1,assert
acme:identity_group:grp-00440~02ac45ef0e80,identity_group,acme,grp-00440,grp-00440-security,2022-05-10T12:45:57Z,\N,2022-06-06T11:59:02Z,\N,1,assert
acme:identity_group:grp-00386~7c12da05a501,identity_group,acme,grp-00386,grp-00386-operates,2022-05-16T20:10:52Z,\N,2022-06-07T03:04:55Z,\N,1,assert
acme:identity_group:grp-00807~314794ee86a1,identity_group,acme,grp-00807,grp-00807-operates,2022-05-18T05:40:56Z,\N,2022-06-08T01:59:48Z,\N,1,assert
acme:identity_group:grp-01240~7a3e97f854ec,identity_group,acme,grp-01240,grp-01240-operates,2022-06-02T00:59:36Z,\N,2022-06-08T17:12:41Z,\N,1,assert
acme:identity_group:grp-02116~fbe26f906b3e,identity_group,acme,grp-02116,grp-02116-security,2022-05-22T12:51:44Z,\N,2022-06-08T20:56:45Z,\N,1,assert
acme:identity_group:grp-02144~862e52afe626,identity_group,acme,grp-02144,grp-02144-owns,2022-05-17T20:19:07Z,\N,2022-06-08T01:20:49Z,\N,1,assert
acme:identity_group:grp-01537~6b95d43749df,identity_group,acme,grp-01537,grp-01537-owns,2022-05-04T09:57:08Z,\N,2022-06-09T04:27:45Z,\N,1,assert
acme:identity_group:grp-01470~10daf0ddbe0a,identity_group,acme,grp-01470,grp-01470-operates,2022-05-06T19:53:46Z,\N,2022-06-10T04:14:38Z,\N,1,assert
acme:identity_group:grp-00303~9eae644179e3,identity_group,acme,grp-00303,grp-00303-owns,2022-04-29T16:38:41Z,\N,2022-06-12T17:37:08Z,\N,1,assert
acme:identity_group:grp-01989~dc06de07b1dd,identity_group,acme,grp-01989,grp-01989-owns,2022-06-12T18:00:28Z,\N,2022-06-12T18:00:28Z,\N,1,assert
acme:identity_group:grp-00045~0caa56c5c70d,identity_group,acme,grp-00045,grp-00045-security,2022-06-04T20:33:51Z,\N,2022-06-15T22:53:50Z,\N,1,assert
acme:identity_group:grp-00157~e4932db64be3,identity_group,acme,grp-00157,grp-00157-identity,2022-05-22T06:15:16Z,\N,2022-06-15T21:51:20Z,\N,1,assert
acme:identity_group:grp-01840~4e6736bd1a58,identity_group,acme,grp-01840,grp-01840-owns,2022-05-18T13:02:17Z,\N,2022-06-15T23:56:19Z,\N,1,assert
acme:identity_group:grp-01258~72165b69e75c,identity_group,acme,grp-01258,grp-01258-security,2022-05-12T02:41:12Z,\N,2022-06-18T14:11:33Z,\N,1,assert
acme:identity_group:grp-01939~c92e12548a47,identity_group,acme,grp-01939,grp-01939-security,2022-06-06T04:57:06Z,\N,2022-06-18T07:32:05Z,\N,1,assert
acme:identity_group:grp-00462~e9886931bed6,identity_group,acme,grp-00462,grp-00462-security,2022-05-26T15:19:09Z,\N,2022-06-19T04:08:34Z,\N,1,assert
acme:identity_group:grp-01534~22606b601389,identity_group,acme,grp-01534,grp-01534-security,2022-05-24T05:15:15Z,\N,2022-06-19T00:50:45Z,\N,1,assert
acme:identity_group:grp-01180~3ccb412c8080,identity_group,acme,grp-01180,grp-01180-owns,2022-06-06T02:41:50Z,\N,2022-06-20T04:44:04Z,\N,1,assert
acme:identity_group:grp-01034~76533a1967d0,identity_group,acme,grp-01034,grp-01034-owns,2022-05-30T03:43:12Z,\N,2022-06-26T15:23:37Z,\N,1,assert
acme:identity_group:grp-01104~468433adffbe,identity_group,acme,grp-01104,grp-01104-security,2022-05-31T14:18:41Z,\N,2022-06-27T13:13:27Z,\N,1,assert
acme:identity_group:grp-01109~098074489dc6,identity_group,acme,grp-01109,grp-01109-identity,2022-05-31T20:32:44Z,\N,2022-06-28T23:41:00Z,\N,1,assert
acme:identity_group:grp-00883~1b920e8bcfcf,identity_group,acme,grp-00883,grp-00883-owns,2022-06-22T05:48:44Z,\N,2022-06-29T17:49:29Z,\N,1,assert
acme:identity_group:grp-00116~c6934a9443b6,identity_group,acme,grp-00116,grp-00116-owns,2022-06-04T13:24:09Z,\N,2022-06-30T14:57:23Z,\N,1,assert
acme:identity_group:grp-00536~bdf6287e20e0,identity_group,acme,grp-00536,grp-00536-identity,2022-06-20T22:38:41Z,\N,2022-07-01T01:03:07Z,\N,1,assert
acme:identity_group:grp-01494~7db96c769df7,identity_group,acme,grp-01494,grp-01494-identity,2022-06-15T15:42:19Z,\N,2022-07-01T13:03:50Z,\N,1,assert
acme:identity_group:grp-00701~864fe0f663b1,identity_group,acme,grp-00701,grp-00701-operates,2022-06-20T22:56:26Z,\N,2022-07-02T16:03:51Z,\N,1,assert
acme:identity_group:grp-01044~ca48f8809c99,identity_group,acme,grp-01044,grp-01044-owns,2022-06-01T19:49:16Z,\N,2022-07-02T17:53:53Z,\N,1,assert
acme:identity_group:grp-01560~3e652692a164,identity_group,acme,grp-01560,grp-01560-operates,2022-06-03T02:03:56Z,\N,2022-07-02T16:52:35Z,\N,1,assert
acme:identity_group:grp-00141~a9d2f7c47e7a,identity_group,acme,grp-00141,grp-00141-identity,2022-06-21T01:16:06Z,\N,2022-07-03T20:49:03Z,\N,1,assert
acme:identity_group:grp-00033~c9f9b7bbaa5d,identity_group,acme,grp-00033,grp-00033-operates,2022-07-01T00:55:50Z,\N,2022-07-04T11:52:43Z,\N,1,assert
acme:identity_group:grp-00224~c8c73790df28,identity_group,acme,grp-00224,grp-00224-operates,2022-05-28T07:48:58Z,\N,2022-07-04T18:56:06Z,\N,1,assert
acme:identity_group:grp-01379~e8460c8f3383,identity_group,acme,grp-01379,grp-01379-identity,2022-05-24T22:51:14Z,\N,2022-07-04T11:21:34Z,\N,1,assert
acme:identity_group:grp-00270~a115dac9da22,identity_group,acme,grp-00270,grp-00270-owns,2022-06-06T16:39:41Z,\N,2022-07-06T05:08:57Z,\N,1,assert
acme:identity_group:grp-01089~847aa93a0fa6,identity_group,acme,grp-01089,grp-01089-security,2022-06-22T06:31:42Z,\N,2022-07-09T02:59:59Z,\N,1,assert
acme:identity_group:grp-02083~d3df579e3b5d,identity_group,acme,grp-02083,grp-02083-owns,2022-06-23T18:38:47Z,\N,2022-07-10T17:49:03Z,\N,1,assert
acme:identity_group:grp-00078~adf9806d7234,identity_group,acme,grp-00078,grp-00078-identity,2022-07-02T18:18:59Z,\N,2022-07-11T19:42:02Z,\N,1,assert
acme:identity_group:grp-00024~a1eeb5855a86,identity_group,acme,grp-00024,grp-00024-identity,2022-06-06T19:10:51Z,\N,2022-07-15T15:59:58Z,\N,1,assert
acme:identity_group:grp-00415~86d4bd7524f7,identity_group,acme,grp-00415,grp-00415-operates,2022-06-25T09:20:02Z,\N,2022-07-18T08:17:26Z,\N,1,assert
acme:identity_group:grp-02188~5d0714eb2912,identity_group,acme,grp-02188,grp-02188-security,2022-06-29T00:17:54Z,\N,2022-07-18T14:01:40Z,\N,1,assert
acme:identity_group:grp-01143~cd988e3121f1,identity_group,acme,grp-01143,grp-01143-operates,2022-07-01T21:03:33Z,\N,2022-07-19T21:44:03Z,\N,1,assert
acme:identity_group:grp-00485~35f147621afb,identity_group,acme,grp-00485,grp-00485-owns,2022-07-10T04:22:05Z,\N,2022-07-20T09:19:28Z,\N,1,assert
acme:identity_group:grp-01253~8c03ce471f6b,identity_group,acme,grp-01253,grp-01253-owns,2022-06-25T07:46:25Z,\N,2022-07-21T10:21:21Z,\N,1,assert
acme:identity_group:grp-02044~e5747b70c212,identity_group,acme,grp-02044,grp-02044-security,2022-06-08T22:19:08Z,\N,2022-07-22T08:48:33Z,\N,1,assert
acme:identity_group:grp-01870~4c5379df0e22,identity_group,acme,grp-01870,grp-01870-owns,2022-06-12T23:05:39Z,\N,2022-07-24T11:28:57Z,\N,1,assert
acme:identity_group:grp-01533~83ad51258ed6,identity_group,acme,grp-01533,grp-01533-security,2022-06-27T10:43:49Z,\N,2022-07-25T07:38:32Z,\N,1,assert
acme:identity_group:grp-01783~0c792a435cf9,identity_group,acme,grp-01783,grp-01783-operates,2022-07-14T10:58:18Z,\N,2022-07-26T23:20:11Z,\N,1,assert
acme:identity_group:grp-00767~1ddfd7ccea8f,identity_group,acme,grp-00767,grp-00767-operates,2022-07-01T22:34:36Z,\N,2022-07-27T15:47:32Z,\N,1,assert
acme:identity_group:grp-00815~405e09a7f427,identity_group,acme,grp-00815,grp-00815-owns,2022-07-22T15:43:12Z,\N,2022-07-27T02:52:03Z,\N,1,assert
acme:identity_group:grp-01682~548f17650a1d,identity_group,acme,grp-01682,grp-01682-owns,2022-07-16T11:19:02Z,\N,2022-07-30T07:55:49Z,\N,1,assert
acme:identity_group:grp-00922~0088aaa93e48,identity_group,acme,grp-00922,grp-00922-security,2022-06-21T09:25:28Z,\N,2022-07-31T03:15:56Z,\N,1,assert
acme:identity_group:grp-01813~2fe54a0c3f1e,identity_group,acme,grp-01813,grp-01813-operates,2022-07-30T00:09:28Z,\N,2022-07-31T08:29:31Z,\N,1,assert
acme:identity_group:grp-00486~3768309b1fca,identity_group,acme,grp-00486,grp-00486-security,2022-07-08T15:20:41Z,\N,2022-08-05T01:05:26Z,\N,1,assert
acme:identity_group:grp-01800~591866ba9561,identity_group,acme,grp-01800,grp-01800-security,2022-06-25T03:53:30Z,\N,2022-08-05T00:08:52Z,\N,1,assert
acme:identity_group:grp-02197~6f2db4beca61,identity_group,acme,grp-02197,grp-02197-operates,2022-07-04T06:22:37Z,\N,2022-08-05T13:04:11Z,\N,1,assert
acme:identity_group:grp-01676~76cab4567b61,identity_group,acme,grp-01676,grp-01676-security,2022-08-06T10:55:25Z,\N,2022-08-06T10:55:25Z,\N,1,assert
acme:identity_group:grp-00684~9f85cdf2b621,identity_group,acme,grp-00684,grp-00684-owns,2022-06-30T07:23:39Z,\N,2022-08-07T16:40:01Z,\N,1,assert
acme:identity_group:grp-01736~5cf60eae54ca,identity_group,acme,grp-01736,grp-01736-owns,2022-07-01T20:27:25Z,\N,2022-08-08T17:59:52Z,\N,1,assert
acme:identity_group:grp-01898~b3b339ad86b3,identity_group,acme,grp-01898,grp-01898-security,2022-08-05T18:02:33Z,\N,2022-08-08T09:04:19Z,\N,1,assert
acme:identity_group:grp-00619~e63580828af7,identity_group,acme,grp-00619,grp-00619-operates,2022-07-24T05:57:57Z,\N,2022-08-09T10:51:46Z,\N,1,assert
acme:identity_group:grp-01150~3f703f5da3e0,identity_group,acme,grp-01150,grp-01150-security,2022-07-13T20:05:38Z,\N,2022-08-11T01:09:00Z,\N,1,assert
acme:identity_group:grp-01945~054378bdbfcc,identity_group,acme,grp-01945,grp-01945-owns,2022-08-08T22:42:46Z,\N,2022-08-13T17:52:18Z,\N,1,assert
acme:identity_group:grp-00448~567abfed0eb6,identity_group,acme,grp-00448,grp-00448-security,2022-08-13T02:18:36Z,\N,2022-08-14T09:08:14Z,\N,1,assert
acme:identity_group:grp-00036~fd75882b4d0a,identity_group,acme,grp-00036,grp-00036-security,2022-07-08T22:42:20Z,\N,2022-08-18T14:41:28Z,\N,1,assert
acme:identity_group:grp-00102~22a1235832fe,identity_group,acme,grp-00102,grp-00102-owns,2022-08-14T17:03:42Z,\N,2022-08-18T12:59:55Z,\N,1,assert
acme:identity_group:grp-00136~e25b8d0f1d92,identity_group,acme,grp-00136,grp-00136-operates,2022-07-24T12:01:53Z,\N,2022-08-18T19:29:44Z,\N,1,assert
acme:identity_group:grp-00313~8b16c2142f88,identity_group,acme,grp-00313,grp-00313-operates,2022-08-16T08:45:55Z,\N,2022-08-18T09:00:37Z,\N,1,assert
acme:identity_group:grp-01003~0e7c7e3653d0,identity_group,acme,grp-01003,grp-01003-identity,2022-07-17T17:30:31Z,\N,2022-08-20T23:42:43Z,\N,1,assert
acme:identity_group:grp-01328~09de78531fbf,identity_group,acme,grp-01328,grp-01328-operates,2022-08-15T04:23:18Z,\N,2022-08-23T15:45:09Z,\N,1,assert
acme:identity_group:grp-01367~1b8142865fa3,identity_group,acme,grp-01367,grp-01367-owns,2022-07-30T19:23:53Z,\N,2022-08-23T17:22:04Z,\N,1,assert
acme:identity_group:grp-00438~aea1d960f071,identity_group,acme,grp-00438,grp-00438-owns,2022-08-24T00:42:22Z,\N,2022-08-24T00:42:22Z,\N,1,assert
acme:identity_group:grp-00747~a468c456c0e4,identity_group,acme,grp-00747,grp-00747-operates,2022-07-22T16:09:26Z,\N,2022-08-24T05:34:08Z,\N,1,assert
acme:identity_group:grp-01522~f35536d17bda,identity_group,acme,grp-01522,grp-01522-security,2022-07-30T11:43:22Z,\N,2022-08-25T23:45:21Z,\N,1,assert
acme:identity_group:grp-01878~4c660d2f7530,identity_group,acme,grp-01878,grp-01878-identity,2022-08-25T05:30:28Z,\N,2022-08-25T05:30:28Z,\N,1,assert
acme:identity_group:grp-00381~53030dc9c8c4,identity_group,acme,grp-00381,grp-00381-operates,2022-07-22T05:48:27Z,\N,2022-08-26T22:59:01Z,\N,1,assert
acme:identity_group:grp-01511~b0c665f80c2d,identity_group,acme,grp-01511,grp-01511-identity,2022-07-22T04:28:13Z,\N,2022-08-26T15:54:16Z,\N,1,assert
acme:identity_group:grp-01653~0becc6957d85,identity_group,acme,grp-01653,grp-01653-security,2022-07-31T07:04:24Z,\N,2022-08-26T18:21:49Z,\N,1,assert
acme:identity_group:grp-01909~712c57ea2611,identity_group,acme,grp-01909,grp-01909-owns,2022-08-13T21:05:47Z,\N,2022-08-29T08:18:53Z,\N,1,assert
acme:identity_group:grp-01658~ce274fb41448,identity_group,acme,grp-01658,grp-01658-identity,2022-08-14T20:08:36Z,\N,2022-08-30T20:30:31Z,\N,1,assert
acme:identity_group:grp-01741~102b188840f1,identity_group,acme,grp-01741,grp-01741-operates,2022-08-09T18:03:55Z,\N,2022-08-30T05:40:19Z,\N,1,assert
acme:identity_group:grp-00774~fc10a4bee707,identity_group,acme,grp-00774,grp-00774-owns,2022-08-18T01:59:25Z,\N,2022-09-02T23:34:29Z,\N,1,assert
acme:identity_group:grp-00597~2b9724ee315c,identity_group,acme,grp-00597,grp-00597-security,2022-09-02T17:32:12Z,\N,2022-09-04T05:13:54Z,\N,1,assert
acme:identity_group:grp-01514~ea3d156c907d,identity_group,acme,grp-01514,grp-01514-operates,2022-08-26T23:22:20Z,\N,2022-09-04T17:16:12Z,\N,1,assert
acme:identity_group:grp-01895~ce1a9c1e194f,identity_group,acme,grp-01895,grp-01895-security,2022-09-01T17:56:57Z,\N,2022-09-06T18:00:38Z,\N,1,assert
acme:identity_group:grp-01022~a91ca9d09a4e,identity_group,acme,grp-01022,grp-01022-security,2022-08-22T01:23:14Z,\N,2022-09-07T23:50:14Z,\N,1,assert
acme:identity_group:grp-01589~af39a7d686f2,identity_group,acme,grp-01589,grp-01589-identity,2022-08-30T19:14:20Z,\N,2022-09-08T14:50:44Z,\N,1,assert
acme:identity_group:grp-00206~b57f8c990c67,identity_group,acme,grp-00206,grp-00206-identity,2022-08-29T12:24:19Z,\N,2022-09-09T20:33:28Z,\N,1,assert
acme:identity_group:grp-00412~f71895f6f109,identity_group,acme,grp-00412,grp-00412-security,2022-08-08T02:20:48Z,\N,2022-09-09T10:55:27Z,\N,1,assert
acme:identity_group:grp-01967~9bc6cacdb123,identity_group,acme,grp-01967,grp-01967-owns,2022-09-01T00:57:22Z,\N,2022-09-09T04:27:30Z,\N,1,assert
acme:identity_group:grp-01857~a180b1a061a6,identity_group,acme,grp-01857,grp-01857-identity,2022-09-07T11:55:45Z,\N,2022-09-10T16:14:07Z,\N,1,assert
acme:identity_group:grp-00435~7ced424f7bd1,identity_group,acme,grp-00435,grp-00435-identity,2022-07-31T15:53:43Z,\N,2022-09-11T13:35:16Z,\N,1,assert
acme:identity_group:grp-01259~91fd9a0948c0,identity_group,acme,grp-01259,grp-01259-owns,2022-08-21T12:16:42Z,\N,2022-09-11T04:28:55Z,\N,1,assert
acme:identity_group:grp-00511~a7c986f73290,identity_group,acme,grp-00511,grp-00511-identity,2022-08-09T03:37:12Z,\N,2022-09-13T08:45:09Z,\N,1,assert
acme:identity_group:grp-01239~7f9c73ee3d41,identity_group,acme,grp-01239,grp-01239-security,2022-09-02T12:25:16Z,\N,2022-09-15T21:09:40Z,\N,1,assert
acme:identity_group:grp-01091~1528f5e838f4,identity_group,acme,grp-01091,grp-01091-operates,2022-08-30T21:29:09Z,\N,2022-09-16T20:43:24Z,\N,1,assert
acme:identity_group:grp-00478~27567d7ac646,identity_group,acme,grp-00478,grp-00478-owns,2022-09-16T03:58:49Z,\N,2022-09-17T21:47:47Z,\N,1,assert
acme:identity_group:grp-00627~a1cbed9d6d91,identity_group,acme,grp-00627,grp-00627-owns,2022-09-17T01:19:21Z,\N,2022-09-19T00:20:40Z,\N,1,assert
acme:identity_group:grp-02024~7a966df20a13,identity_group,acme,grp-02024,grp-02024-owns,2022-09-19T20:03:43Z,\N,2022-09-20T01:50:38Z,\N,1,assert
acme:identity_group:grp-01900~4a17a449ac0e,identity_group,acme,grp-01900,grp-01900-security,2022-09-16T10:39:43Z,\N,2022-09-21T04:57:05Z,\N,1,assert
acme:identity_group:grp-00178~ee8bc534dfae,identity_group,acme,grp-00178,grp-00178-identity,2022-09-21T23:33:56Z,\N,2022-09-22T14:54:44Z,\N,1,assert
acme:identity_group:grp-00310~8fcb45df88d5,identity_group,acme,grp-00310,grp-00310-security,2022-08-18T19:07:28Z,\N,2022-09-23T17:41:05Z,\N,1,assert
acme:identity_group:grp-00586~5fb9a09be154,identity_group,acme,grp-00586,grp-00586-security,2022-08-31T09:33:03Z,\N,2022-09-27T11:45:02Z,\N,1,assert
acme:identity_group:grp-01572~0d2eb82ba0d1,identity_group,acme,grp-01572,grp-01572-operates,2022-09-23T16:12:48Z,\N,2022-09-27T12:52:16Z,\N,1,assert
acme:identity_group:grp-01711~17fefa727bac,identity_group,acme,grp-01711,grp-01711-operates,2022-09-26T21:04:26Z,\N,2022-09-28T00:22:42Z,\N,1,assert
acme:identity_group:grp-01535~f85c8c74c1b4,identity_group,acme,grp-01535,grp-01535-operates,2022-08-23T18:22:43Z,\N,2022-09-29T05:27:40Z,\N,1,assert
acme:identity_group:grp-01920~a8e720199a34,identity_group,acme,grp-01920,grp-01920-operates,2022-09-24T16:26:18Z,\N,2022-09-29T11:51:08Z,\N,1,assert
acme:identity_group:grp-01118~393f29924454,identity_group,acme,grp-01118,grp-01118-identity,2022-08-29T14:50:55Z,\N,2022-09-30T05:00:31Z,\N,1,assert
acme:identity_group:grp-01361~807c8ca88785,identity_group,acme,grp-01361,grp-01361-security,2022-09-03T23:26:41Z,\N,2022-10-01T23:04:41Z,\N,1,assert
acme:identity_group:grp-01417~99fb6012537f,identity_group,acme,grp-01417,grp-01417-security,2022-08-20T18:20:44Z,\N,2022-10-01T20:11:50Z,\N,1,assert
acme:identity_group:grp-02132~28a4ac6791fa,identity_group,acme,grp-02132,grp-02132-owns,2022-09-24T03:05:20Z,\N,2022-10-01T01:30:01Z,\N,1,assert
acme:identity_group:grp-00192~dcc824d415c4,identity_group,acme,grp-00192,grp-00192-identity,2022-08-20T17:07:16Z,\N,2022-10-03T04:52:06Z,\N,1,assert
acme:identity_group:grp-00219~3da463de53c1,identity_group,acme,grp-00219,grp-00219-security,2022-09-30T05:31:06Z,\N,2022-10-06T00:38:17Z,\N,1,assert
acme:identity_group:grp-00322~aebb8f0bea1b,identity_group,acme,grp-00322,grp-00322-security,2022-08-24T20:25:01Z,\N,2022-10-06T16:51:11Z,\N,1,assert
acme:identity_group:grp-02099~77842b9f1d19,identity_group,acme,grp-02099,grp-02099-security,2022-10-03T23:19:11Z,\N,2022-10-06T04:02:09Z,\N,1,assert
acme:identity_group:grp-01225~419c05539020,identity_group,acme,grp-01225,grp-01225-identity,2022-09-19T01:57:52Z,\N,2022-10-08T17:18:43Z,\N,1,assert
acme:identity_group:grp-00572~6bb6866fa94f,identity_group,acme,grp-00572,grp-00572-security,2022-09-24T11:24:58Z,\N,2022-10-09T19:53:08Z,\N,1,assert
acme:identity_group:grp-00745~45be3cb4ffab,identity_group,acme,grp-00745,grp-00745-security,2022-09-16T15:06:38Z,\N,2022-10-10T00:35:02Z,\N,1,assert
acme:identity_group:grp-01283~29c72be4e966,identity_group,acme,grp-01283,grp-01283-owns,2022-10-05T17:01:02Z,\N,2022-10-10T22:41:34Z,\N,1,assert
acme:identity_group:grp-01163~0573506a8c9b,identity_group,acme,grp-01163,grp-01163-identity,2022-09-13T09:51:40Z,\N,2022-10-11T00:05:14Z,\N,1,assert
acme:identity_group:grp-01424~db7a0d48fee1,identity_group,acme,grp-01424,grp-01424-operates,2022-10-13T06:51:24Z,\N,2022-10-14T00:56:38Z,\N,1,assert
acme:identity_group:grp-01928~90a766656eba,identity_group,acme,grp-01928,grp-01928-operates,2022-09-22T04:12:15Z,\N,2022-10-14T02:55:58Z,\N,1,assert
acme:identity_group:grp-00669~c6bdcc3e9b41,identity_group,acme,grp-00669,grp-00669-operates,2022-09-25T18:04:21Z,\N,2022-10-16T12:15:03Z,\N,1,assert
acme:identity_group:grp-01076~b4563d9bec24,identity_group,acme,grp-01076,grp-01076-identity,2022-09-07T08:43:12Z,\N,2022-10-16T04:53:39Z,\N,1,assert
acme:identity_group:grp-01884~473f2b1645fc,identity_group,acme,grp-01884,grp-01884-security,2022-09-03T19:16:37Z,\N,2022-10-17T06:39:29Z,\N,1,assert
acme:identity_group:grp-00474~dd8e1e455e0b,identity_group,acme,grp-00474,grp-00474-identity,2022-10-09T05:05:21Z,\N,2022-10-19T06:48:20Z,\N,1,assert
acme:identity_group:grp-01904~91bf955fe297,identity_group,acme,grp-01904,grp-01904-owns,2022-09-09T15:42:10Z,\N,2022-10-19T19:52:25Z,\N,1,assert
acme:identity_group:grp-00588~ce7dade2631d,identity_group,acme,grp-00588,grp-00588-identity,2022-09-14T13:12:38Z,\N,2022-10-20T19:26:39Z,\N,1,assert
acme:identity_group:grp-00753~278727c9cf1c,identity_group,acme,grp-00753,grp-00753-owns,2022-09-17T08:59:52Z,\N,2022-10-22T19:44:31Z,\N,1,assert
acme:identity_group:grp-01742~a741dd46df9c,identity_group,acme,grp-01742,grp-01742-owns,2022-09-17T03:40:11Z,\N,2022-10-22T05:57:12Z,\N,1,assert
acme:identity_group:grp-00705~6fb526a4ea42,identity_group,acme,grp-00705,grp-00705-operates,2022-09-09T13:03:08Z,\N,2022-10-23T17:31:02Z,\N,1,assert
acme:identity_group:grp-02143~3be11878eff9,identity_group,acme,grp-02143,grp-02143-owns,2022-10-07T10:09:54Z,\N,2022-10-23T20:43:00Z,\N,1,assert
acme:identity_group:grp-01977~685e00e1856a,identity_group,acme,grp-01977,grp-01977-owns,2022-09-20T07:06:02Z,\N,2022-10-25T01:25:19Z,\N,1,assert
acme:identity_group:grp-00858~e322eb6a489b,identity_group,acme,grp-00858,grp-00858-owns,2022-10-11T20:22:00Z,\N,2022-10-26T12:03:59Z,\N,1,assert
acme:identity_group:grp-00493~9c0e3ccbb4cc,identity_group,acme,grp-00493,grp-00493-identity,2022-10-19T20:16:40Z,\N,2022-10-27T14:57:49Z,\N,1,assert
acme:identity_group:grp-01693~41a588361a8e,identity_group,acme,grp-01693,grp-01693-identity,2022-09-24T22:52:47Z,\N,2022-10-29T21:16:27Z,\N,1,assert
acme:identity_group:grp-00595~fb8d912fa045,identity_group,acme,grp-00595,grp-00595-identity,2022-10-08T20:11:36Z,\N,2022-10-31T00:56:12Z,\N,1,assert
acme:identity_group:grp-01286~9a3077a0b688,identity_group,acme,grp-01286,grp-01286-identity,2022-10-29T23:00:21Z,\N,2022-10-31T14:22:06Z,\N,1,assert
acme:identity_group:grp-02108~a9038ccc2065,identity_group,acme,grp-02108,grp-02108-owns,2022-10-14T10:49:48Z,\N,2022-10-31T18:54:29Z,\N,1,assert
acme:identity_group:grp-01531~f0d8676afd26,identity_group,acme,grp-01531,grp-01531-operates,2022-10-24T22:24:51Z,\N,2022-11-01T16:06:32Z,\N,1,assert
acme:identity_group:grp-01307~fe0480e88499,identity_group,acme,grp-01307,grp-01307-owns,2022-10-25T12:02:10Z,\N,2022-11-03T03:00:24Z,\N,1,assert
acme:identity_group:grp-01785~7a429c96082e,identity_group,acme,grp-01785,grp-01785-operates,2022-09-25T23:27:40Z,\N,2022-11-05T04:51:36Z,\N,1,assert
acme:identity_group:grp-00311~3a0a72da4eea,identity_group,acme,grp-00311,grp-00311-operates,2022-10-03T16:46:32Z,\N,2022-11-06T20:50:26Z,\N,1,assert
acme:identity_group:grp-01237~49dbe07c8c6d,identity_group,acme,grp-01237,grp-01237-security,2022-10-26T01:40:32Z,\N,2022-11-07T21:16:14Z,\N,1,assert
acme:identity_group:grp-01825~c0495c320d1a,identity_group,acme,grp-01825,grp-01825-operates,2022-10-10T20:14:02Z,\N,2022-11-08T23:16:40Z,\N,1,assert
acme:identity_group:grp-00286~2ac6156c7d8a,identity_group,acme,grp-00286,grp-00286-identity,2022-10-11T17:18:27Z,\N,2022-11-09T21:39:28Z,\N,1,assert
acme:identity_group:grp-00351~39a80b84238b,identity_group,acme,grp-00351,grp-00351-security,2022-10-01T01:02:01Z,\N,2022-11-09T17:45:06Z,\N,1,assert
acme:identity_group:grp-00820~51f0311e2484,identity_group,acme,grp-00820,grp-00820-security,2022-10-20T20:03:35Z,\N,2022-11-09T18:01:17Z,\N,1,assert
acme:identity_group:grp-01291~91af2cd96afa,identity_group,acme,grp-01291,grp-01291-operates,2022-10-09T01:10:47Z,\N,2022-11-12T14:13:58Z,\N,1,assert
acme:identity_group:grp-01331~7617828df005,identity_group,acme,grp-01331,grp-01331-identity,2022-10-05T05:22:28Z,\N,2022-11-12T19:39:52Z,\N,1,assert
acme:identity_group:grp-00714~036fc6b7d286,identity_group,acme,grp-00714,grp-00714-security,2022-11-05T19:08:32Z,\N,2022-11-13T16:01:36Z,\N,1,assert
acme:identity_group:grp-00830~fe5bf83eb11a,identity_group,acme,grp-00830,grp-00830-owns,2022-10-23T17:05:35Z,\N,2022-11-13T19:38:17Z,\N,1,assert
acme:identity_group:grp-01318~fe940c9ade9c,identity_group,acme,grp-01318,grp-01318-operates,2022-10-28T09:33:54Z,\N,2022-11-14T02:51:27Z,\N,1,assert
acme:identity_group:grp-01121~55ce923b2bdb,identity_group,acme,grp-01121,grp-01121-owns,2022-11-06T19:10:14Z,\N,2022-11-15T07:20:47Z,\N,1,assert
acme:identity_group:grp-00784~6a76a1b9719d,identity_group,acme,grp-00784,grp-00784-operates,2022-10-24T01:54:29Z,\N,2022-11-16T13:19:12Z,\N,1,assert
acme:identity_group:grp-01363~60478d820d35,identity_group,acme,grp-01363,grp-01363-identity,2022-11-09T19:29:44Z,\N,2022-11-19T22:27:38Z,\N,1,assert
acme:identity_group:grp-01260~661d394a3c5e,identity_group,acme,grp-01260,grp-01260-security,2022-11-13T05:30:39Z,\N,2022-11-21T17:13:02Z,\N,1,assert
acme:identity_group:grp-00751~4a168c00975f,identity_group,acme,grp-00751,grp-00751-identity,2022-11-24T19:18:46Z,\N,2022-11-24T19:18:46Z,\N,1,assert
acme:identity_group:grp-00464~7d637f24062f,identity_group,acme,grp-00464,grp-00464-owns,2022-11-25T01:41:01Z,\N,2022-11-25T01:41:01Z,\N,1,assert
acme:identity_group:grp-00086~3bb47eb66dfc,identity_group,acme,grp-00086,grp-00086-identity,2022-11-16T14:38:19Z,\N,2022-11-27T15:53:56Z,\N,1,assert
acme:identity_group:grp-02008~c0243a22a136,identity_group,acme,grp-02008,grp-02008-owns,2022-11-23T00:32:56Z,\N,2022-11-27T10:19:29Z,\N,1,assert
acme:identity_group:grp-00868~ca3ab6a400ea,identity_group,acme,grp-00868,grp-00868-security,2022-11-19T01:56:17Z,\N,2022-11-28T08:05:47Z,\N,1,assert
acme:identity_group:grp-01172~9034a79b2de6,identity_group,acme,grp-01172,grp-01172-security,2022-10-27T15:02:10Z,\N,2022-11-28T09:46:19Z,\N,1,assert
acme:identity_group:grp-00744~59258c76c630,identity_group,acme,grp-00744,grp-00744-owns,2022-10-20T06:21:20Z,\N,2022-11-29T15:33:37Z,\N,1,assert
acme:identity_group:grp-00939~756080cfedc1,identity_group,acme,grp-00939,grp-00939-security,2022-11-03T14:04:26Z,\N,2022-11-29T17:37:14Z,\N,1,assert
acme:identity_group:grp-01166~8e92bd1fcfd5,identity_group,acme,grp-01166,grp-01166-operates,2022-11-24T14:17:58Z,\N,2022-11-29T15:46:53Z,\N,1,assert
acme:identity_group:grp-01316~3eaf3d1889cc,identity_group,acme,grp-01316,grp-01316-owns,2022-11-26T03:24:45Z,\N,2022-11-29T04:29:44Z,\N,1,assert
acme:identity_group:grp-01803~d1f1362ac3e9,identity_group,acme,grp-01803,grp-01803-identity,2022-11-28T18:06:37Z,\N,2022-11-30T20:36:56Z,\N,1,assert
acme:identity_group:grp-01829~d44ad4b246e7,identity_group,acme,grp-01829,grp-01829-security,2022-11-20T14:15:53Z,\N,2022-11-30T10:45:14Z,\N,1,assert
acme:identity_group:grp-00573~0288323fafd1,identity_group,acme,grp-00573,grp-00573-owns,2022-11-10T03:51:43Z,\N,2022-12-03T15:34:16Z,\N,1,assert
acme:identity_group:grp-01890~47e1e6e48992,identity_group,acme,grp-01890,grp-01890-security,2022-11-24T19:07:54Z,\N,2022-12-03T08:05:15Z,\N,1,assert
acme:identity_group:grp-00042~a7f9d49886de,identity_group,acme,grp-00042,grp-00042-operates,2022-10-29T09:53:24Z,\N,2022-12-05T20:42:33Z,\N,1,assert
acme:identity_group:grp-00266~7c2296d3bb6d,identity_group,acme,grp-00266,grp-00266-operates,2022-10-24T21:19:44Z,\N,2022-12-06T14:43:09Z,\N,1,assert
acme:identity_group:grp-01970~e50b002b336d,identity_group,acme,grp-01970,grp-01970-security,2022-11-26T22:57:32Z,\N,2022-12-06T01:47:27Z,\N,1,assert
acme:identity_group:grp-00199~0775b385282b,identity_group,acme,grp-00199,grp-00199-security,2022-11-15T15:54:07Z,\N,2022-12-07T13:04:47Z,\N,1,assert
acme:identity_group:grp-00837~881570ff9399,identity_group,acme,grp-00837,grp-00837-identity,2022-12-06T02:06:41Z,\N,2022-12-07T08:25:21Z,\N,1,assert
acme:identity_group:grp-00307~f1ba0e933072,identity_group,acme,grp-00307,grp-00307-owns,2022-11-09T03:51:02Z,\N,2022-12-09T14:59:13Z,\N,1,assert
acme:identity_group:grp-00329~2294b39c2a19,identity_group,acme,grp-00329,grp-00329-owns,2022-11-07T12:03:51Z,\N,2022-12-09T21:30:22Z,\N,1,assert
acme:identity_group:grp-01521~d2760f11909c,identity_group,acme,grp-01521,grp-01521-identity,2022-10-27T17:03:04Z,\N,2022-12-09T11:16:16Z,\N,1,assert
acme:identity_group:grp-00051~30767aa6931d,identity_group,acme,grp-00051,grp-00051-operates,2022-11-23T23:00:10Z,\N,2022-12-10T10:06:29Z,\N,1,assert
acme:identity_group:grp-01399~da0d5ecad9a0,identity_group,acme,grp-01399,grp-01399-identity,2022-11-05T18:55:04Z,\N,2022-12-11T02:58:16Z,\N,1,assert
acme:identity_group:grp-00117~3de41f31d917,identity_group,acme,grp-00117,grp-00117-operates,2022-11-28T05:09:28Z,\N,2022-12-12T17:54:07Z,\N,1,assert
acme:identity_group:grp-01690~1d882e3b102b,identity_group,acme,grp-01690,grp-01690-identity,2022-11-29T10:42:47Z,\N,2022-12-12T16:00:42Z,\N,1,assert
acme:identity_group:grp-01823~d58f0309e992,identity_group,acme,grp-01823,grp-01823-identity,2022-12-10T01:04:20Z,\N,2022-12-13T11:11:51Z,\N,1,assert
acme:identity_group:grp-00841~271fabc0b67a,identity_group,acme,grp-00841,grp-00841-operates,2022-12-01T08:57:39Z,\N,2022-12-14T03:28:23Z,\N,1,assert
acme:identity_group:grp-00854~5497d770824f,identity_group,acme,grp-00854,grp-00854-operates,2022-12-08T04:42:50Z,\N,2022-12-15T11:26:12Z,\N,1,assert
acme:identity_group:grp-01320~9c93f74c194b,identity_group,acme,grp-01320,grp-01320-identity,2022-11-17T12:08:13Z,\N,2022-12-16T16:00:33Z,\N,1,assert
acme:identity_group:grp-01538~8b6069bb7566,identity_group,acme,grp-01538,grp-01538-identity,2022-11-09T21:59:35Z,\N,2022-12-18T19:31:11Z,\N,1,assert
acme:identity_group:grp-01246~faac72e4d397,identity_group,acme,grp-01246,grp-01246-security,2022-11-29T18:12:07Z,\N,2022-12-22T05:52:07Z,\N,1,assert
acme:identity_group:grp-01782~061d6dcc8143,identity_group,acme,grp-01782,grp-01782-security,2022-11-22T17:23:25Z,\N,2022-12-22T23:48:42Z,\N,1,assert
acme:identity_group:grp-01385~6b2b5093a9d8,identity_group,acme,grp-01385,grp-01385-owns,2022-12-17T15:50:51Z,\N,2022-12-24T11:06:03Z,\N,1,assert
acme:identity_group:grp-01395~7e27ef1526e1,identity_group,acme,grp-01395,grp-01395-security,2022-12-09T21:58:02Z,\N,2022-12-25T08:27:03Z,\N,1,assert
acme:identity_group:grp-02001~38ab92196e37,identity_group,acme,grp-02001,grp-02001-operates,2022-11-16T12:31:29Z,\N,2022-12-25T22:27:16Z,\N,1,assert
acme:identity_group:grp-00809~bb20f38e97a1,identity_group,acme,grp-00809,grp-00809-identity,2022-12-08T21:05:31Z,\N,2022-12-26T06:03:18Z,\N,1,assert
acme:identity_group:grp-00302~c9786abcb99c,identity_group,acme,grp-00302,grp-00302-identity,2022-11-27T07:27:22Z,\N,2022-12-28T16:37:58Z,\N,1,assert
acme:identity_group:grp-01065~4d51cfdcd792,identity_group,acme,grp-01065,grp-01065-owns,2022-12-06T01:14:29Z,\N,2022-12-28T17:07:03Z,\N,1,assert
acme:identity_group:grp-01157~4ac71e882622,identity_group,acme,grp-01157,grp-01157-operates,2022-12-08T21:18:37Z,\N,2022-12-28T17:49:20Z,\N,1,assert
acme:identity_group:grp-00200~1dc5edfadb56,identity_group,acme,grp-00200,grp-00200-identity,2022-12-14T10:19:21Z,\N,2022-12-29T04:45:55Z,\N,1,assert
acme:identity_group:grp-01052~0c1129524431,identity_group,acme,grp-01052,grp-01052-owns,2022-11-24T09:17:27Z,\N,2023-01-01T02:36:21Z,\N,1,assert
acme:identity_group:grp-00491~980a0825471a,identity_group,acme,grp-00491,grp-00491-operates,2023-01-02T16:10:06Z,\N,2023-01-02T16:10:06Z,\N,1,assert
acme:identity_group:grp-02094~44f28410415e,identity_group,acme,grp-02094,grp-02094-security,2022-12-28T10:01:28Z,\N,2023-01-03T15:09:12Z,\N,1,assert
acme:identity_group:grp-00421~d9a8c22dcfc0,identity_group,acme,grp-00421,grp-00421-owns,2022-12-31T20:08:21Z,\N,2023-01-04T14:48:55Z,\N,1,assert
acme:identity_group:grp-00458~662bba6c70af,identity_group,acme,grp-00458,grp-00458-security,2022-12-15T16:24:37Z,\N,2023-01-04T19:30:44Z,\N,1,assert
acme:identity_group:grp-01082~eedb44a1c5aa,identity_group,acme,grp-01082,grp-01082-security,2022-12-24T19:01:06Z,\N,2023-01-06T21:28:50Z,\N,1,assert
acme:identity_group:grp-00538~4875c2e23959,identity_group,acme,grp-00538,grp-00538-owns,2022-12-04T03:59:02Z,\N,2023-01-07T07:15:46Z,\N,1,assert
acme:identity_group:grp-00545~788e7ae97412,identity_group,acme,grp-00545,grp-00545-operates,2022-12-12T02:08:43Z,\N,2023-01-07T05:30:38Z,\N,1,assert
acme:identity_group:grp-01190~67b9af334aa8,identity_group,acme,grp-01190,grp-01190-owns,2022-12-22T02:41:10Z,\N,2023-01-08T09:47:04Z,\N,1,assert
acme:identity_group:grp-00406~7cbc9636990f,identity_group,acme,grp-00406,grp-00406-security,2022-12-14T08:05:24Z,\N,2023-01-09T08:58:08Z,\N,1,assert
acme:identity_group:grp-02052~c3aa04c812f4,identity_group,acme,grp-02052,grp-02052-owns,2022-12-18T15:28:45Z,\N,2023-01-09T22:53:22Z,\N,1,assert
acme:identity_group:grp-02104~ce48282ee323,identity_group,acme,grp-02104,grp-02104-identity,2022-12-01T16:40:42Z,\N,2023-01-09T01:32:25Z,\N,1,assert
acme:identity_group:grp-02126~955fd8b19d06,identity_group,acme,grp-02126,grp-02126-operates,2022-11-30T02:12:34Z,\N,2023-01-09T12:38:36Z,\N,1,assert
acme:identity_group:grp-01217~7d9f7faf9f82,identity_group,acme,grp-01217,grp-01217-operates,2022-12-10T16:44:33Z,\N,2023-01-11T17:41:28Z,\N,1,assert
acme:identity_group:grp-01142~483f2ccb01f8,identity_group,acme,grp-01142,grp-01142-owns,2022-12-19T03:38:55Z,\N,2023-01-12T21:40:46Z,\N,1,assert
acme:identity_group:grp-01438~ef42009f2aca,identity_group,acme,grp-01438,grp-01438-identity,2022-12-20T23:18:12Z,\N,2023-01-13T10:13:17Z,\N,1,assert
acme:identity_group:grp-01063~8a40ee9a8a98,identity_group,acme,grp-01063,grp-01063-identity,2022-12-30T02:59:12Z,\N,2023-01-14T04:07:26Z,\N,1,assert
acme:identity_group:grp-01678~c30d45b57c21,identity_group,acme,grp-01678,grp-01678-identity,2022-12-20T02:41:22Z,\N,2023-01-14T16:44:36Z,\N,1,assert
acme:identity_group:grp-01778~7d5028e43101,identity_group,acme,grp-01778,grp-01778-owns,2022-12-23T19:32:08Z,\N,2023-01-14T14:55:08Z,\N,1,assert
acme:identity_group:grp-01696~1f7e0327a75c,identity_group,acme,grp-01696,grp-01696-security,2022-12-17T03:38:53Z,\N,2023-01-16T22:41:50Z,\N,1,assert
acme:identity_group:grp-01842~57e49071a035,identity_group,acme,grp-01842,grp-01842-identity,2023-01-16T01:10:56Z,\N,2023-01-19T16:16:34Z,\N,1,assert
acme:identity_group:grp-01053~4784f2ec78fc,identity_group,acme,grp-01053,grp-01053-operates,2023-01-20T21:08:32Z,\N,2023-01-23T23:04:42Z,\N,1,assert
acme:identity_group:grp-01917~e062a1a70240,identity_group,acme,grp-01917,grp-01917-security,2022-12-20T20:41:08Z,\N,2023-01-23T05:27:38Z,\N,1,assert
acme:identity_group:grp-00535~d48894f6442b,identity_group,acme,grp-00535,grp-00535-operates,2023-01-07T02:02:46Z,\N,2023-01-24T18:28:38Z,\N,1,assert
acme:identity_group:grp-01733~8019df641b25,identity_group,acme,grp-01733,grp-01733-identity,2022-12-25T12:21:45Z,\N,2023-01-24T18:55:33Z,\N,1,assert
acme:identity_group:grp-01154~a09939d43bd2,identity_group,acme,grp-01154,grp-01154-operates,2022-12-23T22:57:36Z,\N,2023-01-27T11:57:48Z,\N,1,assert
acme:identity_group:grp-01378~7049cfacd986,identity_group,acme,grp-01378,grp-01378-security,2022-12-27T05:53:23Z,\N,2023-01-27T20:49:44Z,\N,1,assert
acme:identity_group:grp-00516~8896cb95c931,identity_group,acme,grp-00516,grp-00516-security,2023-01-15T12:52:54Z,\N,2023-01-28T21:38:46Z,\N,1,assert
acme:identity_group:grp-01250~8da7a95f7458,identity_group,acme,grp-01250,grp-01250-owns,2023-01-03T23:54:03Z,\N,2023-01-28T16:52:21Z,\N,1,assert
acme:identity_group:grp-01799~56e3949c29d0,identity_group,acme,grp-01799,grp-01799-security,2023-01-14T09:47:42Z,\N,2023-01-28T19:01:50Z,\N,1,assert
acme:identity_group:grp-00422~e24577427dc3,identity_group,acme,grp-00422,grp-00422-operates,2023-01-04T10:33:55Z,\N,2023-01-29T06:15:02Z,\N,1,assert
acme:identity_group:grp-00846~8e0fdd373f0b,identity_group,acme,grp-00846,grp-00846-owns,2023-01-24T09:12:13Z,\N,2023-01-29T22:01:26Z,\N,1,assert
acme:identity_group:grp-01669~97e3aa59de70,identity_group,acme,grp-01669,grp-01669-security,2023-01-18T23:25:41Z,\N,2023-01-31T02:35:46Z,\N,1,assert
acme:identity_group:grp-01760~9dc84c914c84,identity_group,acme,grp-01760,grp-01760-identity,2023-01-04T19:52:58Z,\N,2023-01-31T14:11:48Z,\N,1,assert
acme:identity_group:grp-01837~8a387d4eafd0,identity_group,acme,grp-01837,grp-01837-identity,2023-01-20T14:05:27Z,\N,2023-02-03T13:41:24Z,\N,1,assert
acme:identity_group:grp-02102~fefad12c8506,identity_group,acme,grp-02102,grp-02102-security,2022-12-29T01:17:32Z,\N,2023-02-04T10:40:07Z,\N,1,assert
acme:identity_group:grp-01188~61cf936120fc,identity_group,acme,grp-01188,grp-01188-security,2023-01-30T07:57:01Z,\N,2023-02-05T09:51:32Z,\N,1,assert
acme:identity_group:grp-02118~39066af1b6e1,identity_group,acme,grp-02118,grp-02118-operates,2023-01-01T16:44:54Z,\N,2023-02-05T07:11:35Z,\N,1,assert
acme:identity_group:grp-00709~ab510c3816d2,identity_group,acme,grp-00709,grp-00709-security,2023-01-28T10:52:06Z,\N,2023-02-06T14:37:28Z,\N,1,assert
acme:identity_group:grp-01459~5c9cb0af30b3,identity_group,acme,grp-01459,grp-01459-identity,2023-02-01T18:53:15Z,\N,2023-02-06T01:50:19Z,\N,1,assert
acme:identity_group:grp-00379~e742a33032be,identity_group,acme,grp-00379,grp-00379-identity,2023-01-24T03:19:57Z,\N,2023-02-07T16:33:52Z,\N,1,assert
acme:identity_group:grp-01153~6a4ae4f86c25,identity_group,acme,grp-01153,grp-01153-security,2022-12-29T16:02:44Z,\N,2023-02-08T04:49:21Z,\N,1,assert
acme:identity_group:grp-00376~dc23ad4f6455,identity_group,acme,grp-00376,grp-00376-operates,2022-12-30T12:41:46Z,\N,2023-02-10T21:59:02Z,\N,1,assert
acme:identity_group:grp-01464~df18711e2a49,identity_group,acme,grp-01464,grp-01464-operates,2023-01-13T08:41:47Z,\N,2023-02-10T19:27:41Z,\N,1,assert
acme:identity_group:grp-01646~2818ee35d61a,identity_group,acme,grp-01646,grp-01646-operates,2023-01-27T02:12:36Z,\N,2023-02-10T03:25:40Z,\N,1,assert
acme:identity_group:grp-00023~d141de50051f,identity_group,acme,grp-00023,grp-00023-owns,2023-01-24T03:13:33Z,\N,2023-02-11T14:20:47Z,\N,1,assert
acme:identity_group:grp-00231~2cd872634a4b,identity_group,acme,grp-00231,grp-00231-identity,2023-01-10T14:44:35Z,\N,2023-02-11T16:47:17Z,\N,1,assert
acme:identity_group:grp-01411~4130afe25182,identity_group,acme,grp-01411,grp-01411-security,2023-01-28T14:27:37Z,\N,2023-02-11T06:33:09Z,\N,1,assert
acme:identity_group:grp-00365~c42dffe04868,identity_group,acme,grp-00365,grp-00365-operates,2023-01-03T21:31:31Z,\N,2023-02-12T07:32:40Z,\N,1,assert
acme:identity_group:grp-01622~3bebc57c0b20,identity_group,acme,grp-01622,grp-01622-security,2023-01-18T17:54:21Z,\N,2023-02-14T05:35:15Z,\N,1,assert
acme:identity_group:grp-01672~8411cfce1243,identity_group,acme,grp-01672,grp-01672-security,2023-02-09T01:49:13Z,\N,2023-02-14T05:09:53Z,\N,1,assert
acme:identity_group:grp-00695~d198068f726d,identity_group,acme,grp-00695,grp-00695-owns,2023-01-03T17:34:42Z,\N,2023-02-15T11:47:24Z,\N,1,assert
acme:identity_group:grp-02133~87c6ac102614,identity_group,acme,grp-02133,grp-02133-operates,2023-02-14T21:49:19Z,\N,2023-02-15T19:07:18Z,\N,1,assert
acme:identity_group:grp-00528~4059d55936b0,identity_group,acme,grp-00528,grp-00528-operates,2023-01-04T17:22:21Z,\N,2023-02-16T16:42:20Z,\N,1,assert
acme:identity_group:grp-00044~611d38684416,identity_group,acme,grp-00044,grp-00044-owns,2023-02-03T23:52:31Z,\N,2023-02-17T05:46:03Z,\N,1,assert
acme:identity_group:grp-00189~5877b66e90d4,identity_group,acme,grp-00189,grp-00189-owns,2023-01-28T04:27:49Z,\N,2023-02-17T04:18:15Z,\N,1,assert
acme:identity_group:grp-00227~02bca1be65f7,identity_group,acme,grp-00227,grp-00227-operates,2023-01-24T07:10:42Z,\N,2023-02-17T23:21:59Z,\N,1,assert
acme:identity_group:grp-00070~26c0abdb703b,identity_group,acme,grp-00070,grp-00070-security,2023-01-15T16:47:50Z,\N,2023-02-18T04:33:36Z,\N,1,assert
acme:identity_group:grp-01296~5f27d7c05f5e,identity_group,acme,grp-01296,grp-01296-identity,2023-01-14T02:58:16Z,\N,2023-02-19T09:11:32Z,\N,1,assert
acme:identity_group:grp-01573~2327568e375d,identity_group,acme,grp-01573,grp-01573-identity,2023-01-15T09:34:37Z,\N,2023-02-21T22:46:45Z,\N,1,assert
acme:identity_group:grp-00279~b730ece84b9b,identity_group,acme,grp-00279,grp-00279-owns,2023-01-30T09:38:31Z,\N,2023-02-23T08:55:19Z,\N,1,assert
acme:identity_group:grp-00791~15a265cdc932,identity_group,acme,grp-00791,grp-00791-operates,2023-02-05T05:42:55Z,\N,2023-02-23T05:50:56Z,\N,1,assert
acme:identity_group:grp-01183~9747f1fa14c4,identity_group,acme,grp-01183,grp-01183-owns,2023-02-14T18:43:21Z,\N,2023-02-24T13:27:34Z,\N,1,assert
acme:identity_group:grp-01269~4c7edcb6c997,identity_group,acme,grp-01269,grp-01269-operates,2023-02-22T11:51:21Z,\N,2023-02-27T18:07:40Z,\N,1,assert
acme:identity_group:grp-01177~3e93c83a0d3e,identity_group,acme,grp-01177,grp-01177-identity,2023-01-16T10:21:45Z,\N,2023-02-28T10:30:10Z,\N,1,assert
acme:identity_group:grp-01049~6e7cf72c81ef,identity_group,acme,grp-01049,grp-01049-identity,2023-02-19T07:56:02Z,\N,2023-03-01T18:35:36Z,\N,1,assert
acme:identity_group:grp-02136~50c2c2f66a82,identity_group,acme,grp-02136,grp-02136-identity,2023-02-13T05:18:11Z,\N,2023-03-01T11:49:34Z,\N,1,assert
acme:identity_group:grp-01165~e0181b4a877c,identity_group,acme,grp-01165,grp-01165-identity,2023-02-08T21:07:03Z,\N,2023-03-07T01:35:12Z,\N,1,assert
acme:identity_group:grp-01016~5b0ad3c85374,identity_group,acme,grp-01016,grp-01016-identity,2023-02-04T09:52:51Z,\N,2023-03-08T23:22:34Z,\N,1,assert
acme:identity_group:grp-01376~7d550e35856f,identity_group,acme,grp-01376,grp-01376-security,2023-02-28T00:55:11Z,\N,2023-03-08T11:02:40Z,\N,1,assert
acme:identity_group:grp-00563~17fb7eaf3257,identity_group,acme,grp-00563,grp-00563-security,2023-02-21T08:05:32Z,\N,2023-03-09T14:58:13Z,\N,1,assert
acme:identity_group:grp-01812~eadd25286de9,identity_group,acme,grp-01812,grp-01812-identity,2023-02-20T13:26:57Z,\N,2023-03-09T18:28:02Z,\N,1,assert
acme:identity_group:grp-01872~30945ea288b1,identity_group,acme,grp-01872,grp-01872-identity,2023-02-16T05:11:44Z,\N,2023-03-11T23:27:30Z,\N,1,assert
acme:identity_group:grp-01391~a802b2400675,identity_group,acme,grp-01391,grp-01391-operates,2023-02-04T04:01:58Z,\N,2023-03-12T06:10:57Z,\N,1,assert
acme:identity_group:grp-02097~12fa1deb364f,identity_group,acme,grp-02097,grp-02097-operates,2023-02-10T18:16:07Z,\N,2023-03-12T18:14:48Z,\N,1,assert
acme:identity_group:grp-01947~645b913caa56,identity_group,acme,grp-01947,grp-01947-owns,2023-02-24T10:04:03Z,\N,2023-03-13T12:50:06Z,\N,1,assert
acme:identity_group:grp-00122~65e7effd9f2e,identity_group,acme,grp-00122,grp-00122-owns,2023-02-07T09:22:27Z,\N,2023-03-14T21:43:44Z,\N,1,assert
acme:identity_group:grp-00881~aec608a54df5,identity_group,acme,grp-00881,grp-00881-operates,2023-02-15T12:13:18Z,\N,2023-03-14T17:23:00Z,\N,1,assert
acme:identity_group:grp-02036~b96379f6e1d5,identity_group,acme,grp-02036,grp-02036-identity,2023-02-12T17:46:24Z,\N,2023-03-14T18:03:20Z,\N,1,assert
acme:identity_group:grp-00802~0ac5b64ec230,identity_group,acme,grp-00802,grp-00802-operates,2023-02-26T06:06:50Z,\N,2023-03-15T06:39:01Z,\N,1,assert
acme:identity_group:grp-01196~126f4f4721e4,identity_group,acme,grp-01196,grp-01196-security,2023-02-14T15:05:00Z,\N,2023-03-15T02:18:17Z,\N,1,assert
acme:identity_group:grp-00193~50a95da1a42a,identity_group,acme,grp-00193,grp-00193-operates,2023-02-13T23:43:08Z,\N,2023-03-16T12:14:42Z,\N,1,assert
acme:identity_group:grp-00095~6d791652c5b7,identity_group,acme,grp-00095,grp-00095-operates,2023-03-09T23:23:08Z,\N,2023-03-18T19:01:02Z,\N,1,assert
acme:identity_group:grp-00196~5e5d10a3c37f,identity_group,acme,grp-00196,grp-00196-security,2023-03-04T07:10:07Z,\N,2023-03-20T13:39:56Z,\N,1,assert
acme:identity_group:grp-00480~ce8652b62148,identity_group,acme,grp-00480,grp-00480-identity,2023-02-25T14:59:51Z,\N,2023-03-22T01:33:57Z,\N,1,assert
acme:identity_group:grp-00557~969efc8cf964,identity_group,acme,grp-00557,grp-00557-operates,2023-02-20T21:13:11Z,\N,2023-03-22T18:40:29Z,\N,1,assert
acme:identity_group:grp-01950~8ea3ccfbf4cd,identity_group,acme,grp-01950,grp-01950-owns,2023-03-04T11:02:07Z,\N,2023-03-23T21:51:26Z,\N,1,assert
acme:identity_group:grp-01409~63eab5b80d7c,identity_group,acme,grp-01409,grp-01409-identity,2023-03-20T05:29:24Z,\N,2023-03-25T21:17:58Z,\N,1,assert
acme:identity_group:grp-02130~d494734e5721,identity_group,acme,grp-02130,grp-02130-owns,2023-03-07T13:36:52Z,\N,2023-03-28T20:14:45Z,\N,1,assert
acme:identity_group:grp-00455~8f3adc66cec6,identity_group,acme,grp-00455,grp-00455-identity,2023-03-08T11:14:21Z,\N,2023-03-29T18:05:27Z,\N,1,assert
acme:identity_group:grp-00523~a73d151b540c,identity_group,acme,grp-00523,grp-00523-operates,2023-03-30T13:50:36Z,\N,2023-03-30T13:50:36Z,\N,1,assert
acme:identity_group:grp-00132~1b8cac57694e,identity_group,acme,grp-00132,grp-00132-operates,2023-02-26T18:00:07Z,\N,2023-03-31T18:56:35Z,\N,1,assert
acme:identity_group:grp-01132~3c5db77bb2c2,identity_group,acme,grp-01132,grp-01132-owns,2023-03-12T06:37:04Z,\N,2023-04-01T09:43:17Z,\N,1,assert
acme:identity_group:grp-01903~25abbbbdeb90,identity_group,acme,grp-01903,grp-01903-security,2023-04-03T21:51:11Z,\N,2023-04-05T08:29:09Z,\N,1,assert
acme:identity_group:grp-00974~168ac86ec552,identity_group,acme,grp-00974,grp-00974-operates,2023-03-08T10:28:26Z,\N,2023-04-08T18:13:26Z,\N,1,assert
acme:identity_group:grp-01617~bbb401775b95,identity_group,acme,grp-01617,grp-01617-owns,2023-03-27T20:21:05Z,\N,2023-04-13T08:04:35Z,\N,1,assert
acme:identity_group:grp-00598~c618e591cf6d,identity_group,acme,grp-00598,grp-00598-security,2023-03-01T06:14:21Z,\N,2023-04-14T08:50:17Z,\N,1,assert
acme:identity_group:grp-00287~54934fbb7182,identity_group,acme,grp-00287,grp-00287-operates,2023-03-16T02:30:29Z,\N,2023-04-16T03:17:28Z,\N,1,assert
acme:identity_group:grp-00734~a86adec6b356,identity_group,acme,grp-00734,grp-00734-owns,2023-04-04T05:22:15Z,\N,2023-04-16T00:02:40Z,\N,1,assert
acme:identity_group:grp-00504~87cdcc96dbeb,identity_group,acme,grp-00504,grp-00504-operates,2023-03-20T05:47:27Z,\N,2023-04-18T16:41:41Z,\N,1,assert
acme:identity_group:grp-00574~79ffb40ad136,identity_group,acme,grp-00574,grp-00574-owns,2023-04-05T02:36:25Z,\N,2023-04-18T22:47:31Z,\N,1,assert
acme:identity_group:grp-00966~cfb5ee81d4db,identity_group,acme,grp-00966,grp-00966-operates,2023-03-08T17:15:47Z,\N,2023-04-19T10:10:28Z,\N,1,assert
acme:identity_group:grp-00723~4f6d2a4ec582,identity_group,acme,grp-00723,grp-00723-identity,2023-03-07T14:15:26Z,\N,2023-04-20T21:38:22Z,\N,1,assert
acme:identity_group:grp-00694~7cd4bbb24868,identity_group,acme,grp-00694,grp-00694-identity,2023-04-19T15:04:28Z,\N,2023-04-23T10:40:58Z,\N,1,assert
acme:identity_group:grp-02031~dfdf2720b934,identity_group,acme,grp-02031,grp-02031-security,2023-04-16T02:16:03Z,\N,2023-04-23T09:30:14Z,\N,1,assert
acme:identity_group:grp-00467~eeeedaa890c4,identity_group,acme,grp-00467,grp-00467-security,2023-04-20T00:24:45Z,\N,2023-04-24T19:29:52Z,\N,1,assert
acme:identity_group:grp-00502~0dba85b727e6,identity_group,acme,grp-00502,grp-00502-security,2023-03-20T09:10:20Z,\N,2023-04-24T17:09:21Z,\N,1,assert
acme:identity_group:grp-00847~d2a80ca54b71,identity_group,acme,grp-00847,grp-00847-owns,2023-03-17T05:53:00Z,\N,2023-04-24T07:05:10Z,\N,1,assert
acme:identity_group:grp-00652~8c522b1bb9ff,identity_group,acme,grp-00652,grp-00652-identity,2023-04-10T02:51:16Z,\N,2023-04-25T19:42:14Z,\N,1,assert
acme:identity_group:grp-00968~56953b4e56de,identity_group,acme,grp-00968,grp-00968-security,2023-04-12T19:33:29Z,\N,2023-04-25T18:08:38Z,\N,1,assert
acme:identity_group:grp-00870~2f5055440900,identity_group,acme,grp-00870,grp-00870-security,2023-03-20T05:27:09Z,\N,2023-04-26T01:25:29Z,\N,1,assert
acme:identity_group:grp-01482~106f71eb7526,identity_group,acme,grp-01482,grp-01482-identity,2023-03-28T01:33:24Z,\N,2023-04-27T00:12:30Z,\N,1,assert
acme:identity_group:grp-00025~8b6281c4fd63,identity_group,acme,grp-00025,grp-00025-identity,2023-04-15T14:51:59Z,\N,2023-04-28T10:52:54Z,\N,1,assert
acme:identity_group:grp-00236~536cd6cb1a29,identity_group,acme,grp-00236,grp-00236-owns,2023-04-18T05:23:54Z,\N,2023-04-28T01:01:55Z,\N,1,assert
acme:identity_group:grp-01289~2fa7c48740ad,identity_group,acme,grp-01289,grp-01289-operates,2023-03-16T16:44:55Z,\N,2023-04-28T03:52:35Z,\N,1,assert
acme:identity_group:grp-01621~283c872584ee,identity_group,acme,grp-01621,grp-01621-identity,2023-04-14T07:16:20Z,\N,2023-04-28T21:14:33Z,\N,1,assert
acme:identity_group:grp-00470~be82d6688e84,identity_group,acme,grp-00470,grp-00470-identity,2023-04-22T17:43:10Z,\N,2023-04-29T03:04:30Z,\N,1,assert
acme:identity_group:grp-02096~34c7715a5489,identity_group,acme,grp-02096,grp-02096-owns,2023-04-16T12:41:37Z,\N,2023-04-29T20:04:03Z,\N,1,assert
acme:identity_group:grp-01408~84b9df20193b,identity_group,acme,grp-01408,grp-01408-identity,2023-04-04T18:08:01Z,\N,2023-04-30T07:08:07Z,\N,1,assert
acme:identity_group:grp-01943~0d87cffe05d5,identity_group,acme,grp-01943,grp-01943-identity,2023-04-02T11:32:14Z,\N,2023-04-30T02:50:50Z,\N,1,assert
acme:identity_group:grp-01120~f3d6b86572f2,identity_group,acme,grp-01120,grp-01120-operates,2023-04-15T00:28:00Z,\N,2023-05-01T06:31:25Z,\N,1,assert
acme:identity_group:grp-01220~624d1c99e1c4,identity_group,acme,grp-01220,grp-01220-identity,2023-04-23T05:21:00Z,\N,2023-05-03T15:30:56Z,\N,1,assert
acme:identity_group:grp-00973~c9416f9fd240,identity_group,acme,grp-00973,grp-00973-identity,2023-03-28T12:05:20Z,\N,2023-05-04T21:34:45Z,\N,1,assert
acme:identity_group:grp-01491~c71efcc69e07,identity_group,acme,grp-01491,grp-01491-owns,2023-03-25T05:44:26Z,\N,2023-05-05T13:42:11Z,\N,1,assert
acme:identity_group:grp-01303~71837d5189db,identity_group,acme,grp-01303,grp-01303-operates,2023-04-22T04:13:41Z,\N,2023-05-06T07:56:12Z,\N,1,assert
acme:identity_group:grp-01579~37df786fc274,identity_group,acme,grp-01579,grp-01579-security,2023-04-03T15:35:52Z,\N,2023-05-07T01:13:57Z,\N,1,assert
acme:identity_group:grp-01694~3880b83d26db,identity_group,acme,grp-01694,grp-01694-identity,2023-04-11T10:42:14Z,\N,2023-05-10T20:30:35Z,\N,1,assert
acme:identity_group:grp-00120~bf2c4a404c1a,identity_group,acme,grp-00120,grp-00120-operates,2023-04-17T03:23:09Z,\N,2023-05-11T10:11:10Z,\N,1,assert
acme:identity_group:grp-01062~ae2762e2ef77,identity_group,acme,grp-01062,grp-01062-security,2023-05-14T17:04:41Z,\N,2023-05-16T16:21:03Z,\N,1,assert
acme:identity_group:grp-00109~dd2de620c98b,identity_group,acme,grp-00109,grp-00109-identity,2023-04-30T11:37:37Z,\N,2023-05-17T03:58:33Z,\N,1,assert
acme:identity_group:grp-01451~7f7308ef4872,identity_group,acme,grp-01451,grp-01451-operates,2023-05-06T08:10:38Z,\N,2023-05-17T17:02:20Z,\N,1,assert
acme:identity_group:grp-01902~673936b0102f,identity_group,acme,grp-01902,grp-01902-security,2023-05-16T10:39:46Z,\N,2023-05-17T18:49:02Z,\N,1,assert
acme:identity_group:grp-00320~8c9432fd091f,identity_group,acme,grp-00320,grp-00320-security,2023-05-06T00:57:14Z,\N,2023-05-18T07:28:11Z,\N,1,assert
acme:identity_group:grp-00624~57f7f62d7267,identity_group,acme,grp-00624,grp-00624-identity,2023-05-14T21:22:04Z,\N,2023-05-18T05:34:58Z,\N,1,assert
acme:identity_group:grp-01279~2211777a4ea5,identity_group,acme,grp-01279,grp-01279-security,2023-05-18T00:50:22Z,\N,2023-05-19T19:38:42Z,\N,1,assert
acme:identity_group:grp-00118~8a99ef5db183,identity_group,acme,grp-00118,grp-00118-owns,2023-04-10T23:30:47Z,\N,2023-05-20T07:43:15Z,\N,1,assert
acme:identity_group:grp-00955~c2746805d92b,identity_group,acme,grp-00955,grp-00955-operates,2023-04-09T19:52:29Z,\N,2023-05-20T00:50:08Z,\N,1,assert
acme:identity_group:grp-01029~811160531af5,identity_group,acme,grp-01029,grp-01029-operates,2023-05-15T14:56:44Z,\N,2023-05-20T16:15:53Z,\N,1,assert
acme:identity_group:grp-00674~405f83f0b00a,identity_group,acme,grp-00674,grp-00674-operates,2023-04-16T05:13:58Z,\N,2023-05-22T02:07:23Z,\N,1,assert
acme:identity_group:grp-00465~0a46beeefa4c,identity_group,acme,grp-00465,grp-00465-operates,2023-05-15T07:57:53Z,\N,2023-05-23T22:11:01Z,\N,1,assert
acme:identity_group:grp-01242~d8405416b390,identity_group,acme,grp-01242,grp-01242-identity,2023-05-09T07:18:30Z,\N,2023-05-23T14:21:37Z,\N,1,assert
acme:identity_group:grp-01436~8e5212028a84,identity_group,acme,grp-01436,grp-01436-owns,2023-04-13T14:04:59Z,\N,2023-05-23T19:03:41Z,\N,1,assert
acme:identity_group:grp-00514~7e187801bac5,identity_group,acme,grp-00514,grp-00514-owns,2023-05-18T17:22:27Z,\N,2023-05-25T16:24:49Z,\N,1,assert
acme:identity_group:grp-01277~49dcdd227780,identity_group,acme,grp-01277,grp-01277-owns,2023-05-19T21:18:34Z,\N,2023-05-25T11:17:34Z,\N,1,assert
acme:identity_group:grp-00180~791fb13f2a16,identity_group,acme,grp-00180,grp-00180-owns,2023-04-21T15:24:48Z,\N,2023-05-28T08:38:10Z,\N,1,assert
acme:identity_group:grp-00603~626a41b71b12,identity_group,acme,grp-00603,grp-00603-operates,2023-05-22T18:51:43Z,\N,2023-05-28T04:18:22Z,\N,1,assert
acme:identity_group:grp-01725~49f1ca1ae9d9,identity_group,acme,grp-01725,grp-01725-identity,2023-05-03T02:16:40Z,\N,2023-05-29T11:47:57Z,\N,1,assert
acme:identity_group:grp-00800~2a1fa341ec9c,identity_group,acme,grp-00800,grp-00800-owns,2023-05-27T17:15:23Z,\N,2023-05-30T16:31:48Z,\N,1,assert
acme:identity_group:grp-01880~ef25d5b16f49,identity_group,acme,grp-01880,grp-01880-owns,2023-05-29T04:23:17Z,\N,2023-05-30T02:32:42Z,\N,1,assert
acme:identity_group:grp-00533~3a9805edda4f,identity_group,acme,grp-00533,grp-00533-identity,2023-05-31T08:37:38Z,\N,2023-05-31T08:37:38Z,\N,1,assert
acme:identity_group:grp-01275~ecd0752b01c6,identity_group,acme,grp-01275,grp-01275-identity,2023-04-26T18:05:40Z,\N,2023-05-31T09:12:38Z,\N,1,assert
acme:identity_group:grp-01516~f55fe0ee81ea,identity_group,acme,grp-01516,grp-01516-identity,2023-04-27T20:41:27Z,\N,2023-05-31T04:00:59Z,\N,1,assert
acme:identity_group:grp-01273~d60a409fc9b2,identity_group,acme,grp-01273,grp-01273-identity,2023-05-28T10:24:42Z,\N,2023-06-02T01:17:49Z,\N,1,assert
acme:identity_group:grp-01261~3e74c3f70714,identity_group,acme,grp-01261,grp-01261-operates,2023-05-29T08:11:29Z,\N,2023-06-03T20:42:00Z,\N,1,assert
acme:identity_group:grp-00061~ca6af80361ba,identity_group,acme,grp-00061,grp-00061-identity,2023-05-17T21:41:40Z,\N,2023-06-04T02:24:57Z,\N,1,assert
acme:identity_group:grp-00555~0a243b67c4a1,identity_group,acme,grp-00555,grp-00555-identity,2023-05-27T10:18:03Z,\N,2023-06-04T16:03:35Z,\N,1,assert
acme:identity_group:grp-00863~617befb46fb4,identity_group,acme,grp-00863,grp-00863-operates,2023-06-03T18:15:02Z,\N,2023-06-04T07:10:37Z,\N,1,assert
acme:identity_group:grp-00912~df4894c85838,identity_group,acme,grp-00912,grp-00912-identity,2023-05-13T19:59:13Z,\N,2023-06-04T20:04:12Z,\N,1,assert
acme:identity_group:grp-01490~fe116c31ffab,identity_group,acme,grp-01490,grp-01490-identity,2023-05-24T18:43:09Z,\N,2023-06-06T17:17:24Z,\N,1,assert
acme:identity_group:grp-00911~49c4045630ce,identity_group,acme,grp-00911,grp-00911-operates,2023-05-20T02:26:26Z,\N,2023-06-07T21:16:20Z,\N,1,assert
acme:identity_group:grp-00942~bb849081a1c3,identity_group,acme,grp-00942,grp-00942-owns,2023-05-03T04:13:36Z,\N,2023-06-07T18:58:06Z,\N,1,assert
acme:identity_group:grp-01566~57490c0afa2f,identity_group,acme,grp-01566,grp-01566-identity,2023-05-19T18:33:41Z,\N,2023-06-07T03:57:21Z,\N,1,assert
acme:identity_group:grp-01771~e4c9a1ff0aaa,identity_group,acme,grp-01771,grp-01771-owns,2023-04-27T06:41:29Z,\N,2023-06-07T04:48:02Z,\N,1,assert
acme:identity_group:grp-02106~7c372154f72a,identity_group,acme,grp-02106,grp-02106-security,2023-05-31T21:52:54Z,\N,2023-06-10T18:05:23Z,\N,1,assert
acme:identity_group:grp-01567~a09df1dfd066,identity_group,acme,grp-01567,grp-01567-identity,2023-05-15T08:32:36Z,\N,2023-06-11T06:18:29Z,\N,1,assert
acme:identity_group:grp-00577~4598552cc996,identity_group,acme,grp-00577,grp-00577-operates,2023-05-30T10:33:00Z,\N,2023-06-15T20:52:59Z,\N,1,assert
acme:identity_group:grp-00089~59fcb32c2581,identity_group,acme,grp-00089,grp-00089-identity,2023-05-25T17:58:00Z,\N,2023-06-16T01:45:35Z,\N,1,assert
acme:identity_group:grp-00391~9a9270798e94,identity_group,acme,grp-00391,grp-00391-identity,2023-06-03T19:38:05Z,\N,2023-06-16T08:22:41Z,\N,1,assert
acme:identity_group:grp-01284~436288f3b41a,identity_group,acme,grp-01284,grp-01284-owns,2023-05-06T18:09:49Z,\N,2023-06-16T05:37:08Z,\N,1,assert
acme:identity_group:grp-00715~bb5f651c1a93,identity_group,acme,grp-00715,grp-00715-operates,2023-06-01T00:08:10Z,\N,2023-06-19T17:04:46Z,\N,1,assert
acme:identity_group:grp-00152~6c8a5f7f8567,identity_group,acme,grp-00152,grp-00152-security,2023-05-28T23:05:46Z,\N,2023-06-20T20:28:12Z,\N,1,assert
acme:identity_group:grp-00698~c44a07458399,identity_group,acme,grp-00698,grp-00698-identity,2023-05-14T23:37:31Z,\N,2023-06-20T03:38:52Z,\N,1,assert
acme:identity_group:grp-01946~90def5e36dbc,identity_group,acme,grp-01946,grp-01946-operates,2023-06-16T12:07:40Z,\N,2023-06-20T19:26:28Z,\N,1,assert
acme:identity_group:grp-00676~7268fa738aa4,identity_group,acme,grp-00676,grp-00676-identity,2023-06-12T22:49:09Z,\N,2023-06-21T07:05:50Z,\N,1,assert
acme:identity_group:grp-00983~34e3049a1c61,identity_group,acme,grp-00983,grp-00983-owns,2023-05-13T04:24:17Z,\N,2023-06-21T20:00:31Z,\N,1,assert
acme:identity_group:grp-01777~c2d3afd5a65f,identity_group,acme,grp-01777,grp-01777-owns,2023-05-30T13:41:07Z,\N,2023-06-21T15:19:22Z,\N,1,assert
acme:identity_group:grp-01364~25dc20951dba,identity_group,acme,grp-01364,grp-01364-security,2023-05-30T11:44:07Z,\N,2023-06-23T22:56:55Z,\N,1,assert
acme:identity_group:grp-00186~fe14933763bb,identity_group,acme,grp-00186,grp-00186-owns,2023-05-28T13:17:16Z,\N,2023-06-25T18:56:20Z,\N,1,assert
acme:identity_group:grp-00527~f91b102988f4,identity_group,acme,grp-00527,grp-00527-owns,2023-06-11T16:05:22Z,\N,2023-06-25T15:22:25Z,\N,1,assert
acme:identity_group:grp-01323~7d9d5f0dbb62,identity_group,acme,grp-01323,grp-01323-operates,2023-06-02T03:34:10Z,\N,2023-06-25T12:50:32Z,\N,1,assert
acme:identity_group:grp-02154~3bda066ff18e,identity_group,acme,grp-02154,grp-02154-identity,2023-06-04T10:12:04Z,\N,2023-06-27T04:50:32Z,\N,1,assert
acme:identity_group:grp-00153~e55318c7135b,identity_group,acme,grp-00153,grp-00153-operates,2023-06-30T17:00:52Z,\N,2023-06-30T17:00:52Z,\N,1,assert
acme:identity_group:grp-00980~db07e11308f0,identity_group,acme,grp-00980,grp-00980-owns,2023-05-27T01:10:21Z,\N,2023-06-30T23:26:59Z,\N,1,assert
acme:identity_group:grp-01008~f65e86a9c7d0,identity_group,acme,grp-01008,grp-01008-owns,2023-06-17T14:45:29Z,\N,2023-07-02T13:23:39Z,\N,1,assert
acme:identity_group:grp-00040~74077ac21aa5,identity_group,acme,grp-00040,grp-00040-identity,2023-07-01T00:49:27Z,\N,2023-07-03T02:30:57Z,\N,1,assert
acme:identity_group:grp-01009~c152943a7bfc,identity_group,acme,grp-01009,grp-01009-owns,2023-06-03T10:37:48Z,\N,2023-07-03T18:35:07Z,\N,1,assert
acme:identity_group:grp-00569~59e22ea1aef9,identity_group,acme,grp-00569,grp-00569-identity,2023-06-04T04:40:39Z,\N,2023-07-05T11:54:27Z,\N,1,assert
acme:identity_group:grp-01002~d73cae5fe708,identity_group,acme,grp-01002,grp-01002-owns,2023-05-29T01:07:36Z,\N,2023-07-05T23:04:48Z,\N,1,assert
acme:identity_group:grp-00604~eea0cbec4de0,identity_group,acme,grp-00604,grp-00604-owns,2023-06-22T01:39:19Z,\N,2023-07-06T00:53:47Z,\N,1,assert
acme:identity_group:grp-02069~fd25c9300386,identity_group,acme,grp-02069,grp-02069-identity,2023-06-30T18:11:07Z,\N,2023-07-07T13:02:17Z,\N,1,assert
acme:identity_group:grp-00006~b1d927fa2598,identity_group,acme,grp-00006,grp-00006-identity,2023-07-08T11:21:01Z,\N,2023-07-08T11:21:01Z,\N,1,assert
acme:identity_group:grp-01897~a85ccdd13aa4,identity_group,acme,grp-01897,grp-01897-owns,2023-07-02T23:57:02Z,\N,2023-07-08T12:37:06Z,\N,1,assert
acme:identity_group:grp-00994~2a5e7cd99b4f,identity_group,acme,grp-00994,grp-00994-owns,2023-07-13T16:32:29Z,\N,2023-07-14T05:27:49Z,\N,1,assert
acme:identity_group:grp-02181~9bc0307a2f90,identity_group,acme,grp-02181,grp-02181-operates,2023-07-13T20:29:19Z,\N,2023-07-15T09:52:57Z,\N,1,assert
acme:identity_group:grp-00345~44da39dcce1c,identity_group,acme,grp-00345,grp-00345-identity,2023-07-13T15:45:02Z,\N,2023-07-16T03:24:24Z,\N,1,assert
acme:identity_group:grp-01428~7f531cadc340,identity_group,acme,grp-01428,grp-01428-identity,2023-06-15T18:31:26Z,\N,2023-07-17T07:43:44Z,\N,1,assert
acme:identity_group:grp-00877~30e76f953b97,identity_group,acme,grp-00877,grp-00877-security,2023-06-10T08:56:04Z,\N,2023-07-19T19:09:15Z,\N,1,assert
acme:identity_group:grp-02183~7c5620d570e1,identity_group,acme,grp-02183,grp-02183-security,2023-07-09T15:26:33Z,\N,2023-07-19T22:23:20Z,\N,1,assert
acme:identity_group:grp-00332~403c659d5b92,identity_group,acme,grp-00332,grp-00332-owns,2023-06-27T20:39:49Z,\N,2023-07-20T03:25:27Z,\N,1,assert
acme:identity_group:grp-00940~f2f4a3cef8f6,identity_group,acme,grp-00940,grp-00940-owns,2023-07-15T12:42:18Z,\N,2023-07-20T11:24:49Z,\N,1,assert
acme:identity_group:grp-01010~3197ed09b22e,identity_group,acme,grp-01010,grp-01010-security,2023-07-12T00:20:16Z,\N,2023-07-21T23:33:16Z,\N,1,assert
acme:identity_group:grp-01448~600ec5910b52,identity_group,acme,grp-01448,grp-01448-identity,2023-06-15T11:47:46Z,\N,2023-07-22T01:04:30Z,\N,1,assert
acme:identity_group:grp-01582~2e1398c46072,identity_group,acme,grp-01582,grp-01582-owns,2023-06-29T12:05:07Z,\N,2023-07-22T06:13:41Z,\N,1,assert
acme:identity_group:grp-01787~3bc750024708,identity_group,acme,grp-01787,grp-01787-owns,2023-06-13T12:15:44Z,\N,2023-07-23T05:03:50Z,\N,1,assert
acme:identity_group:grp-00404~6f1c27e50c2d,identity_group,acme,grp-00404,grp-00404-identity,2023-07-14T20:46:26Z,\N,2023-07-24T10:51:58Z,\N,1,assert
acme:identity_group:grp-01453~209196ae0638,identity_group,acme,grp-01453,grp-01453-identity,2023-06-21T18:15:12Z,\N,2023-07-24T06:04:14Z,\N,1,assert
acme:identity_group:grp-02140~cdf8a54a4ce3,identity_group,acme,grp-02140,grp-02140-operates,2023-07-12T08:55:53Z,\N,2023-07-24T22:56:50Z,\N,1,assert
acme:identity_group:grp-02015~fb3d5fb79e7b,identity_group,acme,grp-02015,grp-02015-identity,2023-07-16T10:53:14Z,\N,2023-07-25T05:07:33Z,\N,1,assert
acme:identity_group:grp-01721~a36fd267a923,identity_group,acme,grp-01721,grp-01721-security,2023-06-26T00:48:55Z,\N,2023-07-30T14:43:07Z,\N,1,assert
acme:identity_group:grp-02179~4f1cf5800868,identity_group,acme,grp-02179,grp-02179-security,2023-06-20T12:28:04Z,\N,2023-07-30T15:28:24Z,\N,1,assert
acme:identity_group:grp-01087~ce576f161193,identity_group,acme,grp-01087,grp-01087-operates,2023-07-02T05:25:00Z,\N,2023-07-31T08:38:44Z,\N,1,assert
acme:identity_group:grp-01630~918128cc8419,identity_group,acme,grp-01630,grp-01630-identity,2023-06-20T06:58:57Z,\N,2023-07-31T18:12:33Z,\N,1,assert
acme:identity_group:grp-00540~ba095dfa3ee9,identity_group,acme,grp-00540,grp-00540-operates,2023-06-22T22:20:11Z,\N,2023-08-01T14:15:51Z,\N,1,assert
acme:identity_group:grp-01375~7278583d63e6,identity_group,acme,grp-01375,grp-01375-security,2023-07-17T18:50:59Z,\N,2023-08-02T09:03:30Z,\N,1,assert
acme:identity_group:grp-02109~208217a649ad,identity_group,acme,grp-02109,grp-02109-identity,2023-07-17T10:08:48Z,\N,2023-08-03T05:08:53Z,\N,1,assert
acme:identity_group:grp-00566~a08deb723e7e,identity_group,acme,grp-00566,grp-00566-owns,2023-07-22T01:49:50Z,\N,2023-08-04T16:06:36Z,\N,1,assert
acme:identity_group:grp-01578~85c6f75a3c4d,identity_group,acme,grp-01578,grp-01578-security,2023-07-03T04:35:23Z,\N,2023-08-06T00:12:48Z,\N,1,assert
acme:identity_group:grp-01584~6faa33b627ac,identity_group,acme,grp-01584,grp-01584-operates,2023-07-03T09:55:28Z,\N,2023-08-07T10:08:35Z,\N,1,assert
acme:identity_group:grp-01704~4a7123ebad4c,identity_group,acme,grp-01704,grp-01704-identity,2023-07-27T00:39:17Z,\N,2023-08-08T05:53:35Z,\N,1,assert
acme:identity_group:grp-01831~e7f535045bda,identity_group,acme,grp-01831,grp-01831-owns,2023-08-01T20:05:08Z,\N,2023-08-08T07:11:30Z,\N,1,assert
acme:identity_group:grp-01929~9c6cffb69bbb,identity_group,acme,grp-01929,grp-01929-security,2023-07-16T22:40:53Z,\N,2023-08-09T01:21:23Z,\N,1,assert
acme:identity_group:grp-00840~7bc0d5aa8015,identity_group,acme,grp-00840,grp-00840-identity,2023-07-15T05:14:00Z,\N,2023-08-13T21:29:09Z,\N,1,assert
acme:identity_group:grp-01526~11314717d8d3,identity_group,acme,grp-01526,grp-01526-operates,2023-06-30T11:50:35Z,\N,2023-08-13T14:49:32Z,\N,1,assert
acme:identity_group:grp-01850~fb8d347406e1,identity_group,acme,grp-01850,grp-01850-identity,2023-07-10T14:38:02Z,\N,2023-08-15T21:49:51Z,\N,1,assert
acme:identity_group:grp-01830~9e52be2d4706,identity_group,acme,grp-01830,grp-01830-owns,2023-07-28T19:18:13Z,\N,2023-08-18T17:42:59Z,\N,1,assert
acme:identity_group:grp-00443~133332aa3274,identity_group,acme,grp-00443,grp-00443-identity,2023-07-20T05:06:04Z,\N,2023-08-21T01:53:28Z,\N,1,assert
acme:identity_group:grp-00232~6561d2d0eba0,identity_group,acme,grp-00232,grp-00232-owns,2023-08-12T21:11:17Z,\N,2023-08-22T15:35:49Z,\N,1,assert
acme:identity_group:grp-01853~c8023610452f,identity_group,acme,grp-01853,grp-01853-identity,2023-07-31T07:59:53Z,\N,2023-08-23T13:47:00Z,\N,1,assert
acme:identity_group:grp-00114~138a12a2e574,identity_group,acme,grp-00114,grp-00114-owns,2023-07-16T20:59:42Z,\N,2023-08-25T01:10:04Z,\N,1,assert
acme:identity_group:grp-00615~0d106350d8f9,identity_group,acme,grp-00615,grp-00615-owns,2023-07-27T13:53:51Z,\N,2023-08-25T19:12:12Z,\N,1,assert
acme:identity_group:grp-00786~338f179223f4,identity_group,acme,grp-00786,grp-00786-operates,2023-08-03T09:06:57Z,\N,2023-08-27T14:09:18Z,\N,1,assert
acme:identity_group:grp-01703~1065aec4aa20,identity_group,acme,grp-01703,grp-01703-operates,2023-08-04T08:45:55Z,\N,2023-08-27T02:08:57Z,\N,1,assert
acme:identity_group:grp-01247~17eeb5dd09d9,identity_group,acme,grp-01247,grp-01247-security,2023-07-27T01:43:33Z,\N,2023-08-30T06:23:04Z,\N,1,assert
acme:identity_group:grp-01674~3d907551b49f,identity_group,acme,grp-01674,grp-01674-security,2023-07-17T01:44:51Z,\N,2023-08-30T19:04:18Z,\N,1,assert
acme:identity_group:grp-00012~cf990412fd75,identity_group,acme,grp-00012,grp-00012-owns,2023-08-11T10:22:45Z,\N,2023-09-01T01:27:03Z,\N,1,assert
acme:identity_group:grp-00327~eafdceaef969,identity_group,acme,grp-00327,grp-00327-owns,2023-09-01T23:08:26Z,\N,2023-09-03T09:33:04Z,\N,1,assert
acme:identity_group:grp-00371~4b2e4d08bcd3,identity_group,acme,grp-00371,grp-00371-identity,2023-07-27T21:37:27Z,\N,2023-09-04T19:23:51Z,\N,1,assert
acme:identity_group:grp-01772~85cf66b1b268,identity_group,acme,grp-01772,grp-01772-identity,2023-08-20T12:13:44Z,\N,2023-09-05T15:57:23Z,\N,1,assert
acme:identity_group:grp-01975~9615104c71cb,identity_group,acme,grp-01975,grp-01975-identity,2023-08-27T22:47:09Z,\N,2023-09-05T16:01:29Z,\N,1,assert
acme:identity_group:grp-00156~08faaf402dfc,identity_group,acme,grp-00156,grp-00156-security,2023-08-10T23:06:17Z,\N,2023-09-07T00:02:06Z,\N,1,assert
acme:identity_group:grp-00097~43e627f1b005,identity_group,acme,grp-00097,grp-00097-operates,2023-08-11T21:11:18Z,\N,2023-09-08T10:45:00Z,\N,1,assert
acme:identity_group:grp-01248~31e4d9898c0b,identity_group,acme,grp-01248,grp-01248-security,2023-08-11T14:50:17Z,\N,2023-09-09T07:11:49Z,\N,1,assert
acme:identity_group:grp-01317~581e6b73a4a1,identity_group,acme,grp-01317,grp-01317-owns,2023-08-04T11:00:06Z,\N,2023-09-09T02:13:20Z,\N,1,assert
acme:identity_group:grp-02153~b69416ce756e,identity_group,acme,grp-02153,grp-02153-security,2023-09-09T12:23:48Z,\N,2023-09-09T12:23:48Z,\N,1,assert
acme:identity_group:grp-01309~59dfcb055f2b,identity_group,acme,grp-01309,grp-01309-identity,2023-08-03T07:00:33Z,\N,2023-09-10T14:02:43Z,\N,1,assert
acme:identity_group:grp-01913~a73f9c6bcf9a,identity_group,acme,grp-01913,grp-01913-identity,2023-08-08T02:52:30Z,\N,2023-09-10T11:15:52Z,\N,1,assert
acme:identity_group:grp-01264~7ffddf23d2b0,identity_group,acme,grp-01264,grp-01264-identity,2023-09-01T10:15:21Z,\N,2023-09-11T00:12:12Z,\N,1,assert
acme:identity_group:grp-01810~37c2a5916d33,identity_group,acme,grp-01810,grp-01810-owns,2023-09-08T02:25:48Z,\N,2023-09-11T01:36:22Z,\N,1,assert
acme:identity_group:grp-00337~e2a02bf66117,identity_group,acme,grp-00337,grp-00337-security,2023-08-14T03:15:37Z,\N,2023-09-12T21:55:11Z,\N,1,assert
acme:identity_group:grp-00209~081bc3603860,identity_group,acme,grp-00209,grp-00209-security,2023-09-06T01:06:01Z,\N,2023-09-15T22:05:22Z,\N,1,assert
acme:identity_group:grp-01506~9df5f667caf4,identity_group,acme,grp-01506,grp-01506-operates,2023-09-05T07:56:11Z,\N,2023-09-15T02:06:22Z,\N,1,assert
acme:identity_group:grp-00358~34e9250eed50,identity_group,acme,grp-00358,grp-00358-identity,2023-09-05T08:17:46Z,\N,2023-09-16T11:04:16Z,\N,1,assert
acme:identity_group:grp-01050~d4622de48f22,identity_group,acme,grp-01050,grp-01050-operates,2023-09-07T21:35:38Z,\N,2023-09-16T03:42:25Z,\N,1,assert
acme:identity_group:grp-00082~b8de19d147d1,identity_group,acme,grp-00082,grp-00082-identity,2023-08-19T23:41:10Z,\N,2023-09-17T15:55:15Z,\N,1,assert
acme:identity_group:grp-00908~3ff80768c827,identity_group,acme,grp-00908,grp-00908-owns,2023-09-08T03:44:25Z,\N,2023-09-17T18:24:30Z,\N,1,assert
acme:identity_group:grp-01656~f36b2cc6ad44,identity_group,acme,grp-01656,grp-01656-security,2023-09-13T07:30:26Z,\N,2023-09-17T04:23:17Z,\N,1,assert
acme:identity_group:grp-00826~34b0fd24593d,identity_group,acme,grp-00826,grp-00826-owns,2023-09-03T15:13:45Z,\N,2023-09-18T09:14:46Z,\N,1,assert
acme:identity_group:grp-01235~e9ac8338d012,identity_group,acme,grp-01235,grp-01235-security,2023-08-23T14:50:20Z,\N,2023-09-21T14:46:46Z,\N,1,assert
acme:identity_group:grp-01471~5a5263d6e1b8,identity_group,acme,grp-01471,grp-01471-owns,2023-09-04T11:47:20Z,\N,2023-09-21T23:19:21Z,\N,1,assert
acme:identity_group:grp-02079~82575b53f956,identity_group,acme,grp-02079,grp-02079-owns,2023-08-24T01:43:07Z,\N,2023-09-21T08:58:42Z,\N,1,assert
acme:identity_group:grp-01980~6fd4304f807b,identity_group,acme,grp-01980,grp-01980-operates,2023-09-11T12:16:19Z,\N,2023-09-22T06:36:39Z,\N,1,assert
acme:identity_group:grp-01093~ce970a36f16c,identity_group,acme,grp-01093,grp-01093-operates,2023-09-19T00:38:41Z,\N,2023-09-23T00:05:51Z,\N,1,assert
acme:identity_group:grp-01530~de0ce8926633,identity_group,acme,grp-01530,grp-01530-security,2023-08-14T19:19:57Z,\N,2023-09-23T10:15:25Z,\N,1,assert
acme:identity_group:grp-01629~13b6599296b9,identity_group,acme,grp-01629,grp-01629-owns,2023-08-29T12:57:41Z,\N,2023-09-27T05:37:52Z,\N,1,assert
acme:identity_group:grp-00137~23892314f72b,identity_group,acme,grp-00137,grp-00137-owns,2023-08-21T22:50:53Z,\N,2023-09-28T20:28:04Z,\N,1,assert
acme:identity_group:grp-00610~a43a62221bc8,identity_group,acme,grp-00610,grp-00610-owns,2023-09-17T07:52:46Z,\N,2023-09-29T07:12:55Z,\N,1,assert
acme:identity_group:grp-01472~ce4d2cc39bd2,identity_group,acme,grp-01472,grp-01472-operates,2023-08-19T23:28:16Z,\N,2023-09-30T01:44:39Z,\N,1,assert
acme:identity_group:grp-00707~b84723cb7ba9,identity_group,acme,grp-00707,grp-00707-owns,2023-09-23T00:07:59Z,\N,2023-10-03T20:15:05Z,\N,1,assert
acme:identity_group:grp-00437~c715e81d12d2,identity_group,acme,grp-00437,grp-00437-security,2023-09-20T14:25:02Z,\N,2023-10-04T22:17:24Z,\N,1,assert
acme:identity_group:grp-02000~708be1a48581,identity_group,acme,grp-02000,grp-02000-identity,2023-10-02T07:38:31Z,\N,2023-10-05T18:37:42Z,\N,1,assert
acme:identity_group:grp-01191~4aeff71d4f8f,identity_group,acme,grp-01191,grp-01191-identity,2023-09-26T15:21:27Z,\N,2023-10-06T01:30:32Z,\N,1,assert
acme:identity_group:grp-00017~7e48bd8eaca8,identity_group,acme,grp-00017,grp-00017-operates,2023-09-29T13:38:47Z,\N,2023-10-07T02:57:58Z,\N,1,assert
acme:identity_group:grp-00304~7b5f19f38981,identity_group,acme,grp-00304,grp-00304-operates,2023-10-05T00:07:51Z,\N,2023-10-07T07:25:46Z,\N,1,assert
acme:identity_group:grp-00954~18e4e1ac1273,identity_group,acme,grp-00954,grp-00954-identity,2023-08-28T06:06:53Z,\N,2023-10-07T04:59:08Z,\N,1,assert
acme:identity_group:grp-00959~900e12b91ef7,identity_group,acme,grp-00959,grp-00959-security,2023-09-01T10:43:48Z,\N,2023-10-08T22:02:42Z,\N,1,assert
acme:identity_group:grp-01863~dd43baa260b2,identity_group,acme,grp-01863,grp-01863-owns,2023-09-03T12:01:49Z,\N,2023-10-08T23:33:26Z,\N,1,assert
acme:identity_group:grp-00048~7da7ddc01a11,identity_group,acme,grp-00048,grp-00048-identity,2023-09-08T20:26:11Z,\N,2023-10-09T20:47:33Z,\N,1,assert
acme:identity_group:grp-01145~1b2d4ee7c4b0,identity_group,acme,grp-01145,grp-01145-security,2023-09-18T01:47:39Z,\N,2023-10-11T20:27:06Z,\N,1,assert
acme:identity_group:grp-01039~064c2b45ae3a,identity_group,acme,grp-01039,grp-01039-identity,2023-10-09T11:14:20Z,\N,2023-10-12T17:49:10Z,\N,1,assert
acme:identity_group:grp-01350~a5cbba594266,identity_group,acme,grp-01350,grp-01350-operates,2023-10-02T19:46:26Z,\N,2023-10-12T10:39:23Z,\N,1,assert
acme:identity_group:grp-01816~41e7ffa6035d,identity_group,acme,grp-01816,grp-01816-owns,2023-09-16T14:33:09Z,\N,2023-10-12T08:18:16Z,\N,1,assert
acme:identity_group:grp-00028~1cc525b7e0c4,identity_group,acme,grp-00028,grp-00028-operates,2023-10-12T03:22:49Z,\N,2023-10-14T08:23:17Z,\N,1,assert
acme:identity_group:grp-00335~4cd5e039b496,identity_group,acme,grp-00335,grp-00335-identity,2023-10-07T12:29:59Z,\N,2023-10-14T02:22:43Z,\N,1,assert
acme:identity_group:grp-00542~8db2afb091f5,identity_group,acme,grp-00542,grp-00542-owns,2023-09-24T13:19:21Z,\N,2023-10-14T06:22:18Z,\N,1,assert
acme:identity_group:grp-00649~8958ec15d619,identity_group,acme,grp-00649,grp-00649-identity,2023-10-11T15:18:31Z,\N,2023-10-15T16:02:51Z,\N,1,assert
acme:identity_group:grp-00814~f636e4f2783e,identity_group,acme,grp-00814,grp-00814-owns,2023-10-09T10:25:02Z,\N,2023-10-15T12:18:01Z,\N,1,assert
acme:identity_group:grp-00860~a34d179f477f,identity_group,acme,grp-00860,grp-00860-security,2023-10-04T13:28:58Z,\N,2023-10-15T12:57:12Z,\N,1,assert
acme:identity_group:grp-00772~af810903b652,identity_group,acme,grp-00772,grp-00772-identity,2023-10-02T09:01:28Z,\N,2023-10-22T21:02:50Z,\N,1,assert
acme:identity_group:grp-01230~ea0e8fbb358e,identity_group,acme,grp-01230,grp-01230-owns,2023-09-20T23:49:42Z,\N,2023-10-22T23:28:02Z,\N,1,assert
acme:identity_group:grp-01864~d666ee6eb5a3,identity_group,acme,grp-01864,grp-01864-operates,2023-10-14T17:34:54Z,\N,2023-10-22T06:23:28Z,\N,1,assert
acme:identity_group:grp-00281~166625d15fa8,identity_group,acme,grp-00281,grp-00281-operates,2023-09-10T19:02:35Z,\N,2023-10-23T09:10:12Z,\N,1,assert
acme:identity_group:grp-01221~75662f6cedfe,identity_group,acme,grp-01221,grp-01221-owns,2023-10-19T12:22:42Z,\N,2023-10-28T00:42:58Z,\N,1,assert
acme:identity_group:grp-00638~a601791f758a,identity_group,acme,grp-00638,grp-00638-owns,2023-09-17T10:30:13Z,\N,2023-10-29T20:57:49Z,\N,1,assert
acme:identity_group:grp-00901~2a82805fc666,identity_group,acme,grp-00901,grp-00901-identity,2023-09-23T22:52:00Z,\N,2023-10-29T21:11:13Z,\N,1,assert
acme:identity_group:grp-02101~52eb6b4e2f89,identity_group,acme,grp-02101,grp-02101-owns,2023-09-21T14:19:58Z,\N,2023-10-29T10:14:28Z,\N,1,assert
acme:identity_group:grp-00292~a03d28de3311,identity_group,acme,grp-00292,grp-00292-owns,2023-10-22T10:31:50Z,\N,2023-10-31T05:48:01Z,\N,1,assert
acme:identity_group:grp-00704~706209f6ec11,identity_group,acme,grp-00704,grp-00704-security,2023-10-09T10:40:00Z,\N,2023-10-31T14:04:24Z,\N,1,assert
acme:identity_group:grp-01948~c86422391254,identity_group,acme,grp-01948,grp-01948-security,2023-10-12T00:44:02Z,\N,2023-10-31T12:20:24Z,\N,1,assert
acme:identity_group:grp-01838~7e337cf8db2c,identity_group,acme,grp-01838,grp-01838-identity,2023-10-30T18:11:50Z,\N,2023-11-03T22:59:26Z,\N,1,assert
acme:identity_group:grp-02157~69711b235602,identity_group,acme,grp-02157,grp-02157-operates,2023-10-31T05:55:31Z,\N,2023-11-04T03:03:29Z,\N,1,assert
acme:identity_group:grp-02040~2969288b009a,identity_group,acme,grp-02040,grp-02040-owns,2023-10-04T16:44:14Z,\N,2023-11-05T07:48:03Z,\N,1,assert
acme:identity_group:grp-02041~fd21670c0bc5,identity_group,acme,grp-02041,grp-02041-identity,2023-11-02T02:21:19Z,\N,2023-11-05T21:20:35Z,\N,1,assert
acme:identity_group:grp-01040~9ecc4e505b71,identity_group,acme,grp-01040,grp-01040-security,2023-10-18T23:50:58Z,\N,2023-11-06T16:57:36Z,\N,1,assert
acme:identity_group:grp-01231~ead544521b80,identity_group,acme,grp-01231,grp-01231-owns,2023-09-25T20:52:03Z,\N,2023-11-08T07:10:11Z,\N,1,assert
acme:identity_group:grp-01457~f1721ba434dc,identity_group,acme,grp-01457,grp-01457-owns,2023-10-09T10:00:26Z,\N,2023-11-08T09:28:45Z,\N,1,assert
acme:identity_group:grp-00248~2e5f2a3f5b86,identity_group,acme,grp-00248,grp-00248-security,2023-09-30T22:43:35Z,\N,2023-11-09T15:17:10Z,\N,1,assert
acme:identity_group:grp-00872~da412ee213fc,identity_group,acme,grp-00872,grp-00872-identity,2023-10-18T06:22:57Z,\N,2023-11-10T01:35:46Z,\N,1,assert
acme:identity_group:grp-01159~ca78ca483977,identity_group,acme,grp-01159,grp-01159-security,2023-10-02T07:26:36Z,\N,2023-11-11T23:23:58Z,\N,1,assert
acme:identity_group:grp-02129~ac3bcb5d5d87,identity_group,acme,grp-02129,grp-02129-identity,2023-11-11T21:21:58Z,\N,2023-11-11T21:21:58Z,\N,1,assert
acme:identity_group:grp-00599~7c237aad6731,identity_group,acme,grp-00599,grp-00599-owns,2023-10-20T11:25:27Z,\N,2023-11-12T10:52:27Z,\N,1,assert
acme:identity_group:grp-01751~664cf6e18dae,identity_group,acme,grp-01751,grp-01751-operates,2023-10-27T00:51:11Z,\N,2023-11-12T04:56:11Z,\N,1,assert
acme:identity_group:grp-00943~7b4d0fcdce8e,identity_group,acme,grp-00943,grp-00943-identity,2023-10-09T15:58:33Z,\N,2023-11-13T09:36:39Z,\N,1,assert
acme:identity_group:grp-00105~fdbd597c9f4a,identity_group,acme,grp-00105,grp-00105-identity,2023-11-13T14:23:08Z,\N,2023-11-14T04:41:11Z,\N,1,assert
acme:identity_group:grp-00207~7ca929b7cd7b,identity_group,acme,grp-00207,grp-00207-identity,2023-10-11T19:04:51Z,\N,2023-11-15T01:33:41Z,\N,1,assert
acme:identity_group:grp-00761~d549f6662ab0,identity_group,acme,grp-00761,grp-00761-owns,2023-11-15T21:28:25Z,\N,2023-11-16T10:53:47Z,\N,1,assert
acme:identity_group:grp-01707~058b7a3c5300,identity_group,acme,grp-01707,grp-01707-identity,2023-10-26T08:48:18Z,\N,2023-11-18T22:45:09Z,\N,1,assert
acme:identity_group:grp-00015~9f6e0a76e21f,identity_group,acme,grp-00015,grp-00015-security,2023-10-09T13:06:40Z,\N,2023-11-21T07:42:26Z,\N,1,assert
acme:identity_group:grp-01877~256bb5cbb377,identity_group,acme,grp-01877,grp-01877-security,2023-10-15T19:17:04Z,\N,2023-11-21T11:04:59Z,\N,1,assert
acme:identity_group:grp-01595~591ff0c265a1,identity_group,acme,grp-01595,grp-01595-operates,2023-11-16T02:04:45Z,\N,2023-11-23T23:21:59Z,\N,1,assert
acme:identity_group:grp-00945~e08e3d1dd8df,identity_group,acme,grp-00945,grp-00945-owns,2023-11-23T08:14:51Z,\N,2023-11-25T08:07:36Z,\N,1,assert
acme:identity_group:grp-01645~1f426c832494,identity_group,acme,grp-01645,grp-01645-identity,2023-11-29T16:06:26Z,\N,2023-12-02T14:43:54Z,\N,1,assert
acme:identity_group:grp-00484~6aaa6cab1003,identity_group,acme,grp-00484,grp-00484-security,2023-11-09T20:38:21Z,\N,2023-12-03T04:13:12Z,\N,1,assert
acme:identity_group:grp-00593~35b87137ea7e,identity_group,acme,grp-00593,grp-00593-security,2023-11-05T18:41:50Z,\N,2023-12-03T12:02:04Z,\N,1,assert
acme:identity_group:grp-00811~f30b29a1655e,identity_group,acme,grp-00811,grp-00811-security,2023-11-11T21:40:57Z,\N,2023-12-05T17:05:19Z,\N,1,assert
acme:identity_group:grp-00080~cb47d3ad4e45,identity_group,acme,grp-00080,grp-00080-owns,2023-10-28T06:55:59Z,\N,2023-12-09T00:16:41Z,\N,1,assert
acme:identity_group:grp-00988~60e85c50c632,identity_group,acme,grp-00988,grp-00988-owns,2023-10-27T04:59:39Z,\N,2023-12-09T09:08:54Z,\N,1,assert
acme:identity_group:grp-01952~331216dfd871,identity_group,acme,grp-01952,grp-01952-security,2023-10-31T06:16:15Z,\N,2023-12-09T15:51:08Z,\N,1,assert
acme:identity_group:grp-00147~8c0beeb3c438,identity_group,acme,grp-00147,grp-00147-operates,2023-11-01T09:01:19Z,\N,2023-12-10T12:45:01Z,\N,1,assert
acme:identity_group:grp-00963~eff328f7c2c0,identity_group,acme,grp-00963,grp-00963-security,2023-11-21T02:07:17Z,\N,2023-12-11T04:34:00Z,\N,1,assert
acme:identity_group:grp-01000~3701972e0da5,identity_group,acme,grp-01000,grp-01000-operates,2023-11-09T22:45:45Z,\N,2023-12-12T17:55:45Z,\N,1,assert
acme:identity_group:grp-00282~83b98f6ccbf8,identity_group,acme,grp-00282,grp-00282-operates,2023-12-01T01:53:09Z,\N,2023-12-13T11:41:47Z,\N,1,assert
acme:identity_group:grp-00433~8c4faf874d5c,identity_group,acme,grp-00433,grp-00433-operates,2023-11-21T10:51:11Z,\N,2023-12-13T07:38:42Z,\N,1,assert
acme:identity_group:grp-01510~c50bafa38586,identity_group,acme,grp-01510,grp-01510-security,2023-12-10T01:32:22Z,\N,2023-12-14T07:07:18Z,\N,1,assert
acme:identity_group:grp-00400~87fb20a878a4,identity_group,acme,grp-00400,grp-00400-operates,2023-11-05T11:48:28Z,\N,2023-12-15T12:13:35Z,\N,1,assert
acme:identity_group:grp-01608~a5cf84e1a87d,identity_group,acme,grp-01608,grp-01608-operates,2023-11-09T20:47:00Z,\N,2023-12-16T14:47:16Z,\N,1,assert
acme:identity_group:grp-01955~1a9ffcdc28e3,identity_group,acme,grp-01955,grp-01955-operates,2023-11-12T00:39:50Z,\N,2023-12-16T12:18:46Z,\N,1,assert
acme:identity_group:grp-00325~ad441435931a,identity_group,acme,grp-00325,grp-00325-operates,2023-11-24T14:51:06Z,\N,2023-12-17T02:26:45Z,\N,1,assert
acme:identity_group:grp-01176~bca71f6c9e24,identity_group,acme,grp-01176,grp-01176-identity,2023-12-11T07:35:47Z,\N,2023-12-17T11:05:17Z,\N,1,assert
acme:identity_group:grp-01905~c10c17b579e8,identity_group,acme,grp-01905,grp-01905-owns,2023-12-16T21:47:14Z,\N,2023-12-17T00:29:31Z,\N,1,assert
acme:identity_group:grp-01974~d43857fd2944,identity_group,acme,grp-01974,grp-01974-owns,2023-12-09T15:12:56Z,\N,2023-12-17T03:00:55Z,\N,1,assert
acme:identity_group:grp-01628~169f18f34485,identity_group,acme,grp-01628,grp-01628-identity,2023-11-17T06:48:49Z,\N,2023-12-18T04:46:25Z,\N,1,assert
acme:identity_group:grp-00179~8a134ef81d00,identity_group,acme,grp-00179,grp-00179-identity,2023-12-11T18:56:52Z,\N,2023-12-19T09:38:32Z,\N,1,assert
acme:identity_group:grp-00058~b05d60359e93,identity_group,acme,grp-00058,grp-00058-operates,2023-12-07T11:37:18Z,\N,2023-12-20T20:45:17Z,\N,1,assert
acme:identity_group:grp-00503~026df9ff3e2c,identity_group,acme,grp-00503,grp-00503-security,2023-12-06T00:04:41Z,\N,2023-12-20T02:43:35Z,\N,1,assert
acme:identity_group:grp-01352~a6fe520b74d3,identity_group,acme,grp-01352,grp-01352-identity,2023-11-17T15:08:58Z,\N,2023-12-21T13:02:15Z,\N,1,assert
acme:identity_group:grp-02074~79163e635fcc,identity_group,acme,grp-02074,grp-02074-operates,2023-11-23T00:07:41Z,\N,2023-12-23T13:38:23Z,\N,1,assert
acme:identity_group:grp-00134~857ffd1658fb,identity_group,acme,grp-00134,grp-00134-security,2023-12-19T17:10:09Z,\N,2023-12-24T09:35:05Z,\N,1,assert
acme:identity_group:grp-00344~637faf2d4f71,identity_group,acme,grp-00344,grp-00344-owns,2023-11-13T03:04:42Z,\N,2023-12-24T10:51:19Z,\N,1,assert
acme:identity_group:grp-00383~70653fc6e77c,identity_group,acme,grp-00383,grp-00383-security,2023-11-19T15:16:11Z,\N,2023-12-24T08:22:32Z,\N,1,assert
acme:identity_group:grp-01135~1bb0edb0a56d,identity_group,acme,grp-01135,grp-01135-operates,2023-11-24T09:56:48Z,\N,2023-12-24T03:13:43Z,\N,1,assert
acme:identity_group:grp-01885~f4cc7cbc8d0a,identity_group,acme,grp-01885,grp-01885-owns,2023-12-07T20:33:05Z,\N,2023-12-24T13:29:25Z,\N,1,assert
acme:identity_group:grp-01755~197f082abd08,identity_group,acme,grp-01755,grp-01755-owns,2023-11-20T21:16:33Z,\N,2023-12-25T12:38:39Z,\N,1,assert
acme:identity_group:grp-01996~47f0dea0d329,identity_group,acme,grp-01996,grp-01996-operates,2023-12-15T04:30:15Z,\N,2023-12-26T04:09:24Z,\N,1,assert
acme:identity_group:grp-02158~39e87d4eb9ff,identity_group,acme,grp-02158,grp-02158-identity,2023-11-26T20:44:55Z,\N,2023-12-26T06:21:13Z,\N,1,assert
acme:identity_group:grp-00233~a183ef8634ea,identity_group,acme,grp-00233,grp-00233-operates,2023-12-14T17:42:48Z,\N,2023-12-28T01:44:11Z,\N,1,assert
acme:identity_group:grp-02139~4672336f7a37,identity_group,acme,grp-02139,grp-02139-owns,2023-11-25T03:54:06Z,\N,2023-12-28T14:57:15Z,\N,1,assert
acme:identity_group:grp-00324~6072d5e6365e,identity_group,acme,grp-00324,grp-00324-identity,2023-12-28T15:49:08Z,\N,2023-12-29T01:45:11Z,\N,1,assert
acme:identity_group:grp-00935~6f321776f2f0,identity_group,acme,grp-00935,grp-00935-owns,2023-12-27T21:25:13Z,\N,2023-12-29T21:08:23Z,\N,1,assert
acme:identity_group:grp-00214~99a036c242bf,identity_group,acme,grp-00214,grp-00214-operates,2023-11-25T18:12:26Z,\N,2023-12-31T12:03:31Z,\N,1,assert
acme:identity_group:grp-01030~3718da103a7f,identity_group,acme,grp-01030,grp-01030-owns,2023-11-21T22:29:34Z,\N,2023-12-31T05:25:18Z,\N,1,assert
acme:identity_group:grp-00461~cc4e0c6351b3,identity_group,acme,grp-00461,grp-00461-operates,2023-12-11T21:42:25Z,\N,2024-01-01T21:38:52Z,\N,1,assert
acme:identity_group:grp-01384~f55dc04d7a61,identity_group,acme,grp-01384,grp-01384-identity,2023-12-11T12:01:50Z,\N,2024-01-02T20:00:01Z,\N,1,assert
acme:identity_group:grp-01542~e3d4eca1d99c,identity_group,acme,grp-01542,grp-01542-security,2023-12-19T09:26:52Z,\N,2024-01-02T14:05:11Z,\N,1,assert
acme:identity_group:grp-01336~d13f09f5e11b,identity_group,acme,grp-01336,grp-01336-identity,2023-12-28T16:25:22Z,\N,2024-01-03T02:05:49Z,\N,1,assert
acme:identity_group:grp-00982~04e7a35c6f04,identity_group,acme,grp-00982,grp-00982-identity,2023-12-31T18:36:34Z,\N,2024-01-06T04:58:23Z,\N,1,assert
acme:identity_group:grp-02004~c197e634c6d8,identity_group,acme,grp-02004,grp-02004-operates,2023-11-26T13:31:24Z,\N,2024-01-06T18:07:11Z,\N,1,assert
acme:identity_group:grp-01855~f495d14ee579,identity_group,acme,grp-01855,grp-01855-operates,2023-12-12T12:35:18Z,\N,2024-01-07T05:19:24Z,\N,1,assert
acme:identity_group:grp-00110~2ad698c9e633,identity_group,acme,grp-00110,grp-00110-security,2023-12-21T00:57:19Z,\N,2024-01-08T07:16:24Z,\N,1,assert
acme:identity_group:grp-00779~17bf0350ebf9,identity_group,acme,grp-00779,grp-00779-operates,2023-12-30T13:07:09Z,\N,2024-01-08T10:31:14Z,\N,1,assert
acme:identity_group:grp-00641~6cca9ce09981,identity_group,acme,grp-00641,grp-00641-operates,2023-12-31T00:03:25Z,\N,2024-01-09T04:35:35Z,\N,1,assert
acme:identity_group:grp-00972~d66eea01a6d4,identity_group,acme,grp-00972,grp-00972-owns,2023-12-25T06:12:25Z,\N,2024-01-10T11:54:13Z,\N,1,assert
acme:identity_group:grp-00796~094d06ceee87,identity_group,acme,grp-00796,grp-00796-identity,2023-11-29T03:21:07Z,\N,2024-01-11T16:14:36Z,\N,1,assert
acme:identity_group:grp-01757~6720f389d359,identity_group,acme,grp-01757,grp-01757-identity,2023-12-04T21:30:43Z,\N,2024-01-13T05:51:28Z,\N,1,assert
acme:identity_group:grp-00278~f10052436058,identity_group,acme,grp-00278,grp-00278-owns,2023-12-02T16:55:16Z,\N,2024-01-15T11:13:58Z,\N,1,assert
acme:identity_group:grp-02147~bb795acba2d5,identity_group,acme,grp-02147,grp-02147-owns,2023-12-30T14:47:49Z,\N,2024-01-16T08:08:18Z,\N,1,assert
acme:identity_group:grp-00222~b630712dd70a,identity_group,acme,grp-00222,grp-00222-security,2024-01-06T02:37:17Z,\N,2024-01-17T09:10:42Z,\N,1,assert
acme:identity_group:grp-01809~c36721986ebe,identity_group,acme,grp-01809,grp-01809-operates,2023-12-23T18:41:14Z,\N,2024-01-17T14:28:52Z,\N,1,assert
acme:identity_group:grp-00581~32dd0be8950f,identity_group,acme,grp-00581,grp-00581-operates,2024-01-16T08:53:21Z,\N,2024-01-18T18:28:51Z,\N,1,assert
acme:identity_group:grp-00920~1e26b870f95e,identity_group,acme,grp-00920,grp-00920-security,2023-12-18T09:38:44Z,\N,2024-01-18T09:08:38Z,\N,1,assert
acme:identity_group:grp-00104~008742bc2d32,identity_group,acme,grp-00104,grp-00104-operates,2023-12-26T10:36:49Z,\N,2024-01-19T05:18:09Z,\N,1,assert
acme:identity_group:grp-01340~4f731233bb44,identity_group,acme,grp-01340,grp-01340-operates,2023-12-09T09:18:07Z,\N,2024-01-19T08:07:34Z,\N,1,assert
acme:identity_group:grp-01776~0f53fa919d75,identity_group,acme,grp-01776,grp-01776-operates,2024-01-08T13:38:33Z,\N,2024-01-20T10:50:26Z,\N,1,assert
acme:identity_group:grp-00363~e91957553666,identity_group,acme,grp-00363,grp-00363-owns,2023-12-17T06:36:20Z,\N,2024-01-21T02:59:35Z,\N,1,assert
acme:identity_group:grp-01167~a20af7c92ae3,identity_group,acme,grp-01167,grp-01167-security,2023-12-13T16:36:16Z,\N,2024-01-21T17:14:47Z,\N,1,assert
acme:identity_group:grp-01073~190c8a3ded26,identity_group,acme,grp-01073,grp-01073-owns,2023-12-29T21:00:50Z,\N,2024-01-24T18:23:21Z,\N,1,assert
acme:identity_group:grp-00567~39a2cfc0e73d,identity_group,acme,grp-00567,grp-00567-owns,2023-12-12T16:36:30Z,\N,2024-01-25T00:48:44Z,\N,1,assert
acme:identity_group:grp-00758~7eda9e6eb5b9,identity_group,acme,grp-00758,grp-00758-operates,2023-12-19T10:45:57Z,\N,2024-01-26T16:44:27Z,\N,1,assert
acme:identity_group:grp-00824~4a675c9fc9c4,identity_group,acme,grp-00824,grp-00824-operates,2023-12-27T03:02:16Z,\N,2024-01-26T08:32:44Z,\N,1,assert
acme:identity_group:grp-01245~11fae53a39b6,identity_group,acme,grp-01245,grp-01245-identity,2023-12-31T06:09:23Z,\N,2024-01-26T17:09:29Z,\N,1,assert
acme:identity_group:grp-00626~24cb7bc108a8,identity_group,acme,grp-00626,grp-00626-owns,2024-01-20T09:51:38Z,\N,2024-01-29T12:53:03Z,\N,1,assert
acme:identity_group:grp-00708~641b8b65fd5c,identity_group,acme,grp-00708,grp-00708-identity,2024-01-20T19:20:25Z,\N,2024-01-29T18:53:52Z,\N,1,assert
acme:identity_group:grp-00867~946550493742,identity_group,acme,grp-00867,grp-00867-operates,2024-01-02T01:22:31Z,\N,2024-01-31T18:18:49Z,\N,1,assert
acme:identity_group:grp-01543~2f9f4ba5bba7,identity_group,acme,grp-01543,grp-01543-owns,2024-01-11T23:27:56Z,\N,2024-01-31T04:57:07Z,\N,1,assert
acme:identity_group:grp-00550~9e9c22a16df8,identity_group,acme,grp-00550,grp-00550-identity,2024-01-12T08:33:57Z,\N,2024-02-01T04:53:30Z,\N,1,assert
acme:identity_group:grp-01728~25c574e73207,identity_group,acme,grp-01728,grp-01728-operates,2024-01-27T13:18:44Z,\N,2024-02-01T12:51:39Z,\N,1,assert
acme:identity_group:grp-02034~89883e4f178a,identity_group,acme,grp-02034,grp-02034-identity,2023-12-30T20:41:46Z,\N,2024-02-02T17:04:37Z,\N,1,assert
acme:identity_group:grp-01169~17cfb7b50305,identity_group,acme,grp-01169,grp-01169-owns,2024-01-05T09:19:23Z,\N,2024-02-05T06:54:04Z,\N,1,assert
acme:identity_group:grp-00226~8eb3b2ef93e8,identity_group,acme,grp-00226,grp-00226-owns,2024-01-29T13:59:23Z,\N,2024-02-06T12:51:27Z,\N,1,assert
acme:identity_group:grp-01414~fd18139b793d,identity_group,acme,grp-01414,grp-01414-security,2024-01-13T06:37:28Z,\N,2024-02-06T10:56:58Z,\N,1,assert
acme:identity_group:grp-00378~8b4dbb4c8084,identity_group,acme,grp-00378,grp-00378-owns,2024-01-15T21:42:32Z,\N,2024-02-07T11:38:17Z,\N,1,assert
acme:identity_group:grp-01663~70af1464bce7,identity_group,acme,grp-01663,grp-01663-identity,2024-02-02T03:05:09Z,\N,2024-02-07T21:03:53Z,\N,1,assert
acme:identity_group:grp-00852~0acbdf7b91ee,identity_group,acme,grp-00852,grp-00852-owns,2024-01-07T08:08:24Z,\N,2024-02-08T06:56:17Z,\N,1,assert
acme:identity_group:grp-00149~c40a08ed9b26,identity_group,acme,grp-00149,grp-00149-security,2024-01-10T08:52:48Z,\N,2024-02-11T10:33:50Z,\N,1,assert
acme:identity_group:grp-01557~cccb204dfb5a,identity_group,acme,grp-01557,grp-01557-security,2024-02-03T23:23:54Z,\N,2024-02-11T03:26:28Z,\N,1,assert
acme:identity_group:grp-01197~e2b85317d218,identity_group,acme,grp-01197,grp-01197-security,2024-02-01T08:33:14Z,\N,2024-02-12T22:08:22Z,\N,1,assert
acme:identity_group:grp-01202~efd3be20bae2,identity_group,acme,grp-01202,grp-01202-security,2024-01-17T06:32:37Z,\N,2024-02-13T10:51:22Z,\N,1,assert
acme:identity_group:grp-00208~3785efa11356,identity_group,acme,grp-00208,grp-00208-owns,2024-01-16T04:49:35Z,\N,2024-02-14T06:59:17Z,\N,1,assert
acme:identity_group:grp-02195~bc5aec98c6ca,identity_group,acme,grp-02195,grp-02195-security,2024-02-08T12:34:58Z,\N,2024-02-15T22:28:29Z,\N,1,assert
acme:identity_group:grp-01107~57a6dc88f53f,identity_group,acme,grp-01107,grp-01107-security,2024-01-24T14:48:18Z,\N,2024-02-16T15:01:11Z,\N,1,assert
acme:identity_group:grp-01293~9a92f3262085,identity_group,acme,grp-01293,grp-01293-security,2024-01-31T11:49:05Z,\N,2024-02-16T18:53:10Z,\N,1,assert
acme:identity_group:grp-01610~a830c99d5bc5,identity_group,acme,grp-01610,grp-01610-operates,2024-02-11T08:41:51Z,\N,2024-02-17T21:19:50Z,\N,1,assert
acme:identity_group:grp-01152~8b71bf8493be,identity_group,acme,grp-01152,grp-01152-security,2024-01-16T17:04:43Z,\N,2024-02-18T04:58:13Z,\N,1,assert
acme:identity_group:grp-01839~0a96fcfab994,identity_group,acme,grp-01839,grp-01839-operates,2024-02-06T14:24:08Z,\N,2024-02-19T14:08:47Z,\N,1,assert
acme:identity_group:grp-00373~ff9d9b5ad0a5,identity_group,acme,grp-00373,grp-00373-owns,2024-02-19T15:42:46Z,\N,2024-02-22T05:47:13Z,\N,1,assert
acme:identity_group:grp-01680~a38f8ddc5087,identity_group,acme,grp-01680,grp-01680-operates,2024-02-02T19:31:28Z,\N,2024-02-22T15:23:08Z,\N,1,assert
acme:identity_group:grp-01954~fdf7b7b69c67,identity_group,acme,grp-01954,grp-01954-identity,2024-01-31T08:45:42Z,\N,2024-02-22T23:43:29Z,\N,1,assert
acme:identity_group:grp-00696~849cf2922217,identity_group,acme,grp-00696,grp-00696-identity,2024-01-24T13:16:19Z,\N,2024-02-23T04:33:04Z,\N,1,assert
acme:identity_group:grp-01086~74a6d22f5fb6,identity_group,acme,grp-01086,grp-01086-operates,2024-02-02T20:07:33Z,\N,2024-02-27T11:20:33Z,\N,1,assert
acme:identity_group:grp-01390~f4e340f198a7,identity_group,acme,grp-01390,grp-01390-identity,2024-02-25T18:55:17Z,\N,2024-02-27T13:51:38Z,\N,1,assert
acme:identity_group:grp-00029~392b666ca260,identity_group,acme,grp-00029,grp-00029-security,2024-02-13T06:21:51Z,\N,2024-02-28T01:39:52Z,\N,1,assert
acme:identity_group:grp-00948~74203a5ff405,identity_group,acme,grp-00948,grp-00948-operates,2024-01-18T09:00:35Z,\N,2024-02-28T15:10:08Z,\N,1,assert
acme:identity_group:grp-00711~b58317f4c36f,identity_group,acme,grp-00711,grp-00711-owns,2024-02-19T11:56:56Z,\N,2024-02-29T06:27:09Z,\N,1,assert
acme:identity_group:grp-01068~25f339c3cd28,identity_group,acme,grp-01068,grp-01068-identity,2024-02-29T06:48:30Z,\N,2024-02-29T06:48:30Z,\N,1,assert
acme:identity_group:grp-00848~7970571e7378,identity_group,acme,grp-00848,grp-00848-identity,2024-01-21T14:49:38Z,\N,2024-03-03T17:39:33Z,\N,1,assert
acme:identity_group:grp-00242~715cceed9797,identity_group,acme,grp-00242,grp-00242-identity,2024-03-01T00:44:22Z,\N,2024-03-04T21:46:15Z,\N,1,assert
acme:identity_group:grp-00893~9f7ce1278e1e,identity_group,acme,grp-00893,grp-00893-security,2024-01-21T11:00:41Z,\N,2024-03-05T02:33:26Z,\N,1,assert
acme:identity_group:grp-01349~c3eaa520f197,identity_group,acme,grp-01349,grp-01349-owns,2024-01-24T06:02:56Z,\N,2024-03-05T11:37:58Z,\N,1,assert
acme:identity_group:grp-00144~4a9a9bb6e485,identity_group,acme,grp-00144,grp-00144-owns,2024-02-15T15:48:01Z,\N,2024-03-08T02:33:23Z,\N,1,assert
acme:identity_group:grp-01267~d99c747819cb,identity_group,acme,grp-01267,grp-01267-security,2024-02-02T04:16:38Z,\N,2024-03-10T01:02:24Z,\N,1,assert
acme:identity_group:grp-00181~58938daaf119,identity_group,acme,grp-00181,grp-00181-security,2024-02-02T07:16:04Z,\N,2024-03-11T15:11:53Z,\N,1,assert
acme:identity_group:grp-00445~4c2d2f853eda,identity_group,acme,grp-00445,grp-00445-identity,2024-02-17T10:59:35Z,\N,2024-03-14T21:18:19Z,\N,1,assert
acme:identity_group:grp-00788~ff0b4ec7f8bc,identity_group,acme,grp-00788,grp-00788-operates,2024-03-12T20:49:09Z,\N,2024-03-14T11:03:22Z,\N,1,assert
acme:identity_group:grp-00766~cd7b7c01d884,identity_group,acme,grp-00766,grp-00766-identity,2024-03-15T18:14:45Z,\N,2024-03-15T18:14:45Z,\N,1,assert
acme:identity_group:grp-01512~8ed6f716ba8b,identity_group,acme,grp-01512,grp-01512-owns,2024-02-17T13:17:39Z,\N,2024-03-15T02:26:11Z,\N,1,assert
acme:identity_group:grp-01744~f1eb437d4fd4,identity_group,acme,grp-01744,grp-01744-owns,2024-03-06T08:20:47Z,\N,2024-03-15T21:22:41Z,\N,1,assert
acme:identity_group:grp-00150~c0eaeaef400b,identity_group,acme,grp-00150,grp-00150-operates,2024-02-12T14:36:50Z,\N,2024-03-16T13:51:37Z,\N,1,assert
acme:identity_group:grp-01632~e89bee0004b6,identity_group,acme,grp-01632,grp-01632-identity,2024-03-06T13:09:13Z,\N,2024-03-17T19:51:38Z,\N,1,assert
acme:identity_group:grp-00666~3ebe0f2d65b8,identity_group,acme,grp-00666,grp-00666-operates,2024-02-04T17:07:34Z,\N,2024-03-19T05:16:10Z,\N,1,assert
acme:identity_group:grp-00366~09c06c20ab01,identity_group,acme,grp-00366,grp-00366-operates,2024-03-07T02:37:49Z,\N,2024-03-22T08:00:39Z,\N,1,assert
acme:identity_group:grp-00247~e4a13b6de94c,identity_group,acme,grp-00247,grp-00247-identity,2024-02-23T04:28:31Z,\N,2024-03-25T03:46:54Z,\N,1,assert
acme:identity_group:grp-00518~5538f59560ee,identity_group,acme,grp-00518,grp-00518-operates,2024-02-29T16:37:51Z,\N,2024-03-25T18:33:33Z,\N,1,assert
acme:identity_group:grp-01325~d11a388e150f,identity_group,acme,grp-01325,grp-01325-operates,2024-03-03T14:08:56Z,\N,2024-03-25T23:03:57Z,\N,1,assert
acme:identity_group:grp-00792~07e2475dcbe8,identity_group,acme,grp-00792,grp-00792-operates,2024-02-23T01:05:14Z,\N,2024-03-27T18:56:47Z,\N,1,assert
acme:identity_group:grp-01270~bdb3a4728313,identity_group,acme,grp-01270,grp-01270-security,2024-03-27T08:11:57Z,\N,2024-03-28T06:59:48Z,\N,1,assert
acme:identity_group:grp-01518~cd0ab37d7fbe,identity_group,acme,grp-01518,grp-01518-identity,2024-02-24T16:48:31Z,\N,2024-03-28T11:39:49Z,\N,1,assert
acme:identity_group:grp-00691~848ac261b536,identity_group,acme,grp-00691,grp-00691-owns,2024-02-19T10:12:19Z,\N,2024-03-31T12:04:48Z,\N,1,assert
acme:identity_group:grp-00888~16bd17218d35,identity_group,acme,grp-00888,grp-00888-owns,2024-02-21T14:03:31Z,\N,2024-04-02T21:08:28Z,\N,1,assert
acme:identity_group:grp-01130~dcd1b43d8743,identity_group,acme,grp-01130,grp-01130-identity,2024-03-18T23:00:45Z,\N,2024-04-05T06:52:32Z,\N,1,assert
acme:identity_group:grp-01822~0941a664a9cb,identity_group,acme,grp-01822,grp-01822-operates,2024-03-20T10:47:42Z,\N,2024-04-05T01:14:31Z,\N,1,assert
acme:identity_group:grp-00906~41361a66a45f,identity_group,acme,grp-00906,grp-00906-identity,2024-03-28T07:55:20Z,\N,2024-04-06T16:05:45Z,\N,1,assert
acme:identity_group:grp-00393~a13c81687020,identity_group,acme,grp-00393,grp-00393-owns,2024-04-03T04:17:36Z,\N,2024-04-10T16:56:14Z,\N,1,assert
acme:identity_group:grp-02032~2454c535ffe7,identity_group,acme,grp-02032,grp-02032-owns,2024-04-05T01:34:40Z,\N,2024-04-11T22:36:33Z,\N,1,assert
acme:identity_group:grp-01134~ed1bbe969042,identity_group,acme,grp-01134,grp-01134-identity,2024-03-08T13:15:06Z,\N,2024-04-12T04:31:16Z,\N,1,assert
acme:identity_group:grp-01717~a8bb8a657efe,identity_group,acme,grp-01717,grp-01717-security,2024-03-07T20:02:37Z,\N,2024-04-13T10:03:20Z,\N,1,assert
acme:identity_group:grp-00755~25d2a14a0c08,identity_group,acme,grp-00755,grp-00755-security,2024-03-29T07:41:13Z,\N,2024-04-14T15:06:34Z,\N,1,assert
acme:identity_group:grp-00611~d6acd218fd66,identity_group,acme,grp-00611,grp-00611-operates,2024-03-25T10:03:31Z,\N,2024-04-15T09:27:01Z,\N,1,assert
acme:identity_group:grp-01257~97f761e7665e,identity_group,acme,grp-01257,grp-01257-owns,2024-03-31T08:13:42Z,\N,2024-04-17T15:20:54Z,\N,1,assert
acme:identity_group:grp-02022~8dd5bbb7691d,identity_group,acme,grp-02022,grp-02022-identity,2024-04-04T11:48:15Z,\N,2024-04-20T23:41:29Z,\N,1,assert
acme:identity_group:grp-01274~aa7dda952868,identity_group,acme,grp-01274,grp-01274-identity,2024-03-25T11:30:00Z,\N,2024-04-21T00:40:56Z,\N,1,assert
acme:identity_group:grp-00146~7ff535b74db4,identity_group,acme,grp-00146,grp-00146-identity,2024-04-17T11:37:50Z,\N,2024-04-23T14:20:08Z,\N,1,assert
acme:identity_group:grp-01593~0e56ed1bc147,identity_group,acme,grp-01593,grp-01593-operates,2024-03-30T14:36:00Z,\N,2024-04-23T21:19:10Z,\N,1,assert
acme:identity_group:grp-01798~fc7d63f03423,identity_group,acme,grp-01798,grp-01798-operates,2024-04-16T10:27:14Z,\N,2024-04-23T06:28:54Z,\N,1,assert
acme:identity_group:grp-00050~a42b6f01115e,identity_group,acme,grp-00050,grp-00050-owns,2024-03-12T01:05:36Z,\N,2024-04-24T01:34:23Z,\N,1,assert
acme:identity_group:grp-01181~395709286980,identity_group,acme,grp-01181,grp-01181-identity,2024-04-18T07:41:08Z,\N,2024-04-24T16:13:13Z,\N,1,assert
acme:identity_group:grp-00559~4406cde274e3,identity_group,acme,grp-00559,grp-00559-operates,2024-04-07T21:13:35Z,\N,2024-04-27T22:46:30Z,\N,1,assert
acme:identity_group:grp-00884~febd65c46a9d,identity_group,acme,grp-00884,grp-00884-owns,2024-04-16T07:12:48Z,\N,2024-04-27T05:06:18Z,\N,1,assert
acme:identity_group:grp-00736~a21e060c8cc2,identity_group,acme,grp-00736,grp-00736-security,2024-03-22T17:21:34Z,\N,2024-04-28T13:14:07Z,\N,1,assert
acme:identity_group:grp-02060~9196d91fec09,identity_group,acme,grp-02060,grp-02060-operates,2024-04-07T12:20:37Z,\N,2024-04-28T08:39:50Z,\N,1,assert
acme:identity_group:grp-00034~2ef8c1895ae5,identity_group,acme,grp-00034,grp-00034-identity,2024-04-10T04:10:48Z,\N,2024-04-29T07:55:54Z,\N,1,assert
acme:identity_group:grp-01563~f67329d1c057,identity_group,acme,grp-01563,grp-01563-identity,2024-04-22T05:06:19Z,\N,2024-04-29T21:11:39Z,\N,1,assert
acme:identity_group:grp-00397~a2c591662b73,identity_group,acme,grp-00397,grp-00397-security,2024-04-09T21:06:21Z,\N,2024-05-01T16:04:32Z,\N,1,assert
acme:identity_group:grp-00845~5f35ff4af042,identity_group,acme,grp-00845,grp-00845-operates,2024-04-08T18:18:08Z,\N,2024-05-03T00:44:31Z,\N,1,assert
acme:identity_group:grp-00976~c9a6011d16ff,identity_group,acme,grp-00976,grp-00976-owns,2024-04-19T06:59:50Z,\N,2024-05-03T20:43:18Z,\N,1,assert
acme:identity_group:grp-01662~16116308992e,identity_group,acme,grp-01662,grp-01662-security,2024-04-18T01:03:19Z,\N,2024-05-03T07:17:34Z,\N,1,assert
acme:identity_group:grp-01404~5743eb7422a5,identity_group,acme,grp-01404,grp-01404-operates,2024-04-14T04:45:51Z,\N,2024-05-04T01:47:01Z,\N,1,assert
acme:identity_group:grp-00130~fd2760b54b4a,identity_group,acme,grp-00130,grp-00130-security,2024-04-12T16:17:12Z,\N,2024-05-05T17:56:28Z,\N,1,assert
acme:identity_group:grp-00856~265710d9e57f,identity_group,acme,grp-00856,grp-00856-identity,2024-04-08T14:15:25Z,\N,2024-05-05T02:36:03Z,\N,1,assert
acme:identity_group:grp-01644~695aafb0655e,identity_group,acme,grp-01644,grp-01644-identity,2024-04-09T22:37:46Z,\N,2024-05-12T01:30:34Z,\N,1,assert
acme:identity_group:grp-01041~02acd0a5c112,identity_group,acme,grp-01041,grp-01041-identity,2024-04-28T05:04:06Z,\N,2024-05-15T06:42:42Z,\N,1,assert
acme:identity_group:grp-01554~909ef9e91d19,identity_group,acme,grp-01554,grp-01554-identity,2024-04-15T14:46:32Z,\N,2024-05-15T16:13:43Z,\N,1,assert
acme:identity_group:grp-01940~a3bf30b4b737,identity_group,acme,grp-01940,grp-01940-identity,2024-04-06T09:53:29Z,\N,2024-05-15T13:41:29Z,\N,1,assert
acme:identity_group:grp-00773~1add530517e2,identity_group,acme,grp-00773,grp-00773-owns,2024-05-13T08:32:18Z,\N,2024-05-19T07:06:35Z,\N,1,assert
acme:identity_group:grp-01133~e99a614b9e9e,identity_group,acme,grp-01133,grp-01133-owns,2024-04-28T23:15:37Z,\N,2024-05-19T14:34:12Z,\N,1,assert
acme:identity_group:grp-00543~c94d455821ca,identity_group,acme,grp-00543,grp-00543-identity,2024-04-07T04:55:42Z,\N,2024-05-20T09:16:17Z,\N,1,assert
acme:identity_group:grp-01814~7066c4472208,identity_group,acme,grp-01814,grp-01814-identity,2024-05-10T09:09:17Z,\N,2024-05-22T12:58:37Z,\N,1,assert
acme:identity_group:grp-01485~6ab5c8ff1f1e,identity_group,acme,grp-01485,grp-01485-identity,2024-04-29T13:35:23Z,\N,2024-05-24T11:32:56Z,\N,1,assert
acme:identity_group:grp-01835~6238b301ed3f,identity_group,acme,grp-01835,grp-01835-owns,2024-04-21T07:44:01Z,\N,2024-05-25T17:58:32Z,\N,1,assert
acme:identity_group:grp-01851~d0e83da317bd,identity_group,acme,grp-01851,grp-01851-security,2024-05-02T10:02:45Z,\N,2024-05-25T19:48:14Z,\N,1,assert
acme:identity_group:grp-01914~17f162ca8c09,identity_group,acme,grp-01914,grp-01914-owns,2024-04-22T06:46:01Z,\N,2024-05-29T13:02:17Z,\N,1,assert
acme:identity_group:grp-02114~974a6b742ca9,identity_group,acme,grp-02114,grp-02114-security,2024-05-09T06:43:09Z,\N,2024-05-29T18:31:09Z,\N,1,assert
acme:identity_group:grp-01412~f6f21a595272,identity_group,acme,grp-01412,grp-01412-security,2024-05-31T01:41:55Z,\N,2024-06-01T07:10:08Z,\N,1,assert
acme:identity_group:grp-01635~2dc80af79793,identity_group,acme,grp-01635,grp-01635-security,2024-05-18T06:42:27Z,\N,2024-06-03T18:48:07Z,\N,1,assert
acme:identity_group:grp-02082~1cc7cf4f70dd,identity_group,acme,grp-02082,grp-02082-identity,2024-05-16T14:34:25Z,\N,2024-06-04T00:04:32Z,\N,1,assert
acme:identity_group:grp-01749~e73b79fa12a5,identity_group,acme,grp-01749,grp-01749-security,2024-05-17T06:42:39Z,\N,2024-06-05T12:44:51Z,\N,1,assert
acme:identity_group:grp-01936~181cacec82a5,identity_group,acme,grp-01936,grp-01936-identity,2024-04-27T09:52:43Z,\N,2024-06-07T19:44:28Z,\N,1,assert
acme:identity_group:grp-00276~87d2d8a15dee,identity_group,acme,grp-00276,grp-00276-identity,2024-05-27T11:59:11Z,\N,2024-06-08T00:48:10Z,\N,1,assert
acme:identity_group:grp-00525~0722c29985e8,identity_group,acme,grp-00525,grp-00525-security,2024-05-07T08:27:46Z,\N,2024-06-08T07:47:32Z,\N,1,assert
acme:identity_group:grp-01505~28e4c0eb93a0,identity_group,acme,grp-01505,grp-01505-operates,2024-06-05T15:05:20Z,\N,2024-06-11T02:17:16Z,\N,1,assert
acme:identity_group:grp-01860~01573af64f7c,identity_group,acme,grp-01860,grp-01860-identity,2024-05-05T23:57:50Z,\N,2024-06-13T19:48:40Z,\N,1,assert
acme:identity_group:grp-01981~d33a9eb58567,identity_group,acme,grp-01981,grp-01981-operates,2024-06-07T10:14:23Z,\N,2024-06-15T18:38:31Z,\N,1,assert
acme:identity_group:grp-00392~83f60da88791,identity_group,acme,grp-00392,grp-00392-security,2024-06-02T16:34:01Z,\N,2024-06-16T05:14:58Z,\N,1,assert
acme:identity_group:grp-01551~14f7eba32ded,identity_group,acme,grp-01551,grp-01551-owns,2024-05-13T08:13:29Z,\N,2024-06-16T22:43:50Z,\N,1,assert
acme:identity_group:grp-00548~1408e73166cd,identity_group,acme,grp-00548,grp-00548-security,2024-05-25T07:34:17Z,\N,2024-06-18T11:22:14Z,\N,1,assert
acme:identity_group:grp-00553~779fb56af0ec,identity_group,acme,grp-00553,grp-00553-owns,2024-06-10T22:06:22Z,\N,2024-06-18T17:51:37Z,\N,1,assert
acme:identity_group:grp-02123~dedad10d946d,identity_group,acme,grp-02123,grp-02123-operates,2024-06-14T18:04:03Z,\N,2024-06-18T07:52:37Z,\N,1,assert
acme:identity_group:grp-01697~35b55e2ec564,identity_group,acme,grp-01697,grp-01697-identity,2024-06-09T14:30:51Z,\N,2024-06-20T18:26:46Z,\N,1,assert
acme:identity_group:grp-00887~1513cf39a8b1,identity_group,acme,grp-00887,grp-00887-operates,2024-05-24T12:53:41Z,\N,2024-06-21T01:25:20Z,\N,1,assert
acme:identity_group:grp-00090~722de778fc13,identity_group,acme,grp-00090,grp-00090-owns,2024-06-19T02:12:28Z,\N,2024-06-22T17:16:48Z,\N,1,assert
acme:identity_group:grp-01403~bb70b8f5271f,identity_group,acme,grp-01403,grp-01403-owns,2024-06-10T18:46:58Z,\N,2024-06-22T05:27:03Z,\N,1,assert
acme:identity_group:grp-01828~a06acc174f4a,identity_group,acme,grp-01828,grp-01828-security,2024-05-24T16:41:29Z,\N,2024-06-22T00:31:46Z,\N,1,assert
acme:identity_group:grp-01968~7ac0584cdf57,identity_group,acme,grp-01968,grp-01968-security,2024-06-17T23:53:08Z,\N,2024-06-22T09:12:46Z,\N,1,assert
acme:identity_group:grp-00859~febdfda9692e,identity_group,acme,grp-00859,grp-00859-operates,2024-05-28T19:43:16Z,\N,2024-06-23T06:18:02Z,\N,1,assert
acme:identity_group:grp-00951~8224cf661fbc,identity_group,acme,grp-00951,grp-00951-identity,2024-06-11T05:35:34Z,\N,2024-06-25T00:05:30Z,\N,1,assert
acme:identity_group:grp-01119~849f59c0f886,identity_group,acme,grp-01119,grp-01119-identity,2024-05-19T18:24:40Z,\N,2024-06-25T17:30:28Z,\N,1,assert
acme:identity_group:grp-01454~9fdca4ab4d83,identity_group,acme,grp-01454,grp-01454-security,2024-06-04T02:24:30Z,\N,2024-06-25T23:22:29Z,\N,1,assert
acme:identity_group:grp-00647~b872a878dc33,identity_group,acme,grp-00647,grp-00647-identity,2024-06-11T20:41:07Z,\N,2024-06-26T10:11:11Z,\N,1,assert
acme:identity_group:grp-01483~25136589657f,identity_group,acme,grp-01483,grp-01483-security,2024-05-18T19:20:18Z,\N,2024-06-26T20:01:12Z,\N,1,assert
acme:identity_group:grp-01626~5d87579dd354,identity_group,acme,grp-01626,grp-01626-security,2024-06-19T07:08:02Z,\N,2024-06-26T04:57:52Z,\N,1,assert
acme:identity_group:grp-01219~99e6f8a3871c,identity_group,acme,grp-01219,grp-01219-operates,2024-05-17T18:23:11Z,\N,2024-06-27T05:43:30Z,\N,1,assert
acme:identity_group:grp-01497~b3835c2a7695,identity_group,acme,grp-01497,grp-01497-operates,2024-05-24T09:15:23Z,\N,2024-06-28T21:12:14Z,\N,1,assert
acme:identity_group:grp-01096~cfd0f6c8c644,identity_group,acme,grp-01096,grp-01096-security,2024-05-26T08:15:31Z,\N,2024-06-29T09:10:13Z,\N,1,assert
acme:identity_group:grp-01612~6712cbcf9966,identity_group,acme,grp-01612,grp-01612-identity,2024-06-22T10:10:05Z,\N,2024-06-29T12:11:38Z,\N,1,assert
acme:identity_group:grp-01647~f956cf99ef36,identity_group,acme,grp-01647,grp-01647-owns,2024-06-05T12:53:54Z,\N,2024-06-30T23:16:24Z,\N,1,assert
acme:identity_group:grp-00063~194e618b6efa,identity_group,acme,grp-00063,grp-00063-security,2024-05-31T01:20:06Z,\N,2024-07-02T18:30:09Z,\N,1,assert
acme:identity_group:grp-00964~b303a470a1be,identity_group,acme,grp-00964,grp-00964-owns,2024-06-12T04:50:51Z,\N,2024-07-05T16:22:54Z,\N,1,assert
acme:identity_group:grp-01747~0360e35e65ee,identity_group,acme,grp-01747,grp-01747-security,2024-06-27T08:52:48Z,\N,2024-07-08T23:12:12Z,\N,1,assert
acme:identity_group:grp-01906~44fa4d51d6b0,identity_group,acme,grp-01906,grp-01906-security,2024-05-31T14:34:08Z,\N,2024-07-08T16:02:03Z,\N,1,assert
acme:identity_group:grp-01214~9257b63ba91f,identity_group,acme,grp-01214,grp-01214-security,2024-06-15T18:53:31Z,\N,2024-07-10T09:14:43Z,\N,1,assert
acme:identity_group:grp-01559~35ae5b9fb7d8,identity_group,acme,grp-01559,grp-01559-operates,2024-06-21T23:22:39Z,\N,2024-07-10T06:41:47Z,\N,1,assert
acme:identity_group:grp-00121~13fe23e81c8a,identity_group,acme,grp-00121,grp-00121-security,2024-06-12T13:36:19Z,\N,2024-07-15T22:25:39Z,\N,1,assert
acme:identity_group:grp-00803~55d7fb6f0296,identity_group,acme,grp-00803,grp-00803-owns,2024-06-08T22:34:41Z,\N,2024-07-15T00:47:37Z,\N,1,assert
acme:identity_group:grp-00520~f5047c0446f4,identity_group,acme,grp-00520,grp-00520-security,2024-07-07T17:46:03Z,\N,2024-07-20T12:06:06Z,\N,1,assert
acme:identity_group:grp-01015~bb41902c18a0,identity_group,acme,grp-01015,grp-01015-owns,2024-06-10T21:09:22Z,\N,2024-07-20T05:42:48Z,\N,1,assert
acme:identity_group:grp-00653~04b2347ee4b1,identity_group,acme,grp-00653,grp-00653-identity,2024-06-09T16:36:23Z,\N,2024-07-21T16:30:22Z,\N,1,assert
acme:identity_group:grp-00896~293603a15d99,identity_group,acme,grp-00896,grp-00896-identity,2024-07-07T12:34:13Z,\N,2024-07-21T01:44:09Z,\N,1,assert
acme:identity_group:grp-00608~e5da671ee34b,identity_group,acme,grp-00608,grp-00608-security,2024-06-24T14:38:56Z,\N,2024-07-24T16:32:44Z,\N,1,assert
acme:identity_group:grp-00575~037e3bc19b6f,identity_group,acme,grp-00575,grp-00575-security,2024-06-16T16:19:01Z,\N,2024-07-25T03:09:26Z,\N,1,assert
acme:identity_group:grp-01743~58f93eeb4f03,identity_group,acme,grp-01743,grp-01743-owns,2024-06-26T09:09:47Z,\N,2024-07-25T20:26:23Z,\N,1,assert
acme:identity_group:grp-01826~a6aef94eeabd,identity_group,acme,grp-01826,grp-01826-identity,2024-06-21T07:43:25Z,\N,2024-07-27T09:56:51Z,\N,1,assert
acme:identity_group:grp-02092~056265c8922d,identity_group,acme,grp-02092,grp-02092-identity,2024-06-27T21:53:38Z,\N,2024-07-27T01:19:12Z,\N,1,assert
acme:identity_group:grp-00702~2eb59fb50249,identity_group,acme,grp-00702,grp-00702-identity,2024-06-23T05:34:40Z,\N,2024-08-02T13:53:04Z,\N,1,assert
acme:identity_group:grp-01480~1c7e29d2db87,identity_group,acme,grp-01480,grp-01480-operates,2024-06-22T02:32:39Z,\N,2024-08-02T18:57:08Z,\N,1,assert
acme:identity_group:grp-00318~e4826d7c0581,identity_group,acme,grp-00318,grp-00318-security,2024-07-18T14:15:11Z,\N,2024-08-07T22:27:58Z,\N,1,assert
acme:identity_group:grp-01670~8aca631e002d,identity_group,acme,grp-01670,grp-01670-operates,2024-07-07T11:59:13Z,\N,2024-08-07T08:25:05Z,\N,1,assert
acme:identity_group:grp-01203~330268706bd0,identity_group,acme,grp-01203,grp-01203-identity,2024-07-08T07:56:45Z,\N,2024-08-08T00:02:45Z,\N,1,assert
acme:identity_group:grp-01466~6226213be85b,identity_group,acme,grp-01466,grp-01466-security,2024-06-26T21:08:07Z,\N,2024-08-08T08:01:46Z,\N,1,assert
acme:identity_group:grp-00917~a4b3f8797af9,identity_group,acme,grp-00917,grp-00917-security,2024-07-26T09:31:05Z,\N,2024-08-09T23:19:08Z,\N,1,assert
acme:identity_group:grp-02058~554860a3c0bf,identity_group,acme,grp-02058,grp-02058-security,2024-07-18T17:34:23Z,\N,2024-08-09T07:13:50Z,\N,1,assert
acme:identity_group:grp-01055~3cd054253bb9,identity_group,acme,grp-01055,grp-01055-identity,2024-08-08T22:01:35Z,\N,2024-08-10T19:31:09Z,\N,1,assert
acme:identity_group:grp-00918~33bc52e357cb,identity_group,acme,grp-00918,grp-00918-identity,2024-08-01T08:44:44Z,\N,2024-08-12T17:26:09Z,\N,1,assert
acme:identity_group:grp-02161~68427bed17cf,identity_group,acme,grp-02161,grp-02161-security,2024-08-05T08:39:14Z,\N,2024-08-12T10:02:52Z,\N,1,assert
acme:identity_group:grp-00349~9cd5f0349d56,identity_group,acme,grp-00349,grp-00349-owns,2024-07-19T06:33:17Z,\N,2024-08-13T21:15:51Z,\N,1,assert
acme:identity_group:grp-01724~7aca4b4fa5b2,identity_group,acme,grp-01724,grp-01724-identity,2024-07-04T02:44:30Z,\N,2024-08-13T08:24:12Z,\N,1,assert
acme:identity_group:grp-00990~63dd4c32fe5f,identity_group,acme,grp-00990,grp-00990-owns,2024-07-19T13:23:16Z,\N,2024-08-16T13:09:20Z,\N,1,assert
acme:identity_group:grp-00522~ccb7a4a22888,identity_group,acme,grp-00522,grp-00522-owns,2024-08-12T14:19:52Z,\N,2024-08-17T17:40:31Z,\N,1,assert
acme:identity_group:grp-01272~e799c289ca36,identity_group,acme,grp-01272,grp-01272-operates,2024-07-27T23:54:27Z,\N,2024-08-18T09:09:51Z,\N,1,assert
acme:identity_group:grp-00108~83d8c5123e60,identity_group,acme,grp-00108,grp-00108-owns,2024-08-10T06:36:57Z,\N,2024-08-19T09:40:18Z,\N,1,assert
acme:identity_group:grp-01025~58b7036ddfee,identity_group,acme,grp-01025,grp-01025-owns,2024-08-06T00:28:27Z,\N,2024-08-19T05:03:25Z,\N,1,assert
acme:identity_group:grp-00370~30003b17877d,identity_group,acme,grp-00370,grp-00370-identity,2024-07-20T08:04:34Z,\N,2024-08-20T21:45:07Z,\N,1,assert
acme:identity_group:grp-00795~17956ae2838d,identity_group,acme,grp-00795,grp-00795-operates,2024-07-15T02:56:00Z,\N,2024-08-20T18:09:23Z,\N,1,assert
acme:identity_group:grp-02186~7f26dec5ac01,identity_group,acme,grp-02186,grp-02186-security,2024-08-06T01:43:17Z,\N,2024-08-21T03:28:12Z,\N,1,assert
acme:identity_group:grp-00960~55fad971c0c7,identity_group,acme,grp-00960,grp-00960-operates,2024-07-16T23:41:47Z,\N,2024-08-25T18:06:21Z,\N,1,assert
acme:identity_group:grp-01360~38720c9ebbf9,identity_group,acme,grp-01360,grp-01360-identity,2024-08-14T13:20:29Z,\N,2024-08-25T04:58:12Z,\N,1,assert
acme:identity_group:grp-02070~d609c9843b03,identity_group,acme,grp-02070,grp-02070-owns,2024-07-28T06:32:58Z,\N,2024-08-26T00:13:56Z,\N,1,assert
acme:identity_group:grp-00035~1c03b6750d9d,identity_group,acme,grp-00035,grp-00035-operates,2024-07-31T15:24:47Z,\N,2024-08-28T08:49:20Z,\N,1,assert
acme:identity_group:grp-00532~c52e8043b920,identity_group,acme,grp-00532,grp-00532-owns,2024-08-18T14:37:13Z,\N,2024-08-28T09:08:14Z,\N,1,assert
acme:identity_group:grp-01726~b8631cac5fad,identity_group,acme,grp-01726,grp-01726-owns,2024-08-17T00:03:48Z,\N,2024-08-31T12:43:12Z,\N,1,assert
acme:identity_group:grp-01951~b4ce85c404f4,identity_group,acme,grp-01951,grp-01951-security,2024-08-31T03:27:54Z,\N,2024-08-31T03:27:54Z,\N,1,assert
acme:identity_group:grp-01545~dc8eb45b2797,identity_group,acme,grp-01545,grp-01545-owns,2024-08-26T01:08:41Z,\N,2024-09-05T22:47:26Z,\N,1,assert
acme:identity_group:grp-01334~5262e8f6c85b,identity_group,acme,grp-01334,grp-01334-security,2024-07-27T11:43:32Z,\N,2024-09-06T17:23:04Z,\N,1,assert
acme:identity_group:grp-01442~6135315e40e1,identity_group,acme,grp-01442,grp-01442-security,2024-08-07T04:38:35Z,\N,2024-09-07T12:33:23Z,\N,1,assert
acme:identity_group:grp-00891~40cbb3f7e0cd,identity_group,acme,grp-00891,grp-00891-owns,2024-08-23T18:15:08Z,\N,2024-09-08T13:26:44Z,\N,1,assert
acme:identity_group:grp-00249~f6bb4b6ab717,identity_group,acme,grp-00249,grp-00249-identity,2024-08-13T13:26:16Z,\N,2024-09-10T12:06:27Z,\N,1,assert
acme:identity_group:grp-00463~c0c3f6cfe60a,identity_group,acme,grp-00463,grp-00463-security,2024-09-03T04:20:20Z,\N,2024-09-10T10:06:58Z,\N,1,assert
acme:identity_group:grp-01925~5fd1b347329e,identity_group,acme,grp-01925,grp-01925-operates,2024-08-22T01:23:55Z,\N,2024-09-11T20:05:34Z,\N,1,assert
acme:identity_group:grp-00380~eea66af4cb5f,identity_group,acme,grp-00380,grp-00380-identity,2024-08-08T17:19:56Z,\N,2024-09-12T10:45:48Z,\N,1,assert
acme:identity_group:grp-01020~130d82d36e6d,identity_group,acme,grp-01020,grp-01020-owns,2024-08-18T09:19:40Z,\N,2024-09-13T11:35:28Z,\N,1,assert
acme:identity_group:grp-00895~00dc24511ccd,identity_group,acme,grp-00895,grp-00895-owns,2024-09-11T00:21:09Z,\N,2024-09-14T09:56:04Z,\N,1,assert
acme:identity_group:grp-01209~2715e0d86f2e,identity_group,acme,grp-01209,grp-01209-security,2024-08-24T07:07:56Z,\N,2024-09-14T11:24:25Z,\N,1,assert
acme:identity_group:grp-00829~a75422c5ffeb,identity_group,acme,grp-00829,grp-00829-security,2024-08-19T13:18:26Z,\N,2024-09-17T17:46:08Z,\N,1,assert
acme:identity_group:grp-01356~4dd45b1d5eda,identity_group,acme,grp-01356,grp-01356-owns,2024-08-18T11:09:14Z,\N,2024-09-17T23:25:53Z,\N,1,assert
acme:identity_group:grp-00524~7b33b7586d94,identity_group,acme,grp-00524,grp-00524-identity,2024-09-13T23:48:54Z,\N,2024-09-18T01:11:35Z,\N,1,assert
acme:identity_group:grp-00971~3544012386b7,identity_group,acme,grp-00971,grp-00971-owns,2024-08-23T22:19:34Z,\N,2024-09-18T08:20:14Z,\N,1,assert
acme:identity_group:grp-02006~1cb860254e48,identity_group,acme,grp-02006,grp-02006-operates,2024-08-07T20:22:38Z,\N,2024-09-18T23:51:48Z,\N,1,assert
acme:identity_group:grp-00274~8cf2a8bb2146,identity_group,acme,grp-00274,grp-00274-identity,2024-08-15T11:09:54Z,\N,2024-09-19T05:24:47Z,\N,1,assert
acme:identity_group:grp-01387~1a7f5ddbc18f,identity_group,acme,grp-01387,grp-01387-operates,2024-09-03T06:01:23Z,\N,2024-09-19T04:40:41Z,\N,1,assert
acme:identity_group:grp-00382~62e6a69b9da5,identity_group,acme,grp-00382,grp-00382-identity,2024-09-03T18:14:52Z,\N,2024-09-20T09:00:08Z,\N,1,assert
acme:identity_group:grp-00965~020fb77732e9,identity_group,acme,grp-00965,grp-00965-owns,2024-09-10T09:58:21Z,\N,2024-09-23T07:53:45Z,\N,1,assert
acme:identity_group:grp-01738~79097751c630,identity_group,acme,grp-01738,grp-01738-operates,2024-09-01T22:26:21Z,\N,2024-09-23T00:59:57Z,\N,1,assert
acme:identity_group:grp-02159~e698db4db63d,identity_group,acme,grp-02159,grp-02159-operates,2024-09-05T09:44:02Z,\N,2024-09-23T20:45:10Z,\N,1,assert
acme:identity_group:grp-01192~4bb17c65f142,identity_group,acme,grp-01192,grp-01192-owns,2024-09-05T05:23:19Z,\N,2024-09-24T16:43:58Z,\N,1,assert
acme:identity_group:grp-01811~a90bc39db1a9,identity_group,acme,grp-01811,grp-01811-operates,2024-09-18T01:34:50Z,\N,2024-09-24T01:38:18Z,\N,1,assert
acme:identity_group:grp-00405~bdb987750432,identity_group,acme,grp-00405,grp-00405-owns,2024-08-29T14:37:16Z,\N,2024-09-26T11:15:52Z,\N,1,assert
acme:identity_group:grp-01896~0c853482e45c,identity_group,acme,grp-01896,grp-01896-operates,2024-08-16T22:16:10Z,\N,2024-09-26T16:17:33Z,\N,1,assert
acme:identity_group:grp-00241~36915bbc2ee4,identity_group,acme,grp-00241,grp-00241-identity,2024-09-09T17:33:37Z,\N,2024-09-27T19:12:30Z,\N,1,assert
acme:identity_group:grp-01427~a99c4c129f15,identity_group,acme,grp-01427,grp-01427-security,2024-09-03T10:17:36Z,\N,2024-09-27T20:04:57Z,\N,1,assert
acme:identity_group:grp-02055~c810e50a53ff,identity_group,acme,grp-02055,grp-02055-operates,2024-08-17T10:29:55Z,\N,2024-09-27T12:07:32Z,\N,1,assert
acme:identity_group:grp-00269~29ac8dda3b7a,identity_group,acme,grp-00269,grp-00269-owns,2024-08-17T14:45:09Z,\N,2024-09-28T04:54:59Z,\N,1,assert
acme:identity_group:grp-01282~5a7f1ddf7a13,identity_group,acme,grp-01282,grp-01282-operates,2024-08-26T05:46:58Z,\N,2024-09-28T22:38:02Z,\N,1,assert
acme:identity_group:grp-01400~c6edb594375e,identity_group,acme,grp-01400,grp-01400-security,2024-09-01T18:32:34Z,\N,2024-09-28T10:58:26Z,\N,1,assert
acme:identity_group:grp-02049~92f7ab08307c,identity_group,acme,grp-02049,grp-02049-owns,2024-09-15T21:00:17Z,\N,2024-09-29T08:45:09Z,\N,1,assert
acme:identity_group:grp-02177~f6437a0cfaa7,identity_group,acme,grp-02177,grp-02177-identity,2024-09-13T06:17:53Z,\N,2024-10-01T07:46:45Z,\N,1,assert
acme:identity_group:grp-02187~ff3e305b094e,identity_group,acme,grp-02187,grp-02187-operates,2024-09-05T10:07:46Z,\N,2024-10-03T09:38:38Z,\N,1,assert
acme:identity_group:grp-00735~911897742fbd,identity_group,acme,grp-00735,grp-00735-owns,2024-10-04T05:50:53Z,\N,2024-10-07T03:59:56Z,\N,1,assert
acme:identity_group:grp-01739~80063ec07f73,identity_group,acme,grp-01739,grp-01739-identity,2024-08-29T12:16:34Z,\N,2024-10-07T00:17:50Z,\N,1,assert
acme:identity_group:grp-01580~c62b3c773d3d,identity_group,acme,grp-01580,grp-01580-operates,2024-10-07T14:39:42Z,\N,2024-10-09T05:05:37Z,\N,1,assert
acme:identity_group:grp-00828~b7ad6dd30903,identity_group,acme,grp-00828,grp-00828-security,2024-09-22T17:07:49Z,\N,2024-10-12T04:15:13Z,\N,1,assert
acme:identity_group:grp-00839~018ab0e67729,identity_group,acme,grp-00839,grp-00839-identity,2024-10-02T14:11:38Z,\N,2024-10-13T01:19:26Z,\N,1,assert
acme:identity_group:grp-02155~a32ab0d7128b,identity_group,acme,grp-02155,grp-02155-operates,2024-09-02T20:33:08Z,\N,2024-10-14T15:42:30Z,\N,1,assert
acme:identity_group:grp-00450~6773dbfce607,identity_group,acme,grp-00450,grp-00450-security,2024-10-08T03:25:51Z,\N,2024-10-15T22:12:08Z,\N,1,assert
acme:identity_group:grp-01013~d02e06da0101,identity_group,acme,grp-01013,grp-01013-identity,2024-09-02T23:49:46Z,\N,2024-10-15T19:31:35Z,\N,1,assert
acme:identity_group:grp-01655~197fc660a8eb,identity_group,acme,grp-01655,grp-01655-owns,2024-09-29T17:43:43Z,\N,2024-10-15T05:39:55Z,\N,1,assert
acme:identity_group:grp-00022~9caa44ddac5c,identity_group,acme,grp-00022,grp-00022-identity,2024-10-05T15:54:21Z,\N,2024-10-17T09:29:33Z,\N,1,assert
acme:identity_group:grp-00235~0aec82841efb,identity_group,acme,grp-00235,grp-00235-owns,2024-10-06T14:36:08Z,\N,2024-10-17T13:03:41Z,\N,1,assert
acme:identity_group:grp-00625~2f507c8157f0,identity_group,acme,grp-00625,grp-00625-owns,2024-10-03T18:01:36Z,\N,2024-10-17T16:14:52Z,\N,1,assert
acme:identity_group:grp-00984~64e631f40236,identity_group,acme,grp-00984,grp-00984-identity,2024-09-18T12:39:08Z,\N,2024-10-18T03:18:07Z,\N,1,assert
acme:identity_group:grp-00211~0cf79e063ed4,identity_group,acme,grp-00211,grp-00211-security,2024-09-08T10:03:11Z,\N,2024-10-20T04:25:11Z,\N,1,assert
acme:identity_group:grp-00499~a189aaa1b405,identity_group,acme,grp-00499,grp-00499-identity,2024-09-09T04:53:50Z,\N,2024-10-20T13:38:04Z,\N,1,assert
acme:identity_group:grp-00568~d5b3902b97c4,identity_group,acme,grp-00568,grp-00568-identity,2024-09-07T06:22:10Z,\N,2024-10-21T19:04:33Z,\N,1,assert
acme:identity_group:grp-01280~51a7c0ef2e7f,identity_group,acme,grp-01280,grp-01280-security,2024-10-09T16:55:26Z,\N,2024-10-21T15:37:14Z,\N,1,assert
acme:identity_group:grp-01496~8751094937e5,identity_group,acme,grp-01496,grp-01496-operates,2024-10-09T04:03:17Z,\N,2024-10-21T20:48:38Z,\N,1,assert
acme:identity_group:grp-01654~02f516f6eb58,identity_group,acme,grp-01654,grp-01654-identity,2024-09-16T12:38:11Z,\N,2024-10-21T15:12:31Z,\N,1,assert
acme:identity_group:grp-00197~c1eb362dbb2e,identity_group,acme,grp-00197,grp-00197-owns,2024-09-20T08:06:40Z,\N,2024-10-23T04:02:56Z,\N,1,assert
acme:identity_group:grp-00681~3146e5c5b9c2,identity_group,acme,grp-00681,grp-00681-owns,2024-10-15T11:26:00Z,\N,2024-10-23T23:49:19Z,\N,1,assert
acme:identity_group:grp-00813~f176e51da8bd,identity_group,acme,grp-00813,grp-00813-identity,2024-09-25T08:53:13Z,\N,2024-10-23T10:38:59Z,\N,1,assert
acme:identity_group:grp-00657~0d8e84930e72,identity_group,acme,grp-00657,grp-00657-identity,2024-09-12T23:58:13Z,\N,2024-10-25T22:31:25Z,\N,1,assert
acme:identity_group:grp-01450~ebddeea15879,identity_group,acme,grp-01450,grp-01450-identity,2024-09-12T13:51:42Z,\N,2024-10-26T03:15:14Z,\N,1,assert
acme:identity_group:grp-00806~4fa187ca13af,identity_group,acme,grp-00806,grp-00806-identity,2024-10-09T01:47:39Z,\N,2024-10-27T21:15:23Z,\N,1,assert
acme:identity_group:grp-00060~ab3c5ad870a2,identity_group,acme,grp-00060,grp-00060-operates,2024-10-15T20:47:32Z,\N,2024-10-28T13:46:48Z,\N,1,assert
acme:identity_group:grp-01007~546d141b5116,identity_group,acme,grp-01007,grp-01007-operates,2024-10-13T14:43:52Z,\N,2024-10-30T15:01:33Z,\N,1,assert
acme:identity_group:grp-01761~df4114b6f224,identity_group,acme,grp-01761,grp-01761-owns,2024-10-26T03:38:24Z,\N,2024-10-30T15:00:11Z,\N,1,assert
acme:identity_group:grp-00985~689389265ea8,identity_group,acme,grp-00985,grp-00985-operates,2024-10-18T02:39:12Z,\N,2024-10-31T11:50:48Z,\N,1,assert
acme:identity_group:grp-01994~91d72e61d134,identity_group,acme,grp-01994,grp-01994-operates,2024-10-07T16:20:31Z,\N,2024-10-31T19:39:57Z,\N,1,assert
acme:identity_group:grp-00981~eb8491debcf9,identity_group,acme,grp-00981,grp-00981-security,2024-09-26T13:07:15Z,\N,2024-11-03T21:23:35Z,\N,1,assert
acme:identity_group:grp-01982~003fdbc819b9,identity_group,acme,grp-01982,grp-01982-operates,2024-10-18T07:29:47Z,\N,2024-11-04T15:42:26Z,\N,1,assert
acme:identity_group:grp-00937~451f651974d0,identity_group,acme,grp-00937,grp-00937-security,2024-09-22T02:34:59Z,\N,2024-11-05T19:07:54Z,\N,1,assert
acme:identity_group:grp-01879~412062fbcbbb,identity_group,acme,grp-01879,grp-01879-security,2024-10-01T02:58:29Z,\N,2024-11-05T17:05:57Z,\N,1,assert
acme:identity_group:grp-02191~21661b5d3604,identity_group,acme,grp-02191,grp-02191-owns,2024-10-30T20:19:33Z,\N,2024-11-06T13:35:25Z,\N,1,assert
acme:identity_group:grp-01094~33e33e657958,identity_group,acme,grp-01094,grp-01094-security,2024-10-22T00:49:36Z,\N,2024-11-07T16:50:18Z,\N,1,assert
acme:identity_group:grp-00468~0b64e248b2d0,identity_group,acme,grp-00468,grp-00468-owns,2024-10-04T18:31:35Z,\N,2024-11-08T11:49:20Z,\N,1,assert
acme:identity_group:grp-01463~a8fe43e0f410,identity_group,acme,grp-01463,grp-01463-identity,2024-11-09T12:26:38Z,\N,2024-11-09T12:26:38Z,\N,1,assert
acme:identity_group:grp-00092~290722205360,identity_group,acme,grp-00092,grp-00092-identity,2024-10-12T23:35:44Z,\N,2024-11-11T08:23:28Z,\N,1,assert
acme:identity_group:grp-00240~79cf7f731531,identity_group,acme,grp-00240,grp-00240-identity,2024-11-01T17:44:29Z,\N,2024-11-15T05:20:49Z,\N,1,assert
acme:identity_group:grp-00243~c73edac5e7f9,identity_group,acme,grp-00243,grp-00243-owns,2024-11-13T03:30:44Z,\N,2024-11-16T09:17:16Z,\N,1,assert
acme:identity_group:grp-01861~7732564211c5,identity_group,acme,grp-01861,grp-01861-security,2024-10-26T21:46:12Z,\N,2024-11-16T07:03:46Z,\N,1,assert
acme:identity_group:grp-00748~171c77ecf5b2,identity_group,acme,grp-00748,grp-00748-security,2024-11-05T00:43:06Z,\N,2024-11-19T09:59:57Z,\N,1,assert
acme:identity_group:grp-01433~dcdf96f6f523,identity_group,acme,grp-01433,grp-01433-owns,2024-10-14T19:12:45Z,\N,2024-11-20T20:11:16Z,\N,1,assert
acme:identity_group:grp-02023~80938a1c29f0,identity_group,acme,grp-02023,grp-02023-security,2024-11-01T13:52:00Z,\N,2024-11-20T21:06:00Z,\N,1,assert
acme:identity_group:grp-01701~27baf003536a,identity_group,acme,grp-01701,grp-01701-operates,2024-10-10T16:39:21Z,\N,2024-11-21T21:28:59Z,\N,1,assert
acme:identity_group:grp-01310~37dcdeacaa01,identity_group,acme,grp-01310,grp-01310-owns,2024-10-20T04:32:36Z,\N,2024-11-22T20:28:04Z,\N,1,assert
acme:identity_group:grp-02107~19cc5d3024e2,identity_group,acme,grp-02107,grp-02107-owns,2024-11-06T16:44:38Z,\N,2024-11-22T00:08:53Z,\N,1,assert
acme:identity_group:grp-00560~819882e52154,identity_group,acme,grp-00560,grp-00560-identity,2024-10-22T15:42:39Z,\N,2024-11-24T12:32:14Z,\N,1,assert
acme:identity_group:grp-02014~b1d47022a46e,identity_group,acme,grp-02014,grp-02014-identity,2024-10-26T22:03:49Z,\N,2024-11-24T02:12:05Z,\N,1,assert
acme:identity_group:grp-01392~d25812b05244,identity_group,acme,grp-01392,grp-01392-identity,2024-10-16T01:38:32Z,\N,2024-11-25T09:43:57Z,\N,1,assert
acme:identity_group:grp-00414~320b274d5404,identity_group,acme,grp-00414,grp-00414-operates,2024-10-20T20:06:00Z,\N,2024-11-26T03:18:21Z,\N,1,assert
acme:identity_group:grp-01100~87aada63d8c6,identity_group,acme,grp-01100,grp-01100-owns,2024-11-02T19:40:41Z,\N,2024-11-26T11:50:49Z,\N,1,assert
acme:identity_group:grp-01435~2cfa135265d8,identity_group,acme,grp-01435,grp-01435-identity,2024-10-14T19:57:44Z,\N,2024-11-26T01:55:34Z,\N,1,assert
acme:identity_group:grp-01131~0a59187de533,identity_group,acme,grp-01131,grp-01131-security,2024-11-17T03:51:04Z,\N,2024-11-27T16:02:10Z,\N,1,assert
acme:identity_group:grp-01520~c15dd8a3ffe9,identity_group,acme,grp-01520,grp-01520-operates,2024-11-13T06:38:32Z,\N,2024-11-27T20:12:00Z,\N,1,assert
acme:identity_group:grp-01541~b77e564362d9,identity_group,acme,grp-01541,grp-01541-identity,2024-11-07T00:26:16Z,\N,2024-11-27T09:55:20Z,\N,1,assert
acme:identity_group:grp-00262~ef2c330a7c83,identity_group,acme,grp-00262,grp-00262-owns,2024-11-21T12:26:56Z,\N,2024-11-28T06:17:22Z,\N,1,assert
acme:identity_group:grp-01211~17c4a125f36e,identity_group,acme,grp-01211,grp-01211-security,2024-10-24T13:16:04Z,\N,2024-11-29T15:20:31Z,\N,1,assert
acme:identity_group:grp-00133~eee88c5ac66d,identity_group,acme,grp-00133,grp-00133-operates,2024-11-25T20:20:15Z,\N,2024-12-01T02:19:46Z,\N,1,assert
acme:identity_group:grp-00251~358ed28afc14,identity_group,acme,grp-00251,grp-00251-operates,2024-11-22T10:29:32Z,\N,2024-12-01T23:14:06Z,\N,1,assert
acme:identity_group:grp-02142~e4059aea28ef,identity_group,acme,grp-02142,grp-02142-identity,2024-10-26T12:27:57Z,\N,2024-12-01T11:26:22Z,\N,1,assert
acme:identity_group:grp-00083~a4262af92210,identity_group,acme,grp-00083,grp-00083-security,2024-11-14T03:31:35Z,\N,2024-12-02T07:56:27Z,\N,1,assert
acme:identity_group:grp-01633~7a1a9a1ad421,identity_group,acme,grp-01633,grp-01633-identity,2024-11-04T19:32:10Z,\N,2024-12-03T02:32:39Z,\N,1,assert
acme:identity_group:grp-00165~0cb8fb2f4588,identity_group,acme,grp-00165,grp-00165-identity,2024-11-08T22:22:23Z,\N,2024-12-05T02:47:57Z,\N,1,assert
acme:identity_group:grp-01158~111913e1809a,identity_group,acme,grp-01158,grp-01158-security,2024-11-13T10:08:59Z,\N,2024-12-05T14:02:13Z,\N,1,assert
acme:identity_group:grp-01720~aa4cb221c172,identity_group,acme,grp-01720,grp-01720-owns,2024-11-05T23:36:49Z,\N,2024-12-07T03:56:45Z,\N,1,assert
acme:identity_group:grp-01174~3390fcb4afc7,identity_group,acme,grp-01174,grp-01174-operates,2024-11-20T18:56:08Z,\N,2024-12-08T01:22:35Z,\N,1,assert
acme:identity_group:grp-01833~4b745a9fd089,identity_group,acme,grp-01833,grp-01833-operates,2024-10-29T10:41:42Z,\N,2024-12-09T23:14:24Z,\N,1,assert
acme:identity_group:grp-02037~17bc83e20c8f,identity_group,acme,grp-02037,grp-02037-operates,2024-11-15T01:58:29Z,\N,2024-12-09T16:30:20Z,\N,1,assert
acme:identity_group:grp-00432~69fd9ca1d49a,identity_group,acme,grp-00432,grp-00432-owns,2024-11-08T08:26:59Z,\N,2024-12-10T10:26:39Z,\N,1,assert
acme:identity_group:grp-00163~7af8a0edcc92,identity_group,acme,grp-00163,grp-00163-identity,2024-11-04T09:14:37Z,\N,2024-12-11T01:03:16Z,\N,1,assert
acme:identity_group:grp-01111~39de6017ce6c,identity_group,acme,grp-01111,grp-01111-identity,2024-11-08T19:49:09Z,\N,2024-12-11T06:39:01Z,\N,1,assert
acme:identity_group:grp-01141~5fde17f45663,identity_group,acme,grp-01141,grp-01141-security,2024-11-04T08:31:32Z,\N,2024-12-16T13:12:07Z,\N,1,assert
acme:identity_group:grp-01500~15336e208124,identity_group,acme,grp-01500,grp-01500-identity,2024-12-08T07:58:48Z,\N,2024-12-16T16:57:28Z,\N,1,assert
acme:identity_group:grp-00173~7660bd6c2ba4,identity_group,acme,grp-00173,grp-00173-operates,2024-11-28T05:14:59Z,\N,2024-12-17T12:49:14Z,\N,1,assert
acme:identity_group:grp-00026~81e170fcee56,identity_group,acme,grp-00026,grp-00026-security,2024-11-06T02:24:30Z,\N,2024-12-19T17:03:27Z,\N,1,assert
acme:identity_group:grp-02028~43dee766047c,identity_group,acme,grp-02028,grp-02028-owns,2024-11-18T15:53:28Z,\N,2024-12-19T00:59:47Z,\N,1,assert
acme:identity_group:grp-01548~df2639323fa9,identity_group,acme,grp-01548,grp-01548-identity,2024-11-25T05:14:20Z,\N,2024-12-21T10:29:07Z,\N,1,assert
acme:identity_group:grp-00316~8598f1f36019,identity_group,acme,grp-00316,grp-00316-security,2024-12-14T00:30:16Z,\N,2024-12-22T10:47:24Z,\N,1,assert
acme:identity_group:grp-00875~ed8320a6bbed,identity_group,acme,grp-00875,grp-00875-identity,2024-11-30T21:55:20Z,\N,2024-12-22T05:48:51Z,\N,1,assert
acme:identity_group:grp-00469~5628e1db71f9,identity_group,acme,grp-00469,grp-00469-owns,2024-12-10T23:24:45Z,\N,2024-12-25T04:36:26Z,\N,1,assert
acme:identity_group:grp-01558~dc3678d893f0,identity_group,acme,grp-01558,grp-01558-owns,2024-12-19T13:03:26Z,\N,2024-12-26T14:30:45Z,\N,1,assert
acme:identity_group:grp-01801~c5e6e91f9845,identity_group,acme,grp-01801,grp-01801-operates,2024-12-24T09:54:22Z,\N,2024-12-27T16:14:20Z,\N,1,assert
acme:identity_group:grp-01182~2b86b93e360e,identity_group,acme,grp-01182,grp-01182-security,2024-12-07T12:54:06Z,\N,2024-12-28T10:29:46Z,\N,1,assert
acme:identity_group:grp-00427~95f60217c5e0,identity_group,acme,grp-00427,grp-00427-identity,2024-11-27T02:41:46Z,\N,2024-12-31T15:53:51Z,\N,1,assert
acme:identity_group:grp-00623~83a9f8ce8366,identity_group,acme,grp-00623,grp-00623-security,2024-12-02T16:00:35Z,\N,2024-12-31T12:43:01Z,\N,1,assert
acme:identity_group:grp-01908~a0b2f70779b1,identity_group,acme,grp-01908,grp-01908-operates,2024-12-25T20:13:07Z,\N,2024-12-31T11:59:41Z,\N,1,assert
acme:identity_group:grp-01201~5678dbda25fc,identity_group,acme,grp-01201,grp-01201-operates,2024-11-21T09:58:31Z,\N,2025-01-04T15:38:15Z,\N,1,assert
acme:identity_group:grp-01327~2a69181a0a16,identity_group,acme,grp-01327,grp-01327-security,2025-01-03T01:15:14Z,\N,2025-01-05T19:14:32Z,\N,1,assert
acme:identity_group:grp-00833~99fbb5719561,identity_group,acme,grp-00833,grp-00833-operates,2024-11-30T18:20:09Z,\N,2025-01-07T01:09:11Z,\N,1,assert
acme:identity_group:grp-00583~fa772f1c702b,identity_group,acme,grp-00583,grp-00583-security,2025-01-04T00:26:22Z,\N,2025-01-10T10:59:44Z,\N,1,assert
acme:identity_group:grp-00642~eb060e8fafa1,identity_group,acme,grp-00642,grp-00642-security,2024-12-30T12:15:13Z,\N,2025-01-10T23:45:49Z,\N,1,assert
acme:identity_group:grp-00124~f4fc608f4746,identity_group,acme,grp-00124,grp-00124-owns,2025-01-03T16:51:45Z,\N,2025-01-11T10:24:39Z,\N,1,assert
acme:identity_group:grp-00554~64f92e7a1543,identity_group,acme,grp-00554,grp-00554-owns,2024-11-28T16:44:39Z,\N,2025-01-11T11:27:40Z,\N,1,assert
acme:identity_group:grp-01834~a2300c825007,identity_group,acme,grp-01834,grp-01834-owns,2024-12-06T18:09:11Z,\N,2025-01-11T04:15:44Z,\N,1,assert
acme:identity_group:grp-00368~be6316808c9b,identity_group,acme,grp-00368,grp-00368-security,2024-12-04T17:38:11Z,\N,2025-01-12T10:08:56Z,\N,1,assert
acme:identity_group:grp-01006~eec630a09014,identity_group,acme,grp-01006,grp-01006-security,2024-12-06T10:36:33Z,\N,2025-01-12T07:18:13Z,\N,1,assert
acme:identity_group:grp-02065~f3a10e8276e4,identity_group,acme,grp-02065,grp-02065-identity,2025-01-04T23:53:00Z,\N,2025-01-12T22:34:37Z,\N,1,assert
acme:identity_group:grp-00091~42d2f8e99902,identity_group,acme,grp-00091,grp-00091-security,2024-12-10T21:12:35Z,\N,2025-01-13T17:22:31Z,\N,1,assert
acme:identity_group:grp-00402~e04545684944,identity_group,acme,grp-00402,grp-00402-operates,2024-12-30T08:04:12Z,\N,2025-01-14T22:31:02Z,\N,1,assert
acme:identity_group:grp-01692~15235d8f5fc9,identity_group,acme,grp-01692,grp-01692-identity,2024-12-21T15:28:48Z,\N,2025-01-14T10:07:30Z,\N,1,assert
acme:identity_group:grp-00285~c951c03a3745,identity_group,acme,grp-00285,grp-00285-owns,2024-12-24T19:44:53Z,\N,2025-01-16T20:17:58Z,\N,1,assert
acme:identity_group:grp-01918~5ea914ba846a,identity_group,acme,grp-01918,grp-01918-owns,2024-12-10T06:40:55Z,\N,2025-01-18T03:08:24Z,\N,1,assert
acme:identity_group:grp-02057~bd8e8d3a5d0f,identity_group,acme,grp-02057,grp-02057-owns,2024-12-23T22:58:30Z,\N,2025-01-18T23:19:03Z,\N,1,assert
acme:identity_group:grp-01889~10aeabc15727,identity_group,acme,grp-01889,grp-01889-operates,2025-01-11T01:39:50Z,\N,2025-01-19T03:53:48Z,\N,1,assert
acme:identity_group:grp-02148~d3394592d5d3,identity_group,acme,grp-02148,grp-02148-operates,2025-01-17T15:22:15Z,\N,2025-01-20T20:07:49Z,\N,1,assert
acme:identity_group:grp-01102~841024301eec,identity_group,acme,grp-01102,grp-01102-identity,2025-01-13T19:28:21Z,\N,2025-01-21T13:07:58Z,\N,1,assert
acme:identity_group:grp-01255~40c156ff1467,identity_group,acme,grp-01255,grp-01255-security,2025-01-21T13:49:45Z,\N,2025-01-23T14:35:54Z,\N,1,assert
acme:identity_group:grp-01315~ae332f5cd59b,identity_group,acme,grp-01315,grp-01315-owns,2025-01-03T15:23:54Z,\N,2025-01-25T12:44:16Z,\N,1,assert
acme:identity_group:grp-00309~33f847030485,identity_group,acme,grp-00309,grp-00309-operates,2024-12-21T17:11:33Z,\N,2025-01-26T01:12:16Z,\N,1,assert
acme:identity_group:grp-01637~e890c2bd5f03,identity_group,acme,grp-01637,grp-01637-security,2024-12-24T12:43:05Z,\N,2025-01-26T12:54:00Z,\N,1,assert
acme:identity_group:grp-01891~c53f35ba2058,identity_group,acme,grp-01891,grp-01891-owns,2024-12-23T19:01:37Z,\N,2025-01-26T01:23:25Z,\N,1,assert
acme:identity_group:grp-00367~2d018226c81c,identity_group,acme,grp-00367,grp-00367-operates,2024-12-22T19:41:50Z,\N,2025-01-27T05:41:38Z,\N,1,assert
acme:identity_group:grp-00817~55f946733968,identity_group,acme,grp-00817,grp-00817-identity,2025-01-01T15:16:16Z,\N,2025-01-27T20:17:51Z,\N,1,assert
acme:identity_group:grp-01639~0ac967718e23,identity_group,acme,grp-01639,grp-01639-operates,2025-01-09T06:29:12Z,\N,2025-01-27T16:47:19Z,\N,1,assert
acme:identity_group:grp-01731~07cd501b5593,identity_group,acme,grp-01731,grp-01731-owns,2024-12-20T03:09:49Z,\N,2025-01-27T17:22:41Z,\N,1,assert
acme:identity_group:grp-02077~887924c433fc,identity_group,acme,grp-02077,grp-02077-owns,2025-01-12T09:50:28Z,\N,2025-01-27T01:15:57Z,\N,1,assert
acme:identity_group:grp-00390~c7f565b45eb8,identity_group,acme,grp-00390,grp-00390-operates,2024-12-27T04:04:30Z,\N,2025-01-28T18:33:15Z,\N,1,assert
acme:identity_group:grp-00054~1cdcc5ebf78c,identity_group,acme,grp-00054,grp-00054-owns,2025-01-14T15:49:30Z,\N,2025-01-29T07:32:43Z,\N,1,assert
acme:identity_group:grp-00176~67ac9ffec492,identity_group,acme,grp-00176,grp-00176-security,2025-02-04T03:04:49Z,\N,2025-02-04T03:04:49Z,\N,1,assert
acme:identity_group:grp-00789~99f257166aba,identity_group,acme,grp-00789,grp-00789-security,2024-12-26T13:00:41Z,\N,2025-02-04T06:36:19Z,\N,1,assert
acme:identity_group:grp-00866~a34378a500f7,identity_group,acme,grp-00866,grp-00866-operates,2025-01-09T09:45:53Z,\N,2025-02-05T02:15:01Z,\N,1,assert
acme:identity_group:grp-00898~8a59f956422e,identity_group,acme,grp-00898,grp-00898-owns,2025-01-03T12:20:13Z,\N,2025-02-09T00:26:07Z,\N,1,assert
acme:identity_group:grp-00164~aecde7282d8a,identity_group,acme,grp-00164,grp-00164-identity,2025-01-13T12:20:11Z,\N,2025-02-11T00:09:05Z,\N,1,assert
acme:identity_group:grp-00633~fc47c64d0fc3,identity_group,acme,grp-00633,grp-00633-security,2025-02-05T09:27:32Z,\N,2025-02-11T15:48:20Z,\N,1,assert
acme:identity_group:grp-01066~aefae3d05f01,identity_group,acme,grp-01066,grp-01066-operates,2025-02-01T23:29:15Z,\N,2025-02-12T12:35:23Z,\N,1,assert
acme:identity_group:grp-00582~493bf4d539d9,identity_group,acme,grp-00582,grp-00582-owns,2025-01-09T14:34:42Z,\N,2025-02-17T11:52:43Z,\N,1,assert
acme:identity_group:grp-00995~8c556c0a340c,identity_group,acme,grp-00995,grp-00995-operates,2025-01-18T01:54:50Z,\N,2025-02-20T21:53:16Z,\N,1,assert
acme:identity_group:grp-01475~539a0c016d05,identity_group,acme,grp-01475,grp-01475-identity,2025-02-06T15:39:50Z,\N,2025-02-20T00:03:55Z,\N,1,assert
acme:identity_group:grp-01124~3b64e61e2f31,identity_group,acme,grp-01124,grp-01124-owns,2025-01-09T16:37:13Z,\N,2025-02-22T05:51:19Z,\N,1,assert
acme:identity_group:grp-00066~82ecf0684e89,identity_group,acme,grp-00066,grp-00066-operates,2025-01-19T03:50:38Z,\N,2025-02-24T21:20:04Z,\N,1,assert
acme:identity_group:grp-00067~571764d17a4d,identity_group,acme,grp-00067,grp-00067-identity,2025-02-01T23:18:06Z,\N,2025-02-25T05:24:31Z,\N,1,assert
acme:identity_group:grp-01502~2ca1e26ddc83,identity_group,acme,grp-01502,grp-01502-security,2025-01-31T09:19:04Z,\N,2025-02-26T09:21:14Z,\N,1,assert
acme:identity_group:grp-00221~e28cd98d3ea5,identity_group,acme,grp-00221,grp-00221-owns,2025-01-27T12:05:36Z,\N,2025-02-27T12:30:57Z,\N,1,assert
acme:identity_group:grp-00436~f6416d43fac0,identity_group,acme,grp-00436,grp-00436-identity,2025-01-20T16:45:43Z,\N,2025-02-27T03:02:02Z,\N,1,assert
acme:identity_group:grp-00456~70e53d8e1259,identity_group,acme,grp-00456,grp-00456-security,2025-02-09T04:42:08Z,\N,2025-02-27T13:03:45Z,\N,1,assert
acme:identity_group:grp-01047~3718eeac3df5,identity_group,acme,grp-01047,grp-01047-identity,2025-02-25T07:18:26Z,\N,2025-02-28T19:23:22Z,\N,1,assert
acme:identity_group:grp-00085~9c623eab5e4a,identity_group,acme,grp-00085,grp-00085-identity,2025-02-14T09:53:16Z,\N,2025-03-01T13:12:27Z,\N,1,assert
acme:identity_group:grp-01021~48d94626efe7,identity_group,acme,grp-01021,grp-01021-operates,2025-02-11T12:22:36Z,\N,2025-03-02T19:34:08Z,\N,1,assert
acme:identity_group:grp-00675~8e0348626a10,identity_group,acme,grp-00675,grp-00675-identity,2025-01-28T01:05:57Z,\N,2025-03-04T15:47:20Z,\N,1,assert
acme:identity_group:grp-01397~ac13ee170194,identity_group,acme,grp-01397,grp-01397-identity,2025-01-26T21:57:59Z,\N,2025-03-04T13:05:53Z,\N,1,assert
acme:identity_group:grp-01858~9d00fee84c61,identity_group,acme,grp-01858,grp-01858-identity,2025-01-23T11:56:36Z,\N,2025-03-04T22:27:17Z,\N,1,assert
acme:identity_group:grp-01101~0647c4a54929,identity_group,acme,grp-01101,grp-01101-owns,2025-02-17T23:36:05Z,\N,2025-03-05T23:21:26Z,\N,1,assert
acme:identity_group:grp-00930~4616b62658d6,identity_group,acme,grp-00930,grp-00930-security,2025-01-27T10:40:20Z,\N,2025-03-07T12:45:45Z,\N,1,assert
acme:identity_group:grp-01492~34544394c23e,identity_group,acme,grp-01492,grp-01492-operates,2025-03-05T07:55:56Z,\N,2025-03-07T13:44:14Z,\N,1,assert
acme:identity_group:grp-00967~70acfa223fd9,identity_group,acme,grp-00967,grp-00967-operates,2025-02-09T04:11:00Z,\N,2025-03-08T09:37:51Z,\N,1,assert
acme:identity_group:grp-01469~c43e98e2bb8e,identity_group,acme,grp-01469,grp-01469-operates,2025-01-31T00:28:13Z,\N,2025-03-11T12:20:47Z,\N,1,assert
acme:identity_group:grp-00300~2abb3251908a,identity_group,acme,grp-00300,grp-00300-owns,2025-02-11T15:32:47Z,\N,2025-03-13T14:34:58Z,\N,1,assert
acme:identity_group:grp-01406~7afa412c6a3d,identity_group,acme,grp-01406,grp-01406-owns,2025-03-10T21:40:27Z,\N,2025-03-14T23:23:52Z,\N,1,assert
acme:identity_group:grp-00357~cb82fb3bf6d3,identity_group,acme,grp-00357,grp-00357-owns,2025-03-08T07:23:31Z,\N,2025-03-16T02:08:21Z,\N,1,assert
acme:identity_group:grp-01919~38fd52705279,identity_group,acme,grp-01919,grp-01919-security,2025-02-01T11:58:50Z,\N,2025-03-17T17:19:14Z,\N,1,assert
acme:identity_group:grp-01607~6d87bfa97ea5,identity_group,acme,grp-01607,grp-01607-identity,2025-03-01T04:20:10Z,\N,2025-03-18T01:42:22Z,\N,1,assert
acme:identity_group:grp-00053~3cc123320e30,identity_group,acme,grp-00053,grp-00053-owns,2025-02-05T00:47:47Z,\N,2025-03-19T00:00:24Z,\N,1,assert
acme:identity_group:grp-00140~79eae18488ca,identity_group,acme,grp-00140,grp-00140-security,2025-02-04T19:19:47Z,\N,2025-03-19T18:46:02Z,\N,1,assert
acme:identity_group:grp-00354~356ecff4342e,identity_group,acme,grp-00354,grp-00354-identity,2025-03-04T09:18:13Z,\N,2025-03-20T15:41:38Z,\N,1,assert
acme:identity_group:grp-00077~7ffb165e86f7,identity_group,acme,grp-00077,grp-00077-identity,2025-02-20T11:38:03Z,\N,2025-03-23T17:56:38Z,\N,1,assert
acme:identity_group:grp-01149~9846ad62aa7c,identity_group,acme,grp-01149,grp-01149-identity,2025-02-10T12:09:10Z,\N,2025-03-23T12:28:41Z,\N,1,assert
acme:identity_group:grp-01216~b28d0be46e40,identity_group,acme,grp-01216,grp-01216-identity,2025-02-28T15:33:28Z,\N,2025-03-23T10:40:02Z,\N,1,assert
acme:identity_group:grp-01299~988f05b374a9,identity_group,acme,grp-01299,grp-01299-owns,2025-02-27T00:01:26Z,\N,2025-03-23T23:21:11Z,\N,1,assert
acme:identity_group:grp-00637~592e2cb24ddf,identity_group,acme,grp-00637,grp-00637-owns,2025-03-18T05:30:41Z,\N,2025-03-24T01:09:01Z,\N,1,assert
acme:identity_group:grp-00907~1cf1d2bbb09c,identity_group,acme,grp-00907,grp-00907-operates,2025-03-04T00:38:24Z,\N,2025-03-25T10:06:31Z,\N,1,assert
acme:identity_group:grp-01321~88f867266d98,identity_group,acme,grp-01321,grp-01321-identity,2025-03-06T18:29:42Z,\N,2025-03-25T20:19:34Z,\N,1,assert
acme:identity_group:grp-00737~b7b4bbb2a9af,identity_group,acme,grp-00737,grp-00737-operates,2025-03-06T15:24:00Z,\N,2025-03-26T09:28:13Z,\N,1,assert
acme:identity_group:grp-01562~1245b401388d,identity_group,acme,grp-01562,grp-01562-identity,2025-02-22T14:46:15Z,\N,2025-03-27T05:41:17Z,\N,1,assert
acme:identity_group:grp-01689~46274cbc5711,identity_group,acme,grp-01689,grp-01689-owns,2025-03-20T00:43:45Z,\N,2025-03-29T22:41:15Z,\N,1,assert
acme:identity_group:grp-01993~b78e62748fdd,identity_group,acme,grp-01993,grp-01993-identity,2025-03-19T18:24:57Z,\N,2025-03-29T04:10:25Z,\N,1,assert
acme:identity_group:grp-00857~7960feb8c0c8,identity_group,acme,grp-00857,grp-00857-security,2025-03-10T10:01:12Z,\N,2025-03-31T10:21:00Z,\N,1,assert
acme:identity_group:grp-01953~7c44d7712af5,identity_group,acme,grp-01953,grp-01953-identity,2025-02-19T12:09:39Z,\N,2025-03-31T16:12:11Z,\N,1,assert
acme:identity_group:grp-00399~e56eb55031bb,identity_group,acme,grp-00399,grp-00399-owns,2025-03-19T21:48:17Z,\N,2025-04-01T18:09:26Z,\N,1,assert
acme:identity_group:grp-01057~90b13e87d346,identity_group,acme,grp-01057,grp-01057-security,2025-03-13T01:36:56Z,\N,2025-04-01T13:46:09Z,\N,1,assert
acme:identity_group:grp-01443~e92d6254ca51,identity_group,acme,grp-01443,grp-01443-identity,2025-03-18T20:56:28Z,\N,2025-04-01T13:11:58Z,\N,1,assert
acme:identity_group:grp-00719~1a4126492ec3,identity_group,acme,grp-00719,grp-00719-identity,2025-03-13T11:27:46Z,\N,2025-04-04T19:31:14Z,\N,1,assert
acme:identity_group:grp-00793~1545b4bb5bd1,identity_group,acme,grp-00793,grp-00793-owns,2025-03-14T00:23:17Z,\N,2025-04-05T04:23:38Z,\N,1,assert
acme:identity_group:grp-01959~7c11fe73c511,identity_group,acme,grp-01959,grp-01959-operates,2025-03-27T08:42:10Z,\N,2025-04-08T09:21:20Z,\N,1,assert
acme:identity_group:grp-00667~dd09146b48c2,identity_group,acme,grp-00667,grp-00667-security,2025-04-07T08:06:10Z,\N,2025-04-09T18:14:55Z,\N,1,assert
acme:identity_group:grp-01815~128b60ccae69,identity_group,acme,grp-01815,grp-01815-operates,2025-03-07T23:15:02Z,\N,2025-04-09T16:29:29Z,\N,1,assert
acme:identity_group:grp-01079~e117f2b1e528,identity_group,acme,grp-01079,grp-01079-identity,2025-03-18T19:35:00Z,\N,2025-04-10T03:36:53Z,\N,1,assert
acme:identity_group:grp-00489~b54c3634ab30,identity_group,acme,grp-00489,grp-00489-identity,2025-04-10T05:25:34Z,\N,2025-04-12T07:45:29Z,\N,1,assert
acme:identity_group:grp-01213~248e95fc4ba4,identity_group,acme,grp-01213,grp-01213-identity,2025-03-28T11:51:33Z,\N,2025-04-13T12:52:08Z,\N,1,assert
acme:identity_group:grp-01611~55ae09a7b3ba,identity_group,acme,grp-01611,grp-01611-identity,2025-03-04T01:35:56Z,\N,2025-04-13T09:16:35Z,\N,1,assert
acme:identity_group:grp-00764~77a867897bbd,identity_group,acme,grp-00764,grp-00764-security,2025-04-04T13:44:07Z,\N,2025-04-14T01:22:46Z,\N,1,assert
acme:identity_group:grp-00558~4e7bf4325652,identity_group,acme,grp-00558,grp-00558-owns,2025-03-28T05:01:21Z,\N,2025-04-15T22:45:20Z,\N,1,assert
acme:identity_group:grp-00331~756b52be0a7a,identity_group,acme,grp-00331,grp-00331-identity,2025-04-09T11:25:15Z,\N,2025-04-18T19:40:05Z,\N,1,assert
acme:identity_group:grp-01504~f75961897860,identity_group,acme,grp-01504,grp-01504-operates,2025-04-17T17:35:46Z,\N,2025-04-18T17:57:55Z,\N,1,assert
acme:identity_group:grp-00289~0d1e17426a6e,identity_group,acme,grp-00289,grp-00289-operates,2025-03-28T20:43:33Z,\N,2025-04-19T23:37:14Z,\N,1,assert
acme:identity_group:grp-00936~eaf528116f0a,identity_group,acme,grp-00936,grp-00936-owns,2025-04-13T23:45:46Z,\N,2025-04-19T05:21:26Z,\N,1,assert
acme:identity_group:grp-01355~d1502b1b2292,identity_group,acme,grp-01355,grp-01355-security,2025-04-08T19:05:48Z,\N,2025-04-20T02:39:08Z,\N,1,assert
acme:identity_group:grp-01966~1655477c149e,identity_group,acme,grp-01966,grp-01966-operates,2025-03-18T17:13:44Z,\N,2025-04-23T02:59:25Z,\N,1,assert
acme:identity_group:grp-01636~ca47dd9a3c65,identity_group,acme,grp-01636,grp-01636-operates,2025-04-23T15:16:18Z,\N,2025-04-25T15:20:08Z,\N,1,assert
acme:identity_group:grp-00030~44d862e3bfb0,identity_group,acme,grp-00030,grp-00030-operates,2025-04-15T05:18:51Z,\N,2025-04-29T18:57:25Z,\N,1,assert
acme:identity_group:grp-01995~89b88ebf2c61,identity_group,acme,grp-01995,grp-01995-operates,2025-04-22T11:42:21Z,\N,2025-04-29T14:57:24Z,\N,1,assert
acme:identity_group:grp-02135~e0b97bad4a40,identity_group,acme,grp-02135,grp-02135-owns,2025-04-24T19:02:23Z,\N,2025-05-01T06:13:51Z,\N,1,assert
acme:identity_group:grp-02150~4b42e54a0731,identity_group,acme,grp-02150,grp-02150-owns,2025-04-08T22:40:32Z,\N,2025-05-01T14:24:46Z,\N,1,assert
acme:identity_group:grp-00768~293b96e3181e,identity_group,acme,grp-00768,grp-00768-security,2025-04-15T10:20:06Z,\N,2025-05-02T09:06:00Z,\N,1,assert
acme:identity_group:grp-00275~6832ce221e1a,identity_group,acme,grp-00275,grp-00275-operates,2025-05-02T11:19:08Z,\N,2025-05-03T20:43:20Z,\N,1,assert
acme:identity_group:grp-02173~f27cca49c759,identity_group,acme,grp-02173,grp-02173-operates,2025-04-13T14:56:54Z,\N,2025-05-03T05:22:45Z,\N,1,assert
acme:identity_group:grp-00682~b8e5610d0379,identity_group,acme,grp-00682,grp-00682-operates,2025-03-24T09:00:52Z,\N,2025-05-05T04:23:55Z,\N,1,assert
acme:identity_group:grp-00539~d6155d68b3a6,identity_group,acme,grp-00539,grp-00539-owns,2025-03-25T18:34:08Z,\N,2025-05-07T21:32:53Z,\N,1,assert
acme:identity_group:grp-00871~18f9c846ef4e,identity_group,acme,grp-00871,grp-00871-owns,2025-04-16T20:56:56Z,\N,2025-05-09T18:21:33Z,\N,1,assert
acme:identity_group:grp-01962~261d8fa3025c,identity_group,acme,grp-01962,grp-01962-identity,2025-04-11T03:46:15Z,\N,2025-05-12T02:04:11Z,\N,1,assert
acme:identity_group:grp-01819~1543c197af53,identity_group,acme,grp-01819,grp-01819-operates,2025-04-03T13:21:30Z,\N,2025-05-14T08:09:36Z,\N,1,assert
acme:identity_group:grp-01881~325cb82b8d91,identity_group,acme,grp-01881,grp-01881-owns,2025-04-23T08:15:32Z,\N,2025-05-14T09:09:58Z,\N,1,assert
acme:identity_group:grp-00049~9c54cc629017,identity_group,acme,grp-00049,grp-00049-owns,2025-05-05T02:37:22Z,\N,2025-05-16T22:27:05Z,\N,1,assert
acme:identity_group:grp-00924~258bb8a11f11,identity_group,acme,grp-00924,grp-00924-identity,2025-04-21T19:37:19Z,\N,2025-05-16T02:07:35Z,\N,1,assert
acme:identity_group:grp-01657~87e301135db0,identity_group,acme,grp-01657,grp-01657-owns,2025-04-10T17:54:54Z,\N,2025-05-17T00:11:47Z,\N,1,assert
acme:identity_group:grp-02020~8a0558281a56,identity_group,acme,grp-02020,grp-02020-identity,2025-04-19T05:06:36Z,\N,2025-05-19T14:10:27Z,\N,1,assert
acme:identity_group:grp-00145~3e5276e4c08e,identity_group,acme,grp-00145,grp-00145-owns,2025-05-05T03:07:44Z,\N,2025-05-20T09:13:21Z,\N,1,assert
acme:identity_group:grp-02045~d24c512f2a19,identity_group,acme,grp-02045,grp-02045-owns,2025-05-16T22:18:52Z,\N,2025-05-21T10:37:13Z,\N,1,assert
acme:identity_group:grp-00687~05ed139f4f9f,identity_group,acme,grp-00687,grp-00687-operates,2025-04-29T00:27:44Z,\N,2025-05-22T10:53:17Z,\N,1,assert
acme:identity_group:grp-01899~5ec6df54b2e6,identity_group,acme,grp-01899,grp-01899-owns,2025-04-22T21:46:44Z,\N,2025-05-24T06:40:54Z,\N,1,assert
acme:identity_group:grp-01226~8374c4128382,identity_group,acme,grp-01226,grp-01226-owns,2025-05-20T16:05:46Z,\N,2025-05-25T08:37:17Z,\N,1,assert
acme:identity_group:grp-00052~310a5b05b075,identity_group,acme,grp-00052,grp-00052-identity,2025-05-16T05:30:44Z,\N,2025-05-29T09:32:59Z,\N,1,assert
acme:identity_group:grp-00452~18fd89962cb6,identity_group,acme,grp-00452,grp-00452-operates,2025-04-21T02:26:07Z,\N,2025-05-29T07:51:09Z,\N,1,assert
acme:identity_group:grp-01886~efc9affab607,identity_group,acme,grp-01886,grp-01886-security,2025-05-27T01:43:32Z,\N,2025-05-29T03:04:41Z,\N,1,assert
acme:identity_group:grp-00353~c5c4ed7f5a5f,identity_group,acme,grp-00353,grp-00353-operates,2025-05-19T16:46:23Z,\N,2025-05-31T03:44:41Z,\N,1,assert
acme:identity_group:grp-01014~bd870c21efbd,identity_group,acme,grp-01014,grp-01014-identity,2025-05-24T08:47:12Z,\N,2025-05-31T05:27:02Z,\N,1,assert
acme:identity_group:grp-01035~b9bb0f67837e,identity_group,acme,grp-01035,grp-01035-owns,2025-04-24T14:38:09Z,\N,2025-06-01T06:49:04Z,\N,1,assert
acme:identity_group:grp-01208~1e56294c43e1,identity_group,acme,grp-01208,grp-01208-security,2025-05-31T20:55:38Z,\N,2025-06-01T10:18:08Z,\N,1,assert
acme:identity_group:grp-00640~68016d896781,identity_group,acme,grp-00640,grp-00640-owns,2025-05-19T18:06:25Z,\N,2025-06-05T08:08:59Z,\N,1,assert
acme:identity_group:grp-01410~b708cd4e8783,identity_group,acme,grp-01410,grp-01410-identity,2025-05-17T00:24:34Z,\N,2025-06-07T10:51:01Z,\N,1,assert
acme:identity_group:grp-00551~1ef88958a6e3,identity_group,acme,grp-00551,grp-00551-security,2025-04-28T06:16:31Z,\N,2025-06-09T13:43:09Z,\N,1,assert
acme:identity_group:grp-01304~00360e838b33,identity_group,acme,grp-01304,grp-01304-operates,2025-05-25T14:13:47Z,\N,2025-06-09T18:44:25Z,\N,1,assert
acme:identity_group:grp-02063~8711b361b137,identity_group,acme,grp-02063,grp-02063-operates,2025-05-20T02:51:30Z,\N,2025-06-10T17:25:17Z,\N,1,assert
acme:identity_group:grp-01026~3222acf3e64d,identity_group,acme,grp-01026,grp-01026-security,2025-05-01T17:04:41Z,\N,2025-06-14T14:18:25Z,\N,1,assert
acme:identity_group:grp-00746~5bbf8d433b03,identity_group,acme,grp-00746,grp-00746-identity,2025-06-13T09:43:26Z,\N,2025-06-15T07:53:39Z,\N,1,assert
acme:identity_group:grp-01921~6798fa85f3d7,identity_group,acme,grp-01921,grp-01921-identity,2025-06-14T03:30:06Z,\N,2025-06-15T17:55:12Z,\N,1,assert
acme:identity_group:grp-00234~9f95e476fcb9,identity_group,acme,grp-00234,grp-00234-operates,2025-06-12T08:31:01Z,\N,2025-06-16T01:26:39Z,\N,1,assert
acme:identity_group:grp-00069~1cf9849210df,identity_group,acme,grp-00069,grp-00069-security,2025-05-15T01:50:18Z,\N,2025-06-17T04:20:02Z,\N,1,assert
acme:identity_group:grp-00084~a0f70af4c236,identity_group,acme,grp-00084,grp-00084-security,2025-05-21T20:59:19Z,\N,2025-06-17T10:20:02Z,\N,1,assert
acme:identity_group:grp-00498~db443048e8b9,identity_group,acme,grp-00498,grp-00498-identity,2025-05-18T12:34:17Z,\N,2025-06-17T00:41:20Z,\N,1,assert
acme:identity_group:grp-00429~96f61b29119f,identity_group,acme,grp-00429,grp-00429-operates,2025-05-27T20:10:51Z,\N,2025-06-19T03:39:23Z,\N,1,assert
acme:identity_group:grp-00346~f26c25fa5bca,identity_group,acme,grp-00346,grp-00346-operates,2025-05-15T15:48:57Z,\N,2025-06-20T06:58:42Z,\N,1,assert
acme:identity_group:grp-00043~2cb7da2e71e7,identity_group,acme,grp-00043,grp-00043-owns,2025-06-12T04:02:40Z,\N,2025-06-22T14:20:20Z,\N,1,assert
acme:identity_group:grp-00129~36f854ff84cc,identity_group,acme,grp-00129,grp-00129-security,2025-06-14T12:47:09Z,\N,2025-06-26T22:20:15Z,\N,1,assert
acme:identity_group:grp-00317~ee5af867c6d1,identity_group,acme,grp-00317,grp-00317-security,2025-05-22T04:41:59Z,\N,2025-06-26T16:09:04Z,\N,1,assert
acme:identity_group:grp-00374~53c234389ad0,identity_group,acme,grp-00374,grp-00374-owns,2025-06-06T14:22:18Z,\N,2025-06-26T17:01:57Z,\N,1,assert
acme:identity_group:grp-00961~e57ffe843e24,identity_group,acme,grp-00961,grp-00961-identity,2025-06-11T06:21:01Z,\N,2025-06-26T22:15:34Z,\N,1,assert
acme:identity_group:grp-01525~11c3687f187e,identity_group,acme,grp-01525,grp-01525-operates,2025-06-05T00:09:47Z,\N,2025-06-28T09:02:24Z,\N,1,assert
acme:identity_group:grp-02098~d2fa1706c408,identity_group,acme,grp-02098,grp-02098-security,2025-05-31T16:07:18Z,\N,2025-06-29T22:09:29Z,\N,1,assert
acme:identity_group:grp-02013~0e7865181c2b,identity_group,acme,grp-02013,grp-02013-owns,2025-06-22T11:38:14Z,\N,2025-07-02T22:50:54Z,\N,1,assert
acme:identity_group:grp-01852~b81db41ecb6b,identity_group,acme,grp-01852,grp-01852-operates,2025-05-26T19:25:51Z,\N,2025-07-03T22:04:39Z,\N,1,assert
acme:identity_group:grp-00338~b1533bb6903a,identity_group,acme,grp-00338,grp-00338-operates,2025-05-21T17:20:19Z,\N,2025-07-04T10:18:03Z,\N,1,assert
acme:identity_group:grp-00655~10889ae45f62,identity_group,acme,grp-00655,grp-00655-operates,2025-06-29T03:34:53Z,\N,2025-07-05T12:07:10Z,\N,1,assert
acme:identity_group:grp-00411~96bbc4ba83d8,identity_group,acme,grp-00411,grp-00411-owns,2025-05-28T15:41:56Z,\N,2025-07-06T15:05:23Z,\N,1,assert
acme:identity_group:grp-01311~2ff6e28ba810,identity_group,acme,grp-01311,grp-01311-identity,2025-07-05T06:41:08Z,\N,2025-07-06T00:58:30Z,\N,1,assert
acme:identity_group:grp-01616~5e1c583183f2,identity_group,acme,grp-01616,grp-01616-owns,2025-06-12T17:16:04Z,\N,2025-07-06T09:55:46Z,\N,1,assert
acme:identity_group:grp-01620~ed7e70b042e7,identity_group,acme,grp-01620,grp-01620-security,2025-05-28T22:14:47Z,\N,2025-07-06T14:38:11Z,\N,1,assert
acme:identity_group:grp-01493~96b35b6af175,identity_group,acme,grp-01493,grp-01493-security,2025-05-31T04:33:37Z,\N,2025-07-09T22:49:29Z,\N,1,assert
acme:identity_group:grp-00413~003e10c3f118,identity_group,acme,grp-00413,grp-00413-security,2025-06-08T07:47:09Z,\N,2025-07-10T04:17:32Z,\N,1,assert
acme:identity_group:grp-00662~266d2131344a,identity_group,acme,grp-00662,grp-00662-security,2025-06-15T03:01:01Z,\N,2025-07-11T01:47:45Z,\N,1,assert
acme:identity_group:grp-00047~7fb869cfb328,identity_group,acme,grp-00047,grp-00047-owns,2025-06-22T04:15:27Z,\N,2025-07-12T11:36:07Z,\N,1,assert
acme:identity_group:grp-02093~23a01f940316,identity_group,acme,grp-02093,grp-02093-operates,2025-07-02T11:17:17Z,\N,2025-07-13T18:29:33Z,\N,1,assert
acme:identity_group:grp-00125~a62b81222cea,identity_group,acme,grp-00125,grp-00125-operates,2025-06-15T05:29:42Z,\N,2025-07-14T23:50:50Z,\N,1,assert
acme:identity_group:grp-02138~487122ed008a,identity_group,acme,grp-02138,grp-02138-owns,2025-06-15T22:22:08Z,\N,2025-07-14T17:08:07Z,\N,1,assert
acme:identity_group:grp-00629~bb23cca4e8f1,identity_group,acme,grp-00629,grp-00629-operates,2025-07-01T21:51:45Z,\N,2025-07-16T20:07:15Z,\N,1,assert
acme:identity_group:grp-02128~2bfd0702e5d8,identity_group,acme,grp-02128,grp-02128-security,2025-06-18T05:08:47Z,\N,2025-07-17T09:54:21Z,\N,1,assert
acme:identity_group:grp-00418~04d8e03f393b,identity_group,acme,grp-00418,grp-00418-identity,2025-06-08T21:23:05Z,\N,2025-07-21T23:40:26Z,\N,1,assert
acme:identity_group:grp-01185~116c3cf9eee5,identity_group,acme,grp-01185,grp-01185-identity,2025-06-16T17:26:01Z,\N,2025-07-21T16:40:56Z,\N,1,assert
acme:identity_group:grp-01737~f8732b7b615d,identity_group,acme,grp-01737,grp-01737-owns,2025-07-20T00:59:52Z,\N,2025-07-22T11:06:10Z,\N,1,assert
acme:identity_group:grp-00171~034d9b347e87,identity_group,acme,grp-00171,grp-00171-owns,2025-06-26T11:28:53Z,\N,2025-07-26T20:23:57Z,\N,1,assert
acme:identity_group:grp-02061~e0227190aba7,identity_group,acme,grp-02061,grp-02061-owns,2025-07-19T22:03:36Z,\N,2025-07-27T06:10:46Z,\N,1,assert
acme:identity_group:grp-00229~328b9d618763,identity_group,acme,grp-00229,grp-00229-identity,2025-06-22T11:15:56Z,\N,2025-07-30T23:24:28Z,\N,1,assert
acme:identity_group:grp-00244~961c4610e72b,identity_group,acme,grp-00244,grp-00244-security,2025-06-20T12:59:55Z,\N,2025-08-01T21:01:36Z,\N,1,assert
acme:identity_group:grp-01571~4c9355f9ec21,identity_group,acme,grp-01571,grp-01571-identity,2025-06-19T15:37:16Z,\N,2025-08-01T22:25:13Z,\N,1,assert
acme:identity_group:grp-01605~c8ef8d6f41fd,identity_group,acme,grp-01605,grp-01605-identity,2025-07-16T07:15:29Z,\N,2025-08-02T19:18:53Z,\N,1,assert
acme:identity_group:grp-01827~56bcbf184d64,identity_group,acme,grp-01827,grp-01827-identity,2025-07-20T11:47:09Z,\N,2025-08-03T16:40:04Z,\N,1,assert
acme:identity_group:grp-01344~5618dbf51af8,identity_group,acme,grp-01344,grp-01344-security,2025-07-21T21:18:22Z,\N,2025-08-04T13:58:17Z,\N,1,assert
acme:identity_group:grp-01238~31a6aa195af3,identity_group,acme,grp-01238,grp-01238-operates,2025-07-19T08:59:49Z,\N,2025-08-05T00:57:22Z,\N,1,assert
acme:identity_group:grp-00482~d5d413e2467b,identity_group,acme,grp-00482,grp-00482-security,2025-07-16T23:58:49Z,\N,2025-08-08T13:50:43Z,\N,1,assert
acme:identity_group:grp-00933~e390ed4e8d3f,identity_group,acme,grp-00933,grp-00933-owns,2025-07-13T15:36:08Z,\N,2025-08-08T04:12:48Z,\N,1,assert
acme:identity_group:grp-01660~edb31b2b37e1,identity_group,acme,grp-01660,grp-01660-identity,2025-06-26T05:37:22Z,\N,2025-08-08T08:23:41Z,\N,1,assert
acme:identity_group:grp-01750~286679b37ebf,identity_group,acme,grp-01750,grp-01750-operates,2025-07-13T08:36:13Z,\N,2025-08-08T10:59:13Z,\N,1,assert
acme:identity_group:grp-00783~035635aa1d18,identity_group,acme,grp-00783,grp-00783-operates,2025-07-14T11:55:34Z,\N,2025-08-13T14:56:43Z,\N,1,assert
acme:identity_group:grp-01536~6fa1013a8e7b,identity_group,acme,grp-01536,grp-01536-operates,2025-08-06T14:01:08Z,\N,2025-08-13T04:26:21Z,\N,1,assert
acme:identity_group:grp-01748~7610c3fdae68,identity_group,acme,grp-01748,grp-01748-identity,2025-08-07T15:32:05Z,\N,2025-08-16T12:02:27Z,\N,1,assert
acme:identity_group:grp-01875~62ab6b152a1a,identity_group,acme,grp-01875,grp-01875-security,2025-08-01T04:38:11Z,\N,2025-08-16T20:54:14Z,\N,1,assert
acme:identity_group:grp-01117~58efb100c1b7,identity_group,acme,grp-01117,grp-01117-identity,2025-07-20T03:36:02Z,\N,2025-08-19T21:22:30Z,\N,1,assert
acme:identity_group:grp-01422~e73a3d3b5e31,identity_group,acme,grp-01422,grp-01422-identity,2025-08-14T01:34:35Z,\N,2025-08-20T20:17:24Z,\N,1,assert
acme:identity_group:grp-01708~ee4b927fe5de,identity_group,acme,grp-01708,grp-01708-identity,2025-08-03T13:37:07Z,\N,2025-08-20T14:18:15Z,\N,1,assert
acme:identity_group:grp-01892~d1a2e0639ace,identity_group,acme,grp-01892,grp-01892-operates,2025-07-09T07:41:16Z,\N,2025-08-20T01:27:57Z,\N,1,assert
acme:identity_group:grp-00819~2ff044667973,identity_group,acme,grp-00819,grp-00819-security,2025-07-28T07:27:51Z,\N,2025-08-22T22:07:39Z,\N,1,assert
acme:identity_group:grp-01817~7c3b641aacc5,identity_group,acme,grp-01817,grp-01817-identity,2025-07-15T02:38:01Z,\N,2025-08-22T06:03:28Z,\N,1,assert
acme:identity_group:grp-01972~700c324d853f,identity_group,acme,grp-01972,grp-01972-operates,2025-08-08T14:24:37Z,\N,2025-08-22T10:07:50Z,\N,1,assert
acme:identity_group:grp-00541~6461735cdeda,identity_group,acme,grp-00541,grp-00541-owns,2025-08-23T14:28:17Z,\N,2025-08-23T14:28:17Z,\N,1,assert
acme:identity_group:grp-01278~b8870035fe4c,identity_group,acme,grp-01278,grp-01278-owns,2025-08-21T05:26:33Z,\N,2025-08-23T09:00:50Z,\N,1,assert
acme:identity_group:grp-01288~e8ee006d23a9,identity_group,acme,grp-01288,grp-01288-identity,2025-08-04T12:19:48Z,\N,2025-08-23T05:02:13Z,\N,1,assert
acme:identity_group:grp-00530~a6895e5193ad,identity_group,acme,grp-00530,grp-00530-identity,2025-08-01T13:28:41Z,\N,2025-08-25T19:04:53Z,\N,1,assert
acme:identity_group:grp-00733~80bb32008488,identity_group,acme,grp-00733,grp-00733-owns,2025-07-28T13:18:40Z,\N,2025-08-28T03:41:40Z,\N,1,assert
acme:identity_group:grp-02134~0463a55d2b5c,identity_group,acme,grp-02134,grp-02134-operates,2025-07-28T22:05:20Z,\N,2025-08-29T01:55:54Z,\N,1,assert
acme:identity_group:grp-01969~a77f28d4bc20,identity_group,acme,grp-01969,grp-01969-owns,2025-08-30T02:24:28Z,\N,2025-08-30T02:24:28Z,\N,1,assert
acme:identity_group:grp-02167~d75049881d97,identity_group,acme,grp-02167,grp-02167-security,2025-08-21T07:38:20Z,\N,2025-08-30T03:18:48Z,\N,1,assert
acme:identity_group:grp-00910~55735cdc55d0,identity_group,acme,grp-00910,grp-00910-security,2025-08-02T12:01:54Z,\N,2025-08-31T19:42:27Z,\N,1,assert
acme:identity_group:grp-01455~1bae9595bcc1,identity_group,acme,grp-01455,grp-01455-security,2025-08-30T06:24:51Z,\N,2025-08-31T11:16:27Z,\N,1,assert
acme:identity_group:grp-01081~28212cd0979c,identity_group,acme,grp-01081,grp-01081-owns,2025-08-10T15:35:57Z,\N,2025-09-04T22:37:23Z,\N,1,assert
acme:identity_group:grp-01714~09562fa3c9a1,identity_group,acme,grp-01714,grp-01714-owns,2025-08-31T17:10:04Z,\N,2025-09-05T13:06:36Z,\N,1,assert
acme:identity_group:grp-00507~8bf11fa15991,identity_group,acme,grp-00507,grp-00507-security,2025-08-27T09:24:53Z,\N,2025-09-06T00:34:47Z,\N,1,assert
acme:identity_group:grp-01070~797f65517999,identity_group,acme,grp-01070,grp-01070-security,2025-08-20T02:25:21Z,\N,2025-09-08T04:21:13Z,\N,1,assert
acme:identity_group:grp-00407~5b4db988ca04,identity_group,acme,grp-00407,grp-00407-identity,2025-08-10T15:31:44Z,\N,2025-09-09T02:55:40Z,\N,1,assert
acme:identity_group:grp-00410~c0123719ca9a,identity_group,acme,grp-00410,grp-00410-security,2025-08-07T07:00:01Z,\N,2025-09-14T15:27:44Z,\N,1,assert
acme:identity_group:grp-01037~b6971859ce95,identity_group,acme,grp-01037,grp-01037-owns,2025-09-02T23:41:31Z,\N,2025-09-14T05:50:34Z,\N,1,assert
acme:identity_group:grp-01137~c6e13bf8daaf,identity_group,acme,grp-01137,grp-01137-identity,2025-08-16T06:19:03Z,\N,2025-09-14T02:25:56Z,\N,1,assert
acme:identity_group:grp-00899~b9fbbde3d1c8,identity_group,acme,grp-00899,grp-00899-operates,2025-08-27T14:36:05Z,\N,2025-09-15T14:59:35Z,\N,1,assert
acme:identity_group:grp-00158~fb2b4d5271b3,identity_group,acme,grp-00158,grp-00158-security,2025-08-25T08:15:14Z,\N,2025-09-16T07:54:11Z,\N,1,assert
acme:identity_group:grp-00218~9f8ee878138a,identity_group,acme,grp-00218,grp-00218-security,2025-09-12T15:28:30Z,\N,2025-09-16T18:13:22Z,\N,1,assert
acme:identity_group:grp-00602~d65c36e86340,identity_group,acme,grp-00602,grp-00602-identity,2025-08-04T11:14:16Z,\N,2025-09-16T02:03:56Z,\N,1,assert
acme:identity_group:grp-00996~6bad9a3ceb92,identity_group,acme,grp-00996,grp-00996-security,2025-08-22T02:21:05Z,\N,2025-09-16T00:58:35Z,\N,1,assert
acme:identity_group:grp-01666~660d500dd263,identity_group,acme,grp-01666,grp-01666-owns,2025-09-03T23:52:57Z,\N,2025-09-16T07:11:58Z,\N,1,assert
acme:identity_group:grp-00685~3263a80436c9,identity_group,acme,grp-00685,grp-00685-identity,2025-08-14T23:55:48Z,\N,2025-09-17T07:06:47Z,\N,1,assert
acme:identity_group:grp-01338~ffaab3476aa8,identity_group,acme,grp-01338,grp-01338-security,2025-08-14T11:32:29Z,\N,2025-09-17T12:08:42Z,\N,1,assert
acme:identity_group:grp-01420~b45f53e1dcca,identity_group,acme,grp-01420,grp-01420-operates,2025-09-10T03:34:19Z,\N,2025-09-23T03:31:42Z,\N,1,assert
acme:identity_group:grp-02182~cd737a148171,identity_group,acme,grp-02182,grp-02182-owns,2025-09-09T18:39:49Z,\N,2025-09-23T07:32:08Z,\N,1,assert
acme:identity_group:grp-01603~f8b85be7fb65,identity_group,acme,grp-01603,grp-01603-operates,2025-09-22T04:41:46Z,\N,2025-09-24T19:28:37Z,\N,1,assert
acme:identity_group:grp-00430~4eaeec170bef,identity_group,acme,grp-00430,grp-00430-security,2025-09-22T18:32:49Z,\N,2025-09-26T01:23:39Z,\N,1,assert
acme:identity_group:grp-01186~33ce5cd34303,identity_group,acme,grp-01186,grp-01186-operates,2025-09-13T10:36:25Z,\N,2025-09-26T11:25:17Z,\N,1,assert
acme:identity_group:grp-01353~ca088e2ca5b8,identity_group,acme,grp-01353,grp-01353-identity,2025-08-13T11:24:27Z,\N,2025-09-26T07:33:59Z,\N,1,assert
acme:identity_group:grp-01695~7e1d1003934a,identity_group,acme,grp-01695,grp-01695-identity,2025-08-29T17:10:19Z,\N,2025-09-26T22:26:46Z,\N,1,assert
acme:identity_group:grp-01933~69179947c0fa,identity_group,acme,grp-01933,grp-01933-identity,2025-09-22T20:40:15Z,\N,2025-09-26T22:42:51Z,\N,1,assert
acme:identity_group:grp-01727~52d1d5f7ff5a,identity_group,acme,grp-01727,grp-01727-identity,2025-08-16T01:45:48Z,\N,2025-09-27T00:46:35Z,\N,1,assert
acme:identity_group:grp-01374~c2362f9bf8c9,identity_group,acme,grp-01374,grp-01374-security,2025-08-18T12:49:20Z,\N,2025-09-28T19:00:38Z,\N,1,assert
acme:identity_group:grp-00131~1ed4cd3a1250,identity_group,acme,grp-00131,grp-00131-operates,2025-09-22T02:06:41Z,\N,2025-10-01T03:29:51Z,\N,1,assert
acme:identity_group:grp-01618~9e9537bc21ae,identity_group,acme,grp-01618,grp-01618-security,2025-09-02T11:27:14Z,\N,2025-10-03T11:58:07Z,\N,1,assert
acme:identity_group:grp-01677~2fdf2ea78662,identity_group,acme,grp-01677,grp-01677-security,2025-09-20T14:29:15Z,\N,2025-10-03T08:42:28Z,\N,1,assert
acme:identity_group:grp-00673~27aa0e2ee804,identity_group,acme,grp-00673,grp-00673-operates,2025-08-29T17:29:07Z,\N,2025-10-05T16:22:53Z,\N,1,assert
acme:identity_group:grp-01609~db41c18b3289,identity_group,acme,grp-01609,grp-01609-security,2025-09-01T15:54:50Z,\N,2025-10-05T06:12:17Z,\N,1,assert
acme:identity_group:grp-01673~fbbba7837f0c,identity_group,acme,grp-01673,grp-01673-owns,2025-09-06T18:50:40Z,\N,2025-10-07T11:04:05Z,\N,1,assert
acme:identity_group:grp-00756~8dc345b6914d,identity_group,acme,grp-00756,grp-00756-identity,2025-10-01T15:31:17Z,\N,2025-10-08T22:31:42Z,\N,1,assert
acme:identity_group:grp-01488~c027458b8555,identity_group,acme,grp-01488,grp-01488-security,2025-08-26T01:27:49Z,\N,2025-10-08T00:08:34Z,\N,1,assert
acme:identity_group:grp-00361~0fb76f0856fe,identity_group,acme,grp-00361,grp-00361-operates,2025-09-29T17:22:08Z,\N,2025-10-09T04:57:04Z,\N,1,assert
acme:identity_group:grp-01098~910393e051ec,identity_group,acme,grp-01098,grp-01098-security,2025-09-18T17:10:13Z,\N,2025-10-11T23:52:10Z,\N,1,assert
acme:identity_group:grp-01038~182202ebe24d,identity_group,acme,grp-01038,grp-01038-identity,2025-09-03T21:14:51Z,\N,2025-10-12T07:19:22Z,\N,1,assert
acme:identity_group:grp-00135~f9edf9d82da4,identity_group,acme,grp-00135,grp-00135-identity,2025-09-10T16:24:54Z,\N,2025-10-14T00:48:52Z,\N,1,assert
acme:identity_group:grp-00878~0af83680d4ec,identity_group,acme,grp-00878,grp-00878-identity,2025-09-25T20:41:46Z,\N,2025-10-15T14:53:12Z,\N,1,assert
acme:identity_group:grp-01699~94538d2a029f,identity_group,acme,grp-01699,grp-01699-owns,2025-09-29T15:53:00Z,\N,2025-10-17T13:20:29Z,\N,1,assert
acme:identity_group:grp-01912~99c4a47daa2d,identity_group,acme,grp-01912,grp-01912-identity,2025-10-17T03:47:24Z,\N,2025-10-18T23:07:40Z,\N,1,assert
acme:identity_group:grp-00775~f7e351460c9b,identity_group,acme,grp-00775,grp-00775-security,2025-09-05T02:30:00Z,\N,2025-10-19T14:08:47Z,\N,1,assert
acme:identity_group:grp-01865~91eb85800ff1,identity_group,acme,grp-01865,grp-01865-operates,2025-10-05T15:59:45Z,\N,2025-10-19T15:59:59Z,\N,1,assert
acme:identity_group:grp-01452~a50c060088de,identity_group,acme,grp-01452,grp-01452-owns,2025-09-29T10:07:11Z,\N,2025-10-20T06:36:28Z,\N,1,assert
acme:identity_group:grp-00822~e14991459281,identity_group,acme,grp-00822,grp-00822-security,2025-10-17T19:49:49Z,\N,2025-10-21T23:32:43Z,\N,1,assert
acme:identity_group:grp-01241~6ec4094d1e7d,identity_group,acme,grp-01241,grp-01241-security,2025-09-14T21:22:34Z,\N,2025-10-21T00:09:03Z,\N,1,assert
acme:identity_group:grp-01871~49196c86b3a3,identity_group,acme,grp-01871,grp-01871-identity,2025-10-09T14:22:41Z,\N,2025-10-21T19:10:18Z,\N,1,assert
acme:identity_group:grp-00167~d9ea31114edc,identity_group,acme,grp-00167,grp-00167-identity,2025-09-27T00:58:34Z,\N,2025-10-23T19:31:45Z,\N,1,assert
acme:identity_group:grp-01688~88d0196b9c76,identity_group,acme,grp-01688,grp-01688-identity,2025-10-09T02:49:04Z,\N,2025-10-23T20:52:03Z,\N,1,assert
acme:identity_group:grp-01780~a9abbb7647c3,identity_group,acme,grp-01780,grp-01780-security,2025-10-16T22:18:40Z,\N,2025-10-23T08:37:57Z,\N,1,assert
acme:identity_group:grp-00712~d93318949222,identity_group,acme,grp-00712,grp-00712-identity,2025-09-12T16:52:22Z,\N,2025-10-24T18:56:03Z,\N,1,assert
acme:identity_group:grp-00752~0b78e7e01b58,identity_group,acme,grp-00752,grp-00752-owns,2025-09-28T23:20:14Z,\N,2025-10-28T06:50:53Z,\N,1,assert
acme:identity_group:grp-00862~914a149082fd,identity_group,acme,grp-00862,grp-00862-operates,2025-09-25T04:01:36Z,\N,2025-10-28T04:46:07Z,\N,1,assert
acme:identity_group:grp-01847~23c7fd79d17f,identity_group,acme,grp-01847,grp-01847-owns,2025-09-27T13:30:27Z,\N,2025-10-28T23:07:32Z,\N,1,assert
acme:identity_group:grp-00497~98e745f48178,identity_group,acme,grp-00497,grp-00497-owns,2025-10-20T22:53:13Z,\N,2025-10-29T08:52:21Z,\N,1,assert
acme:identity_group:grp-00529~62bc2a142068,identity_group,acme,grp-00529,grp-00529-operates,2025-09-27T10:25:00Z,\N,2025-10-29T02:01:52Z,\N,1,assert
acme:identity_group:grp-00900~c20233409237,identity_group,acme,grp-00900,grp-00900-identity,2025-09-23T15:43:20Z,\N,2025-10-30T15:20:03Z,\N,1,assert
acme:identity_group:grp-00879~857660c32c53,identity_group,acme,grp-00879,grp-00879-security,2025-10-15T18:41:35Z,\N,2025-10-31T03:42:12Z,\N,1,assert
acme:identity_group:grp-01979~9fe8fa0ac0b4,identity_group,acme,grp-01979,grp-01979-security,2025-09-22T16:07:51Z,\N,2025-10-31T17:52:48Z,\N,1,assert
acme:identity_group:grp-00295~b29c40c427b5,identity_group,acme,grp-00295,grp-00295-owns,2025-10-04T06:26:36Z,\N,2025-11-02T16:26:50Z,\N,1,assert
acme:identity_group:grp-01984~3fe01b2f5f41,identity_group,acme,grp-01984,grp-01984-operates,2025-09-20T18:00:00Z,\N,2025-11-03T13:53:36Z,\N,1,assert
acme:identity_group:grp-01048~dcce29a5f164,identity_group,acme,grp-01048,grp-01048-owns,2025-10-11T15:32:25Z,\N,2025-11-04T02:13:03Z,\N,1,assert
acme:identity_group:grp-00804~8b10117d6be4,identity_group,acme,grp-00804,grp-00804-owns,2025-10-13T18:31:19Z,\N,2025-11-05T01:12:19Z,\N,1,assert
acme:identity_group:grp-00743~fc533332c417,identity_group,acme,grp-00743,grp-00743-identity,2025-10-08T04:18:07Z,\N,2025-11-06T20:08:43Z,\N,1,assert
acme:identity_group:grp-01625~9d5525914677,identity_group,acme,grp-01625,grp-01625-security,2025-10-07T02:07:01Z,\N,2025-11-06T20:06:53Z,\N,1,assert
acme:identity_group:grp-00088~b99efa6057ee,identity_group,acme,grp-00088,grp-00088-identity,2025-11-02T10:08:40Z,\N,2025-11-07T01:42:22Z,\N,1,assert
acme:identity_group:grp-01590~beebba43281f,identity_group,acme,grp-01590,grp-01590-owns,2025-10-15T15:43:04Z,\N,2025-11-08T05:00:35Z,\N,1,assert
acme:identity_group:grp-00369~6f886f4e248a,identity_group,acme,grp-00369,grp-00369-owns,2025-10-28T02:44:17Z,\N,2025-11-09T08:22:09Z,\N,1,assert
acme:identity_group:grp-01024~d5e46291535b,identity_group,acme,grp-01024,grp-01024-operates,2025-10-31T06:22:33Z,\N,2025-11-09T02:49:58Z,\N,1,assert
acme:identity_group:grp-01576~b32e0e41517f,identity_group,acme,grp-01576,grp-01576-owns,2025-09-30T14:20:17Z,\N,2025-11-10T08:09:30Z,\N,1,assert
acme:identity_group:grp-00565~3aaeb1ad8020,identity_group,acme,grp-00565,grp-00565-identity,2025-10-27T23:33:36Z,\N,2025-11-12T17:56:53Z,\N,1,assert
acme:identity_group:grp-01555~a1e8ecf73b5e,identity_group,acme,grp-01555,grp-01555-owns,2025-10-11T10:15:07Z,\N,2025-11-12T15:19:27Z,\N,1,assert
acme:identity_group:grp-00650~35fd61fecf9f,identity_group,acme,grp-00650,grp-00650-security,2025-11-09T14:10:48Z,\N,2025-11-14T11:33:27Z,\N,1,assert
acme:identity_group:grp-01532~f89ca23a3654,identity_group,acme,grp-01532,grp-01532-identity,2025-10-15T06:20:39Z,\N,2025-11-14T09:49:25Z,\N,1,assert
acme:identity_group:grp-00305~686eb0b133a5,identity_group,acme,grp-00305,grp-00305-security,2025-11-13T15:21:10Z,\N,2025-11-16T13:10:56Z,\N,1,assert
acme:identity_group:grp-00447~2c72dc7cec9d,identity_group,acme,grp-00447,grp-00447-operates,2025-10-07T09:45:35Z,\N,2025-11-16T11:49:31Z,\N,1,assert
acme:identity_group:grp-00904~f008abee0255,identity_group,acme,grp-00904,grp-00904-security,2025-11-01T12:23:22Z,\N,2025-11-17T01:41:34Z,\N,1,assert
acme:identity_group:grp-00941~4e1b03fed28c,identity_group,acme,grp-00941,grp-00941-identity,2025-10-05T09:37:32Z,\N,2025-11-17T06:29:33Z,\N,1,assert
acme:identity_group:grp-01168~fb83d830959c,identity_group,acme,grp-01168,grp-01168-identity,2025-11-06T00:28:01Z,\N,2025-11-18T12:35:39Z,\N,1,assert
acme:identity_group:grp-00115~d68e5e7f9ec4,identity_group,acme,grp-00115,grp-00115-identity,2025-11-01T06:41:57Z,\N,2025-11-19T13:26:45Z,\N,1,assert
acme:identity_group:grp-00394~65dc5a48624d,identity_group,acme,grp-00394,grp-00394-owns,2025-11-08T09:30:38Z,\N,2025-11-20T14:57:18Z,\N,1,assert
acme:identity_group:grp-00476~5998874ac65a,identity_group,acme,grp-00476,grp-00476-owns,2025-11-16T16:05:09Z,\N,2025-11-20T21:24:16Z,\N,1,assert
acme:identity_group:grp-01042~37c5f86bc1a1,identity_group,acme,grp-01042,grp-01042-security,2025-10-21T16:53:25Z,\N,2025-11-20T23:27:22Z,\N,1,assert
acme:identity_group:grp-00778~d520295cff97,identity_group,acme,grp-00778,grp-00778-owns,2025-10-18T05:59:50Z,\N,2025-11-21T21:33:27Z,\N,1,assert
acme:identity_group:grp-01001~55a25bdb8797,identity_group,acme,grp-01001,grp-01001-security,2025-10-13T22:56:23Z,\N,2025-11-22T12:30:23Z,\N,1,assert
acme:identity_group:grp-02071~bf21169ce199,identity_group,acme,grp-02071,grp-02071-owns,2025-10-24T10:00:01Z,\N,2025-11-22T19:19:17Z,\N,1,assert
acme:identity_group:grp-01999~0d92190ef9b7,identity_group,acme,grp-01999,grp-01999-operates,2025-10-30T11:38:55Z,\N,2025-11-23T14:49:51Z,\N,1,assert
acme:identity_group:grp-01623~f464264c2562,identity_group,acme,grp-01623,grp-01623-owns,2025-11-15T03:02:09Z,\N,2025-11-24T08:46:11Z,\N,1,assert
acme:identity_group:grp-00693~bea5ec44d892,identity_group,acme,grp-00693,grp-00693-identity,2025-11-11T08:26:48Z,\N,2025-11-25T23:34:24Z,\N,1,assert
acme:identity_group:grp-00989~97c7d5a39353,identity_group,acme,grp-00989,grp-00989-security,2025-11-20T23:55:05Z,\N,2025-11-25T05:34:11Z,\N,1,assert
acme:identity_group:grp-01997~780ba59bd4e7,identity_group,acme,grp-01997,grp-01997-identity,2025-10-16T13:35:45Z,\N,2025-11-26T10:40:55Z,\N,1,assert
acme:identity_group:grp-01285~7403be3345f4,identity_group,acme,grp-01285,grp-01285-operates,2025-11-26T09:54:03Z,\N,2025-11-27T20:20:44Z,\N,1,assert
acme:identity_group:grp-02080~6f4d7110d39a,identity_group,acme,grp-02080,grp-02080-security,2025-10-16T04:32:45Z,\N,2025-11-27T01:26:27Z,\N,1,assert
acme:identity_group:grp-00728~908d027add06,identity_group,acme,grp-00728,grp-00728-owns,2025-11-23T11:41:55Z,\N,2025-11-29T05:44:01Z,\N,1,assert
acme:identity_group:grp-01314~17dc83a16131,identity_group,acme,grp-01314,grp-01314-owns,2025-10-29T11:30:45Z,\N,2025-11-29T15:29:59Z,\N,1,assert
acme:identity_group:grp-01587~99efd9c2e410,identity_group,acme,grp-01587,grp-01587-identity,2025-10-26T03:21:57Z,\N,2025-11-29T19:22:09Z,\N,1,assert
acme:identity_group:grp-00107~96269c04e2f6,identity_group,acme,grp-00107,grp-00107-operates,2025-11-13T15:52:46Z,\N,2025-11-30T02:22:41Z,\N,1,assert
acme:identity_group:grp-00254~0ea66d857786,identity_group,acme,grp-00254,grp-00254-security,2025-11-12T07:13:34Z,\N,2025-12-01T13:26:47Z,\N,1,assert
acme:identity_group:grp-01529~7a93565d87e0,identity_group,acme,grp-01529,grp-01529-operates,2025-11-15T01:35:35Z,\N,2025-12-02T03:49:31Z,\N,1,assert
acme:identity_group:grp-01841~524c6bf5c313,identity_group,acme,grp-01841,grp-01841-security,2025-11-18T21:10:25Z,\N,2025-12-02T17:12:03Z,\N,1,assert
acme:identity_group:grp-00103~f47fa99b39c3,identity_group,acme,grp-00103,grp-00103-security,2025-11-21T01:49:34Z,\N,2025-12-03T23:27:14Z,\N,1,assert
acme:identity_group:grp-00280~6d3ab239a8f2,identity_group,acme,grp-00280,grp-00280-identity,2025-11-30T07:19:30Z,\N,2025-12-05T07:09:57Z,\N,1,assert
acme:identity_group:grp-00283~ba70bb93764c,identity_group,acme,grp-00283,grp-00283-owns,2025-11-23T14:44:29Z,\N,2025-12-05T10:58:20Z,\N,1,assert
acme:identity_group:grp-00151~b721904b5dc7,identity_group,acme,grp-00151,grp-00151-security,2025-11-06T04:09:09Z,\N,2025-12-07T01:35:51Z,\N,1,assert
acme:identity_group:grp-00384~4aba34c27f62,identity_group,acme,grp-00384,grp-00384-owns,2025-11-27T11:28:26Z,\N,2025-12-07T00:36:56Z,\N,1,assert
acme:identity_group:grp-00903~e514da7afe61,identity_group,acme,grp-00903,grp-00903-security,2025-12-03T08:50:02Z,\N,2025-12-09T12:38:46Z,\N,1,assert
acme:identity_group:grp-01178~4ee7a9a71e5a,identity_group,acme,grp-01178,grp-01178-operates,2025-11-20T15:36:01Z,\N,2025-12-09T03:08:30Z,\N,1,assert
acme:identity_group:grp-00801~aa016543be78,identity_group,acme,grp-00801,grp-00801-owns,2025-11-28T08:33:01Z,\N,2025-12-10T15:40:28Z,\N,1,assert
acme:identity_group:grp-01794~47fc81aa2f55,identity_group,acme,grp-01794,grp-01794-identity,2025-11-18T18:33:06Z,\N,2025-12-10T16:59:41Z,\N,1,assert
acme:identity_group:grp-02151~dd52fc0996a5,identity_group,acme,grp-02151,grp-02151-security,2025-11-26T10:42:01Z,\N,2025-12-10T03:05:59Z,\N,1,assert
acme:identity_group:grp-01700~e375f07a7374,identity_group,acme,grp-01700,grp-01700-operates,2025-11-02T18:30:30Z,\N,2025-12-12T20:28:40Z,\N,1,assert
acme:identity_group:grp-00808~c379ab639119,identity_group,acme,grp-00808,grp-00808-security,2025-11-04T11:29:34Z,\N,2025-12-13T19:39:45Z,\N,1,assert
acme:identity_group:grp-02146~be8f720564f1,identity_group,acme,grp-02146,grp-02146-owns,2025-12-08T15:02:21Z,\N,2025-12-14T01:36:54Z,\N,1,assert
acme:identity_group:grp-01018~ae09fcd9cfee,identity_group,acme,grp-01018,grp-01018-owns,2025-12-11T04:18:10Z,\N,2025-12-17T06:05:55Z,\N,1,assert
acme:identity_group:grp-02172~8ceca7db2b3e,identity_group,acme,grp-02172,grp-02172-security,2025-12-10T22:03:28Z,\N,2025-12-18T12:20:12Z,\N,1,assert
acme:identity_group:grp-01415~667d26f76449,identity_group,acme,grp-01415,grp-01415-security,2025-11-22T01:54:09Z,\N,2025-12-19T11:32:45Z,\N,1,assert
acme:identity_group:grp-01702~6061ad5d769f,identity_group,acme,grp-01702,grp-01702-operates,2025-12-05T23:03:21Z,\N,2025-12-19T09:52:43Z,\N,1,assert
acme:identity_group:grp-00263~a284d32374f0,identity_group,acme,grp-00263,grp-00263-operates,2025-11-11T08:05:06Z,\N,2025-12-20T06:23:33Z,\N,1,assert
acme:identity_group:grp-01347~4102baad9714,identity_group,acme,grp-01347,grp-01347-identity,2025-12-02T05:51:30Z,\N,2025-12-22T21:03:40Z,\N,1,assert
acme:identity_group:grp-00584~2343aa24b870,identity_group,acme,grp-00584,grp-00584-owns,2025-12-05T06:48:31Z,\N,2025-12-23T12:37:35Z,\N,1,assert
acme:identity_group:grp-00148~e88c9ca99bdb,identity_group,acme,grp-00148,grp-00148-security,2025-12-04T08:16:46Z,\N,2025-12-25T07:58:19Z,\N,1,assert
acme:identity_group:grp-01781~0c0e570158ba,identity_group,acme,grp-01781,grp-01781-operates,2025-11-15T02:55:33Z,\N,2025-12-25T16:25:54Z,\N,1,assert
acme:identity_group:grp-00250~4b9fb174098e,identity_group,acme,grp-00250,grp-00250-identity,2025-12-13T21:43:06Z,\N,2025-12-27T23:44:34Z,\N,1,assert
acme:identity_group:grp-02084~5dbbef94a44e,identity_group,acme,grp-02084,grp-02084-security,2025-11-28T19:15:31Z,\N,2025-12-27T18:31:22Z,\N,1,assert
acme:identity_group:grp-01200~eed5858a298b,identity_group,acme,grp-01200,grp-01200-operates,2025-12-01T18:18:41Z,\N,2025-12-28T11:53:41Z,\N,1,assert
acme:identity_group:grp-00812~0cf1e80427b6,identity_group,acme,grp-00812,grp-00812-owns,2025-12-08T22:00:15Z,\N,2025-12-29T15:15:33Z,\N,1,assert
acme:identity_group:grp-01112~59e529218954,identity_group,acme,grp-01112,grp-01112-operates,2025-12-11T19:32:57Z,\N,2025-12-29T22:30:28Z,\N,1,assert
acme:identity_group:grp-00123~0af3ae31881b,identity_group,acme,grp-00123,grp-00123-security,2025-12-24T09:47:56Z,\N,2025-12-31T05:10:21Z,\N,1,assert
acme:identity_group:grp-00403~45f707ecc89d,identity_group,acme,grp-00403,grp-00403-security,2025-12-05T18:40:59Z,\N,2025-12-31T08:24:06Z,\N,1,assert
acme:identity_group:grp-00716~d323adc0deeb,identity_group,acme,grp-00716,grp-00716-owns,2026-01-01T03:00:50Z,\N,2026-01-01T03:00:50Z,\N,1,assert
acme:identity_group:grp-00562~f89263f830dd,identity_group,acme,grp-00562,grp-00562-security,2025-12-13T12:00:35Z,\N,2026-01-03T03:36:06Z,\N,1,assert
acme:identity_group:grp-00294~f5512e98b007,identity_group,acme,grp-00294,grp-00294-operates,2025-12-29T09:31:45Z,\N,2026-01-04T06:55:51Z,\N,1,assert
acme:identity_group:grp-00321~ad6adca390f4,identity_group,acme,grp-00321,grp-00321-owns,2025-12-25T04:40:28Z,\N,2026-01-04T23:59:23Z,\N,1,assert
acme:identity_group:grp-00225~dd83d672fb12,identity_group,acme,grp-00225,grp-00225-security,2025-12-06T16:00:50Z,\N,2026-01-05T13:32:49Z,\N,1,assert
acme:identity_group:grp-00424~1f371ae4caea,identity_group,acme,grp-00424,grp-00424-operates,2025-12-17T04:34:23Z,\N,2026-01-05T15:06:06Z,\N,1,assert
acme:identity_group:grp-01971~b2d047d5d52a,identity_group,acme,grp-01971,grp-01971-security,2025-11-28T04:33:17Z,\N,2026-01-06T15:05:19Z,\N,1,assert
acme:identity_group:grp-00929~1b547106ac23,identity_group,acme,grp-00929,grp-00929-identity,2025-12-21T11:30:01Z,\N,2026-01-07T21:34:07Z,\N,1,assert
acme:identity_group:grp-00531~879f31ab165f,identity_group,acme,grp-00531,grp-00531-owns,2025-12-04T18:19:03Z,\N,2026-01-09T08:13:18Z,\N,1,assert
acme:identity_group:grp-01706~3873fc022a2d,identity_group,acme,grp-01706,grp-01706-identity,2025-12-18T19:58:58Z,\N,2026-01-09T01:59:16Z,\N,1,assert
acme:identity_group:grp-00607~ba7909760fd4,identity_group,acme,grp-00607,grp-00607-identity,2025-12-23T15:44:36Z,\N,2026-01-10T17:18:11Z,\N,1,assert
acme:identity_group:grp-01911~927569ac449e,identity_group,acme,grp-01911,grp-01911-owns,2025-12-31T03:14:10Z,\N,2026-01-10T10:03:31Z,\N,1,assert
acme:identity_group:grp-00519~002bf0960618,identity_group,acme,grp-00519,grp-00519-operates,2026-01-05T22:21:15Z,\N,2026-01-11T07:36:35Z,\N,1,assert
acme:identity_group:grp-01683~f55f365c5f00,identity_group,acme,grp-01683,grp-01683-owns,2025-11-30T16:12:04Z,\N,2026-01-11T21:26:01Z,\N,1,assert
acme:identity_group:grp-00375~1c1c4637a501,identity_group,acme,grp-00375,grp-00375-operates,2025-12-25T08:32:16Z,\N,2026-01-12T03:01:55Z,\N,1,assert
acme:identity_group:grp-01357~5cc7c25e0d2b,identity_group,acme,grp-01357,grp-01357-security,2025-12-28T21:59:33Z,\N,2026-01-13T15:11:54Z,\N,1,assert
acme:identity_group:grp-01735~cd79f898de0a,identity_group,acme,grp-01735,grp-01735-identity,2026-01-03T18:53:40Z,\N,2026-01-15T19:01:52Z,\N,1,assert
acme:identity_group:grp-01768~ff6d8c5aa4e2,identity_group,acme,grp-01768,grp-01768-operates,2025-12-26T18:27:47Z,\N,2026-01-15T13:58:08Z,\N,1,assert
acme:identity_group:grp-00237~73355eb650bc,identity_group,acme,grp-00237,grp-00237-owns,2026-01-07T20:28:20Z,\N,2026-01-16T12:16:19Z,\N,1,assert
acme:identity_group:grp-01508~030da193c691,identity_group,acme,grp-01508,grp-01508-operates,2026-01-13T22:12:12Z,\N,2026-01-16T00:44:59Z,\N,1,assert
acme:identity_group:grp-01876~8ebfb7cb147f,identity_group,acme,grp-01876,grp-01876-identity,2025-12-20T03:37:14Z,\N,2026-01-17T09:42:48Z,\N,1,assert
acme:identity_group:grp-00315~f3b38e3827a1,identity_group,acme,grp-00315,grp-00315-security,2025-12-29T00:45:46Z,\N,2026-01-18T13:46:55Z,\N,1,assert
acme:identity_group:grp-01371~d58bd35a6ac3,identity_group,acme,grp-01371,grp-01371-security,2026-01-09T17:20:56Z,\N,2026-01-19T16:03:15Z,\N,1,assert
acme:identity_group:grp-00228~ad14d91b6625,identity_group,acme,grp-00228,grp-00228-identity,2025-12-07T22:43:54Z,\N,2026-01-20T12:11:14Z,\N,1,assert
acme:identity_group:grp-00797~a610320ee754,identity_group,acme,grp-00797,grp-00797-identity,2026-01-04T19:56:51Z,\N,2026-01-20T14:39:57Z,\N,1,assert
acme:identity_group:grp-01372~b87993a60054,identity_group,acme,grp-01372,grp-01372-security,2026-01-12T02:16:23Z,\N,2026-01-20T10:11:08Z,\N,1,assert
acme:identity_group:grp-01092~164fffca1d0b,identity_group,acme,grp-01092,grp-01092-identity,2026-01-08T05:37:48Z,\N,2026-01-21T03:57:35Z,\N,1,assert
acme:identity_group:grp-00297~0801d4b68433,identity_group,acme,grp-00297,grp-00297-owns,2025-12-31T02:50:47Z,\N,2026-01-23T20:59:39Z,\N,1,assert
acme:identity_group:grp-00855~bf085b887d39,identity_group,acme,grp-00855,grp-00855-identity,2026-01-06T01:51:08Z,\N,2026-01-23T08:55:26Z,\N,1,assert
acme:identity_group:grp-00290~951bf40fcffc,identity_group,acme,grp-00290,grp-00290-security,2025-12-24T15:47:50Z,\N,2026-01-24T09:59:09Z,\N,1,assert
acme:identity_group:grp-01922~7e5de09a5e82,identity_group,acme,grp-01922,grp-01922-owns,2025-12-25T09:41:35Z,\N,2026-01-26T06:02:19Z,\N,1,assert
acme:identity_group:grp-01254~8d2fab5aca7f,identity_group,acme,grp-01254,grp-01254-security,2026-01-12T09:41:08Z,\N,2026-01-27T13:28:02Z,\N,1,assert
acme:identity_group:grp-01564~873697cdd84a,identity_group,acme,grp-01564,grp-01564-operates,2026-01-09T15:35:23Z,\N,2026-01-28T04:19:26Z,\N,1,assert
acme:identity_group:grp-00330~fecef6cf3c47,identity_group,acme,grp-00330,grp-00330-operates,2026-01-26T07:05:30Z,\N,2026-01-29T19:46:42Z,\N,1,assert
acme:identity_group:grp-00843~56b77a5b825f,identity_group,acme,grp-00843,grp-00843-security,2026-01-16T20:53:13Z,\N,2026-01-30T01:32:30Z,\N,1,assert
acme:identity_group:grp-00359~2d6ad48a38ab,identity_group,acme,grp-00359,grp-00359-operates,2025-12-24T10:50:23Z,\N,2026-01-31T20:48:34Z,\N,1,assert
acme:identity_group:grp-01077~109b6249d588,identity_group,acme,grp-01077,grp-01077-owns,2025-12-19T17:01:43Z,\N,2026-01-31T01:02:10Z,\N,1,assert
acme:identity_group:grp-01083~867132b417da,identity_group,acme,grp-01083,grp-01083-security,2026-01-30T09:20:16Z,\N,2026-02-01T01:43:06Z,\N,1,assert
acme:identity_group:grp-00477~303a1a54c596,identity_group,acme,grp-00477,grp-00477-identity,2026-01-31T19:37:22Z,\N,2026-02-02T22:30:26Z,\N,1,assert
acme:identity_group:grp-01205~8f985948612d,identity_group,acme,grp-01205,grp-01205-identity,2026-01-26T23:17:01Z,\N,2026-02-02T02:58:12Z,\N,1,assert
acme:identity_group:grp-01301~71bf1efa2cc3,identity_group,acme,grp-01301,grp-01301-operates,2025-12-26T10:20:16Z,\N,2026-02-02T03:49:43Z,\N,1,assert
acme:identity_group:grp-01027~352d948e6a14,identity_group,acme,grp-01027,grp-01027-security,2026-01-04T13:39:53Z,\N,2026-02-03T13:38:51Z,\N,1,assert
acme:identity_group:grp-01439~10c97465aeb9,identity_group,acme,grp-01439,grp-01439-security,2026-01-02T08:36:49Z,\N,2026-02-03T09:10:31Z,\N,1,assert
acme:identity_group:grp-02160~ee0f3b9e62a4,identity_group,acme,grp-02160,grp-02160-identity,2026-01-26T09:43:58Z,\N,2026-02-06T00:59:21Z,\N,1,assert
acme:identity_group:grp-00159~b842fd0b6ecc,identity_group,acme,grp-00159,grp-00159-security,2026-01-27T13:17:07Z,\N,2026-02-07T03:04:01Z,\N,1,assert
acme:identity_group:grp-00771~0a703c95cd56,identity_group,acme,grp-00771,grp-00771-identity,2026-01-20T02:50:36Z,\N,2026-02-07T12:56:40Z,\N,1,assert
acme:identity_group:grp-00284~f5525e4a17f9,identity_group,acme,grp-00284,grp-00284-security,2026-01-23T05:04:03Z,\N,2026-02-09T04:40:14Z,\N,1,assert
acme:identity_group:grp-01774~9dee2a061dc5,identity_group,acme,grp-01774,grp-01774-operates,2026-02-03T04:40:55Z,\N,2026-02-09T01:02:15Z,\N,1,assert
acme:identity_group:grp-00494~576508d114a8,identity_group,acme,grp-00494,grp-00494-owns,2026-01-04T14:40:25Z,\N,2026-02-10T21:39:12Z,\N,1,assert
acme:identity_group:grp-01060~d8d2cb468bc1,identity_group,acme,grp-01060,grp-01060-operates,2026-01-01T09:10:42Z,\N,2026-02-10T20:42:43Z,\N,1,assert
acme:identity_group:grp-00926~bc40359eeb1e,identity_group,acme,grp-00926,grp-00926-operates,2026-01-14T17:10:51Z,\N,2026-02-11T18:04:55Z,\N,1,assert
acme:identity_group:grp-01365~7f8079dee294,identity_group,acme,grp-01365,grp-01365-owns,2026-01-22T11:31:16Z,\N,2026-02-12T12:00:46Z,\N,1,assert
acme:identity_group:grp-01729~f9b3a072d6d2,identity_group,acme,grp-01729,grp-01729-owns,2025-12-30T11:21:41Z,\N,2026-02-12T10:40:35Z,\N,1,assert
acme:identity_group:grp-01960~d7fe02734313,identity_group,acme,grp-01960,grp-01960-identity,2026-02-12T12:12:16Z,\N,2026-02-12T12:12:16Z,\N,1,assert
acme:identity_group:grp-02068~e828f089b9de,identity_group,acme,grp-02068,grp-02068-owns,2026-01-18T07:48:26Z,\N,2026-02-12T23:46:36Z,\N,1,assert
acme:identity_group:grp-00401~c3f8f13807fd,identity_group,acme,grp-00401,grp-00401-owns,2026-01-08T20:50:17Z,\N,2026-02-13T13:06:45Z,\N,1,assert
acme:identity_group:grp-01930~3ac7beb3d538,identity_group,acme,grp-01930,grp-01930-owns,2026-02-11T05:36:33Z,\N,2026-02-14T04:56:21Z,\N,1,assert
acme:identity_group:grp-01659~0944d6347d5e,identity_group,acme,grp-01659,grp-01659-owns,2026-01-23T23:34:37Z,\N,2026-02-15T06:27:58Z,\N,1,assert
acme:identity_group:grp-02075~8ca9e99d1764,identity_group,acme,grp-02075,grp-02075-owns,2026-01-24T15:46:17Z,\N,2026-02-16T12:50:02Z,\N,1,assert
acme:identity_group:grp-00616~3d519bedcdfc,identity_group,acme,grp-00616,grp-00616-security,2026-01-12T10:41:38Z,\N,2026-02-19T12:41:43Z,\N,1,assert
acme:identity_group:grp-01667~38b18bbe1085,identity_group,acme,grp-01667,grp-01667-owns,2026-01-26T17:12:19Z,\N,2026-02-22T22:35:19Z,\N,1,assert
acme:identity_group:grp-01986~31f4a96942ec,identity_group,acme,grp-01986,grp-01986-operates,2026-01-28T15:18:57Z,\N,2026-02-24T02:07:38Z,\N,1,assert
acme:identity_group:grp-00423~aeca21239f01,identity_group,acme,grp-00423,grp-00423-owns,2026-01-18T17:28:48Z,\N,2026-02-26T12:10:39Z,\N,1,assert
acme:identity_group:grp-01762~3b1363e1aaa8,identity_group,acme,grp-01762,grp-01762-owns,2026-01-22T05:56:41Z,\N,2026-02-26T03:29:37Z,\N,1,assert
acme:identity_group:grp-01268~b6966ce6169c,identity_group,acme,grp-01268,grp-01268-operates,2026-02-16T12:11:08Z,\N,2026-02-27T10:54:43Z,\N,1,assert
acme:identity_group:grp-01866~9d6b07aad999,identity_group,acme,grp-01866,grp-01866-owns,2026-01-27T04:27:18Z,\N,2026-03-01T16:43:35Z,\N,1,assert
acme:identity_group:grp-01147~11d6fa4b1230,identity_group,acme,grp-01147,grp-01147-operates,2026-02-27T05:54:07Z,\N,2026-03-02T22:52:29Z,\N,1,assert
acme:identity_group:grp-01486~5010b34f7263,identity_group,acme,grp-01486,grp-01486-security,2026-02-26T22:39:05Z,\N,2026-03-05T08:59:39Z,\N,1,assert
acme:identity_group:grp-02180~0e6c26671660,identity_group,acme,grp-02180,grp-02180-owns,2026-02-19T18:02:48Z,\N,2026-03-06T13:01:33Z,\N,1,assert
acme:identity_group:grp-00810~dc289b1eb5f3,identity_group,acme,grp-00810,grp-00810-operates,2026-01-28T09:59:46Z,\N,2026-03-07T16:47:09Z,\N,1,assert
acme:identity_group:grp-02026~a5b0649e59f3,identity_group,acme,grp-02026,grp-02026-operates,2026-01-28T01:51:17Z,\N,2026-03-07T05:01:25Z,\N,1,assert
acme:identity_group:grp-01173~e14aab37e41f,identity_group,acme,grp-01173,grp-01173-operates,2026-02-19T11:34:38Z,\N,2026-03-08T10:09:07Z,\N,1,assert
acme:identity_group:grp-02163~b7cba5c8f9e6,identity_group,acme,grp-02163,grp-02163-security,2026-01-31T05:16:17Z,\N,2026-03-08T04:29:26Z,\N,1,assert
acme:identity_group:grp-00957~208c0b09fd5b,identity_group,acme,grp-00957,grp-00957-security,2026-01-30T17:14:54Z,\N,2026-03-09T10:26:39Z,\N,1,assert
acme:identity_group:grp-00064~facc16edb1fd,identity_group,acme,grp-00064,grp-00064-security,2026-02-15T18:00:54Z,\N,2026-03-11T21:02:36Z,\N,1,assert
acme:identity_group:grp-01758~a7f8bc8ee1e1,identity_group,acme,grp-01758,grp-01758-owns,2026-02-04T16:39:08Z,\N,2026-03-11T13:53:36Z,\N,1,assert
acme:identity_group:grp-00654~bc482cee31be,identity_group,acme,grp-00654,grp-00654-security,2026-03-05T01:11:25Z,\N,2026-03-12T21:43:58Z,\N,1,assert
acme:identity_group:grp-01606~629231698567,identity_group,acme,grp-01606,grp-01606-identity,2026-02-07T06:19:26Z,\N,2026-03-13T09:17:14Z,\N,1,assert
acme:identity_group:grp-02088~1a108bcd2707,identity_group,acme,grp-02088,grp-02088-security,2026-02-19T20:43:45Z,\N,2026-03-13T18:14:16Z,\N,1,assert
acme:identity_group:grp-00678~6ecc1eb77b69,identity_group,acme,grp-00678,grp-00678-owns,2026-01-31T18:38:56Z,\N,2026-03-14T21:26:50Z,\N,1,assert
acme:identity_group:grp-02112~99abd6c5a85b,identity_group,acme,grp-02112,grp-02112-operates,2026-02-21T04:07:38Z,\N,2026-03-14T11:55:16Z,\N,1,assert
acme:identity_group:grp-00834~967e66b142a2,identity_group,acme,grp-00834,grp-00834-identity,2026-03-03T17:01:34Z,\N,2026-03-15T09:04:59Z,\N,1,assert
acme:identity_group:grp-01712~8855fb6fdbfb,identity_group,acme,grp-01712,grp-01712-security,2026-03-10T07:04:21Z,\N,2026-03-15T14:50:15Z,\N,1,assert
acme:identity_group:grp-00252~7a562d8f872e,identity_group,acme,grp-00252,grp-00252-operates,2026-02-14T18:04:15Z,\N,2026-03-16T22:25:28Z,\N,1,assert
acme:identity_group:grp-01944~5b2cc847047b,identity_group,acme,grp-01944,grp-01944-operates,2026-02-09T00:40:04Z,\N,2026-03-17T04:23:52Z,\N,1,assert
acme:identity_group:grp-01421~740d323b265e,identity_group,acme,grp-01421,grp-01421-operates,2026-02-07T17:27:35Z,\N,2026-03-18T16:15:56Z,\N,1,assert
acme:identity_group:grp-00362~03b702f89e7f,identity_group,acme,grp-00362,grp-00362-security,2026-02-11T15:36:03Z,\N,2026-03-19T10:42:26Z,\N,1,assert
acme:identity_group:grp-01194~4853de7a033f,identity_group,acme,grp-01194,grp-01194-identity,2026-02-09T21:31:28Z,\N,2026-03-19T07:11:37Z,\N,1,assert
acme:identity_group:grp-00175~e7e13f50dd2d,identity_group,acme,grp-00175,grp-00175-owns,2026-03-05T06:50:51Z,\N,2026-03-20T08:14:46Z,\N,1,assert
acme:identity_group:grp-00434~38da1a07165c,identity_group,acme,grp-00434,grp-00434-security,2026-02-10T10:29:21Z,\N,2026-03-20T06:42:34Z,\N,1,assert
acme:identity_group:grp-00521~4468bd7fffad,identity_group,acme,grp-00521,grp-00521-identity,2026-02-07T16:39:28Z,\N,2026-03-20T01:15:06Z,\N,1,assert
acme:identity_group:grp-00749~c0cbf444cf96,identity_group,acme,grp-00749,grp-00749-operates,2026-03-06T07:00:29Z,\N,2026-03-20T15:01:00Z,\N,1,assert
acme:identity_group:grp-02111~4b28be638df8,identity_group,acme,grp-02111,grp-02111-operates,2026-02-10T00:17:51Z,\N,2026-03-22T00:11:55Z,\N,1,assert
acme:identity_group:grp-00419~5284d70da6d6,identity_group,acme,grp-00419,grp-00419-owns,2026-03-13T21:34:24Z,\N,2026-03-23T00:36:43Z,\N,1,assert
acme:identity_group:grp-01287~07b8c6506c7c,identity_group,acme,grp-01287,grp-01287-operates,2026-02-10T04:52:14Z,\N,2026-03-25T12:37:19Z,\N,1,assert
acme:identity_group:grp-01294~478991a5400b,identity_group,acme,grp-01294,grp-01294-security,2026-03-23T11:20:56Z,\N,2026-03-25T01:05:27Z,\N,1,assert
acme:identity_group:grp-01232~6a0f60e68f63,identity_group,acme,grp-01232,grp-01232-owns,2026-02-17T08:11:58Z,\N,2026-03-26T06:51:18Z,\N,1,assert
acme:identity_group:grp-00738~071e63dcd48d,identity_group,acme,grp-00738,grp-00738-operates,2026-03-16T03:11:58Z,\N,2026-03-27T21:14:05Z,\N,1,assert
acme:identity_group:grp-00174~253ac6dffa7b,identity_group,acme,grp-00174,grp-00174-owns,2026-03-13T15:25:32Z,\N,2026-03-28T04:35:16Z,\N,1,assert
acme:identity_group:grp-01058~da64eb2a5576,identity_group,acme,grp-01058,grp-01058-identity,2026-02-25T03:47:47Z,\N,2026-03-28T09:17:41Z,\N,1,assert
acme:identity_group:grp-02121~4cf38973a20a,identity_group,acme,grp-02121,grp-02121-owns,2026-03-25T08:48:46Z,\N,2026-03-28T15:40:56Z,\N,1,assert
acme:identity_group:grp-02005~c64e8cb1d794,identity_group,acme,grp-02005,grp-02005-identity,2026-03-24T08:00:04Z,\N,2026-04-01T07:27:39Z,\N,1,assert
acme:identity_group:grp-02131~f14ae5e889c2,identity_group,acme,grp-02131,grp-02131-owns,2026-03-18T18:35:56Z,\N,2026-04-01T07:30:04Z,\N,1,assert
acme:identity_group:grp-00905~088d7c88e8a1,identity_group,acme,grp-00905,grp-00905-identity,2026-03-13T14:32:31Z,\N,2026-04-02T22:39:47Z,\N,1,assert
acme:identity_group:grp-00600~f184a2175175,identity_group,acme,grp-00600,grp-00600-operates,2026-03-20T04:31:21Z,\N,2026-04-03T06:52:25Z,\N,1,assert
acme:identity_group:grp-00339~e0db255b6d84,identity_group,acme,grp-00339,grp-00339-security,2026-03-20T04:03:34Z,\N,2026-04-04T11:06:21Z,\N,1,assert
acme:identity_group:grp-01184~5cb1361d8991,identity_group,acme,grp-01184,grp-01184-security,2026-03-28T21:52:39Z,\N,2026-04-05T00:18:06Z,\N,1,assert
acme:identity_group:grp-00587~122c10101409,identity_group,acme,grp-00587,grp-00587-owns,2026-03-03T19:50:29Z,\N,2026-04-06T00:12:56Z,\N,1,assert
acme:identity_group:grp-00328~e8f7e09656b5,identity_group,acme,grp-00328,grp-00328-identity,2026-03-29T14:22:57Z,\N,2026-04-07T12:19:15Z,\N,1,assert
acme:identity_group:grp-00265~73f8e6030d90,identity_group,acme,grp-00265,grp-00265-security,2026-03-01T14:49:10Z,\N,2026-04-08T19:38:32Z,\N,1,assert
acme:identity_group:grp-01734~3516b1129428,identity_group,acme,grp-01734,grp-01734-operates,2026-04-01T18:03:03Z,\N,2026-04-08T14:38:36Z,\N,1,assert
acme:identity_group:grp-01019~a2496437b982,identity_group,acme,grp-01019,grp-01019-identity,2026-04-07T19:52:14Z,\N,2026-04-09T03:57:06Z,\N,1,assert
acme:identity_group:grp-00805~155444cdc1b2,identity_group,acme,grp-00805,grp-00805-owns,2026-02-27T09:55:45Z,\N,2026-04-10T22:43:21Z,\N,1,assert
acme:identity_group:grp-01011~05e75c18911b,identity_group,acme,grp-01011,grp-01011-operates,2026-04-04T12:44:24Z,\N,2026-04-10T22:08:49Z,\N,1,assert
acme:identity_group:grp-00071~d5e163d55228,identity_group,acme,grp-00071,grp-00071-identity,2026-03-02T05:44:02Z,\N,2026-04-12T08:35:32Z,\N,1,assert
acme:identity_group:grp-00182~23860e451c51,identity_group,acme,grp-00182,grp-00182-security,2026-04-11T20:55:36Z,\N,2026-04-13T06:23:38Z,\N,1,assert
acme:identity_group:grp-01934~7b4910470087,identity_group,acme,grp-01934,grp-01934-owns,2026-04-01T10:00:53Z,\N,2026-04-13T02:42:28Z,\N,1,assert
acme:identity_group:grp-00031~a3ead5cb33de,identity_group,acme,grp-00031,grp-00031-owns,2026-04-12T03:37:50Z,\N,2026-04-14T01:22:19Z,\N,1,assert
acme:identity_group:grp-00636~086e424bb792,identity_group,acme,grp-00636,grp-00636-operates,2026-04-03T02:57:57Z,\N,2026-04-14T06:42:03Z,\N,1,assert
acme:identity_group:grp-01386~8c3611e70ec9,identity_group,acme,grp-01386,grp-01386-security,2026-03-30T16:48:01Z,\N,2026-04-14T18:38:53Z,\N,1,assert
acme:identity_group:grp-01941~4a09d3b7099c,identity_group,acme,grp-01941,grp-01941-security,2026-04-02T03:59:37Z,\N,2026-04-14T16:46:28Z,\N,1,assert
acme:identity_group:grp-00571~947c65477683,identity_group,acme,grp-00571,grp-00571-owns,2026-03-30T18:24:50Z,\N,2026-04-15T17:55:04Z,\N,1,assert
acme:identity_group:grp-01222~52d62707d9ba,identity_group,acme,grp-01222,grp-01222-operates,2026-04-05T09:46:30Z,\N,2026-04-15T07:03:26Z,\N,1,assert
acme:identity_group:grp-01874~400dcbbb6c95,identity_group,acme,grp-01874,grp-01874-identity,2026-03-11T14:49:05Z,\N,2026-04-15T05:09:10Z,\N,1,assert
acme:identity_group:grp-00168~216e5a33b921,identity_group,acme,grp-00168,grp-00168-owns,2026-03-13T15:40:43Z,\N,2026-04-16T11:55:13Z,\N,1,assert
acme:identity_group:grp-00253~a0a405450086,identity_group,acme,grp-00253,grp-00253-operates,2026-04-05T20:55:39Z,\N,2026-04-16T13:28:27Z,\N,1,assert
acme:identity_group:grp-00506~398829fe9da6,identity_group,acme,grp-00506,grp-00506-identity,2026-03-30T17:13:05Z,\N,2026-04-16T08:59:50Z,\N,1,assert
acme:identity_group:grp-01401~562db84f3905,identity_group,acme,grp-01401,grp-01401-operates,2026-04-16T14:19:49Z,\N,2026-04-16T14:19:49Z,\N,1,assert
acme:identity_group:grp-00729~e4cd6ee65949,identity_group,acme,grp-00729,grp-00729-owns,2026-04-12T08:22:13Z,\N,2026-04-17T01:41:31Z,\N,1,assert
acme:identity_group:grp-01624~b4977caddc1a,identity_group,acme,grp-01624,grp-01624-operates,2026-03-18T12:32:20Z,\N,2026-04-19T07:00:36Z,\N,1,assert
acme:identity_group:grp-00618~a3692052e382,identity_group,acme,grp-00618,grp-00618-operates,2026-03-16T01:35:48Z,\N,2026-04-20T07:47:15Z,\N,1,assert
acme:identity_group:grp-02046~61bdf9c7e784,identity_group,acme,grp-02046,grp-02046-identity,2026-03-13T22:39:56Z,\N,2026-04-20T09:21:37Z,\N,1,assert
acme:identity_group:grp-01513~c2dfe1e69590,identity_group,acme,grp-01513,grp-01513-identity,2026-03-29T04:05:06Z,\N,2026-04-21T16:02:41Z,\N,1,assert
acme:identity_group:grp-00138~6a415b56fbec,identity_group,acme,grp-00138,grp-00138-owns,2026-03-22T09:34:13Z,\N,2026-04-22T23:21:18Z,\N,1,assert
acme:identity_group:grp-02003~845557bd570f,identity_group,acme,grp-02003,grp-02003-identity,2026-04-10T07:45:27Z,\N,2026-04-22T16:45:00Z,\N,1,assert
acme:identity_group:grp-00671~4b8dae43fb22,identity_group,acme,grp-00671,grp-00671-owns,2026-04-13T10:05:47Z,\N,2026-04-23T12:20:04Z,\N,1,assert
acme:identity_group:grp-01295~f91585fe1775,identity_group,acme,grp-01295,grp-01295-security,2026-03-15T15:16:44Z,\N,2026-04-23T15:17:54Z,\N,1,assert
acme:identity_group:grp-02171~e6d51a23e90d,identity_group,acme,grp-02171,grp-02171-identity,2026-04-15T13:34:38Z,\N,2026-04-23T14:58:05Z,\N,1,assert
acme:identity_group:grp-00191~e3b378c7095c,identity_group,acme,grp-00191,grp-00191-identity,2026-04-01T23:49:02Z,\N,2026-04-24T17:55:53Z,\N,1,assert
acme:identity_group:grp-01071~aa873e4e7e30,identity_group,acme,grp-01071,grp-01071-operates,2026-03-31T03:29:45Z,\N,2026-04-25T21:16:39Z,\N,1,assert
acme:identity_group:grp-01481~154abc13873f,identity_group,acme,grp-01481,grp-01481-identity,2026-04-08T10:25:05Z,\N,2026-04-25T18:05:03Z,\N,1,assert
acme:identity_group:grp-01793~f404beac6cb9,identity_group,acme,grp-01793,grp-01793-identity,2026-04-18T23:23:09Z,\N,2026-04-27T11:28:52Z,\N,1,assert
acme:identity_group:grp-01844~b6cb698c0a7b,identity_group,acme,grp-01844,grp-01844-security,2026-04-08T10:50:48Z,\N,2026-04-27T15:55:06Z,\N,1,assert
acme:identity_group:grp-02025~92047b26214b,identity_group,acme,grp-02025,grp-02025-identity,2026-04-16T09:48:21Z,\N,2026-04-27T16:29:32Z,\N,1,assert
acme:identity_group:grp-00216~a2bfd982ca7a,identity_group,acme,grp-00216,grp-00216-identity,2026-04-27T06:34:32Z,\N,2026-04-29T01:18:31Z,\N,1,assert
acme:identity_group:grp-00790~e858d80ccee8,identity_group,acme,grp-00790,grp-00790-security,2026-03-19T21:40:12Z,\N,2026-04-29T00:22:53Z,\N,1,assert
acme:identity_group:grp-00998~87bf148e1483,identity_group,acme,grp-00998,grp-00998-owns,2026-03-27T14:12:45Z,\N,2026-04-30T11:47:11Z,\N,1,assert
acme:identity_group:grp-02018~3e5f72e46ce7,identity_group,acme,grp-02018,grp-02018-identity,2026-04-24T19:29:04Z,\N,2026-04-30T02:27:57Z,\N,1,assert
acme:identity_group:grp-00769~830ef85309da,identity_group,acme,grp-00769,grp-00769-security,2026-03-25T17:37:19Z,\N,2026-05-01T01:07:10Z,\N,1,assert
acme:identity_group:grp-00699~965718ded191,identity_group,acme,grp-00699,grp-00699-operates,2026-03-24T19:25:47Z,\N,2026-05-05T23:02:59Z,\N,1,assert
acme:identity_group:grp-01106~202e31351086,identity_group,acme,grp-01106,grp-01106-security,2026-03-22T21:41:03Z,\N,2026-05-05T09:45:39Z,\N,1,assert
acme:identity_group:grp-01596~66db7e04f0ee,identity_group,acme,grp-01596,grp-01596-operates,2026-03-28T15:42:21Z,\N,2026-05-06T17:26:55Z,\N,1,assert
acme:identity_group:grp-00187~7089c78684b5,identity_group,acme,grp-00187,grp-00187-identity,2026-05-01T15:48:24Z,\N,2026-05-07T20:22:36Z,\N,1,assert
acme:identity_group:grp-00979~e35cde70f1d6,identity_group,acme,grp-00979,grp-00979-owns,2026-04-23T00:18:58Z,\N,2026-05-08T23:47:08Z,\N,1,assert
acme:identity_group:grp-01942~cc6068a909ad,identity_group,acme,grp-01942,grp-01942-operates,2026-05-07T20:15:15Z,\N,2026-05-08T15:31:51Z,\N,1,assert
acme:identity_group:grp-00621~44d3bc472b7a,identity_group,acme,grp-00621,grp-00621-security,2026-04-05T10:49:38Z,\N,2026-05-09T02:44:47Z,\N,1,assert
acme:identity_group:grp-01642~27627bdaa2ac,identity_group,acme,grp-01642,grp-01642-operates,2026-05-09T18:08:19Z,\N,2026-05-09T18:08:19Z,\N,1,assert
acme:identity_group:grp-01108~e9dd0d1d65c3,identity_group,acme,grp-01108,grp-01108-owns,2026-03-28T19:23:29Z,\N,2026-05-11T01:28:08Z,\N,1,assert
acme:identity_group:grp-02019~2bef30db5dbe,identity_group,acme,grp-02019,grp-02019-identity,2026-04-08T12:31:06Z,\N,2026-05-11T12:30:45Z,\N,1,assert
acme:identity_group:grp-00915~9a2eed3922e8,identity_group,acme,grp-00915,grp-00915-identity,2026-04-04T16:36:11Z,\N,2026-05-12T11:21:21Z,\N,1,assert
acme:identity_group:grp-01987~4c68d137b3ee,identity_group,acme,grp-01987,grp-01987-owns,2026-04-14T17:46:08Z,\N,2026-05-12T19:09:20Z,\N,1,assert
acme:identity_group:grp-00799~474d2e4d34bd,identity_group,acme,grp-00799,grp-00799-security,2026-04-14T07:56:17Z,\N,2026-05-13T02:35:16Z,\N,1,assert
acme:identity_group:grp-00239~633dcdf30e2c,identity_group,acme,grp-00239,grp-00239-owns,2026-04-26T14:44:04Z,\N,2026-05-14T05:48:08Z,\N,1,assert
acme:identity_group:grp-01528~51a805ee0f5c,identity_group,acme,grp-01528,grp-01528-identity,2026-05-04T01:06:52Z,\N,2026-05-14T01:30:27Z,\N,1,assert
acme:identity_group:grp-01619~038ab753186f,identity_group,acme,grp-01619,grp-01619-operates,2026-04-17T22:48:31Z,\N,2026-05-16T19:41:22Z,\N,1,assert
acme:identity_group:grp-00154~d04cf7c70d45,identity_group,acme,grp-00154,grp-00154-identity,2026-04-16T15:59:22Z,\N,2026-05-20T15:04:17Z,\N,1,assert
acme:identity_group:grp-01228~615ae861d70a,identity_group,acme,grp-01228,grp-01228-owns,2026-04-29T06:00:34Z,\N,2026-05-20T08:04:25Z,\N,1,assert
acme:identity_group:grp-02105~166a8905e9e2,identity_group,acme,grp-02105,grp-02105-identity,2026-04-28T00:52:26Z,\N,2026-05-20T12:58:03Z,\N,1,assert
acme:identity_group:grp-01775~718d42cef490,identity_group,acme,grp-01775,grp-01775-security,2026-04-20T04:15:15Z,\N,2026-05-21T04:35:29Z,\N,1,assert
acme:identity_group:grp-00326~c0ba2c3451dd,identity_group,acme,grp-00326,grp-00326-identity,2026-04-13T05:12:37Z,\N,2026-05-22T13:15:28Z,\N,1,assert
acme:identity_group:grp-01090~13d9f8f33ae5,identity_group,acme,grp-01090,grp-01090-identity,2026-04-30T03:11:26Z,\N,2026-05-22T08:16:13Z,\N,1,assert
acme:identity_group:grp-01600~d62dd2c4d7f5,identity_group,acme,grp-01600,grp-01600-identity,2026-04-08T08:57:11Z,\N,2026-05-22T21:33:25Z,\N,1,assert
acme:identity_group:grp-01187~c65813495715,identity_group,acme,grp-01187,grp-01187-operates,2026-04-21T06:36:46Z,\N,2026-05-23T16:40:15Z,\N,1,assert
acme:identity_group:grp-00449~8bc464ec800f,identity_group,acme,grp-00449,grp-00449-operates,2026-04-22T04:39:07Z,\N,2026-05-24T03:00:03Z,\N,1,assert
acme:identity_group:grp-01732~70101d1a10a1,identity_group,acme,grp-01732,grp-01732-security,2026-05-10T15:21:51Z,\N,2026-05-25T18:35:30Z,\N,1,assert
acme:identity_group:grp-02175~3d9d637ffe3e,identity_group,acme,grp-02175,grp-02175-security,2026-04-26T04:04:28Z,\N,2026-05-25T11:40:50Z,\N,1,assert
acme:identity_group:grp-00100~1ad3b7402762,identity_group,acme,grp-00100,grp-00100-operates,2026-05-14T08:28:57Z,\N,2026-05-26T16:06:24Z,\N,1,assert
acme:identity_group:grp-00162~5be2e57678bb,identity_group,acme,grp-00162,grp-00162-operates,2026-05-12T00:47:47Z,\N,2026-05-26T13:09:50Z,\N,1,assert
acme:identity_group:grp-01031~86dee4f2d619,identity_group,acme,grp-01031,grp-01031-identity,2026-05-14T12:00:55Z,\N,2026-05-26T12:48:13Z,\N,1,assert
acme:identity_group:grp-00027~a96956fefa96,identity_group,acme,grp-00027,grp-00027-identity,2026-05-15T17:39:19Z,\N,2026-05-27T11:25:15Z,\N,1,assert
acme:identity_group:grp-00997~c6ae6bf9dd1e,identity_group,acme,grp-00997,grp-00997-owns,2026-04-14T08:05:02Z,\N,2026-05-27T13:56:16Z,\N,1,assert
acme:identity_group:grp-01262~d71e92c0c41a,identity_group,acme,grp-01262,grp-01262-owns,2026-05-17T15:35:40Z,\N,2026-05-27T01:14:56Z,\N,1,assert
acme:identity_group:grp-02017~77a14ac73f28,identity_group,acme,grp-02017,grp-02017-identity,2026-05-20T20:46:22Z,\N,2026-05-27T23:30:56Z,\N,1,assert
acme:identity_group:grp-00958~e588b560ad57,identity_group,acme,grp-00958,grp-00958-operates,2026-05-10T00:28:41Z,\N,2026-05-28T06:41:29Z,\N,1,assert
acme:identity_group:grp-01224~b164b7f2b95e,identity_group,acme,grp-01224,grp-01224-identity,2026-04-22T02:16:16Z,\N,2026-05-28T07:26:00Z,\N,1,assert
acme:identity_group:grp-01931~70146c35eadc,identity_group,acme,grp-01931,grp-01931-operates,2026-04-28T23:18:56Z,\N,2026-05-29T00:37:37Z,\N,1,assert
acme:identity_group:grp-01992~2475ec499592,identity_group,acme,grp-01992,grp-01992-security,2026-04-24T15:19:54Z,\N,2026-05-29T22:47:46Z,\N,1,assert
acme:identity_group:grp-01515~c21d7abcadc4,identity_group,acme,grp-01515,grp-01515-owns,2026-05-22T03:26:35Z,\N,2026-05-30T02:59:08Z,\N,1,assert
acme:identity_group:grp-02051~13f1d3c864d0,identity_group,acme,grp-02051,grp-02051-owns,2026-04-24T20:53:51Z,\N,2026-05-30T07:32:17Z,\N,1,assert
acme:identity_group:grp-01627~949dd33613fb,identity_group,acme,grp-01627,grp-01627-owns,2026-05-01T11:20:45Z,\N,2026-05-31T02:19:24Z,\N,1,assert
acme:identity_group:grp-02054~240e280fdb08,identity_group,acme,grp-02054,grp-02054-owns,2026-05-13T13:17:13Z,\N,2026-05-31T20:08:18Z,\N,1,assert
acme:identity_group:grp-00919~5ff98e2428ba,identity_group,acme,grp-00919,grp-00919-security,2026-04-20T17:23:30Z,\N,2026-06-01T09:58:23Z,\N,1,assert
acme:identity_group:grp-01569~f839416868bc,identity_group,acme,grp-01569,grp-01569-operates,2026-05-10T16:17:04Z,\N,2026-06-01T17:33:45Z,\N,1,assert
acme:identity_group:grp-01791~4746d89a25d1,identity_group,acme,grp-01791,grp-01791-security,2026-05-20T01:08:54Z,\N,2026-06-01T00:06:34Z,\N,1,assert
acme:identity_group:grp-00142~9ab1f0122766,identity_group,acme,grp-00142,grp-00142-identity,2026-05-06T15:00:00Z,\N,2026-06-03T09:38:15Z,\N,1,assert
acme:identity_group:grp-01012~58a80f7011d6,identity_group,acme,grp-01012,grp-01012-operates,2026-05-05T09:09:10Z,\N,2026-06-03T08:32:45Z,\N,1,assert
acme:identity_group:grp-02176~402ba5c7adde,identity_group,acme,grp-02176,grp-02176-security,2026-04-22T04:04:21Z,\N,2026-06-03T14:04:05Z,\N,1,assert
acme:identity_group:grp-00255~4f836064a168,identity_group,acme,grp-00255,grp-00255-identity,2026-05-21T22:52:14Z,\N,2026-06-05T18:37:12Z,\N,1,assert
acme:identity_group:grp-00660~5b94378b0468,identity_group,acme,grp-00660,grp-00660-operates,2026-05-18T22:04:32Z,\N,2026-06-05T06:22:30Z,\N,1,assert
acme:identity_group:grp-01441~d67ee2972495,identity_group,acme,grp-01441,grp-01441-identity,2026-05-24T06:50:26Z,\N,2026-06-06T04:46:34Z,\N,1,assert
acme:identity_group:grp-00471~28457b9fac9c,identity_group,acme,grp-00471,grp-00471-operates,2026-04-28T14:22:35Z,\N,2026-06-08T10:14:07Z,\N,1,assert
acme:identity_group:grp-00512~31f15b1d6048,identity_group,acme,grp-00512,grp-00512-identity,2026-06-07T09:25:59Z,\N,2026-06-08T01:11:53Z,\N,1,assert
acme:identity_group:grp-00861~122cc1f6ce5d,identity_group,acme,grp-00861,grp-00861-operates,2026-05-01T01:15:05Z,\N,2026-06-08T20:24:21Z,\N,1,assert
acme:identity_group:grp-01440~de41a795955f,identity_group,acme,grp-01440,grp-01440-operates,2026-06-02T08:38:15Z,\N,2026-06-08T11:22:02Z,\N,1,assert
acme:identity_group:grp-00689~76f9f2a70b81,identity_group,acme,grp-00689,grp-00689-owns,2026-05-18T09:08:49Z,\N,2026-06-09T23:03:49Z,\N,1,assert
acme:identity_group:grp-01509~e794258e3862,identity_group,acme,grp-01509,grp-01509-security,2026-06-07T16:09:21Z,\N,2026-06-09T04:13:10Z,\N,1,assert
acme:identity_group:grp-02184~f9bfab2a5296,identity_group,acme,grp-02184,grp-02184-security,2026-06-07T10:05:52Z,\N,2026-06-09T18:59:26Z,\N,1,assert
acme:identity_group:grp-01252~e4fe1da7a66b,identity_group,acme,grp-01252,grp-01252-identity,2026-05-08T04:21:57Z,\N,2026-06-11T18:15:39Z,\N,1,assert
acme:identity_group:grp-02091~4d008491b806,identity_group,acme,grp-02091,grp-02091-owns,2026-06-05T20:12:38Z,\N,2026-06-12T10:44:24Z,\N,1,assert
acme:identity_group:grp-01586~f0e5c998db9a,identity_group,acme,grp-01586,grp-01586-security,2026-06-07T11:43:34Z,\N,2026-06-13T00:36:36Z,\N,1,assert
acme:identity_group:grp-01671~76575d0d9a41,identity_group,acme,grp-01671,grp-01671-operates,2026-06-05T19:56:44Z,\N,2026-06-13T19:52:51Z,\N,1,assert
acme:identity_group:grp-00246~6b56074630a7,identity_group,acme,grp-00246,grp-00246-operates,2026-06-14T00:34:14Z,\N,2026-06-14T00:34:14Z,\N,1,assert
acme:identity_group:grp-01561~08551e1744a9,identity_group,acme,grp-01561,grp-01561-owns,2026-05-28T04:49:50Z,\N,2026-06-14T23:28:10Z,\N,1,assert
acme:identity_group:grp-00781~e394b4e5b113,identity_group,acme,grp-00781,grp-00781-operates,2026-06-15T13:27:14Z,\N,2026-06-15T13:27:14Z,\N,1,assert
acme:identity_group:grp-00016~e0ba7e15eb4e,identity_group,acme,grp-00016,grp-00016-operates,2026-05-08T12:51:06Z,\N,2026-06-18T15:36:20Z,\N,1,assert
acme:identity_group:grp-00268~11f52332bab7,identity_group,acme,grp-00268,grp-00268-owns,2026-06-02T01:03:41Z,\N,2026-06-19T01:29:26Z,\N,1,assert
acme:identity_group:grp-01115~a388e93f8e5d,identity_group,acme,grp-01115,grp-01115-identity,2026-05-13T23:07:04Z,\N,2026-06-19T14:11:00Z,\N,1,assert
acme:identity_group:grp-01805~3f64bf631219,identity_group,acme,grp-01805,grp-01805-owns,2026-06-03T17:06:32Z,\N,2026-06-19T06:37:49Z,\N,1,assert
acme:identity_group:grp-01161~0a8c0340c71f,identity_group,acme,grp-01161,grp-01161-security,2026-05-29T19:38:36Z,\N,2026-06-20T15:54:26Z,\N,1,assert
acme:identity_group:grp-01223~d6ceccc65b7d,identity_group,acme,grp-01223,grp-01223-security,2026-05-18T15:28:43Z,\N,2026-06-20T01:07:19Z,\N,1,assert
acme:identity_group:grp-01684~8bb3269a4f9f,identity_group,acme,grp-01684,grp-01684-owns,2026-05-28T13:46:47Z,\N,2026-06-21T13:02:17Z,\N,1,assert
acme:identity_group:grp-00096~48dcfd78b087,identity_group,acme,grp-00096,grp-00096-operates,2026-05-28T16:50:36Z,\N,2026-06-22T16:20:43Z,\N,1,assert
acme:identity_group:grp-01151~9bc115009418,identity_group,acme,grp-01151,grp-01151-operates,2026-06-03T01:21:59Z,\N,2026-06-22T12:05:04Z,\N,1,assert
acme:identity_group:grp-01686~3edd158ce4df,identity_group,acme,grp-01686,grp-01686-identity,2026-05-30T17:35:18Z,\N,2026-06-22T14:56:15Z,\N,1,assert
acme:identity_group:grp-01405~4afbd294ffd9,identity_group,acme,grp-01405,grp-01405-owns,2026-06-10T20:03:13Z,\N,2026-06-24T05:29:41Z,\N,1,assert
acme:identity_group:grp-01594~067d9a775614,identity_group,acme,grp-01594,grp-01594-operates,2026-05-16T01:12:23Z,\N,2026-06-24T00:22:58Z,\N,1,assert
acme:identity_group:grp-02174~ff4c424aad62,identity_group,acme,grp-02174,grp-02174-security,2026-06-17T04:40:30Z,\N,2026-06-25T16:49:37Z,\N,1,assert
acme:identity_group:grp-00991~cf57ec13cdd4,identity_group,acme,grp-00991,grp-00991-identity,2026-05-14T15:26:41Z,\N,2026-06-26T06:55:43Z,\N,1,assert
acme:identity_group:grp-00874~b168fcd01832,identity_group,acme,grp-00874,grp-00874-security,2026-05-28T11:10:05Z,\N,2026-07-02T09:04:40Z,\N,1,assert
acme:identity_group:grp-01308~baf01d3c88b2,identity_group,acme,grp-01308,grp-01308-owns,2026-06-01T18:13:45Z,\N,2026-07-02T23:57:17Z,\N,1,assert
acme:identity_group:grp-01910~e8ab6e29d3ef,identity_group,acme,grp-01910,grp-01910-owns,2026-05-26T17:19:17Z,\N,2026-07-02T05:43:07Z,\N,1,assert
acme:identity_group:grp-02009~7359df8b6ad2,identity_group,acme,grp-02009,grp-02009-owns,2026-06-06T15:11:44Z,\N,2026-07-03T17:08:16Z,\N,1,assert
acme:identity_group:grp-01099~9672f9348c87,identity_group,acme,grp-01099,grp-01099-security,2026-06-13T17:41:12Z,\N,2026-07-04T17:40:44Z,\N,1,assert
acme:identity_group:grp-01446~10af59513f95,identity_group,acme,grp-01446,grp-01446-owns,2026-06-28T08:18:15Z,\N,2026-07-04T10:33:03Z,\N,1,assert
acme:identity_group:grp-02125~903c753ec8e3,identity_group,acme,grp-02125,grp-02125-identity,2026-06-03T14:41:29Z,\N,2026-07-04T00:08:27Z,\N,1,assert
acme:identity_group:grp-00395~98f2c6d1557e,identity_group,acme,grp-00395,grp-00395-owns,2026-06-18T10:51:54Z,\N,2026-07-05T03:46:14Z,\N,1,assert
acme:identity_group:grp-00609~132318212914,identity_group,acme,grp-00609,grp-00609-owns,2026-05-23T15:30:51Z,\N,2026-07-05T09:19:22Z,\N,1,assert
acme:identity_group:grp-01705~f57161743e9d,identity_group,acme,grp-01705,grp-01705-owns,2026-06-10T10:27:55Z,\N,2026-07-09T22:59:49Z,\N,1,assert
acme:identity_group:grp-00962~f50edef5006b,identity_group,acme,grp-00962,grp-00962-security,2026-06-29T00:05:12Z,\N,2026-07-10T02:41:49Z,\N,1,assert
acme:identity_group:grp-00099~6f4ed2a419d8,identity_group,acme,grp-00099,grp-00099-security,2026-06-28T12:19:53Z,\N,2026-07-11T01:54:23Z,\N,1,assert
acme:identity_group:grp-01540~f74e57cb3f77,identity_group,acme,grp-01540,grp-01540-owns,2026-05-31T02:02:22Z,\N,2026-07-11T23:19:47Z,\N,1,assert
acme:identity_group:grp-01547~98fb421d7312,identity_group,acme,grp-01547,grp-01547-identity,2026-07-05T17:52:12Z,\N,2026-07-14T23:37:04Z,\N,1,assert
acme:identity_group:grp-00081~d363ccc749ed,identity_group,acme,grp-00081,grp-00081-operates,2026-07-12T05:17:19Z,\N,2026-07-15T11:20:57Z,\N,1,assert
acme:identity_group:grp-01175~41365c33a47b,identity_group,acme,grp-01175,grp-01175-security,2026-06-15T15:07:25Z,\N,2026-07-15T01:08:34Z,\N,1,assert
acme:identity_group:grp-01064~dc00447d9704,identity_group,acme,grp-01064,grp-01064-identity,2026-06-12T22:59:57Z,\N,2026-07-16T06:57:13Z,\N,1,assert
acme:identity_group:grp-01963~39fccc25cd2d,identity_group,acme,grp-01963,grp-01963-owns,2026-06-27T05:32:03Z,\N,2026-07-17T05:57:51Z,\N,1,assert
acme:identity_group:grp-00869~a9b97cea54ba,identity_group,acme,grp-00869,grp-00869-identity,2026-06-17T18:33:14Z,\N,2026-07-18T02:51:58Z,\N,1,assert
acme:identity_group:grp-02066~d636bacfca9c,identity_group,acme,grp-02066,grp-02066-identity,2026-07-15T21:37:35Z,\N,2026-07-18T11:48:04Z,\N,1,assert
acme:identity_group:grp-00277~346adfeb60f8,identity_group,acme,grp-00277,grp-00277-operates,2026-07-13T19:53:44Z,\N,2026-07-19T21:48:38Z,\N,1,assert
acme:identity_group:grp-01215~d163b75e2b1d,identity_group,acme,grp-01215,grp-01215-security,2026-06-17T21:31:13Z,\N,2026-07-19T02:53:38Z,\N,1,assert
acme:identity_group:grp-01807~2b7c311ebf30,identity_group,acme,grp-01807,grp-01807-security,2026-07-18T10:56:43Z,\N,2026-07-19T19:12:37Z,\N,1,assert
acme:identity_group:grp-02189~0fdfb7fc3602,identity_group,acme,grp-02189,grp-02189-identity,2026-07-16T12:15:35Z,\N,2026-07-19T10:53:42Z,\N,1,assert
acme:identity_group:grp-00011~2d3f14a6963f,identity_group,acme,grp-00011,grp-00011-operates,2026-07-10T01:20:12Z,\N,2026-07-22T02:04:24Z,\N,1,assert
acme:identity_group:grp-01476~c4f223e5b198,identity_group,acme,grp-01476,grp-01476-owns,2026-06-19T21:04:55Z,\N,2026-07-22T17:38:43Z,\N,1,assert
acme:identity_group:grp-00184~51e0dd3f0f45,identity_group,acme,grp-00184,grp-00184-owns,2026-07-05T19:48:19Z,\N,2026-07-25T13:10:02Z,\N,1,assert
acme:identity_group:grp-00271~2312f8f23774,identity_group,acme,grp-00271,grp-00271-operates,2026-06-16T14:07:19Z,\N,2026-07-25T19:16:40Z,\N,1,assert
acme:identity_group:grp-00513~91fd855d20b1,identity_group,acme,grp-00513,grp-00513-operates,2026-06-21T07:04:29Z,\N,2026-07-25T05:58:33Z,\N,1,assert
acme:identity_group:grp-01023~e014034b7f66,identity_group,acme,grp-01023,grp-01023-operates,2026-06-11T11:06:04Z,\N,2026-07-25T04:07:33Z,\N,1,assert
acme:identity_group:grp-01146~ba3aacd5621c,identity_group,acme,grp-01146,grp-01146-security,2026-07-22T17:34:51Z,\N,2026-07-25T17:19:35Z,\N,1,assert
acme:identity_group:grp-00552~a16db35ec385,identity_group,acme,grp-00552,grp-00552-operates,2026-07-15T17:54:43Z,\N,2026-07-26T19:33:45Z,\N,1,assert
acme:identity_group:grp-00718~0d9192efac63,identity_group,acme,grp-00718,grp-00718-owns,2026-07-22T20:58:45Z,\N,2026-07-26T14:15:58Z,\N,1,assert
acme:identity_group:grp-00245~f6fc8a56b7ed,identity_group,acme,grp-00245,grp-00245-security,2026-07-05T16:54:19Z,\N,2026-07-28T22:03:12Z,\N,1,assert
acme:identity_group:grp-00355~20fc3324a06f,identity_group,acme,grp-00355,grp-00355-owns,2026-07-11T19:15:11Z,\N,2026-07-28T23:23:21Z,\N,1,assert
acme:identity_group:grp-01129~c4d62e11b266,identity_group,acme,grp-01129,grp-01129-identity,2026-07-02T04:09:56Z,\N,2026-07-29T22:10:11Z,\N,1,assert
acme:identity_group:grp-01155~4a9b2b06c562,identity_group,acme,grp-01155,grp-01155-security,2026-07-03T09:59:32Z,\N,2026-07-29T00:04:17Z,\N,1,assert
acme:identity_group:grp-01078~912ddee27e39,identity_group,acme,grp-01078,grp-01078-identity,2026-07-16T16:38:03Z,\N,2026-07-30T01:19:36Z,\N,1,assert
acme:identity_group:grp-00039~e6d9ad44efe2,identity_group,acme,grp-00039,grp-00039-owns,2026-07-15T05:03:53Z,\N,2026-08-04T11:52:22Z,\N,1,assert
acme:identity_group:grp-00264~99078cf8fa5f,identity_group,acme,grp-00264,grp-00264-owns,2026-07-10T20:07:27Z,\N,2026-08-04T13:14:24Z,\N,1,assert
acme:identity_group:grp-01935~6149487ad0b9,identity_group,acme,grp-01935,grp-01935-operates,2026-07-27T03:58:01Z,\N,2026-08-06T12:49:23Z,\N,1,assert
acme:identity_group:grp-01754~d057b16c87fc,identity_group,acme,grp-01754,grp-01754-owns,2026-07-12T14:20:00Z,\N,2026-08-08T14:13:38Z,\N,1,assert
acme:identity_group:grp-01756~3e97c0e769ac,identity_group,acme,grp-01756,grp-01756-owns,2026-07-22T18:15:02Z,\N,2026-08-08T12:31:26Z,\N,1,assert
acme:identity_group:grp-00439~f4f3cf5d1222,identity_group,acme,grp-00439,grp-00439-owns,2026-07-05T11:59:56Z,\N,2026-08-09T18:37:49Z,\N,1,assert
acme:identity_group:grp-00475~b9e5e3bc616b,identity_group,acme,grp-00475,grp-00475-security,2026-07-03T03:09:25Z,\N,2026-08-09T08:24:50Z,\N,1,assert
acme:identity_group:grp-01437~9d188da6ddf3,identity_group,acme,grp-01437,grp-01437-security,2026-07-26T22:19:05Z,\N,2026-08-09T20:50:07Z,\N,1,assert
acme:identity_group:grp-01585~cbe439e7a92a,identity_group,acme,grp-01585,grp-01585-owns,2026-07-04T06:12:10Z,\N,2026-08-09T04:52:20Z,\N,1,assert
acme:identity_group:grp-01730~867a0fb0ab38,identity_group,acme,grp-01730,grp-01730-identity,2026-07-17T05:58:27Z,\N,2026-08-10T15:17:47Z,\N,1,assert
acme:identity_group:grp-01795~3eeb09e8399e,identity_group,acme,grp-01795,grp-01795-owns,2026-07-30T20:20:42Z,\N,2026-08-11T04:36:58Z,\N,1,assert
acme:identity_group:grp-00306~0d69d112486c,identity_group,acme,grp-00306,grp-00306-identity,2026-08-07T19:33:37Z,\N,2026-08-12T03:18:48Z,\N,1,assert
acme:identity_group:grp-00204~185b67f8c215,identity_group,acme,grp-00204,grp-00204-owns,2026-07-03T03:00:55Z,\N,2026-08-15T22:41:03Z,\N,1,assert
acme:identity_group:grp-00481~195ff1120d18,identity_group,acme,grp-00481,grp-00481-identity,2026-07-03T02:01:15Z,\N,2026-08-15T23:00:34Z,\N,1,assert
acme:identity_group:grp-00495~b47ab5bb106a,identity_group,acme,grp-00495,grp-00495-operates,2026-08-11T12:13:39Z,\N,2026-08-15T13:05:39Z,\N,1,assert
acme:identity_group:grp-00923~06cd5a456c19,identity_group,acme,grp-00923,grp-00923-identity,2026-07-23T07:46:45Z,\N,2026-08-16T18:52:25Z,\N,1,assert
acme:identity_group:grp-00759~cb96dd2fa268,identity_group,acme,grp-00759,grp-00759-operates,2026-08-10T07:45:51Z,\N,2026-08-17T16:06:29Z,\N,1,assert
acme:identity_group:grp-00273~514a3cd1a1ca,identity_group,acme,grp-00273,grp-00273-security,2026-07-14T15:23:12Z,\N,2026-08-18T04:29:31Z,\N,1,assert
acme:identity_group:grp-00760~334b61dc78b2,identity_group,acme,grp-00760,grp-00760-owns,2026-07-29T00:57:40Z,\N,2026-08-18T00:06:22Z,\N,1,assert
acme:identity_group:grp-01544~7c4eb629ec60,identity_group,acme,grp-01544,grp-01544-owns,2026-07-23T06:44:54Z,\N,2026-08-19T10:55:07Z,\N,1,assert
acme:identity_group:grp-01370~611abb334bad,identity_group,acme,grp-01370,grp-01370-operates,2026-08-03T12:11:06Z,\N,2026-08-21T08:36:02Z,\N,1,assert
acme:identity_group:grp-02081~7188ad88cb66,identity_group,acme,grp-02081,grp-02081-identity,2026-08-04T20:43:03Z,\N,2026-08-21T00:14:46Z,\N,1,assert
acme:identity_group:grp-02137~ed56bb6e7de3,identity_group,acme,grp-02137,grp-02137-owns,2026-08-09T18:32:36Z,\N,2026-08-21T07:13:28Z,\N,1,assert
acme:identity_group:grp-00161~c83588a287ed,identity_group,acme,grp-00161,grp-00161-identity,2026-07-21T21:50:01Z,\N,2026-08-22T14:15:11Z,\N,1,assert
acme:identity_group:grp-01487~efe7ef4be9e1,identity_group,acme,grp-01487,grp-01487-security,2026-08-10T18:12:22Z,\N,2026-08-22T11:18:41Z,\N,1,assert
acme:identity_group:grp-00296~3e54bba2167d,identity_group,acme,grp-00296,grp-00296-security,2026-07-26T05:14:56Z,\N,2026-08-24T17:44:57Z,\N,1,assert
acme:identity_group:grp-00188~7f3f128ca6d3,identity_group,acme,grp-00188,grp-00188-security,2026-07-19T03:05:55Z,\N,2026-08-25T10:34:13Z,\N,1,assert
acme:identity_group:grp-01845~fc1a8d2b10da,identity_group,acme,grp-01845,grp-01845-security,2026-08-10T15:58:22Z,\N,2026-08-25T20:05:15Z,\N,1,assert
acme:identity_group:grp-01298~b02c60e4ec12,identity_group,acme,grp-01298,grp-01298-identity,2026-08-01T01:30:27Z,\N,2026-08-27T12:52:59Z,\N,1,assert
acme:identity_group:grp-00202~542007c1ae51,identity_group,acme,grp-00202,grp-00202-owns,2026-07-19T11:53:20Z,\N,2026-08-29T12:29:24Z,\N,1,assert
acme:identity_group:grp-01652~42581a9a91a8,identity_group,acme,grp-01652,grp-01652-identity,2026-08-08T16:52:34Z,\N,2026-08-30T03:43:46Z,\N,1,assert
acme:identity_group:grp-00119~54f06d754029,identity_group,acme,grp-00119,grp-00119-owns,2026-08-11T19:08:45Z,\N,2026-09-01T12:03:41Z,\N,1,assert
acme:identity_group:grp-00490~da78fe45d2dc,identity_group,acme,grp-00490,grp-00490-owns,2026-08-21T05:14:26Z,\N,2026-09-04T11:03:08Z,\N,1,assert
acme:identity_group:grp-01251~de56596f5ee0,identity_group,acme,grp-01251,grp-01251-operates,2026-07-31T00:28:52Z,\N,2026-09-05T00:53:29Z,\N,1,assert
acme:identity_group:grp-02127~daab6d5d0a73,identity_group,acme,grp-02127,grp-02127-operates,2026-08-31T15:11:41Z,\N,2026-09-05T11:31:12Z,\N,1,assert
acme:identity_group:grp-00172~db891edf4e33,identity_group,acme,grp-00172,grp-00172-operates,2026-07-26T21:16:48Z,\N,2026-09-06T13:23:40Z,\N,1,assert
acme:identity_group:grp-01128~50afe40737d4,identity_group,acme,grp-01128,grp-01128-identity,2026-08-04T12:57:18Z,\N,2026-09-06T13:43:14Z,\N,1,assert
acme:identity_group:grp-01339~d9f934f31158,identity_group,acme,grp-01339,grp-01339-security,2026-08-13T23:17:14Z,\N,2026-09-06T06:28:01Z,\N,1,assert
acme:identity_group:grp-01661~20da8013ddea,identity_group,acme,grp-01661,grp-01661-operates,2026-09-01T11:53:02Z,\N,2026-09-07T16:20:45Z,\N,1,assert
acme:identity_group:grp-01985~c2ae5241b323,identity_group,acme,grp-01985,grp-01985-identity,2026-09-01T07:39:47Z,\N,2026-09-08T09:16:48Z,\N,1,assert
acme:identity_group:grp-00198~835c7def8d64,identity_group,acme,grp-00198,grp-00198-security,2026-08-16T12:54:50Z,\N,2026-09-09T00:51:37Z,\N,1,assert
acme:identity_group:grp-00782~4b98d2fb60e5,identity_group,acme,grp-00782,grp-00782-owns,2026-09-09T12:55:01Z,\N,2026-09-10T02:18:58Z,\N,1,assert
acme:identity_group:grp-01445~cb2bb1b8daac,identity_group,acme,grp-01445,grp-01445-owns,2026-08-24T10:37:17Z,\N,2026-09-10T20:50:37Z,\N,1,assert
acme:identity_group:grp-01597~1d65a0fa7ec3,identity_group,acme,grp-01597,grp-01597-security,2026-07-31T14:55:48Z,\N,2026-09-10T11:05:06Z,\N,1,assert
acme:identity_group:grp-01033~05f432b7aa58,identity_group,acme,grp-01033,grp-01033-operates,2026-09-12T15:10:58Z,\N,2026-09-13T00:27:25Z,\N,1,assert
acme:identity_group:grp-01474~0433ea12204f,identity_group,acme,grp-01474,grp-01474-owns,2026-09-12T08:17:30Z,\N,2026-09-13T04:34:59Z,\N,1,assert
acme:identity_group:grp-01425~cb5ad8836176,identity_group,acme,grp-01425,grp-01425-identity,2026-09-12T19:16:49Z,\N,2026-09-14T09:42:00Z,\N,1,assert
acme:identity_group:grp-02120~1993584e4c0e,identity_group,acme,grp-02120,grp-02120-owns,2026-09-07T20:44:36Z,\N,2026-09-14T12:20:31Z,\N,1,assert
acme:identity_group:grp-00065~1d07f5071b08,identity_group,acme,grp-00065,grp-00065-security,2026-09-12T09:52:59Z,\N,2026-09-15T06:12:19Z,\N,1,assert
acme:identity_group:grp-01447~d97fcae6765b,identity_group,acme,grp-01447,grp-01447-identity,2026-09-06T07:33:52Z,\N,2026-09-15T23:05:03Z,\N,1,assert
acme:identity_group:grp-01745~5dcc0630e3ba,identity_group,acme,grp-01745,grp-01745-security,2026-08-07T08:17:16Z,\N,2026-09-15T01:59:07Z,\N,1,assert
acme:identity_group:grp-01862~97d7b1d422c6,identity_group,acme,grp-01862,grp-01862-security,2026-08-28T17:23:24Z,\N,2026-09-15T07:54:02Z,\N,1,assert
acme:identity_group:grp-01679~41187dd64ac5,identity_group,acme,grp-01679,grp-01679-identity,2026-09-04T10:10:44Z,\N,2026-09-16T17:59:06Z,\N,1,assert
acme:identity_group:grp-00106~8d8976258e32,identity_group,acme,grp-00106,grp-00106-security,2026-09-11T06:20:10Z,\N,2026-09-19T11:24:56Z,\N,1,assert
acme:identity_group:grp-00451~ba16b9118ce3,identity_group,acme,grp-00451,grp-00451-identity,2026-08-09T20:22:27Z,\N,2026-09-19T06:42:16Z,\N,1,assert
acme:identity_group:grp-00832~36772890aad3,identity_group,acme,grp-00832,grp-00832-security,2026-08-22T20:38:53Z,\N,2026-09-19T04:54:00Z,\N,1,assert
acme:identity_group:grp-01664~ef1949f2c353,identity_group,acme,grp-01664,grp-01664-owns,2026-09-24T03:01:37Z,\N,2026-09-24T03:01:37Z,\N,1,assert
acme:identity_group:grp-01818~e5f2a61a612b,identity_group,acme,grp-01818,grp-01818-identity,2026-08-30T11:10:31Z,\N,2026-09-24T22:51:54Z,\N,1,assert
acme:identity_group:grp-00019~5cc1e0f9a01a,identity_group,acme,grp-00019,grp-00019-owns,2026-09-25T09:46:40Z,\N,2026-09-25T09:46:40Z,\N,1,assert
acme:identity_group:grp-00398~bb22a76d9e42,identity_group,acme,grp-00398,grp-00398-operates,2026-08-14T04:49:56Z,\N,2026-09-25T16:44:39Z,\N,1,assert
acme:identity_group:grp-00975~0ee2e945fab3,identity_group,acme,grp-00975,grp-00975-operates,2026-09-22T17:22:51Z,\N,2026-09-25T11:26:28Z,\N,1,assert
acme:identity_group:grp-00663~2a175f160822,identity_group,acme,grp-00663,grp-00663-security,2026-08-18T22:02:23Z,\N,2026-09-26T02:58:19Z,\N,1,assert
acme:identity_group:grp-00021~d88779cd462a,identity_group,acme,grp-00021,grp-00021-security,2026-09-19T12:09:27Z,\N,2026-09-27T20:50:47Z,\N,1,assert
acme:identity_group:grp-01901~dab5f291b417,identity_group,acme,grp-01901,grp-01901-security,2026-09-07T02:22:44Z,\N,2026-09-27T15:03:16Z,\N,1,assert
acme:identity_group:grp-01489~6f46fcdc32f6,identity_group,acme,grp-01489,grp-01489-security,2026-09-11T16:15:57Z,\N,2026-09-28T19:02:04Z,\N,1,assert
acme:identity_group:grp-01072~e6308736cfc2,identity_group,acme,grp-01072,grp-01072-owns,2026-08-25T22:29:51Z,\N,2026-09-29T18:35:44Z,\N,1,assert
acme:identity_group:grp-01265~ce75de291214,identity_group,acme,grp-01265,grp-01265-identity,2026-08-23T20:18:26Z,\N,2026-09-29T19:55:23Z,\N,1,assert
acme:identity_group:grp-01381~e819cd736ef8,identity_group,acme,grp-01381,grp-01381-owns,2026-09-20T04:02:03Z,\N,2026-09-29T05:15:09Z,\N,1,assert
acme:identity_group:grp-00074~c85726838f88,identity_group,acme,grp-00074,grp-00074-owns,2026-09-10T21:13:04Z,\N,2026-09-30T21:09:26Z,\N,1,assert
acme:identity_group:grp-01432~6d9ec735e5b5,identity_group,acme,grp-01432,grp-01432-identity,2026-09-07T02:00:28Z,\N,2026-09-30T20:40:27Z,\N,1,assert
acme:identity_group:grp-00564~c2a68ce09e74,identity_group,acme,grp-00564,grp-00564-owns,2026-09-15T13:58:20Z,\N,2026-10-01T00:08:22Z,\N,1,assert
acme:identity_group:grp-02119~510f3bfed1b4,identity_group,acme,grp-02119,grp-02119-identity,2026-09-19T15:35:12Z,\N,2026-10-03T13:17:26Z,\N,1,assert
acme:identity_group:grp-00690~332bcd08b3fb,identity_group,acme,grp-00690,grp-00690-identity,2026-09-30T05:48:45Z,\N,2026-10-05T04:33:02Z,\N,1,assert
acme:identity_group:grp-01036~fea93f447433,identity_group,acme,grp-01036,grp-01036-security,2026-09-02T15:44:19Z,\N,2026-10-06T20:14:15Z,\N,1,assert
acme:identity_group:grp-00408~7e5a15496d70,identity_group,acme,grp-00408,grp-00408-operates,2026-09-30T08:31:22Z,\N,2026-10-08T15:35:06Z,\N,1,assert
acme:identity_group:grp-00865~5c12055d4bdd,identity_group,acme,grp-00865,grp-00865-identity,2026-09-14T18:09:49Z,\N,2026-10-09T20:14:34Z,\N,1,assert
acme:identity_group:grp-01114~65023c15ee5a,identity_group,acme,grp-01114,grp-01114-operates,2026-09-19T19:48:14Z,\N,2026-10-09T10:45:43Z,\N,1,assert
acme:identity_group:grp-01377~5995fb4d4b55,identity_group,acme,grp-01377,grp-01377-identity,2026-09-21T06:13:29Z,\N,2026-10-09T11:33:31Z,\N,1,assert
acme:identity_group:grp-00697~f4f2676d2b77,identity_group,acme,grp-00697,grp-00697-security,2026-09-08T03:39:53Z,\N,2026-10-10T08:28:08Z,\N,1,assert
acme:identity_group:grp-01276~9540404e5e1f,identity_group,acme,grp-01276,grp-01276-security,2026-10-04T10:05:33Z,\N,2026-10-10T11:01:03Z,\N,1,assert
acme:identity_group:grp-00885~551186b6d5cf,identity_group,acme,grp-00885,grp-00885-security,2026-09-03T12:18:27Z,\N,2026-10-11T04:05:19Z,\N,1,assert
acme:identity_group:grp-01017~aadb540e6f76,identity_group,acme,grp-01017,grp-01017-owns,2026-10-07T16:56:04Z,\N,2026-10-11T20:25:44Z,\N,1,assert
acme:identity_group:grp-00668~9d5be370f004,identity_group,acme,grp-00668,grp-00668-operates,2026-09-06T15:06:21Z,\N,2026-10-12T01:03:21Z,\N,1,assert
acme:identity_group:grp-01110~bbe321713a5e,identity_group,acme,grp-01110,grp-01110-owns,2026-09-29T16:51:01Z,\N,2026-10-12T04:44:11Z,\N,1,assert
acme:identity_group:grp-00757~ee54a82f0ab7,identity_group,acme,grp-00757,grp-00757-owns,2026-09-04T07:43:13Z,\N,2026-10-14T03:06:15Z,\N,1,assert
acme:identity_group:grp-00661~62671c576110,identity_group,acme,grp-00661,grp-00661-identity,2026-09-05T03:39:17Z,\N,2026-10-17T03:15:33Z,\N,1,assert
acme:identity_group:grp-00873~e7d78b13701a,identity_group,acme,grp-00873,grp-00873-operates,2026-09-03T16:49:48Z,\N,2026-10-17T01:00:16Z,\N,1,assert
acme:identity_group:grp-01583~8eaa4c713787,identity_group,acme,grp-01583,grp-01583-identity,2026-09-05T13:23:51Z,\N,2026-10-17T03:45:12Z,\N,1,assert
acme:identity_group:grp-02190~27e4815c3541,identity_group,acme,grp-02190,grp-02190-identity,2026-10-03T15:00:55Z,\N,2026-10-17T07:01:09Z,\N,1,assert
acme:identity_group:grp-00606~71f4e6a481db,identity_group,acme,grp-00606,grp-00606-operates,2026-09-26T04:50:22Z,\N,2026-10-18T20:41:33Z,\N,1,assert
acme:identity_group:grp-01333~f75160f0ccaa,identity_group,acme,grp-01333,grp-01333-operates,2026-09-07T14:50:19Z,\N,2026-10-18T05:41:16Z,\N,1,assert
acme:identity_group:grp-00632~cb841e11b0d5,identity_group,acme,grp-00632,grp-00632-operates,2026-09-28T23:57:11Z,\N,2026-10-19T01:49:59Z,\N,1,assert
acme:identity_group:grp-00831~5d2b701025ac,identity_group,acme,grp-00831,grp-00831-owns,2026-10-07T11:22:26Z,\N,2026-10-19T16:55:19Z,\N,1,assert
acme:identity_group:grp-01125~ac0fda65dd25,identity_group,acme,grp-01125,grp-01125-owns,2026-09-18T15:28:07Z,\N,2026-10-19T02:56:40Z,\N,1,assert
acme:identity_group:grp-01329~817f15e728aa,identity_group,acme,grp-01329,grp-01329-owns,2026-10-17T08:16:38Z,\N,2026-10-20T17:51:09Z,\N,1,assert
acme:identity_group:grp-00686~5fff97e1dd49,identity_group,acme,grp-00686,grp-00686-identity,2026-09-22T22:00:24Z,\N,2026-10-21T22:34:20Z,\N,1,assert
acme:identity_group:grp-01675~a05b661033bb,identity_group,acme,grp-01675,grp-01675-operates,2026-10-23T10:50:20Z,\N,2026-10-23T10:50:20Z,\N,1,assert
acme:identity_group:grp-01715~c6f46651a43c,identity_group,acme,grp-01715,grp-01715-operates,2026-09-11T07:19:07Z,\N,2026-10-23T06:05:08Z,\N,1,assert
acme:identity_group:grp-00340~57af4a4ef4b8,identity_group,acme,grp-00340,grp-00340-identity,2026-09-29T14:25:36Z,\N,2026-10-28T11:55:25Z,\N,1,assert
acme:identity_group:grp-01868~47b3b8ec41de,identity_group,acme,grp-01868,grp-01868-security,2026-10-21T13:51:24Z,\N,2026-10-28T17:26:27Z,\N,1,assert
acme:identity_group:grp-02149~2f814d7dee7f,identity_group,acme,grp-02149,grp-02149-security,2026-10-20T11:58:42Z,\N,2026-10-28T18:59:51Z,\N,1,assert
acme:identity_group:grp-00460~a10598bc94e8,identity_group,acme,grp-00460,grp-00460-security,2026-10-29T06:45:52Z,\N,2026-10-31T23:04:41Z,\N,1,assert
acme:identity_group:grp-02169~090c9d7aecf9,identity_group,acme,grp-02169,grp-02169-owns,2026-10-10T10:37:32Z,\N,2026-11-02T01:45:10Z,\N,1,assert
acme:identity_group:grp-01204~aba9362e4960,identity_group,acme,grp-01204,grp-01204-owns,2026-10-15T01:50:43Z,\N,2026-11-03T21:51:15Z,\N,1,assert
acme:identity_group:grp-01786~b08506283714,identity_group,acme,grp-01786,grp-01786-operates,2026-11-03T14:44:28Z,\N,2026-11-03T14:44:28Z,\N,1,assert
acme:identity_group:grp-02042~1d971a5ebbba,identity_group,acme,grp-02042,grp-02042-identity,2026-09-24T12:44:15Z,\N,2026-11-05T09:14:56Z,\N,1,assert
acme:identity_group:grp-00075~f03ba92508b6,identity_group,acme,grp-00075,grp-00075-owns,2026-10-28T12:23:35Z,\N,2026-11-06T01:23:25Z,\N,1,assert
acme:identity_group:grp-01570~b19c96c91bd1,identity_group,acme,grp-01570,grp-01570-identity,2026-11-05T05:55:48Z,\N,2026-11-06T13:49:32Z,\N,1,assert
acme:identity_group:grp-00547~6e04e326cd13,identity_group,acme,grp-00547,grp-00547-security,2026-10-16T16:16:08Z,\N,2026-11-07T02:12:37Z,\N,1,assert
acme:identity_group:grp-00658~c1c314a194c0,identity_group,acme,grp-00658,grp-00658-identity,2026-11-03T16:41:57Z,\N,2026-11-07T18:23:52Z,\N,1,assert
acme:identity_group:grp-01085~75e46f27bfa3,identity_group,acme,grp-01085,grp-01085-owns,2026-11-01T05:36:21Z,\N,2026-11-07T05:20:13Z,\N,1,assert
acme:identity_group:grp-00634~5f6222ceb998,identity_group,acme,grp-00634,grp-00634-identity,2026-10-28T15:42:20Z,\N,2026-11-08T02:30:40Z,\N,1,assert
acme:identity_group:grp-00127~41d58df0be3c,identity_group,acme,grp-00127,grp-00127-operates,2026-11-05T11:24:41Z,\N,2026-11-09T21:03:42Z,\N,1,assert
acme:identity_group:grp-00425~c85d4e7a6671,identity_group,acme,grp-00425,grp-00425-owns,2026-10-07T22:30:01Z,\N,2026-11-09T14:00:57Z,\N,1,assert
acme:identity_group:grp-00648~f623080635bf,identity_group,acme,grp-00648,grp-00648-security,2026-10-26T12:02:06Z,\N,2026-11-09T21:29:14Z,\N,1,assert
acme:identity_group:grp-01126~a8cbe16ac546,identity_group,acme,grp-01126,grp-01126-owns,2026-09-27T06:07:32Z,\N,2026-11-09T10:40:31Z,\N,1,assert
acme:identity_group:grp-02043~8aab95ec3bff,identity_group,acme,grp-02043,grp-02043-identity,2026-09-26T20:22:21Z,\N,2026-11-09T13:21:10Z,\N,1,assert
acme:identity_group:grp-00977~bb97c41fb4dd,identity_group,acme,grp-00977,grp-00977-owns,2026-10-21T10:36:59Z,\N,2026-11-12T07:04:13Z,\N,1,assert
acme:identity_group:grp-01061~4814b0ee71cb,identity_group,acme,grp-01061,grp-01061-owns,2026-10-28T15:02:54Z,\N,2026-11-13T23:06:06Z,\N,1,assert
acme:identity_group:grp-01650~31180ea58b39,identity_group,acme,grp-01650,grp-01650-identity,2026-11-07T16:23:49Z,\N,2026-11-14T16:04:30Z,\N,1,assert
acme:identity_group:grp-01893~05730d1caa5b,identity_group,acme,grp-01893,grp-01893-security,2026-10-07T21:48:01Z,\N,2026-11-14T16:42:56Z,\N,1,assert
acme:identity_group:grp-00348~378e9ad8a8ee,identity_group,acme,grp-00348,grp-00348-security,2026-10-16T16:14:28Z,\N,2026-11-18T17:13:19Z,\N,1,assert
acme:identity_group:grp-01297~555b323f8297,identity_group,acme,grp-01297,grp-01297-security,2026-10-23T09:19:38Z,\N,2026-11-18T17:58:20Z,\N,1,assert
acme:identity_group:grp-00777~d55b91bb7ab2,identity_group,acme,grp-00777,grp-00777-security,2026-10-30T10:19:26Z,\N,2026-11-19T11:23:53Z,\N,1,assert
acme:identity_group:grp-01369~7f898837879a,identity_group,acme,grp-01369,grp-01369-security,2026-11-01T10:10:46Z,\N,2026-11-19T05:05:10Z,\N,1,assert
acme:identity_group:grp-01116~bae7e30d1ffe,identity_group,acme,grp-01116,grp-01116-security,2026-10-29T09:40:09Z,\N,2026-11-20T02:35:32Z,\N,1,assert
acme:identity_group:grp-00969~aa844fe6f92e,identity_group,acme,grp-00969,grp-00969-identity,2026-11-06T16:00:52Z,\N,2026-11-22T14:49:03Z,\N,1,assert
acme:identity_group:grp-01848~9acecaf0867a,identity_group,acme,grp-01848,grp-01848-owns,2026-10-15T02:22:29Z,\N,2026-11-25T21:23:41Z,\N,1,assert
acme:identity_group:grp-01577~9059b33f62db,identity_group,acme,grp-01577,grp-01577-identity,2026-11-20T04:49:21Z,\N,2026-11-26T18:07:06Z,\N,1,assert
acme:identity_group:grp-02012~4cc64a30d041,identity_group,acme,grp-02012,grp-02012-security,2026-11-16T23:49:00Z,\N,2026-11-26T00:22:36Z,\N,1,assert
acme:identity_group:grp-02086~1d4d064bdac1,identity_group,acme,grp-02086,grp-02086-operates,2026-11-09T16:23:54Z,\N,2026-11-26T04:02:04Z,\N,1,assert
acme:identity_group:grp-01550~d356c5c683f6,identity_group,acme,grp-01550,grp-01550-owns,2026-10-26T20:27:42Z,\N,2026-11-28T20:25:06Z,\N,1,assert
acme:identity_group:grp-01359~102922faa21c,identity_group,acme,grp-01359,grp-01359-identity,2026-11-05T20:24:43Z,\N,2026-11-30T05:56:42Z,\N,1,assert
acme:identity_group:grp-01668~aa2e43968fbf,identity_group,acme,grp-01668,grp-01668-identity,2026-11-09T19:38:34Z,\N,2026-12-03T22:16:00Z,\N,1,assert
acme:identity_group:grp-01867~5b6ff4d2059f,identity_group,acme,grp-01867,grp-01867-owns,2026-11-11T07:58:49Z,\N,2026-12-03T15:57:40Z,\N,1,assert
acme:identity_group:grp-00093~3d6540baf737,identity_group,acme,grp-00093,grp-00093-security,2026-11-06T13:36:10Z,\N,2026-12-07T09:34:23Z,\N,1,assert
acme:identity_group:grp-01501~111acdf2df81,identity_group,acme,grp-01501,grp-01501-security,2026-11-11T00:18:56Z,\N,2026-12-08T04:58:47Z,\N,1,assert
acme:identity_group:grp-00590~18833e3e810c,identity_group,acme,grp-00590,grp-00590-security,2026-11-07T16:54:56Z,\N,2026-12-09T02:00:05Z,\N,1,assert
acme:identity_group:grp-00454~b47838b0299a,identity_group,acme,grp-00454,grp-00454-security,2026-11-03T18:34:15Z,\N,2026-12-10T04:47:25Z,\N,1,assert
acme:identity_group:grp-00842~5931fde38032,identity_group,acme,grp-00842,grp-00842-owns,2026-11-05T19:13:04Z,\N,2026-12-10T08:52:58Z,\N,1,assert
acme:identity_group:grp-02166~65df4790c963,identity_group,acme,grp-02166,grp-02166-operates,2026-11-17T00:28:01Z,\N,2026-12-10T22:43:55Z,\N,1,assert
acme:identity_group:grp-01004~eed8af3e0922,identity_group,acme,grp-01004,grp-01004-identity,2026-11-13T13:36:49Z,\N,2026-12-13T17:35:55Z,\N,1,assert
acme:identity_group:grp-01212~3b92eedc7cdd,identity_group,acme,grp-01212,grp-01212-identity,2026-10-31T03:07:25Z,\N,2026-12-13T06:19:02Z,\N,1,assert
acme:identity_group:grp-01330~7de9d30926b4,identity_group,acme,grp-01330,grp-01330-identity,2026-11-09T20:46:47Z,\N,2026-12-15T06:41:07Z,\N,1,assert
acme:identity_group:grp-00087~b968b1d79242,identity_group,acme,grp-00087,grp-00087-identity,2026-12-01T19:47:35Z,\N,2026-12-16T17:29:09Z,\N,1,assert
acme:identity_group:grp-01398~f3998d7c85b0,identity_group,acme,grp-01398,grp-01398-security,2026-11-14T00:03:24Z,\N,2026-12-16T09:12:26Z,\N,1,assert
acme:identity_group:grp-01854~cb473a915905,identity_group,acme,grp-01854,grp-01854-operates,2026-11-15T23:23:37Z,\N,2026-12-16T14:17:03Z,\N,1,assert
acme:identity_group:grp-00220~03051456c8b3,identity_group,acme,grp-00220,grp-00220-owns,2026-12-11T11:36:56Z,\N,2026-12-17T04:34:17Z,\N,1,assert
acme:identity_group:grp-00579~1a8f049e69dc,identity_group,acme,grp-00579,grp-00579-owns,2026-11-24T22:46:27Z,\N,2026-12-17T12:12:34Z,\N,1,assert
acme:identity_group:grp-00821~e5d75f853164,identity_group,acme,grp-00821,grp-00821-operates,2026-11-22T14:01:02Z,\N,2026-12-17T20:16:28Z,\N,1,assert
acme:identity_group:grp-00742~1c08f9beae57,identity_group,acme,grp-00742,grp-00742-identity,2026-11-23T01:18:01Z,\N,2026-12-19T08:23:32Z,\N,1,assert
acme:identity_group:grp-01148~47079c5007e2,identity_group,acme,grp-01148,grp-01148-security,2026-11-19T05:42:04Z,\N,2026-12-19T00:14:10Z,\N,1,assert
acme:identity_group:grp-01873~cbca65a54647,identity_group,acme,grp-01873,grp-01873-security,2026-11-05T07:39:11Z,\N,2026-12-19T18:59:03Z,\N,1,assert
acme:identity_group:grp-02113~6a8088b127c2,identity_group,acme,grp-02113,grp-02113-security,2026-11-22T14:57:42Z,\N,2026-12-19T01:00:08Z,\N,1,assert
acme:identity_group:grp-01324~117928b02378,identity_group,acme,grp-01324,grp-01324-identity,2026-11-24T10:04:20Z,\N,2026-12-20T02:20:21Z,\N,1,assert
acme:identity_group:grp-01059~7635ff67703b,identity_group,acme,grp-01059,grp-01059-security,2026-11-27T01:02:37Z,\N,2026-12-22T13:27:12Z,\N,1,assert
acme:identity_group:grp-00724~c1c862fcc72e,identity_group,acme,grp-00724,grp-00724-identity,2026-11-30T03:58:32Z,\N,2026-12-23T21:01:40Z,\N,1,assert
acme:identity_group:grp-02198~968b9cd6196e,identity_group,acme,grp-02198,grp-02198-identity,2026-11-24T04:22:18Z,\N,2026-12-23T05:10:14Z,\N,1,assert
acme:identity_group:grp-02030~f74f4996957a,identity_group,acme,grp-02030,grp-02030-identity,2026-11-26T03:10:57Z,\N,2026-12-25T08:59:15Z,\N,1,assert
acme:identity_group:grp-00925~d2b64dd2dcb5,identity_group,acme,grp-00925,grp-00925-owns,2026-11-15T07:35:02Z,\N,2026-12-26T06:15:10Z,\N,1,assert
acme:identity_group:grp-01804~f70b022cbfb6,identity_group,acme,grp-01804,grp-01804-owns,2026-12-02T19:47:44Z,\N,2026-12-26T09:32:02Z,\N,1,assert
acme:identity_group:grp-02002~d87cdc3faa6c,identity_group,acme,grp-02002,grp-02002-identity,2026-11-22T02:29:01Z,\N,2026-12-27T00:44:38Z,\N,1,assert
acme:identity_group:grp-01843~f0e6b2d7af15,identity_group,acme,grp-01843,grp-01843-security,2026-11-14T17:28:24Z,\N,2026-12-28T02:55:09Z,\N,1,assert
acme:identity_group:grp-02170~dc3e683aa3a5,identity_group,acme,grp-02170,grp-02170-operates,2026-12-09T21:53:48Z,\N,2026-12-28T14:00:24Z,\N,1,assert
acme:identity_group:grp-00420~ae5d7ee8874e,identity_group,acme,grp-00420,grp-00420-security,2026-12-17T09:04:51Z,\N,2026-12-29T17:42:46Z,\N,1,assert
acme:identity_group:grp-00949~e74fb293e328,identity_group,acme,grp-00949,grp-00949-security,2026-11-19T00:02:15Z,\N,2026-12-29T21:16:14Z,\N,1,assert
acme:identity_group:grp-01588~86a652df73f6,identity_group,acme,grp-01588,grp-01588-identity,2026-12-18T11:54:20Z,\N,2026-12-29T12:25:27Z,\N,1,assert
acme:identity_group:grp-00426~c19a0ab5a5c5,identity_group,acme,grp-00426,grp-00426-owns,2026-12-12T21:20:30Z,\N,2027-01-01T02:41:25Z,\N,1,assert
acme:identity_group:grp-01199~a04c2a7d3770,identity_group,acme,grp-01199,grp-01199-owns,2027-01-01T18:10:32Z,\N,2027-01-01T18:10:32Z,\N,1,assert
acme:identity_group:grp-01300~b2961cfa8b9c,identity_group,acme,grp-01300,grp-01300-identity,2026-11-21T07:56:10Z,\N,2027-01-02T08:44:16Z,\N,1,assert
acme:identity_group:grp-01546~e4b307993c3b,identity_group,acme,grp-01546,grp-01546-identity,2026-12-11T16:14:27Z,\N,2027-01-02T00:04:30Z,\N,1,assert
acme:identity_group:grp-00950~b76abafad148,identity_group,acme,grp-00950,grp-00950-owns,2026-11-25T22:50:04Z,\N,2027-01-04T01:41:25Z,\N,1,assert
acme:identity_group:grp-01335~17c4f6dd30ab,identity_group,acme,grp-01335,grp-01335-owns,2026-11-22T13:12:57Z,\N,2027-01-04T07:52:13Z,\N,1,assert
acme:identity_group:grp-01413~d5ee3c999925,identity_group,acme,grp-01413,grp-01413-owns,2027-01-04T13:02:35Z,\N,2027-01-04T13:02:35Z,\N,1,assert
acme:identity_group:grp-00914~332d53d9c6f7,identity_group,acme,grp-00914,grp-00914-identity,2027-01-01T10:53:45Z,\N,2027-01-06T04:53:28Z,\N,1,assert
acme:identity_group:grp-00601~65c715ccc3ad,identity_group,acme,grp-00601,grp-00601-identity,2026-12-27T01:59:46Z,\N,2027-01-07T09:45:25Z,\N,1,assert
acme:identity_group:grp-00679~e87660b00bf7,identity_group,acme,grp-00679,grp-00679-identity,2026-12-26T23:48:06Z,\N,2027-01-07T20:02:21Z,\N,1,assert
acme:identity_group:grp-01343~3106d1aa618c,identity_group,acme,grp-01343,grp-01343-identity,2027-01-05T07:21:31Z,\N,2027-01-07T06:05:56Z,\N,1,assert
acme:identity_group:grp-00931~2c878d1f6c62,identity_group,acme,grp-00931,grp-00931-owns,2026-12-01T19:28:17Z,\N,2027-01-08T19:02:53Z,\N,1,assert
acme:identity_group:grp-00230~14a6bc28b1bf,identity_group,acme,grp-00230,grp-00230-owns,2026-12-27T05:15:46Z,\N,2027-01-09T12:12:09Z,\N,1,assert
acme:identity_group:grp-01313~b9243b9f7c46,identity_group,acme,grp-01313,grp-01313-security,2027-01-06T21:08:24Z,\N,2027-01-09T11:52:34Z,\N,1,assert
acme:identity_group:grp-01456~2f1c5d5eeb24,identity_group,acme,grp-01456,grp-01456-operates,2027-01-05T01:11:43Z,\N,2027-01-11T02:12:48Z,\N,1,assert
acme:identity_group:grp-00876~a7169b3a75b2,identity_group,acme,grp-00876,grp-00876-owns,2027-01-10T00:44:21Z,\N,2027-01-12T23:55:42Z,\N,1,assert
acme:identity_group:grp-01306~a26ed893a6c0,identity_group,acme,grp-01306,grp-01306-owns,2026-12-11T03:38:32Z,\N,2027-01-12T06:12:59Z,\N,1,assert
acme:identity_group:grp-01527~c9e928488d78,identity_group,acme,grp-01527,grp-01527-identity,2027-01-05T18:59:39Z,\N,2027-01-12T19:47:21Z,\N,1,assert
acme:identity_group:grp-01973~e532830df52b,identity_group,acme,grp-01973,grp-01973-operates,2026-12-08T19:30:56Z,\N,2027-01-12T18:08:23Z,\N,1,assert
acme:identity_group:grp-01957~3ef5cc852c4b,identity_group,acme,grp-01957,grp-01957-operates,2027-01-13T22:34:16Z,\N,2027-01-16T11:56:37Z,\N,1,assert
acme:identity_group:grp-00059~6fd678d26d10,identity_group,acme,grp-00059,grp-00059-owns,2026-12-29T21:24:20Z,\N,2027-01-17T19:24:31Z,\N,1,assert
acme:identity_group:grp-00343~d456af769acb,identity_group,acme,grp-00343,grp-00343-identity,2027-01-02T04:47:07Z,\N,2027-01-18T23:37:47Z,\N,1,assert
acme:identity_group:grp-01998~7973f1885129,identity_group,acme,grp-01998,grp-01998-owns,2026-12-25T08:42:40Z,\N,2027-01-18T17:08:56Z,\N,1,assert
acme:identity_group:grp-01716~fd882afaba0f,identity_group,acme,grp-01716,grp-01716-operates,2027-01-21T22:54:08Z,\N,2027-01-21T22:54:08Z,\N,1,assert
acme:identity_group:grp-01075~940325ca3002,identity_group,acme,grp-01075,grp-01075-owns,2027-01-11T15:41:03Z,\N,2027-01-22T13:04:21Z,\N,1,assert
acme:identity_group:grp-00787~d81f900b224c,identity_group,acme,grp-00787,grp-00787-owns,2026-12-19T17:35:37Z,\N,2027-01-24T03:46:26Z,\N,1,assert
acme:identity_group:grp-00850~e0ed3c3d1a2b,identity_group,acme,grp-00850,grp-00850-owns,2027-01-07T01:37:06Z,\N,2027-01-25T02:07:00Z,\N,1,assert
acme:identity_group:grp-01820~e11e203f35b2,identity_group,acme,grp-01820,grp-01820-security,2027-01-08T13:06:20Z,\N,2027-01-25T04:59:46Z,\N,1,assert
acme:identity_group:grp-00360~224f5a9f2369,identity_group,acme,grp-00360,grp-00360-owns,2027-01-25T00:41:13Z,\N,2027-01-26T23:16:50Z,\N,1,assert
acme:identity_group:grp-01539~f5836695adca,identity_group,acme,grp-01539,grp-01539-operates,2026-12-15T06:31:27Z,\N,2027-01-26T02:52:50Z,\N,1,assert
acme:identity_group:grp-01373~30592cea5f13,identity_group,acme,grp-01373,grp-01373-security,2026-12-20T03:53:02Z,\N,2027-01-27T03:02:27Z,\N,1,assert
acme:identity_group:grp-00323~2bd5039e6f2e,identity_group,acme,grp-00323,grp-00323-identity,2026-12-27T22:58:26Z,\N,2027-01-28T02:32:59Z,\N,1,assert
acme:identity_group:grp-01266~3e119985fd07,identity_group,acme,grp-01266,grp-01266-identity,2026-12-19T03:13:10Z,\N,2027-01-28T14:02:06Z,\N,1,assert
acme:identity_group:grp-02033~041f32f9b196,identity_group,acme,grp-02033,grp-02033-security,2027-01-05T21:25:59Z,\N,2027-01-30T10:33:40Z,\N,1,assert
acme:identity_group:grp-02072~23e9c0702deb,identity_group,acme,grp-02072,grp-02072-identity,2027-01-29T18:02:52Z,\N,2027-01-30T23:58:35Z,\N,1,assert
acme:identity_group:grp-00301~b509100e2a72,identity_group,acme,grp-00301,grp-00301-operates,2027-01-08T16:45:26Z,\N,2027-01-31T18:00:16Z,\N,1,assert
acme:identity_group:grp-01990~2b88cc175377,identity_group,acme,grp-01990,grp-01990-security,2027-01-22T07:44:22Z,\N,2027-01-31T11:05:45Z,\N,1,assert
acme:identity_group:grp-00257~a24d7754d26b,identity_group,acme,grp-00257,grp-00257-owns,2027-02-03T15:50:30Z,\N,2027-02-03T15:50:30Z,\N,1,assert
acme:identity_group:grp-00897~96d305808162,identity_group,acme,grp-00897,grp-00897-identity,2026-12-25T06:49:17Z,\N,2027-02-03T02:08:35Z,\N,1,assert
acme:identity_group:grp-02078~689a8b607f00,identity_group,acme,grp-02078,grp-02078-security,2026-12-30T01:04:42Z,\N,2027-02-03T11:00:59Z,\N,1,assert
acme:identity_group:grp-01366~2b1970d94a0e,identity_group,acme,grp-01366,grp-01366-security,2027-01-15T13:36:05Z,\N,2027-02-04T14:23:21Z,\N,1,assert
acme:identity_group:grp-01568~2453295b1d2c,identity_group,acme,grp-01568,grp-01568-security,2027-01-09T22:40:17Z,\N,2027-02-05T01:46:59Z,\N,1,assert
acme:identity_group:grp-00013~42a1cf22ec84,identity_group,acme,grp-00013,grp-00013-identity,2027-01-07T12:44:10Z,\N,2027-02-06T17:43:27Z,\N,1,assert
acme:identity_group:grp-02007~bcf5ba62b8f5,identity_group,acme,grp-02007,grp-02007-identity,2027-01-30T14:10:40Z,\N,2027-02-06T07:21:49Z,\N,1,assert
acme:identity_group:grp-00256~55a332d78c6d,identity_group,acme,grp-00256,grp-00256-operates,2027-01-01T00:44:15Z,\N,2027-02-07T09:48:53Z,\N,1,assert
acme:identity_group:grp-01765~c8bed58429f0,identity_group,acme,grp-01765,grp-01765-identity,2027-01-28T20:52:35Z,\N,2027-02-07T07:14:08Z,\N,1,assert
acme:identity_group:grp-02165~cfe6bd8d5379,identity_group,acme,grp-02165,grp-02165-identity,2027-01-27T10:59:28Z,\N,2027-02-07T16:45:22Z,\N,1,assert
acme:identity_group:grp-01271~d5942d8461e5,identity_group,acme,grp-01271,grp-01271-identity,2026-12-27T01:31:07Z,\N,2027-02-08T17:57:31Z,\N,1,assert
acme:identity_group:grp-02027~d32078d46fb4,identity_group,acme,grp-02027,grp-02027-operates,2027-02-07T19:11:29Z,\N,2027-02-08T11:09:47Z,\N,1,assert
acme:identity_group:grp-00431~149191cd7005,identity_group,acme,grp-00431,grp-00431-security,2027-01-21T09:03:27Z,\N,2027-02-09T21:47:45Z,\N,1,assert
acme:identity_group:grp-00205~bcb000b47920,identity_group,acme,grp-00205,grp-00205-owns,2027-02-08T14:20:09Z,\N,2027-02-14T17:12:28Z,\N,1,assert
acme:identity_group:grp-00827~1dfdad756d99,identity_group,acme,grp-00827,grp-00827-security,2027-02-16T06:02:16Z,\N,2027-02-18T09:20:24Z,\N,1,assert
acme:identity_group:grp-00473~0e449a9fd46b,identity_group,acme,grp-00473,grp-00473-security,2027-01-06T17:50:11Z,\N,2027-02-19T12:36:44Z,\N,1,assert
acme:identity_group:grp-00726~eda23338e2e9,identity_group,acme,grp-00726,grp-00726-operates,2027-02-06T21:30:14Z,\N,2027-02-19T02:02:04Z,\N,1,assert
acme:identity_group:grp-01907~153833e2f3f6,identity_group,acme,grp-01907,grp-01907-operates,2027-01-30T08:56:11Z,\N,2027-02-19T15:56:09Z,\N,1,assert
acme:identity_group:grp-02193~eac44af95eaf,identity_group,acme,grp-02193,grp-02193-security,2027-01-20T22:28:23Z,\N,2027-02-19T13:50:23Z,\N,1,assert
acme:identity_group:grp-00037~bb7b7e311f02,identity_group,acme,grp-00037,grp-00037-owns,2027-01-27T11:20:29Z,\N,2027-02-20T18:17:12Z,\N,1,assert
acme:identity_group:grp-00308~183884a99217,identity_group,acme,grp-00308,grp-00308-owns,2027-02-21T02:15:16Z,\N,2027-02-21T02:15:16Z,\N,1,assert
acme:identity_group:grp-00692~f2d9f59da52f,identity_group,acme,grp-00692,grp-00692-identity,2027-01-28T15:11:02Z,\N,2027-02-21T01:08:45Z,\N,1,assert
acme:identity_group:grp-00101~5dfbe2894a86,identity_group,acme,grp-00101,grp-00101-owns,2027-02-06T21:31:05Z,\N,2027-02-22T11:34:06Z,\N,1,assert
acme:identity_group:grp-00664~ce131bd27d66,identity_group,acme,grp-00664,grp-00664-owns,2027-02-09T09:48:23Z,\N,2027-02-23T00:49:15Z,\N,1,assert
acme:identity_group:grp-00457~34dcfa5f849a,identity_group,acme,grp-00457,grp-00457-owns,2027-02-02T02:54:16Z,\N,2027-02-24T12:41:27Z,\N,1,assert
acme:identity_group:grp-01207~2450ef0eeb95,identity_group,acme,grp-01207,grp-01207-operates,2027-01-26T09:40:12Z,\N,2027-02-25T20:28:16Z,\N,1,assert
acme:identity_group:grp-02192~011c8d46ae72,identity_group,acme,grp-02192,grp-02192-identity,2027-01-15T05:32:03Z,\N,2027-02-25T09:37:47Z,\N,1,assert
acme:identity_group:grp-02029~21e338f5bfe2,identity_group,acme,grp-02029,grp-02029-owns,2027-02-18T07:14:30Z,\N,2027-02-27T01:25:59Z,\N,1,assert
acme:identity_group:grp-00741~bb5a50e8ad6c,identity_group,acme,grp-00741,grp-00741-identity,2027-02-17T08:54:27Z,\N,2027-02-28T04:27:20Z,\N,1,assert
acme:identity_group:grp-01444~97e361a52a29,identity_group,acme,grp-01444,grp-01444-identity,2027-02-02T05:40:47Z,\N,2027-03-03T22:22:10Z,\N,1,assert
acme:identity_group:grp-00585~94f8c654ac7d,identity_group,acme,grp-00585,grp-00585-operates,2027-02-05T23:38:33Z,\N,2027-03-04T05:44:20Z,\N,1,assert
acme:identity_group:grp-00630~818e9bae6765,identity_group,acme,grp-00630,grp-00630-operates,2027-02-09T21:16:18Z,\N,2027-03-04T10:05:19Z,\N,1,assert
acme:identity_group:grp-00635~4f8a50f74a86,identity_group,acme,grp-00635,grp-00635-owns,2027-01-27T03:53:12Z,\N,2027-03-04T19:28:18Z,\N,1,assert
acme:identity_group:grp-00934~4b819e204d77,identity_group,acme,grp-00934,grp-00934-security,2027-01-28T22:00:29Z,\N,2027-03-04T00:02:20Z,\N,1,assert
acme:identity_group:grp-02185~e480d24dc355,identity_group,acme,grp-02185,grp-02185-operates,2027-03-02T03:24:18Z,\N,2027-03-04T23:26:04Z,\N,1,assert
acme:identity_group:grp-00201~80d794791f35,identity_group,acme,grp-00201,grp-00201-security,2027-01-21T23:04:13Z,\N,2027-03-05T01:07:04Z,\N,1,assert
acme:identity_group:grp-01498~509e11009c9e,identity_group,acme,grp-01498,grp-01498-identity,2027-03-03T13:04:21Z,\N,2027-03-05T11:16:14Z,\N,1,assert
acme:identity_group:grp-02056~def3c74ee5bc,identity_group,acme,grp-02056,grp-02056-operates,2027-02-04T01:56:10Z,\N,2027-03-05T02:41:55Z,\N,1,assert
acme:identity_group:grp-01426~605ef063ba9a,identity_group,acme,grp-01426,grp-01426-operates,2027-02-12T10:34:09Z,\N,2027-03-06T19:33:43Z,\N,1,assert
acme:identity_group:grp-01821~95a050b7a129,identity_group,acme,grp-01821,grp-01821-security,2027-03-03T15:45:56Z,\N,2027-03-08T13:28:47Z,\N,1,assert
acme:identity_group:grp-01924~77bff66969e2,identity_group,acme,grp-01924,grp-01924-identity,2027-02-02T21:52:10Z,\N,2027-03-08T15:52:48Z,\N,1,assert
acme:identity_group:grp-00501~c92a327b76fa,identity_group,acme,grp-00501,grp-00501-security,2027-02-19T10:36:20Z,\N,2027-03-09T05:22:36Z,\N,1,assert
acme:identity_group:grp-01380~aef98502bd3f,identity_group,acme,grp-01380,grp-01380-security,2027-02-03T02:44:58Z,\N,2027-03-09T01:39:31Z,\N,1,assert
acme:identity_group:grp-00312~11c16aa3be30,identity_group,acme,grp-00312,grp-00312-operates,2027-02-15T21:05:21Z,\N,2027-03-10T23:26:44Z,\N,1,assert
acme:identity_group:grp-00645~cfcde4d201ec,identity_group,acme,grp-00645,grp-00645-security,2027-02-03T19:29:17Z,\N,2027-03-10T23:48:45Z,\N,1,assert
acme:identity_group:grp-01354~38cbe4060097,identity_group,acme,grp-01354,grp-01354-security,2027-02-09T17:56:50Z,\N,2027-03-10T21:16:18Z,\N,1,assert
acme:identity_group:grp-01641~b5e4b80f038d,identity_group,acme,grp-01641,grp-01641-operates,2027-02-15T04:10:37Z,\N,2027-03-10T11:19:12Z,\N,1,assert
acme:identity_group:grp-00589~04f1d7fa1a3b,identity_group,acme,grp-00589,grp-00589-operates,2027-02-04T14:39:05Z,\N,2027-03-11T11:09:13Z,\N,1,assert
acme:identity_group:grp-00441~5a5738d13f7e,identity_group,acme,grp-00441,grp-00441-owns,2027-02-03T13:52:01Z,\N,2027-03-12T22:26:53Z,\N,1,assert
acme:identity_group:grp-01193~5a36ca8b1292,identity_group,acme,grp-01193,grp-01193-identity,2027-03-11T03:50:24Z,\N,2027-03-12T02:52:35Z,\N,1,assert
acme:identity_group:grp-01591~02eb91fc75d9,identity_group,acme,grp-01591,grp-01591-owns,2027-03-04T12:17:33Z,\N,2027-03-13T01:27:53Z,\N,1,assert
acme:identity_group:grp-01722~6486a814606c,identity_group,acme,grp-01722,grp-01722-owns,2027-02-15T05:19:27Z,\N,2027-03-15T10:39:44Z,\N,1,assert
acme:identity_group:grp-00170~dcf7c9146884,identity_group,acme,grp-00170,grp-00170-operates,2027-02-26T11:05:10Z,\N,2027-03-18T21:33:43Z,\N,1,assert
acme:identity_group:grp-00794~3aae9881ba50,identity_group,acme,grp-00794,grp-00794-identity,2027-02-20T10:19:33Z,\N,2027-03-18T22:10:13Z,\N,1,assert
acme:identity_group:grp-01249~c617e7a84d13,identity_group,acme,grp-01249,grp-01249-owns,2027-02-23T09:08:17Z,\N,2027-03-18T03:39:30Z,\N,1,assert
acme:identity_group:grp-01764~19eaf03bd629,identity_group,acme,grp-01764,grp-01764-owns,2027-02-08T23:53:43Z,\N,2027-03-18T09:57:46Z,\N,1,assert
acme:identity_group:grp-01937~54c7ec85f385,identity_group,acme,grp-01937,grp-01937-identity,2027-03-08T18:49:19Z,\N,2027-03-19T06:58:07Z,\N,1,assert
acme:identity_group:grp-00010~b1ee1d4c2b2f,identity_group,acme,grp-00010,grp-00010-security,2027-03-01T08:36:30Z,\N,2027-03-20T23:43:42Z,\N,1,assert
acme:identity_group:grp-00725~b60b5d835b5e,identity_group,acme,grp-00725,grp-00725-operates,2027-03-03T08:43:51Z,\N,2027-03-20T07:45:24Z,\N,1,assert
acme:identity_group:grp-01162~96d97ebadc68,identity_group,acme,grp-01162,grp-01162-identity,2027-02-07T05:31:19Z,\N,2027-03-22T00:17:27Z,\N,1,assert
acme:identity_group:grp-00190~d8d553240fad,identity_group,acme,grp-00190,grp-00190-owns,2027-02-16T00:50:48Z,\N,2027-03-24T00:04:38Z,\N,1,assert
acme:identity_group:grp-01681~0aabd3dd4097,identity_group,acme,grp-01681,grp-01681-operates,2027-02-12T01:52:32Z,\N,2027-03-24T18:36:58Z,\N,1,assert
acme:identity_group:grp-01916~06de851f32a7,identity_group,acme,grp-01916,grp-01916-identity,2027-02-12T06:28:12Z,\N,2027-03-24T21:32:32Z,\N,1,assert
acme:identity_group:grp-02010~18e831475b80,identity_group,acme,grp-02010,grp-02010-security,2027-03-10T06:06:49Z,\N,2027-03-24T12:15:35Z,\N,1,assert
acme:identity_group:grp-01144~b72f86e8692b,identity_group,acme,grp-01144,grp-01144-security,2027-02-11T06:04:35Z,\N,2027-03-26T02:21:25Z,\N,1,assert
acme:identity_group:grp-01859~cfc8ebbcd570,identity_group,acme,grp-01859,grp-01859-owns,2027-02-23T20:23:21Z,\N,2027-03-26T13:48:52Z,\N,1,assert
acme:identity_group:grp-00644~ee989a6fef9e,identity_group,acme,grp-00644,grp-00644-security,2027-03-08T21:36:27Z,\N,2027-03-27T05:30:23Z,\N,1,assert
acme:identity_group:grp-01362~f93c9d65de9f,identity_group,acme,grp-01362,grp-01362-security,2027-03-07T05:06:51Z,\N,2027-03-28T19:08:35Z,\N,1,assert
acme:identity_group:grp-02168~894eb3f41701,identity_group,acme,grp-02168,grp-02168-identity,2027-02-19T03:26:34Z,\N,2027-03-28T11:39:53Z,\N,1,assert
acme:identity_group:grp-00740~215cf1d20caf,identity_group,acme,grp-00740,grp-00740-identity,2027-02-24T18:23:40Z,\N,2027-03-29T09:10:52Z,\N,1,assert
acme:identity_group:grp-00670~3b8cfed70665,identity_group,acme,grp-00670,grp-00670-identity,2027-02-16T02:14:57Z,\N,2027-03-30T13:40:44Z,\N,1,assert
acme:identity_group:grp-00902~42ba5b2e8865,identity_group,acme,grp-00902,grp-00902-owns,2027-03-04T12:11:47Z,\N,2027-03-30T14:11:32Z,\N,1,assert
acme:identity_group:grp-01358~374cdc8d09ad,identity_group,acme,grp-01358,grp-01358-security,2027-02-23T15:45:48Z,\N,2027-03-30T21:35:26Z,\N,1,assert
acme:identity_group:grp-00113~248c6d6fa606,identity_group,acme,grp-00113,grp-00113-operates,2027-03-02T11:43:22Z,\N,2027-03-31T02:27:03Z,\N,1,assert
acme:identity_group:grp-00453~b8782cc8a8ee,identity_group,acme,grp-00453,grp-00453-operates,2027-03-08T23:28:26Z,\N,2027-04-06T23:16:20Z,\N,1,assert
acme:identity_group:grp-01342~4f3068408e73,identity_group,acme,grp-01342,grp-01342-operates,2027-03-05T12:59:48Z,\N,2027-04-07T10:32:01Z,\N,1,assert
acme:identity_group:grp-01479~838fe2f4b51f,identity_group,acme,grp-01479,grp-01479-identity,2027-02-22T06:41:55Z,\N,2027-04-07T14:16:40Z,\N,1,assert
acme:identity_group:grp-02124~b2a3f3fdafd6,identity_group,acme,grp-02124,grp-02124-operates,2027-03-02T08:45:58Z,\N,2027-04-14T12:15:10Z,\N,1,assert
acme:identity_group:grp-00659~90b9a54b7b17,identity_group,acme,grp-00659,grp-00659-owns,2027-03-07T08:23:34Z,\N,2027-04-16T07:49:25Z,\N,1,assert
