entity_id,entity_type,organization_id,device_key,device_name,device_kind,lifecycle_stage,lifecycle_stage_status,valid_from,valid_to,system_from,system_to,revision,operation
acme:network_device:dev-00000~f39bb8e3a7f8,network_device,acme,dev-00000,dev-00000.switch,switch,operational,in_use,2021-01-07T17:42:12Z,\N,2021-01-07T17:42:12Z,\N,1,assert
acme:network_device:dev-00001~7d82aa477eb2,network_device,acme,dev-00001,dev-00001.switch,switch,operational,in_use,2021-01-08T00:49:40Z,\N,2021-01-08T00:49:40Z,\N,1,assert
acme:network_device:dev-01081~9fa64cd60af0,network_device,acme,dev-01081,dev-01081.router,router,operational,in_use,2021-01-07T23:39:04Z,\N,2021-01-08T21:44:14Z,\N,1,assert
acme:network_device:dev-00002~c28488c0afd7,network_device,acme,dev-00002,dev-00002.router,router,operational,in_use,2021-01-09T05:28:29Z,\N,2021-01-09T05:28:29Z,\N,1,assert
acme:network_device:dev-00003~2f3458fc8772,network_device,acme,dev-00003,dev-00003.load_balancer,load_balancer,operational,in_use,2021-01-10T10:58:54Z,\N,2021-01-10T10:58:54Z,\N,1,assert
acme:network_device:dev-00004~0ab4b6dd6e8f,network_device,acme,dev-00004,dev-00004.router,router,operational,in_use,2021-01-11T13:34:04Z,\N,2021-01-11T13:34:04Z,\N,1,assert
acme:network_device:dev-00005~372c0d600db8,network_device,acme,dev-00005,dev-00005.switch,switch,operational,in_use,2021-01-12T06:34:58Z,\N,2021-01-12T06:34:58Z,\N,1,assert
acme:network_device:dev-00470~5db8d7c5d80d,network_device,acme,dev-00470,dev-00470.firewall,firewall,operational,in_maintenance,2021-01-07T08:23:23Z,\N,2021-01-13T14:35:13Z,\N,1,assert
acme:network_device:dev-00094~c688b3a3309d,network_device,acme,dev-00094,dev-00094.switch,switch,operational,in_use,2021-01-20T13:26:26Z,\N,2021-01-28T11:11:43Z,\N,1,assert
acme:network_device:dev-01135~39fcafda6e20,network_device,acme,dev-01135,dev-01135.waf,waf,operational,in_use,2021-01-11T02:41:57Z,\N,2021-01-30T18:00:44Z,\N,1,assert
acme:network_device:dev-00991~638baa4b4fbe,network_device,acme,dev-00991,dev-00991.load_balancer,load_balancer,operational,in_maintenance,2021-01-26T23:44:23Z,\N,2021-02-01T16:23:15Z,\N,1,assert
acme:network_device:dev-00970~a69040ae4500,network_device,acme,dev-00970,dev-00970.firewall,firewall,operational,in_use,2021-01-25T10:40:16Z,\N,2021-02-05T09:40:29Z,\N,1,assert
acme:network_device:dev-00039~8e7ab3473047,network_device,acme,dev-00039,dev-00039.firewall,firewall,operational,in_use,2021-01-09T16:16:08Z,\N,2021-02-10T21:13:29Z,\N,1,assert
acme:network_device:dev-00209~da7daad50341,network_device,acme,dev-00209,dev-00209.switch,switch,operational,in_maintenance,2021-01-30T09:32:11Z,\N,2021-02-11T12:21:10Z,\N,1,assert
acme:network_device:dev-00695~5dea8aee7903,network_device,acme,dev-00695,dev-00695.router,router,operational,in_use,2021-01-08T20:17:20Z,\N,2021-02-13T08:18:07Z,\N,1,assert
acme:network_device:dev-00700~13a54294e7e6,network_device,acme,dev-00700,dev-00700.firewall,firewall,operational,in_use,2021-01-11T15:54:17Z,\N,2021-02-14T19:27:52Z,\N,1,assert
acme:network_device:dev-00751~42fc340b53d6,network_device,acme,dev-00751,dev-00751.switch,switch,operational,in_maintenance,2021-01-28T02:46:48Z,\N,2021-02-14T02:14:21Z,\N,1,assert
acme:network_device:dev-00955~61bec8d4b72b,network_device,acme,dev-00955,dev-00955.switch,switch,operational,in_use,2021-02-09T16:03:04Z,\N,2021-02-14T18:01:48Z,\N,1,assert
acme:network_device:dev-01018~db9a2c1a4471,network_device,acme,dev-01018,dev-01018.switch,switch,operational,in_use,2021-02-07T19:04:02Z,\N,2021-02-20T16:08:35Z,\N,1,assert
acme:network_device:dev-00262~9aaf344a944a,network_device,acme,dev-00262,dev-00262.switch,switch,operational,in_maintenance,2021-01-11T21:41:52Z,\N,2021-02-21T12:18:36Z,\N,1,assert
acme:network_device:dev-00257~7f4d04b902ea,network_device,acme,dev-00257,dev-00257.switch,switch,operational,in_use,2021-02-13T03:23:43Z,\N,2021-02-22T22:57:21Z,\N,1,assert
acme:network_device:dev-00393~00ee12fdf85a,network_device,acme,dev-00393,dev-00393.switch,switch,operational,in_use,2021-01-25T14:03:41Z,\N,2021-02-22T20:04:55Z,\N,1,assert
acme:network_device:dev-00485~fdbc3228d691,network_device,acme,dev-00485,dev-00485.waf,waf,operational,in_maintenance,2021-02-03T22:36:44Z,\N,2021-02-22T06:32:18Z,\N,1,assert
acme:network_device:dev-00026~a23ec25a07bf,network_device,acme,dev-00026,dev-00026.router,router,operational,in_use,2021-02-10T02:35:58Z,\N,2021-02-28T04:31:39Z,\N,1,assert
acme:network_device:dev-00086~14360cac09f9,network_device,acme,dev-00086,dev-00086.switch,switch,operational,in_use,2021-01-20T21:05:27Z,\N,2021-02-28T14:14:52Z,\N,1,assert
acme:network_device:dev-00914~90c649813e5c,network_device,acme,dev-00914,dev-00914.switch,switch,operational,in_use,2021-01-16T00:11:13Z,\N,2021-02-28T04:47:06Z,\N,1,assert
acme:network_device:dev-00847~8e068170469c,network_device,acme,dev-00847,dev-00847.switch,switch,operational,in_use,2021-01-29T00:53:28Z,\N,2021-02-28T23:46:09Z,2025-02-18T19:46:00Z,1,assert
acme:network_device:dev-00103~c609a02d4d33,network_device,acme,dev-00103,dev-00103.switch,switch,operational,in_use,2021-02-02T02:35:19Z,\N,2021-03-01T14:37:01Z,2021-09-02T09:42:43Z,1,assert
acme:network_device:dev-00808~5146039dafee,network_device,acme,dev-00808,dev-00808.switch,switch,operational,in_use,2021-02-09T05:26:49Z,\N,2021-03-02T14:32:53Z,\N,1,assert
acme:network_device:dev-00935~b9e7438e5874,network_device,acme,dev-00935,dev-00935.router,router,operational,in_use,2021-03-01T03:40:42Z,\N,2021-03-03T21:27:47Z,\N,1,assert
acme:network_device:dev-00149~86e8ac6396c0,network_device,acme,dev-00149,dev-00149.switch,switch,operational,in_use,2021-02-22T23:32:42Z,\N,2021-03-04T12:14:51Z,\N,1,assert
acme:network_device:dev-00895~e6de5036675a,network_device,acme,dev-00895,dev-00895.switch,switch,operational,in_maintenance,2021-02-25T15:24:42Z,\N,2021-03-09T15:35:27Z,\N,1,assert
acme:network_device:dev-00046~42b91fee0816,network_device,acme,dev-00046,dev-00046.proxy,proxy,operational,in_use,2021-02-11T01:43:17Z,\N,2021-03-11T06:38:12Z,\N,1,assert
acme:network_device:dev-01115~66584da8acba,network_device,acme,dev-01115,dev-01115.switch,switch,operational,in_use,2021-02-22T06:18:02Z,\N,2021-03-13T20:00:12Z,\N,1,assert
acme:network_device:dev-00407~10f3a350a8e9,network_device,acme,dev-00407,dev-00407.waf,waf,operational,in_maintenance,2021-01-31T00:36:46Z,\N,2021-03-15T16:49:55Z,\N,1,assert
acme:network_device:dev-01010~e317a1dd1f73,network_device,acme,dev-01010,dev-01010.router,router,operational,in_use,2021-02-10T05:35:36Z,\N,2021-03-16T19:07:21Z,\N,1,assert
acme:network_device:dev-00274~654732cecaf3,network_device,acme,dev-00274,dev-00274.switch,switch,operational,in_use,2021-02-19T14:53:33Z,2021-12-20T20:48:53Z,2021-03-20T05:20:37Z,\N,1,assert
acme:network_device:dev-00316~fda709cc88bf,network_device,acme,dev-00316,dev-00316.switch,switch,operational,in_use,2021-03-18T02:22:46Z,\N,2021-03-21T17:03:36Z,\N,1,assert
acme:network_device:dev-00213~c1fd5b2ffdbf,network_device,acme,dev-00213,dev-00213.switch,switch,operational,in_use,2021-03-21T12:27:38Z,\N,2021-03-23T14:32:06Z,\N,1,assert
acme:network_device:dev-00565~cb1ba1df8e99,network_device,acme,dev-00565,dev-00565.proxy,proxy,operational,in_use,2021-02-16T19:34:01Z,\N,2021-03-23T13:14:40Z,\N,1,assert
acme:network_device:dev-00768~56f90b0fdc8a,network_device,acme,dev-00768,dev-00768.switch,switch,operational,in_use,2021-03-05T07:31:28Z,\N,2021-03-24T02:15:06Z,\N,1,assert
acme:network_device:dev-00525~ad1f94985b1e,network_device,acme,dev-00525,dev-00525.switch,switch,operational,in_maintenance,2021-03-11T02:34:21Z,\N,2021-03-25T07:58:00Z,\N,1,assert
acme:network_device:dev-00793~4036d0d508fc,network_device,acme,dev-00793,dev-00793.router,router,operational,in_use,2021-03-09T04:05:33Z,\N,2021-03-31T04:48:32Z,\N,1,assert
acme:network_device:dev-00100~1af07faff0b1,network_device,acme,dev-00100,dev-00100.switch,switch,operational,in_use,2021-03-10T17:36:15Z,\N,2021-04-04T01:25:12Z,\N,1,assert
acme:network_device:dev-00329~fe2b1325a974,network_device,acme,dev-00329,dev-00329.router,router,operational,in_use,2021-04-02T01:00:10Z,\N,2021-04-05T04:42:57Z,\N,1,assert
acme:network_device:dev-00493~9f530451bfe1,network_device,acme,dev-00493,dev-00493.waf,waf,operational,in_use,2021-04-01T06:31:14Z,\N,2021-04-06T20:32:50Z,\N,1,assert
acme:network_device:dev-00845~cbb8a60f4c33,network_device,acme,dev-00845,dev-00845.switch,switch,operational,in_use,2021-04-01T02:11:50Z,\N,2021-04-06T17:36:58Z,\N,1,assert
acme:network_device:dev-00432~6f48e938530e,network_device,acme,dev-00432,dev-00432.load_balancer,load_balancer,operational,in_use,2021-04-03T00:55:15Z,\N,2021-04-09T00:45:58Z,\N,1,assert
acme:network_device:dev-01041~d77dee325cb4,network_device,acme,dev-01041,dev-01041.switch,switch,operational,in_use,2021-03-26T06:15:06Z,\N,2021-04-09T09:10:12Z,\N,1,assert
acme:network_device:dev-00280~dde511fb4a61,network_device,acme,dev-00280,dev-00280.firewall,firewall,operational,in_use,2021-03-14T09:21:21Z,\N,2021-04-10T02:47:37Z,\N,1,assert
acme:network_device:dev-00767~2b3bbb5c8e7b,network_device,acme,dev-00767,dev-00767.router,router,operational,in_use,2021-04-05T13:22:11Z,\N,2021-04-13T17:44:08Z,\N,1,assert
acme:network_device:dev-00924~e41117d78256,network_device,acme,dev-00924,dev-00924.switch,switch,operational,in_use,2021-04-08T07:13:59Z,\N,2021-04-13T22:50:47Z,\N,1,assert
acme:network_device:dev-00317~86077e2544df,network_device,acme,dev-00317,dev-00317.proxy,proxy,operational,in_maintenance,2021-03-17T17:16:17Z,\N,2021-04-14T04:38:53Z,\N,1,assert
acme:network_device:dev-00201~6ca5a44eecbd,network_device,acme,dev-00201,dev-00201.load_balancer,load_balancer,operational,in_maintenance,2021-03-09T00:12:00Z,\N,2021-04-15T09:35:10Z,\N,1,assert
acme:network_device:dev-00242~6fc86db45487,network_device,acme,dev-00242,dev-00242.waf,waf,operational,in_maintenance,2021-04-02T17:47:29Z,\N,2021-04-20T13:34:46Z,\N,1,assert
acme:network_device:dev-00769~99a28193cc8e,network_device,acme,dev-00769,dev-00769.router,router,operational,in_use,2021-04-10T13:17:30Z,\N,2021-04-21T05:04:22Z,\N,1,assert
acme:network_device:dev-00014~40b64a646723,network_device,acme,dev-00014,dev-00014.switch,switch,operational,in_use,2021-03-23T07:07:07Z,\N,2021-04-23T12:45:08Z,\N,1,assert
acme:network_device:dev-01134~9984d68e74da,network_device,acme,dev-01134,dev-01134.switch,switch,operational,in_use,2021-03-13T12:36:04Z,\N,2021-04-23T17:48:46Z,\N,1,assert
acme:network_device:dev-00144~2eb18b0fbd05,network_device,acme,dev-00144,dev-00144.router,router,operational,in_maintenance,2021-03-22T19:48:58Z,\N,2021-04-24T14:08:43Z,\N,1,assert
acme:network_device:dev-00475~fb48e924eba1,network_device,acme,dev-00475,dev-00475.firewall,firewall,operational,in_use,2021-04-09T07:05:14Z,\N,2021-04-25T06:48:02Z,\N,1,assert
acme:network_device:dev-00133~286ed34e6bc4,network_device,acme,dev-00133,dev-00133.switch,switch,operational,in_use,2021-04-25T15:34:06Z,\N,2021-04-27T00:31:41Z,\N,1,assert
acme:network_device:dev-00965~b806bf23a8e2,network_device,acme,dev-00965,dev-00965.waf,waf,operational,in_use,2021-04-17T04:18:50Z,\N,2021-04-30T13:48:17Z,\N,1,assert
acme:network_device:dev-00908~8833e77bbfa9,network_device,acme,dev-00908,dev-00908.firewall,firewall,operational,in_use,2021-04-18T22:48:15Z,\N,2021-05-01T17:28:49Z,\N,1,assert
acme:network_device:dev-00110~506d01cd39c9,network_device,acme,dev-00110,dev-00110.switch,switch,operational,in_use,2021-04-28T00:37:45Z,\N,2021-05-03T01:16:14Z,\N,1,assert
acme:network_device:dev-01093~911adcdda187,network_device,acme,dev-01093,dev-01093.proxy,proxy,operational,in_use,2021-04-09T13:07:37Z,\N,2021-05-03T22:15:05Z,\N,1,assert
acme:network_device:dev-00560~720805781968,network_device,acme,dev-00560,dev-00560.switch,switch,operational,in_use,2021-03-23T00:38:39Z,2021-09-29T18:46:12Z,2021-05-04T10:30:30Z,\N,1,assert
acme:network_device:dev-00717~62580290ab3e,network_device,acme,dev-00717,dev-00717.router,router,operational,in_use,2021-04-01T06:52:24Z,\N,2021-05-05T13:28:44Z,\N,1,assert
acme:network_device:dev-00062~f645a9eba285,network_device,acme,dev-00062,dev-00062.switch,switch,operational,in_use,2021-04-10T21:53:18Z,\N,2021-05-06T00:20:08Z,\N,1,assert
acme:network_device:dev-00918~1a7d7d2634da,network_device,acme,dev-00918,dev-00918.proxy,proxy,operational,in_use,2021-03-28T01:26:47Z,\N,2021-05-08T17:20:50Z,\N,1,assert
acme:network_device:dev-00282~585571f0bafa,network_device,acme,dev-00282,dev-00282.load_balancer,load_balancer,operational,in_use,2021-03-30T17:16:08Z,\N,2021-05-10T20:40:35Z,\N,1,assert
acme:network_device:dev-00293~3ec6065efd25,network_device,acme,dev-00293,dev-00293.proxy,proxy,operational,in_use,2021-05-01T10:10:05Z,\N,2021-05-12T19:24:03Z,\N,1,assert
acme:network_device:dev-00379~0919c66cf337,network_device,acme,dev-00379,dev-00379.load_balancer,load_balancer,operational,in_use,2021-04-29T08:48:59Z,\N,2021-05-12T09:05:55Z,\N,1,assert
acme:network_device:dev-00394~0f58553b5139,network_device,acme,dev-00394,dev-00394.switch,switch,operational,in_use,2021-04-20T19:06:00Z,\N,2021-05-13T20:56:25Z,\N,1,assert
acme:network_device:dev-00770~7e038f76e5a4,network_device,acme,dev-00770,dev-00770.switch,switch,operational,in_use,2021-05-13T02:11:10Z,\N,2021-05-15T05:55:17Z,\N,1,assert
acme:network_device:dev-00928~ccd3c00f04e8,network_device,acme,dev-00928,dev-00928.router,router,operational,in_maintenance,2021-05-07T16:55:09Z,\N,2021-05-17T20:42:41Z,\N,1,assert
acme:network_device:dev-00593~c8b01d5632a8,network_device,acme,dev-00593,dev-00593.load_balancer,load_balancer,operational,in_maintenance,2021-04-20T13:51:57Z,\N,2021-05-19T20:47:45Z,\N,1,assert
acme:network_device:dev-00611~3e8ddd0a6eed,network_device,acme,dev-00611,dev-00611.load_balancer,load_balancer,operational,in_maintenance,2021-04-21T07:52:51Z,\N,2021-05-20T07:08:58Z,\N,1,assert
acme:network_device:dev-00429~ff8583ddb1e0,network_device,acme,dev-00429,dev-00429.proxy,proxy,operational,in_use,2021-04-27T17:30:07Z,\N,2021-05-23T10:04:19Z,\N,1,assert
acme:network_device:dev-00787~27a7ff7bf0c2,network_device,acme,dev-00787,dev-00787.load_balancer,load_balancer,operational,in_maintenance,2021-05-15T19:23:33Z,\N,2021-05-23T05:05:24Z,\N,1,assert
acme:network_device:dev-00038~8082669f7f68,network_device,acme,dev-00038,dev-00038.switch,switch,operational,in_use,2021-05-08T11:50:46Z,\N,2021-05-27T17:24:35Z,\N,1,assert
acme:network_device:dev-00192~2c6956ac8e3d,network_device,acme,dev-00192,dev-00192.switch,switch,operational,in_use,2021-05-26T00:01:15Z,\N,2021-05-29T11:04:26Z,\N,1,assert
acme:network_device:dev-00196~6ff18fd1ab96,network_device,acme,dev-00196,dev-00196.switch,switch,operational,in_use,2021-05-12T05:59:16Z,\N,2021-05-30T18:20:04Z,\N,1,assert
acme:network_device:dev-00838~ea42d6b8330c,network_device,acme,dev-00838,dev-00838.router,router,operational,in_use,2021-04-26T02:24:42Z,\N,2021-06-02T23:58:34Z,\N,1,assert
acme:network_device:dev-00294~d590cc6d4536,network_device,acme,dev-00294,dev-00294.load_balancer,load_balancer,operational,in_use,2021-05-29T06:04:05Z,\N,2021-06-03T06:08:50Z,\N,1,assert
acme:network_device:dev-00344~9f415ee5e1ff,network_device,acme,dev-00344,dev-00344.switch,switch,operational,in_use,2021-05-23T15:04:39Z,\N,2021-06-05T13:19:30Z,\N,1,assert
acme:network_device:dev-00480~6032e25d8c2c,network_device,acme,dev-00480,dev-00480.load_balancer,load_balancer,operational,in_use,2021-05-10T10:05:27Z,\N,2021-06-05T08:18:10Z,\N,1,assert
acme:network_device:dev-01157~9822d8b5b6ff,network_device,acme,dev-01157,dev-01157.firewall,firewall,operational,in_maintenance,2021-04-28T12:34:36Z,\N,2021-06-05T09:37:01Z,\N,1,assert
acme:network_device:dev-00882~b0b4d13fbaee,network_device,acme,dev-00882,dev-00882.switch,switch,operational,in_use,2021-05-01T13:49:24Z,\N,2021-06-06T16:09:48Z,\N,1,assert
acme:network_device:dev-00079~848d91b6100a,network_device,acme,dev-00079,dev-00079.switch,switch,operational,in_use,2021-05-08T04:12:58Z,\N,2021-06-07T23:11:06Z,\N,1,assert
acme:network_device:dev-00727~9024483859a5,network_device,acme,dev-00727,dev-00727.proxy,proxy,operational,in_use,2021-05-17T18:42:38Z,\N,2021-06-11T22:19:07Z,\N,1,assert
acme:network_device:dev-01004~6a5b9ea0f209,network_device,acme,dev-01004,dev-01004.waf,waf,operational,in_use,2021-06-05T16:11:29Z,\N,2021-06-11T17:36:23Z,\N,1,assert
acme:network_device:dev-00025~198d35317d9a,network_device,acme,dev-00025,dev-00025.switch,switch,operational,in_use,2021-05-11T18:36:00Z,\N,2021-06-13T02:57:58Z,\N,1,assert
acme:network_device:dev-01110~6d43322f4841,network_device,acme,dev-01110,dev-01110.switch,switch,operational,in_use,2021-05-31T04:11:57Z,\N,2021-06-13T01:30:53Z,\N,1,assert
acme:network_device:dev-00338~9d0822064302,network_device,acme,dev-00338,dev-00338.waf,waf,operational,in_use,2021-05-30T23:34:16Z,\N,2021-06-23T10:02:07Z,\N,1,assert
acme:network_device:dev-00352~762befc274f7,network_device,acme,dev-00352,dev-00352.waf,waf,operational,in_maintenance,2021-06-04T08:27:46Z,\N,2021-06-25T16:33:47Z,\N,1,assert
acme:network_device:dev-01146~8a72bfbda24a,network_device,acme,dev-01146,dev-01146.switch,switch,operational,in_use,2021-06-04T11:42:50Z,\N,2021-06-25T01:12:38Z,\N,1,assert
acme:network_device:dev-00422~f82e6e3e6f92,network_device,acme,dev-00422,dev-00422.load_balancer,load_balancer,operational,in_use,2021-05-26T10:38:48Z,\N,2021-06-26T23:34:48Z,\N,1,assert
acme:network_device:dev-00059~99e4449a401f,network_device,acme,dev-00059,dev-00059.router,router,operational,in_use,2021-06-15T12:51:56Z,\N,2021-06-27T04:54:00Z,\N,1,assert
acme:network_device:dev-00904~27573f3cb9d1,network_device,acme,dev-00904,dev-00904.switch,switch,operational,in_use,2021-05-18T22:31:31Z,\N,2021-06-27T08:44:52Z,\N,1,assert
acme:network_device:dev-00363~b736eee28dd1,network_device,acme,dev-00363,dev-00363.switch,switch,operational,in_maintenance,2021-05-24T13:56:08Z,\N,2021-06-28T00:06:09Z,\N,1,assert
acme:network_device:dev-00719~93eaa29ba1a8,network_device,acme,dev-00719,dev-00719.switch,switch,operational,in_maintenance,2021-06-04T03:14:07Z,\N,2021-06-29T01:31:40Z,\N,1,assert
acme:network_device:dev-00069~077249b6bf56,network_device,acme,dev-00069,dev-00069.switch,switch,operational,in_use,2021-06-04T13:14:29Z,\N,2021-06-30T04:01:46Z,\N,1,assert
acme:network_device:dev-00255~569ff3dfee60,network_device,acme,dev-00255,dev-00255.switch,switch,operational,in_use,2021-06-25T09:07:35Z,\N,2021-06-30T21:54:12Z,\N,1,assert
acme:network_device:dev-01119~c8ca716873c5,network_device,acme,dev-01119,dev-01119.switch,switch,operational,in_use,2021-06-19T13:48:07Z,\N,2021-07-01T01:02:10Z,\N,1,assert
acme:network_device:dev-00138~23a73e88fd65,network_device,acme,dev-00138,dev-00138.switch,switch,operational,in_maintenance,2021-06-03T12:48:18Z,\N,2021-07-02T05:59:58Z,\N,1,assert
acme:network_device:dev-00490~34b50da22d7e,network_device,acme,dev-00490,dev-00490.firewall,firewall,operational,in_maintenance,2021-05-30T11:54:12Z,\N,2021-07-04T13:59:11Z,\N,1,assert
acme:network_device:dev-00830~4341dbeba1e7,network_device,acme,dev-00830,dev-00830.firewall,firewall,operational,in_use,2021-06-12T16:40:54Z,\N,2021-07-05T14:30:05Z,\N,1,assert
acme:network_device:dev-00606~f42c175dca66,network_device,acme,dev-00606,dev-00606.switch,switch,operational,in_maintenance,2021-06-26T07:23:24Z,\N,2021-07-11T05:54:29Z,\N,1,assert
acme:network_device:dev-00041~99965447cba2,network_device,acme,dev-00041,dev-00041.router,router,operational,in_use,2021-06-22T11:28:52Z,2021-09-01T19:08:09Z,2021-07-12T23:03:26Z,\N,1,assert
acme:network_device:dev-00165~9a3c03cfd77a,network_device,acme,dev-00165,dev-00165.switch,switch,operational,in_use,2021-06-20T05:31:58Z,\N,2021-07-16T01:21:04Z,\N,1,assert
acme:network_device:dev-00362~951e4555aee9,network_device,acme,dev-00362,dev-00362.switch,switch,operational,in_use,2021-06-21T21:00:32Z,\N,2021-07-16T19:55:15Z,\N,1,assert
acme:network_device:dev-00176~9d0741000e5e,network_device,acme,dev-00176,dev-00176.switch,switch,operational,in_use,2021-06-17T05:38:04Z,\N,2021-07-19T03:38:22Z,\N,1,assert
acme:network_device:dev-00836~e9363ffc1bf1,network_device,acme,dev-00836,dev-00836.firewall,firewall,operational,in_use,2021-06-14T12:52:57Z,\N,2021-07-24T10:22:53Z,\N,1,assert
acme:network_device:dev-00453~32d4cc3885a8,network_device,acme,dev-00453,dev-00453.firewall,firewall,operational,in_use,2021-07-01T00:16:32Z,\N,2021-07-26T20:54:27Z,\N,1,assert
acme:network_device:dev-01125~e8f113a7962b,network_device,acme,dev-01125,dev-01125.load_balancer,load_balancer,operational,in_use,2021-07-03T23:48:21Z,\N,2021-07-26T05:16:05Z,\N,1,assert
acme:network_device:dev-01166~db76e7f8d7e0,network_device,acme,dev-01166,dev-01166.proxy,proxy,operational,in_use,2021-07-09T22:09:18Z,\N,2021-07-29T07:24:05Z,\N,1,assert
acme:network_device:dev-00538~50e8dfa10a5b,network_device,acme,dev-00538,dev-00538.load_balancer,load_balancer,operational,in_maintenance,2021-07-28T05:50:13Z,\N,2021-08-03T15:05:40Z,\N,1,assert
acme:network_device:dev-00382~ad796452c595,network_device,acme,dev-00382,dev-00382.waf,waf,operational,in_use,2021-07-17T20:54:11Z,\N,2021-08-13T23:22:10Z,\N,1,assert
acme:network_device:dev-00597~cb7e2858ceb1,network_device,acme,dev-00597,dev-00597.load_balancer,load_balancer,operational,in_use,2021-07-02T16:54:16Z,\N,2021-08-14T04:11:31Z,\N,1,assert
acme:network_device:dev-01011~b7cac3911f7c,network_device,acme,dev-01011,dev-01011.firewall,firewall,operational,in_maintenance,2021-07-22T17:45:19Z,\N,2021-08-21T07:03:21Z,\N,1,assert
acme:network_device:dev-01129~53de7bf412e2,network_device,acme,dev-01129,dev-01129.waf,waf,operational,in_use,2021-07-28T11:43:32Z,\N,2021-08-21T05:01:26Z,\N,1,assert
acme:network_device:dev-00533~93f8be4cd094,network_device,acme,dev-00533,dev-00533.router,router,operational,in_maintenance,2021-07-31T18:14:17Z,\N,2021-08-27T16:01:31Z,\N,1,assert
acme:network_device:dev-00949~7933203fa09a,network_device,acme,dev-00949,dev-00949.proxy,proxy,operational,in_use,2021-08-07T02:15:31Z,\N,2021-08-27T12:37:44Z,\N,1,assert
acme:network_device:dev-00067~dca4dffbdabf,network_device,acme,dev-00067,dev-00067.switch,switch,operational,in_maintenance,2021-07-19T05:30:44Z,\N,2021-08-28T11:29:14Z,\N,1,assert
acme:network_device:dev-00684~4194dc95c81b,network_device,acme,dev-00684,dev-00684.load_balancer,load_balancer,operational,in_use,2021-08-09T01:42:29Z,\N,2021-08-28T00:03:07Z,\N,1,assert
acme:network_device:dev-00012~53086e68d6b7,network_device,acme,dev-00012,dev-00012.switch,switch,operational,in_use,2021-08-24T17:39:42Z,\N,2021-08-30T18:18:53Z,\N,1,assert
acme:network_device:dev-00746~15ea7356d50f,network_device,acme,dev-00746,dev-00746.router,router,operational,in_maintenance,2021-08-06T18:35:10Z,\N,2021-09-02T05:28:08Z,\N,1,assert
acme:network_device:dev-00103~c609a02d4d33,network_device,acme,dev-00103,dev-00103.switch,switch,operational,in_maintenance,2021-02-02T02:35:19Z,\N,2021-09-02T09:42:43Z,\N,2,assert
acme:network_device:dev-01039~dac558954df5,network_device,acme,dev-01039,dev-01039.load_balancer,load_balancer,operational,in_maintenance,2021-09-09T18:44:01Z,\N,2021-09-10T16:01:36Z,\N,1,assert
acme:network_device:dev-00494~25b3256d92cf,network_device,acme,dev-00494,dev-00494.switch,switch,operational,in_maintenance,2021-08-29T23:21:35Z,\N,2021-09-11T09:31:56Z,\N,1,assert
acme:network_device:dev-00962~23c3d7b82d89,network_device,acme,dev-00962,dev-00962.switch,switch,operational,in_use,2021-09-04T11:37:24Z,\N,2021-09-16T14:30:47Z,\N,1,assert
acme:network_device:dev-00126~9812b524e006,network_device,acme,dev-00126,dev-00126.switch,switch,operational,in_use,2021-08-20T08:11:09Z,2022-01-23T01:10:37Z,2021-09-19T06:33:39Z,\N,1,assert
acme:network_device:dev-00885~e1e991a775c1,network_device,acme,dev-00885,dev-00885.waf,waf,operational,in_use,2021-09-10T20:20:17Z,\N,2021-09-19T13:08:23Z,\N,1,assert
acme:network_device:dev-00543~3d3c9a2dc46c,network_device,acme,dev-00543,dev-00543.firewall,firewall,operational,in_use,2021-08-20T21:59:03Z,\N,2021-09-20T21:10:46Z,\N,1,assert
acme:network_device:dev-00689~949256ad2f77,network_device,acme,dev-00689,dev-00689.router,router,operational,in_use,2021-08-09T13:53:14Z,\N,2021-09-20T11:28:30Z,\N,1,assert
acme:network_device:dev-01091~7a40a640153c,network_device,acme,dev-01091,dev-01091.firewall,firewall,operational,in_use,2021-09-09T02:11:59Z,\N,2021-09-23T16:59:03Z,\N,1,assert
acme:network_device:dev-01171~e9a270a782d2,network_device,acme,dev-01171,dev-01171.firewall,firewall,operational,in_use,2021-08-30T19:09:46Z,\N,2021-09-23T06:42:38Z,\N,1,assert
acme:network_device:dev-00487~ea9cad9afa75,network_device,acme,dev-00487,dev-00487.firewall,firewall,operational,in_maintenance,2021-08-31T13:16:14Z,\N,2021-09-27T07:04:54Z,\N,1,assert
acme:network_device:dev-00865~e5400b9a5f51,network_device,acme,dev-00865,dev-00865.switch,switch,operational,in_use,2021-09-19T13:05:32Z,\N,2021-09-29T12:33:54Z,\N,1,assert
acme:network_device:dev-00421~c7733c24ab06,network_device,acme,dev-00421,dev-00421.load_balancer,load_balancer,operational,in_maintenance,2021-09-30T18:29:04Z,\N,2021-10-03T22:48:20Z,\N,1,assert
acme:network_device:dev-00550~9777f7684b7c,network_device,acme,dev-00550,dev-00550.router,router,operational,in_use,2021-09-04T20:59:04Z,\N,2021-10-04T17:44:22Z,\N,1,assert
acme:network_device:dev-00888~c50788d7f634,network_device,acme,dev-00888,dev-00888.switch,switch,operational,in_use,2021-08-26T06:23:13Z,\N,2021-10-05T11:16:35Z,\N,1,assert
acme:network_device:dev-00875~4cb13f9de179,network_device,acme,dev-00875,dev-00875.router,router,operational,in_use,2021-08-31T12:34:36Z,2021-12-14T12:17:04Z,2021-10-05T13:37:54Z,\N,1,assert
acme:network_device:dev-01027~37ef2c1c0632,network_device,acme,dev-01027,dev-01027.switch,switch,operational,in_maintenance,2021-09-27T15:50:44Z,\N,2021-10-07T19:59:29Z,\N,1,assert
acme:network_device:dev-01148~195272c74c57,network_device,acme,dev-01148,dev-01148.router,router,operational,in_maintenance,2021-09-24T16:03:06Z,\N,2021-10-07T05:33:21Z,\N,1,assert
acme:network_device:dev-00031~ddef0929c065,network_device,acme,dev-00031,dev-00031.load_balancer,load_balancer,operational,in_maintenance,2021-09-16T14:34:47Z,\N,2021-10-09T12:39:29Z,\N,1,assert
acme:network_device:dev-00104~8c6f8d84b91e,network_device,acme,dev-00104,dev-00104.proxy,proxy,operational,in_use,2021-09-21T00:37:41Z,\N,2021-10-12T13:35:39Z,\N,1,assert
acme:network_device:dev-00418~7720317ebdb1,network_device,acme,dev-00418,dev-00418.switch,switch,operational,in_use,2021-09-02T06:18:22Z,\N,2021-10-13T21:23:44Z,\N,1,assert
acme:network_device:dev-00832~e4add44b1a71,network_device,acme,dev-00832,dev-00832.waf,waf,operational,in_use,2021-10-09T08:25:51Z,\N,2021-10-14T13:16:14Z,\N,1,assert
acme:network_device:dev-00891~54ee7e3f8686,network_device,acme,dev-00891,dev-00891.firewall,firewall,operational,in_use,2021-09-29T13:05:24Z,\N,2021-10-14T19:36:36Z,\N,1,assert
acme:network_device:dev-00247~78ad40129a60,network_device,acme,dev-00247,dev-00247.switch,switch,operational,in_maintenance,2021-10-06T16:32:00Z,\N,2021-10-15T06:23:10Z,\N,1,assert
acme:network_device:dev-00406~c755ff606b4f,network_device,acme,dev-00406,dev-00406.switch,switch,operational,in_use,2021-09-28T02:01:39Z,\N,2021-10-16T02:56:02Z,\N,1,assert
acme:network_device:dev-00632~be3faca564fa,network_device,acme,dev-00632,dev-00632.switch,switch,operational,in_use,2021-09-24T09:56:12Z,\N,2021-10-17T19:57:29Z,\N,1,assert
acme:network_device:dev-00995~d43c8371e88b,network_device,acme,dev-00995,dev-00995.load_balancer,load_balancer,operational,in_use,2021-10-16T04:12:46Z,\N,2021-10-18T08:30:10Z,\N,1,assert
acme:network_device:dev-00465~0bf67939bcbf,network_device,acme,dev-00465,dev-00465.waf,waf,operational,in_use,2021-10-05T08:54:23Z,\N,2021-10-19T08:42:08Z,\N,1,assert
acme:network_device:dev-00664~c6743c45b946,network_device,acme,dev-00664,dev-00664.switch,switch,operational,in_use,2021-10-19T18:41:35Z,\N,2021-10-19T18:41:35Z,\N,1,assert
acme:network_device:dev-00236~77ccb87eea45,network_device,acme,dev-00236,dev-00236.switch,switch,operational,in_use,2021-09-11T22:47:24Z,\N,2021-10-21T20:31:59Z,\N,1,assert
acme:network_device:dev-00595~8edf77f65e52,network_device,acme,dev-00595,dev-00595.switch,switch,operational,in_use,2021-10-24T17:34:56Z,\N,2021-10-26T06:23:50Z,\N,1,assert
acme:network_device:dev-00691~262624652eb3,network_device,acme,dev-00691,dev-00691.switch,switch,operational,in_use,2021-10-17T14:02:48Z,\N,2021-10-26T04:15:52Z,\N,1,assert
acme:network_device:dev-00426~124db6adf5bb,network_device,acme,dev-00426,dev-00426.switch,switch,operational,in_use,2021-09-27T00:16:12Z,\N,2021-10-27T15:37:18Z,\N,1,assert
acme:network_device:dev-00779~a52cfe9635f6,network_device,acme,dev-00779,dev-00779.switch,switch,operational,in_use,2021-10-04T09:23:42Z,\N,2021-11-01T12:00:49Z,\N,1,assert
acme:network_device:dev-01034~ee5367cde945,network_device,acme,dev-01034,dev-01034.switch,switch,operational,in_maintenance,2021-10-19T18:39:32Z,\N,2021-11-03T05:55:39Z,\N,1,assert
acme:network_device:dev-00923~8418d51032a2,network_device,acme,dev-00923,dev-00923.load_balancer,load_balancer,operational,in_use,2021-10-05T00:59:20Z,\N,2021-11-07T18:04:00Z,\N,1,assert
acme:network_device:dev-00477~52b1f9f4196e,network_device,acme,dev-00477,dev-00477.router,router,operational,in_use,2021-09-30T05:01:51Z,\N,2021-11-08T23:58:27Z,\N,1,assert
acme:network_device:dev-00729~0dc670c1acf4,network_device,acme,dev-00729,dev-00729.switch,switch,operational,in_use,2021-10-16T18:28:19Z,\N,2021-11-08T11:54:31Z,\N,1,assert
acme:network_device:dev-00757~8ee0fbd2725d,network_device,acme,dev-00757,dev-00757.switch,switch,operational,in_use,2021-10-01T01:37:40Z,\N,2021-11-08T20:21:35Z,\N,1,assert
acme:network_device:dev-00145~6536f54b6533,network_device,acme,dev-00145,dev-00145.switch,switch,operational,in_use,2021-11-05T16:47:20Z,\N,2021-11-09T21:11:43Z,\N,1,assert
acme:network_device:dev-00940~626b274bb566,network_device,acme,dev-00940,dev-00940.firewall,firewall,operational,in_maintenance,2021-09-28T08:04:27Z,\N,2021-11-10T08:59:12Z,\N,1,assert
acme:network_device:dev-00066~53e22fb0660f,network_device,acme,dev-00066,dev-00066.switch,switch,operational,in_use,2021-10-27T06:21:26Z,2022-01-31T20:17:06Z,2021-11-11T07:51:36Z,\N,1,assert
acme:network_device:dev-01147~7d4d9929f1e2,network_device,acme,dev-01147,dev-01147.router,router,operational,in_use,2021-10-22T14:38:19Z,\N,2021-11-15T01:57:32Z,\N,1,assert
acme:network_device:dev-00519~32e64a17b72e,network_device,acme,dev-00519,dev-00519.proxy,proxy,operational,in_use,2021-10-12T07:53:32Z,\N,2021-11-19T02:18:13Z,\N,1,assert
acme:network_device:dev-00722~11b095909869,network_device,acme,dev-00722,dev-00722.switch,switch,operational,in_use,2021-10-23T07:55:26Z,\N,2021-11-19T05:51:32Z,\N,1,assert
acme:network_device:dev-01037~ac381b710f35,network_device,acme,dev-01037,dev-01037.router,router,operational,in_use,2021-10-22T06:13:39Z,\N,2021-11-23T09:02:12Z,\N,1,assert
acme:network_device:dev-01117~f341011cd899,network_device,acme,dev-01117,dev-01117.firewall,firewall,operational,in_use,2021-11-18T10:36:48Z,\N,2021-11-27T04:25:36Z,\N,1,assert
acme:network_device:dev-00109~207a62b24e9c,network_device,acme,dev-00109,dev-00109.proxy,proxy,operational,in_use,2021-11-11T08:05:04Z,\N,2021-12-02T15:07:54Z,\N,1,assert
acme:network_device:dev-00892~f53e6fc1ab6f,network_device,acme,dev-00892,dev-00892.switch,switch,operational,in_use,2021-10-31T21:51:56Z,\N,2021-12-03T02:22:15Z,\N,1,assert
acme:network_device:dev-00214~0c8376d54caa,network_device,acme,dev-00214,dev-00214.firewall,firewall,operational,in_use,2021-11-19T11:24:04Z,\N,2021-12-05T19:11:08Z,\N,1,assert
acme:network_device:dev-00535~1233fda3b948,network_device,acme,dev-00535,dev-00535.switch,switch,operational,in_use,2021-10-28T05:13:16Z,\N,2021-12-10T17:50:47Z,\N,1,assert
acme:network_device:dev-00337~d7a8c1adad9d,network_device,acme,dev-00337,dev-00337.proxy,proxy,operational,in_use,2021-11-02T23:09:16Z,\N,2021-12-11T11:27:10Z,\N,1,assert
acme:network_device:dev-00575~f7813b14fce2,network_device,acme,dev-00575,dev-00575.firewall,firewall,operational,in_use,2021-12-06T13:51:01Z,\N,2021-12-11T12:32:53Z,\N,1,assert
acme:network_device:dev-00129~6c9a3876c4c0,network_device,acme,dev-00129,dev-00129.proxy,proxy,operational,in_use,2021-11-10T21:05:08Z,\N,2021-12-14T22:31:26Z,\N,1,assert
acme:network_device:dev-00140~2259d3423235,network_device,acme,dev-00140,dev-00140.switch,switch,operational,in_use,2021-11-13T14:22:29Z,\N,2021-12-14T23:49:22Z,\N,1,assert
acme:network_device:dev-00735~1617f2e3684a,network_device,acme,dev-00735,dev-00735.waf,waf,operational,in_use,2021-11-29T05:49:56Z,\N,2021-12-14T01:06:00Z,\N,1,assert
acme:network_device:dev-01100~55053f745ff3,network_device,acme,dev-01100,dev-01100.waf,waf,operational,in_use,2021-11-05T03:05:00Z,\N,2021-12-17T06:53:26Z,\N,1,assert
acme:network_device:dev-00546~76e200716eae,network_device,acme,dev-00546,dev-00546.switch,switch,operational,in_use,2021-11-09T00:40:42Z,\N,2021-12-18T05:32:15Z,\N,1,assert
acme:network_device:dev-00233~9c66f7426a1e,network_device,acme,dev-00233,dev-00233.switch,switch,operational,in_maintenance,2021-12-18T03:20:02Z,\N,2021-12-19T06:35:37Z,\N,1,assert
acme:network_device:dev-00364~fbbca0c8a657,network_device,acme,dev-00364,dev-00364.load_balancer,load_balancer,operational,in_use,2021-11-20T01:22:04Z,\N,2021-12-19T19:42:08Z,\N,1,assert
acme:network_device:dev-00938~2ae9ce5d313c,network_device,acme,dev-00938,dev-00938.switch,switch,operational,in_use,2021-12-22T06:31:44Z,\N,2021-12-31T13:01:44Z,\N,1,assert
acme:network_device:dev-00371~22b6c80415ef,network_device,acme,dev-00371,dev-00371.switch,switch,operational,in_maintenance,2021-12-12T09:14:19Z,\N,2022-01-05T03:21:02Z,\N,1,assert
acme:network_device:dev-00375~c62eeb6261ba,network_device,acme,dev-00375,dev-00375.router,router,operational,in_maintenance,2021-11-27T19:11:44Z,\N,2022-01-06T05:04:15Z,\N,1,assert
acme:network_device:dev-00898~84319a7b72ff,network_device,acme,dev-00898,dev-00898.load_balancer,load_balancer,operational,in_use,2021-12-20T00:17:02Z,\N,2022-01-08T12:23:16Z,\N,1,assert
acme:network_device:dev-00017~59a112140683,network_device,acme,dev-00017,dev-00017.load_balancer,load_balancer,operational,in_use,2021-12-04T18:32:40Z,\N,2022-01-10T04:13:52Z,\N,1,assert
acme:network_device:dev-00098~181d9e82f31f,network_device,acme,dev-00098,dev-00098.firewall,firewall,operational,in_use,2021-12-05T16:56:56Z,\N,2022-01-12T15:32:41Z,\N,1,assert
acme:network_device:dev-00367~ecf31635d00a,network_device,acme,dev-00367,dev-00367.router,router,operational,in_use,2021-12-02T03:19:38Z,\N,2022-01-13T03:17:59Z,\N,1,assert
acme:network_device:dev-01153~414dd460d0be,network_device,acme,dev-01153,dev-01153.firewall,firewall,operational,in_use,2021-12-07T05:22:49Z,\N,2022-01-14T12:29:17Z,2022-05-18T20:11:15Z,1,assert
acme:network_device:dev-00911~a27c8ab6b60a,network_device,acme,dev-00911,dev-00911.switch,switch,operational,in_use,2022-01-14T03:45:10Z,\N,2022-01-17T08:49:01Z,\N,1,assert
acme:network_device:dev-00846~501073e42996,network_device,acme,dev-00846,dev-00846.proxy,proxy,operational,in_use,2022-01-21T13:22:22Z,\N,2022-01-21T13:22:22Z,\N,1,assert
acme:network_device:dev-00022~bb0481797022,network_device,acme,dev-00022,dev-00022.firewall,firewall,operational,in_maintenance,2022-01-21T18:01:32Z,\N,2022-01-22T08:21:38Z,\N,1,assert
acme:network_device:dev-00447~145de7382537,network_device,acme,dev-00447,dev-00447.load_balancer,load_balancer,operational,in_use,2022-01-05T07:51:37Z,\N,2022-01-22T01:20:58Z,\N,1,assert
acme:network_device:dev-00789~d3f10eaaace7,network_device,acme,dev-00789,dev-00789.waf,waf,operational,in_use,2022-01-04T12:18:55Z,\N,2022-01-22T23:27:56Z,\N,1,assert
acme:network_device:dev-00299~8bfccaea7174,network_device,acme,dev-00299,dev-00299.switch,switch,operational,in_use,2022-01-02T08:06:39Z,\N,2022-01-26T13:58:15Z,\N,1,assert
acme:network_device:dev-00013~c3c1be7d06d3,network_device,acme,dev-00013,dev-00013.switch,switch,operational,in_use,2022-01-19T02:49:30Z,\N,2022-01-28T07:57:27Z,\N,1,assert
acme:network_device:dev-00134~d2e9752a27f5,network_device,acme,dev-00134,dev-00134.router,router,operational,in_maintenance,2022-01-03T09:18:33Z,\N,2022-01-28T11:41:15Z,\N,1,assert
acme:network_device:dev-00398~c3f41204d377,network_device,acme,dev-00398,dev-00398.switch,switch,operational,in_use,2022-01-05T15:24:09Z,\N,2022-01-29T17:40:53Z,\N,1,assert
acme:network_device:dev-00756~bd50dfc1203d,network_device,acme,dev-00756,dev-00756.switch,switch,operational,in_maintenance,2021-12-29T05:14:13Z,\N,2022-02-02T02:31:47Z,\N,1,assert
acme:network_device:dev-00777~741231320895,network_device,acme,dev-00777,dev-00777.switch,switch,operational,in_use,2022-01-24T02:59:56Z,\N,2022-02-06T21:53:14Z,\N,1,assert
acme:network_device:dev-00438~5e9f5a3e2dd8,network_device,acme,dev-00438,dev-00438.waf,waf,operational,in_use,2022-01-11T13:10:02Z,\N,2022-02-08T13:55:55Z,\N,1,assert
acme:network_device:dev-01124~7c4d47ac12dc,network_device,acme,dev-01124,dev-01124.switch,switch,operational,in_use,2021-12-30T00:13:08Z,\N,2022-02-10T05:21:00Z,\N,1,assert
acme:network_device:dev-01090~d2e9104941db,network_device,acme,dev-01090,dev-01090.router,router,operational,in_maintenance,2022-01-02T07:59:29Z,\N,2022-02-15T22:11:54Z,\N,1,assert
acme:network_device:dev-00184~c7df8a5d629c,network_device,acme,dev-00184,dev-00184.firewall,firewall,operational,in_use,2022-01-27T13:56:05Z,\N,2022-02-22T13:40:30Z,\N,1,assert
acme:network_device:dev-00608~eaf802d86231,network_device,acme,dev-00608,dev-00608.firewall,firewall,operational,in_use,2022-02-24T15:47:42Z,\N,2022-02-25T03:44:39Z,\N,1,assert
acme:network_device:dev-00638~03bbf4550440,network_device,acme,dev-00638,dev-00638.switch,switch,operational,in_use,2022-01-27T21:01:55Z,\N,2022-02-25T22:50:39Z,\N,1,assert
acme:network_device:dev-00867~ec7868f09d5e,network_device,acme,dev-00867,dev-00867.waf,waf,operational,in_use,2022-02-03T22:52:22Z,\N,2022-02-28T11:23:24Z,\N,1,assert
acme:network_device:dev-00547~0200830980e7,network_device,acme,dev-00547,dev-00547.firewall,firewall,operational,in_use,2022-02-23T13:37:34Z,\N,2022-03-07T10:31:23Z,\N,1,assert
acme:network_device:dev-00855~7233de96e9cd,network_device,acme,dev-00855,dev-00855.load_balancer,load_balancer,operational,in_use,2022-02-01T06:01:01Z,\N,2022-03-10T05:50:38Z,\N,1,assert
acme:network_device:dev-00977~42035944f51b,network_device,acme,dev-00977,dev-00977.switch,switch,operational,in_use,2022-02-13T10:48:17Z,\N,2022-03-11T16:46:32Z,2023-06-30T22:14:44Z,1,assert
acme:network_device:dev-00392~9e42c09b798c,network_device,acme,dev-00392,dev-00392.switch,switch,operational,in_use,2022-02-28T04:05:33Z,\N,2022-03-12T01:54:38Z,\N,1,assert
acme:network_device:dev-01036~6561d6b444b9,network_device,acme,dev-01036,dev-01036.load_balancer,load_balancer,operational,in_maintenance,2022-03-03T08:55:33Z,\N,2022-03-12T03:15:09Z,\N,1,assert
acme:network_device:dev-01139~e5699a8c6437,network_device,acme,dev-01139,dev-01139.load_balancer,load_balancer,operational,in_use,2022-03-07T14:10:26Z,\N,2022-03-13T17:22:41Z,\N,1,assert
acme:network_device:dev-00693~5d7d03d46045,network_device,acme,dev-00693,dev-00693.switch,switch,operational,in_use,2022-02-19T00:42:27Z,\N,2022-03-14T09:53:41Z,\N,1,assert
acme:network_device:dev-00797~2478101153b3,network_device,acme,dev-00797,dev-00797.router,router,operational,in_use,2022-02-21T07:54:13Z,\N,2022-03-14T17:09:04Z,\N,1,assert
acme:network_device:dev-00723~f9766285518d,network_device,acme,dev-00723,dev-00723.proxy,proxy,operational,in_use,2022-03-07T18:10:10Z,\N,2022-03-15T17:21:04Z,\N,1,assert
acme:network_device:dev-00863~330f518a7910,network_device,acme,dev-00863,dev-00863.switch,switch,operational,in_maintenance,2022-03-13T07:40:37Z,\N,2022-03-17T07:19:33Z,\N,1,assert
acme:network_device:dev-00893~d3ec01d4d1c9,network_device,acme,dev-00893,dev-00893.waf,waf,operational,in_use,2022-03-10T23:13:04Z,\N,2022-03-18T16:00:51Z,\N,1,assert
acme:network_device:dev-00410~e4f8e5dfd7fc,network_device,acme,dev-00410,dev-00410.load_balancer,load_balancer,operational,in_use,2022-02-26T10:56:39Z,\N,2022-03-21T17:27:57Z,\N,1,assert
acme:network_device:dev-00619~06763df24fb0,network_device,acme,dev-00619,dev-00619.switch,switch,operational,in_use,2022-02-11T10:36:30Z,\N,2022-03-21T20:59:13Z,\N,1,assert
acme:network_device:dev-00258~bb6a457da93c,network_device,acme,dev-00258,dev-00258.firewall,firewall,operational,in_use,2022-03-20T20:28:28Z,\N,2022-03-22T13:58:21Z,\N,1,assert
acme:network_device:dev-00966~be6fc9c62115,network_device,acme,dev-00966,dev-00966.switch,switch,operational,in_use,2022-03-05T23:29:36Z,\N,2022-03-23T17:31:36Z,\N,1,assert
acme:network_device:dev-01020~7aae3394faef,network_device,acme,dev-01020,dev-01020.switch,switch,operational,in_use,2022-03-14T19:50:37Z,\N,2022-03-29T14:48:03Z,\N,1,assert
acme:network_device:dev-00710~afd6233e8360,network_device,acme,dev-00710,dev-00710.switch,switch,operational,in_use,2022-03-28T12:26:57Z,\N,2022-03-31T08:37:35Z,\N,1,assert
acme:network_device:dev-00712~7855cc22c6a6,network_device,acme,dev-00712,dev-00712.firewall,firewall,operational,in_maintenance,2022-03-17T20:39:19Z,\N,2022-03-31T14:11:55Z,\N,1,assert
acme:network_device:dev-00427~d4ff285e2ce0,network_device,acme,dev-00427,dev-00427.switch,switch,operational,in_use,2022-03-12T13:05:34Z,\N,2022-04-01T15:25:24Z,\N,1,assert
acme:network_device:dev-00463~31f7db8cbf1d,network_device,acme,dev-00463,dev-00463.switch,switch,operational,in_use,2022-03-09T15:12:00Z,\N,2022-04-02T07:14:19Z,\N,1,assert
acme:network_device:dev-00395~d7d018d815a1,network_device,acme,dev-00395,dev-00395.router,router,operational,in_use,2022-03-07T12:52:13Z,\N,2022-04-04T18:12:36Z,\N,1,assert
acme:network_device:dev-01023~de68608557f9,network_device,acme,dev-01023,dev-01023.waf,waf,operational,in_use,2022-03-21T12:15:35Z,\N,2022-04-04T16:47:40Z,\N,1,assert
acme:network_device:dev-00150~350b29dc2f2c,network_device,acme,dev-00150,dev-00150.firewall,firewall,operational,in_use,2022-04-14T15:52:40Z,\N,2022-04-14T15:52:40Z,\N,1,assert
acme:network_device:dev-00556~f2adc6d0315a,network_device,acme,dev-00556,dev-00556.firewall,firewall,operational,in_use,2022-04-11T14:19:10Z,\N,2022-04-14T15:59:24Z,\N,1,assert
acme:network_device:dev-00479~11ddda0f906f,network_device,acme,dev-00479,dev-00479.switch,switch,operational,in_use,2022-03-09T06:59:34Z,\N,2022-04-19T20:19:04Z,\N,1,assert
acme:network_device:dev-01137~8a1d2d68c223,network_device,acme,dev-01137,dev-01137.firewall,firewall,operational,in_use,2022-03-12T05:25:20Z,\N,2022-04-20T13:01:31Z,\N,1,assert
acme:network_device:dev-01144~c8b2769cbdb9,network_device,acme,dev-01144,dev-01144.firewall,firewall,operational,in_use,2022-04-05T10:05:10Z,\N,2022-04-21T17:52:02Z,\N,1,assert
acme:network_device:dev-00957~86644a47c1e4,network_device,acme,dev-00957,dev-00957.router,router,operational,in_use,2022-04-06T01:35:50Z,\N,2022-04-23T20:27:24Z,\N,1,assert
acme:network_device:dev-00248~336ff46b66eb,network_device,acme,dev-00248,dev-00248.waf,waf,operational,in_use,2022-04-23T05:18:23Z,\N,2022-04-24T20:28:12Z,\N,1,assert
acme:network_device:dev-00796~2850da6d3a50,network_device,acme,dev-00796,dev-00796.switch,switch,operational,in_maintenance,2022-03-26T03:21:48Z,\N,2022-04-24T13:43:13Z,\N,1,assert
acme:network_device:dev-01067~8d89f380c86a,network_device,acme,dev-01067,dev-01067.firewall,firewall,operational,in_use,2022-04-07T19:18:53Z,\N,2022-04-25T23:02:46Z,\N,1,assert
acme:network_device:dev-00741~50905d8e55ee,network_device,acme,dev-00741,dev-00741.switch,switch,operational,in_maintenance,2022-04-02T03:05:19Z,2023-04-08T21:55:25Z,2022-04-26T08:31:39Z,\N,1,assert
acme:network_device:dev-00598~b48d5811b092,network_device,acme,dev-00598,dev-00598.switch,switch,operational,in_use,2022-04-18T21:33:35Z,\N,2022-04-27T00:47:14Z,\N,1,assert
acme:network_device:dev-00667~50bfc92fcd68,network_device,acme,dev-00667,dev-00667.switch,switch,operational,in_use,2022-03-22T07:23:29Z,\N,2022-05-04T01:22:42Z,\N,1,assert
acme:network_device:dev-00389~87c83c235b4e,network_device,acme,dev-00389,dev-00389.switch,switch,operational,in_use,2022-04-02T03:01:58Z,\N,2022-05-06T13:23:59Z,\N,1,assert
acme:network_device:dev-00841~bc728b4fe7b1,network_device,acme,dev-00841,dev-00841.router,router,operational,in_use,2022-04-24T23:20:43Z,\N,2022-05-06T10:50:00Z,\N,1,assert
acme:network_device:dev-00132~b1635de56de3,network_device,acme,dev-00132,dev-00132.router,router,operational,in_use,2022-03-28T09:26:04Z,\N,2022-05-11T06:59:39Z,\N,1,assert
acme:network_device:dev-00399~37912da7f442,network_device,acme,dev-00399,dev-00399.switch,switch,operational,in_maintenance,2022-05-13T01:31:14Z,\N,2022-05-13T01:31:14Z,\N,1,assert
acme:network_device:dev-01153~414dd460d0be,network_device,acme,dev-01153,dev-01153.firewall,firewall,operational,in_maintenance,2021-12-07T05:22:49Z,\N,2022-05-18T20:11:15Z,\N,2,assert
acme:network_device:dev-00385~15afc6c57663,network_device,acme,dev-00385,dev-00385.firewall,firewall,operational,in_use,2022-04-26T13:20:45Z,\N,2022-05-20T14:53:30Z,\N,1,assert
acme:network_device:dev-00526~a424440001ed,network_device,acme,dev-00526,dev-00526.waf,waf,operational,in_use,2022-04-21T05:11:46Z,\N,2022-05-21T09:37:42Z,\N,1,assert
acme:network_device:dev-00339~04bc829606df,network_device,acme,dev-00339,dev-00339.firewall,firewall,operational,in_use,2022-05-11T01:16:59Z,\N,2022-05-22T11:31:46Z,\N,1,assert
acme:network_device:dev-00588~842fad763e20,network_device,acme,dev-00588,dev-00588.router,router,operational,in_use,2022-05-06T07:14:15Z,\N,2022-05-26T17:50:06Z,\N,1,assert
acme:network_device:dev-01079~faa229426e07,network_device,acme,dev-01079,dev-01079.firewall,firewall,operational,in_use,2022-05-22T13:39:00Z,\N,2022-05-29T02:17:23Z,\N,1,assert
acme:network_device:dev-00347~b9a36860d1a7,network_device,acme,dev-00347,dev-00347.load_balancer,load_balancer,operational,in_use,2022-05-03T16:57:27Z,\N,2022-05-31T10:00:29Z,\N,1,assert
acme:network_device:dev-00642~97908f62a07a,network_device,acme,dev-00642,dev-00642.switch,switch,operational,in_use,2022-05-11T21:37:27Z,\N,2022-06-01T03:32:14Z,\N,1,assert
acme:network_device:dev-00976~6b326e07c978,network_device,acme,dev-00976,dev-00976.switch,switch,operational,in_use,2022-05-05T16:19:56Z,\N,2022-06-02T13:03:23Z,\N,1,assert
acme:network_device:dev-00302~1ed4efb1f404,network_device,acme,dev-00302,dev-00302.proxy,proxy,operational,in_use,2022-05-29T18:24:24Z,\N,2022-06-04T10:47:38Z,\N,1,assert
acme:network_device:dev-01160~8b9fd3f1d453,network_device,acme,dev-01160,dev-01160.router,router,operational,in_use,2022-05-21T08:12:06Z,\N,2022-06-04T10:27:58Z,\N,1,assert
acme:network_device:dev-01164~bc274df91142,network_device,acme,dev-01164,dev-01164.firewall,firewall,operational,in_use,2022-05-03T17:37:59Z,\N,2022-06-05T01:29:06Z,\N,1,assert
acme:network_device:dev-00554~ecef7029bf36,network_device,acme,dev-00554,dev-00554.router,router,operational,in_use,2022-05-21T12:08:44Z,\N,2022-06-08T00:14:48Z,\N,1,assert
acme:network_device:dev-00016~e8c4972d6614,network_device,acme,dev-00016,dev-00016.load_balancer,load_balancer,operational,in_use,2022-05-10T13:37:08Z,2022-06-25T11:54:36Z,2022-06-08T08:42:38Z,\N,1,assert
acme:network_device:dev-00354~5ab2df9b726a,network_device,acme,dev-00354,dev-00354.router,router,operational,in_use,2022-06-04T14:31:44Z,\N,2022-06-14T11:06:29Z,\N,1,assert
acme:network_device:dev-01169~c012ffaf8299,network_device,acme,dev-01169,dev-01169.firewall,firewall,operational,in_maintenance,2022-06-09T20:40:48Z,\N,2022-06-14T00:10:07Z,\N,1,assert
acme:network_device:dev-00462~05e3aaa1292f,network_device,acme,dev-00462,dev-00462.waf,waf,operational,in_use,2022-05-26T15:19:09Z,\N,2022-06-17T08:12:11Z,\N,1,assert
acme:network_device:dev-00964~ece63fc2947b,network_device,acme,dev-00964,dev-00964.load_balancer,load_balancer,operational,in_maintenance,2022-05-14T20:27:50Z,\N,2022-06-21T22:23:37Z,\N,1,assert
acme:network_device:dev-01131~305add1e13bc,network_device,acme,dev-01131,dev-01131.switch,switch,operational,in_use,2022-05-18T20:27:59Z,\N,2022-06-22T21:50:55Z,\N,1,assert
acme:network_device:dev-00822~27b9819602fb,network_device,acme,dev-00822,dev-00822.switch,switch,operational,in_use,2022-05-17T06:53:12Z,\N,2022-06-23T20:00:18Z,\N,1,assert
acme:network_device:dev-00442~7682f6fb5436,network_device,acme,dev-00442,dev-00442.firewall,firewall,operational,in_use,2022-05-17T20:11:39Z,\N,2022-06-26T14:43:49Z,\N,1,assert
acme:network_device:dev-00506~63d78fb125a4,network_device,acme,dev-00506,dev-00506.firewall,firewall,operational,in_use,2022-05-27T18:23:44Z,\N,2022-06-27T22:11:01Z,\N,1,assert
acme:network_device:dev-00310~bad4ce9b5edc,network_device,acme,dev-00310,dev-00310.switch,switch,operational,in_use,2022-05-20T08:38:49Z,\N,2022-06-29T13:08:52Z,\N,1,assert
acme:network_device:dev-01060~e225f081684c,network_device,acme,dev-01060,dev-01060.switch,switch,operational,in_maintenance,2022-05-31T01:27:23Z,\N,2022-06-30T00:46:42Z,\N,1,assert
acme:network_device:dev-00776~d3652c2e0a84,network_device,acme,dev-00776,dev-00776.load_balancer,load_balancer,operational,in_use,2022-06-21T16:21:17Z,\N,2022-07-08T12:09:20Z,\N,1,assert
acme:network_device:dev-00355~21b31a18c963,network_device,acme,dev-00355,dev-00355.switch,switch,operational,in_use,2022-07-12T13:21:45Z,\N,2022-07-13T08:12:48Z,\N,1,assert
acme:network_device:dev-00639~831eee607e62,network_device,acme,dev-00639,dev-00639.waf,waf,operational,in_use,2022-06-07T10:12:12Z,\N,2022-07-13T07:16:38Z,\N,1,assert
acme:network_device:dev-00896~2966fb9e64af,network_device,acme,dev-00896,dev-00896.proxy,proxy,operational,in_use,2022-06-21T04:11:19Z,\N,2022-07-15T11:40:22Z,\N,1,assert
acme:network_device:dev-00773~f1912deeaecd,network_device,acme,dev-00773,dev-00773.firewall,firewall,operational,in_use,2022-07-04T06:12:28Z,\N,2022-07-18T02:51:04Z,\N,1,assert
acme:network_device:dev-00534~dfc5dd1199aa,network_device,acme,dev-00534,dev-00534.switch,switch,operational,in_use,2022-07-12T14:45:29Z,\N,2022-07-19T08:08:23Z,\N,1,assert
acme:network_device:dev-00948~17d1ab75efe8,network_device,acme,dev-00948,dev-00948.switch,switch,operational,in_use,2022-06-19T03:20:02Z,2022-12-14T23:10:14Z,2022-07-19T09:21:26Z,\N,1,assert
acme:network_device:dev-01038~13c2b77d07fe,network_device,acme,dev-01038,dev-01038.waf,waf,operational,in_maintenance,2022-06-12T22:43:11Z,\N,2022-07-20T16:25:42Z,\N,1,assert
acme:network_device:dev-00198~fc061cc37773,network_device,acme,dev-00198,dev-00198.firewall,firewall,operational,in_use,2022-06-27T10:04:47Z,\N,2022-07-22T21:32:34Z,\N,1,assert
acme:network_device:dev-00831~33b0d4efdb90,network_device,acme,dev-00831,dev-00831.router,router,operational,in_use,2022-06-30T15:55:38Z,\N,2022-07-27T03:43:23Z,\N,1,assert
acme:network_device:dev-00281~addb1d1d29cd,network_device,acme,dev-00281,dev-00281.switch,switch,operational,in_use,2022-07-01T05:15:04Z,\N,2022-07-30T08:26:02Z,\N,1,assert
acme:network_device:dev-00440~c23e3ed829ef,network_device,acme,dev-00440,dev-00440.switch,switch,operational,in_maintenance,2022-07-31T06:37:47Z,\N,2022-08-08T01:21:39Z,\N,1,assert
acme:network_device:dev-00063~aacb99fea961,network_device,acme,dev-00063,dev-00063.switch,switch,operational,in_use,2022-07-28T09:45:18Z,\N,2022-08-09T08:05:25Z,\N,1,assert
acme:network_device:dev-00301~286e4ee282e8,network_device,acme,dev-00301,dev-00301.firewall,firewall,operational,in_use,2022-07-20T22:59:12Z,\N,2022-08-09T19:31:11Z,\N,1,assert
acme:network_device:dev-01021~279404c8ba05,network_device,acme,dev-01021,dev-01021.load_balancer,load_balancer,operational,in_use,2022-07-30T14:46:31Z,\N,2022-08-09T00:37:38Z,\N,1,assert
acme:network_device:dev-00548~6e2d14575497,network_device,acme,dev-00548,dev-00548.router,router,operational,in_use,2022-07-31T18:28:46Z,\N,2022-08-10T18:31:38Z,\N,1,assert
acme:network_device:dev-00481~9c1941c5b48d,network_device,acme,dev-00481,dev-00481.load_balancer,load_balancer,operational,in_use,2022-07-20T03:32:48Z,\N,2022-08-12T02:10:13Z,\N,1,assert
acme:network_device:dev-01159~f28257ff14b1,network_device,acme,dev-01159,dev-01159.switch,switch,operational,in_use,2022-07-08T23:33:34Z,\N,2022-08-13T02:12:41Z,\N,1,assert
acme:network_device:dev-00552~dbd4a2c8dcf1,network_device,acme,dev-00552,dev-00552.router,router,operational,in_use,2022-07-12T02:26:26Z,\N,2022-08-14T12:06:52Z,\N,1,assert
acme:network_device:dev-01017~fdf3846d672d,network_device,acme,dev-01017,dev-01017.router,router,operational,in_use,2022-07-03T14:30:00Z,\N,2022-08-14T17:59:00Z,\N,1,assert
acme:network_device:dev-00799~df1ca7f3aca9,network_device,acme,dev-00799,dev-00799.router,router,operational,in_use,2022-08-14T09:51:35Z,\N,2022-08-16T11:22:19Z,\N,1,assert
acme:network_device:dev-00082~f7b249cb845f,network_device,acme,dev-00082,dev-00082.proxy,proxy,operational,in_use,2022-07-07T19:25:25Z,\N,2022-08-17T18:19:01Z,\N,1,assert
acme:network_device:dev-00181~45b76acc3be5,network_device,acme,dev-00181,dev-00181.load_balancer,load_balancer,operational,in_maintenance,2022-07-22T16:53:07Z,\N,2022-08-19T13:58:13Z,\N,1,assert
acme:network_device:dev-01005~2483ca593111,network_device,acme,dev-01005,dev-01005.proxy,proxy,operational,in_use,2022-08-06T18:43:41Z,\N,2022-08-23T12:08:51Z,\N,1,assert
acme:network_device:dev-00235~d98d9df5f02f,network_device,acme,dev-00235,dev-00235.proxy,proxy,operational,in_use,2022-07-26T00:19:29Z,\N,2022-08-26T11:07:32Z,\N,1,assert
acme:network_device:dev-00105~de9dd42873da,network_device,acme,dev-00105,dev-00105.switch,switch,operational,in_use,2022-08-10T01:49:08Z,\N,2022-08-27T02:57:16Z,\N,1,assert
acme:network_device:dev-00007~38c1876eef69,network_device,acme,dev-00007,dev-00007.switch,switch,operational,in_use,2022-08-24T12:15:25Z,\N,2022-08-31T02:28:05Z,\N,1,assert
acme:network_device:dev-00582~75a2682d02c9,network_device,acme,dev-00582,dev-00582.load_balancer,load_balancer,operational,in_use,2022-07-29T17:11:46Z,\N,2022-08-31T13:37:55Z,\N,1,assert
acme:network_device:dev-00819~7aa9374fe1ff,network_device,acme,dev-00819,dev-00819.switch,switch,operational,in_use,2022-07-21T16:14:22Z,\N,2022-08-31T01:32:28Z,\N,1,assert
acme:network_device:dev-01121~b5c6c9e97ef0,network_device,acme,dev-01121,dev-01121.switch,switch,operational,in_maintenance,2022-07-24T07:28:32Z,\N,2022-09-02T17:52:05Z,\N,1,assert
acme:network_device:dev-00653~b643adb13a5a,network_device,acme,dev-00653,dev-00653.switch,switch,operational,in_use,2022-08-30T12:43:30Z,\N,2022-09-07T00:36:46Z,2025-07-07T02:14:02Z,1,assert
acme:network_device:dev-00869~af09cd089ca4,network_device,acme,dev-00869,dev-00869.proxy,proxy,operational,in_maintenance,2022-08-16T11:35:41Z,\N,2022-09-07T15:37:05Z,\N,1,assert
acme:network_device:dev-00931~c863b57ed087,network_device,acme,dev-00931,dev-00931.switch,switch,operational,in_use,2022-09-09T12:31:27Z,2023-02-17T19:04:55Z,2022-09-10T15:10:22Z,\N,1,assert
acme:network_device:dev-00981~626612ee7af3,network_device,acme,dev-00981,dev-00981.firewall,firewall,operational,in_use,2022-07-30T03:12:01Z,\N,2022-09-11T21:24:23Z,\N,1,assert
acme:network_device:dev-00785~66330b2855b9,network_device,acme,dev-00785,dev-00785.router,router,operational,in_use,2022-08-31T21:32:50Z,\N,2022-09-15T20:43:55Z,\N,1,assert
acme:network_device:dev-00703~d27b1253a1df,network_device,acme,dev-00703,dev-00703.switch,switch,operational,in_use,2022-08-22T06:43:25Z,\N,2022-09-16T00:48:26Z,\N,1,assert
acme:network_device:dev-01066~c0fecb798984,network_device,acme,dev-01066,dev-01066.switch,switch,operational,in_use,2022-09-14T01:08:31Z,\N,2022-09-16T07:50:42Z,\N,1,assert
acme:network_device:dev-00096~f0b6d087852d,network_device,acme,dev-00096,dev-00096.proxy,proxy,operational,in_maintenance,2022-09-09T14:38:47Z,\N,2022-09-18T14:07:36Z,\N,1,assert
acme:network_device:dev-00997~d0fb4a6609e5,network_device,acme,dev-00997,dev-00997.router,router,operational,in_maintenance,2022-09-05T11:45:37Z,\N,2022-09-21T04:04:34Z,\N,1,assert
acme:network_device:dev-00626~08e51291d34e,network_device,acme,dev-00626,dev-00626.router,router,operational,in_use,2022-08-27T13:25:15Z,\N,2022-09-22T22:21:55Z,\N,1,assert
acme:network_device:dev-00645~672ec3284b62,network_device,acme,dev-00645,dev-00645.switch,switch,operational,in_use,2022-08-12T12:58:55Z,\N,2022-09-22T08:45:01Z,\N,1,assert
acme:network_device:dev-00256~0eb7e7b1ebb8,network_device,acme,dev-00256,dev-00256.proxy,proxy,operational,in_use,2022-08-12T10:53:40Z,\N,2022-09-24T20:00:56Z,\N,1,assert
acme:network_device:dev-00887~e2138b874d90,network_device,acme,dev-00887,dev-00887.router,router,operational,in_use,2022-08-25T17:04:56Z,\N,2022-09-25T16:39:10Z,\N,1,assert
acme:network_device:dev-00956~5fb205fecc8c,network_device,acme,dev-00956,dev-00956.router,router,operational,in_use,2022-08-21T14:03:51Z,2023-02-23T07:55:45Z,2022-09-26T08:34:35Z,\N,1,assert
acme:network_device:dev-00585~148de4d1b1e8,network_device,acme,dev-00585,dev-00585.switch,switch,operational,in_use,2022-09-10T14:59:44Z,\N,2022-09-26T11:32:27Z,\N,1,assert
acme:network_device:dev-00592~c4e4c7b54275,network_device,acme,dev-00592,dev-00592.firewall,firewall,operational,in_use,2022-08-16T09:56:18Z,\N,2022-09-26T17:25:56Z,\N,1,assert
acme:network_device:dev-00683~3fb9e0d0acdb,network_device,acme,dev-00683,dev-00683.switch,switch,operational,in_use,2022-08-29T06:19:01Z,\N,2022-09-26T03:16:00Z,\N,1,assert
acme:network_device:dev-00065~e6e37b5a7672,network_device,acme,dev-00065,dev-00065.switch,switch,operational,in_maintenance,2022-09-19T03:24:57Z,\N,2022-09-30T07:03:27Z,\N,1,assert
acme:network_device:dev-00529~b05b7305f395,network_device,acme,dev-00529,dev-00529.waf,waf,operational,in_use,2022-09-18T22:44:07Z,\N,2022-10-03T16:07:42Z,\N,1,assert
acme:network_device:dev-00644~9892728c891a,network_device,acme,dev-00644,dev-00644.waf,waf,operational,in_use,2022-09-19T18:28:11Z,\N,2022-10-06T11:08:56Z,\N,1,assert
acme:network_device:dev-00829~00bf1e574082,network_device,acme,dev-00829,dev-00829.firewall,firewall,operational,in_use,2022-09-10T09:23:47Z,\N,2022-10-09T17:12:19Z,\N,1,assert
acme:network_device:dev-00021~7648cbc1df82,network_device,acme,dev-00021,dev-00021.firewall,firewall,operational,in_use,2022-09-06T12:16:30Z,\N,2022-10-11T19:00:35Z,\N,1,assert
acme:network_device:dev-00679~267b41a7eb9e,network_device,acme,dev-00679,dev-00679.firewall,firewall,operational,in_use,2022-10-07T06:16:15Z,\N,2022-10-15T19:48:59Z,\N,1,assert
acme:network_device:dev-00980~736edc7c19bf,network_device,acme,dev-00980,dev-00980.switch,switch,operational,in_use,2022-09-19T03:39:01Z,\N,2022-10-16T14:57:19Z,\N,1,assert
acme:network_device:dev-00312~5344fcd2a713,network_device,acme,dev-00312,dev-00312.load_balancer,load_balancer,operational,in_use,2022-09-07T04:57:09Z,\N,2022-10-17T03:49:06Z,\N,1,assert
acme:network_device:dev-01087~f29fbeee86c8,network_device,acme,dev-01087,dev-01087.load_balancer,load_balancer,operational,in_use,2022-09-30T00:04:21Z,\N,2022-10-17T21:37:16Z,\N,1,assert
acme:network_device:dev-00659~6325a7bb7560,network_device,acme,dev-00659,dev-00659.load_balancer,load_balancer,operational,in_use,2022-10-09T04:22:06Z,\N,2022-10-23T07:09:07Z,\N,1,assert
acme:network_device:dev-00791~d9cbc8ba0ec1,network_device,acme,dev-00791,dev-00791.switch,switch,operational,in_use,2022-10-20T21:48:24Z,\N,2022-10-26T22:54:23Z,\N,1,assert
acme:network_device:dev-01014~c38ab3314f49,network_device,acme,dev-01014,dev-01014.switch,switch,operational,in_maintenance,2022-10-12T10:40:26Z,\N,2022-10-29T12:29:35Z,\N,1,assert
acme:network_device:dev-00522~d17496a31fc4,network_device,acme,dev-00522,dev-00522.load_balancer,load_balancer,operational,in_maintenance,2022-10-23T10:32:31Z,\N,2022-10-30T05:45:25Z,\N,1,assert
acme:network_device:dev-01097~3b7a93ec3da5,network_device,acme,dev-01097,dev-01097.switch,switch,operational,in_maintenance,2022-10-14T17:42:26Z,\N,2022-11-02T22:27:08Z,\N,1,assert
acme:network_device:dev-01007~fd84cd97de6a,network_device,acme,dev-01007,dev-01007.switch,switch,operational,in_use,2022-10-25T02:46:45Z,\N,2022-11-06T08:39:56Z,\N,1,assert
acme:network_device:dev-01095~e689d67717a8,network_device,acme,dev-01095,dev-01095.waf,waf,operational,in_use,2022-10-02T02:18:13Z,\N,2022-11-14T17:50:59Z,\N,1,assert
acme:network_device:dev-00166~1ec4c58c2fdc,network_device,acme,dev-00166,dev-00166.switch,switch,operational,in_use,2022-11-03T07:10:13Z,\N,2022-11-17T02:31:34Z,\N,1,assert
acme:network_device:dev-00376~3dd61bad105f,network_device,acme,dev-00376,dev-00376.load_balancer,load_balancer,operational,in_use,2022-10-09T13:02:12Z,\N,2022-11-17T22:53:08Z,\N,1,assert
acme:network_device:dev-00728~a916185f6d9d,network_device,acme,dev-00728,dev-00728.switch,switch,operational,in_use,2022-10-18T14:09:18Z,\N,2022-11-18T17:49:35Z,\N,1,assert
acme:network_device:dev-00559~2c7b245318f1,network_device,acme,dev-00559,dev-00559.firewall,firewall,operational,in_use,2022-10-19T04:47:50Z,\N,2022-11-20T22:29:15Z,\N,1,assert
acme:network_device:dev-00215~38c71b60f144,network_device,acme,dev-00215,dev-00215.switch,switch,operational,in_maintenance,2022-11-19T05:21:01Z,\N,2022-11-23T04:03:21Z,\N,1,assert
acme:network_device:dev-01080~9a1e39244223,network_device,acme,dev-01080,dev-01080.switch,switch,operational,in_maintenance,2022-11-10T06:46:38Z,\N,2022-11-23T08:51:07Z,\N,1,assert
acme:network_device:dev-00437~1ca624bbee63,network_device,acme,dev-00437,dev-00437.switch,switch,operational,in_use,2022-11-14T08:33:56Z,\N,2022-11-25T23:30:58Z,\N,1,assert
acme:network_device:dev-00825~db2653a97a64,network_device,acme,dev-00825,dev-00825.router,router,operational,in_use,2022-10-16T05:54:17Z,\N,2022-11-26T08:57:42Z,\N,1,assert
acme:network_device:dev-00512~1a344cd8e11a,network_device,acme,dev-00512,dev-00512.waf,waf,operational,in_use,2022-11-25T23:25:36Z,\N,2022-11-27T23:38:13Z,\N,1,assert
acme:network_device:dev-01029~c5c0cbb50f48,network_device,acme,dev-01029,dev-01029.router,router,operational,in_use,2022-11-02T22:49:03Z,\N,2022-11-27T01:47:45Z,\N,1,assert
acme:network_device:dev-00472~3bcac037681f,network_device,acme,dev-00472,dev-00472.switch,switch,operational,in_use,2022-10-26T05:48:54Z,\N,2022-12-02T09:35:15Z,\N,1,assert
acme:network_device:dev-00377~a2937846e7c4,network_device,acme,dev-00377,dev-00377.firewall,firewall,operational,in_use,2022-11-14T15:10:56Z,\N,2022-12-03T13:58:32Z,\N,1,assert
acme:network_device:dev-00759~a6bd82586c38,network_device,acme,dev-00759,dev-00759.waf,waf,operational,in_use,2022-11-12T04:55:58Z,\N,2022-12-03T02:04:50Z,\N,1,assert
acme:network_device:dev-00227~b398072bc53d,network_device,acme,dev-00227,dev-00227.load_balancer,load_balancer,operational,in_use,2022-10-26T16:27:21Z,\N,2022-12-07T11:45:20Z,\N,1,assert
acme:network_device:dev-00478~c5f9a4b18443,network_device,acme,dev-00478,dev-00478.load_balancer,load_balancer,operational,in_use,2022-11-27T19:07:36Z,\N,2022-12-10T02:00:26Z,\N,1,assert
acme:network_device:dev-00238~32fe466a4fe5,network_device,acme,dev-00238,dev-00238.switch,switch,operational,in_use,2022-11-24T16:29:05Z,\N,2022-12-12T01:08:41Z,\N,1,assert
acme:network_device:dev-00748~3edd047f195f,network_device,acme,dev-00748,dev-00748.switch,switch,operational,in_use,2022-11-06T11:39:25Z,\N,2022-12-12T12:15:01Z,\N,1,assert
acme:network_device:dev-00919~5a3ce80baeda,network_device,acme,dev-00919,dev-00919.load_balancer,load_balancer,operational,in_maintenance,2022-11-15T10:06:01Z,\N,2022-12-14T00:25:07Z,\N,1,assert
acme:network_device:dev-00873~ede7c93b1ce4,network_device,acme,dev-00873,dev-00873.firewall,firewall,operational,in_use,2022-11-28T12:30:40Z,\N,2022-12-20T20:30:32Z,\N,1,assert
acme:network_device:dev-00555~7e3a66af641e,network_device,acme,dev-00555,dev-00555.switch,switch,operational,in_maintenance,2022-12-14T09:53:33Z,\N,2022-12-21T00:09:41Z,\N,1,assert
acme:network_device:dev-00718~f57b7b2af9e0,network_device,acme,dev-00718,dev-00718.switch,switch,operational,in_use,2022-11-20T19:44:45Z,\N,2022-12-21T15:05:35Z,\N,1,assert
acme:network_device:dev-00374~29d9bcaf3d32,network_device,acme,dev-00374,dev-00374.switch,switch,operational,in_use,2022-12-02T08:30:49Z,\N,2022-12-23T21:10:03Z,\N,1,assert
acme:network_device:dev-00373~2c55fac973f9,network_device,acme,dev-00373,dev-00373.firewall,firewall,operational,in_use,2022-11-16T03:37:10Z,\N,2022-12-25T00:07:52Z,\N,1,assert
acme:network_device:dev-00942~dc6e3da565f4,network_device,acme,dev-00942,dev-00942.waf,waf,operational,in_maintenance,2022-12-22T03:50:52Z,\N,2022-12-26T08:09:33Z,\N,1,assert
acme:network_device:dev-00474~6649c54cbfb3,network_device,acme,dev-00474,dev-00474.waf,waf,operational,in_maintenance,2022-12-11T22:21:46Z,\N,2022-12-28T16:57:49Z,\N,1,assert
acme:network_device:dev-00541~72498d0b1d31,network_device,acme,dev-00541,dev-00541.load_balancer,load_balancer,operational,in_use,2022-11-17T02:33:13Z,\N,2022-12-28T11:54:46Z,\N,1,assert
acme:network_device:dev-00602~4537532337ec,network_device,acme,dev-00602,dev-00602.switch,switch,operational,in_use,2022-12-20T03:07:45Z,\N,2022-12-29T17:44:18Z,\N,1,assert
acme:network_device:dev-00979~d188d6f8b1a7,network_device,acme,dev-00979,dev-00979.proxy,proxy,operational,in_use,2022-11-27T21:07:21Z,\N,2022-12-29T10:41:54Z,\N,1,assert
acme:network_device:dev-01051~04df24ee008b,network_device,acme,dev-01051,dev-01051.switch,switch,operational,in_maintenance,2022-11-22T10:48:59Z,\N,2022-12-30T05:45:30Z,\N,1,assert
acme:network_device:dev-00325~b9633bbd9302,network_device,acme,dev-00325,dev-00325.proxy,proxy,operational,in_use,2022-11-19T12:04:45Z,\N,2022-12-31T06:46:39Z,\N,1,assert
acme:network_device:dev-00204~5f453317ee2c,network_device,acme,dev-00204,dev-00204.switch,switch,operational,in_use,2022-11-23T13:45:01Z,\N,2023-01-02T23:04:19Z,\N,1,assert
acme:network_device:dev-00583~3723763ae030,network_device,acme,dev-00583,dev-00583.firewall,firewall,operational,in_use,2022-11-21T11:06:15Z,\N,2023-01-04T19:46:40Z,\N,1,assert
acme:network_device:dev-00870~50799d2cec7a,network_device,acme,dev-00870,dev-00870.waf,waf,operational,in_use,2022-12-06T04:05:31Z,\N,2023-01-05T21:00:02Z,\N,1,assert
acme:network_device:dev-00123~3f31fa4c5497,network_device,acme,dev-00123,dev-00123.switch,switch,operational,in_use,2022-11-24T14:12:13Z,\N,2023-01-07T13:34:33Z,\N,1,assert
acme:network_device:dev-00388~02286b3501d0,network_device,acme,dev-00388,dev-00388.firewall,firewall,operational,in_use,2022-12-03T11:19:08Z,\N,2023-01-09T11:11:28Z,\N,1,assert
acme:network_device:dev-00783~a0b85f17bfe8,network_device,acme,dev-00783,dev-00783.firewall,firewall,operational,in_use,2022-12-05T16:46:48Z,\N,2023-01-09T14:14:22Z,\N,1,assert
acme:network_device:dev-00220~a1e5fc041c17,network_device,acme,dev-00220,dev-00220.switch,switch,operational,in_use,2023-01-05T22:01:38Z,\N,2023-01-11T08:43:35Z,\N,1,assert
acme:network_device:dev-00862~377a4f4f61bd,network_device,acme,dev-00862,dev-00862.waf,waf,operational,in_maintenance,2022-12-27T04:27:22Z,\N,2023-01-13T05:53:59Z,\N,1,assert
acme:network_device:dev-00101~117ed2cd5aea,network_device,acme,dev-00101,dev-00101.waf,waf,operational,in_use,2023-01-09T05:52:58Z,\N,2023-01-14T17:21:06Z,\N,1,assert
acme:network_device:dev-00216~9d21a9369b94,network_device,acme,dev-00216,dev-00216.load_balancer,load_balancer,operational,in_use,2023-01-01T21:29:26Z,\N,2023-01-14T15:41:10Z,\N,1,assert
acme:network_device:dev-00020~dcb3b2296946,network_device,acme,dev-00020,dev-00020.switch,switch,operational,in_use,2022-12-11T18:12:19Z,\N,2023-01-16T20:21:38Z,\N,1,assert
acme:network_device:dev-00183~fb58a6d2de33,network_device,acme,dev-00183,dev-00183.switch,switch,operational,in_use,2023-01-13T22:57:14Z,\N,2023-01-19T15:56:00Z,\N,1,assert
acme:network_device:dev-00584~b343a6274c13,network_device,acme,dev-00584,dev-00584.switch,switch,operational,in_use,2023-01-02T11:49:32Z,\N,2023-01-20T09:49:20Z,\N,1,assert
acme:network_device:dev-00686~99730b652abd,network_device,acme,dev-00686,dev-00686.router,router,operational,in_maintenance,2022-12-07T22:49:06Z,\N,2023-01-20T02:39:58Z,\N,1,assert
acme:network_device:dev-00568~04635d056bcf,network_device,acme,dev-00568,dev-00568.firewall,firewall,operational,in_maintenance,2022-12-26T20:33:25Z,\N,2023-01-21T15:09:22Z,\N,1,assert
acme:network_device:dev-00055~fe04c0977289,network_device,acme,dev-00055,dev-00055.switch,switch,operational,in_use,2022-12-16T18:39:34Z,\N,2023-01-22T16:02:23Z,\N,1,assert
acme:network_device:dev-00641~2f6f71713ece,network_device,acme,dev-00641,dev-00641.firewall,firewall,operational,in_use,2022-12-11T12:12:05Z,\N,2023-01-22T08:34:13Z,\N,1,assert
acme:network_device:dev-00774~1cc8f7d84342,network_device,acme,dev-00774,dev-00774.switch,switch,operational,in_maintenance,2023-01-18T13:39:14Z,\N,2023-01-22T11:46:02Z,\N,1,assert
acme:network_device:dev-00569~e1e6a31a4679,network_device,acme,dev-00569,dev-00569.firewall,firewall,operational,in_use,2023-01-10T10:13:37Z,\N,2023-01-24T10:35:40Z,\N,1,assert
acme:network_device:dev-01030~4fc18bd02d70,network_device,acme,dev-01030,dev-01030.switch,switch,operational,in_use,2023-01-02T17:34:17Z,\N,2023-01-27T11:30:13Z,\N,1,assert
acme:network_device:dev-00795~0d412163a6a8,network_device,acme,dev-00795,dev-00795.switch,switch,operational,in_use,2023-01-02T22:22:04Z,\N,2023-01-28T12:10:59Z,\N,1,assert
acme:network_device:dev-00292~0cd152db64db,network_device,acme,dev-00292,dev-00292.firewall,firewall,operational,in_use,2022-12-20T19:27:06Z,\N,2023-01-29T23:46:17Z,\N,1,assert
acme:network_device:dev-00503~3878adc49aa7,network_device,acme,dev-00503,dev-00503.waf,waf,operational,in_use,2022-12-29T09:07:10Z,\N,2023-01-31T03:19:21Z,\N,1,assert
acme:network_device:dev-00707~099185d3dd37,network_device,acme,dev-00707,dev-00707.switch,switch,operational,in_use,2022-12-24T22:53:35Z,\N,2023-01-31T13:00:39Z,\N,1,assert
acme:network_device:dev-00834~754c06852b1c,network_device,acme,dev-00834,dev-00834.load_balancer,load_balancer,operational,in_use,2023-01-03T00:41:26Z,\N,2023-02-01T03:28:43Z,\N,1,assert
acme:network_device:dev-00629~4495c7aee22f,network_device,acme,dev-00629,dev-00629.router,router,operational,in_use,2023-01-23T04:53:54Z,\N,2023-02-02T13:53:16Z,\N,1,assert
acme:network_device:dev-00210~6d71e773a3b8,network_device,acme,dev-00210,dev-00210.switch,switch,operational,in_use,2023-01-02T08:35:26Z,\N,2023-02-03T10:43:02Z,\N,1,assert
acme:network_device:dev-00698~5ac57a740cde,network_device,acme,dev-00698,dev-00698.switch,switch,operational,in_use,2023-01-06T01:02:47Z,\N,2023-02-03T18:18:59Z,\N,1,assert
acme:network_device:dev-00387~613d3b153c0c,network_device,acme,dev-00387,dev-00387.router,router,operational,in_use,2022-12-29T13:56:57Z,\N,2023-02-06T15:06:49Z,\N,1,assert
acme:network_device:dev-00199~a45199564560,network_device,acme,dev-00199,dev-00199.firewall,firewall,operational,in_use,2023-01-17T03:53:10Z,\N,2023-02-09T18:28:13Z,\N,1,assert
acme:network_device:dev-00320~a47e2b589fb3,network_device,acme,dev-00320,dev-00320.firewall,firewall,operational,in_use,2022-12-31T01:08:32Z,\N,2023-02-09T22:01:29Z,\N,1,assert
acme:network_device:dev-01145~bfe394db9da6,network_device,acme,dev-01145,dev-01145.switch,switch,operational,in_use,2023-01-02T22:18:47Z,\N,2023-02-09T21:17:53Z,\N,1,assert
acme:network_device:dev-00034~f21b8b86a196,network_device,acme,dev-00034,dev-00034.switch,switch,operational,in_use,2023-02-01T20:49:57Z,\N,2023-02-11T22:33:17Z,\N,1,assert
acme:network_device:dev-00456~facdd1d261fb,network_device,acme,dev-00456,dev-00456.switch,switch,operational,in_use,2023-02-11T18:09:17Z,\N,2023-02-13T08:44:29Z,\N,1,assert
acme:network_device:dev-01096~d84aa7a4d52f,network_device,acme,dev-01096,dev-01096.proxy,proxy,operational,in_use,2023-01-25T03:14:35Z,\N,2023-02-13T11:44:43Z,\N,1,assert
acme:network_device:dev-00810~03686e736a5f,network_device,acme,dev-00810,dev-00810.switch,switch,operational,in_use,2023-01-16T16:29:44Z,\N,2023-02-14T17:12:31Z,\N,1,assert
acme:network_device:dev-00605~a3a81f9c36d2,network_device,acme,dev-00605,dev-00605.load_balancer,load_balancer,operational,in_use,2023-01-23T10:26:52Z,\N,2023-02-22T01:50:00Z,\N,1,assert
acme:network_device:dev-00412~ba51ccbd30d3,network_device,acme,dev-00412,dev-00412.firewall,firewall,operational,in_use,2023-02-11T18:21:49Z,2023-03-25T11:23:03Z,2023-02-25T04:22:36Z,\N,1,assert
acme:network_device:dev-00890~c235ab00ee23,network_device,acme,dev-00890,dev-00890.switch,switch,operational,in_use,2023-01-30T19:59:06Z,\N,2023-02-25T20:10:36Z,\N,1,assert
acme:network_device:dev-00954~f24138642404,network_device,acme,dev-00954,dev-00954.load_balancer,load_balancer,operational,in_use,2023-01-14T02:25:02Z,\N,2023-02-25T09:20:18Z,\N,1,assert
acme:network_device:dev-00011~85bff6fa18be,network_device,acme,dev-00011,dev-00011.firewall,firewall,operational,in_use,2023-01-13T22:24:10Z,\N,2023-02-26T17:42:32Z,\N,1,assert
acme:network_device:dev-00430~d8ebb7714d36,network_device,acme,dev-00430,dev-00430.firewall,firewall,operational,in_use,2023-02-25T02:58:40Z,\N,2023-02-26T21:46:49Z,\N,1,assert
acme:network_device:dev-00784~a9635bf77fc6,network_device,acme,dev-00784,dev-00784.switch,switch,operational,in_use,2023-01-18T23:29:53Z,\N,2023-02-27T17:02:28Z,\N,1,assert
acme:network_device:dev-01167~a9dca7efbc50,network_device,acme,dev-01167,dev-01167.switch,switch,operational,in_use,2023-01-25T11:41:59Z,\N,2023-03-01T08:20:54Z,\N,1,assert
acme:network_device:dev-00678~81cb7cfe5f27,network_device,acme,dev-00678,dev-00678.router,router,operational,in_use,2023-03-04T22:11:00Z,\N,2023-03-08T03:46:11Z,\N,1,assert
acme:network_device:dev-00108~1508f24767cd,network_device,acme,dev-00108,dev-00108.router,router,operational,in_use,2023-02-19T11:59:14Z,\N,2023-03-13T02:25:25Z,\N,1,assert
acme:network_device:dev-00650~98ab5d82d90c,network_device,acme,dev-00650,dev-00650.firewall,firewall,operational,in_use,2023-02-11T21:50:42Z,\N,2023-03-13T13:21:26Z,\N,1,assert
acme:network_device:dev-00107~32f9e6f09ad1,network_device,acme,dev-00107,dev-00107.firewall,firewall,operational,in_use,2023-02-07T04:58:52Z,\N,2023-03-15T23:36:02Z,\N,1,assert
acme:network_device:dev-00115~047ee01a875f,network_device,acme,dev-00115,dev-00115.switch,switch,operational,in_use,2023-03-16T07:15:26Z,\N,2023-03-16T07:15:26Z,2023-06-08T20:22:34Z,1,assert
acme:network_device:dev-01056~7f0da9a51b24,network_device,acme,dev-01056,dev-01056.load_balancer,load_balancer,operational,in_maintenance,2023-03-04T15:18:46Z,\N,2023-03-17T01:35:56Z,\N,1,assert
acme:network_device:dev-00056~68fcfb570e4c,network_device,acme,dev-00056,dev-00056.switch,switch,operational,in_use,2023-02-10T22:03:08Z,\N,2023-03-25T20:19:34Z,\N,1,assert
acme:network_device:dev-00218~347d8aa0142b,network_device,acme,dev-00218,dev-00218.switch,switch,operational,in_use,2023-03-23T23:55:18Z,\N,2023-03-27T17:21:41Z,\N,1,assert
acme:network_device:dev-01031~3f5620d09b31,network_device,acme,dev-01031,dev-01031.switch,switch,operational,in_use,2023-02-22T03:34:51Z,\N,2023-03-30T16:22:51Z,\N,1,assert
acme:network_device:dev-01126~db5bf3fac067,network_device,acme,dev-01126,dev-01126.router,router,operational,in_use,2023-02-24T06:58:30Z,\N,2023-04-04T15:50:23Z,\N,1,assert
acme:network_device:dev-01062~610c690f1abd,network_device,acme,dev-01062,dev-01062.router,router,operational,in_maintenance,2023-03-10T16:27:21Z,\N,2023-04-05T09:33:39Z,\N,1,assert
acme:network_device:dev-00905~769e82e16044,network_device,acme,dev-00905,dev-00905.router,router,operational,in_use,2023-04-02T09:38:55Z,\N,2023-04-05T19:05:40Z,2025-07-11T22:37:51Z,1,assert
acme:network_device:dev-00816~655ce17e495d,network_device,acme,dev-00816,dev-00816.firewall,firewall,operational,in_maintenance,2023-03-31T05:37:19Z,\N,2023-04-09T16:12:28Z,\N,1,assert
acme:network_device:dev-01141~3d25f5c667e9,network_device,acme,dev-01141,dev-01141.switch,switch,operational,in_use,2023-03-25T19:19:15Z,\N,2023-04-16T17:44:09Z,\N,1,assert
acme:network_device:dev-00207~1421eab5be48,network_device,acme,dev-00207,dev-00207.switch,switch,operational,in_use,2023-04-15T00:43:56Z,\N,2023-04-17T06:23:52Z,\N,1,assert
acme:network_device:dev-00704~ef5e0610248e,network_device,acme,dev-00704,dev-00704.switch,switch,operational,in_use,2023-03-23T00:54:31Z,\N,2023-04-17T18:03:28Z,\N,1,assert
acme:network_device:dev-00381~b32b291bb70f,network_device,acme,dev-00381,dev-00381.waf,waf,operational,in_use,2023-03-14T23:39:12Z,\N,2023-04-20T04:30:05Z,\N,1,assert
acme:network_device:dev-01098~932ae01ffb2d,network_device,acme,dev-01098,dev-01098.switch,switch,operational,in_maintenance,2023-03-25T15:07:43Z,\N,2023-04-21T20:23:42Z,\N,1,assert
acme:network_device:dev-00078~be1866a10e9c,network_device,acme,dev-00078,dev-00078.switch,switch,operational,in_use,2023-03-11T08:51:53Z,\N,2023-04-22T04:47:12Z,\N,1,assert
acme:network_device:dev-01152~54940c69c33a,network_device,acme,dev-01152,dev-01152.firewall,firewall,operational,in_use,2023-04-07T12:29:40Z,\N,2023-04-22T16:06:25Z,\N,1,assert
acme:network_device:dev-00072~b04651bc77a5,network_device,acme,dev-00072,dev-00072.switch,switch,operational,in_use,2023-03-22T04:49:26Z,\N,2023-04-26T00:44:00Z,\N,1,assert
acme:network_device:dev-00967~8ce8adb26f32,network_device,acme,dev-00967,dev-00967.proxy,proxy,operational,in_maintenance,2023-03-18T11:43:39Z,\N,2023-04-29T03:18:17Z,\N,1,assert
acme:network_device:dev-01054~12f37554a88a,network_device,acme,dev-01054,dev-01054.load_balancer,load_balancer,operational,in_use,2023-04-15T16:49:45Z,\N,2023-04-29T01:48:52Z,\N,1,assert
acme:network_device:dev-00415~78207db18e89,network_device,acme,dev-00415,dev-00415.waf,waf,operational,in_use,2023-03-25T23:57:00Z,\N,2023-05-02T23:50:52Z,\N,1,assert
acme:network_device:dev-00504~7ab2a81f90b1,network_device,acme,dev-00504,dev-00504.waf,waf,operational,in_use,2023-04-02T05:27:51Z,\N,2023-05-02T00:29:13Z,\N,1,assert
acme:network_device:dev-00518~fea60844acb8,network_device,acme,dev-00518,dev-00518.load_balancer,load_balancer,operational,in_maintenance,2023-03-28T06:26:28Z,\N,2023-05-02T06:05:43Z,\N,1,assert
acme:network_device:dev-01114~5d853cad8cbe,network_device,acme,dev-01114,dev-01114.load_balancer,load_balancer,operational,in_use,2023-04-28T16:57:39Z,\N,2023-05-05T20:51:27Z,\N,1,assert
acme:network_device:dev-00988~d371d3ec2fc7,network_device,acme,dev-00988,dev-00988.router,router,operational,in_use,2023-05-01T11:01:29Z,2023-12-05T07:14:52Z,2023-05-09T17:25:52Z,\N,1,assert
acme:network_device:dev-00523~456cd6aa674a,network_device,acme,dev-00523,dev-00523.proxy,proxy,operational,in_maintenance,2023-05-06T11:23:54Z,\N,2023-05-10T06:27:27Z,\N,1,assert
acme:network_device:dev-00901~929485937f24,network_device,acme,dev-00901,dev-00901.proxy,proxy,operational,in_use,2023-04-24T22:22:43Z,\N,2023-05-10T14:54:27Z,\N,1,assert
acme:network_device:dev-00553~e03463636b08,network_device,acme,dev-00553,dev-00553.load_balancer,load_balancer,operational,in_use,2023-04-25T06:54:44Z,\N,2023-05-13T01:35:46Z,\N,1,assert
acme:network_device:dev-00562~7234ac5c1124,network_device,acme,dev-00562,dev-00562.switch,switch,operational,in_use,2023-04-18T23:53:12Z,\N,2023-05-18T22:54:48Z,\N,1,assert
acme:network_device:dev-00370~a799a4d758eb,network_device,acme,dev-00370,dev-00370.router,router,operational,in_use,2023-05-12T18:21:08Z,\N,2023-05-24T06:44:56Z,\N,1,assert
acme:network_device:dev-00982~1540c9c6f3dc,network_device,acme,dev-00982,dev-00982.proxy,proxy,operational,in_use,2023-05-07T06:50:09Z,\N,2023-05-24T08:41:27Z,\N,1,assert
acme:network_device:dev-00828~a69c559939aa,network_device,acme,dev-00828,dev-00828.switch,switch,operational,in_use,2023-04-22T03:25:40Z,\N,2023-05-26T03:34:03Z,\N,1,assert
acme:network_device:dev-01094~0d2bf35aaf47,network_device,acme,dev-01094,dev-01094.proxy,proxy,operational,in_use,2023-05-04T18:29:51Z,\N,2023-05-27T06:09:05Z,\N,1,assert
acme:network_device:dev-00551~fa00f9312b02,network_device,acme,dev-00551,dev-00551.switch,switch,operational,in_use,2023-04-27T19:03:55Z,\N,2023-05-31T06:01:15Z,\N,1,assert
acme:network_device:dev-00739~03ec51fe75fa,network_device,acme,dev-00739,dev-00739.load_balancer,load_balancer,operational,in_use,2023-04-28T02:28:48Z,\N,2023-06-02T09:24:09Z,\N,1,assert
acme:network_device:dev-01000~3b7bf79f2720,network_device,acme,dev-01000,dev-01000.firewall,firewall,operational,in_use,2023-05-16T05:17:24Z,\N,2023-06-02T18:39:14Z,\N,1,assert
acme:network_device:dev-00753~fc71b99572af,network_device,acme,dev-00753,dev-00753.firewall,firewall,operational,in_use,2023-05-28T21:23:51Z,\N,2023-06-03T07:19:46Z,\N,1,assert
acme:network_device:dev-01109~c9b2438936d5,network_device,acme,dev-01109,dev-01109.waf,waf,operational,in_use,2023-05-13T08:04:10Z,\N,2023-06-03T11:17:35Z,\N,1,assert
acme:network_device:dev-00151~45e43af62655,network_device,acme,dev-00151,dev-00151.firewall,firewall,operational,in_use,2023-05-12T23:43:34Z,\N,2023-06-04T21:40:09Z,\N,1,assert
acme:network_device:dev-00495~45d261037373,network_device,acme,dev-00495,dev-00495.waf,waf,operational,in_use,2023-05-14T10:53:29Z,\N,2023-06-04T16:11:14Z,\N,1,assert
acme:network_device:dev-00852~d61cf00d4471,network_device,acme,dev-00852,dev-00852.load_balancer,load_balancer,operational,in_use,2023-05-30T10:34:32Z,\N,2023-06-07T22:07:31Z,\N,1,assert
acme:network_device:dev-00115~047ee01a875f,network_device,acme,dev-00115,dev-00115.switch,switch,operational,in_maintenance,2023-03-16T07:15:26Z,\N,2023-06-08T20:22:34Z,\N,2,assert
acme:network_device:dev-00579~7d4ae8b0a59c,network_device,acme,dev-00579,dev-00579.router,router,operational,in_use,2023-06-02T06:47:50Z,\N,2023-06-09T16:37:05Z,\N,1,assert
acme:network_device:dev-01077~40ab6a0f9907,network_device,acme,dev-01077,dev-01077.switch,switch,operational,in_use,2023-06-03T02:12:06Z,\N,2023-06-10T14:54:36Z,\N,1,assert
acme:network_device:dev-00297~505177eef540,network_device,acme,dev-00297,dev-00297.switch,switch,operational,in_use,2023-06-05T06:37:30Z,\N,2023-06-13T15:21:11Z,\N,1,assert
acme:network_device:dev-00945~7f5a604f06cd,network_device,acme,dev-00945,dev-00945.router,router,operational,in_use,2023-05-10T05:05:47Z,2023-11-01T03:40:06Z,2023-06-14T21:07:41Z,\N,1,assert
acme:network_device:dev-00309~2ee61201fa23,network_device,acme,dev-00309,dev-00309.switch,switch,operational,in_use,2023-05-29T13:55:20Z,\N,2023-06-16T05:32:30Z,\N,1,assert
acme:network_device:dev-00318~71754775a58d,network_device,acme,dev-00318,dev-00318.router,router,operational,in_maintenance,2023-05-27T14:25:43Z,\N,2023-06-18T01:31:05Z,\N,1,assert
acme:network_device:dev-00755~df81c3c961e4,network_device,acme,dev-00755,dev-00755.switch,switch,operational,in_maintenance,2023-05-11T14:17:52Z,2024-05-30T11:31:46Z,2023-06-18T02:34:18Z,\N,1,assert
acme:network_device:dev-00818~d3cdd123eded,network_device,acme,dev-00818,dev-00818.proxy,proxy,operational,in_use,2023-06-04T02:07:55Z,\N,2023-06-21T18:04:44Z,\N,1,assert
acme:network_device:dev-00886~f4e386ee44e5,network_device,acme,dev-00886,dev-00886.load_balancer,load_balancer,operational,in_use,2023-06-13T01:46:03Z,\N,2023-06-22T05:06:45Z,\N,1,assert
acme:network_device:dev-00570~c12df51357f8,network_device,acme,dev-00570,dev-00570.router,router,operational,in_use,2023-05-18T06:15:37Z,\N,2023-06-23T05:46:37Z,\N,1,assert
acme:network_device:dev-00953~fdbf46e7343e,network_device,acme,dev-00953,dev-00953.proxy,proxy,operational,in_use,2023-05-28T08:51:58Z,\N,2023-06-28T13:38:27Z,\N,1,assert
acme:network_device:dev-00977~42035944f51b,network_device,acme,dev-00977,dev-00977.switch,switch,operational,end_of_support,2022-02-13T10:48:17Z,\N,2023-06-30T22:14:44Z,\N,2,assert
acme:network_device:dev-00740~d21eb8eb2a18,network_device,acme,dev-00740,dev-00740.load_balancer,load_balancer,operational,in_use,2023-06-19T03:25:13Z,\N,2023-07-06T05:29:05Z,\N,1,assert
acme:network_device:dev-00705~98ec9bb73fa3,network_device,acme,dev-00705,dev-00705.firewall,firewall,operational,in_use,2023-06-10T16:57:43Z,\N,2023-07-07T00:45:55Z,\N,1,assert
acme:network_device:dev-00081~391963a3f2be,network_device,acme,dev-00081,dev-00081.switch,switch,operational,in_use,2023-07-06T05:04:24Z,\N,2023-07-10T00:21:14Z,\N,1,assert
acme:network_device:dev-00604~98ff9c31395e,network_device,acme,dev-00604,dev-00604.switch,switch,operational,in_maintenance,2023-06-13T02:43:23Z,\N,2023-07-10T12:22:51Z,\N,1,assert
acme:network_device:dev-00324~6a429358c70a,network_device,acme,dev-00324,dev-00324.load_balancer,load_balancer,operational,in_use,2023-06-11T17:10:38Z,\N,2023-07-11T19:29:32Z,\N,1,assert
acme:network_device:dev-00229~366e3b359cb9,network_device,acme,dev-00229,dev-00229.router,router,operational,in_use,2023-06-10T11:10:35Z,\N,2023-07-14T18:30:26Z,\N,1,assert
acme:network_device:dev-00439~b7bc4fb388ba,network_device,acme,dev-00439,dev-00439.router,router,operational,in_use,2023-06-12T12:20:13Z,\N,2023-07-15T06:53:01Z,\N,1,assert
acme:network_device:dev-00951~44d650667775,network_device,acme,dev-00951,dev-00951.firewall,firewall,operational,in_use,2023-07-19T19:17:43Z,\N,2023-07-20T16:40:46Z,\N,1,assert
acme:network_device:dev-00451~ad7887aa4852,network_device,acme,dev-00451,dev-00451.waf,waf,operational,in_maintenance,2023-07-16T10:45:59Z,\N,2023-07-21T17:54:47Z,\N,1,assert
acme:network_device:dev-00993~5e15073db523,network_device,acme,dev-00993,dev-00993.load_balancer,load_balancer,operational,in_use,2023-07-18T07:02:29Z,\N,2023-07-21T08:31:26Z,\N,1,assert
acme:network_device:dev-00656~1a45c838f2e3,network_device,acme,dev-00656,dev-00656.switch,switch,operational,in_maintenance,2023-07-10T13:57:48Z,\N,2023-07-23T17:42:24Z,\N,1,assert
acme:network_device:dev-01085~2e7ebb6988ef,network_device,acme,dev-01085,dev-01085.firewall,firewall,operational,in_use,2023-07-15T20:59:40Z,\N,2023-07-24T04:13:14Z,\N,1,assert
acme:network_device:dev-00749~7d15e1a67866,network_device,acme,dev-00749,dev-00749.firewall,firewall,operational,in_maintenance,2023-07-23T14:54:39Z,\N,2023-08-04T12:02:06Z,\N,1,assert
acme:network_device:dev-00136~ec2c3d859de4,network_device,acme,dev-00136,dev-00136.router,router,operational,in_use,2023-07-03T05:18:09Z,2023-12-16T02:55:41Z,2023-08-07T04:25:18Z,\N,1,assert
acme:network_device:dev-00321~260fd55b7504,network_device,acme,dev-00321,dev-00321.firewall,firewall,operational,in_maintenance,2023-07-15T03:33:31Z,\N,2023-08-12T06:56:24Z,\N,1,assert
acme:network_device:dev-00747~f4da063c92f3,network_device,acme,dev-00747,dev-00747.switch,switch,operational,in_use,2023-07-11T16:47:38Z,\N,2023-08-12T01:11:55Z,\N,1,assert
acme:network_device:dev-00298~dd0b91058cf9,network_device,acme,dev-00298,dev-00298.switch,switch,operational,in_use,2023-07-05T12:42:37Z,\N,2023-08-15T07:47:41Z,\N,1,assert
acme:network_device:dev-00811~eeb6f247f7a2,network_device,acme,dev-00811,dev-00811.waf,waf,operational,in_use,2023-08-15T01:09:55Z,\N,2023-08-15T01:09:55Z,\N,1,assert
acme:network_device:dev-00620~0f0c8ca51463,network_device,acme,dev-00620,dev-00620.load_balancer,load_balancer,operational,in_use,2023-07-16T04:54:40Z,\N,2023-08-16T07:05:06Z,\N,1,assert
acme:network_device:dev-00175~080a7c86b660,network_device,acme,dev-00175,dev-00175.switch,switch,operational,in_maintenance,2023-07-29T01:38:56Z,\N,2023-08-20T13:01:38Z,\N,1,assert
acme:network_device:dev-00076~b0bc70c42a97,network_device,acme,dev-00076,dev-00076.switch,switch,operational,in_use,2023-08-05T14:59:20Z,\N,2023-08-21T05:57:40Z,\N,1,assert
acme:network_device:dev-00414~228bb23e9eac,network_device,acme,dev-00414,dev-00414.load_balancer,load_balancer,operational,in_use,2023-08-01T15:46:15Z,\N,2023-08-24T11:19:29Z,\N,1,assert
acme:network_device:dev-01150~807635ae1e4d,network_device,acme,dev-01150,dev-01150.proxy,proxy,operational,in_maintenance,2023-08-10T22:43:58Z,\N,2023-08-24T16:45:44Z,\N,1,assert
acme:network_device:dev-00724~658dd9b8aa74,network_device,acme,dev-00724,dev-00724.switch,switch,operational,in_use,2023-07-29T07:50:35Z,\N,2023-08-27T19:34:50Z,\N,1,assert
acme:network_device:dev-01161~38f38c6b93fc,network_device,acme,dev-01161,dev-01161.switch,switch,operational,in_use,2023-07-26T03:45:19Z,\N,2023-08-27T23:15:37Z,\N,1,assert
acme:network_device:dev-00249~97b16c52d03c,network_device,acme,dev-00249,dev-00249.firewall,firewall,operational,in_maintenance,2023-08-08T22:16:26Z,\N,2023-08-28T06:08:45Z,\N,1,assert
acme:network_device:dev-00177~519a9c85dc21,network_device,acme,dev-00177,dev-00177.switch,switch,operational,in_use,2023-07-21T20:57:00Z,\N,2023-08-29T20:31:42Z,\N,1,assert
acme:network_device:dev-00696~a96211fd1cc2,network_device,acme,dev-00696,dev-00696.switch,switch,operational,in_use,2023-07-17T13:48:10Z,\N,2023-08-29T20:03:06Z,\N,1,assert
acme:network_device:dev-00006~4445d66ec898,network_device,acme,dev-00006,dev-00006.switch,switch,operational,in_use,2023-08-05T14:45:38Z,\N,2023-08-30T16:32:38Z,\N,1,assert
acme:network_device:dev-00600~339bfa9f9353,network_device,acme,dev-00600,dev-00600.waf,waf,operational,in_use,2023-07-28T08:01:54Z,2024-03-14T17:30:16Z,2023-09-03T06:00:16Z,\N,1,assert
acme:network_device:dev-01083~fe745b6c5086,network_device,acme,dev-01083,dev-01083.waf,waf,operational,in_use,2023-08-11T22:06:47Z,\N,2023-09-06T22:07:39Z,\N,1,assert
acme:network_device:dev-01163~68f9b5cc0067,network_device,acme,dev-01163,dev-01163.router,router,operational,in_use,2023-08-23T23:11:29Z,\N,2023-09-09T11:28:00Z,\N,1,assert
acme:network_device:dev-00186~711f5e3ad9e8,network_device,acme,dev-00186,dev-00186.proxy,proxy,operational,in_use,2023-09-08T16:15:29Z,\N,2023-09-10T02:42:55Z,\N,1,assert
acme:network_device:dev-00211~670e32884efe,network_device,acme,dev-00211,dev-00211.load_balancer,load_balancer,operational,in_use,2023-08-21T20:22:22Z,\N,2023-09-11T23:39:01Z,\N,1,assert
acme:network_device:dev-00566~95e91f7155d7,network_device,acme,dev-00566,dev-00566.switch,switch,operational,in_use,2023-08-13T05:05:36Z,\N,2023-09-16T09:39:23Z,\N,1,assert
acme:network_device:dev-00907~2a55756eb39f,network_device,acme,dev-00907,dev-00907.load_balancer,load_balancer,operational,in_use,2023-09-22T17:40:46Z,\N,2023-09-24T05:14:32Z,\N,1,assert
acme:network_device:dev-00921~1f2430585838,network_device,acme,dev-00921,dev-00921.firewall,firewall,operational,in_use,2023-08-14T23:29:37Z,\N,2023-09-24T06:26:59Z,\N,1,assert
acme:network_device:dev-00851~b471041a9057,network_device,acme,dev-00851,dev-00851.proxy,proxy,operational,in_use,2023-08-22T13:16:16Z,\N,2023-09-27T01:52:44Z,\N,1,assert
acme:network_device:dev-01177~058f687ca001,network_device,acme,dev-01177,dev-01177.firewall,firewall,operational,in_use,2023-08-28T05:24:18Z,\N,2023-10-05T16:35:32Z,\N,1,assert
acme:network_device:dev-01071~d7d485296af8,network_device,acme,dev-01071,dev-01071.proxy,proxy,operational,in_use,2023-09-13T04:17:11Z,\N,2023-10-06T05:17:40Z,\N,1,assert
acme:network_device:dev-00265~9beee4a3efcd,network_device,acme,dev-00265,dev-00265.switch,switch,operational,in_use,2023-09-30T08:34:59Z,\N,2023-10-08T11:13:00Z,\N,1,assert
acme:network_device:dev-00627~d04798057b85,network_device,acme,dev-00627,dev-00627.proxy,proxy,operational,in_use,2023-10-03T12:32:42Z,\N,2023-10-08T04:44:29Z,\N,1,assert
acme:network_device:dev-00089~0502701ecb5f,network_device,acme,dev-00089,dev-00089.firewall,firewall,operational,in_maintenance,2023-08-27T00:22:37Z,\N,2023-10-10T08:01:10Z,\N,1,assert
acme:network_device:dev-01045~458fff9fc12e,network_device,acme,dev-01045,dev-01045.switch,switch,operational,in_use,2023-10-08T03:00:15Z,\N,2023-10-11T19:29:33Z,\N,1,assert
acme:network_device:dev-00306~6e1d629a6ef0,network_device,acme,dev-00306,dev-00306.firewall,firewall,operational,in_maintenance,2023-10-08T04:09:52Z,\N,2023-10-12T21:32:24Z,\N,1,assert
acme:network_device:dev-00871~06db559f7824,network_device,acme,dev-00871,dev-00871.firewall,firewall,operational,in_use,2023-09-27T08:06:06Z,\N,2023-10-13T14:57:14Z,\N,1,assert
acme:network_device:dev-00053~96dc2dd0604d,network_device,acme,dev-00053,dev-00053.load_balancer,load_balancer,operational,in_use,2023-10-06T18:31:00Z,\N,2023-10-14T02:21:30Z,\N,1,assert
acme:network_device:dev-00391~fce5898c1730,network_device,acme,dev-00391,dev-00391.switch,switch,operational,in_use,2023-09-14T04:19:51Z,\N,2023-10-18T07:33:29Z,\N,1,assert
acme:network_device:dev-00074~ce5f1ffa3317,network_device,acme,dev-00074,dev-00074.load_balancer,load_balancer,operational,in_use,2023-09-20T01:26:39Z,\N,2023-10-19T22:46:25Z,\N,1,assert
acme:network_device:dev-00194~6230fcb6c625,network_device,acme,dev-00194,dev-00194.firewall,firewall,operational,in_maintenance,2023-09-19T22:25:59Z,\N,2023-10-19T17:46:48Z,\N,1,assert
acme:network_device:dev-00372~18c57949a939,network_device,acme,dev-00372,dev-00372.switch,switch,operational,in_maintenance,2023-10-19T09:45:07Z,\N,2023-10-25T14:36:48Z,\N,1,assert
acme:network_device:dev-00699~b4b7c2782b1c,network_device,acme,dev-00699,dev-00699.proxy,proxy,operational,in_maintenance,2023-10-25T13:45:19Z,\N,2023-11-06T23:26:00Z,\N,1,assert
acme:network_device:dev-00800~b63ce79df153,network_device,acme,dev-00800,dev-00800.load_balancer,load_balancer,operational,in_use,2023-10-09T02:01:12Z,\N,2023-11-06T15:26:28Z,\N,1,assert
acme:network_device:dev-00070~d3e8155bb252,network_device,acme,dev-00070,dev-00070.switch,switch,operational,in_use,2023-10-12T19:04:49Z,\N,2023-11-07T20:42:49Z,\N,1,assert
acme:network_device:dev-00251~a318d6648a6d,network_device,acme,dev-00251,dev-00251.switch,switch,operational,in_use,2023-11-05T15:30:58Z,\N,2023-11-10T00:08:04Z,\N,1,assert
acme:network_device:dev-00334~a378478171e5,network_device,acme,dev-00334,dev-00334.proxy,proxy,operational,in_use,2023-10-31T14:14:38Z,\N,2023-11-10T04:10:17Z,\N,1,assert
acme:network_device:dev-00397~5a700e305226,network_device,acme,dev-00397,dev-00397.load_balancer,load_balancer,operational,in_use,2023-11-02T09:34:47Z,\N,2023-11-11T16:57:44Z,\N,1,assert
acme:network_device:dev-00077~9f716055b9f0,network_device,acme,dev-00077,dev-00077.proxy,proxy,operational,in_use,2023-10-28T18:05:20Z,\N,2023-11-14T13:02:09Z,\N,1,assert
acme:network_device:dev-00709~4ca0b116b64d,network_device,acme,dev-00709,dev-00709.waf,waf,operational,in_use,2023-11-05T10:48:49Z,\N,2023-11-16T15:34:43Z,\N,1,assert
acme:network_device:dev-00009~9e5497c3c8e1,network_device,acme,dev-00009,dev-00009.switch,switch,operational,in_use,2023-10-23T01:48:04Z,\N,2023-11-17T01:13:14Z,\N,1,assert
acme:network_device:dev-00319~e5cb1dec0538,network_device,acme,dev-00319,dev-00319.waf,waf,operational,in_use,2023-11-06T22:20:01Z,\N,2023-11-28T02:47:26Z,\N,1,assert
acme:network_device:dev-00178~a86fca6a16a9,network_device,acme,dev-00178,dev-00178.switch,switch,operational,in_use,2023-11-05T18:59:35Z,\N,2023-12-05T03:51:50Z,\N,1,assert
acme:network_device:dev-00484~b8e9ee2545b8,network_device,acme,dev-00484,dev-00484.proxy,proxy,operational,in_use,2023-11-27T21:40:23Z,\N,2023-12-05T08:03:02Z,\N,1,assert
acme:network_device:dev-00996~f188eadf0133,network_device,acme,dev-00996,dev-00996.firewall,firewall,operational,in_use,2023-11-24T07:56:56Z,\N,2023-12-05T15:22:41Z,\N,1,assert
acme:network_device:dev-00576~85666050550c,network_device,acme,dev-00576,dev-00576.firewall,firewall,operational,in_use,2023-11-20T14:16:17Z,2024-06-13T22:38:23Z,2023-12-06T01:53:20Z,\N,1,assert
acme:network_device:dev-00894~d02ac83f1952,network_device,acme,dev-00894,dev-00894.firewall,firewall,operational,in_use,2023-12-09T16:56:31Z,\N,2023-12-09T16:56:31Z,\N,1,assert
acme:network_device:dev-00124~2af90907fdf0,network_device,acme,dev-00124,dev-00124.load_balancer,load_balancer,operational,in_use,2023-11-03T21:37:35Z,\N,2023-12-13T03:49:08Z,\N,1,assert
acme:network_device:dev-00987~f7ad7c0e10a9,network_device,acme,dev-00987,dev-00987.proxy,proxy,operational,in_use,2023-11-30T13:10:42Z,\N,2023-12-13T05:16:27Z,\N,1,assert
acme:network_device:dev-00978~c5e548369710,network_device,acme,dev-00978,dev-00978.firewall,firewall,operational,in_use,2023-12-10T01:06:00Z,\N,2023-12-15T09:40:21Z,\N,1,assert
acme:network_device:dev-00657~c740cf710772,network_device,acme,dev-00657,dev-00657.switch,switch,operational,in_use,2023-12-11T22:57:44Z,\N,2023-12-18T09:19:45Z,\N,1,assert
acme:network_device:dev-00670~2c4abc38bb2a,network_device,acme,dev-00670,dev-00670.switch,switch,operational,in_maintenance,2023-11-20T19:16:20Z,\N,2023-12-18T09:01:23Z,\N,1,assert
acme:network_device:dev-00932~8736ad7a05c7,network_device,acme,dev-00932,dev-00932.switch,switch,operational,in_maintenance,2023-11-30T16:58:35Z,\N,2023-12-18T21:35:11Z,\N,1,assert
acme:network_device:dev-00259~5b7c12e6f825,network_device,acme,dev-00259,dev-00259.load_balancer,load_balancer,operational,in_use,2023-11-10T14:13:02Z,\N,2023-12-19T10:16:10Z,\N,1,assert
acme:network_device:dev-00278~75bc18f56a32,network_device,acme,dev-00278,dev-00278.switch,switch,operational,in_use,2023-12-07T21:59:47Z,2024-10-10T20:11:49Z,2023-12-19T13:44:38Z,\N,1,assert
acme:network_device:dev-00577~cfd447d9d25c,network_device,acme,dev-00577,dev-00577.switch,switch,operational,in_use,2023-12-13T16:03:09Z,\N,2023-12-22T08:24:45Z,\N,1,assert
acme:network_device:dev-00675~c0f7f0bc162e,network_device,acme,dev-00675,dev-00675.switch,switch,operational,in_use,2023-11-29T12:45:03Z,\N,2023-12-23T10:49:19Z,\N,1,assert
acme:network_device:dev-00974~d251c61c2b79,network_device,acme,dev-00974,dev-00974.switch,switch,operational,in_maintenance,2023-12-17T10:18:28Z,\N,2023-12-25T03:35:49Z,\N,1,assert
acme:network_device:dev-01050~85c7075c7e4d,network_device,acme,dev-01050,dev-01050.switch,switch,operational,in_use,2023-11-30T04:25:45Z,\N,2023-12-25T04:44:46Z,\N,1,assert
acme:network_device:dev-01072~60b3c75ee7bc,network_device,acme,dev-01072,dev-01072.switch,switch,operational,in_use,2023-11-30T11:00:49Z,\N,2024-01-04T21:01:10Z,\N,1,assert
acme:network_device:dev-00950~d01674600492,network_device,acme,dev-00950,dev-00950.switch,switch,operational,in_use,2024-01-01T10:19:20Z,\N,2024-01-07T05:31:35Z,\N,1,assert
acme:network_device:dev-01013~622ad4ff4dc0,network_device,acme,dev-01013,dev-01013.firewall,firewall,operational,in_use,2023-11-27T14:06:22Z,\N,2024-01-07T20:07:18Z,\N,1,assert
acme:network_device:dev-00116~889488c35e13,network_device,acme,dev-00116,dev-00116.switch,switch,operational,in_use,2024-01-01T08:12:04Z,\N,2024-01-08T16:49:23Z,\N,1,assert
acme:network_device:dev-00975~bb7f5e11eeb3,network_device,acme,dev-00975,dev-00975.switch,switch,operational,in_maintenance,2023-12-03T20:47:45Z,\N,2024-01-10T08:08:42Z,\N,1,assert
acme:network_device:dev-00492~7e96b3c4e09b,network_device,acme,dev-00492,dev-00492.load_balancer,load_balancer,operational,in_use,2023-12-15T16:20:10Z,\N,2024-01-12T10:32:41Z,\N,1,assert
acme:network_device:dev-00024~84a3c0209d02,network_device,acme,dev-00024,dev-00024.switch,switch,operational,in_maintenance,2023-12-22T09:33:02Z,\N,2024-01-13T10:00:36Z,\N,1,assert
acme:network_device:dev-00268~c8f6103694b7,network_device,acme,dev-00268,dev-00268.proxy,proxy,operational,in_maintenance,2024-01-08T04:54:21Z,\N,2024-01-15T07:41:34Z,\N,1,assert
acme:network_device:dev-00502~6866ffabfb28,network_device,acme,dev-00502,dev-00502.load_balancer,load_balancer,operational,in_use,2023-12-22T03:46:27Z,\N,2024-01-17T23:05:40Z,\N,1,assert
acme:network_device:dev-00386~2e8e7c0f181b,network_device,acme,dev-00386,dev-00386.proxy,proxy,operational,in_use,2023-12-11T09:38:32Z,\N,2024-01-19T18:27:57Z,\N,1,assert
acme:network_device:dev-00591~57b1baf68c9b,network_device,acme,dev-00591,dev-00591.proxy,proxy,operational,in_use,2024-01-23T00:37:00Z,\N,2024-01-23T00:37:00Z,\N,1,assert
acme:network_device:dev-00571~e279c2f3849b,network_device,acme,dev-00571,dev-00571.router,router,operational,in_use,2023-12-29T11:57:28Z,\N,2024-01-25T23:16:08Z,\N,1,assert
acme:network_device:dev-00033~6251230f0ad6,network_device,acme,dev-00033,dev-00033.load_balancer,load_balancer,operational,in_maintenance,2024-01-05T11:53:46Z,\N,2024-01-29T11:22:59Z,\N,1,assert
acme:network_device:dev-00402~5d40b916993b,network_device,acme,dev-00402,dev-00402.switch,switch,operational,in_use,2024-01-12T13:55:10Z,\N,2024-01-29T09:00:43Z,\N,1,assert
acme:network_device:dev-00239~05e90aad2a8a,network_device,acme,dev-00239,dev-00239.load_balancer,load_balancer,operational,in_use,2024-01-15T22:45:45Z,\N,2024-01-31T12:38:12Z,\N,1,assert
acme:network_device:dev-00290~ebc11a3eee9b,network_device,acme,dev-00290,dev-00290.router,router,operational,in_use,2024-01-10T07:40:55Z,\N,2024-02-02T02:23:23Z,\N,1,assert
acme:network_device:dev-00511~608fe2515f66,network_device,acme,dev-00511,dev-00511.router,router,operational,in_use,2023-12-21T00:51:52Z,\N,2024-02-02T11:14:31Z,\N,1,assert
acme:network_device:dev-00019~ba376d486c9d,network_device,acme,dev-00019,dev-00019.proxy,proxy,operational,in_use,2024-01-09T03:35:52Z,\N,2024-02-12T02:44:49Z,\N,1,assert
acme:network_device:dev-00840~e5f1a439ee71,network_device,acme,dev-00840,dev-00840.waf,waf,operational,in_use,2024-01-02T12:53:06Z,\N,2024-02-15T21:50:56Z,\N,1,assert
acme:network_device:dev-00303~d9fd689ad121,network_device,acme,dev-00303,dev-00303.load_balancer,load_balancer,operational,in_use,2024-02-09T02:39:24Z,\N,2024-02-20T15:22:39Z,\N,1,assert
acme:network_device:dev-00142~652818c975a5,network_device,acme,dev-00142,dev-00142.switch,switch,operational,in_use,2024-01-16T03:56:53Z,\N,2024-02-21T23:09:50Z,\N,1,assert
acme:network_device:dev-00661~0995b82cd6a0,network_device,acme,dev-00661,dev-00661.router,router,operational,in_use,2024-02-19T02:09:22Z,\N,2024-02-21T15:24:25Z,\N,1,assert
acme:network_device:dev-00720~ef38b7df8984,network_device,acme,dev-00720,dev-00720.firewall,firewall,operational,in_use,2024-01-26T08:50:59Z,\N,2024-02-24T11:05:03Z,\N,1,assert
acme:network_device:dev-00250~aaa4d0653f2f,network_device,acme,dev-00250,dev-00250.router,router,operational,in_maintenance,2024-02-13T09:53:07Z,\N,2024-02-25T10:32:33Z,\N,1,assert
acme:network_device:dev-00423~c20d8cf01c7b,network_device,acme,dev-00423,dev-00423.waf,waf,operational,in_maintenance,2024-02-20T18:32:10Z,\N,2024-02-29T08:20:51Z,\N,1,assert
acme:network_device:dev-00872~cd23f713d122,network_device,acme,dev-00872,dev-00872.firewall,firewall,operational,in_maintenance,2024-02-21T11:22:40Z,\N,2024-03-01T03:54:17Z,\N,1,assert
acme:network_device:dev-01156~d4f30896d828,network_device,acme,dev-01156,dev-01156.load_balancer,load_balancer,operational,in_use,2024-01-31T03:11:55Z,\N,2024-03-03T02:45:11Z,\N,1,assert
acme:network_device:dev-00824~5e538a13673a,network_device,acme,dev-00824,dev-00824.router,router,operational,in_use,2024-03-01T16:20:08Z,\N,2024-03-05T06:37:50Z,\N,1,assert
acme:network_device:dev-00930~0985c96f322b,network_device,acme,dev-00930,dev-00930.switch,switch,operational,in_use,2024-02-03T18:05:30Z,\N,2024-03-05T03:40:35Z,\N,1,assert
acme:network_device:dev-00947~a529ec2b731f,network_device,acme,dev-00947,dev-00947.switch,switch,operational,in_use,2024-02-05T18:08:19Z,\N,2024-03-06T00:11:27Z,\N,1,assert
acme:network_device:dev-00135~13e8685fe259,network_device,acme,dev-00135,dev-00135.router,router,operational,in_use,2024-02-09T10:26:19Z,\N,2024-03-08T19:40:57Z,\N,1,assert
acme:network_device:dev-01149~0358756e735d,network_device,acme,dev-01149,dev-01149.switch,switch,operational,in_use,2024-03-05T22:33:25Z,\N,2024-03-09T14:03:21Z,\N,1,assert
acme:network_device:dev-00246~1174386d4371,network_device,acme,dev-00246,dev-00246.firewall,firewall,operational,in_use,2024-03-01T16:36:04Z,2024-12-02T01:07:27Z,2024-03-14T03:47:50Z,\N,1,assert
acme:network_device:dev-00623~b433f8218f8f,network_device,acme,dev-00623,dev-00623.router,router,operational,in_maintenance,2024-02-28T00:01:55Z,\N,2024-03-16T09:50:26Z,\N,1,assert
acme:network_device:dev-00171~65e514a9e9bb,network_device,acme,dev-00171,dev-00171.firewall,firewall,operational,in_use,2024-03-01T13:25:30Z,\N,2024-03-21T11:37:31Z,\N,1,assert
acme:network_device:dev-00725~f5cf711beb9f,network_device,acme,dev-00725,dev-00725.firewall,firewall,operational,in_maintenance,2024-02-09T16:35:45Z,\N,2024-03-24T00:14:19Z,\N,1,assert
acme:network_device:dev-00850~b0683162e5a0,network_device,acme,dev-00850,dev-00850.waf,waf,operational,in_use,2024-02-17T18:45:22Z,2024-05-07T01:03:30Z,2024-03-24T18:37:37Z,\N,1,assert
acme:network_device:dev-00366~82cfdf13c977,network_device,acme,dev-00366,dev-00366.proxy,proxy,operational,in_maintenance,2024-02-23T22:09:17Z,\N,2024-03-29T02:54:08Z,\N,1,assert
acme:network_device:dev-00927~f20b3059915d,network_device,acme,dev-00927,dev-00927.load_balancer,load_balancer,operational,in_use,2024-03-11T18:16:19Z,\N,2024-04-06T12:26:49Z,\N,1,assert
acme:network_device:dev-00197~8771212cc448,network_device,acme,dev-00197,dev-00197.switch,switch,operational,in_use,2024-03-23T06:53:26Z,\N,2024-04-07T08:16:18Z,\N,1,assert
acme:network_device:dev-00043~2b50c3676a22,network_device,acme,dev-00043,dev-00043.waf,waf,operational,in_use,2024-04-02T12:54:33Z,\N,2024-04-12T08:00:57Z,\N,1,assert
acme:network_device:dev-00095~83cfa963e65a,network_device,acme,dev-00095,dev-00095.load_balancer,load_balancer,operational,in_use,2024-03-26T00:44:43Z,\N,2024-04-12T14:42:14Z,2024-05-11T15:20:48Z,1,assert
acme:network_device:dev-00654~63fcd126e4c1,network_device,acme,dev-00654,dev-00654.switch,switch,operational,in_use,2024-04-05T09:14:10Z,\N,2024-04-14T18:30:45Z,\N,1,assert
acme:network_device:dev-00807~a51faf957aa7,network_device,acme,dev-00807,dev-00807.switch,switch,operational,in_use,2024-04-19T22:51:39Z,\N,2024-04-19T22:51:39Z,\N,1,assert
acme:network_device:dev-00802~f7d5acb3ba20,network_device,acme,dev-00802,dev-00802.router,router,operational,in_use,2024-03-14T07:05:39Z,\N,2024-04-23T15:27:47Z,\N,1,assert
acme:network_device:dev-00580~f5d3f0dfd53a,network_device,acme,dev-00580,dev-00580.switch,switch,operational,in_use,2024-04-25T01:48:24Z,\N,2024-04-25T01:48:24Z,\N,1,assert
acme:network_device:dev-01174~13a9bdddea6b,network_device,acme,dev-01174,dev-01174.load_balancer,load_balancer,operational,in_use,2024-04-17T09:50:15Z,\N,2024-04-26T23:52:41Z,\N,1,assert
acme:network_device:dev-00049~081af18f36c7,network_device,acme,dev-00049,dev-00049.load_balancer,load_balancer,operational,in_use,2024-04-06T01:24:16Z,\N,2024-04-28T14:16:31Z,\N,1,assert
acme:network_device:dev-00805~3ef5e36d39f5,network_device,acme,dev-00805,dev-00805.switch,switch,operational,in_use,2024-04-25T23:31:53Z,\N,2024-04-29T05:02:24Z,\N,1,assert
acme:network_device:dev-00812~b0f661943010,network_device,acme,dev-00812,dev-00812.firewall,firewall,operational,in_use,2024-04-16T01:59:48Z,\N,2024-04-29T10:50:35Z,\N,1,assert
acme:network_device:dev-00403~ce9f7b97cd28,network_device,acme,dev-00403,dev-00403.waf,waf,operational,in_use,2024-04-27T12:16:02Z,\N,2024-04-30T15:46:26Z,\N,1,assert
acme:network_device:dev-00625~2ad871940342,network_device,acme,dev-00625,dev-00625.router,router,operational,in_use,2024-04-09T08:36:40Z,\N,2024-05-02T04:45:12Z,\N,1,assert
acme:network_device:dev-00859~b632794c71b2,network_device,acme,dev-00859,dev-00859.switch,switch,operational,in_maintenance,2024-03-23T20:38:38Z,\N,2024-05-05T17:55:27Z,\N,1,assert
acme:network_device:dev-00843~ba6285a85fdb,network_device,acme,dev-00843,dev-00843.waf,waf,operational,in_maintenance,2024-05-08T08:02:09Z,\N,2024-05-09T02:20:44Z,\N,1,assert
acme:network_device:dev-01127~3776660b7fb6,network_device,acme,dev-01127,dev-01127.load_balancer,load_balancer,operational,in_use,2024-04-22T16:27:55Z,\N,2024-05-09T02:46:42Z,\N,1,assert
acme:network_device:dev-00095~83cfa963e65a,network_device,acme,dev-00095,dev-00095.load_balancer,load_balancer,operational,in_maintenance,2024-03-26T00:44:43Z,\N,2024-05-11T15:20:48Z,\N,2,assert
acme:network_device:dev-00156~06e05abfa57d,network_device,acme,dev-00156,dev-00156.load_balancer,load_balancer,operational,in_maintenance,2024-04-24T06:24:12Z,\N,2024-05-12T20:39:46Z,\N,1,assert
acme:network_device:dev-00849~c747d1c5133f,network_device,acme,dev-00849,dev-00849.proxy,proxy,operational,in_maintenance,2024-04-20T11:58:48Z,\N,2024-05-15T23:45:04Z,\N,1,assert
acme:network_device:dev-00786~21a6f399982f,network_device,acme,dev-00786,dev-00786.router,router,operational,in_use,2024-05-01T13:37:52Z,2025-06-21T00:31:04Z,2024-05-17T05:28:49Z,\N,1,assert
acme:network_device:dev-01175~108a7b640bea,network_device,acme,dev-01175,dev-01175.waf,waf,operational,in_use,2024-05-14T03:10:01Z,\N,2024-05-18T22:34:20Z,\N,1,assert
acme:network_device:dev-01028~03311843f3cb,network_device,acme,dev-01028,dev-01028.waf,waf,operational,in_use,2024-05-03T00:28:08Z,\N,2024-05-21T01:04:41Z,\N,1,assert
acme:network_device:dev-00809~240bc14fc211,network_device,acme,dev-00809,dev-00809.switch,switch,operational,in_use,2024-04-30T05:57:31Z,\N,2024-05-28T09:25:36Z,\N,1,assert
acme:network_device:dev-00226~e30642fc8f8f,network_device,acme,dev-00226,dev-00226.switch,switch,operational,in_use,2024-04-23T16:02:49Z,\N,2024-05-30T06:33:57Z,\N,1,assert
acme:network_device:dev-00482~e227fa941578,network_device,acme,dev-00482,dev-00482.proxy,proxy,operational,in_use,2024-04-27T04:30:17Z,\N,2024-05-30T11:33:55Z,\N,1,assert
acme:network_device:dev-01044~38d375bd6d66,network_device,acme,dev-01044,dev-01044.switch,switch,operational,in_use,2024-04-28T12:28:57Z,\N,2024-05-30T22:55:25Z,\N,1,assert
acme:network_device:dev-00286~da384602d999,network_device,acme,dev-00286,dev-00286.switch,switch,operational,in_maintenance,2024-06-02T11:04:11Z,\N,2024-06-02T11:04:11Z,\N,1,assert
acme:network_device:dev-00314~96d32ecacbbb,network_device,acme,dev-00314,dev-00314.router,router,operational,in_use,2024-04-21T09:07:11Z,\N,2024-06-04T07:26:25Z,\N,1,assert
acme:network_device:dev-00401~78e34e40871d,network_device,acme,dev-00401,dev-00401.switch,switch,operational,in_maintenance,2024-05-11T15:10:37Z,\N,2024-06-05T02:27:59Z,\N,1,assert
acme:network_device:dev-00486~e2297223db34,network_device,acme,dev-00486,dev-00486.router,router,operational,in_use,2024-05-08T01:19:03Z,\N,2024-06-06T11:38:40Z,\N,1,assert
acme:network_device:dev-00752~7c6d6a0e8193,network_device,acme,dev-00752,dev-00752.switch,switch,operational,in_use,2024-05-15T21:08:17Z,\N,2024-06-06T05:53:12Z,\N,1,assert
acme:network_device:dev-00061~b6a98a9f14a9,network_device,acme,dev-00061,dev-00061.proxy,proxy,operational,in_use,2024-05-29T12:43:22Z,\N,2024-06-08T00:14:53Z,\N,1,assert
acme:network_device:dev-01104~90b1264b4d20,network_device,acme,dev-01104,dev-01104.switch,switch,operational,in_use,2024-05-20T03:50:32Z,\N,2024-06-08T13:56:04Z,\N,1,assert
acme:network_device:dev-00455~ebf2c000873c,network_device,acme,dev-00455,dev-00455.waf,waf,operational,in_use,2024-06-01T16:11:00Z,\N,2024-06-09T13:48:39Z,\N,1,assert
acme:network_device:dev-01133~7394100ac548,network_device,acme,dev-01133,dev-01133.firewall,firewall,operational,in_use,2024-05-10T20:49:39Z,\N,2024-06-14T16:18:00Z,\N,1,assert
acme:network_device:dev-00276~4a865572acdb,network_device,acme,dev-00276,dev-00276.switch,switch,operational,in_use,2024-05-24T09:31:05Z,\N,2024-06-15T00:22:33Z,\N,1,assert
acme:network_device:dev-01006~86c5df02197c,network_device,acme,dev-01006,dev-01006.router,router,operational,in_use,2024-05-18T12:52:05Z,\N,2024-06-15T13:55:34Z,\N,1,assert
acme:network_device:dev-00736~06ee001dbc18,network_device,acme,dev-00736,dev-00736.switch,switch,operational,in_use,2024-06-04T01:19:17Z,\N,2024-06-18T19:11:01Z,\N,1,assert
acme:network_device:dev-00697~b99041607657,network_device,acme,dev-00697,dev-00697.router,router,operational,in_use,2024-05-16T04:14:28Z,\N,2024-06-20T08:42:42Z,\N,1,assert
acme:network_device:dev-00146~636b55f97b2a,network_device,acme,dev-00146,dev-00146.proxy,proxy,operational,in_use,2024-05-28T17:10:24Z,\N,2024-06-21T13:30:03Z,\N,1,assert
acme:network_device:dev-00431~1e64ea7e8541,network_device,acme,dev-00431,dev-00431.waf,waf,operational,in_maintenance,2024-06-23T01:48:15Z,\N,2024-06-24T18:26:47Z,\N,1,assert
acme:network_device:dev-00205~0d2aab7f1827,network_device,acme,dev-00205,dev-00205.switch,switch,operational,in_use,2024-06-17T04:33:19Z,\N,2024-06-25T23:11:26Z,\N,1,assert
acme:network_device:dev-01058~efa5c268d748,network_device,acme,dev-01058,dev-01058.switch,switch,operational,in_use,2024-06-14T01:30:48Z,\N,2024-06-25T17:42:21Z,\N,1,assert
acme:network_device:dev-00616~ff4d8181ff4d,network_device,acme,dev-00616,dev-00616.waf,waf,operational,in_use,2024-06-19T18:00:02Z,\N,2024-06-27T05:02:22Z,\N,1,assert
acme:network_device:dev-00687~d0033380f71e,network_device,acme,dev-00687,dev-00687.switch,switch,operational,in_use,2024-06-30T04:38:58Z,\N,2024-06-30T04:38:58Z,\N,1,assert
acme:network_device:dev-00348~026d7ac5cf7f,network_device,acme,dev-00348,dev-00348.switch,switch,operational,in_maintenance,2024-06-29T22:04:07Z,\N,2024-07-09T12:45:33Z,\N,1,assert
acme:network_device:dev-00234~43d929adfa83,network_device,acme,dev-00234,dev-00234.switch,switch,operational,in_use,2024-06-01T08:49:18Z,\N,2024-07-11T18:59:15Z,\N,1,assert
acme:network_device:dev-00521~87ec2e859385,network_device,acme,dev-00521,dev-00521.firewall,firewall,operational,in_use,2024-06-09T06:08:32Z,\N,2024-07-14T03:24:37Z,\N,1,assert
acme:network_device:dev-00336~804dcf480f1e,network_device,acme,dev-00336,dev-00336.router,router,operational,in_use,2024-06-26T01:23:57Z,\N,2024-07-16T15:48:50Z,\N,1,assert
acme:network_device:dev-00131~66c05f144d32,network_device,acme,dev-00131,dev-00131.router,router,operational,in_use,2024-07-10T06:16:37Z,\N,2024-07-17T22:36:53Z,\N,1,assert
acme:network_device:dev-00617~87e22a1120fa,network_device,acme,dev-00617,dev-00617.proxy,proxy,operational,in_use,2024-06-26T05:37:19Z,\N,2024-07-18T09:51:33Z,\N,1,assert
acme:network_device:dev-01101~00842b544e53,network_device,acme,dev-01101,dev-01101.firewall,firewall,operational,in_maintenance,2024-06-13T02:28:59Z,\N,2024-07-20T15:34:29Z,\N,1,assert
acme:network_device:dev-00920~3f7af33ae732,network_device,acme,dev-00920,dev-00920.switch,switch,operational,in_use,2024-06-21T22:39:42Z,\N,2024-07-21T09:06:16Z,\N,1,assert
acme:network_device:dev-00413~008572177ef7,network_device,acme,dev-00413,dev-00413.switch,switch,operational,in_use,2024-07-07T14:31:29Z,\N,2024-07-23T00:29:41Z,\N,1,assert
acme:network_device:dev-00731~c54e9972c0d7,network_device,acme,dev-00731,dev-00731.switch,switch,operational,in_maintenance,2024-06-20T21:32:15Z,\N,2024-07-24T20:45:26Z,\N,1,assert
acme:network_device:dev-01082~67c3e55d3619,network_device,acme,dev-01082,dev-01082.switch,switch,operational,in_use,2024-06-11T10:05:58Z,\N,2024-07-25T07:42:37Z,\N,1,assert
acme:network_device:dev-00189~531a8f87f6ef,network_device,acme,dev-00189,dev-00189.switch,switch,operational,in_use,2024-06-27T09:46:48Z,\N,2024-07-30T17:44:37Z,\N,1,assert
acme:network_device:dev-00279~feddeabc80a5,network_device,acme,dev-00279,dev-00279.load_balancer,load_balancer,operational,in_maintenance,2024-07-11T09:57:43Z,\N,2024-07-31T15:50:56Z,\N,1,assert
acme:network_device:dev-00934~d93bb20056f1,network_device,acme,dev-00934,dev-00934.switch,switch,operational,in_use,2024-06-30T00:55:33Z,\N,2024-08-01T16:28:14Z,\N,1,assert
acme:network_device:dev-00542~ffc6dd57b97a,network_device,acme,dev-00542,dev-00542.router,router,operational,in_use,2024-08-02T11:39:04Z,\N,2024-08-04T15:02:42Z,\N,1,assert
acme:network_device:dev-00826~4b3fd42c103a,network_device,acme,dev-00826,dev-00826.router,router,operational,in_maintenance,2024-07-11T12:30:27Z,\N,2024-08-05T13:39:56Z,\N,1,assert
acme:network_device:dev-00331~25348f57f880,network_device,acme,dev-00331,dev-00331.switch,switch,operational,in_use,2024-07-26T12:06:53Z,\N,2024-08-07T08:24:52Z,\N,1,assert
acme:network_device:dev-00203~aeb69f20068b,network_device,acme,dev-00203,dev-00203.firewall,firewall,operational,in_maintenance,2024-06-30T01:21:20Z,\N,2024-08-08T09:45:57Z,\N,1,assert
acme:network_device:dev-00721~b2f2911bda70,network_device,acme,dev-00721,dev-00721.switch,switch,operational,in_use,2024-07-26T00:49:53Z,\N,2024-08-08T07:59:19Z,\N,1,assert
acme:network_device:dev-00148~253777677c67,network_device,acme,dev-00148,dev-00148.firewall,firewall,operational,in_use,2024-06-30T14:45:23Z,\N,2024-08-09T08:06:34Z,\N,1,assert
acme:network_device:dev-00018~566dba1442c9,network_device,acme,dev-00018,dev-00018.load_balancer,load_balancer,operational,in_maintenance,2024-07-10T11:47:05Z,\N,2024-08-10T15:49:01Z,\N,1,assert
acme:network_device:dev-00701~5632049cd2e5,network_device,acme,dev-00701,dev-00701.router,router,operational,in_use,2024-06-30T07:27:33Z,\N,2024-08-11T06:10:23Z,\N,1,assert
acme:network_device:dev-00835~4b0a1c766b99,network_device,acme,dev-00835,dev-00835.switch,switch,operational,in_use,2024-08-05T19:47:48Z,\N,2024-08-11T10:39:07Z,\N,1,assert
acme:network_device:dev-00224~0d38c8b1f624,network_device,acme,dev-00224,dev-00224.router,router,operational,in_use,2024-08-11T03:52:20Z,\N,2024-08-13T08:42:15Z,\N,1,assert
acme:network_device:dev-00327~3a022d245191,network_device,acme,dev-00327,dev-00327.switch,switch,operational,in_use,2024-08-12T04:08:31Z,\N,2024-08-14T23:23:50Z,\N,1,assert
acme:network_device:dev-01070~b660b0258eba,network_device,acme,dev-01070,dev-01070.firewall,firewall,operational,in_use,2024-07-26T00:50:43Z,\N,2024-08-15T13:54:27Z,\N,1,assert
acme:network_device:dev-00624~c18aa13900df,network_device,acme,dev-00624,dev-00624.switch,switch,operational,in_use,2024-07-26T17:05:54Z,\N,2024-08-16T06:29:14Z,\N,1,assert
acme:network_device:dev-00273~ed5f954895f1,network_device,acme,dev-00273,dev-00273.load_balancer,load_balancer,operational,in_maintenance,2024-07-16T19:58:40Z,\N,2024-08-17T14:02:30Z,\N,1,assert
acme:network_device:dev-00168~61e7bc67c228,network_device,acme,dev-00168,dev-00168.firewall,firewall,operational,in_use,2024-08-02T14:59:39Z,\N,2024-08-22T01:37:06Z,\N,1,assert
acme:network_device:dev-00102~622a51f0c044,network_device,acme,dev-00102,dev-00102.switch,switch,operational,in_maintenance,2024-08-15T22:32:15Z,\N,2024-08-24T23:32:23Z,\N,1,assert
acme:network_device:dev-00567~0fc6b53ae95f,network_device,acme,dev-00567,dev-00567.waf,waf,operational,in_use,2024-07-25T00:08:50Z,\N,2024-08-28T20:48:36Z,\N,1,assert
acme:network_device:dev-00154~5cd388f67a6c,network_device,acme,dev-00154,dev-00154.waf,waf,operational,in_maintenance,2024-08-24T14:38:29Z,\N,2024-08-29T08:27:19Z,\N,1,assert
acme:network_device:dev-00856~172495dc7648,network_device,acme,dev-00856,dev-00856.router,router,operational,in_use,2024-07-22T19:05:16Z,\N,2024-09-03T07:51:40Z,\N,1,assert
acme:network_device:dev-00051~ab017b8c0d55,network_device,acme,dev-00051,dev-00051.load_balancer,load_balancer,operational,in_maintenance,2024-08-11T10:57:02Z,\N,2024-09-05T22:12:14Z,\N,1,assert
acme:network_device:dev-00715~440ab609150b,network_device,acme,dev-00715,dev-00715.router,router,operational,in_use,2024-08-15T08:18:41Z,\N,2024-09-06T18:05:31Z,\N,1,assert
acme:network_device:dev-00010~b116171592b3,network_device,acme,dev-00010,dev-00010.switch,switch,operational,in_maintenance,2024-08-11T07:18:52Z,\N,2024-09-07T09:56:26Z,\N,1,assert
acme:network_device:dev-00711~58ccaa0cf13a,network_device,acme,dev-00711,dev-00711.switch,switch,operational,in_use,2024-08-13T20:22:18Z,\N,2024-09-07T07:08:37Z,\N,1,assert
acme:network_device:dev-00417~4a5d6bf7a716,network_device,acme,dev-00417,dev-00417.switch,switch,operational,in_use,2024-08-18T08:41:13Z,\N,2024-09-12T08:32:44Z,\N,1,assert
acme:network_device:dev-00820~337fd819d60d,network_device,acme,dev-00820,dev-00820.waf,waf,operational,in_use,2024-08-09T04:07:36Z,\N,2024-09-15T09:46:00Z,\N,1,assert
acme:network_device:dev-00342~47418ddb96a1,network_device,acme,dev-00342,dev-00342.router,router,operational,in_use,2024-08-16T06:51:29Z,\N,2024-09-16T06:54:39Z,\N,1,assert
acme:network_device:dev-00848~afe149d1f0bf,network_device,acme,dev-00848,dev-00848.switch,switch,operational,in_maintenance,2024-08-30T05:01:21Z,\N,2024-09-16T00:09:49Z,\N,1,assert
acme:network_device:dev-00169~deedceb13d3a,network_device,acme,dev-00169,dev-00169.load_balancer,load_balancer,operational,in_maintenance,2024-08-06T19:52:02Z,\N,2024-09-18T01:14:25Z,\N,1,assert
acme:network_device:dev-00271~2b116ecf2a19,network_device,acme,dev-00271,dev-00271.switch,switch,operational,in_use,2024-09-04T17:08:50Z,\N,2024-09-19T04:21:16Z,\N,1,assert
acme:network_device:dev-00360~5bf611d8c787,network_device,acme,dev-00360,dev-00360.firewall,firewall,operational,in_use,2024-08-06T23:50:46Z,\N,2024-09-19T18:26:19Z,\N,1,assert
acme:network_device:dev-00765~93515eee99d2,network_device,acme,dev-00765,dev-00765.load_balancer,load_balancer,operational,in_use,2024-08-07T19:57:47Z,\N,2024-09-19T04:37:09Z,\N,1,assert
acme:network_device:dev-00267~2c13828c859b,network_device,acme,dev-00267,dev-00267.proxy,proxy,operational,in_maintenance,2024-09-13T07:11:52Z,\N,2024-09-21T21:51:58Z,\N,1,assert
acme:network_device:dev-00163~6fc416312f2d,network_device,acme,dev-00163,dev-00163.firewall,firewall,operational,in_use,2024-08-17T22:29:09Z,\N,2024-09-24T07:13:41Z,\N,1,assert
acme:network_device:dev-00857~591ee2e0122b,network_device,acme,dev-00857,dev-00857.switch,switch,operational,in_use,2024-09-12T12:57:30Z,\N,2024-09-28T03:59:08Z,\N,1,assert
acme:network_device:dev-00446~a9d8632fba81,network_device,acme,dev-00446,dev-00446.router,router,operational,in_maintenance,2024-08-26T05:49:53Z,\N,2024-10-01T15:44:53Z,\N,1,assert
acme:network_device:dev-00766~a91a5d937cce,network_device,acme,dev-00766,dev-00766.switch,switch,operational,in_use,2024-09-24T12:54:52Z,\N,2024-10-03T08:39:59Z,\N,1,assert
acme:network_device:dev-00968~20d7a9e30b15,network_device,acme,dev-00968,dev-00968.router,router,operational,in_use,2024-09-25T01:29:59Z,\N,2024-10-06T15:56:58Z,\N,1,assert
acme:network_device:dev-00173~d437aeb7078d,network_device,acme,dev-00173,dev-00173.switch,switch,operational,in_use,2024-09-27T09:09:26Z,\N,2024-10-08T23:35:43Z,\N,1,assert
acme:network_device:dev-00692~d47e8ba07765,network_device,acme,dev-00692,dev-00692.switch,switch,operational,in_use,2024-08-25T15:29:30Z,\N,2024-10-08T19:23:32Z,\N,1,assert
acme:network_device:dev-00283~f92432b1f675,network_device,acme,dev-00283,dev-00283.firewall,firewall,operational,in_use,2024-09-14T16:01:26Z,\N,2024-10-12T15:07:25Z,\N,1,assert
acme:network_device:dev-01132~5e300ca69404,network_device,acme,dev-01132,dev-01132.waf,waf,operational,in_maintenance,2024-10-03T19:37:03Z,\N,2024-10-13T09:10:21Z,\N,1,assert
acme:network_device:dev-00839~f3df79e1e933,network_device,acme,dev-00839,dev-00839.firewall,firewall,operational,in_maintenance,2024-10-04T05:22:03Z,\N,2024-10-14T20:19:47Z,\N,1,assert
acme:network_device:dev-00823~706e8e5150da,network_device,acme,dev-00823,dev-00823.load_balancer,load_balancer,operational,in_use,2024-09-15T15:09:19Z,\N,2024-10-16T21:23:15Z,\N,1,assert
acme:network_device:dev-01151~4487be477f73,network_device,acme,dev-01151,dev-01151.switch,switch,operational,in_use,2024-10-06T00:17:12Z,\N,2024-10-16T05:52:45Z,\N,1,assert
acme:network_device:dev-00113~c9409105ca52,network_device,acme,dev-00113,dev-00113.load_balancer,load_balancer,operational,in_use,2024-09-20T16:08:29Z,\N,2024-10-17T01:17:59Z,2026-01-20T08:25:26Z,1,assert
acme:network_device:dev-00673~18da89ed2e8f,network_device,acme,dev-00673,dev-00673.switch,switch,operational,in_use,2024-10-16T08:04:39Z,\N,2024-10-17T17:04:50Z,\N,1,assert
acme:network_device:dev-01068~b35ed8d67f52,network_device,acme,dev-01068,dev-01068.router,router,operational,in_use,2024-10-10T06:33:26Z,\N,2024-10-18T02:29:05Z,\N,1,assert
acme:network_device:dev-00400~0c15440b91e7,network_device,acme,dev-00400,dev-00400.firewall,firewall,operational,in_use,2024-10-06T18:26:26Z,\N,2024-10-19T08:39:54Z,\N,1,assert
acme:network_device:dev-00445~0061461c382c,network_device,acme,dev-00445,dev-00445.switch,switch,operational,in_use,2024-10-08T08:01:18Z,\N,2024-10-19T19:28:36Z,\N,1,assert
acme:network_device:dev-00804~69b127f83133,network_device,acme,dev-00804,dev-00804.switch,switch,operational,in_use,2024-09-19T00:32:12Z,\N,2024-10-19T08:55:12Z,\N,1,assert
acme:network_device:dev-00433~0f6f9ccaa44a,network_device,acme,dev-00433,dev-00433.firewall,firewall,operational,in_use,2024-09-09T06:39:41Z,\N,2024-10-20T20:52:14Z,\N,1,assert
acme:network_device:dev-00343~e864f83b9a9c,network_device,acme,dev-00343,dev-00343.firewall,firewall,operational,in_use,2024-10-01T19:04:37Z,\N,2024-10-22T07:07:31Z,\N,1,assert
acme:network_device:dev-01001~a313aaa36589,network_device,acme,dev-01001,dev-01001.waf,waf,operational,in_use,2024-10-21T14:47:44Z,\N,2024-10-23T11:48:59Z,\N,1,assert
acme:network_device:dev-00745~4198afc52a17,network_device,acme,dev-00745,dev-00745.waf,waf,operational,in_use,2024-10-07T22:25:58Z,\N,2024-10-28T07:33:41Z,\N,1,assert
acme:network_device:dev-00409~c282e3186119,network_device,acme,dev-00409,dev-00409.switch,switch,operational,in_maintenance,2024-10-06T18:43:16Z,\N,2024-10-30T06:54:39Z,\N,1,assert
acme:network_device:dev-00232~01d0b773f43e,network_device,acme,dev-00232,dev-00232.load_balancer,load_balancer,operational,in_use,2024-09-26T00:36:38Z,\N,2024-10-31T23:59:16Z,\N,1,assert
acme:network_device:dev-00643~4f52571dafdd,network_device,acme,dev-00643,dev-00643.firewall,firewall,operational,in_maintenance,2024-10-28T20:53:31Z,\N,2024-11-04T11:24:36Z,\N,1,assert
acme:network_device:dev-00361~d9d65faf3a82,network_device,acme,dev-00361,dev-00361.switch,switch,operational,in_use,2024-11-04T02:17:14Z,\N,2024-11-08T09:57:12Z,\N,1,assert
acme:network_device:dev-00516~4903bb9460e8,network_device,acme,dev-00516,dev-00516.switch,switch,operational,in_maintenance,2024-10-27T22:24:36Z,\N,2024-11-11T07:50:22Z,\N,1,assert
acme:network_device:dev-00408~b35b8eae3189,network_device,acme,dev-00408,dev-00408.switch,switch,operational,in_use,2024-11-02T10:31:46Z,\N,2024-11-15T07:52:59Z,\N,1,assert
acme:network_device:dev-00652~1f0107c6b1f8,network_device,acme,dev-00652,dev-00652.proxy,proxy,operational,in_use,2024-10-11T22:10:38Z,\N,2024-11-16T02:40:39Z,\N,1,assert
acme:network_device:dev-01043~1ef42f37b8a0,network_device,acme,dev-01043,dev-01043.switch,switch,operational,in_use,2024-10-11T04:36:59Z,\N,2024-11-23T08:02:11Z,\N,1,assert
acme:network_device:dev-00467~ca236e6577cd,network_device,acme,dev-00467,dev-00467.switch,switch,operational,in_use,2024-10-22T11:21:55Z,\N,2024-11-27T06:21:09Z,\N,1,assert
acme:network_device:dev-00803~280dec8a574c,network_device,acme,dev-00803,dev-00803.load_balancer,load_balancer,operational,in_use,2024-11-26T19:13:30Z,\N,2024-11-28T12:57:10Z,\N,1,assert
acme:network_device:dev-01118~f331fa4490be,network_device,acme,dev-01118,dev-01118.router,router,operational,in_use,2024-11-12T07:44:29Z,\N,2024-12-03T07:49:29Z,\N,1,assert
acme:network_device:dev-00208~9b0a270c2ad4,network_device,acme,dev-00208,dev-00208.router,router,operational,in_use,2024-11-19T18:53:47Z,\N,2024-12-06T00:11:56Z,\N,1,assert
acme:network_device:dev-00854~033526eab728,network_device,acme,dev-00854,dev-00854.switch,switch,operational,in_use,2024-11-04T18:03:48Z,\N,2024-12-11T21:00:56Z,\N,1,assert
acme:network_device:dev-01172~c637f38ba8a4,network_device,acme,dev-01172,dev-01172.proxy,proxy,operational,in_use,2024-11-12T03:11:26Z,\N,2024-12-11T16:55:28Z,\N,1,assert
acme:network_device:dev-00092~94b3637283ac,network_device,acme,dev-00092,dev-00092.switch,switch,operational,in_maintenance,2024-11-19T21:49:19Z,\N,2024-12-12T15:36:22Z,\N,1,assert
acme:network_device:dev-00596~04dcce5a4469,network_device,acme,dev-00596,dev-00596.firewall,firewall,operational,in_use,2024-12-10T02:15:42Z,\N,2024-12-17T10:49:41Z,\N,1,assert
acme:network_device:dev-00383~0e722d77eff8,network_device,acme,dev-00383,dev-00383.firewall,firewall,operational,in_use,2024-11-08T07:22:14Z,\N,2024-12-20T09:28:03Z,\N,1,assert
acme:network_device:dev-00682~22a4c80cfd3a,network_device,acme,dev-00682,dev-00682.router,router,operational,in_maintenance,2024-11-20T11:20:08Z,\N,2024-12-20T07:53:12Z,\N,1,assert
acme:network_device:dev-00798~0094675a406c,network_device,acme,dev-00798,dev-00798.switch,switch,operational,in_maintenance,2024-12-01T02:30:06Z,\N,2024-12-21T09:10:04Z,\N,1,assert
acme:network_device:dev-01059~0d29a5a517e7,network_device,acme,dev-01059,dev-01059.load_balancer,load_balancer,operational,in_use,2024-11-25T13:41:39Z,\N,2024-12-21T17:12:40Z,\N,1,assert
acme:network_device:dev-00221~b832557cce98,network_device,acme,dev-00221,dev-00221.switch,switch,operational,in_use,2024-12-18T13:16:05Z,\N,2024-12-22T11:56:06Z,\N,1,assert
acme:network_device:dev-00263~233b7ee15ecf,network_device,acme,dev-00263,dev-00263.switch,switch,operational,in_use,2024-11-14T15:45:53Z,\N,2024-12-23T22:59:29Z,\N,1,assert
acme:network_device:dev-00170~020b2721ffef,network_device,acme,dev-00170,dev-00170.switch,switch,operational,in_maintenance,2024-12-12T20:46:26Z,\N,2024-12-24T23:36:34Z,\N,1,assert
acme:network_device:dev-00969~4c70c246b2c2,network_device,acme,dev-00969,dev-00969.switch,switch,operational,in_use,2024-11-11T14:40:17Z,\N,2024-12-25T17:45:33Z,\N,1,assert
acme:network_device:dev-00114~277b28edff4b,network_device,acme,dev-00114,dev-00114.firewall,firewall,operational,in_use,2024-11-16T04:19:53Z,\N,2024-12-27T05:36:05Z,\N,1,assert
acme:network_device:dev-00489~6ede3a024374,network_device,acme,dev-00489,dev-00489.switch,switch,operational,in_use,2025-01-02T21:18:43Z,\N,2025-01-05T14:45:54Z,\N,1,assert
acme:network_device:dev-00844~843eeec3e7ec,network_device,acme,dev-00844,dev-00844.proxy,proxy,operational,in_maintenance,2024-12-02T03:12:51Z,\N,2025-01-05T22:38:11Z,\N,1,assert
acme:network_device:dev-00868~b65c5f9f592a,network_device,acme,dev-00868,dev-00868.proxy,proxy,operational,in_use,2024-12-20T20:04:07Z,\N,2025-01-09T21:21:54Z,\N,1,assert
acme:network_device:dev-00983~0a8b2f69fe82,network_device,acme,dev-00983,dev-00983.load_balancer,load_balancer,operational,in_use,2024-12-24T07:49:54Z,\N,2025-01-12T03:34:54Z,\N,1,assert
acme:network_device:dev-00190~0503bedc6fa0,network_device,acme,dev-00190,dev-00190.firewall,firewall,operational,in_use,2025-01-05T22:37:02Z,\N,2025-01-13T02:46:45Z,\N,1,assert
acme:network_device:dev-00112~37d5d1501053,network_device,acme,dev-00112,dev-00112.load_balancer,load_balancer,operational,in_use,2024-12-16T07:11:51Z,\N,2025-01-14T15:42:36Z,\N,1,assert
acme:network_device:dev-00378~b1e9f735d375,network_device,acme,dev-00378,dev-00378.switch,switch,operational,in_use,2025-01-12T23:54:26Z,\N,2025-01-14T14:36:24Z,\N,1,assert
acme:network_device:dev-00300~e816352c0fe5,network_device,acme,dev-00300,dev-00300.switch,switch,operational,in_use,2025-01-01T04:45:39Z,\N,2025-01-15T02:37:16Z,\N,1,assert
acme:network_device:dev-01049~26f97e6c99a1,network_device,acme,dev-01049,dev-01049.firewall,firewall,operational,in_use,2025-01-01T22:05:07Z,\N,2025-01-15T11:45:08Z,\N,1,assert
acme:network_device:dev-00491~69633c8efa52,network_device,acme,dev-00491,dev-00491.load_balancer,load_balancer,operational,in_use,2024-12-08T21:28:17Z,\N,2025-01-16T11:17:13Z,\N,1,assert
acme:network_device:dev-00557~e59aac95838d,network_device,acme,dev-00557,dev-00557.router,router,operational,in_use,2025-01-02T04:06:22Z,\N,2025-01-17T20:56:11Z,\N,1,assert
acme:network_device:dev-00973~b78532efd9a7,network_device,acme,dev-00973,dev-00973.switch,switch,operational,in_use,2024-12-16T14:57:27Z,\N,2025-01-19T00:44:32Z,\N,1,assert
acme:network_device:dev-01078~267a69baa4eb,network_device,acme,dev-01078,dev-01078.router,router,operational,in_use,2024-12-25T06:55:38Z,\N,2025-01-19T08:27:45Z,\N,1,assert
acme:network_device:dev-00048~dd13893dc317,network_device,acme,dev-00048,dev-00048.firewall,firewall,operational,in_use,2024-12-28T17:53:19Z,2025-03-16T16:59:12Z,2025-01-19T08:39:29Z,\N,1,assert
acme:network_device:dev-00658~42167500b20c,network_device,acme,dev-00658,dev-00658.firewall,firewall,operational,in_use,2025-01-05T14:32:31Z,\N,2025-01-21T01:28:38Z,\N,1,assert
acme:network_device:dev-00742~d3367342a7c4,network_device,acme,dev-00742,dev-00742.firewall,firewall,operational,in_use,2025-01-15T00:30:00Z,\N,2025-01-21T15:10:26Z,\N,1,assert
acme:network_device:dev-00651~9e22d33042f9,network_device,acme,dev-00651,dev-00651.proxy,proxy,operational,in_use,2024-12-17T21:23:53Z,\N,2025-01-29T02:12:02Z,\N,1,assert
acme:network_device:dev-00365~2c3942eea309,network_device,acme,dev-00365,dev-00365.switch,switch,operational,in_use,2025-01-08T19:52:27Z,\N,2025-02-04T02:41:00Z,\N,1,assert
acme:network_device:dev-01074~36ebeeaff6eb,network_device,acme,dev-01074,dev-01074.load_balancer,load_balancer,operational,in_maintenance,2024-12-28T05:14:40Z,\N,2025-02-04T00:03:19Z,\N,1,assert
acme:network_device:dev-00621~f555d7ab297e,network_device,acme,dev-00621,dev-00621.load_balancer,load_balancer,operational,in_use,2025-01-31T02:30:17Z,\N,2025-02-05T06:16:47Z,\N,1,assert
acme:network_device:dev-00088~f4b29051fccb,network_device,acme,dev-00088,dev-00088.switch,switch,operational,in_use,2025-02-02T20:39:10Z,\N,2025-02-12T03:55:27Z,\N,1,assert
acme:network_device:dev-01099~d212dc019065,network_device,acme,dev-01099,dev-01099.switch,switch,operational,in_use,2025-02-02T02:44:36Z,\N,2025-02-12T15:07:23Z,\N,1,assert
acme:network_device:dev-00866~1dc7d76bf746,network_device,acme,dev-00866,dev-00866.switch,switch,operational,in_use,2025-01-14T07:58:43Z,\N,2025-02-13T20:36:17Z,\N,1,assert
acme:network_device:dev-00998~86e4f8af1ace,network_device,acme,dev-00998,dev-00998.router,router,operational,in_use,2025-01-30T13:49:34Z,\N,2025-02-16T07:18:00Z,\N,1,assert
acme:network_device:dev-01113~2fc489394712,network_device,acme,dev-01113,dev-01113.firewall,firewall,operational,in_use,2025-01-17T12:42:34Z,\N,2025-02-16T16:23:10Z,\N,1,assert
acme:network_device:dev-00781~180b73e3581f,network_device,acme,dev-00781,dev-00781.switch,switch,operational,in_use,2025-02-12T06:49:25Z,\N,2025-02-17T20:23:03Z,\N,1,assert
acme:network_device:dev-01102~6ceb56d6e129,network_device,acme,dev-01102,dev-01102.switch,switch,operational,in_maintenance,2025-01-16T23:18:13Z,\N,2025-02-18T04:22:46Z,\N,1,assert
acme:network_device:dev-00847~8e068170469c,network_device,acme,dev-00847,dev-00847.switch,switch,operational,end_of_support,2021-01-29T00:53:28Z,\N,2025-02-18T19:46:00Z,\N,2,assert
acme:network_device:dev-00200~c5a653bf495e,network_device,acme,dev-00200,dev-00200.proxy,proxy,operational,in_use,2025-01-14T03:17:39Z,\N,2025-02-21T12:06:39Z,\N,1,assert
acme:network_device:dev-00634~c91f5957a390,network_device,acme,dev-00634,dev-00634.router,router,operational,in_use,2025-02-23T07:39:54Z,\N,2025-02-23T07:39:54Z,\N,1,assert
acme:network_device:dev-00499~65a2260dcb7c,network_device,acme,dev-00499,dev-00499.firewall,firewall,operational,in_use,2025-01-15T23:14:27Z,\N,2025-02-26T02:49:24Z,\N,1,assert
acme:network_device:dev-00672~aa9687fdca24,network_device,acme,dev-00672,dev-00672.switch,switch,operational,in_use,2025-02-03T21:19:06Z,\N,2025-02-27T00:00:38Z,\N,1,assert
acme:network_device:dev-00610~1a481a79b886,network_device,acme,dev-00610,dev-00610.switch,switch,operational,in_maintenance,2025-01-21T03:31:37Z,\N,2025-03-01T17:16:36Z,\N,1,assert
acme:network_device:dev-00444~ac08ca7b7fd5,network_device,acme,dev-00444,dev-00444.switch,switch,operational,in_use,2025-03-02T05:49:40Z,\N,2025-03-04T23:01:53Z,\N,1,assert
acme:network_device:dev-01042~7e00043cdba4,network_device,acme,dev-01042,dev-01042.switch,switch,operational,in_use,2025-02-06T19:48:45Z,\N,2025-03-05T22:01:14Z,\N,1,assert
acme:network_device:dev-00637~4f919a01e641,network_device,acme,dev-00637,dev-00637.switch,switch,operational,in_maintenance,2025-02-27T15:07:55Z,\N,2025-03-06T11:43:55Z,\N,1,assert
acme:network_device:dev-01154~2ce508d17c06,network_device,acme,dev-01154,dev-01154.switch,switch,operational,in_maintenance,2025-02-28T05:27:47Z,\N,2025-03-07T07:38:47Z,\N,1,assert
acme:network_device:dev-00589~2242e26f24ad,network_device,acme,dev-00589,dev-00589.firewall,firewall,operational,in_maintenance,2025-03-05T06:19:52Z,\N,2025-03-11T13:07:14Z,\N,1,assert
acme:network_device:dev-00217~942307113e36,network_device,acme,dev-00217,dev-00217.firewall,firewall,operational,in_use,2025-02-25T14:39:55Z,\N,2025-03-13T18:09:00Z,\N,1,assert
acme:network_device:dev-00649~deb8036c0bab,network_device,acme,dev-00649,dev-00649.switch,switch,operational,in_use,2025-03-02T00:20:32Z,\N,2025-03-14T00:31:59Z,\N,1,assert
acme:network_device:dev-00252~10fa4ac6e0b7,network_device,acme,dev-00252,dev-00252.switch,switch,operational,in_maintenance,2025-02-28T04:59:41Z,2025-12-07T19:21:24Z,2025-03-14T10:24:49Z,\N,1,assert
acme:network_device:dev-00738~1f703fa755f6,network_device,acme,dev-00738,dev-00738.proxy,proxy,operational,in_use,2025-03-01T03:57:22Z,\N,2025-03-16T21:39:40Z,\N,1,assert
acme:network_device:dev-00520~5518fa7b6648,network_device,acme,dev-00520,dev-00520.router,router,operational,in_use,2025-03-01T18:18:38Z,\N,2025-03-17T14:12:34Z,\N,1,assert
acme:network_device:dev-00332~bf7748478af8,network_device,acme,dev-00332,dev-00332.switch,switch,operational,in_use,2025-02-28T22:35:42Z,\N,2025-03-20T04:58:36Z,\N,1,assert
acme:network_device:dev-00943~de644f6c67ba,network_device,acme,dev-00943,dev-00943.switch,switch,operational,in_use,2025-02-25T10:51:40Z,\N,2025-03-22T20:36:41Z,\N,1,assert
acme:network_device:dev-00396~574c2a8d730c,network_device,acme,dev-00396,dev-00396.switch,switch,operational,in_use,2025-03-18T10:43:39Z,\N,2025-03-23T22:38:15Z,\N,1,assert
acme:network_device:dev-00676~36d75460e1be,network_device,acme,dev-00676,dev-00676.switch,switch,operational,in_maintenance,2025-02-19T01:44:49Z,\N,2025-03-25T18:10:43Z,\N,1,assert
acme:network_device:dev-00986~99528718fe6f,network_device,acme,dev-00986,dev-00986.firewall,firewall,operational,in_use,2025-03-17T16:41:49Z,\N,2025-03-26T15:54:49Z,\N,1,assert
acme:network_device:dev-00647~46cdaf93ab53,network_device,acme,dev-00647,dev-00647.firewall,firewall,operational,in_use,2025-03-22T18:59:55Z,\N,2025-03-30T07:25:51Z,\N,1,assert
acme:network_device:dev-00926~bf97496fce25,network_device,acme,dev-00926,dev-00926.load_balancer,load_balancer,operational,in_use,2025-02-22T05:40:25Z,\N,2025-04-03T17:59:48Z,\N,1,assert
acme:network_device:dev-01165~5a4414db7fe4,network_device,acme,dev-01165,dev-01165.load_balancer,load_balancer,operational,in_use,2025-03-20T00:58:40Z,\N,2025-04-03T03:14:53Z,\N,1,assert
acme:network_device:dev-00730~192ea6d9bf1b,network_device,acme,dev-00730,dev-00730.router,router,operational,in_use,2025-03-26T05:05:50Z,\N,2025-04-06T04:59:02Z,\N,1,assert
acme:network_device:dev-00340~309080a72a8d,network_device,acme,dev-00340,dev-00340.load_balancer,load_balancer,operational,in_maintenance,2025-04-04T15:30:52Z,\N,2025-04-07T10:34:13Z,\N,1,assert
acme:network_device:dev-00313~9bf8116a3cd1,network_device,acme,dev-00313,dev-00313.router,router,operational,in_use,2025-03-16T19:49:59Z,\N,2025-04-09T19:01:34Z,\N,1,assert
acme:network_device:dev-01089~5f25d020f66e,network_device,acme,dev-01089,dev-01089.waf,waf,operational,in_use,2025-03-13T23:36:43Z,\N,2025-04-12T22:06:07Z,2027-02-22T09:45:33Z,1,assert
acme:network_device:dev-00879~638a98ef494a,network_device,acme,dev-00879,dev-00879.waf,waf,operational,in_use,2025-03-13T19:23:46Z,\N,2025-04-14T21:18:23Z,\N,1,assert
acme:network_device:dev-01173~e92422188d20,network_device,acme,dev-01173,dev-01173.switch,switch,operational,in_use,2025-04-10T20:32:49Z,\N,2025-04-14T03:53:58Z,\N,1,assert
acme:network_device:dev-00561~99664f7ff03f,network_device,acme,dev-00561,dev-00561.switch,switch,operational,in_use,2025-04-12T06:18:38Z,\N,2025-04-18T15:00:52Z,\N,1,assert
acme:network_device:dev-01022~7293313445bb,network_device,acme,dev-01022,dev-01022.switch,switch,operational,in_use,2025-04-13T01:15:36Z,\N,2025-04-20T15:27:15Z,\N,1,assert
acme:network_device:dev-01046~1827706a4349,network_device,acme,dev-01046,dev-01046.switch,switch,operational,in_use,2025-03-08T01:11:24Z,\N,2025-04-20T03:51:12Z,\N,1,assert
acme:network_device:dev-00936~21ee330820b9,network_device,acme,dev-00936,dev-00936.router,router,operational,in_maintenance,2025-04-17T11:10:27Z,\N,2025-04-21T23:12:57Z,\N,1,assert
acme:network_device:dev-01047~adf17331c4aa,network_device,acme,dev-01047,dev-01047.switch,switch,operational,in_use,2025-04-21T22:21:48Z,\N,2025-04-25T10:49:28Z,\N,1,assert
acme:network_device:dev-00646~62580314c745,network_device,acme,dev-00646,dev-00646.load_balancer,load_balancer,operational,in_maintenance,2025-04-14T18:40:39Z,\N,2025-04-26T17:26:33Z,\N,1,assert
acme:network_device:dev-00612~2b2700180881,network_device,acme,dev-00612,dev-00612.switch,switch,operational,in_use,2025-03-30T06:16:34Z,\N,2025-04-28T12:08:31Z,\N,1,assert
acme:network_device:dev-00434~75ede9655dad,network_device,acme,dev-00434,dev-00434.switch,switch,operational,in_use,2025-04-09T20:17:48Z,\N,2025-05-02T14:18:59Z,\N,1,assert
acme:network_device:dev-01130~0929f01e9c48,network_device,acme,dev-01130,dev-01130.router,router,operational,in_use,2025-04-08T04:06:36Z,\N,2025-05-06T04:13:34Z,\N,1,assert
acme:network_device:dev-00368~31fa4aa18fce,network_device,acme,dev-00368,dev-00368.waf,waf,operational,in_use,2025-03-31T11:58:25Z,2026-05-03T23:12:40Z,2025-05-08T10:08:11Z,\N,1,assert
acme:network_device:dev-00275~dc83be356ded,network_device,acme,dev-00275,dev-00275.waf,waf,operational,in_use,2025-04-08T20:18:58Z,2026-02-07T08:52:54Z,2025-05-09T01:22:46Z,\N,1,assert
acme:network_device:dev-00091~de5115eb9a71,network_device,acme,dev-00091,dev-00091.load_balancer,load_balancer,operational,in_use,2025-04-16T11:58:47Z,\N,2025-05-11T16:19:23Z,\N,1,assert
acme:network_device:dev-00961~8a5920e10a74,network_device,acme,dev-00961,dev-00961.router,router,operational,in_use,2025-05-11T01:47:57Z,\N,2025-05-11T01:47:57Z,\N,1,assert
acme:network_device:dev-00527~48a064e645c8,network_device,acme,dev-00527,dev-00527.proxy,proxy,operational,in_use,2025-04-19T17:41:21Z,\N,2025-05-12T02:02:56Z,\N,1,assert
acme:network_device:dev-00359~d3a3d1f134a2,network_device,acme,dev-00359,dev-00359.switch,switch,operational,in_maintenance,2025-05-12T02:22:22Z,\N,2025-05-14T19:25:12Z,\N,1,assert
acme:network_device:dev-00416~1231c7883b4e,network_device,acme,dev-00416,dev-00416.switch,switch,operational,in_use,2025-04-12T03:48:47Z,\N,2025-05-14T02:33:43Z,\N,1,assert
acme:network_device:dev-00272~da5fc78549f9,network_device,acme,dev-00272,dev-00272.load_balancer,load_balancer,operational,in_use,2025-04-06T19:46:07Z,\N,2025-05-15T12:40:45Z,\N,1,assert
acme:network_device:dev-00264~c1a8d2b37b2b,network_device,acme,dev-00264,dev-00264.switch,switch,operational,in_maintenance,2025-05-10T17:02:33Z,\N,2025-05-16T03:10:39Z,\N,1,assert
acme:network_device:dev-00794~6979460a4769,network_device,acme,dev-00794,dev-00794.waf,waf,operational,in_use,2025-04-04T11:42:36Z,\N,2025-05-16T06:46:25Z,\N,1,assert
acme:network_device:dev-00669~5699076cf717,network_device,acme,dev-00669,dev-00669.switch,switch,operational,in_use,2025-05-03T06:01:01Z,\N,2025-05-18T02:24:58Z,\N,1,assert
acme:network_device:dev-00435~d7c333e3c9b6,network_device,acme,dev-00435,dev-00435.switch,switch,operational,in_use,2025-05-03T09:37:02Z,\N,2025-05-23T10:50:31Z,\N,1,assert
acme:network_device:dev-00027~39ac9c0eeb6c,network_device,acme,dev-00027,dev-00027.switch,switch,operational,in_use,2025-05-22T14:32:54Z,\N,2025-05-26T06:33:06Z,\N,1,assert
acme:network_device:dev-00778~fddd86842279,network_device,acme,dev-00778,dev-00778.switch,switch,operational,in_use,2025-05-26T21:37:34Z,\N,2025-05-26T21:37:34Z,\N,1,assert
acme:network_device:dev-00461~14c9f17b2794,network_device,acme,dev-00461,dev-00461.firewall,firewall,operational,in_use,2025-05-05T17:15:47Z,\N,2025-05-31T07:18:44Z,\N,1,assert
acme:network_device:dev-00587~b625af96e4c5,network_device,acme,dev-00587,dev-00587.load_balancer,load_balancer,operational,in_use,2025-04-23T11:08:25Z,\N,2025-05-31T07:51:22Z,\N,1,assert
acme:network_device:dev-01061~fd218643675e,network_device,acme,dev-01061,dev-01061.firewall,firewall,operational,in_use,2025-05-16T16:37:08Z,\N,2025-06-01T15:46:04Z,\N,1,assert
acme:network_device:dev-00468~1e133409414b,network_device,acme,dev-00468,dev-00468.load_balancer,load_balancer,operational,in_use,2025-05-26T22:04:02Z,\N,2025-06-02T09:55:58Z,\N,1,assert
acme:network_device:dev-00241~79d7156f0ae2,network_device,acme,dev-00241,dev-00241.switch,switch,operational,in_maintenance,2025-04-21T02:43:16Z,\N,2025-06-03T14:50:43Z,\N,1,assert
acme:network_device:dev-00900~445ddfa2a431,network_device,acme,dev-00900,dev-00900.switch,switch,operational,in_maintenance,2025-05-16T23:51:32Z,\N,2025-06-04T01:35:14Z,\N,1,assert
acme:network_device:dev-00356~c98841be3224,network_device,acme,dev-00356,dev-00356.firewall,firewall,operational,in_use,2025-05-15T03:53:23Z,\N,2025-06-05T23:22:13Z,\N,1,assert
acme:network_device:dev-01040~1a3d895f8f2a,network_device,acme,dev-01040,dev-01040.firewall,firewall,operational,in_use,2025-06-05T01:12:43Z,\N,2025-06-09T05:03:22Z,\N,1,assert
acme:network_device:dev-00075~8df92fe4207d,network_device,acme,dev-00075,dev-00075.waf,waf,operational,in_use,2025-05-24T13:55:42Z,\N,2025-06-10T08:01:23Z,\N,1,assert
acme:network_device:dev-00594~3cd694532860,network_device,acme,dev-00594,dev-00594.switch,switch,operational,in_use,2025-05-17T11:12:37Z,\N,2025-06-10T19:34:12Z,\N,1,assert
acme:network_device:dev-00311~bb47bc1437bc,network_device,acme,dev-00311,dev-00311.firewall,firewall,operational,in_use,2025-06-01T02:53:05Z,\N,2025-06-13T04:50:21Z,\N,1,assert
acme:network_device:dev-00143~99737d753993,network_device,acme,dev-00143,dev-00143.switch,switch,operational,in_use,2025-05-27T13:24:57Z,\N,2025-06-14T18:52:32Z,\N,1,assert
acme:network_device:dev-00563~dc9cac87b494,network_device,acme,dev-00563,dev-00563.firewall,firewall,operational,in_use,2025-06-13T22:04:06Z,\N,2025-06-14T17:59:09Z,\N,1,assert
acme:network_device:dev-00817~0dd570c3c0d7,network_device,acme,dev-00817,dev-00817.switch,switch,operational,in_use,2025-05-19T04:18:11Z,\N,2025-06-15T00:17:42Z,2025-09-24T17:18:44Z,1,assert
acme:network_device:dev-01025~1d9aaee2f175,network_device,acme,dev-01025,dev-01025.switch,switch,operational,in_use,2025-05-16T02:04:18Z,\N,2025-06-16T18:07:21Z,\N,1,assert
acme:network_device:dev-01003~6b01d8af1d0a,network_device,acme,dev-01003,dev-01003.waf,waf,operational,in_use,2025-05-19T15:29:14Z,\N,2025-06-18T23:34:56Z,\N,1,assert
acme:network_device:dev-00228~9de64ea3b5af,network_device,acme,dev-00228,dev-00228.proxy,proxy,operational,in_use,2025-06-01T22:43:59Z,\N,2025-06-21T06:15:15Z,\N,1,assert
acme:network_device:dev-00880~ff055b54daad,network_device,acme,dev-00880,dev-00880.switch,switch,operational,in_use,2025-06-21T10:02:16Z,\N,2025-06-21T10:02:16Z,\N,1,assert
acme:network_device:dev-00404~e392c7e88420,network_device,acme,dev-00404,dev-00404.firewall,firewall,operational,in_use,2025-05-31T19:00:56Z,\N,2025-06-26T16:52:19Z,\N,1,assert
acme:network_device:dev-00240~445dbaef54da,network_device,acme,dev-00240,dev-00240.firewall,firewall,operational,in_maintenance,2025-06-24T22:32:18Z,\N,2025-06-27T21:05:21Z,\N,1,assert
acme:network_device:dev-00341~fe4015fced0d,network_device,acme,dev-00341,dev-00341.proxy,proxy,operational,in_maintenance,2025-06-15T21:18:00Z,\N,2025-06-29T18:39:17Z,\N,1,assert
acme:network_device:dev-00750~0c86591527e3,network_device,acme,dev-00750,dev-00750.firewall,firewall,operational,in_maintenance,2025-05-28T18:07:45Z,\N,2025-06-30T18:56:16Z,\N,1,assert
acme:network_device:dev-00635~470e3086cdcd,network_device,acme,dev-00635,dev-00635.firewall,firewall,operational,in_maintenance,2025-05-18T08:53:49Z,\N,2025-07-01T20:53:39Z,\N,1,assert
acme:network_device:dev-00539~8e9050551733,network_device,acme,dev-00539,dev-00539.switch,switch,operational,in_use,2025-06-17T23:45:10Z,\N,2025-07-03T17:57:12Z,\N,1,assert
acme:network_device:dev-00037~0b13814c7104,network_device,acme,dev-00037,dev-00037.load_balancer,load_balancer,operational,in_use,2025-05-26T03:17:48Z,\N,2025-07-06T14:41:38Z,\N,1,assert
acme:network_device:dev-00653~b643adb13a5a,network_device,acme,dev-00653,dev-00653.switch,switch,operational,end_of_support,2022-08-30T12:43:30Z,\N,2025-07-07T02:14:02Z,\N,2,assert
acme:network_device:dev-00677~975ec17f2845,network_device,acme,dev-00677,dev-00677.router,router,operational,in_use,2025-06-30T23:53:19Z,\N,2025-07-07T14:37:55Z,\N,1,assert
acme:network_device:dev-00674~027a98b57a55,network_device,acme,dev-00674,dev-00674.switch,switch,operational,in_use,2025-06-12T12:34:45Z,\N,2025-07-08T02:02:33Z,\N,1,assert
acme:network_device:dev-00118~4283d98c9428,network_device,acme,dev-00118,dev-00118.waf,waf,operational,in_use,2025-06-16T09:07:38Z,\N,2025-07-09T20:47:05Z,\N,1,assert
acme:network_device:dev-00668~04c4a574f429,network_device,acme,dev-00668,dev-00668.firewall,firewall,operational,in_use,2025-06-13T20:48:41Z,\N,2025-07-09T17:34:11Z,\N,1,assert
acme:network_device:dev-00905~769e82e16044,network_device,acme,dev-00905,dev-00905.router,router,operational,in_maintenance,2023-04-02T09:38:55Z,\N,2025-07-11T22:37:51Z,\N,2,assert
acme:network_device:dev-00035~d2984a094d5b,network_device,acme,dev-00035,dev-00035.load_balancer,load_balancer,operational,in_maintenance,2025-07-03T18:49:52Z,\N,2025-07-12T12:26:04Z,\N,1,assert
acme:network_device:dev-00284~232db913f609,network_device,acme,dev-00284,dev-00284.firewall,firewall,operational,in_use,2025-06-13T07:52:44Z,\N,2025-07-12T09:33:25Z,\N,1,assert
acme:network_device:dev-00762~165d2b55c062,network_device,acme,dev-00762,dev-00762.firewall,firewall,operational,in_use,2025-06-11T11:45:00Z,\N,2025-07-13T21:15:20Z,\N,1,assert
acme:network_device:dev-00902~39f3703792c4,network_device,acme,dev-00902,dev-00902.proxy,proxy,operational,in_maintenance,2025-07-12T18:11:26Z,\N,2025-07-13T10:35:34Z,\N,1,assert
acme:network_device:dev-00052~a1fd64593b82,network_device,acme,dev-00052,dev-00052.firewall,firewall,operational,in_use,2025-06-29T02:36:37Z,\N,2025-07-18T14:36:45Z,\N,1,assert
acme:network_device:dev-00351~e9d2826f94c8,network_device,acme,dev-00351,dev-00351.switch,switch,operational,in_use,2025-07-04T22:20:08Z,\N,2025-07-23T08:50:28Z,\N,1,assert
acme:network_device:dev-00469~8ecea89b338e,network_device,acme,dev-00469,dev-00469.firewall,firewall,operational,in_use,2025-06-26T06:16:16Z,\N,2025-07-29T03:12:22Z,2025-10-21T10:49:22Z,1,assert
acme:network_device:dev-00180~3ce6e7fdd7e9,network_device,acme,dev-00180,dev-00180.proxy,proxy,operational,in_use,2025-07-09T07:36:12Z,\N,2025-07-29T06:22:21Z,\N,1,assert
acme:network_device:dev-00713~dba301951a0a,network_device,acme,dev-00713,dev-00713.switch,switch,operational,in_use,2025-07-12T22:45:49Z,\N,2025-07-29T17:06:25Z,\N,1,assert
acme:network_device:dev-00716~31c351e7a706,network_device,acme,dev-00716,dev-00716.router,router,operational,in_use,2025-07-04T11:37:19Z,\N,2025-07-29T13:12:13Z,\N,1,assert
acme:network_device:dev-00876~2e877609e9ad,network_device,acme,dev-00876,dev-00876.switch,switch,operational,in_use,2025-07-17T06:34:40Z,\N,2025-07-31T05:47:28Z,2026-04-25T07:08:38Z,1,assert
acme:network_device:dev-00087~09ea91a346fa,network_device,acme,dev-00087,dev-00087.router,router,operational,in_use,2025-07-27T09:37:30Z,\N,2025-07-31T16:17:43Z,\N,1,assert
acme:network_device:dev-00599~2b9026459544,network_device,acme,dev-00599,dev-00599.switch,switch,operational,in_use,2025-07-06T13:56:58Z,\N,2025-07-31T02:32:24Z,\N,1,assert
acme:network_device:dev-00640~f4deb46265ac,network_device,acme,dev-00640,dev-00640.waf,waf,operational,in_use,2025-06-30T22:14:00Z,\N,2025-07-31T17:33:14Z,\N,1,assert
acme:network_device:dev-00814~34fbc1b773dc,network_device,acme,dev-00814,dev-00814.switch,switch,operational,in_use,2025-07-23T02:55:52Z,\N,2025-07-31T15:45:00Z,\N,1,assert
acme:network_device:dev-00253~b14c27555d50,network_device,acme,dev-00253,dev-00253.switch,switch,operational,in_use,2025-06-18T09:16:04Z,\N,2025-08-01T14:43:05Z,\N,1,assert
acme:network_device:dev-00459~853023d3f801,network_device,acme,dev-00459,dev-00459.switch,switch,operational,in_use,2025-06-24T05:27:08Z,\N,2025-08-03T04:11:18Z,\N,1,assert
acme:network_device:dev-00508~5a6ee81f7fa0,network_device,acme,dev-00508,dev-00508.waf,waf,operational,in_use,2025-07-15T10:35:00Z,\N,2025-08-04T10:42:13Z,\N,1,assert
acme:network_device:dev-00505~de3315f66138,network_device,acme,dev-00505,dev-00505.switch,switch,operational,in_use,2025-07-09T00:31:42Z,\N,2025-08-08T16:55:04Z,\N,1,assert
acme:network_device:dev-00622~21cb8c130b9b,network_device,acme,dev-00622,dev-00622.firewall,firewall,operational,in_use,2025-07-12T12:56:23Z,\N,2025-08-08T09:01:22Z,\N,1,assert
acme:network_device:dev-00191~327a648502fb,network_device,acme,dev-00191,dev-00191.switch,switch,operational,in_use,2025-07-05T17:49:56Z,\N,2025-08-13T12:59:59Z,\N,1,assert
acme:network_device:dev-00452~ecec46b434be,network_device,acme,dev-00452,dev-00452.switch,switch,operational,in_maintenance,2025-07-02T19:36:40Z,\N,2025-08-13T18:00:37Z,\N,1,assert
acme:network_device:dev-00633~07f41c95c9e2,network_device,acme,dev-00633,dev-00633.router,router,operational,in_use,2025-07-19T23:27:47Z,\N,2025-08-15T09:15:11Z,\N,1,assert
acme:network_device:dev-00188~4823b902f5da,network_device,acme,dev-00188,dev-00188.router,router,operational,in_use,2025-08-07T02:29:18Z,\N,2025-08-16T07:52:30Z,\N,1,assert
acme:network_device:dev-00917~eb87e57afed4,network_device,acme,dev-00917,dev-00917.load_balancer,load_balancer,operational,in_maintenance,2025-07-22T04:18:54Z,\N,2025-08-16T13:27:11Z,\N,1,assert
acme:network_device:dev-00080~f87173a51acb,network_device,acme,dev-00080,dev-00080.switch,switch,operational,in_use,2025-07-17T15:58:51Z,\N,2025-08-17T08:53:32Z,\N,1,assert
acme:network_device:dev-01179~06f866d334bc,network_device,acme,dev-01179,dev-01179.switch,switch,operational,in_use,2025-08-03T23:16:05Z,\N,2025-08-18T14:25:16Z,\N,1,assert
acme:network_device:dev-00162~295ea037c344,network_device,acme,dev-00162,dev-00162.switch,switch,operational,in_use,2025-07-13T22:56:16Z,\N,2025-08-19T01:32:34Z,\N,1,assert
acme:network_device:dev-00384~187859361338,network_device,acme,dev-00384,dev-00384.switch,switch,operational,in_use,2025-08-15T04:26:24Z,\N,2025-08-19T05:12:37Z,\N,1,assert
acme:network_device:dev-00564~85ddf273fd4a,network_device,acme,dev-00564,dev-00564.switch,switch,operational,in_use,2025-07-21T16:37:13Z,\N,2025-08-23T07:15:24Z,\N,1,assert
acme:network_device:dev-00160~3cf11afd9a7c,network_device,acme,dev-00160,dev-00160.switch,switch,operational,in_use,2025-08-25T06:51:10Z,\N,2025-08-25T06:51:10Z,\N,1,assert
acme:network_device:dev-00517~dba8e0e8f290,network_device,acme,dev-00517,dev-00517.firewall,firewall,operational,in_use,2025-08-25T04:50:58Z,\N,2025-08-25T04:50:58Z,\N,1,assert
acme:network_device:dev-00042~030f9707296a,network_device,acme,dev-00042,dev-00042.firewall,firewall,operational,in_use,2025-08-06T08:07:29Z,\N,2025-08-26T06:35:09Z,\N,1,assert
acme:network_device:dev-00139~ca8387e0b72d,network_device,acme,dev-00139,dev-00139.proxy,proxy,operational,in_use,2025-07-31T12:09:43Z,\N,2025-09-01T10:42:54Z,\N,1,assert
acme:network_device:dev-00545~37266c0c1ebc,network_device,acme,dev-00545,dev-00545.switch,switch,operational,in_use,2025-08-11T19:35:27Z,\N,2025-09-06T01:54:11Z,\N,1,assert
acme:network_device:dev-01016~86cb959c2407,network_device,acme,dev-01016,dev-01016.switch,switch,operational,in_use,2025-07-26T18:53:17Z,\N,2025-09-06T14:11:32Z,\N,1,assert
acme:network_device:dev-00237~90b8144de66d,network_device,acme,dev-00237,dev-00237.proxy,proxy,operational,in_use,2025-08-13T18:05:32Z,\N,2025-09-07T17:12:10Z,\N,1,assert
acme:network_device:dev-01105~d56dca3b845b,network_device,acme,dev-01105,dev-01105.waf,waf,operational,in_use,2025-08-18T02:38:44Z,\N,2025-09-08T17:19:25Z,\N,1,assert
acme:network_device:dev-01035~12f3b4a26e16,network_device,acme,dev-01035,dev-01035.switch,switch,operational,in_use,2025-08-06T04:07:29Z,\N,2025-09-09T06:33:28Z,\N,1,assert
acme:network_device:dev-00141~ef2ccd7205cb,network_device,acme,dev-00141,dev-00141.switch,switch,operational,in_maintenance,2025-09-07T14:19:37Z,\N,2025-09-10T02:39:45Z,\N,1,assert
acme:network_device:dev-00295~4cfe791c100d,network_device,acme,dev-00295,dev-00295.waf,waf,operational,in_maintenance,2025-08-18T01:45:26Z,\N,2025-09-11T02:55:04Z,\N,1,assert
acme:network_device:dev-00047~c0bdb628069f,network_device,acme,dev-00047,dev-00047.firewall,firewall,operational,in_maintenance,2025-08-30T04:12:45Z,2025-11-15T03:47:08Z,2025-09-16T03:03:39Z,\N,1,assert
acme:network_device:dev-01142~51c498eaa6c4,network_device,acme,dev-01142,dev-01142.switch,switch,operational,in_maintenance,2025-08-14T05:17:29Z,\N,2025-09-20T08:13:50Z,\N,1,assert
acme:network_device:dev-00817~0dd570c3c0d7,network_device,acme,dev-00817,dev-00817.switch,switch,operational,end_of_support,2025-05-19T04:18:11Z,\N,2025-09-24T17:18:44Z,\N,2,assert
acme:network_device:dev-00761~734ab4d0f628,network_device,acme,dev-00761,dev-00761.firewall,firewall,operational,in_maintenance,2025-08-22T02:41:27Z,\N,2025-09-24T23:32:49Z,\N,1,assert
acme:network_device:dev-01107~5bb49ce27b2b,network_device,acme,dev-01107,dev-01107.router,router,operational,in_use,2025-09-06T13:29:44Z,\N,2025-09-24T19:46:52Z,\N,1,assert
acme:network_device:dev-00660~c16ba320e1cb,network_device,acme,dev-00660,dev-00660.switch,switch,operational,in_use,2025-08-21T15:43:43Z,\N,2025-09-25T21:10:33Z,\N,1,assert
acme:network_device:dev-00289~4f19e898d296,network_device,acme,dev-00289,dev-00289.router,router,operational,in_use,2025-08-29T00:41:29Z,\N,2025-09-28T01:01:52Z,\N,1,assert
acme:network_device:dev-00883~8c1723dde9c5,network_device,acme,dev-00883,dev-00883.switch,switch,operational,in_maintenance,2025-09-12T03:20:04Z,\N,2025-09-28T20:06:35Z,\N,1,assert
acme:network_device:dev-00120~4ffbe4ce063a,network_device,acme,dev-00120,dev-00120.switch,switch,operational,in_use,2025-09-22T11:58:44Z,\N,2025-10-01T07:19:59Z,\N,1,assert
acme:network_device:dev-00285~c1ad1736c6ad,network_device,acme,dev-00285,dev-00285.switch,switch,operational,in_use,2025-09-19T16:21:33Z,\N,2025-10-02T02:16:18Z,\N,1,assert
acme:network_device:dev-00346~066ea7a49b57,network_device,acme,dev-00346,dev-00346.waf,waf,operational,in_use,2025-09-15T08:18:51Z,\N,2025-10-02T00:18:27Z,\N,1,assert
acme:network_device:dev-01008~cd6ad4385480,network_device,acme,dev-01008,dev-01008.waf,waf,operational,in_use,2025-09-07T16:51:59Z,2026-05-03T08:18:10Z,2025-10-07T02:15:21Z,\N,1,assert
acme:network_device:dev-00792~45ac481f2514,network_device,acme,dev-00792,dev-00792.switch,switch,operational,in_maintenance,2025-09-27T20:59:40Z,\N,2025-10-07T05:12:29Z,\N,1,assert
acme:network_device:dev-00261~d22396eb5ea3,network_device,acme,dev-00261,dev-00261.router,router,operational,in_use,2025-08-31T08:19:44Z,\N,2025-10-12T09:41:04Z,2026-04-13T16:25:15Z,1,assert
acme:network_device:dev-00959~4f0acdb4c280,network_device,acme,dev-00959,dev-00959.switch,switch,operational,in_maintenance,2025-10-04T21:20:29Z,\N,2025-10-15T03:56:15Z,\N,1,assert
acme:network_device:dev-00758~0bc483e5df9e,network_device,acme,dev-00758,dev-00758.firewall,firewall,operational,in_use,2025-09-28T12:52:27Z,\N,2025-10-16T06:07:12Z,\N,1,assert
acme:network_device:dev-00537~f029db03f94b,network_device,acme,dev-00537,dev-00537.firewall,firewall,operational,in_use,2025-09-06T03:13:13Z,\N,2025-10-18T12:07:23Z,\N,1,assert
acme:network_device:dev-00425~672ec40f4d32,network_device,acme,dev-00425,dev-00425.switch,switch,operational,in_use,2025-09-09T10:15:34Z,\N,2025-10-19T23:24:58Z,\N,1,assert
acme:network_device:dev-00469~8ecea89b338e,network_device,acme,dev-00469,dev-00469.firewall,firewall,operational,in_maintenance,2025-06-26T06:16:16Z,\N,2025-10-21T10:49:22Z,\N,2,assert
acme:network_device:dev-00254~686d69ff0960,network_device,acme,dev-00254,dev-00254.firewall,firewall,operational,in_use,2025-09-15T16:28:33Z,\N,2025-10-22T05:27:40Z,\N,1,assert
acme:network_device:dev-00335~453963aa1fb0,network_device,acme,dev-00335,dev-00335.firewall,firewall,operational,in_use,2025-10-14T00:32:07Z,\N,2025-10-25T08:23:07Z,\N,1,assert
acme:network_device:dev-00860~e277f000495e,network_device,acme,dev-00860,dev-00860.firewall,firewall,operational,in_maintenance,2025-10-02T12:38:31Z,\N,2025-10-26T08:24:26Z,\N,1,assert
acme:network_device:dev-00125~ed8995942516,network_device,acme,dev-00125,dev-00125.switch,switch,operational,in_use,2025-09-22T03:08:07Z,\N,2025-10-28T01:49:49Z,\N,1,assert
acme:network_device:dev-00655~511181e29ca6,network_device,acme,dev-00655,dev-00655.firewall,firewall,operational,in_use,2025-09-30T10:56:22Z,\N,2025-10-31T14:06:37Z,\N,1,assert
acme:network_device:dev-00084~ba889c119a56,network_device,acme,dev-00084,dev-00084.switch,switch,operational,in_use,2025-10-09T09:33:37Z,\N,2025-11-06T03:57:27Z,\N,1,assert
acme:network_device:dev-00315~988a2827f52a,network_device,acme,dev-00315,dev-00315.switch,switch,operational,in_use,2025-10-30T20:30:13Z,\N,2025-11-06T07:36:20Z,\N,1,assert
acme:network_device:dev-01178~e2633ec155fe,network_device,acme,dev-01178,dev-01178.load_balancer,load_balancer,operational,in_use,2025-10-31T17:47:04Z,\N,2025-11-13T05:21:27Z,\N,1,assert
acme:network_device:dev-01092~704fa78172a4,network_device,acme,dev-01092,dev-01092.switch,switch,operational,in_use,2025-10-28T00:35:57Z,\N,2025-11-15T07:54:13Z,2026-09-05T05:43:14Z,1,assert
acme:network_device:dev-00122~d979ca4fe838,network_device,acme,dev-00122,dev-00122.proxy,proxy,operational,in_use,2025-11-08T09:56:58Z,\N,2025-11-16T20:46:21Z,\N,1,assert
acme:network_device:dev-00925~6ced049d691e,network_device,acme,dev-00925,dev-00925.waf,waf,operational,in_use,2025-11-02T14:44:22Z,\N,2025-11-16T09:17:41Z,\N,1,assert
acme:network_device:dev-00153~8d5327b88fae,network_device,acme,dev-00153,dev-00153.switch,switch,operational,in_use,2025-10-10T15:48:12Z,\N,2025-11-17T12:25:45Z,\N,1,assert
acme:network_device:dev-00578~87a6bf95d201,network_device,acme,dev-00578,dev-00578.switch,switch,operational,in_use,2025-11-03T14:40:50Z,\N,2025-11-19T23:42:28Z,\N,1,assert
acme:network_device:dev-00531~e9130a54f730,network_device,acme,dev-00531,dev-00531.load_balancer,load_balancer,operational,in_use,2025-11-14T13:30:35Z,\N,2025-11-27T05:59:46Z,\N,1,assert
acme:network_device:dev-00937~3d57bf3d9c56,network_device,acme,dev-00937,dev-00937.switch,switch,operational,in_use,2025-10-19T23:34:46Z,\N,2025-11-28T23:31:53Z,\N,1,assert
acme:network_device:dev-00419~b8509128f7a2,network_device,acme,dev-00419,dev-00419.switch,switch,operational,in_maintenance,2025-10-20T03:17:26Z,\N,2025-11-30T01:30:13Z,\N,1,assert
acme:network_device:dev-00008~5d806508a6b8,network_device,acme,dev-00008,dev-00008.load_balancer,load_balancer,operational,in_maintenance,2025-11-04T05:24:48Z,\N,2025-12-03T15:06:38Z,\N,1,assert
acme:network_device:dev-00941~e0ab8a7f0c98,network_device,acme,dev-00941,dev-00941.switch,switch,operational,in_use,2025-11-06T05:00:18Z,\N,2025-12-03T23:02:25Z,\N,1,assert
acme:network_device:dev-00910~1c4832842723,network_device,acme,dev-00910,dev-00910.load_balancer,load_balancer,operational,in_maintenance,2025-11-19T17:25:08Z,\N,2025-12-04T12:16:37Z,\N,1,assert
acme:network_device:dev-00912~84077f74e3d2,network_device,acme,dev-00912,dev-00912.firewall,firewall,operational,in_maintenance,2025-11-14T15:22:36Z,\N,2025-12-04T21:03:52Z,\N,1,assert
acme:network_device:dev-00861~db0f13eef991,network_device,acme,dev-00861,dev-00861.proxy,proxy,operational,in_use,2025-11-27T23:44:53Z,\N,2025-12-07T05:17:44Z,2026-08-03T01:24:57Z,1,assert
acme:network_device:dev-00015~bde32f3d0f92,network_device,acme,dev-00015,dev-00015.proxy,proxy,operational,in_use,2025-12-09T00:01:13Z,\N,2025-12-09T00:01:13Z,\N,1,assert
acme:network_device:dev-00054~3d48494965eb,network_device,acme,dev-00054,dev-00054.switch,switch,operational,in_maintenance,2025-12-12T21:37:11Z,\N,2025-12-15T02:00:18Z,\N,1,assert
acme:network_device:dev-00496~67fbedaa0f5f,network_device,acme,dev-00496,dev-00496.switch,switch,operational,in_use,2025-11-10T08:26:59Z,\N,2025-12-16T07:00:14Z,\N,1,assert
acme:network_device:dev-00028~226b74b73b00,network_device,acme,dev-00028,dev-00028.firewall,firewall,operational,in_use,2025-12-10T09:58:32Z,\N,2025-12-17T17:42:00Z,\N,1,assert
acme:network_device:dev-00266~c3cb96d62b72,network_device,acme,dev-00266,dev-00266.load_balancer,load_balancer,operational,in_use,2025-11-20T00:47:04Z,\N,2025-12-24T01:32:04Z,\N,1,assert
acme:network_device:dev-00158~0b1b3802e9d9,network_device,acme,dev-00158,dev-00158.firewall,firewall,operational,in_use,2025-11-22T05:11:37Z,\N,2025-12-27T02:15:33Z,\N,1,assert
acme:network_device:dev-00476~994399a447cf,network_device,acme,dev-00476,dev-00476.router,router,operational,in_use,2025-12-27T21:37:10Z,\N,2025-12-28T12:53:00Z,\N,1,assert
acme:network_device:dev-01128~46fdee255f7f,network_device,acme,dev-01128,dev-01128.router,router,operational,in_use,2025-12-13T13:29:04Z,\N,2026-01-04T09:35:13Z,\N,1,assert
acme:network_device:dev-01138~4d656165032a,network_device,acme,dev-01138,dev-01138.router,router,operational,in_use,2025-12-11T23:48:09Z,\N,2026-01-07T10:28:38Z,\N,1,assert
acme:network_device:dev-00119~7c62f453771d,network_device,acme,dev-00119,dev-00119.waf,waf,operational,in_use,2025-11-30T10:41:26Z,\N,2026-01-11T22:10:28Z,\N,1,assert
acme:network_device:dev-00615~76f18cddb234,network_device,acme,dev-00615,dev-00615.switch,switch,operational,in_use,2025-12-14T06:20:59Z,\N,2026-01-11T12:51:50Z,\N,1,assert
acme:network_device:dev-00128~c2580817d6aa,network_device,acme,dev-00128,dev-00128.switch,switch,operational,in_use,2026-01-03T18:51:12Z,\N,2026-01-14T12:42:42Z,\N,1,assert
acme:network_device:dev-00528~d1452d3c043b,network_device,acme,dev-00528,dev-00528.switch,switch,operational,in_use,2025-12-30T19:13:13Z,\N,2026-01-14T04:28:53Z,\N,1,assert
acme:network_device:dev-00449~06864cd995d5,network_device,acme,dev-00449,dev-00449.switch,switch,operational,in_maintenance,2025-12-20T22:24:35Z,\N,2026-01-19T04:43:41Z,\N,1,assert
acme:network_device:dev-00113~c9409105ca52,network_device,acme,dev-00113,dev-00113.load_balancer,load_balancer,operational,in_maintenance,2024-09-20T16:08:29Z,\N,2026-01-20T08:25:26Z,\N,2,assert
acme:network_device:dev-00111~8742e1dfe14f,network_device,acme,dev-00111,dev-00111.load_balancer,load_balancer,operational,in_use,2025-12-30T14:12:15Z,\N,2026-01-21T06:10:23Z,\N,1,assert
acme:network_device:dev-00202~81ad923242ec,network_device,acme,dev-00202,dev-00202.load_balancer,load_balancer,operational,in_use,2026-01-10T21:20:38Z,\N,2026-01-25T11:12:50Z,\N,1,assert
acme:network_device:dev-01136~e96aa2c69926,network_device,acme,dev-01136,dev-01136.switch,switch,operational,in_use,2025-12-29T08:22:52Z,\N,2026-01-25T12:58:35Z,\N,1,assert
acme:network_device:dev-00497~81ef9c886ea6,network_device,acme,dev-00497,dev-00497.switch,switch,operational,in_use,2026-01-21T11:52:32Z,\N,2026-01-26T15:28:23Z,\N,1,assert
acme:network_device:dev-00601~3005c2cb9737,network_device,acme,dev-00601,dev-00601.firewall,firewall,operational,in_use,2026-01-01T18:12:13Z,\N,2026-01-26T04:13:29Z,\N,1,assert
acme:network_device:dev-00984~a784233115ff,network_device,acme,dev-00984,dev-00984.firewall,firewall,operational,in_use,2026-01-13T20:40:09Z,\N,2026-01-28T19:46:22Z,\N,1,assert
acme:network_device:dev-00288~fa2ad22c7020,network_device,acme,dev-00288,dev-00288.switch,switch,operational,in_use,2026-01-20T16:36:21Z,\N,2026-01-29T17:01:06Z,\N,1,assert
acme:network_device:dev-00897~604f5d42a601,network_device,acme,dev-00897,dev-00897.switch,switch,operational,in_maintenance,2026-01-28T21:20:14Z,\N,2026-01-30T02:04:11Z,\N,1,assert
acme:network_device:dev-00159~e84652f8cf1d,network_device,acme,dev-00159,dev-00159.load_balancer,load_balancer,operational,in_use,2025-12-22T08:50:20Z,\N,2026-02-02T23:16:04Z,\N,1,assert
acme:network_device:dev-01019~dc81e85f6101,network_device,acme,dev-01019,dev-01019.proxy,proxy,operational,in_use,2026-01-15T20:42:43Z,\N,2026-02-03T00:44:47Z,\N,1,assert
acme:network_device:dev-01015~a8e52a246a52,network_device,acme,dev-01015,dev-01015.router,router,operational,in_use,2026-01-30T03:03:13Z,\N,2026-02-05T16:18:16Z,\N,1,assert
acme:network_device:dev-00307~5bf296d6c379,network_device,acme,dev-00307,dev-00307.switch,switch,operational,in_use,2026-01-07T11:58:45Z,\N,2026-02-09T06:34:58Z,\N,1,assert
acme:network_device:dev-00350~7dfde9c9194a,network_device,acme,dev-00350,dev-00350.firewall,firewall,operational,in_use,2025-12-27T08:49:20Z,\N,2026-02-09T11:47:50Z,\N,1,assert
acme:network_device:dev-01106~bce7cb5e9bcd,network_device,acme,dev-01106,dev-01106.firewall,firewall,operational,in_use,2025-12-31T09:27:09Z,\N,2026-02-09T18:38:22Z,\N,1,assert
acme:network_device:dev-00167~62116aba744b,network_device,acme,dev-00167,dev-00167.switch,switch,operational,in_use,2026-01-17T00:58:29Z,\N,2026-02-10T09:29:59Z,\N,1,assert
acme:network_device:dev-00903~728c16ba1fce,network_device,acme,dev-00903,dev-00903.router,router,operational,in_use,2026-02-01T10:20:46Z,\N,2026-02-10T02:44:56Z,\N,1,assert
acme:network_device:dev-00126~9812b524e006,network_device,acme,\N,\N,\N,\N,\N,2022-01-23T01:10:37Z,\N,2026-02-14T00:12:48Z,\N,2,retract
acme:network_device:dev-00864~a2cf71ab8fd8,network_device,acme,dev-00864,dev-00864.switch,switch,operational,in_maintenance,2026-01-19T02:58:11Z,\N,2026-02-14T14:52:21Z,\N,1,assert
acme:network_device:dev-00581~daf2a8b2f96a,network_device,acme,dev-00581,dev-00581.load_balancer,load_balancer,operational,in_use,2026-02-04T13:23:39Z,\N,2026-02-16T04:47:50Z,\N,1,assert
acme:network_device:dev-00609~eb5a9d231d1b,network_device,acme,dev-00609,dev-00609.switch,switch,operational,in_use,2026-01-19T01:35:35Z,\N,2026-02-19T16:39:29Z,\N,1,assert
acme:network_device:dev-00760~ae188a679377,network_device,acme,dev-00760,dev-00760.load_balancer,load_balancer,operational,in_use,2026-02-10T05:08:04Z,\N,2026-02-20T02:12:17Z,\N,1,assert
acme:network_device:dev-00875~4cb13f9de179,network_device,acme,\N,\N,\N,\N,\N,2021-12-14T12:17:04Z,\N,2026-02-20T21:34:04Z,\N,2,retract
acme:network_device:dev-00222~243e3a445b6d,network_device,acme,dev-00222,dev-00222.switch,switch,operational,in_use,2026-02-08T00:58:29Z,\N,2026-02-24T01:39:03Z,\N,1,assert
acme:network_device:dev-00483~ce0e321777bf,network_device,acme,dev-00483,dev-00483.switch,switch,operational,in_maintenance,2026-02-18T05:52:09Z,\N,2026-02-24T13:06:12Z,\N,1,assert
acme:network_device:dev-01086~c621baf4d2f9,network_device,acme,dev-01086,dev-01086.firewall,firewall,operational,in_use,2026-02-04T02:40:29Z,\N,2026-02-24T18:49:15Z,\N,1,assert
acme:network_device:dev-00837~ebad611749a0,network_device,acme,dev-00837,dev-00837.proxy,proxy,operational,in_use,2026-01-24T22:27:33Z,\N,2026-02-25T20:32:26Z,\N,1,assert
acme:network_device:dev-00185~0e19747e3231,network_device,acme,dev-00185,dev-00185.load_balancer,load_balancer,operational,in_use,2026-02-17T06:46:33Z,\N,2026-02-26T13:53:06Z,\N,1,assert
acme:network_device:dev-00514~6e2fc729bf04,network_device,acme,dev-00514,dev-00514.router,router,operational,in_use,2026-02-02T16:04:08Z,\N,2026-02-27T08:07:06Z,\N,1,assert
acme:network_device:dev-00121~2c8f0ccfdb94,network_device,acme,dev-00121,dev-00121.switch,switch,operational,in_use,2026-02-06T05:36:17Z,\N,2026-03-11T11:27:07Z,\N,1,assert
acme:network_device:dev-00786~21a6f399982f,network_device,acme,\N,\N,\N,\N,\N,2025-06-21T00:31:04Z,\N,2026-03-14T18:26:31Z,\N,2,retract
acme:network_device:dev-00048~dd13893dc317,network_device,acme,\N,\N,\N,\N,\N,2025-03-16T16:59:12Z,\N,2026-03-15T02:02:56Z,\N,2,retract
acme:network_device:dev-00174~63fe1177552d,network_device,acme,dev-00174,dev-00174.router,router,operational,in_use,2026-02-18T00:26:59Z,\N,2026-03-18T10:27:44Z,\N,1,assert
acme:network_device:dev-00231~2ee1c5f277e0,network_device,acme,dev-00231,dev-00231.router,router,operational,in_use,2026-02-06T13:01:17Z,\N,2026-03-18T04:58:16Z,\N,1,assert
acme:network_device:dev-01140~29d995908cb8,network_device,acme,dev-01140,dev-01140.firewall,firewall,operational,in_use,2026-03-09T12:12:00Z,\N,2026-03-20T07:47:34Z,\N,1,assert
acme:network_device:dev-00726~0bb375287cfc,network_device,acme,dev-00726,dev-00726.firewall,firewall,operational,in_use,2026-02-28T18:33:04Z,\N,2026-03-23T18:47:38Z,\N,1,assert
acme:network_device:dev-00922~8dcc9dacb9ea,network_device,acme,dev-00922,dev-00922.router,router,operational,in_use,2026-03-20T10:26:05Z,\N,2026-03-26T21:36:56Z,\N,1,assert
acme:network_device:dev-00090~c104508ce686,network_device,acme,dev-00090,dev-00090.switch,switch,operational,in_use,2026-02-27T08:03:42Z,\N,2026-03-27T05:27:48Z,\N,1,assert
acme:network_device:dev-00874~b488ad0d7acb,network_device,acme,dev-00874,dev-00874.firewall,firewall,operational,in_use,2026-03-25T16:35:59Z,\N,2026-03-30T12:20:28Z,\N,1,assert
acme:network_device:dev-00858~f1d37d691ec8,network_device,acme,dev-00858,dev-00858.proxy,proxy,operational,in_use,2026-02-24T19:57:33Z,\N,2026-03-31T22:18:43Z,\N,1,assert
acme:network_device:dev-01122~832ff8681d9f,network_device,acme,dev-01122,dev-01122.switch,switch,operational,in_use,2026-02-27T07:02:01Z,\N,2026-03-31T20:08:20Z,\N,1,assert
acme:network_device:dev-00223~36aada2e30f0,network_device,acme,dev-00223,dev-00223.switch,switch,operational,in_use,2026-02-20T23:26:30Z,\N,2026-04-01T05:44:01Z,\N,1,assert
acme:network_device:dev-00500~e55a4a8fc902,network_device,acme,dev-00500,dev-00500.switch,switch,operational,in_use,2026-03-12T21:15:36Z,\N,2026-04-03T11:03:27Z,\N,1,assert
acme:network_device:dev-00631~4805ba5935ad,network_device,acme,dev-00631,dev-00631.switch,switch,operational,in_use,2026-03-17T11:23:57Z,\N,2026-04-04T19:09:47Z,\N,1,assert
acme:network_device:dev-00906~68a898a62086,network_device,acme,dev-00906,dev-00906.router,router,operational,in_maintenance,2026-02-25T13:58:13Z,\N,2026-04-04T16:12:36Z,\N,1,assert
acme:network_device:dev-00992~4bab5add52b2,network_device,acme,dev-00992,dev-00992.switch,switch,operational,in_use,2026-03-29T12:51:59Z,\N,2026-04-04T21:25:56Z,\N,1,assert
acme:network_device:dev-00368~31fa4aa18fce,network_device,acme,\N,\N,\N,\N,\N,2026-05-03T23:12:40Z,\N,2026-04-05T08:18:05Z,\N,2,retract
acme:network_device:dev-00230~a9f66b2496ef,network_device,acme,dev-00230,dev-00230.load_balancer,load_balancer,operational,in_maintenance,2026-03-29T02:28:32Z,\N,2026-04-05T17:30:48Z,\N,1,assert
acme:network_device:dev-00662~548b179c8d86,network_device,acme,dev-00662,dev-00662.proxy,proxy,operational,in_maintenance,2026-03-13T05:52:50Z,\N,2026-04-05T16:06:13Z,\N,1,assert
acme:network_device:dev-00047~c0bdb628069f,network_device,acme,\N,\N,\N,\N,\N,2025-11-15T03:47:08Z,\N,2026-04-06T00:40:56Z,\N,2,retract
acme:network_device:dev-00466~dc44bfcbf37c,network_device,acme,dev-00466,dev-00466.router,router,operational,in_maintenance,2026-03-06T14:08:42Z,\N,2026-04-08T11:06:32Z,\N,1,assert
acme:network_device:dev-00536~9328fa6760d0,network_device,acme,dev-00536,dev-00536.firewall,firewall,operational,in_use,2026-02-23T14:14:14Z,\N,2026-04-08T12:06:02Z,\N,1,assert
acme:network_device:dev-00560~720805781968,network_device,acme,\N,\N,\N,\N,\N,2021-09-29T18:46:12Z,\N,2026-04-12T18:11:48Z,\N,2,retract
acme:network_device:dev-00261~d22396eb5ea3,network_device,acme,dev-00261,dev-00261.router,router,operational,in_maintenance,2025-08-31T08:19:44Z,\N,2026-04-13T16:25:15Z,\N,2,assert
acme:network_device:dev-00501~50996bbaa8dc,network_device,acme,dev-00501,dev-00501.switch,switch,operational,in_use,2026-03-23T12:30:54Z,\N,2026-04-14T15:05:07Z,\N,1,assert
acme:network_device:dev-00985~4a2f92f2d8fb,network_device,acme,dev-00985,dev-00985.switch,switch,operational,in_maintenance,2026-04-01T13:30:27Z,\N,2026-04-14T18:01:19Z,\N,1,assert
acme:network_device:dev-00097~3651bbca6156,network_device,acme,dev-00097,dev-00097.load_balancer,load_balancer,operational,in_use,2026-04-16T05:10:50Z,\N,2026-04-18T05:24:55Z,\N,1,assert
acme:network_device:dev-00323~396e95bd7c90,network_device,acme,dev-00323,dev-00323.firewall,firewall,operational,in_use,2026-04-08T08:32:52Z,\N,2026-04-18T00:52:37Z,\N,1,assert
acme:network_device:dev-00269~1f90507ab336,network_device,acme,dev-00269,dev-00269.firewall,firewall,operational,in_use,2026-03-31T09:46:57Z,\N,2026-04-21T19:25:21Z,\N,1,assert
acme:network_device:dev-00876~2e877609e9ad,network_device,acme,dev-00876,dev-00876.switch,switch,operational,end_of_support,2025-07-17T06:34:40Z,\N,2026-04-25T07:08:38Z,\N,2,assert
acme:network_device:dev-00155~07f44ea6334e,network_device,acme,dev-00155,dev-00155.router,router,operational,in_maintenance,2026-03-17T20:13:36Z,\N,2026-04-25T16:34:35Z,\N,1,assert
acme:network_device:dev-00574~ccd3eca8eec5,network_device,acme,dev-00574,dev-00574.proxy,proxy,operational,in_use,2026-03-17T02:47:09Z,\N,2026-04-25T13:35:35Z,\N,1,assert
acme:network_device:dev-00093~52b4588920f9,network_device,acme,dev-00093,dev-00093.load_balancer,load_balancer,operational,in_use,2026-03-29T15:53:29Z,\N,2026-04-28T08:17:46Z,\N,1,assert
acme:network_device:dev-01162~670846956fa3,network_device,acme,dev-01162,dev-01162.switch,switch,operational,in_use,2026-03-21T21:28:55Z,\N,2026-04-28T20:11:12Z,\N,1,assert
acme:network_device:dev-01075~1912bb3b7aa7,network_device,acme,dev-01075,dev-01075.router,router,operational,in_use,2026-03-18T00:10:52Z,\N,2026-04-30T11:22:11Z,\N,1,assert
acme:network_device:dev-00454~793e453cedef,network_device,acme,dev-00454,dev-00454.load_balancer,load_balancer,operational,in_use,2026-03-24T19:46:30Z,\N,2026-05-02T21:28:34Z,\N,1,assert
acme:network_device:dev-00755~df81c3c961e4,network_device,acme,\N,\N,\N,\N,\N,2024-05-30T11:31:46Z,\N,2026-05-02T23:51:38Z,\N,2,retract
acme:network_device:dev-00278~75bc18f56a32,network_device,acme,\N,\N,\N,\N,\N,2024-10-10T20:11:49Z,\N,2026-05-04T14:15:47Z,\N,2,retract
acme:network_device:dev-01076~3829f8087d9f,network_device,acme,dev-01076,dev-01076.router,router,operational,in_use,2026-05-01T09:11:06Z,\N,2026-05-05T13:27:26Z,\N,1,assert
acme:network_device:dev-00694~6067a75313ed,network_device,acme,dev-00694,dev-00694.switch,switch,operational,in_use,2026-03-26T06:53:13Z,\N,2026-05-07T00:04:24Z,\N,1,assert
acme:network_device:dev-00471~01cbb23d6125,network_device,acme,dev-00471,dev-00471.firewall,firewall,operational,in_use,2026-05-05T22:00:23Z,\N,2026-05-10T10:15:04Z,\N,1,assert
acme:network_device:dev-00030~8f732957f6ca,network_device,acme,dev-00030,dev-00030.switch,switch,operational,in_use,2026-05-04T18:02:06Z,\N,2026-05-11T13:12:51Z,\N,1,assert
acme:network_device:dev-00244~b5da4d66cc48,network_device,acme,dev-00244,dev-00244.firewall,firewall,operational,in_use,2026-04-08T05:28:51Z,\N,2026-05-11T13:24:48Z,\N,1,assert
acme:network_device:dev-00815~c6cf0726dc7c,network_device,acme,dev-00815,dev-00815.firewall,firewall,operational,in_maintenance,2026-05-01T00:30:56Z,\N,2026-05-11T02:27:57Z,\N,1,assert
acme:network_device:dev-00782~86428f07b94a,network_device,acme,dev-00782,dev-00782.waf,waf,operational,in_use,2026-05-09T14:15:48Z,\N,2026-05-13T06:21:53Z,\N,1,assert
acme:network_device:dev-00944~d89c5bd093c8,network_device,acme,dev-00944,dev-00944.waf,waf,operational,in_use,2026-04-08T19:13:13Z,\N,2026-05-14T08:23:20Z,\N,1,assert
acme:network_device:dev-00507~ac7d2118f6b8,network_device,acme,dev-00507,dev-00507.waf,waf,operational,in_use,2026-04-11T19:30:21Z,2026-08-26T16:25:51Z,2026-05-15T00:07:40Z,\N,1,assert
acme:network_device:dev-00771~581e1a09fea7,network_device,acme,dev-00771,dev-00771.switch,switch,operational,in_use,2026-05-10T16:37:10Z,\N,2026-05-15T05:55:41Z,\N,1,assert
acme:network_device:dev-00929~9ec3671daed6,network_device,acme,dev-00929,dev-00929.firewall,firewall,operational,in_use,2026-04-05T02:27:56Z,\N,2026-05-17T11:34:27Z,\N,1,assert
acme:network_device:dev-00172~22fe3e299e72,network_device,acme,dev-00172,dev-00172.switch,switch,operational,in_use,2026-04-20T10:22:19Z,\N,2026-05-19T04:37:08Z,\N,1,assert
acme:network_device:dev-00989~c16627a60379,network_device,acme,dev-00989,dev-00989.waf,waf,operational,in_use,2026-05-19T17:41:11Z,\N,2026-05-19T17:41:11Z,\N,1,assert
acme:network_device:dev-00524~b40505302f55,network_device,acme,dev-00524,dev-00524.waf,waf,operational,in_use,2026-05-12T23:02:07Z,\N,2026-05-20T19:51:15Z,\N,1,assert
acme:network_device:dev-00544~c701ea158429,network_device,acme,dev-00544,dev-00544.load_balancer,load_balancer,operational,in_maintenance,2026-04-20T09:26:26Z,\N,2026-05-20T18:40:53Z,\N,1,assert
acme:network_device:dev-00488~9011e0bf501b,network_device,acme,dev-00488,dev-00488.switch,switch,operational,in_use,2026-05-13T22:08:43Z,\N,2026-05-23T09:39:52Z,\N,1,assert
acme:network_device:dev-01053~4d570bd9ae37,network_device,acme,dev-01053,dev-01053.router,router,operational,in_use,2026-04-28T21:19:33Z,\N,2026-05-24T20:08:04Z,\N,1,assert
acme:network_device:dev-01008~cd6ad4385480,network_device,acme,\N,\N,\N,\N,\N,2026-05-03T08:18:10Z,\N,2026-05-27T04:51:36Z,\N,2,retract
acme:network_device:dev-00252~10fa4ac6e0b7,network_device,acme,\N,\N,\N,\N,\N,2025-12-07T19:21:24Z,\N,2026-05-28T16:33:27Z,\N,2,retract
acme:network_device:dev-01084~6cf1df9e176d,network_device,acme,dev-01084,dev-01084.switch,switch,operational,in_maintenance,2026-05-26T15:09:40Z,\N,2026-05-28T18:51:35Z,\N,1,assert
acme:network_device:dev-00600~339bfa9f9353,network_device,acme,\N,\N,\N,\N,\N,2024-03-14T17:30:16Z,\N,2026-05-28T21:00:49Z,\N,2,retract
acme:network_device:dev-01108~30114c5bf9f4,network_device,acme,dev-01108,dev-01108.load_balancer,load_balancer,operational,in_use,2026-05-30T18:29:23Z,\N,2026-06-03T04:51:19Z,\N,1,assert
acme:network_device:dev-00390~f49841b7415b,network_device,acme,dev-00390,dev-00390.switch,switch,operational,in_use,2026-05-24T13:48:28Z,\N,2026-06-06T02:13:00Z,\N,1,assert
acme:network_device:dev-00464~26ace37c1e35,network_device,acme,dev-00464,dev-00464.waf,waf,operational,in_maintenance,2026-05-22T12:07:38Z,\N,2026-06-07T14:02:23Z,\N,1,assert
acme:network_device:dev-01002~6abb2959ed7e,network_device,acme,dev-01002,dev-01002.firewall,firewall,operational,in_maintenance,2026-05-29T20:48:40Z,\N,2026-06-07T11:24:51Z,\N,1,assert
acme:network_device:dev-01073~3636ad133eca,network_device,acme,dev-01073,dev-01073.switch,switch,operational,in_maintenance,2026-05-18T07:08:14Z,\N,2026-06-07T16:17:11Z,\N,1,assert
acme:network_device:dev-01176~97f9d05169ca,network_device,acme,dev-01176,dev-01176.switch,switch,operational,in_use,2026-06-05T12:00:15Z,\N,2026-06-08T03:45:15Z,\N,1,assert
acme:network_device:dev-00016~e8c4972d6614,network_device,acme,\N,\N,\N,\N,\N,2022-06-25T11:54:36Z,\N,2026-06-09T13:46:22Z,\N,2,retract
acme:network_device:dev-00690~52cc5cb5f35d,network_device,acme,dev-00690,dev-00690.proxy,proxy,operational,in_use,2026-05-13T23:05:15Z,\N,2026-06-10T17:00:59Z,\N,1,assert
acme:network_device:dev-00813~bfb394a2d95c,network_device,acme,dev-00813,dev-00813.switch,switch,operational,in_use,2026-05-19T20:31:32Z,\N,2026-06-12T08:03:46Z,\N,1,assert
acme:network_device:dev-00681~eb1c9af85d33,network_device,acme,dev-00681,dev-00681.router,router,operational,in_use,2026-05-27T10:05:49Z,\N,2026-06-14T21:42:29Z,\N,1,assert
acme:network_device:dev-00057~4c81f692041f,network_device,acme,dev-00057,dev-00057.switch,switch,operational,in_use,2026-05-13T20:54:40Z,\N,2026-06-15T00:19:13Z,\N,1,assert
acme:network_device:dev-00498~a87f733b6778,network_device,acme,dev-00498,dev-00498.router,router,operational,in_use,2026-05-11T03:12:05Z,\N,2026-06-15T00:37:03Z,\N,1,assert
acme:network_device:dev-00613~d0a22dcab6df,network_device,acme,dev-00613,dev-00613.switch,switch,operational,in_use,2026-06-12T02:12:42Z,\N,2026-06-18T01:03:57Z,\N,1,assert
acme:network_device:dev-00099~3a786b182821,network_device,acme,dev-00099,dev-00099.switch,switch,operational,in_maintenance,2026-05-19T20:19:17Z,\N,2026-06-21T15:59:19Z,\N,1,assert
acme:network_device:dev-00532~9cc6efbfe8c1,network_device,acme,dev-00532,dev-00532.router,router,operational,in_use,2026-05-13T08:14:09Z,\N,2026-06-22T12:22:38Z,\N,1,assert
acme:network_device:dev-00732~b36ce8fe13df,network_device,acme,dev-00732,dev-00732.switch,switch,operational,in_use,2026-05-13T09:14:51Z,\N,2026-06-24T09:33:23Z,\N,1,assert
acme:network_device:dev-00106~50639b893451,network_device,acme,dev-00106,dev-00106.waf,waf,operational,in_use,2026-06-08T12:24:48Z,\N,2026-06-26T22:55:17Z,\N,1,assert
acme:network_device:dev-00603~43f2051b4364,network_device,acme,dev-00603,dev-00603.proxy,proxy,operational,in_use,2026-06-26T01:01:41Z,\N,2026-06-27T23:12:21Z,\N,1,assert
acme:network_device:dev-00939~d364b041bb39,network_device,acme,dev-00939,dev-00939.switch,switch,operational,in_use,2026-06-14T01:23:48Z,\N,2026-06-28T02:22:54Z,\N,1,assert
acme:network_device:dev-00179~b315d4509846,network_device,acme,dev-00179,dev-00179.switch,switch,operational,in_use,2026-06-25T04:18:23Z,\N,2026-06-29T12:59:45Z,\N,1,assert
acme:network_device:dev-00246~1174386d4371,network_device,acme,\N,\N,\N,\N,\N,2024-12-02T01:07:27Z,\N,2026-07-04T01:21:23Z,\N,2,retract
acme:network_device:dev-00206~b947fe1d27e7,network_device,acme,dev-00206,dev-00206.load_balancer,load_balancer,operational,in_use,2026-06-25T15:58:19Z,\N,2026-07-07T21:25:06Z,2027-03-16T16:17:03Z,1,assert
acme:network_device:dev-00219~e7b36e5d15b9,network_device,acme,dev-00219,dev-00219.firewall,firewall,operational,in_use,2026-07-01T17:07:12Z,\N,2026-07-08T02:49:58Z,\N,1,assert
acme:network_device:dev-00630~4ffe435679d1,network_device,acme,dev-00630,dev-00630.switch,switch,operational,in_maintenance,2026-05-28T07:01:17Z,\N,2026-07-08T04:52:09Z,\N,1,assert
acme:network_device:dev-01024~5c2aca09e341,network_device,acme,dev-01024,dev-01024.load_balancer,load_balancer,operational,in_use,2026-06-28T19:35:15Z,\N,2026-07-08T14:08:23Z,\N,1,assert
acme:network_device:dev-01026~4104e7ebf0e6,network_device,acme,dev-01026,dev-01026.router,router,operational,in_use,2026-06-14T04:15:18Z,\N,2026-07-08T20:43:24Z,\N,1,assert
acme:network_device:dev-01158~441d2a3021d0,network_device,acme,dev-01158,dev-01158.switch,switch,operational,in_use,2026-07-08T15:58:25Z,\N,2026-07-12T22:05:55Z,\N,1,assert
acme:network_device:dev-00058~6f50032267ac,network_device,acme,dev-00058,dev-00058.load_balancer,load_balancer,operational,in_use,2026-07-07T02:04:25Z,\N,2026-07-13T10:05:51Z,\N,1,assert
acme:network_device:dev-00913~6ec1db7dbb3e,network_device,acme,dev-00913,dev-00913.switch,switch,operational,in_use,2026-06-02T09:15:46Z,\N,2026-07-14T10:40:34Z,\N,1,assert
acme:network_device:dev-01170~5a5384f98c4d,network_device,acme,dev-01170,dev-01170.load_balancer,load_balancer,operational,in_use,2026-06-26T19:28:37Z,\N,2026-07-14T07:59:00Z,\N,1,assert
acme:network_device:dev-00436~af395ad12311,network_device,acme,dev-00436,dev-00436.router,router,operational,in_use,2026-06-05T17:27:21Z,\N,2026-07-15T04:05:14Z,\N,1,assert
acme:network_device:dev-00648~08647c868df8,network_device,acme,dev-00648,dev-00648.switch,switch,operational,in_maintenance,2026-07-01T18:46:17Z,\N,2026-07-15T20:39:31Z,\N,1,assert
acme:network_device:dev-00806~3b9acc246212,network_device,acme,dev-00806,dev-00806.switch,switch,operational,in_use,2026-06-12T06:24:28Z,\N,2026-07-17T22:10:20Z,\N,1,assert
acme:network_device:dev-00127~b0fb7252392a,network_device,acme,dev-00127,dev-00127.router,router,operational,in_use,2026-06-05T22:44:00Z,\N,2026-07-19T10:27:23Z,\N,1,assert
acme:network_device:dev-00515~2f257232ee05,network_device,acme,dev-00515,dev-00515.firewall,firewall,operational,in_use,2026-07-02T21:05:36Z,\N,2026-07-20T18:54:08Z,\N,1,assert
acme:network_device:dev-00801~6936fffe96a7,network_device,acme,dev-00801,dev-00801.switch,switch,operational,in_maintenance,2026-06-21T09:48:34Z,\N,2026-07-22T17:20:24Z,\N,1,assert
acme:network_device:dev-00085~e9a8032ea63f,network_device,acme,dev-00085,dev-00085.switch,switch,operational,in_use,2026-07-08T09:24:44Z,\N,2026-07-24T02:11:24Z,\N,1,assert
acme:network_device:dev-00772~bbbe83285039,network_device,acme,dev-00772,dev-00772.switch,switch,operational,in_maintenance,2026-06-10T21:17:30Z,\N,2026-07-24T04:08:14Z,\N,1,assert
acme:network_device:dev-00685~81e370918008,network_device,acme,dev-00685,dev-00685.router,router,operational,in_use,2026-07-16T23:08:53Z,\N,2026-07-26T21:00:16Z,\N,1,assert
acme:network_device:dev-00073~380399f484a0,network_device,acme,dev-00073,dev-00073.switch,switch,operational,in_use,2026-06-25T23:28:56Z,\N,2026-07-27T08:47:40Z,\N,1,assert
acme:network_device:dev-00305~174f0bb98fe3,network_device,acme,dev-00305,dev-00305.load_balancer,load_balancer,operational,in_use,2026-07-10T07:44:49Z,\N,2026-07-27T06:02:00Z,\N,1,assert
acme:network_device:dev-00788~335624f2ad65,network_device,acme,dev-00788,dev-00788.load_balancer,load_balancer,operational,in_use,2026-06-17T01:49:33Z,\N,2026-07-27T00:00:24Z,\N,1,assert
acme:network_device:dev-00884~d0c087e295c5,network_device,acme,dev-00884,dev-00884.router,router,operational,in_maintenance,2026-07-24T06:07:05Z,\N,2026-07-29T22:28:36Z,\N,1,assert
acme:network_device:dev-00045~f0e0c2bc8ecf,network_device,acme,dev-00045,dev-00045.proxy,proxy,operational,in_use,2026-07-09T01:24:43Z,\N,2026-07-30T17:16:54Z,\N,1,assert
acme:network_device:dev-00023~d0e46050f26f,network_device,acme,dev-00023,dev-00023.load_balancer,load_balancer,operational,in_maintenance,2026-07-28T20:23:11Z,\N,2026-07-31T13:04:38Z,\N,1,assert
acme:network_device:dev-00071~0885d53d0083,network_device,acme,dev-00071,dev-00071.switch,switch,operational,in_use,2026-07-28T07:44:15Z,\N,2026-07-31T08:01:12Z,\N,1,assert
acme:network_device:dev-00328~b7107a15fb43,network_device,acme,dev-00328,dev-00328.router,router,operational,in_use,2026-07-13T10:05:57Z,\N,2026-07-31T18:46:32Z,\N,1,assert
acme:network_device:dev-00790~e3d3d688a67a,network_device,acme,dev-00790,dev-00790.switch,switch,operational,in_use,2026-07-03T20:31:14Z,\N,2026-08-01T19:33:46Z,\N,1,assert
acme:network_device:dev-00628~6505a1cd9342,network_device,acme,dev-00628,dev-00628.firewall,firewall,operational,in_maintenance,2026-06-24T23:45:22Z,\N,2026-08-02T06:09:35Z,\N,1,assert
acme:network_device:dev-00861~db0f13eef991,network_device,acme,dev-00861,dev-00861.proxy,proxy,operational,in_maintenance,2025-11-27T23:44:53Z,\N,2026-08-03T01:24:57Z,\N,2,assert
acme:network_device:dev-00274~654732cecaf3,network_device,acme,\N,\N,\N,\N,\N,2021-12-20T20:48:53Z,\N,2026-08-03T21:02:48Z,\N,2,retract
acme:network_device:dev-01116~72b9cf98af1d,network_device,acme,dev-01116,dev-01116.router,router,operational,in_use,2026-07-25T00:32:38Z,\N,2026-08-04T08:21:07Z,\N,1,assert
acme:network_device:dev-00357~769e38b81c44,network_device,acme,dev-00357,dev-00357.switch,switch,operational,in_use,2026-08-01T01:24:05Z,\N,2026-08-07T09:28:16Z,\N,1,assert
acme:network_device:dev-00915~6a7a437f1e96,network_device,acme,dev-00915,dev-00915.switch,switch,operational,in_maintenance,2026-07-07T22:23:59Z,\N,2026-08-09T23:29:48Z,\N,1,assert
acme:network_device:dev-00530~02575b7dd9d1,network_device,acme,dev-00530,dev-00530.switch,switch,operational,in_use,2026-08-05T09:04:08Z,\N,2026-08-11T16:54:09Z,\N,1,assert
acme:network_device:dev-00899~e3db0217fd6b,network_device,acme,dev-00899,dev-00899.firewall,firewall,operational,in_maintenance,2026-07-27T19:42:38Z,\N,2026-08-13T17:03:13Z,\N,1,assert
acme:network_device:dev-00428~e0677c4606e9,network_device,acme,dev-00428,dev-00428.firewall,firewall,operational,in_use,2026-08-09T14:49:00Z,\N,2026-08-15T17:08:16Z,\N,1,assert
acme:network_device:dev-00614~6ab30dde2928,network_device,acme,dev-00614,dev-00614.firewall,firewall,operational,in_use,2026-07-25T18:48:37Z,\N,2026-08-15T23:07:16Z,\N,1,assert
acme:network_device:dev-00060~c5724362b887,network_device,acme,dev-00060,dev-00060.switch,switch,operational,in_maintenance,2026-08-14T12:41:46Z,\N,2026-08-17T16:13:59Z,\N,1,assert
acme:network_device:dev-00326~87e4e3493d72,network_device,acme,dev-00326,dev-00326.switch,switch,operational,in_use,2026-07-13T01:41:16Z,2027-07-04T04:10:01Z,2026-08-22T06:26:40Z,\N,1,assert
acme:network_device:dev-00083~675853713feb,network_device,acme,dev-00083,dev-00083.waf,waf,operational,in_use,2026-08-11T00:27:54Z,\N,2026-08-23T09:57:33Z,\N,1,assert
acme:network_device:dev-00287~5aa699a60d85,network_device,acme,dev-00287,dev-00287.switch,switch,operational,in_maintenance,2026-07-15T08:20:59Z,\N,2026-08-24T07:22:03Z,\N,1,assert
acme:network_device:dev-00507~ac7d2118f6b8,network_device,acme,\N,\N,\N,\N,\N,2026-08-26T16:25:51Z,\N,2026-08-25T19:20:18Z,\N,2,retract
acme:network_device:dev-00304~f99bf307dc06,network_device,acme,dev-00304,dev-00304.proxy,proxy,operational,in_use,2026-08-17T10:34:23Z,\N,2026-08-26T23:33:39Z,\N,1,assert
acme:network_device:dev-00958~99ea8827300e,network_device,acme,dev-00958,dev-00958.waf,waf,operational,in_use,2026-08-03T22:34:14Z,\N,2026-08-28T15:53:05Z,\N,1,assert
acme:network_device:dev-00513~bad27c5dbe92,network_device,acme,dev-00513,dev-00513.proxy,proxy,operational,in_use,2026-08-09T05:25:05Z,\N,2026-08-30T08:05:46Z,\N,1,assert
acme:network_device:dev-00671~7093cff3e7b1,network_device,acme,dev-00671,dev-00671.switch,switch,operational,in_maintenance,2026-07-31T13:47:14Z,\N,2026-08-30T13:31:17Z,\N,1,assert
acme:network_device:dev-01063~934dd0295fb0,network_device,acme,dev-01063,dev-01063.switch,switch,operational,in_use,2026-08-25T23:11:17Z,\N,2026-08-30T20:13:43Z,\N,1,assert
acme:network_device:dev-01048~2be99c6bf73e,network_device,acme,dev-01048,dev-01048.switch,switch,operational,in_use,2026-08-21T19:06:17Z,\N,2026-08-31T13:10:48Z,\N,1,assert
acme:network_device:dev-00702~277f10114b51,network_device,acme,dev-00702,dev-00702.switch,switch,operational,in_use,2026-08-31T13:02:54Z,\N,2026-09-01T20:09:58Z,\N,1,assert
acme:network_device:dev-00971~b22ef5a57960,network_device,acme,dev-00971,dev-00971.load_balancer,load_balancer,operational,in_use,2026-07-31T05:04:11Z,\N,2026-09-04T03:21:06Z,\N,1,assert
acme:network_device:dev-01092~704fa78172a4,network_device,acme,dev-01092,dev-01092.switch,switch,operational,in_maintenance,2025-10-28T00:35:57Z,\N,2026-09-05T05:43:14Z,\N,2,assert
acme:network_device:dev-00457~bb2bdb83f26a,network_device,acme,dev-00457,dev-00457.switch,switch,operational,in_use,2026-09-01T05:51:40Z,\N,2026-09-06T13:27:07Z,\N,1,assert
acme:network_device:dev-00948~17d1ab75efe8,network_device,acme,\N,\N,\N,\N,\N,2022-12-14T23:10:14Z,\N,2026-09-07T20:36:54Z,\N,2,retract
acme:network_device:dev-00881~34a19eb8d968,network_device,acme,dev-00881,dev-00881.switch,switch,operational,in_use,2026-09-07T03:42:21Z,\N,2026-09-08T11:53:52Z,\N,1,assert
acme:network_device:dev-00931~c863b57ed087,network_device,acme,\N,\N,\N,\N,\N,2023-02-17T19:04:55Z,\N,2026-09-08T18:04:08Z,\N,2,retract
acme:network_device:dev-00260~c65b4bce8ac2,network_device,acme,dev-00260,dev-00260.switch,switch,operational,in_use,2026-08-05T16:45:00Z,\N,2026-09-11T06:34:59Z,\N,1,assert
acme:network_device:dev-00764~558da2f3ea5f,network_device,acme,dev-00764,dev-00764.switch,switch,operational,in_use,2026-08-29T11:50:52Z,\N,2026-09-12T22:03:51Z,\N,1,assert
acme:network_device:dev-00411~6c985842b46e,network_device,acme,dev-00411,dev-00411.load_balancer,load_balancer,operational,in_use,2026-08-07T23:09:09Z,\N,2026-09-13T08:26:31Z,\N,1,assert
acme:network_device:dev-00945~7f5a604f06cd,network_device,acme,\N,\N,\N,\N,\N,2023-11-01T03:40:06Z,\N,2026-09-15T02:18:50Z,\N,2,retract
acme:network_device:dev-00296~d0c2b5e409e5,network_device,acme,dev-00296,dev-00296.load_balancer,load_balancer,operational,in_use,2026-09-06T07:13:58Z,\N,2026-09-16T22:40:30Z,\N,1,assert
acme:network_device:dev-00572~6afe5069fc44,network_device,acme,dev-00572,dev-00572.switch,switch,operational,in_use,2026-08-19T11:12:59Z,2027-03-09T17:46:57Z,2026-09-17T04:25:00Z,\N,1,assert
acme:network_device:dev-00827~afb1176739f1,network_device,acme,dev-00827,dev-00827.load_balancer,load_balancer,operational,in_use,2026-08-20T15:10:10Z,\N,2026-09-21T07:18:39Z,\N,1,assert
acme:network_device:dev-00549~61693888518d,network_device,acme,dev-00549,dev-00549.router,router,operational,in_maintenance,2026-09-13T17:08:31Z,\N,2026-09-22T00:53:23Z,\N,1,assert
acme:network_device:dev-00326~87e4e3493d72,network_device,acme,\N,\N,\N,\N,\N,2027-07-04T04:10:01Z,\N,2026-09-24T01:08:26Z,\N,2,retract
acme:network_device:dev-00064~d336294aa34f,network_device,acme,dev-00064,dev-00064.load_balancer,load_balancer,operational,in_maintenance,2026-08-16T09:04:41Z,\N,2026-09-26T10:19:26Z,\N,1,assert
acme:network_device:dev-01032~040d8fb666f8,network_device,acme,dev-01032,dev-01032.router,router,operational,in_use,2026-08-20T07:52:09Z,\N,2026-09-26T17:11:07Z,\N,1,assert
acme:network_device:dev-00068~99231fefb8a0,network_device,acme,dev-00068,dev-00068.switch,switch,operational,in_use,2026-09-18T00:54:39Z,\N,2026-09-27T19:10:09Z,\N,1,assert
acme:network_device:dev-00358~e0a354edcf38,network_device,acme,dev-00358,dev-00358.load_balancer,load_balancer,operational,in_use,2026-09-05T12:50:22Z,\N,2026-09-28T16:22:49Z,\N,1,assert
acme:network_device:dev-01009~ccec14f7ac17,network_device,acme,dev-01009,dev-01009.proxy,proxy,operational,in_use,2026-09-29T15:00:04Z,\N,2026-09-29T15:00:04Z,\N,1,assert
acme:network_device:dev-00853~d809950e6d6b,network_device,acme,dev-00853,dev-00853.waf,waf,operational,in_use,2026-09-30T16:47:45Z,\N,2026-09-30T16:47:45Z,\N,1,assert
acme:network_device:dev-00044~7cdf25ffe074,network_device,acme,dev-00044,dev-00044.router,router,operational,in_use,2026-09-03T08:11:31Z,\N,2026-10-03T02:14:50Z,\N,1,assert
acme:network_device:dev-00308~86d554ee90d9,network_device,acme,dev-00308,dev-00308.switch,switch,operational,in_use,2026-09-28T11:26:51Z,\N,2026-10-03T00:41:40Z,\N,1,assert
acme:network_device:dev-00665~66237251edd9,network_device,acme,dev-00665,dev-00665.switch,switch,operational,in_use,2026-10-03T22:18:20Z,\N,2026-10-05T11:14:21Z,\N,1,assert
acme:network_device:dev-00510~b17df8a6ba74,network_device,acme,dev-00510,dev-00510.load_balancer,load_balancer,operational,in_use,2026-09-24T07:51:42Z,\N,2026-10-07T20:09:07Z,\N,1,assert
acme:network_device:dev-00821~45335b5ee4c1,network_device,acme,dev-00821,dev-00821.firewall,firewall,operational,in_use,2026-09-15T22:21:26Z,\N,2026-10-08T00:44:00Z,\N,1,assert
acme:network_device:dev-00573~1d4a266b8b77,network_device,acme,dev-00573,dev-00573.router,router,operational,in_use,2026-09-20T18:31:12Z,\N,2026-10-11T21:54:04Z,\N,1,assert
acme:network_device:dev-00066~53e22fb0660f,network_device,acme,\N,\N,\N,\N,\N,2022-01-31T20:17:06Z,\N,2026-10-12T22:34:46Z,\N,2,retract
acme:network_device:dev-00572~6afe5069fc44,network_device,acme,\N,\N,\N,\N,\N,2027-03-09T17:46:57Z,\N,2026-10-13T13:57:21Z,\N,2,retract
acme:network_device:dev-00157~bc2923d81573,network_device,acme,dev-00157,dev-00157.firewall,firewall,operational,in_use,2026-10-04T03:54:48Z,\N,2026-10-15T16:26:10Z,\N,1,assert
acme:network_device:dev-01123~f4fb794bd8c4,network_device,acme,dev-01123,dev-01123.router,router,operational,in_maintenance,2026-09-21T15:48:33Z,\N,2026-10-15T12:11:59Z,\N,1,assert
acme:network_device:dev-00850~b0683162e5a0,network_device,acme,\N,\N,\N,\N,\N,2024-05-07T01:03:30Z,\N,2026-10-22T13:38:47Z,\N,2,retract
acme:network_device:dev-00032~07afc7331fac,network_device,acme,dev-00032,dev-00032.switch,switch,operational,in_use,2026-10-09T05:16:55Z,\N,2026-10-27T17:56:50Z,\N,1,assert
acme:network_device:dev-00322~5d2c78909495,network_device,acme,dev-00322,dev-00322.load_balancer,load_balancer,operational,in_use,2026-10-17T11:35:39Z,\N,2026-10-27T18:55:44Z,\N,1,assert
acme:network_device:dev-00666~916d245ca77f,network_device,acme,dev-00666,dev-00666.firewall,firewall,operational,in_use,2026-09-30T01:04:19Z,\N,2026-10-28T16:05:14Z,\N,1,assert
acme:network_device:dev-00330~a5e81150071e,network_device,acme,dev-00330,dev-00330.router,router,operational,in_use,2026-10-15T10:26:49Z,2027-10-10T04:50:35Z,2026-11-01T10:32:03Z,\N,1,assert
acme:network_device:dev-00744~f5b9dfe5d32d,network_device,acme,dev-00744,dev-00744.switch,switch,operational,in_maintenance,2026-10-14T13:13:02Z,\N,2026-11-02T11:24:57Z,\N,1,assert
acme:network_device:dev-00576~85666050550c,network_device,acme,\N,\N,\N,\N,\N,2024-06-13T22:38:23Z,\N,2026-11-05T12:31:23Z,\N,2,retract
acme:network_device:dev-00586~e11ddf2f654b,network_device,acme,dev-00586,dev-00586.load_balancer,load_balancer,operational,in_use,2026-10-15T17:18:56Z,\N,2026-11-05T13:28:48Z,\N,1,assert
acme:network_device:dev-01069~d63cda945645,network_device,acme,dev-01069,dev-01069.waf,waf,operational,in_maintenance,2026-10-10T11:09:54Z,\N,2026-11-05T02:21:09Z,\N,1,assert
acme:network_device:dev-01065~0b549847cdd4,network_device,acme,dev-01065,dev-01065.firewall,firewall,operational,in_use,2026-10-01T09:01:17Z,\N,2026-11-06T11:51:46Z,\N,1,assert
acme:network_device:dev-00909~38acf52e0011,network_device,acme,dev-00909,dev-00909.switch,switch,operational,in_use,2026-09-29T20:59:44Z,\N,2026-11-07T13:42:44Z,\N,1,assert
acme:network_device:dev-00291~47761da3c960,network_device,acme,dev-00291,dev-00291.waf,waf,operational,in_use,2026-11-04T04:42:22Z,\N,2026-11-08T14:51:19Z,\N,1,assert
acme:network_device:dev-00412~ba51ccbd30d3,network_device,acme,\N,\N,\N,\N,\N,2023-03-25T11:23:03Z,\N,2026-11-09T00:56:07Z,\N,2,retract
acme:network_device:dev-00040~8964dbd8a057,network_device,acme,dev-00040,dev-00040.router,router,operational,in_use,2026-09-26T11:49:04Z,\N,2026-11-09T01:06:07Z,\N,1,assert
acme:network_device:dev-00187~7a8775c62741,network_device,acme,dev-00187,dev-00187.router,router,operational,in_use,2026-10-08T04:48:33Z,\N,2026-11-10T14:35:03Z,\N,1,assert
acme:network_device:dev-00688~a3b32587317d,network_device,acme,dev-00688,dev-00688.router,router,operational,in_use,2026-11-05T13:14:27Z,\N,2026-11-10T03:42:23Z,\N,1,assert
acme:network_device:dev-00999~ee4548892b6c,network_device,acme,dev-00999,dev-00999.switch,switch,operational,in_use,2026-11-02T23:26:14Z,\N,2026-11-10T11:30:48Z,\N,1,assert
acme:network_device:dev-00152~d31a1f21b427,network_device,acme,dev-00152,dev-00152.proxy,proxy,operational,in_use,2026-11-03T12:50:08Z,\N,2026-11-11T19:18:01Z,\N,1,assert
acme:network_device:dev-00345~718397630400,network_device,acme,dev-00345,dev-00345.switch,switch,operational,in_maintenance,2026-10-19T19:49:43Z,\N,2026-11-12T00:57:42Z,\N,1,assert
acme:network_device:dev-00743~c53a067066d5,network_device,acme,dev-00743,dev-00743.switch,switch,operational,in_use,2026-11-12T09:59:21Z,\N,2026-11-15T08:49:43Z,\N,1,assert
acme:network_device:dev-00164~a82491930bca,network_device,acme,dev-00164,dev-00164.load_balancer,load_balancer,operational,in_use,2026-10-27T23:32:09Z,\N,2026-11-19T19:42:24Z,\N,1,assert
acme:network_device:dev-00960~e3e9ead7f8b2,network_device,acme,dev-00960,dev-00960.load_balancer,load_balancer,operational,in_use,2026-10-31T05:47:53Z,\N,2026-11-20T02:53:33Z,\N,1,assert
acme:network_device:dev-01033~9545eeec4d79,network_device,acme,dev-01033,dev-01033.switch,switch,operational,in_maintenance,2026-11-01T23:08:41Z,\N,2026-11-20T02:39:23Z,\N,1,assert
acme:network_device:dev-00889~cb5360dc98b2,network_device,acme,dev-00889,dev-00889.switch,switch,operational,in_use,2026-11-03T23:54:18Z,\N,2026-11-21T08:22:56Z,\N,1,assert
acme:network_device:dev-00877~c5621f661a91,network_device,acme,dev-00877,dev-00877.switch,switch,operational,in_use,2026-11-18T07:51:50Z,\N,2026-11-22T05:06:13Z,\N,1,assert
acme:network_device:dev-00441~75b33edd669c,network_device,acme,dev-00441,dev-00441.firewall,firewall,operational,in_use,2026-10-25T04:58:49Z,\N,2026-11-23T10:11:45Z,\N,1,assert
acme:network_device:dev-00963~a38f556b4025,network_device,acme,dev-00963,dev-00963.switch,switch,operational,in_maintenance,2026-11-20T15:55:30Z,\N,2026-11-24T01:40:04Z,\N,1,assert
acme:network_device:dev-00130~32abb4020561,network_device,acme,dev-00130,dev-00130.switch,switch,operational,in_use,2026-10-17T03:03:32Z,\N,2026-11-26T11:51:39Z,\N,1,assert
acme:network_device:dev-00663~2da5b356e3e5,network_device,acme,dev-00663,dev-00663.router,router,operational,in_use,2026-11-03T22:55:33Z,\N,2026-11-27T07:51:02Z,\N,1,assert
acme:network_device:dev-00041~99965447cba2,network_device,acme,\N,\N,\N,\N,\N,2021-09-01T19:08:09Z,\N,2026-11-30T00:36:11Z,\N,2,retract
acme:network_device:dev-00137~be1c3ad7c4df,network_device,acme,dev-00137,dev-00137.proxy,proxy,operational,in_maintenance,2026-11-24T14:49:53Z,\N,2026-12-01T02:59:53Z,\N,1,assert
acme:network_device:dev-01012~a91b34dfabf3,network_device,acme,dev-01012,dev-01012.switch,switch,operational,in_use,2026-10-21T14:10:22Z,\N,2026-12-03T05:23:10Z,\N,1,assert
acme:network_device:dev-00509~7c9eac414183,network_device,acme,dev-00509,dev-00509.firewall,firewall,operational,in_use,2026-10-28T20:31:13Z,\N,2026-12-06T06:56:29Z,\N,1,assert
acme:network_device:dev-01111~1b762225d45c,network_device,acme,dev-01111,dev-01111.switch,switch,operational,in_use,2026-10-28T07:09:54Z,\N,2026-12-08T09:41:10Z,\N,1,assert
acme:network_device:dev-00245~672e7adc6ec8,network_device,acme,dev-00245,dev-00245.switch,switch,operational,in_use,2026-11-04T17:15:18Z,\N,2026-12-09T15:25:06Z,\N,1,assert
acme:network_device:dev-00618~6726a69d7c82,network_device,acme,dev-00618,dev-00618.switch,switch,operational,in_use,2026-11-26T13:09:30Z,\N,2026-12-10T15:22:13Z,\N,1,assert
acme:network_device:dev-00878~fd1f49fa691d,network_device,acme,dev-00878,dev-00878.firewall,firewall,operational,in_use,2026-12-07T09:37:19Z,\N,2026-12-10T02:15:35Z,\N,1,assert
acme:network_device:dev-00182~cb013eac097a,network_device,acme,dev-00182,dev-00182.load_balancer,load_balancer,operational,in_use,2026-12-10T16:56:48Z,\N,2026-12-15T06:20:15Z,\N,1,assert
acme:network_device:dev-00450~c66a2f4e87c9,network_device,acme,dev-00450,dev-00450.router,router,operational,in_use,2026-11-12T10:54:47Z,\N,2026-12-17T00:35:34Z,\N,1,assert
acme:network_device:dev-00733~2903dd2fa015,network_device,acme,dev-00733,dev-00733.switch,switch,operational,in_use,2026-12-14T09:02:40Z,\N,2026-12-19T21:25:56Z,\N,1,assert
acme:network_device:dev-00349~23a558e2a6ea,network_device,acme,dev-00349,dev-00349.router,router,operational,in_use,2026-11-22T05:45:22Z,\N,2026-12-20T21:07:21Z,\N,1,assert
acme:network_device:dev-00050~9fba71ab03fd,network_device,acme,dev-00050,dev-00050.switch,switch,operational,in_use,2026-11-29T19:37:20Z,\N,2026-12-23T20:01:18Z,\N,1,assert
acme:network_device:dev-00193~7746d973fb82,network_device,acme,dev-00193,dev-00193.load_balancer,load_balancer,operational,in_use,2026-11-15T12:38:49Z,\N,2026-12-25T19:33:39Z,\N,1,assert
acme:network_device:dev-00473~3a5bfcf33c97,network_device,acme,dev-00473,dev-00473.switch,switch,operational,in_use,2026-12-07T16:08:03Z,\N,2026-12-26T21:23:31Z,\N,1,assert
acme:network_device:dev-00275~dc83be356ded,network_device,acme,\N,\N,\N,\N,\N,2026-02-07T08:52:54Z,\N,2026-12-27T19:49:42Z,\N,2,retract
acme:network_device:dev-00212~a69d134affb2,network_device,acme,dev-00212,dev-00212.load_balancer,load_balancer,operational,in_use,2026-12-25T09:07:23Z,\N,2026-12-28T04:13:01Z,\N,1,assert
acme:network_device:dev-01057~4cfa8ee08aa1,network_device,acme,dev-01057,dev-01057.firewall,firewall,operational,in_use,2026-12-22T19:56:08Z,\N,2026-12-28T05:55:25Z,\N,1,assert
acme:network_device:dev-00946~456cc2d9d83d,network_device,acme,dev-00946,dev-00946.switch,switch,operational,in_maintenance,2026-11-21T20:42:23Z,\N,2026-12-31T05:32:56Z,\N,1,assert
acme:network_device:dev-00780~acb457b7c8a2,network_device,acme,dev-00780,dev-00780.switch,switch,operational,in_use,2026-12-20T01:09:05Z,\N,2027-01-01T13:26:43Z,\N,1,assert
acme:network_device:dev-00380~1a50baa9069f,network_device,acme,dev-00380,dev-00380.firewall,firewall,operational,in_use,2026-12-01T15:12:20Z,\N,2027-01-04T15:04:56Z,\N,1,assert
acme:network_device:dev-00243~bbcc4e98eee5,network_device,acme,dev-00243,dev-00243.switch,switch,operational,in_use,2026-11-24T00:39:47Z,\N,2027-01-05T14:55:52Z,\N,1,assert
acme:network_device:dev-00708~8720dcbf153d,network_device,acme,dev-00708,dev-00708.switch,switch,operational,in_use,2026-12-22T12:29:44Z,\N,2027-01-06T19:11:35Z,\N,1,assert
acme:network_device:dev-00443~0dc7d612e753,network_device,acme,dev-00443,dev-00443.firewall,firewall,operational,in_maintenance,2026-12-09T07:01:48Z,\N,2027-01-07T03:05:52Z,\N,1,assert
acme:network_device:dev-00147~8a9710e052b8,network_device,acme,dev-00147,dev-00147.load_balancer,load_balancer,operational,in_use,2027-01-06T13:37:26Z,\N,2027-01-07T22:50:50Z,\N,1,assert
acme:network_device:dev-00448~c5a2b7ab8937,network_device,acme,dev-00448,dev-00448.switch,switch,operational,in_use,2026-12-25T12:04:26Z,\N,2027-01-11T03:27:20Z,\N,1,assert
acme:network_device:dev-00754~d0d45ee51e0b,network_device,acme,dev-00754,dev-00754.switch,switch,operational,in_use,2026-12-09T01:28:03Z,\N,2027-01-14T13:45:23Z,\N,1,assert
acme:network_device:dev-00952~4ba452c8c4c4,network_device,acme,dev-00952,dev-00952.firewall,firewall,operational,in_maintenance,2027-01-15T04:23:14Z,\N,2027-01-15T04:23:14Z,\N,1,assert
acme:network_device:dev-00972~6788c09529d5,network_device,acme,dev-00972,dev-00972.proxy,proxy,operational,in_use,2027-01-04T22:54:51Z,\N,2027-01-15T09:50:54Z,\N,1,assert
acme:network_device:dev-00994~851d817dc832,network_device,acme,dev-00994,dev-00994.load_balancer,load_balancer,operational,in_maintenance,2026-12-09T21:43:23Z,\N,2027-01-15T15:38:28Z,\N,1,assert
acme:network_device:dev-01052~fcbd8ae2a94a,network_device,acme,dev-01052,dev-01052.switch,switch,operational,in_use,2026-12-13T22:59:34Z,\N,2027-01-15T15:54:21Z,\N,1,assert
acme:network_device:dev-01112~b849c8b9d225,network_device,acme,dev-01112,dev-01112.load_balancer,load_balancer,operational,in_use,2027-01-09T11:10:57Z,\N,2027-01-16T05:34:45Z,\N,1,assert
acme:network_device:dev-00460~222288eec8f0,network_device,acme,dev-00460,dev-00460.load_balancer,load_balancer,operational,in_use,2026-12-20T17:54:45Z,\N,2027-01-18T02:56:31Z,\N,1,assert
acme:network_device:dev-01168~0b4441d2a350,network_device,acme,dev-01168,dev-01168.switch,switch,operational,in_use,2027-01-21T04:59:32Z,\N,2027-01-23T09:52:01Z,\N,1,assert
acme:network_device:dev-00330~a5e81150071e,network_device,acme,\N,\N,\N,\N,\N,2027-10-10T04:50:35Z,\N,2027-01-27T11:34:31Z,\N,2,retract
acme:network_device:dev-00607~494c66e67ac4,network_device,acme,dev-00607,dev-00607.switch,switch,operational,in_maintenance,2026-12-27T21:10:53Z,\N,2027-02-04T17:56:40Z,\N,1,assert
acme:network_device:dev-01088~7ad75cbccb73,network_device,acme,dev-01088,dev-01088.waf,waf,operational,in_use,2027-01-02T03:43:07Z,\N,2027-02-05T06:45:39Z,\N,1,assert
acme:network_device:dev-00029~db602f1ad0b7,network_device,acme,dev-00029,dev-00029.proxy,proxy,operational,in_maintenance,2027-01-08T03:58:36Z,\N,2027-02-06T06:35:54Z,\N,1,assert
acme:network_device:dev-01120~1528dbd9e1b6,network_device,acme,dev-01120,dev-01120.firewall,firewall,operational,in_maintenance,2027-01-09T22:23:37Z,\N,2027-02-06T20:53:41Z,\N,1,assert
acme:network_device:dev-00590~0c1ef852e687,network_device,acme,dev-00590,dev-00590.firewall,firewall,operational,in_use,2026-12-30T22:49:23Z,\N,2027-02-07T13:24:43Z,\N,1,assert
acme:network_device:dev-00270~e66439ee7d92,network_device,acme,dev-00270,dev-00270.router,router,operational,in_use,2027-02-04T10:39:54Z,\N,2027-02-10T00:42:07Z,\N,1,assert
acme:network_device:dev-00734~8e1bd72e8a20,network_device,acme,dev-00734,dev-00734.router,router,operational,in_use,2027-01-17T08:10:25Z,\N,2027-02-10T20:59:48Z,\N,1,assert
acme:network_device:dev-01103~7fefe98e8962,network_device,acme,dev-01103,dev-01103.router,router,operational,in_use,2027-02-14T19:31:09Z,\N,2027-02-14T19:31:09Z,\N,1,assert
acme:network_device:dev-00277~5a2b173a8ac1,network_device,acme,dev-00277,dev-00277.switch,switch,operational,in_use,2027-01-06T18:31:47Z,\N,2027-02-15T18:06:55Z,\N,1,assert
acme:network_device:dev-00558~011b88a8c7c4,network_device,acme,dev-00558,dev-00558.firewall,firewall,operational,in_maintenance,2027-02-06T22:58:02Z,\N,2027-02-17T08:31:14Z,\N,1,assert
acme:network_device:dev-01064~ef5c357625e8,network_device,acme,dev-01064,dev-01064.load_balancer,load_balancer,operational,in_use,2027-01-13T19:06:38Z,\N,2027-02-17T16:05:44Z,\N,1,assert
acme:network_device:dev-00195~7e659bf9a46c,network_device,acme,dev-00195,dev-00195.switch,switch,operational,in_use,2027-01-29T10:11:58Z,\N,2027-02-18T16:39:15Z,\N,1,assert
acme:network_device:dev-00737~42950ac2a3fd,network_device,acme,dev-00737,dev-00737.firewall,firewall,operational,in_use,2027-01-09T00:20:24Z,\N,2027-02-21T14:03:48Z,\N,1,assert
acme:network_device:dev-00916~e2601b304b23,network_device,acme,dev-00916,dev-00916.switch,switch,operational,in_maintenance,2027-02-02T02:57:59Z,\N,2027-02-21T22:03:11Z,\N,1,assert
acme:network_device:dev-01089~5f25d020f66e,network_device,acme,dev-01089,dev-01089.waf,waf,operational,in_maintenance,2025-03-13T23:36:43Z,\N,2027-02-22T09:45:33Z,\N,2,assert
acme:network_device:dev-00353~58d0ec7a6036,network_device,acme,dev-00353,dev-00353.proxy,proxy,operational,in_use,2027-01-13T21:30:10Z,\N,2027-02-22T17:48:49Z,\N,1,assert
acme:network_device:dev-00117~6f2b88ec31d1,network_device,acme,dev-00117,dev-00117.switch,switch,operational,in_maintenance,2027-01-19T03:36:40Z,\N,2027-02-26T09:39:01Z,\N,1,assert
acme:network_device:dev-00763~3a5093e8b5ba,network_device,acme,dev-00763,dev-00763.router,router,operational,in_use,2027-02-26T22:40:25Z,\N,2027-02-27T03:26:55Z,\N,1,assert
acme:network_device:dev-00540~f085a36f4fb1,network_device,acme,dev-00540,dev-00540.firewall,firewall,operational,in_use,2027-02-11T04:52:46Z,\N,2027-02-28T14:39:14Z,\N,1,assert
acme:network_device:dev-00420~635df4130e12,network_device,acme,dev-00420,dev-00420.switch,switch,operational,in_use,2027-02-06T15:43:42Z,\N,2027-03-01T16:26:53Z,\N,1,assert
acme:network_device:dev-00714~00e35a09253e,network_device,acme,dev-00714,dev-00714.switch,switch,operational,in_use,2027-01-20T06:13:54Z,\N,2027-03-02T23:44:16Z,\N,1,assert
acme:network_device:dev-00988~d371d3ec2fc7,network_device,acme,\N,\N,\N,\N,\N,2023-12-05T07:14:52Z,\N,2027-03-03T12:31:22Z,\N,2,retract
acme:network_device:dev-00956~5fb205fecc8c,network_device,acme,\N,\N,\N,\N,\N,2023-02-23T07:55:45Z,\N,2027-03-07T12:40:28Z,\N,2,retract
acme:network_device:dev-00405~18d4a38809c9,network_device,acme,dev-00405,dev-00405.switch,switch,operational,in_use,2027-02-11T18:17:46Z,\N,2027-03-07T19:27:40Z,\N,1,assert
acme:network_device:dev-00161~9d1142dfc662,network_device,acme,dev-00161,dev-00161.waf,waf,operational,in_use,2027-02-28T23:12:56Z,\N,2027-03-08T12:52:32Z,\N,1,assert
acme:network_device:dev-00842~f40ba4825940,network_device,acme,dev-00842,dev-00842.switch,switch,operational,in_use,2027-02-23T04:37:19Z,\N,2027-03-08T15:28:46Z,\N,1,assert
acme:network_device:dev-01155~9fea0d01da3f,network_device,acme,dev-01155,dev-01155.proxy,proxy,operational,in_use,2027-02-23T04:18:33Z,\N,2027-03-08T03:08:16Z,\N,1,assert
acme:network_device:dev-00333~8ba622864699,network_device,acme,dev-00333,dev-00333.switch,switch,operational,in_use,2027-02-25T07:35:38Z,\N,2027-03-10T17:43:32Z,\N,1,assert
acme:network_device:dev-00775~eaf892a8aa01,network_device,acme,dev-00775,dev-00775.switch,switch,operational,in_use,2027-03-09T02:48:47Z,\N,2027-03-12T14:45:16Z,\N,1,assert
acme:network_device:dev-00741~50905d8e55ee,network_device,acme,\N,\N,\N,\N,\N,2023-04-08T21:55:25Z,\N,2027-03-12T21:17:16Z,\N,2,retract
acme:network_device:dev-00206~b947fe1d27e7,network_device,acme,dev-00206,dev-00206.load_balancer,load_balancer,operational,end_of_support,2026-06-25T15:58:19Z,\N,2027-03-16T16:17:03Z,\N,2,assert
acme:network_device:dev-01055~10ab16fec798,network_device,acme,dev-01055,dev-01055.switch,switch,operational,in_use,2027-03-01T15:28:07Z,\N,2027-03-18T04:36:39Z,\N,1,assert
acme:network_device:dev-00706~9b1d324b7853,network_device,acme,dev-00706,dev-00706.firewall,firewall,operational,in_use,2027-02-26T21:49:34Z,\N,2027-03-20T15:04:31Z,\N,1,assert
acme:network_device:dev-00833~5b48e93d95bc,network_device,acme,dev-00833,dev-00833.waf,waf,operational,in_use,2027-02-08T17:40:58Z,\N,2027-03-20T08:17:30Z,\N,1,assert
acme:network_device:dev-00990~a73c08ef6c2e,network_device,acme,dev-00990,dev-00990.switch,switch,operational,in_use,2027-02-09T01:03:19Z,\N,2027-03-20T04:55:41Z,\N,1,assert
acme:network_device:dev-00933~57ae513ebce6,network_device,acme,dev-00933,dev-00933.switch,switch,operational,in_use,2027-02-20T04:24:43Z,\N,2027-03-23T20:02:05Z,\N,1,assert
acme:network_device:dev-01143~c53805c5b7ca,network_device,acme,dev-01143,dev-01143.firewall,firewall,operational,in_maintenance,2027-03-05T23:01:16Z,\N,2027-03-26T16:15:37Z,\N,1,assert
acme:network_device:dev-00636~7db5be102cef,network_device,acme,dev-00636,dev-00636.switch,switch,operational,in_use,2027-02-21T21:21:49Z,\N,2027-03-27T04:46:46Z,\N,1,assert
acme:network_device:dev-00369~ae9ab8b226a4,network_device,acme,dev-00369,dev-00369.switch,switch,operational,in_use,2027-03-08T04:12:02Z,\N,2027-03-29T06:58:05Z,\N,1,assert
acme:network_device:dev-00680~d1df55e5696a,network_device,acme,dev-00680,dev-00680.firewall,firewall,operational,in_use,2027-03-06T19:59:41Z,\N,2027-03-31T16:00:06Z,\N,1,assert
acme:network_device:dev-00458~14ed16f9dbc9,network_device,acme,dev-00458,dev-00458.proxy,proxy,operational,in_use,2027-02-28T08:35:27Z,\N,2027-04-02T18:16:32Z,\N,1,assert
acme:network_device:dev-00036~fd91e5c986c1,network_device,acme,dev-00036,dev-00036.load_balancer,load_balancer,operational,in_use,2027-02-28T02:06:30Z,\N,2027-04-03T13:45:32Z,\N,1,assert
acme:network_device:dev-00225~84e231673a2e,network_device,acme,dev-00225,dev-00225.load_balancer,load_balancer,operational,in_maintenance,2027-03-01T14:53:54Z,\N,2027-04-04T12:13:06Z,\N,1,assert
acme:network_device:dev-00136~ec2c3d859de4,network_device,acme,\N,\N,\N,\N,\N,2023-12-16T02:55:41Z,\N,2027-04-12T21:51:51Z,\N,2,retract
acme:network_device:dev-00424~1f0253848e68,network_device,acme,dev-00424,dev-00424.firewall,firewall,operational,in_use,2027-03-09T14:16:11Z,\N,2027-04-18T18:13:49Z,\N,1,assert
