entity_id,entity_type,organization_id,employee_ref,full_name,job_title,department_code,is_departed,valid_from,valid_to,system_from,system_to,revision,operation
acme:person:e000000~35cb9b53e1e8,person,acme,E000000,Tomas Thorsen,Architect,CC-0001,false,2021-01-07T17:42:12Z,\N,2021-01-07T17:42:12Z,\N,1,assert
acme:person:e000001~5796efe72eb7,person,acme,E000001,Tomas Gallagher,Technician,DEPT-17,false,2021-01-08T00:49:40Z,\N,2021-01-08T00:49:40Z,\N,1,assert
acme:person:e002146~2845423b786a,person,acme,E002146,Xenia Schneider,Technician,DEPT-04,false,2021-01-07T09:18:36Z,\N,2021-01-08T20:59:16Z,\N,1,assert
acme:person:e000002~fe765433a949,person,acme,E000002,Lars Quintero,Auditor,CC-0008,false,2021-01-09T05:28:29Z,\N,2021-01-09T05:28:29Z,\N,1,assert
acme:person:e000003~83735a7e8e57,person,acme,E000003,Lars Jablonski,Auditor,DEPT-21,false,2021-01-10T10:58:54Z,\N,2021-01-10T10:58:54Z,\N,1,assert
acme:person:e000004~ad436d630df3,person,acme,E000004,Leila Oyelaran,Buyer,DEPT-23,false,2021-01-11T13:34:04Z,\N,2021-01-11T13:34:04Z,\N,1,assert
acme:person:e000122~43ecf58aabef,person,acme,E000122,Liam Eberhardt,Engineer,DEPT-04,false,2021-01-07T04:08:48Z,\N,2021-01-11T11:24:46Z,\N,1,assert
acme:person:e000342~2135353eadd1,person,acme,E000342,Zara Lindqvist,Analyst,CC-0007,false,2021-01-07T11:31:35Z,\N,2021-01-11T00:55:14Z,\N,1,assert
acme:person:e000005~18f5810cc064,person,acme,E000005,Bruno Fontaine,Analyst,CC-0003,false,2021-01-12T06:34:58Z,\N,2021-01-12T06:34:58Z,\N,1,assert
acme:person:e001539~0f67423184df,person,acme,E001539,Keiko Yilmaz,Manager,CC-0001,false,2021-01-07T00:33:12Z,\N,2021-01-14T16:33:45Z,\N,1,assert
acme:person:e003208~eaaa317d375c,person,acme,E003208,Gita Quintero,Buyer,DEPT-22,false,2021-01-15T03:30:19Z,\N,2021-01-15T03:30:19Z,\N,1,assert
acme:person:e001279~0c4f0b770953,person,acme,E001279,Dmitri Weiss,Architect,DEPT-23,false,2021-01-09T09:57:56Z,\N,2021-01-17T13:25:16Z,\N,1,assert
acme:person:e001658~68fd8ec4fedd,person,acme,E001658,Liam Gallagher,Manager,CC-0006,false,2021-01-18T16:33:23Z,\N,2021-01-19T03:14:58Z,\N,1,assert
acme:person:e003358~28bfb36cc08b,person,acme,E003358,Felix Fontaine,Auditor,CC-0002,false,2021-01-07T21:09:06Z,\N,2021-01-23T19:17:34Z,\N,1,assert
acme:person:e000248~053fc4891a18,person,acme,E000248,Amara Vaughan,Manager,CC-0005,false,2021-01-11T06:35:38Z,\N,2021-01-24T16:34:51Z,\N,1,assert
acme:person:e001398~3d1c9f51658c,person,acme,E001398,Elena Kovac,Architect,CC-0011,false,2021-01-20T04:22:15Z,\N,2021-01-25T15:09:40Z,\N,1,assert
acme:person:e002720~e37717165ed3,person,acme,E002720,Lars Haddad,Manager,DEPT-04,false,2021-01-07T01:49:55Z,\N,2021-01-27T20:20:34Z,\N,1,assert
acme:person:e003829~3047bc3f0838,person,acme,E003829,Dmitri Silvestri,Analyst,DEPT-08,false,2021-01-08T20:12:00Z,\N,2021-01-29T10:07:14Z,\N,1,assert
acme:person:e000992~32488b7e517e,person,acme,E000992,Ada Nakamura,Architect,DEPT-13,false,2021-01-15T15:56:15Z,\N,2021-01-31T09:50:21Z,\N,1,assert
acme:person:e000906~0751db504181,person,acme,E000906,Vikram Yilmaz,Architect,DEPT-18,false,2021-01-07T23:16:06Z,\N,2021-02-01T13:09:25Z,\N,1,assert
acme:person:e003449~a257428feb5c,person,acme,E003449,Oliver Tanaka,Analyst,DEPT-08,false,2021-01-26T13:58:16Z,\N,2021-02-03T23:49:19Z,\N,1,assert
acme:person:e000308~63c481a29bf2,person,acme,E000308,Carla Rasmussen,Analyst,CC-0007,false,2021-01-20T19:43:11Z,\N,2021-02-05T21:58:30Z,\N,1,assert
acme:person:e000565~d3a5a5931bdb,person,acme,E000565,Hugo Pereira,Manager,DEPT-16,false,2021-01-13T00:18:19Z,\N,2021-02-08T15:31:18Z,\N,1,assert
acme:person:e002404~e5a29dd2b62b,person,acme,E002404,Lucia Rasmussen,Auditor,DEPT-19,false,2021-01-07T03:54:50Z,\N,2021-02-08T01:34:49Z,\N,1,assert
acme:person:e003813~e5d67608310f,person,acme,E003813,Priya Delacroix,Architect,DEPT-22,false,2021-02-02T08:45:22Z,\N,2021-02-08T00:20:48Z,\N,1,assert
acme:person:e001414~e6ca7542a1ed,person,acme,E001414,Paola Delacroix,Engineer,DEPT-22,false,2021-01-17T15:55:07Z,\N,2021-02-10T17:48:24Z,\N,1,assert
acme:person:e001063~8f2bac48093a,person,acme,E001063,Ada Bergstrom,Analyst,DEPT-23,false,2021-01-17T18:59:02Z,\N,2021-02-11T22:22:19Z,\N,1,assert
acme:person:e003137~b21d1bc21c26,person,acme,E003137,Paola Marchetti,Buyer,CC-0004,false,2021-01-27T06:04:29Z,\N,2021-02-11T14:33:24Z,\N,1,assert
acme:person:e000080~ab057e095efc,person,acme,E000080,Gita Kovac,Engineer,CC-0003,false,2021-01-23T11:55:13Z,\N,2021-02-13T01:31:25Z,\N,1,assert
acme:person:e003002~56c79af6573f,person,acme,E003002,Xenia Ivanova,Engineer,DEPT-19,false,2021-02-04T12:12:55Z,\N,2021-02-13T04:22:06Z,\N,1,assert
acme:person:e001319~847b6daca439,person,acme,E001319,Mira Castellanos,Buyer,CC-0006,false,2021-01-07T23:30:49Z,\N,2021-02-14T00:07:32Z,\N,1,assert
acme:person:e002290~47e5978a9f55,person,acme,E002290,Leila Gundersen,Analyst,CC-0012,false,2021-01-07T01:29:13Z,\N,2021-02-14T01:34:05Z,\N,1,assert
acme:person:e003936~696b313a001f,person,acme,E003936,Rafael Wagner,Buyer,CC-0013,false,2021-01-15T06:41:25Z,\N,2021-02-14T05:23:28Z,\N,1,assert
acme:person:e003332~fbe0ef815789,person,acme,E003332,Liam Silvestri,Analyst,DEPT-14,false,2021-01-08T23:34:34Z,\N,2021-02-17T03:57:59Z,\N,1,assert
acme:person:e002811~ce05a43d7a54,person,acme,E002811,Jonas Oyelaran,Auditor,DEPT-04,false,2021-01-19T13:50:37Z,\N,2021-02-19T21:23:26Z,\N,1,assert
acme:person:e000379~6ec9f9f2acc8,person,acme,E000379,Farid Yilmaz,Manager,DEPT-01,false,2021-01-17T09:32:56Z,\N,2021-02-20T19:30:24Z,\N,1,assert
acme:person:e000719~c02a521a009e,person,acme,E000719,Farid Thorsen,Architect,DEPT-17,false,2021-01-28T23:40:17Z,\N,2021-02-20T11:37:46Z,\N,1,assert
acme:person:e003480~074ec054934d,person,acme,E003480,Renata Pereira,Technician,DEPT-08,false,2021-01-20T13:47:08Z,\N,2021-02-20T12:58:40Z,\N,1,assert
acme:person:e003714~7bfe1e3fd77c,person,acme,E003714,Sofia Fontaine,Engineer,DEPT-17,false,2021-01-25T02:09:44Z,\N,2021-02-20T13:59:33Z,\N,1,assert
acme:person:e003588~790ff3182b3a,person,acme,E003588,Felix Bergstrom,Technician,CC-0006,false,2021-01-10T17:43:46Z,\N,2021-02-22T08:59:00Z,\N,1,assert
acme:person:e000405~6c83d8dfe584,person,acme,E000405,Lars Thorsen,Analyst,DEPT-23,false,2021-01-27T13:28:03Z,\N,2021-02-23T13:39:28Z,\N,1,assert
acme:person:e001902~5267bd541ddb,person,acme,E001902,Alan Gundersen,Architect,DEPT-11,true,2021-02-09T04:01:12Z,2021-06-21T16:48:44Z,2021-02-23T19:37:14Z,\N,1,assert
acme:person:e003205~9a021f16e53e,person,acme,E003205,Hugo Weiss,Auditor,DEPT-13,false,2021-01-07T05:54:23Z,\N,2021-02-24T08:37:37Z,\N,1,assert
acme:person:e002193~1c24d4ed975b,person,acme,E002193,Paola Lindqvist,Architect,DEPT-04,true,2021-02-11T21:27:57Z,2022-04-10T03:50:36Z,2021-02-25T08:37:54Z,\N,1,assert
acme:person:e003641~afa8700cde1c,person,acme,E003641,Elena Mbatha,Analyst,DEPT-19,false,2021-02-20T16:41:44Z,\N,2021-02-25T16:38:21Z,\N,1,assert
acme:person:e000691~318c37acd8f0,person,acme,E000691,Renata Jablonski,Engineer,DEPT-11,false,2021-02-02T20:21:28Z,\N,2021-02-26T16:00:59Z,\N,1,assert
acme:person:e000740~51b450fc9cdf,person,acme,E000740,Zoltan Quintero,Analyst,DEPT-16,false,2021-01-27T10:55:54Z,\N,2021-02-26T07:31:00Z,\N,1,assert
acme:person:e002145~9491a1bb638b,person,acme,E002145,Nadia Tanaka,Technician,DEPT-13,false,2021-02-16T02:05:50Z,\N,2021-02-26T06:11:17Z,\N,1,assert
acme:person:e003948~b0dc0fdba8df,person,acme,E003948,Keiko Delacroix,Buyer,DEPT-14,false,2021-02-09T13:22:13Z,\N,2021-02-27T04:38:36Z,\N,1,assert
acme:person:e003741~1b7cd570ed38,person,acme,E003741,Noor Wagner,Analyst,DEPT-08,false,2021-01-26T00:45:07Z,\N,2021-02-28T12:17:42Z,\N,1,assert
acme:person:e000276~a7db79796188,person,acme,E000276,Zoltan Kaminski,Auditor,DEPT-22,false,2021-02-06T23:52:35Z,\N,2021-02-28T21:46:05Z,\N,1,assert
acme:person:e001524~e71e27202f40,person,acme,E001524,Oliver Marchetti,Analyst,CC-0007,false,2021-01-12T08:33:02Z,\N,2021-03-01T14:43:16Z,\N,1,assert
acme:person:e000526~ecc867523588,person,acme,E000526,Farid Baptiste,Architect,DEPT-07,false,2021-01-07T09:23:44Z,\N,2021-03-02T15:37:31Z,\N,1,assert
acme:person:e000788~27346899b25c,person,acme,E000788,Fatima Schneider,Buyer,DEPT-08,false,2021-02-24T16:57:11Z,\N,2021-03-02T03:07:49Z,\N,1,assert
acme:person:e001162~3a69cc278675,person,acme,E001162,Vikram Marchetti,Manager,CC-0004,false,2021-02-08T09:23:49Z,\N,2021-03-02T13:07:56Z,\N,1,assert
acme:person:e003132~4bd755c457f1,person,acme,E003132,Yara Yilmaz,Analyst,CC-0007,false,2021-02-21T05:05:51Z,\N,2021-03-02T17:51:24Z,\N,1,assert
acme:person:e003293~6601720eedfb,person,acme,E003293,Leila Kovac,Architect,CC-0003,true,2021-01-07T09:03:39Z,2022-09-22T14:46:54Z,2021-03-04T16:54:44Z,\N,1,assert
acme:person:e001246~46822bdad0c3,person,acme,E001246,Zoltan Wagner,Buyer,CC-0011,false,2021-01-20T23:09:55Z,\N,2021-03-04T23:11:10Z,\N,1,assert
acme:person:e002655~08ee887f172c,person,acme,E002655,Zoltan Okonkwo,Engineer,DEPT-24,false,2021-01-15T17:24:15Z,\N,2021-03-04T14:19:57Z,\N,1,assert
acme:person:e002427~a6306f7dc655,person,acme,E002427,Renata Kovac,Engineer,DEPT-06,false,2021-02-26T10:33:10Z,\N,2021-03-05T19:35:08Z,\N,1,assert
acme:person:e002493~dcc59ac825e5,person,acme,E002493,Lucia Mbatha,Manager,DEPT-07,false,2021-01-25T23:07:50Z,\N,2021-03-05T03:02:22Z,\N,1,assert
acme:person:e003289~a64db19f9d14,person,acme,E003289,Ingrid Rasmussen,Analyst,CC-0010,false,2021-02-02T12:22:06Z,\N,2021-03-05T00:01:30Z,\N,1,assert
acme:person:e001895~1dab5bf07979,person,acme,E001895,Paola Abbott,Engineer,CC-0002,false,2021-01-21T18:05:43Z,\N,2021-03-06T01:13:00Z,\N,1,assert
acme:person:e001969~d58063a5d3d5,person,acme,E001969,Paola Wagner,Buyer,DEPT-22,false,2021-02-20T20:51:37Z,\N,2021-03-06T20:15:23Z,\N,1,assert
acme:person:e003548~3c17841a0415,person,acme,E003548,Clara Kaminski,Analyst,DEPT-18,false,2021-01-15T21:21:40Z,\N,2021-03-06T02:16:10Z,\N,1,assert
acme:person:e000960~73354784b5fb,person,acme,E000960,Bruno Kaminski,Buyer,DEPT-18,false,2021-03-04T01:59:55Z,\N,2021-03-07T06:40:53Z,\N,1,assert
acme:person:e001014~a7029992ade2,person,acme,E001014,Vikram Nakamura,Technician,DEPT-20,false,2021-01-07T21:33:46Z,\N,2021-03-07T04:59:27Z,\N,1,assert
acme:person:e003691~ef7558e9f63d,person,acme,E003691,Dmitri Novak,Manager,CC-0001,false,2021-02-25T16:49:45Z,\N,2021-03-07T20:42:28Z,\N,1,assert
acme:person:e000123~cce07512f284,person,acme,E000123,Wen Fontaine,Technician,CC-0006,false,2021-02-03T11:00:12Z,\N,2021-03-08T09:44:04Z,\N,1,assert
acme:person:e003693~c3e5480ef47f,person,acme,E003693,Chidi Silvestri,Auditor,DEPT-11,false,2021-01-23T04:59:40Z,\N,2021-03-08T02:35:53Z,\N,1,assert
acme:person:e000936~fab127a116a5,person,acme,E000936,Wen Santos,Engineer,CC-0014,false,2021-02-16T11:33:13Z,\N,2021-03-09T08:22:40Z,\N,1,assert
acme:person:e002589~8d2092abd352,person,acme,E002589,Renata Chowdhury,Auditor,CC-0013,true,2021-01-29T18:34:54Z,2023-04-28T17:32:21Z,2021-03-10T04:51:47Z,\N,1,assert
acme:person:e002295~7b7116db0088,person,acme,E002295,Bruno Wagner,Auditor,CC-0010,false,2021-02-01T15:07:47Z,\N,2021-03-10T23:33:23Z,\N,1,assert
acme:person:e002748~f17b856d5233,person,acme,E002748,Bruno Yilmaz,Engineer,DEPT-18,false,2021-01-10T21:53:25Z,\N,2021-03-10T21:31:46Z,\N,1,assert
acme:person:e002943~34e4b45c3449,person,acme,E002943,Paola Rasmussen,Auditor,DEPT-19,false,2021-02-25T18:26:46Z,\N,2021-03-10T15:14:24Z,\N,1,assert
acme:person:e001479~11e1ec090c8e,person,acme,E001479,Amara Wagner,Technician,CC-0009,false,2021-01-11T16:29:32Z,\N,2021-03-11T12:28:33Z,\N,1,assert
acme:person:e002750~73d1e854db9f,person,acme,E002750,Felix Santos,Engineer,DEPT-17,false,2021-03-06T12:21:07Z,\N,2021-03-11T06:54:00Z,\N,1,assert
acme:person:e002523~8a7aedc8ca61,person,acme,E002523,Yara Quintero,Manager,DEPT-13,false,2021-01-24T17:02:51Z,\N,2021-03-12T05:40:44Z,\N,1,assert
acme:person:e001085~0abc165b1625,person,acme,E001085,Farid Vaughan,Architect,CC-0004,false,2021-03-08T10:58:20Z,\N,2021-03-15T07:31:17Z,\N,1,assert
acme:person:e001266~866e73aa1b44,person,acme,E001266,Marcus Castellanos,Buyer,CC-0013,false,2021-02-12T06:19:39Z,\N,2021-03-15T05:02:41Z,\N,1,assert
acme:person:e002041~e1b4d9e9443a,person,acme,E002041,Yara Castellanos,Auditor,DEPT-23,false,2021-02-06T07:49:37Z,\N,2021-03-15T06:42:42Z,\N,1,assert
acme:person:e002300~d6216354ccc0,person,acme,E002300,Ibrahim Ueda,Technician,DEPT-12,false,2021-01-31T10:50:42Z,\N,2021-03-15T11:03:56Z,\N,1,assert
acme:person:e000487~460c6030f2b3,person,acme,E000487,Samir Santos,Auditor,CC-0005,false,2021-02-01T08:30:46Z,\N,2021-03-16T23:38:53Z,\N,1,assert
acme:person:e003722~c11b32bd98ae,person,acme,E003722,Farid Bergstrom,Manager,CC-0010,false,2021-03-04T08:39:48Z,\N,2021-03-16T22:11:25Z,\N,1,assert
acme:person:e003546~283c01dc0054,person,acme,E003546,Yusuf Fontaine,Architect,DEPT-09,false,2021-02-02T07:21:52Z,\N,2021-03-17T05:34:27Z,\N,1,assert
acme:person:e003577~7a07d3bf6dc1,person,acme,E003577,Keiko Gundersen,Technician,DEPT-21,false,2021-03-10T04:41:47Z,\N,2021-03-17T00:59:32Z,\N,1,assert
acme:person:e001683~3fb18578ecdf,person,acme,E001683,Gita Weiss,Engineer,DEPT-17,true,2021-01-26T13:16:54Z,2023-04-19T14:54:16Z,2021-03-17T11:12:32Z,\N,1,assert
acme:person:e003902~40c1545bcefa,person,acme,E003902,Dmitri Baptiste,Engineer,CC-0005,false,2021-03-17T16:38:48Z,\N,2021-03-17T16:38:48Z,\N,1,assert
acme:person:e001521~529954cbd7bd,person,acme,E001521,Dmitri Abbott,Analyst,DIV-CORP,false,2021-01-17T13:19:34Z,\N,2021-03-18T13:29:34Z,\N,1,assert
acme:person:e000728~04086a0c38a3,person,acme,E000728,Quinn Quintero,Engineer,DEPT-01,false,2021-02-22T07:04:24Z,\N,2021-03-19T00:44:19Z,\N,1,assert
acme:person:e001382~228a229b687b,person,acme,E001382,Keiko Tanaka,Manager,DEPT-04,false,2021-01-29T19:48:12Z,\N,2021-03-19T05:26:53Z,\N,1,assert
acme:person:e002324~e1fd09201950,person,acme,E002324,Hugo Chowdhury,Engineer,DEPT-05,false,2021-02-08T01:24:18Z,\N,2021-03-20T16:32:07Z,\N,1,assert
acme:person:e001786~cca8b481b5c4,person,acme,E001786,Quinn Weiss,Auditor,DEPT-22,false,2021-02-03T05:05:07Z,\N,2021-03-21T13:06:28Z,\N,1,assert
acme:person:e003161~cf0488727bf0,person,acme,E003161,Ingrid Vaughan,Technician,DEPT-08,false,2021-03-06T08:47:25Z,\N,2021-03-21T11:35:46Z,\N,1,assert
acme:person:e000783~815160c185de,person,acme,E000783,Lucia Tanaka,Architect,CC-0004,false,2021-02-07T18:45:12Z,\N,2021-03-22T10:14:41Z,\N,1,assert
acme:person:e000188~0ba82c89db66,person,acme,E000188,Anika Wagner,Architect,CC-0012,false,2021-02-24T22:13:21Z,\N,2021-03-23T11:24:18Z,\N,1,assert
acme:person:e001962~525d3f313593,person,acme,E001962,Kwame Baptiste,Auditor,CC-0006,false,2021-02-09T05:33:42Z,\N,2021-03-23T13:27:49Z,\N,1,assert
acme:person:e000251~7908d6acea16,person,acme,E000251,Nadia Delacroix,Auditor,CC-0011,false,2021-02-13T04:21:49Z,\N,2021-03-24T00:17:49Z,\N,1,assert
acme:person:e002042~7dcaaba66ccc,person,acme,E002042,Elena Silvestri,Technician,DEPT-01,false,2021-03-20T18:48:08Z,\N,2021-03-24T10:01:31Z,\N,1,assert
acme:person:e000177~93b03c5e8bd5,person,acme,E000177,Yara Gundersen,Engineer,DEPT-22,false,2021-03-10T06:57:10Z,\N,2021-03-25T10:26:40Z,\N,1,assert
acme:person:e000199~0744349bd7bc,person,acme,E000199,Zoltan Mbatha,Buyer,DEPT-13,true,2021-02-22T01:18:57Z,2021-10-09T19:20:14Z,2021-03-25T22:54:44Z,\N,1,assert
acme:person:e002772~0d439b261e60,person,acme,E002772,Marcus Zhang,Buyer,DEPT-24,false,2021-03-01T21:29:40Z,\N,2021-03-26T17:49:10Z,\N,1,assert
acme:person:e001058~ac7b0fd7157d,person,acme,E001058,Anders Ueda,Analyst,CC-0012,false,2021-02-22T12:46:11Z,\N,2021-03-27T10:50:59Z,\N,1,assert
acme:person:e001492~a5b990288272,person,acme,E001492,Fatima Lindqvist,Manager,DIV-CORP,false,2021-02-27T02:23:56Z,\N,2021-03-27T18:21:19Z,\N,1,assert
acme:person:e002093~72ca1d474cf6,person,acme,E002093,Chidi Thorsen,Manager,DEPT-11,false,2021-03-12T14:28:41Z,\N,2021-03-28T10:39:52Z,\N,1,assert
acme:person:e002461~734b840480c6,person,acme,E002461,Samir Pereira,Architect,DEPT-22,false,2021-02-07T17:18:23Z,\N,2021-03-28T16:32:45Z,\N,1,assert
acme:person:e002817~fab739d880dd,person,acme,E002817,Nadia Vaughan,Analyst,DEPT-14,false,2021-02-28T01:58:09Z,\N,2021-03-30T01:33:20Z,\N,1,assert
acme:person:e001451~82184ef22980,person,acme,E001451,Ada Fontaine,Technician,CC-0011,false,2021-03-28T03:29:17Z,\N,2021-03-31T16:11:14Z,\N,1,assert
acme:person:e000281~efb124092551,person,acme,E000281,Ursula Bergstrom,Technician,DEPT-05,false,2021-03-13T16:52:31Z,\N,2021-04-02T21:06:53Z,\N,1,assert
acme:person:e001434~b8a9be4bd252,person,acme,E001434,Nadia Marchetti,Engineer,CC-0007,false,2021-03-07T20:34:56Z,\N,2021-04-04T05:31:14Z,\N,1,assert
acme:person:e002627~0fe5a4446da3,person,acme,E002627,Alan Bergstrom,Manager,DEPT-17,false,2021-03-06T12:56:16Z,\N,2021-04-04T18:13:02Z,\N,1,assert
acme:person:e002473~1d77592c9236,person,acme,E002473,Dmitri Chowdhury,Buyer,DIV-CORP,false,2021-03-21T09:07:32Z,\N,2021-04-06T01:34:06Z,\N,1,assert
acme:person:e003368~58e7c289f9cd,person,acme,E003368,Ibrahim Yilmaz,Auditor,DEPT-07,false,2021-03-05T16:57:23Z,\N,2021-04-07T06:22:52Z,\N,1,assert
acme:person:e000033~9b46d0f48d25,person,acme,E000033,Wen Quintero,Technician,DIV-CORP,false,2021-03-14T11:28:06Z,\N,2021-04-08T01:23:02Z,\N,1,assert
acme:person:e000963~ccdf1329cb9c,person,acme,E000963,Tomas Weiss,Technician,CC-0014,false,2021-03-05T20:23:30Z,\N,2021-04-09T17:40:56Z,\N,1,assert
acme:person:e001048~58710c1aeea9,person,acme,E001048,Amara Wagner,Auditor,DEPT-19,false,2021-03-16T21:26:49Z,\N,2021-04-11T11:54:46Z,\N,1,assert
acme:person:e002948~5f88234c7f12,person,acme,E002948,Tomas Rasmussen,Analyst,CC-0011,false,2021-02-20T17:02:26Z,\N,2021-04-11T23:25:56Z,\N,1,assert
acme:person:e003202~af9e6eaba9b9,person,acme,E003202,Quinn Ivanova,Architect,DEPT-07,false,2021-03-08T08:20:02Z,\N,2021-04-11T23:23:04Z,\N,1,assert
acme:person:e003255~65993cd2b552,person,acme,E003255,Gita Yilmaz,Auditor,DEPT-03,false,2021-03-30T03:42:31Z,\N,2021-04-11T14:50:10Z,\N,1,assert
acme:person:e003890~42df86a92782,person,acme,E003890,Dmitri Wagner,Manager,DEPT-04,false,2021-03-12T20:35:41Z,\N,2021-04-11T08:10:50Z,\N,1,assert
acme:person:e002230~575824fc5ca3,person,acme,E002230,Vikram Yilmaz,Engineer,DEPT-18,false,2021-02-19T22:01:13Z,\N,2021-04-13T05:48:27Z,\N,1,assert
acme:person:e003073~d757ec3ae7ad,person,acme,E003073,Lars Tanaka,Technician,DEPT-23,false,2021-02-21T09:13:56Z,\N,2021-04-16T10:58:00Z,\N,1,assert
acme:person:e003166~0e29ab9d41d4,person,acme,E003166,Vikram Delacroix,Technician,DEPT-17,false,2021-02-24T10:18:51Z,\N,2021-04-16T17:47:51Z,\N,1,assert
acme:person:e002647~de8b64e0758d,person,acme,E002647,Elena Santos,Manager,DEPT-04,false,2021-04-08T14:20:49Z,\N,2021-04-17T23:11:15Z,\N,1,assert
acme:person:e002667~bb4494f53c51,person,acme,E002667,Zara Thorsen,Architect,DEPT-16,false,2021-03-04T21:25:43Z,\N,2021-04-18T06:59:50Z,\N,1,assert
acme:person:e003384~3faa3242ee28,person,acme,E003384,Jonas Weiss,Manager,CC-0009,false,2021-03-30T04:39:54Z,\N,2021-04-18T08:02:03Z,\N,1,assert
acme:person:e001849~4d587eaa422b,person,acme,E001849,Sofia Ivanova,Engineer,DEPT-08,false,2021-03-20T06:49:11Z,\N,2021-04-19T09:07:09Z,\N,1,assert
acme:person:e002602~31cd6ce3be10,person,acme,E002602,Paola Santos,Analyst,CC-0009,false,2021-02-24T09:02:35Z,\N,2021-04-20T11:14:07Z,\N,1,assert
acme:person:e003292~1f576e347563,person,acme,E003292,Felix Lindqvist,Manager,DEPT-18,false,2021-03-11T18:38:56Z,\N,2021-04-20T20:58:43Z,\N,1,assert
acme:person:e000359~3d9d6f6683ce,person,acme,E000359,Zara Wagner,Manager,CC-0007,false,2021-02-20T23:08:17Z,\N,2021-04-21T18:52:46Z,\N,1,assert
acme:person:e001300~8ebec02b1014,person,acme,E001300,Lucia Abbott,Architect,DEPT-16,false,2021-04-01T09:29:05Z,\N,2021-04-21T02:14:59Z,\N,1,assert
acme:person:e001538~c22616f73b5d,person,acme,E001538,Paola Haddad,Analyst,CC-0009,false,2021-03-28T04:06:47Z,\N,2021-04-21T10:35:19Z,\N,1,assert
acme:person:e000265~56ed77d2e0bb,person,acme,E000265,Priya Castellanos,Auditor,CC-0010,false,2021-03-10T21:07:29Z,\N,2021-04-22T09:05:16Z,\N,1,assert
acme:person:e001844~931902777bc4,person,acme,E001844,Nadia Zhang,Auditor,CC-0007,false,2021-03-19T23:13:13Z,\N,2021-04-22T04:42:48Z,\N,1,assert
acme:person:e002880~c387af683483,person,acme,E002880,Ingrid Novak,Manager,DEPT-01,false,2021-03-18T22:18:59Z,\N,2021-04-25T18:50:09Z,\N,1,assert
acme:person:e000189~249f029743fa,person,acme,E000189,Anders Abbott,Engineer,CC-0011,false,2021-03-23T16:51:16Z,\N,2021-04-27T11:49:21Z,\N,1,assert
acme:person:e001661~aace18ef7f8d,person,acme,E001661,Samir Silvestri,Engineer,CC-0009,false,2021-04-26T15:58:49Z,\N,2021-04-27T10:02:33Z,\N,1,assert
acme:person:e003777~4c1e27f756a2,person,acme,E003777,Clara Santos,Engineer,DEPT-15,false,2021-04-05T12:37:53Z,\N,2021-04-27T02:28:38Z,\N,1,assert
acme:person:e001645~185018c7168d,person,acme,E001645,Lucia Mbatha,Analyst,CC-0001,false,2021-03-27T21:33:13Z,\N,2021-04-29T08:37:37Z,\N,1,assert
acme:person:e001893~cb30399679a9,person,acme,E001893,Keiko Kaminski,Architect,CC-0005,false,2021-03-05T03:52:54Z,\N,2021-04-29T10:58:13Z,\N,1,assert
acme:person:e001520~b3568f787cd6,person,acme,E001520,Leila Eberhardt,Technician,DEPT-03,false,2021-04-05T00:29:06Z,\N,2021-05-01T06:09:36Z,\N,1,assert
acme:person:e003751~7436bcf173d1,person,acme,E003751,Marcus Kovac,Engineer,CC-0007,false,2021-03-09T04:44:31Z,\N,2021-05-01T08:11:48Z,\N,1,assert
acme:person:e000756~663744cab947,person,acme,E000756,Felix Gallagher,Analyst,DEPT-19,false,2021-05-02T15:46:53Z,\N,2021-05-04T22:39:42Z,\N,1,assert
acme:person:e000873~b2d38d454989,person,acme,E000873,Xenia Gundersen,Analyst,DEPT-14,false,2021-04-30T12:24:25Z,\N,2021-05-04T23:30:00Z,\N,1,assert
acme:person:e001625~ea0866bdc80f,person,acme,E001625,Yara Okonkwo,Auditor,DEPT-08,false,2021-03-20T23:23:23Z,\N,2021-05-04T22:32:39Z,\N,1,assert
acme:person:e003688~da5cc1311665,person,acme,E003688,Samir Ivanova,Analyst,CC-0008,false,2021-04-14T19:24:45Z,\N,2021-05-04T14:22:41Z,\N,1,assert
acme:person:e001831~d51773b75955,person,acme,E001831,Anika Zhang,Architect,DEPT-11,false,2021-04-24T03:11:38Z,\N,2021-05-05T13:20:44Z,\N,1,assert
acme:person:e002333~610911a522b8,person,acme,E002333,Jonas Eberhardt,Buyer,DEPT-23,false,2021-03-08T16:47:24Z,\N,2021-05-05T01:52:17Z,\N,1,assert
acme:person:e003262~fd482eddeb30,person,acme,E003262,Sofia Eberhardt,Architect,CC-0010,false,2021-03-16T06:25:34Z,\N,2021-05-05T21:59:09Z,\N,1,assert
acme:person:e003450~03a3bb3c1505,person,acme,E003450,Renata Vaughan,Manager,DEPT-07,false,2021-03-10T13:13:55Z,\N,2021-05-05T07:30:02Z,\N,1,assert
acme:person:e003791~410394394b79,person,acme,E003791,Lucia Vaughan,Buyer,CC-0006,false,2021-04-23T20:56:43Z,\N,2021-05-05T11:58:45Z,\N,1,assert
acme:person:e003877~488cee8d9ae1,person,acme,E003877,Bruno Oyelaran,Technician,DEPT-22,false,2021-03-26T16:30:47Z,\N,2021-05-05T17:14:44Z,\N,1,assert
acme:person:e003824~fa71e3cfae80,person,acme,E003824,Gita Yilmaz,Technician,DEPT-14,false,2021-03-18T21:26:17Z,\N,2021-05-06T12:42:52Z,\N,1,assert
acme:person:e002915~d97a1619a2ae,person,acme,E002915,Jonas Schneider,Engineer,DEPT-22,false,2021-03-20T05:36:48Z,\N,2021-05-07T18:10:26Z,\N,1,assert
acme:person:e001324~99a18ca3f28e,person,acme,E001324,Ada Ueda,Architect,CC-0006,false,2021-05-02T15:18:09Z,\N,2021-05-08T01:23:02Z,\N,1,assert
acme:person:e003934~f5e91c36cc8f,person,acme,E003934,Quinn Eberhardt,Manager,DEPT-22,false,2021-04-28T18:13:53Z,\N,2021-05-08T08:08:19Z,\N,1,assert
acme:person:e002267~0322619b224d,person,acme,E002267,Hugo Thorsen,Auditor,DEPT-19,false,2021-03-16T20:14:35Z,\N,2021-05-09T16:06:37Z,\N,1,assert
acme:person:e003456~d6793e72b473,person,acme,E003456,Tomas Rasmussen,Technician,DEPT-04,false,2021-03-10T06:34:29Z,\N,2021-05-09T02:22:53Z,\N,1,assert
acme:person:e001278~37c97f5fc569,person,acme,E001278,Dmitri Eberhardt,Engineer,CC-0014,true,2021-04-04T13:15:13Z,2022-05-17T04:33:25Z,2021-05-09T23:06:34Z,\N,1,assert
acme:person:e001935~8159890d3f71,person,acme,E001935,Hugo Vaughan,Manager,DEPT-14,false,2021-04-20T11:50:10Z,\N,2021-05-10T00:09:30Z,\N,1,assert
acme:person:e001963~c611f162e7f5,person,acme,E001963,Sofia Fontaine,Buyer,DEPT-12,false,2021-04-18T10:13:03Z,\N,2021-05-10T20:03:46Z,\N,1,assert
acme:person:e002425~7dcffaee1859,person,acme,E002425,Yara Marchetti,Auditor,DEPT-03,false,2021-04-02T23:39:48Z,\N,2021-05-11T10:29:47Z,\N,1,assert
acme:person:e000449~160a44df25fd,person,acme,E000449,Ibrahim Gundersen,Engineer,DEPT-03,false,2021-05-01T16:21:52Z,\N,2021-05-13T16:18:39Z,\N,1,assert
acme:person:e002017~c4b08ba1c708,person,acme,E002017,Ibrahim Weiss,Engineer,DEPT-24,false,2021-05-08T02:14:41Z,\N,2021-05-13T01:04:02Z,\N,1,assert
acme:person:e002830~f40c7fd8a40d,person,acme,E002830,Amara Vaughan,Buyer,CC-0002,false,2021-05-12T15:50:23Z,\N,2021-05-13T05:38:35Z,\N,1,assert
acme:person:e001168~d8235124ebc0,person,acme,E001168,Xenia Ueda,Engineer,CC-0007,false,2021-04-10T02:20:53Z,\N,2021-05-15T00:57:12Z,\N,1,assert
acme:person:e003681~8ccdcf44ad75,person,acme,E003681,Marcus Oyelaran,Manager,DEPT-06,true,2021-04-01T22:14:19Z,2021-07-21T20:35:46Z,2021-05-15T10:05:25Z,\N,1,assert
acme:person:e001017~88351e1a4d6c,person,acme,E001017,Jonas Abbott,Architect,DEPT-06,false,2021-05-15T09:59:35Z,\N,2021-05-16T19:34:23Z,\N,1,assert
acme:person:e002852~c30d35358935,person,acme,E002852,Quinn Kaminski,Auditor,CC-0014,false,2021-04-19T04:53:51Z,\N,2021-05-17T00:07:30Z,\N,1,assert
acme:person:e003175~eada517fd07b,person,acme,E003175,Oliver Silvestri,Analyst,DEPT-06,false,2021-05-02T10:05:26Z,\N,2021-05-17T05:46:40Z,\N,1,assert
acme:person:e001612~5e0d7b717529,person,acme,E001612,Leila Abbott,Manager,DEPT-18,false,2021-05-05T05:39:25Z,\N,2021-05-19T02:50:07Z,\N,1,assert
acme:person:e002371~49d94dd7a378,person,acme,E002371,Paola Thorsen,Analyst,CC-0002,false,2021-04-07T04:39:59Z,\N,2021-05-19T03:51:35Z,\N,1,assert
acme:person:e002623~86fa335d31a7,person,acme,E002623,Ingrid Kaminski,Auditor,DEPT-24,false,2021-04-23T09:35:32Z,\N,2021-05-19T17:27:00Z,\N,1,assert
acme:person:e002704~0d614767b44a,person,acme,E002704,Bruno Abbott,Architect,CC-0006,false,2021-04-26T04:56:21Z,\N,2021-05-20T22:59:22Z,\N,1,assert
acme:person:e003256~56127e2f3ce5,person,acme,E003256,Gita Jablonski,Architect,DEPT-05,false,2021-04-04T03:46:33Z,\N,2021-05-20T15:53:25Z,\N,1,assert
acme:person:e003105~fda320b60f45,person,acme,E003105,Oliver Ueda,Auditor,CC-0010,false,2021-05-13T06:53:35Z,\N,2021-05-21T03:16:52Z,\N,1,assert
acme:person:e003903~97c3184bfe51,person,acme,E003903,Dmitri Ueda,Manager,DEPT-14,false,2021-04-26T00:11:23Z,\N,2021-05-21T03:34:40Z,\N,1,assert
acme:person:e002674~998d03db0f97,person,acme,E002674,Elena Abbott,Auditor,DEPT-22,false,2021-03-25T12:09:30Z,\N,2021-05-22T19:19:44Z,\N,1,assert
acme:person:e003739~4a52ad5fa16e,person,acme,E003739,Nadia Zhang,Buyer,DEPT-14,false,2021-05-15T11:02:15Z,\N,2021-05-22T10:02:24Z,\N,1,assert
acme:person:e001099~317ae7516bbd,person,acme,E001099,Anders Rasmussen,Auditor,CC-0007,false,2021-04-21T00:08:38Z,\N,2021-05-24T04:53:51Z,\N,1,assert
acme:person:e000346~94d5c6471668,person,acme,E000346,Oliver Schneider,Manager,DEPT-03,false,2021-05-13T11:21:46Z,\N,2021-05-24T10:06:54Z,\N,1,assert
acme:person:e001481~9fd59bf6154f,person,acme,E001481,Vikram Abbott,Buyer,DEPT-10,false,2021-04-06T13:11:50Z,\N,2021-05-24T20:22:27Z,\N,1,assert
acme:person:e003491~ff28ac7cbf77,person,acme,E003491,Liam Schneider,Engineer,DEPT-02,false,2021-05-01T12:04:44Z,\N,2021-05-24T18:09:06Z,\N,1,assert
acme:person:e001269~0c588f7665a1,person,acme,E001269,Rafael Marchetti,Architect,DEPT-18,false,2021-05-04T02:25:52Z,\N,2021-05-25T04:31:33Z,\N,1,assert
acme:person:e000237~d4d7435e3142,person,acme,E000237,Ursula Rasmussen,Analyst,DEPT-02,false,2021-03-30T14:03:15Z,\N,2021-05-26T06:24:29Z,\N,1,assert
acme:person:e000707~b9fa477c31b2,person,acme,E000707,Yusuf Silvestri,Architect,DEPT-18,false,2021-04-29T22:55:37Z,\N,2021-05-26T16:45:04Z,\N,1,assert
acme:person:e000888~7614d75863d6,person,acme,E000888,Zoltan Nakamura,Engineer,DEPT-21,false,2021-04-18T19:04:06Z,\N,2021-05-27T21:15:17Z,\N,1,assert
acme:person:e001059~e8b1ec47675d,person,acme,E001059,Hugo Wagner,Architect,DEPT-08,false,2021-04-16T11:35:30Z,\N,2021-05-27T10:24:11Z,\N,1,assert
acme:person:e002345~8bc1abca9d32,person,acme,E002345,Zoltan Schneider,Engineer,DEPT-20,false,2021-05-09T17:16:34Z,\N,2021-05-27T06:35:23Z,\N,1,assert
acme:person:e002399~e0d1a8e23ad8,person,acme,E002399,Renata Marchetti,Engineer,DEPT-18,false,2021-05-08T20:59:23Z,\N,2021-05-27T09:53:03Z,\N,1,assert
acme:person:e000400~34f30467cd3e,person,acme,E000400,Amara Vaughan,Architect,DEPT-05,false,2021-04-06T10:29:21Z,\N,2021-05-28T07:21:59Z,\N,1,assert
acme:person:e002336~5be97dcb5679,person,acme,E002336,Mira Okonkwo,Buyer,DEPT-22,false,2021-04-02T06:01:41Z,\N,2021-05-28T19:40:07Z,\N,1,assert
acme:person:e001231~abf86c671bca,person,acme,E001231,Quinn Bergstrom,Analyst,DEPT-09,false,2021-05-05T14:36:11Z,\N,2021-05-29T13:16:32Z,\N,1,assert
acme:person:e003561~839aa39714dc,person,acme,E003561,Zara Gundersen,Engineer,CC-0002,false,2021-05-07T06:16:44Z,\N,2021-05-30T10:11:02Z,\N,1,assert
acme:person:e003600~f2b9fd8e0a7f,person,acme,E003600,Renata Haddad,Engineer,DEPT-02,false,2021-04-20T23:47:27Z,\N,2021-05-30T02:54:38Z,\N,1,assert
acme:person:e003759~02d7cb82d8ea,person,acme,E003759,Anders Eberhardt,Buyer,DEPT-18,false,2021-04-09T16:52:34Z,\N,2021-05-30T19:20:43Z,\N,1,assert
acme:person:e003765~f17c1890c0ff,person,acme,E003765,Zara Yilmaz,Buyer,DEPT-15,false,2021-05-09T04:53:08Z,\N,2021-05-30T13:21:25Z,\N,1,assert
acme:person:e000414~ca7c75b4c61c,person,acme,E000414,Mira Schneider,Analyst,CC-0003,false,2021-05-17T20:40:14Z,\N,2021-05-31T00:52:34Z,\N,1,assert
acme:person:e000472~1d170b111061,person,acme,E000472,Alan Thorsen,Engineer,DEPT-19,false,2021-04-02T05:51:12Z,\N,2021-05-31T00:59:13Z,\N,1,assert
acme:person:e002390~154613027fe0,person,acme,E002390,Hugo Santos,Auditor,DIV-CORP,false,2021-05-14T14:38:41Z,\N,2021-05-31T10:21:53Z,\N,1,assert
acme:person:e001811~bbf502acbbac,person,acme,E001811,Lucia Eberhardt,Buyer,DEPT-20,false,2021-04-14T00:15:10Z,\N,2021-06-01T23:32:57Z,\N,1,assert
acme:person:e002866~3013a4a89c21,person,acme,E002866,Chidi Jablonski,Technician,DIV-CORP,false,2021-05-15T15:34:29Z,\N,2021-06-03T16:51:40Z,\N,1,assert
acme:person:e003024~15d1bda7d7da,person,acme,E003024,Clara Schneider,Technician,DEPT-02,false,2021-05-05T20:05:33Z,\N,2021-06-04T02:37:04Z,\N,1,assert
acme:person:e001793~6d86fd493e03,person,acme,E001793,Nadia Novak,Auditor,DEPT-18,false,2021-04-30T23:43:36Z,\N,2021-06-07T23:38:47Z,\N,1,assert
acme:person:e002070~b940ebf6becc,person,acme,E002070,Dmitri Fontaine,Technician,CC-0014,false,2021-04-28T05:09:53Z,\N,2021-06-07T06:21:49Z,\N,1,assert
acme:person:e003041~1c7ada2d36d0,person,acme,E003041,Elena Gundersen,Engineer,DEPT-10,false,2021-06-02T16:40:57Z,\N,2021-06-07T06:37:10Z,\N,1,assert
acme:person:e001493~2db39698ccc1,person,acme,E001493,Anika Pereira,Architect,CC-0008,false,2021-04-10T09:53:49Z,\N,2021-06-08T01:12:21Z,\N,1,assert
acme:person:e003075~84d19f93a34f,person,acme,E003075,Zara Bergstrom,Auditor,DEPT-22,true,2021-05-02T14:08:40Z,2022-06-11T02:57:21Z,2021-06-08T19:35:50Z,\N,1,assert
acme:person:e000798~820c2eaff4a3,person,acme,E000798,Renata Nakamura,Auditor,DEPT-23,false,2021-06-08T17:45:15Z,\N,2021-06-09T11:11:46Z,\N,1,assert
acme:person:e001191~b960c6ad203a,person,acme,E001191,Farid Schneider,Analyst,DEPT-05,false,2021-05-25T20:22:51Z,\N,2021-06-09T01:43:03Z,\N,1,assert
acme:person:e002997~6b135769507c,person,acme,E002997,Leila Lindqvist,Technician,CC-0011,false,2021-06-01T20:02:34Z,\N,2021-06-09T19:14:05Z,\N,1,assert
acme:person:e000700~5967301d7b7e,person,acme,E000700,Zara Ueda,Auditor,DEPT-18,false,2021-04-29T17:50:04Z,\N,2021-06-11T05:41:48Z,\N,1,assert
acme:person:e001847~119297bb8938,person,acme,E001847,Marcus Oyelaran,Architect,CC-0009,false,2021-05-25T01:34:19Z,\N,2021-06-11T14:07:45Z,\N,1,assert
acme:person:e001978~38db4a18d139,person,acme,E001978,Keiko Fontaine,Technician,DEPT-06,false,2021-06-11T22:05:10Z,\N,2021-06-11T22:05:10Z,\N,1,assert
acme:person:e000103~19f925488972,person,acme,E000103,Noor Schneider,Analyst,DEPT-03,false,2021-05-22T21:36:58Z,\N,2021-06-12T15:59:41Z,\N,1,assert
acme:person:e000111~3c7509974012,person,acme,E000111,Ibrahim Thorsen,Buyer,CC-0013,false,2021-05-06T18:04:53Z,\N,2021-06-12T11:18:28Z,\N,1,assert
acme:person:e000222~644dd6ef6b12,person,acme,E000222,Farid Rasmussen,Technician,DEPT-05,false,2021-05-22T05:40:57Z,\N,2021-06-12T07:44:59Z,\N,1,assert
acme:person:e001054~f2667701ce26,person,acme,E001054,Anders Schneider,Technician,CC-0001,false,2021-05-24T15:55:07Z,\N,2021-06-13T13:17:55Z,\N,1,assert
acme:person:e000362~ee6924dc1495,person,acme,E000362,Amara Oyelaran,Analyst,DEPT-16,false,2021-05-09T19:22:57Z,\N,2021-06-14T19:19:26Z,\N,1,assert
acme:person:e000628~9b978d552adb,person,acme,E000628,Dmitri Oyelaran,Architect,DIV-CORP,false,2021-05-10T04:02:48Z,\N,2021-06-14T21:54:19Z,\N,1,assert
acme:person:e001485~ffaa9dc42545,person,acme,E001485,Ursula Fontaine,Technician,CC-0011,false,2021-05-13T19:55:45Z,\N,2021-06-14T19:17:52Z,\N,1,assert
acme:person:e003222~f3c8f34900ea,person,acme,E003222,Mira Vaughan,Architect,DEPT-01,false,2021-06-10T05:37:52Z,\N,2021-06-14T23:09:57Z,\N,1,assert
acme:person:e001284~14036298c194,person,acme,E001284,Xenia Oyelaran,Technician,DEPT-09,false,2021-05-25T23:15:30Z,\N,2021-06-16T19:56:44Z,\N,1,assert
acme:person:e002713~3b517fee3618,person,acme,E002713,Clara Abbott,Analyst,CC-0003,false,2021-06-09T12:24:10Z,\N,2021-06-16T13:39:20Z,\N,1,assert
acme:person:e003933~35a73b2d13af,person,acme,E003933,Dmitri Abbott,Buyer,DEPT-21,false,2021-05-04T04:59:28Z,\N,2021-06-16T07:39:27Z,\N,1,assert
acme:person:e000287~3fa5c42eeb9f,person,acme,E000287,Wen Kaminski,Architect,CC-0006,false,2021-05-02T06:00:52Z,\N,2021-06-17T10:52:28Z,\N,1,assert
acme:person:e001695~281e3b91d186,person,acme,E001695,Liam Abbott,Technician,DEPT-16,false,2021-04-26T16:12:24Z,\N,2021-06-18T12:44:14Z,\N,1,assert
acme:person:e002008~1bb07e7a2692,person,acme,E002008,Nadia Santos,Auditor,CC-0011,false,2021-05-04T12:27:49Z,\N,2021-06-18T06:52:19Z,\N,1,assert
acme:person:e002867~9673225ddd94,person,acme,E002867,Wen Silvestri,Buyer,DEPT-06,false,2021-05-12T18:41:15Z,\N,2021-06-20T14:22:46Z,\N,1,assert
acme:person:e000075~4497b5eeda7d,person,acme,E000075,Oliver Marchetti,Manager,DEPT-09,false,2021-05-28T14:22:46Z,\N,2021-06-21T05:43:34Z,\N,1,assert
acme:person:e002920~1d378a1551f7,person,acme,E002920,Elena Schneider,Engineer,DEPT-10,false,2021-04-24T05:22:42Z,\N,2021-06-22T07:14:05Z,\N,1,assert
acme:person:e000609~6ded7b981ea8,person,acme,E000609,Anders Zhang,Technician,CC-0009,false,2021-06-18T15:05:12Z,\N,2021-06-23T10:22:11Z,\N,1,assert
acme:person:e002799~8ae075c624b7,person,acme,E002799,Paola Wagner,Technician,CC-0004,false,2021-06-20T12:40:50Z,\N,2021-06-23T21:00:56Z,\N,1,assert
acme:person:e003566~b2f48ff7ef90,person,acme,E003566,Priya Haddad,Buyer,DEPT-22,false,2021-06-04T23:24:45Z,\N,2021-06-23T19:53:57Z,\N,1,assert
acme:person:e003699~a7df5a44bbd7,person,acme,E003699,Farid Wagner,Engineer,DEPT-05,false,2021-05-25T04:37:16Z,\N,2021-06-23T08:03:45Z,\N,1,assert
acme:person:e002209~3cf5b5aa0db8,person,acme,E002209,Leila Pereira,Engineer,CC-0009,false,2021-06-21T22:17:04Z,\N,2021-06-24T17:07:26Z,\N,1,assert
acme:person:e002263~88798ab69e95,person,acme,E002263,Hugo Nakamura,Engineer,CC-0011,false,2021-05-27T13:51:31Z,\N,2021-06-25T02:05:54Z,\N,1,assert
acme:person:e001233~4e9fedf9025c,person,acme,E001233,Ibrahim Bergstrom,Auditor,CC-0011,false,2021-05-31T13:05:13Z,\N,2021-06-26T15:03:54Z,\N,1,assert
acme:person:e001448~7582e6f2a996,person,acme,E001448,Hugo Castellanos,Buyer,CC-0004,false,2021-05-14T04:00:42Z,\N,2021-06-26T18:28:48Z,\N,1,assert
acme:person:e003352~1cd0c6eb7d8d,person,acme,E003352,Kwame Mbatha,Manager,CC-0008,false,2021-05-03T13:23:28Z,\N,2021-06-27T18:36:34Z,\N,1,assert
acme:person:e001298~a46d84dbb826,person,acme,E001298,Xenia Yilmaz,Architect,DEPT-18,false,2021-06-06T16:55:20Z,\N,2021-06-28T09:35:20Z,\N,1,assert
acme:person:e001851~e6c43e66adcc,person,acme,E001851,Renata Baptiste,Engineer,DEPT-05,false,2021-06-28T18:10:13Z,\N,2021-06-28T18:10:13Z,\N,1,assert
acme:person:e000329~aa1d16cb9862,person,acme,E000329,Bruno Thorsen,Buyer,CC-0007,false,2021-06-27T19:21:54Z,\N,2021-06-29T07:21:57Z,\N,1,assert
acme:person:e001456~dabcdbf626fe,person,acme,E001456,Oliver Vaughan,Engineer,CC-0012,false,2021-06-21T11:57:54Z,\N,2021-06-29T22:44:24Z,\N,1,assert
acme:person:e002126~e4308fac83ea,person,acme,E002126,Ibrahim Chowdhury,Architect,CC-0006,false,2021-06-08T15:05:08Z,\N,2021-06-29T03:24:47Z,\N,1,assert
acme:person:e000631~176338b6c88e,person,acme,E000631,Fatima Okonkwo,Architect,DEPT-07,false,2021-06-08T13:35:47Z,\N,2021-06-30T03:45:59Z,\N,1,assert
acme:person:e000885~ee6aa431ff93,person,acme,E000885,Ursula Kovac,Architect,CC-0002,false,2021-06-29T07:26:14Z,\N,2021-06-30T05:59:18Z,\N,1,assert
acme:person:e001121~fd72a32ac4b2,person,acme,E001121,Dmitri Quintero,Technician,DEPT-07,false,2021-05-18T09:57:04Z,\N,2021-06-30T15:41:25Z,\N,1,assert
acme:person:e000604~26bfcc8c3ce2,person,acme,E000604,Quinn Castellanos,Buyer,DIV-CORP,true,2021-05-18T06:20:44Z,2023-02-11T05:56:08Z,2021-06-30T16:09:12Z,\N,1,assert
acme:person:e003642~476c97e7d752,person,acme,E003642,Yara Gundersen,Analyst,DEPT-04,false,2021-06-08T01:05:33Z,\N,2021-06-30T16:44:52Z,\N,1,assert
acme:person:e003798~b45645519800,person,acme,E003798,Anika Zhang,Auditor,CC-0010,false,2021-05-25T10:39:33Z,\N,2021-06-30T08:36:06Z,\N,1,assert
acme:person:e001757~d6c75b1e1655,person,acme,E001757,Ingrid Wagner,Engineer,DEPT-09,false,2021-06-16T02:35:09Z,\N,2021-07-01T23:08:50Z,\N,1,assert
acme:person:e002664~56360aa7ab92,person,acme,E002664,Mira Weiss,Analyst,DEPT-10,false,2021-06-03T01:12:17Z,\N,2021-07-01T22:18:19Z,\N,1,assert
acme:person:e003544~a2280aca678f,person,acme,E003544,Ursula Weiss,Buyer,DIV-CORP,false,2021-06-25T12:27:29Z,\N,2021-07-02T02:05:09Z,\N,1,assert
acme:person:e002542~5dde1ca89b35,person,acme,E002542,Amara Lindqvist,Technician,CC-0013,false,2021-06-29T23:29:25Z,\N,2021-07-03T15:56:02Z,\N,1,assert
acme:person:e003866~e78f21d7f2f2,person,acme,E003866,Dmitri Gundersen,Analyst,DEPT-15,false,2021-06-21T21:53:26Z,\N,2021-07-03T20:50:48Z,\N,1,assert
acme:person:e000585~02377e616626,person,acme,E000585,Mira Rasmussen,Manager,CC-0009,false,2021-06-04T10:04:20Z,\N,2021-07-05T07:06:01Z,\N,1,assert
acme:person:e002744~2b03987adf88,person,acme,E002744,Ibrahim Eberhardt,Analyst,DEPT-01,false,2021-05-30T23:52:46Z,\N,2021-07-05T11:32:37Z,\N,1,assert
acme:person:e000085~4961b8eb4e58,person,acme,E000085,Farid Quintero,Technician,CC-0003,false,2021-05-29T23:47:42Z,\N,2021-07-07T08:41:02Z,\N,1,assert
acme:person:e000596~718a72cda9e6,person,acme,E000596,Keiko Wagner,Auditor,CC-0010,false,2021-06-17T02:21:55Z,\N,2021-07-08T13:24:27Z,\N,1,assert
acme:person:e002406~c2674f3413ee,person,acme,E002406,Bruno Oyelaran,Buyer,DEPT-12,false,2021-06-16T15:05:49Z,\N,2021-07-09T02:22:39Z,\N,1,assert
acme:person:e003086~0f962cb5ac9c,person,acme,E003086,Dmitri Marchetti,Auditor,DEPT-15,false,2021-06-18T09:12:26Z,\N,2021-07-09T10:56:13Z,\N,1,assert
acme:person:e000023~98535d865ff5,person,acme,E000023,Carla Tanaka,Manager,CC-0011,false,2021-07-04T21:43:42Z,\N,2021-07-11T02:16:37Z,\N,1,assert
acme:person:e003748~b1e6a5e8d49f,person,acme,E003748,Priya Gundersen,Analyst,CC-0013,true,2021-06-18T09:45:12Z,2021-12-13T15:16:56Z,2021-07-12T22:20:13Z,\N,1,assert
acme:person:e003387~b3754adcc031,person,acme,E003387,Kwame Fontaine,Auditor,DEPT-15,false,2021-05-27T12:50:12Z,\N,2021-07-12T23:07:36Z,\N,1,assert
acme:person:e003454~9b606d6a0ca1,person,acme,E003454,Ursula Wagner,Analyst,DEPT-09,false,2021-06-04T04:56:59Z,\N,2021-07-12T15:20:43Z,\N,1,assert
acme:person:e000767~75a187fb47d6,person,acme,E000767,Fatima Novak,Buyer,DEPT-23,false,2021-05-30T09:56:39Z,\N,2021-07-14T03:57:07Z,\N,1,assert
acme:person:e001346~2d95dfb7055e,person,acme,E001346,Dmitri Castellanos,Technician,CC-0002,false,2021-05-31T01:58:56Z,\N,2021-07-14T15:26:43Z,\N,1,assert
acme:person:e000957~ccf04908753d,person,acme,E000957,Felix Chowdhury,Technician,DEPT-11,false,2021-05-22T00:47:09Z,\N,2021-07-15T22:11:27Z,\N,1,assert
acme:person:e003004~62f98424da34,person,acme,E003004,Anika Jablonski,Auditor,DEPT-02,false,2021-06-05T08:23:45Z,\N,2021-07-15T15:56:52Z,\N,1,assert
acme:person:e003224~ab0623967019,person,acme,E003224,Priya Pereira,Technician,DEPT-12,false,2021-06-20T10:53:22Z,\N,2021-07-15T22:48:10Z,\N,1,assert
acme:person:e002850~88cf20536c91,person,acme,E002850,Samir Haddad,Auditor,DEPT-05,false,2021-07-07T19:38:42Z,\N,2021-07-18T00:27:53Z,\N,1,assert
acme:person:e003279~e832dfcde97f,person,acme,E003279,Wen Nakamura,Architect,DEPT-20,false,2021-06-28T17:59:39Z,\N,2021-07-18T21:29:53Z,\N,1,assert
acme:person:e001203~1da5407b9af0,person,acme,E001203,Nadia Baptiste,Analyst,DEPT-22,false,2021-07-07T08:26:31Z,\N,2021-07-19T10:44:32Z,\N,1,assert
acme:person:e001429~155de7195919,person,acme,E001429,Quinn Ivanova,Auditor,CC-0013,false,2021-05-21T10:51:45Z,\N,2021-07-20T14:41:45Z,\N,1,assert
acme:person:e002314~addcfc4beab1,person,acme,E002314,Amara Gundersen,Manager,CC-0010,false,2021-06-03T22:15:13Z,\N,2021-07-20T23:04:29Z,\N,1,assert
acme:person:e002346~c2f75fe12692,person,acme,E002346,Paola Ueda,Engineer,CC-0003,false,2021-07-18T20:34:48Z,\N,2021-07-20T17:54:34Z,\N,1,assert
acme:person:e002446~684e8c6f482a,person,acme,E002446,Zara Chowdhury,Analyst,CC-0011,false,2021-07-12T19:38:09Z,\N,2021-07-21T15:11:46Z,\N,1,assert
acme:person:e000196~46b6bf095c9b,person,acme,E000196,Tomas Yilmaz,Manager,DEPT-14,false,2021-07-21T07:58:30Z,\N,2021-07-22T11:40:37Z,\N,1,assert
acme:person:e002573~4f6e25aa3416,person,acme,E002573,Ada Eberhardt,Manager,DEPT-22,false,2021-07-17T18:07:17Z,\N,2021-07-22T17:44:22Z,\N,1,assert
acme:person:e001556~04562360303d,person,acme,E001556,Zoltan Thorsen,Analyst,CC-0014,false,2021-07-22T16:11:44Z,\N,2021-07-25T04:02:50Z,\N,1,assert
acme:person:e001803~8db1a0c98dd9,person,acme,E001803,Keiko Oyelaran,Auditor,CC-0009,false,2021-05-29T04:37:23Z,\N,2021-07-26T16:53:35Z,\N,1,assert
acme:person:e002319~ad5138b7aaed,person,acme,E002319,Yara Weiss,Buyer,DEPT-20,false,2021-06-14T03:46:15Z,\N,2021-07-27T06:46:46Z,\N,1,assert
acme:person:e003214~dbc5d662507e,person,acme,E003214,Anika Chowdhury,Engineer,DEPT-12,false,2021-06-20T10:05:10Z,\N,2021-07-27T06:00:01Z,\N,1,assert
acme:person:e003818~abad85338a6a,person,acme,E003818,Dmitri Oyelaran,Auditor,CC-0003,false,2021-07-06T14:00:43Z,\N,2021-07-28T02:09:48Z,\N,1,assert
acme:person:e002063~85b15857526e,person,acme,E002063,Priya Schneider,Engineer,CC-0006,false,2021-07-25T10:33:10Z,\N,2021-07-29T03:49:09Z,\N,1,assert
acme:person:e002305~ad3811c9a1c6,person,acme,E002305,Wen Silvestri,Auditor,DEPT-02,false,2021-07-02T05:32:06Z,\N,2021-07-30T01:09:19Z,\N,1,assert
acme:person:e002976~9e827555f95c,person,acme,E002976,Renata Nakamura,Engineer,CC-0007,false,2021-06-23T01:49:58Z,\N,2021-07-31T06:38:41Z,\N,1,assert
acme:person:e000302~f20219066109,person,acme,E000302,Farid Oyelaran,Auditor,DEPT-20,false,2021-07-18T04:30:17Z,\N,2021-08-01T07:25:56Z,\N,1,assert
acme:person:e002574~aa525e2e2b83,person,acme,E002574,Alan Silvestri,Technician,DEPT-17,false,2021-07-30T18:00:48Z,\N,2021-08-01T16:21:46Z,\N,1,assert
acme:person:e000512~321d0dfbde07,person,acme,E000512,Tomas Zhang,Manager,DEPT-08,false,2021-06-10T19:51:56Z,\N,2021-08-02T23:17:56Z,\N,1,assert
acme:person:e001765~263bbd17848c,person,acme,E001765,Mira Schneider,Manager,DEPT-21,false,2021-06-11T18:02:12Z,\N,2021-08-06T06:39:52Z,\N,1,assert
acme:person:e003913~beca6bfd5c63,person,acme,E003913,Ada Mbatha,Auditor,DEPT-15,false,2021-07-23T02:26:20Z,\N,2021-08-07T09:31:23Z,\N,1,assert
acme:person:e001906~bc3285e3e4cc,person,acme,E001906,Ibrahim Marchetti,Architect,CC-0002,false,2021-07-26T22:57:22Z,\N,2021-08-08T10:43:47Z,\N,1,assert
acme:person:e001973~6e1ce79b39d0,person,acme,E001973,Ibrahim Thorsen,Architect,DEPT-10,false,2021-07-23T02:00:07Z,\N,2021-08-08T23:25:06Z,\N,1,assert
acme:person:e000507~7f68079156f5,person,acme,E000507,Kwame Santos,Architect,DEPT-19,false,2021-08-03T01:31:52Z,\N,2021-08-09T17:37:56Z,\N,1,assert
acme:person:e000852~53f2f311cabd,person,acme,E000852,Bruno Delacroix,Engineer,CC-0002,false,2021-07-14T12:54:00Z,\N,2021-08-12T06:16:09Z,\N,1,assert
acme:person:e003657~e776551ed721,person,acme,E003657,Quinn Kaminski,Analyst,DIV-CORP,false,2021-06-30T04:25:03Z,\N,2021-08-12T10:07:44Z,\N,1,assert
acme:person:e000278~34f8ea6987c3,person,acme,E000278,Alan Kovac,Technician,DEPT-21,false,2021-06-28T08:56:28Z,\N,2021-08-13T04:04:25Z,\N,1,assert
acme:person:e003232~73f8e0f1de82,person,acme,E003232,Ingrid Okonkwo,Buyer,CC-0005,false,2021-08-11T00:59:32Z,\N,2021-08-13T11:41:47Z,\N,1,assert
acme:person:e000304~bf2d6eec8c7a,person,acme,E000304,Rafael Zhang,Analyst,DEPT-18,false,2021-07-13T05:01:34Z,\N,2021-08-14T07:16:53Z,\N,1,assert
acme:person:e000806~7e13de6e0099,person,acme,E000806,Ursula Weiss,Auditor,CC-0012,false,2021-08-07T20:39:14Z,\N,2021-08-14T08:33:53Z,\N,1,assert
acme:person:e001905~68214f69b5c5,person,acme,E001905,Gita Abbott,Analyst,DEPT-15,false,2021-07-01T17:03:18Z,\N,2021-08-14T03:32:46Z,\N,1,assert
acme:person:e002229~b28fc68895fa,person,acme,E002229,Hugo Santos,Manager,DEPT-03,false,2021-06-23T01:56:28Z,\N,2021-08-14T12:37:04Z,\N,1,assert
acme:person:e003096~53c830f2f2d2,person,acme,E003096,Keiko Haddad,Buyer,DEPT-23,false,2021-08-09T10:43:54Z,\N,2021-08-14T02:55:44Z,\N,1,assert
acme:person:e003391~7f681ccf900b,person,acme,E003391,Felix Castellanos,Manager,DEPT-11,false,2021-07-10T05:38:48Z,\N,2021-08-14T17:53:43Z,\N,1,assert
acme:person:e001638~ff343a68bc7d,person,acme,E001638,Renata Abbott,Manager,CC-0014,true,2021-07-12T14:30:20Z,2023-08-19T05:50:31Z,2021-08-15T13:00:13Z,\N,1,assert
acme:person:e002504~24c71154dbdf,person,acme,E002504,Elena Weiss,Auditor,DEPT-02,false,2021-06-21T04:47:02Z,\N,2021-08-15T15:46:43Z,\N,1,assert
acme:person:e001460~2fd2ec86e366,person,acme,E001460,Rafael Chowdhury,Architect,CC-0010,false,2021-06-25T11:50:43Z,\N,2021-08-16T13:24:16Z,\N,1,assert
acme:person:e002384~49539a52a49e,person,acme,E002384,Marcus Vaughan,Manager,DEPT-03,false,2021-08-17T23:42:57Z,\N,2021-08-17T23:42:57Z,\N,1,assert
acme:person:e000764~8951cd4b680b,person,acme,E000764,Bruno Okonkwo,Architect,DEPT-15,false,2021-07-08T23:20:41Z,\N,2021-08-18T15:27:19Z,\N,1,assert
acme:person:e002004~ed75e6799324,person,acme,E002004,Quinn Marchetti,Manager,DEPT-11,false,2021-07-19T13:33:15Z,\N,2021-08-18T17:54:59Z,\N,1,assert
acme:person:e002233~e9eb8d7d6ece,person,acme,E002233,Chidi Vaughan,Technician,DIV-CORP,false,2021-07-24T05:40:20Z,\N,2021-08-21T21:35:32Z,\N,1,assert
acme:person:e003077~7abe6cd78cd1,person,acme,E003077,Liam Rasmussen,Engineer,DEPT-11,false,2021-08-06T19:30:07Z,\N,2021-08-21T04:54:07Z,\N,1,assert
acme:person:e003661~43af3148d0bc,person,acme,E003661,Dmitri Pereira,Auditor,DEPT-04,false,2021-08-04T13:06:04Z,\N,2021-08-21T12:28:26Z,\N,1,assert
acme:person:e002134~b4ca2e304902,person,acme,E002134,Noor Lindqvist,Architect,DEPT-05,false,2021-08-21T07:10:54Z,\N,2021-08-22T01:47:17Z,\N,1,assert
acme:person:e003523~c6b1cbcfef85,person,acme,E003523,Sofia Santos,Engineer,CC-0013,false,2021-08-03T00:36:15Z,\N,2021-08-22T11:43:46Z,\N,1,assert
acme:person:e002003~8fc841e5680e,person,acme,E002003,Fatima Schneider,Auditor,DEPT-18,true,2021-08-05T00:22:32Z,2022-03-26T08:08:21Z,2021-08-23T05:23:00Z,\N,1,assert
acme:person:e000234~ae87e3f3f70b,person,acme,E000234,Kwame Gallagher,Buyer,DEPT-01,false,2021-08-02T17:03:29Z,\N,2021-08-23T19:18:20Z,\N,1,assert
acme:person:e001945~44c079335c7f,person,acme,E001945,Vikram Castellanos,Auditor,CC-0006,false,2021-08-16T10:08:31Z,\N,2021-08-23T17:23:48Z,\N,1,assert
acme:person:e003953~f653c76830cf,person,acme,E003953,Farid Kaminski,Architect,DEPT-15,false,2021-07-30T06:34:59Z,\N,2021-08-24T11:32:07Z,\N,1,assert
acme:person:e001031~bcc7256046a5,person,acme,E001031,Jonas Gundersen,Manager,DEPT-21,false,2021-07-19T06:31:50Z,\N,2021-08-25T23:22:28Z,\N,1,assert
acme:person:e000529~3913f5a6f57b,person,acme,E000529,Anika Gallagher,Technician,DEPT-17,false,2021-08-26T22:46:45Z,\N,2021-08-26T22:46:45Z,\N,1,assert
acme:person:e001664~a247762c5078,person,acme,E001664,Felix Pereira,Architect,CC-0009,false,2021-07-28T07:09:05Z,\N,2021-08-26T11:27:11Z,\N,1,assert
acme:person:e002724~9000f930bdb3,person,acme,E002724,Ursula Haddad,Technician,DEPT-02,false,2021-07-15T13:28:12Z,\N,2021-08-28T06:00:12Z,\N,1,assert
acme:person:e002661~6b3565295f75,person,acme,E002661,Ingrid Silvestri,Technician,DEPT-20,false,2021-08-25T01:38:10Z,\N,2021-08-29T03:03:30Z,\N,1,assert
acme:person:e000402~33868bda61cc,person,acme,E000402,Clara Bergstrom,Auditor,DEPT-09,false,2021-08-04T22:12:59Z,\N,2021-08-30T20:36:01Z,\N,1,assert
acme:person:e000282~c4ad2c513e3c,person,acme,E000282,Ursula Yilmaz,Engineer,DEPT-15,false,2021-08-10T20:34:57Z,\N,2021-08-31T03:55:34Z,\N,1,assert
acme:person:e002904~52f4b935a93c,person,acme,E002904,Yara Abbott,Auditor,DEPT-03,false,2021-08-28T09:38:00Z,\N,2021-08-31T06:46:56Z,\N,1,assert
acme:person:e003466~eea42f04c995,person,acme,E003466,Rafael Nakamura,Analyst,DEPT-17,false,2021-08-23T07:13:21Z,\N,2021-08-31T02:54:58Z,\N,1,assert
acme:person:e000794~e2dbcfd7afec,person,acme,E000794,Tomas Bergstrom,Architect,DEPT-18,false,2021-07-17T19:37:28Z,\N,2021-09-01T07:31:34Z,\N,1,assert
acme:person:e001103~8abd2d52f4b3,person,acme,E001103,Gita Gallagher,Engineer,DEPT-22,false,2021-08-09T16:31:05Z,\N,2021-09-01T16:09:13Z,\N,1,assert
acme:person:e003597~8d1e02c8c43a,person,acme,E003597,Hugo Oyelaran,Technician,DEPT-15,false,2021-07-13T12:13:10Z,\N,2021-09-02T10:14:02Z,\N,1,assert
acme:person:e001499~c41532bb7491,person,acme,E001499,Bruno Rasmussen,Architect,DEPT-08,false,2021-08-22T13:08:05Z,\N,2021-09-03T15:52:01Z,\N,1,assert
acme:person:e002105~97c3d5a6bd47,person,acme,E002105,Leila Novak,Analyst,DEPT-11,false,2021-07-20T23:11:17Z,\N,2021-09-03T01:59:36Z,\N,1,assert
acme:person:e002109~90e0b82e7415,person,acme,E002109,Mira Fontaine,Auditor,DEPT-14,false,2021-07-31T22:28:22Z,\N,2021-09-03T21:12:40Z,\N,1,assert
acme:person:e003149~757a80f28a5c,person,acme,E003149,Clara Zhang,Engineer,DEPT-10,false,2021-07-15T05:43:13Z,\N,2021-09-03T07:40:10Z,\N,1,assert
acme:person:e000625~17a5a7f47d94,person,acme,E000625,Nadia Lindqvist,Buyer,DEPT-02,false,2021-07-11T16:32:24Z,\N,2021-09-04T03:44:13Z,\N,1,assert
acme:person:e000637~846bff8927f8,person,acme,E000637,Farid Chowdhury,Analyst,DEPT-16,false,2021-08-06T10:38:26Z,\N,2021-09-04T19:37:44Z,\N,1,assert
acme:person:e000956~487316df5e44,person,acme,E000956,Nadia Thorsen,Architect,DEPT-14,false,2021-08-22T21:29:05Z,\N,2021-09-05T15:14:16Z,\N,1,assert
acme:person:e002222~bf4e853c8344,person,acme,E002222,Xenia Rasmussen,Auditor,CC-0002,false,2021-08-16T03:41:05Z,\N,2021-09-05T06:03:47Z,\N,1,assert
acme:person:e003226~076c26f88b81,person,acme,E003226,Noor Oyelaran,Auditor,DEPT-08,false,2021-08-04T05:00:08Z,\N,2021-09-05T05:40:44Z,\N,1,assert
acme:person:e002681~cd47bfc48e03,person,acme,E002681,Anika Kaminski,Auditor,DEPT-07,false,2021-08-15T09:48:33Z,\N,2021-09-06T09:52:49Z,\N,1,assert
acme:person:e003692~cbc828cfe321,person,acme,E003692,Jonas Silvestri,Technician,DEPT-11,false,2021-09-03T17:37:11Z,\N,2021-09-06T22:04:25Z,\N,1,assert
acme:person:e001096~7550f526ec3d,person,acme,E001096,Quinn Chowdhury,Architect,DEPT-24,false,2021-08-05T04:14:31Z,\N,2021-09-07T19:10:29Z,\N,1,assert
acme:person:e003511~bd434b879ad6,person,acme,E003511,Sofia Silvestri,Manager,CC-0008,false,2021-08-05T10:44:14Z,\N,2021-09-08T22:06:34Z,\N,1,assert
acme:person:e000964~c80d4c7b655c,person,acme,E000964,Lars Pereira,Engineer,CC-0009,false,2021-08-03T05:45:24Z,\N,2021-09-09T15:37:03Z,\N,1,assert
acme:person:e000110~9f54e583717a,person,acme,E000110,Ingrid Nakamura,Analyst,CC-0001,false,2021-08-21T10:18:56Z,\N,2021-09-10T02:08:00Z,\N,1,assert
acme:person:e001029~c0ec353908a1,person,acme,E001029,Zara Vaughan,Analyst,DEPT-09,false,2021-08-21T03:33:02Z,\N,2021-09-10T23:33:58Z,\N,1,assert
acme:person:e000128~2551cdc4f0f4,person,acme,E000128,Yara Quintero,Manager,DEPT-18,false,2021-07-25T03:12:52Z,\N,2021-09-11T04:47:23Z,\N,1,assert
acme:person:e001728~fedcd2ca0334,person,acme,E001728,Farid Mbatha,Architect,DEPT-20,false,2021-07-14T06:40:28Z,\N,2021-09-11T15:10:10Z,\N,1,assert
acme:person:e002273~d6729a2656b4,person,acme,E002273,Elena Wagner,Architect,DEPT-11,false,2021-07-16T14:19:32Z,\N,2021-09-11T11:07:55Z,\N,1,assert
acme:person:e000836~7fb48e8cb54d,person,acme,E000836,Ingrid Eberhardt,Buyer,DEPT-10,false,2021-08-15T05:37:02Z,\N,2021-09-12T21:49:10Z,\N,1,assert
acme:person:e001201~e07caccd34e8,person,acme,E001201,Noor Marchetti,Technician,CC-0007,false,2021-08-25T20:41:32Z,\N,2021-09-12T10:12:38Z,\N,1,assert
acme:person:e001655~87d3042bc49f,person,acme,E001655,Lars Lindqvist,Engineer,DEPT-14,false,2021-08-18T11:41:21Z,\N,2021-09-12T17:30:28Z,\N,1,assert
acme:person:e001134~b7ddb4a1b52f,person,acme,E001134,Paola Tanaka,Engineer,CC-0003,false,2021-09-01T02:08:23Z,\N,2021-09-14T04:50:45Z,\N,1,assert
acme:person:e002059~5165addcc0ff,person,acme,E002059,Nadia Eberhardt,Engineer,DEPT-14,false,2021-09-03T00:41:12Z,\N,2021-09-14T13:48:04Z,\N,1,assert
acme:person:e002205~6f4c44842c95,person,acme,E002205,Elena Abbott,Analyst,DEPT-14,false,2021-09-07T05:12:21Z,\N,2021-09-15T03:42:06Z,\N,1,assert
acme:person:e003047~539c4d37ac3f,person,acme,E003047,Renata Marchetti,Buyer,CC-0010,false,2021-07-26T21:31:13Z,\N,2021-09-15T04:43:06Z,\N,1,assert
acme:person:e002782~99e718836c0e,person,acme,E002782,Felix Pereira,Engineer,DEPT-19,false,2021-09-04T17:11:16Z,\N,2021-09-16T02:59:02Z,\N,1,assert
acme:person:e001706~b4baf732d548,person,acme,E001706,Jonas Quintero,Architect,DEPT-11,false,2021-09-07T17:13:17Z,\N,2021-09-17T00:01:34Z,\N,1,assert
acme:person:e003345~52c272d0ef00,person,acme,E003345,Wen Haddad,Architect,DEPT-23,false,2021-09-04T08:37:22Z,\N,2021-09-17T15:04:01Z,\N,1,assert
acme:person:e000433~f9fc023ebcb3,person,acme,E000433,Gita Schneider,Technician,CC-0006,false,2021-08-22T20:20:12Z,\N,2021-09-19T08:21:53Z,\N,1,assert
acme:person:e000670~a4b337652c58,person,acme,E000670,Amara Gundersen,Manager,CC-0010,false,2021-08-05T01:26:09Z,\N,2021-09-20T16:24:08Z,\N,1,assert
acme:person:e002671~f08d98e12eb4,person,acme,E002671,Noor Ueda,Architect,DEPT-18,false,2021-08-27T15:37:14Z,\N,2021-09-20T09:39:35Z,\N,1,assert
acme:person:e003032~99041dad0246,person,acme,E003032,Zara Yilmaz,Analyst,DEPT-24,false,2021-09-07T17:52:20Z,\N,2021-09-20T09:18:03Z,\N,1,assert
acme:person:e000187~217c410f6f39,person,acme,E000187,Amara Rasmussen,Architect,CC-0012,false,2021-09-19T19:28:33Z,\N,2021-09-21T07:19:40Z,\N,1,assert
acme:person:e001406~67fb546b6f7d,person,acme,E001406,Felix Wagner,Manager,CC-0005,true,2021-08-29T09:37:32Z,2023-02-16T05:48:34Z,2021-09-21T19:35:07Z,\N,1,assert
acme:person:e003023~eea3a42e5122,person,acme,E003023,Renata Castellanos,Auditor,CC-0007,false,2021-07-28T20:47:46Z,\N,2021-09-21T22:32:47Z,\N,1,assert
acme:person:e001679~9fea6445d0d4,person,acme,E001679,Anders Weiss,Buyer,DEPT-06,false,2021-09-10T12:19:59Z,\N,2021-09-22T16:21:50Z,\N,1,assert
acme:person:e000511~23b5cb669413,person,acme,E000511,Samir Vaughan,Manager,CC-0002,false,2021-08-31T22:32:38Z,\N,2021-09-23T10:20:23Z,\N,1,assert
acme:person:e001601~45d1c15934c5,person,acme,E001601,Fatima Novak,Engineer,CC-0013,false,2021-08-04T02:55:40Z,\N,2021-09-23T09:17:06Z,\N,1,assert
acme:person:e001877~49566576a6e6,person,acme,E001877,Yusuf Marchetti,Architect,CC-0001,false,2021-09-02T01:46:59Z,\N,2021-09-24T15:35:41Z,\N,1,assert
acme:person:e001053~112398a78ee0,person,acme,E001053,Lars Mbatha,Analyst,CC-0007,false,2021-08-23T00:04:43Z,\N,2021-09-24T16:48:57Z,\N,1,assert
acme:person:e003180~afcd262c35f8,person,acme,E003180,Renata Schneider,Technician,DEPT-01,false,2021-09-08T23:00:08Z,\N,2021-09-24T21:02:24Z,\N,1,assert
acme:person:e002858~e2108ca82ad8,person,acme,E002858,Elena Lindqvist,Analyst,DEPT-20,false,2021-09-16T04:43:42Z,\N,2021-09-25T02:47:04Z,\N,1,assert
acme:person:e000571~bca8944714eb,person,acme,E000571,Kwame Bergstrom,Engineer,DEPT-20,false,2021-08-07T15:32:04Z,\N,2021-09-26T13:26:56Z,\N,1,assert
acme:person:e003790~7ce65c2310ed,person,acme,E003790,Bruno Baptiste,Architect,DEPT-14,false,2021-08-14T08:10:24Z,\N,2021-09-28T18:09:36Z,\N,1,assert
acme:person:e003018~0696da5db967,person,acme,E003018,Amara Bergstrom,Technician,DEPT-07,false,2021-09-08T22:37:13Z,\N,2021-09-29T02:59:06Z,\N,1,assert
acme:person:e000372~ac6c03e5f91b,person,acme,E000372,Tomas Bergstrom,Technician,DEPT-02,false,2021-08-11T23:41:40Z,\N,2021-09-30T17:30:47Z,\N,1,assert
acme:person:e000774~46cd71d6ddf5,person,acme,E000774,Clara Marchetti,Manager,DEPT-07,false,2021-09-05T08:56:47Z,\N,2021-09-30T09:27:04Z,\N,1,assert
acme:person:e001209~4ab033bd01b7,person,acme,E001209,Anders Gundersen,Auditor,CC-0003,false,2021-08-11T21:22:52Z,\N,2021-09-30T09:00:52Z,\N,1,assert
acme:person:e001582~687444912a5d,person,acme,E001582,Lucia Jablonski,Engineer,DEPT-23,false,2021-09-05T01:00:46Z,\N,2021-09-30T10:12:02Z,\N,1,assert
acme:person:e002453~3356a645cfa5,person,acme,E002453,Gita Yilmaz,Engineer,DEPT-04,false,2021-08-19T05:27:40Z,\N,2021-10-05T08:49:38Z,\N,1,assert
acme:person:e000253~c4d5d4400550,person,acme,E000253,Yusuf Delacroix,Architect,CC-0004,false,2021-10-02T19:04:25Z,\N,2021-10-06T14:19:48Z,\N,1,assert
acme:person:e003671~b1c198f3281f,person,acme,E003671,Lucia Vaughan,Architect,DEPT-23,false,2021-09-23T07:28:52Z,\N,2021-10-06T08:22:13Z,\N,1,assert
acme:person:e000245~acb270ee8398,person,acme,E000245,Vikram Lindqvist,Auditor,DEPT-09,false,2021-08-09T13:19:28Z,\N,2021-10-07T16:22:51Z,\N,1,assert
acme:person:e001565~5c22f79fd7e2,person,acme,E001565,Ada Tanaka,Engineer,DEPT-02,false,2021-08-31T10:05:10Z,\N,2021-10-07T11:55:12Z,\N,1,assert
acme:person:e002031~dd076266c945,person,acme,E002031,Oliver Novak,Buyer,DEPT-10,false,2021-10-02T08:30:31Z,\N,2021-10-07T22:00:06Z,\N,1,assert
acme:person:e003594~87a17a3ce9db,person,acme,E003594,Leila Mbatha,Analyst,DEPT-21,false,2021-09-06T19:49:01Z,\N,2021-10-07T09:59:04Z,\N,1,assert
acme:person:e001375~2dbcf5ea313a,person,acme,E001375,Bruno Nakamura,Engineer,DEPT-07,false,2021-09-07T00:46:24Z,\N,2021-10-08T03:57:49Z,\N,1,assert
acme:person:e002879~2a9267999bed,person,acme,E002879,Zara Lindqvist,Manager,DEPT-11,false,2021-08-24T11:09:49Z,\N,2021-10-08T05:51:31Z,\N,1,assert
acme:person:e000310~802983ff1574,person,acme,E000310,Dmitri Fontaine,Analyst,DEPT-01,false,2021-08-20T21:45:08Z,\N,2021-10-09T09:30:05Z,\N,1,assert
acme:person:e001921~1977592b11cd,person,acme,E001921,Gita Okonkwo,Buyer,DEPT-17,false,2021-09-01T03:42:03Z,\N,2021-10-09T19:02:04Z,\N,1,assert
acme:person:e000174~42f4055c764f,person,acme,E000174,Sofia Okonkwo,Architect,CC-0011,false,2021-08-25T03:23:54Z,\N,2021-10-10T13:28:54Z,\N,1,assert
acme:person:e001190~7e406460900b,person,acme,E001190,Yusuf Thorsen,Manager,CC-0009,false,2021-08-28T09:50:22Z,\N,2021-10-11T10:03:03Z,\N,1,assert
acme:person:e002018~a26a74fcedc2,person,acme,E002018,Dmitri Quintero,Technician,CC-0014,false,2021-09-16T20:50:25Z,\N,2021-10-12T09:56:49Z,\N,1,assert
acme:person:e002862~23f16062f8e4,person,acme,E002862,Yusuf Silvestri,Manager,DEPT-09,false,2021-09-18T21:10:11Z,\N,2021-10-12T11:15:21Z,\N,1,assert
acme:person:e003896~1ecf135fa413,person,acme,E003896,Zara Eberhardt,Architect,DIV-CORP,false,2021-09-23T12:10:30Z,\N,2021-10-12T17:04:39Z,\N,1,assert
acme:person:e000590~9beaa4c49902,person,acme,E000590,Ibrahim Okonkwo,Analyst,DEPT-09,false,2021-09-20T05:48:43Z,\N,2021-10-13T15:05:00Z,\N,1,assert
acme:person:e002528~3ded7e14c1f8,person,acme,E002528,Yusuf Castellanos,Analyst,CC-0005,true,2021-08-30T14:35:02Z,2023-09-27T06:44:38Z,2021-10-13T22:32:54Z,\N,1,assert
acme:person:e002521~8e7f97f96e72,person,acme,E002521,Zara Weiss,Architect,DEPT-12,false,2021-09-13T15:25:37Z,\N,2021-10-16T07:58:47Z,\N,1,assert
acme:person:e003107~60847ca1e355,person,acme,E003107,Tomas Oyelaran,Engineer,DEPT-07,false,2021-09-05T19:26:11Z,\N,2021-10-16T17:26:44Z,\N,1,assert
acme:person:e003772~1f4eef82e7a6,person,acme,E003772,Yusuf Baptiste,Engineer,DEPT-04,false,2021-08-19T16:14:08Z,\N,2021-10-16T16:44:15Z,\N,1,assert
acme:person:e000113~9def371e2865,person,acme,E000113,Felix Ueda,Engineer,DEPT-20,false,2021-08-21T11:58:25Z,\N,2021-10-17T18:12:41Z,\N,1,assert
acme:person:e003646~60a72fc47e44,person,acme,E003646,Ingrid Gallagher,Manager,CC-0006,false,2021-09-14T21:06:41Z,\N,2021-10-17T23:33:36Z,\N,1,assert
acme:person:e002757~7b57a600c07b,person,acme,E002757,Carla Kovac,Architect,CC-0001,false,2021-10-15T04:32:23Z,\N,2021-10-18T11:31:57Z,\N,1,assert
acme:person:e002132~32f5279a6d7d,person,acme,E002132,Vikram Santos,Buyer,CC-0010,false,2021-09-21T01:03:18Z,\N,2021-10-19T14:08:07Z,\N,1,assert
acme:person:e002871~ccb2dd81b82e,person,acme,E002871,Lucia Delacroix,Auditor,CC-0009,false,2021-08-24T05:00:14Z,\N,2021-10-20T21:04:43Z,\N,1,assert
acme:person:e002491~186a3334a210,person,acme,E002491,Carla Rasmussen,Analyst,CC-0011,false,2021-10-12T08:12:18Z,\N,2021-10-21T15:00:47Z,\N,1,assert
acme:person:e002347~61c10b3afe31,person,acme,E002347,Ada Kovac,Engineer,DEPT-03,false,2021-09-25T07:12:58Z,\N,2021-10-23T11:59:58Z,\N,1,assert
acme:person:e001396~cf6aa051b45f,person,acme,E001396,Hugo Thorsen,Manager,CC-0012,false,2021-09-13T20:05:02Z,\N,2021-10-24T05:49:42Z,\N,1,assert
acme:person:e000943~1eaeaa14fa77,person,acme,E000943,Lars Bergstrom,Manager,DEPT-22,false,2021-09-21T00:50:27Z,\N,2021-10-26T19:30:22Z,\N,1,assert
acme:person:e001840~09ebf1c23a11,person,acme,E001840,Nadia Gundersen,Buyer,CC-0001,false,2021-09-12T23:33:05Z,\N,2021-10-26T22:10:13Z,\N,1,assert
acme:person:e000036~ab6980a752dd,person,acme,E000036,Wen Jablonski,Technician,DEPT-06,true,2021-09-13T09:03:38Z,2021-11-18T02:49:20Z,2021-10-27T10:17:00Z,\N,1,assert
acme:person:e003696~6755907ea9f4,person,acme,E003696,Alan Ueda,Auditor,DEPT-07,false,2021-09-29T12:45:48Z,\N,2021-10-27T15:49:29Z,\N,1,assert
acme:person:e000249~a4237796cc9e,person,acme,E000249,Priya Vaughan,Architect,DEPT-12,false,2021-09-08T16:45:49Z,\N,2021-10-28T08:45:27Z,\N,1,assert
acme:person:e002883~2831b32f2d69,person,acme,E002883,Anika Zhang,Engineer,CC-0010,false,2021-09-30T18:17:29Z,\N,2021-10-28T07:15:01Z,\N,1,assert
acme:person:e000643~64d189edb0a2,person,acme,E000643,Elena Yilmaz,Architect,DEPT-20,false,2021-10-18T13:56:18Z,\N,2021-10-29T02:07:37Z,\N,1,assert
acme:person:e003227~e6496342a612,person,acme,E003227,Mira Thorsen,Technician,CC-0012,false,2021-09-13T18:05:15Z,\N,2021-10-29T04:46:38Z,\N,1,assert
acme:person:e003510~6aa4da8ee91d,person,acme,E003510,Carla Ueda,Architect,DEPT-08,false,2021-08-30T13:14:21Z,\N,2021-10-29T16:31:25Z,\N,1,assert
acme:person:e003212~e72959f72119,person,acme,E003212,Keiko Lindqvist,Auditor,CC-0012,false,2021-09-29T19:26:08Z,\N,2021-10-29T22:42:17Z,\N,1,assert
acme:person:e000385~336ea48a8140,person,acme,E000385,Samir Silvestri,Technician,DEPT-06,false,2021-09-29T21:30:48Z,\N,2021-10-30T20:35:13Z,\N,1,assert
acme:person:e002479~b39b8f1e8862,person,acme,E002479,Farid Novak,Manager,DEPT-15,false,2021-09-26T10:41:16Z,\N,2021-10-30T09:04:29Z,\N,1,assert
acme:person:e001261~933a024f822c,person,acme,E001261,Paola Okonkwo,Architect,CC-0004,false,2021-09-25T08:59:22Z,\N,2021-10-31T01:48:28Z,\N,1,assert
acme:person:e001892~e27ab5b12e8d,person,acme,E001892,Jonas Santos,Architect,DEPT-19,false,2021-10-22T16:48:43Z,\N,2021-10-31T03:22:14Z,\N,1,assert
acme:person:e002221~9e8e02e5d7d9,person,acme,E002221,Lars Lindqvist,Engineer,CC-0002,false,2021-09-16T01:09:11Z,\N,2021-10-31T21:11:28Z,\N,1,assert
acme:person:e003062~304cece243aa,person,acme,E003062,Keiko Quintero,Auditor,CC-0001,false,2021-10-01T05:33:41Z,\N,2021-11-01T06:23:27Z,\N,1,assert
acme:person:e001501~748d8806cf0a,person,acme,E001501,Wen Pereira,Buyer,DEPT-23,false,2021-10-25T09:17:40Z,\N,2021-11-02T15:51:35Z,\N,1,assert
acme:person:e002889~9214c48aa343,person,acme,E002889,Chidi Jablonski,Manager,DEPT-12,false,2021-09-20T06:41:34Z,\N,2021-11-02T19:02:11Z,\N,1,assert
acme:person:e003453~218e1c5bf4dd,person,acme,E003453,Samir Baptiste,Buyer,DEPT-02,false,2021-09-08T10:11:10Z,\N,2021-11-02T15:53:51Z,\N,1,assert
acme:person:e000424~6c3c67b7d453,person,acme,E000424,Elena Bergstrom,Architect,CC-0013,false,2021-10-31T13:57:12Z,\N,2021-11-03T14:17:38Z,\N,1,assert
acme:person:e000949~75d5e088f4a1,person,acme,E000949,Paola Bergstrom,Buyer,CC-0009,false,2021-10-06T15:12:40Z,\N,2021-11-04T01:27:55Z,\N,1,assert
acme:person:e001021~4dfe1abf9919,person,acme,E001021,Chidi Okonkwo,Analyst,DEPT-16,false,2021-09-17T07:24:39Z,\N,2021-11-04T05:39:48Z,\N,1,assert
acme:person:e003409~b2f1ffba7183,person,acme,E003409,Xenia Quintero,Analyst,DEPT-15,false,2021-10-05T15:53:02Z,\N,2021-11-05T02:00:53Z,\N,1,assert
acme:person:e003467~c7bf0b697bfd,person,acme,E003467,Anders Yilmaz,Auditor,DEPT-19,false,2021-09-16T01:20:17Z,\N,2021-11-06T06:38:08Z,\N,1,assert
acme:person:e003241~6b2a9db8e07c,person,acme,E003241,Alan Castellanos,Architect,DEPT-04,false,2021-09-09T09:35:28Z,\N,2021-11-07T09:52:48Z,\N,1,assert
acme:person:e002926~ab0b7a0e78a0,person,acme,E002926,Quinn Haddad,Engineer,DEPT-08,false,2021-09-17T21:13:08Z,\N,2021-11-09T02:14:24Z,\N,1,assert
acme:person:e000038~3e3897412696,person,acme,E000038,Ibrahim Kaminski,Engineer,DEPT-18,false,2021-10-31T12:39:20Z,\N,2021-11-10T10:30:28Z,\N,1,assert
acme:person:e003354~1d4b55d509f8,person,acme,E003354,Ursula Mbatha,Buyer,CC-0006,false,2021-10-26T10:00:58Z,\N,2021-11-10T18:32:14Z,\N,1,assert
acme:person:e001106~30036bd02e7b,person,acme,E001106,Ursula Delacroix,Engineer,CC-0004,true,2021-10-18T01:06:42Z,2022-06-11T02:51:03Z,2021-11-10T22:03:58Z,\N,1,assert
acme:person:e000473~85e7c80edd09,person,acme,E000473,Yusuf Fontaine,Engineer,DEPT-08,false,2021-10-03T09:23:28Z,\N,2021-11-12T20:08:59Z,\N,1,assert
acme:person:e000656~229c673c9c64,person,acme,E000656,Elena Weiss,Engineer,CC-0013,false,2021-10-16T12:28:54Z,\N,2021-11-14T01:11:30Z,\N,1,assert
acme:person:e003386~5911f540e1ba,person,acme,E003386,Ingrid Yilmaz,Architect,DEPT-04,false,2021-11-03T23:59:29Z,\N,2021-11-15T19:52:35Z,\N,1,assert
acme:person:e003395~9917e10f961e,person,acme,E003395,Renata Santos,Buyer,CC-0011,true,2021-10-31T16:38:04Z,2023-10-26T10:57:59Z,2021-11-16T10:03:05Z,\N,1,assert
acme:person:e001044~23c91a13376c,person,acme,E001044,Felix Zhang,Manager,CC-0012,false,2021-09-29T23:39:41Z,\N,2021-11-16T17:08:08Z,\N,1,assert
acme:person:e001861~ef172ba143d3,person,acme,E001861,Fatima Santos,Buyer,DEPT-06,false,2021-09-27T14:32:18Z,\N,2021-11-17T19:11:52Z,\N,1,assert
acme:person:e003440~da722e371cc6,person,acme,E003440,Noor Fontaine,Buyer,CC-0008,true,2021-11-14T09:33:00Z,2023-12-24T14:56:08Z,2021-11-18T10:59:10Z,\N,1,assert
acme:person:e000490~a81b161ad9e1,person,acme,E000490,Farid Quintero,Auditor,CC-0009,false,2021-09-24T08:14:15Z,\N,2021-11-19T16:40:15Z,\N,1,assert
acme:person:e001775~57abbb16e07e,person,acme,E001775,Amara Schneider,Buyer,DEPT-15,false,2021-11-15T04:51:49Z,\N,2021-11-19T09:21:17Z,\N,1,assert
acme:person:e003026~b8d261cc832d,person,acme,E003026,Mira Tanaka,Technician,CC-0008,false,2021-10-12T03:36:39Z,\N,2021-11-19T22:23:52Z,\N,1,assert
acme:person:e003492~ac620ad1bd3d,person,acme,E003492,Farid Nakamura,Analyst,DEPT-01,false,2021-09-28T20:31:41Z,\N,2021-11-19T11:37:07Z,\N,1,assert
acme:person:e003810~1ff2a9f74117,person,acme,E003810,Anika Schneider,Technician,CC-0001,false,2021-10-19T17:45:57Z,\N,2021-11-19T05:43:08Z,\N,1,assert
acme:person:e000889~d95153ae478b,person,acme,E000889,Felix Novak,Analyst,CC-0004,false,2021-10-11T10:43:08Z,\N,2021-11-21T03:26:50Z,\N,1,assert
acme:person:e001182~32791aa67955,person,acme,E001182,Rafael Okonkwo,Manager,DEPT-13,false,2021-11-11T22:55:33Z,\N,2021-11-21T10:14:51Z,\N,1,assert
acme:person:e002388~b7c5d7bfba68,person,acme,E002388,Nadia Castellanos,Engineer,DEPT-08,false,2021-10-30T19:25:25Z,\N,2021-11-21T03:03:10Z,\N,1,assert
acme:person:e000447~1d4a95d51fcd,person,acme,E000447,Alan Ueda,Manager,DEPT-01,false,2021-10-15T19:22:02Z,\N,2021-11-23T13:51:07Z,\N,1,assert
acme:person:e000547~8af6ccb717ab,person,acme,E000547,Chidi Marchetti,Architect,DEPT-24,false,2021-11-07T22:37:32Z,\N,2021-11-23T00:27:30Z,\N,1,assert
acme:person:e002737~b12924cdb3dd,person,acme,E002737,Anika Delacroix,Engineer,DEPT-12,false,2021-11-09T02:50:33Z,\N,2021-11-23T02:31:31Z,\N,1,assert
acme:person:e003593~c9af60c56806,person,acme,E003593,Renata Weiss,Auditor,DEPT-21,false,2021-11-06T03:21:24Z,\N,2021-11-23T15:33:13Z,\N,1,assert
acme:person:e000108~7564bce1222f,person,acme,E000108,Priya Lindqvist,Technician,CC-0001,false,2021-10-25T18:34:43Z,\N,2021-11-24T13:58:58Z,\N,1,assert
acme:person:e002599~0c67e5a011d5,person,acme,E002599,Zoltan Thorsen,Architect,DEPT-21,false,2021-10-10T00:30:43Z,\N,2021-11-24T15:17:44Z,\N,1,assert
acme:person:e003421~3a613521db93,person,acme,E003421,Felix Tanaka,Technician,CC-0002,false,2021-11-18T02:15:16Z,\N,2021-11-24T05:20:54Z,\N,1,assert
acme:person:e000800~cc110e920949,person,acme,E000800,Ibrahim Kaminski,Architect,DEPT-16,false,2021-11-24T17:53:29Z,\N,2021-11-25T03:43:43Z,\N,1,assert
acme:person:e002367~a727a81d4ca7,person,acme,E002367,Zoltan Gallagher,Auditor,CC-0010,false,2021-11-25T18:15:39Z,\N,2021-11-25T18:15:39Z,\N,1,assert
acme:person:e003708~9973309b5e66,person,acme,E003708,Xenia Castellanos,Analyst,DEPT-02,false,2021-11-16T08:00:46Z,\N,2021-11-25T08:34:30Z,\N,1,assert
acme:person:e000860~2cd010b3bd18,person,acme,E000860,Yusuf Chowdhury,Architect,DEPT-20,false,2021-10-01T18:36:08Z,\N,2021-11-26T12:49:31Z,\N,1,assert
acme:person:e003404~4486135d5379,person,acme,E003404,Priya Haddad,Engineer,DEPT-04,false,2021-10-12T09:54:21Z,\N,2021-11-26T15:28:35Z,\N,1,assert
acme:person:e000865~4c600104fc67,person,acme,E000865,Ibrahim Mbatha,Auditor,CC-0008,false,2021-11-12T08:46:59Z,\N,2021-11-28T19:47:24Z,\N,1,assert
acme:person:e001204~bf4a63e075b1,person,acme,E001204,Carla Castellanos,Manager,DEPT-22,false,2021-10-27T16:21:04Z,\N,2021-11-28T10:59:19Z,\N,1,assert
acme:person:e003320~91a4d1a8dfed,person,acme,E003320,Bruno Thorsen,Architect,DIV-CORP,false,2021-10-02T07:35:37Z,\N,2021-11-29T22:10:58Z,\N,1,assert
acme:person:e002285~faa89ce12f65,person,acme,E002285,Jonas Kaminski,Engineer,DEPT-24,false,2021-11-15T18:36:43Z,\N,2021-11-30T10:13:18Z,\N,1,assert
acme:person:e001689~cfdee61401b2,person,acme,E001689,Ibrahim Santos,Manager,DEPT-23,false,2021-11-06T02:54:55Z,\N,2021-12-01T00:29:38Z,\N,1,assert
acme:person:e002706~06368a04eb0d,person,acme,E002706,Yara Rasmussen,Technician,CC-0014,false,2021-11-26T18:29:36Z,\N,2021-12-01T11:13:10Z,\N,1,assert
acme:person:e003068~fd8f00fd82bb,person,acme,E003068,Liam Eberhardt,Engineer,DEPT-13,false,2021-11-14T06:58:30Z,\N,2021-12-01T22:10:21Z,\N,1,assert
acme:person:e003574~0d3d289a0017,person,acme,E003574,Felix Jablonski,Buyer,DIV-CORP,false,2021-11-02T22:16:40Z,\N,2021-12-01T18:20:35Z,\N,1,assert
acme:person:e002741~3e0b5ea4151f,person,acme,E002741,Elena Okonkwo,Analyst,CC-0003,false,2021-11-11T07:42:32Z,\N,2021-12-02T09:41:30Z,\N,1,assert
acme:person:e000568~bcaae73360b2,person,acme,E000568,Clara Okonkwo,Technician,DEPT-08,false,2021-10-11T16:19:05Z,\N,2021-12-03T08:13:50Z,\N,1,assert
acme:person:e002940~34fa4c73d10b,person,acme,E002940,Tomas Gundersen,Analyst,DEPT-16,false,2021-12-04T22:59:09Z,\N,2021-12-04T22:59:09Z,\N,1,assert
acme:person:e002775~9a3ae9dbc925,person,acme,E002775,Ursula Tanaka,Technician,CC-0001,false,2021-11-29T21:20:53Z,\N,2021-12-05T03:55:16Z,\N,1,assert
acme:person:e000952~0de209c9e47a,person,acme,E000952,Anders Thorsen,Auditor,DEPT-23,true,2021-11-02T13:58:52Z,2022-01-23T07:13:26Z,2021-12-06T07:05:28Z,\N,1,assert
acme:person:e003725~85698aac8a47,person,acme,E003725,Wen Ueda,Auditor,DEPT-23,false,2021-12-04T09:42:58Z,\N,2021-12-06T12:18:38Z,\N,1,assert
acme:person:e001496~dc4aaaca9a3b,person,acme,E001496,Wen Bergstrom,Engineer,CC-0012,false,2021-12-05T21:09:09Z,\N,2021-12-07T15:28:46Z,\N,1,assert
acme:person:e003380~1790c879e0b1,person,acme,E003380,Anika Chowdhury,Engineer,DEPT-15,false,2021-10-14T09:38:44Z,\N,2021-12-09T19:58:06Z,\N,1,assert
acme:person:e000084~fb5938dd5529,person,acme,E000084,Vikram Bergstrom,Analyst,DEPT-08,false,2021-10-13T05:16:33Z,\N,2021-12-10T09:57:33Z,\N,1,assert
acme:person:e001130~6e2268a6ede6,person,acme,E001130,Yara Chowdhury,Technician,CC-0014,false,2021-10-28T01:16:33Z,\N,2021-12-10T11:18:56Z,\N,1,assert
acme:person:e003672~455fce9f4e13,person,acme,E003672,Vikram Pereira,Technician,DEPT-13,false,2021-10-17T10:33:46Z,\N,2021-12-10T09:39:17Z,\N,1,assert
acme:person:e000921~aefa8d46f654,person,acme,E000921,Keiko Rasmussen,Architect,DEPT-02,false,2021-11-22T07:58:04Z,\N,2021-12-12T21:14:27Z,\N,1,assert
acme:person:e001889~4e18e7e446cb,person,acme,E001889,Amara Yilmaz,Analyst,CC-0002,false,2021-10-31T05:13:49Z,\N,2021-12-12T19:17:07Z,\N,1,assert
acme:person:e002046~ef43b0e25c6a,person,acme,E002046,Ada Jablonski,Auditor,CC-0012,false,2021-10-19T02:34:05Z,\N,2021-12-12T06:27:13Z,\N,1,assert
acme:person:e002375~305bd6b71e1d,person,acme,E002375,Kwame Bergstrom,Manager,DEPT-15,false,2021-12-09T16:58:08Z,\N,2021-12-12T13:09:15Z,\N,1,assert
acme:person:e002954~215753eefe2a,person,acme,E002954,Farid Weiss,Analyst,DEPT-19,false,2021-10-19T01:09:53Z,\N,2021-12-12T18:57:43Z,\N,1,assert
acme:person:e000467~9809c83b8615,person,acme,E000467,Dmitri Vaughan,Manager,DEPT-24,false,2021-11-25T23:23:10Z,\N,2021-12-13T00:25:17Z,\N,1,assert
acme:person:e001181~6386571f6156,person,acme,E001181,Yusuf Kaminski,Architect,CC-0011,false,2021-11-18T09:55:57Z,\N,2021-12-13T08:00:28Z,\N,1,assert
acme:person:e000247~3fb6ea0043e9,person,acme,E000247,Jonas Kaminski,Auditor,DEPT-12,false,2021-11-12T15:15:49Z,\N,2021-12-16T21:11:33Z,\N,1,assert
acme:person:e000632~5e5ce7cc5ffe,person,acme,E000632,Chidi Yilmaz,Technician,DIV-CORP,false,2021-11-03T19:43:34Z,\N,2021-12-16T08:26:17Z,\N,1,assert
acme:person:e001910~995cd551e47e,person,acme,E001910,Ingrid Kovac,Engineer,DEPT-24,false,2021-12-14T19:20:30Z,\N,2021-12-16T08:49:41Z,\N,1,assert
acme:person:e000461~2474fcb4ce61,person,acme,E000461,Yusuf Bergstrom,Technician,DEPT-24,false,2021-12-12T15:45:20Z,\N,2021-12-17T11:00:18Z,\N,1,assert
acme:person:e002225~7fa8b804a6ac,person,acme,E002225,Clara Yilmaz,Engineer,DEPT-20,false,2021-12-14T08:47:55Z,\N,2021-12-17T14:47:21Z,\N,1,assert
acme:person:e001198~f044fdf820c6,person,acme,E001198,Liam Wagner,Buyer,DEPT-20,false,2021-12-01T02:23:52Z,\N,2021-12-18T14:20:38Z,\N,1,assert
acme:person:e001770~89225c80cd9a,person,acme,E001770,Yara Novak,Architect,DEPT-20,false,2021-12-16T18:40:45Z,\N,2021-12-18T23:06:01Z,\N,1,assert
acme:person:e003472~49f131eb3b1f,person,acme,E003472,Renata Gundersen,Buyer,CC-0001,false,2021-11-07T20:22:01Z,\N,2021-12-19T10:10:13Z,\N,1,assert
acme:person:e003640~a99084732b8a,person,acme,E003640,Zoltan Ueda,Analyst,CC-0003,false,2021-10-30T04:25:35Z,\N,2021-12-19T23:01:17Z,\N,1,assert
acme:person:e000296~7b5c9811ea5c,person,acme,E000296,Ada Nakamura,Auditor,DEPT-17,false,2021-11-18T02:04:20Z,\N,2021-12-20T12:13:51Z,\N,1,assert
acme:person:e000147~8424320e7845,person,acme,E000147,Carla Gallagher,Technician,DEPT-01,false,2021-12-14T00:56:24Z,\N,2021-12-21T16:54:12Z,\N,1,assert
acme:person:e002113~8bb06decc077,person,acme,E002113,Nadia Nakamura,Technician,CC-0009,false,2021-11-20T19:32:23Z,\N,2021-12-21T23:27:39Z,\N,1,assert
acme:person:e002854~7583bf86fd12,person,acme,E002854,Zoltan Schneider,Technician,CC-0008,false,2021-11-13T23:11:30Z,\N,2021-12-21T19:01:52Z,\N,1,assert
acme:person:e002953~98208f71cea5,person,acme,E002953,Noor Pereira,Architect,DEPT-03,false,2021-10-27T08:57:31Z,\N,2021-12-22T14:38:35Z,\N,1,assert
acme:person:e000748~b064b6b01bc9,person,acme,E000748,Ursula Gallagher,Engineer,DEPT-21,false,2021-12-08T10:00:35Z,\N,2021-12-23T02:27:33Z,\N,1,assert
acme:person:e002327~ce69759bd84d,person,acme,E002327,Gita Kaminski,Auditor,DEPT-05,false,2021-11-26T09:28:45Z,\N,2021-12-23T14:59:45Z,\N,1,assert
acme:person:e002809~e44c5f3a24ec,person,acme,E002809,Lars Bergstrom,Analyst,DEPT-20,false,2021-11-10T23:40:58Z,\N,2021-12-23T05:33:59Z,\N,1,assert
acme:person:e003562~f0afd0dcd6e5,person,acme,E003562,Ingrid Tanaka,Architect,DEPT-16,false,2021-10-25T16:07:59Z,\N,2021-12-24T20:08:08Z,\N,1,assert
acme:person:e003735~c6dc9b610ea3,person,acme,E003735,Marcus Castellanos,Buyer,CC-0011,false,2021-12-12T16:41:53Z,\N,2021-12-24T19:59:10Z,\N,1,assert
acme:person:e000608~6d14fafb86ef,person,acme,E000608,Ibrahim Mbatha,Engineer,CC-0006,true,2021-12-20T16:49:53Z,2023-09-19T05:04:35Z,2021-12-26T18:58:56Z,\N,1,assert
acme:person:e001583~939155e067c4,person,acme,E001583,Clara Kaminski,Technician,CC-0002,false,2021-12-25T11:20:13Z,\N,2021-12-26T21:29:45Z,\N,1,assert
acme:person:e003182~a4358d44f03f,person,acme,E003182,Lucia Mbatha,Technician,DEPT-01,false,2021-11-25T15:20:19Z,\N,2021-12-26T14:37:01Z,\N,1,assert
acme:person:e003366~0cb0115e6396,person,acme,E003366,Renata Rasmussen,Manager,DEPT-13,false,2021-12-23T02:28:45Z,\N,2021-12-27T05:43:33Z,\N,1,assert
acme:person:e003195~3fa523a8457e,person,acme,E003195,Liam Yilmaz,Analyst,CC-0003,false,2021-11-15T10:23:26Z,\N,2021-12-28T00:33:46Z,\N,1,assert
acme:person:e000934~fb697e1046ed,person,acme,E000934,Lars Chowdhury,Auditor,DEPT-22,false,2021-11-04T14:27:08Z,\N,2021-12-29T18:50:47Z,\N,1,assert
acme:person:e000940~fd989319bb56,person,acme,E000940,Wen Rasmussen,Analyst,CC-0001,false,2021-12-09T12:50:27Z,\N,2021-12-30T03:19:14Z,\N,1,assert
acme:person:e001516~f26f68b4984c,person,acme,E001516,Ingrid Lindqvist,Auditor,DEPT-17,false,2021-11-15T13:18:19Z,\N,2021-12-30T04:47:41Z,\N,1,assert
acme:person:e003540~c496bd41a3d7,person,acme,E003540,Amara Eberhardt,Manager,DIV-CORP,false,2021-12-07T13:56:57Z,\N,2021-12-31T00:26:41Z,\N,1,assert
acme:person:e001109~71f6546f6b8f,person,acme,E001109,Ingrid Schneider,Buyer,DEPT-14,true,2021-12-24T17:10:17Z,2022-08-20T07:42:59Z,2022-01-02T07:38:23Z,\N,1,assert
acme:person:e002243~58ac1ef94cfd,person,acme,E002243,Anika Rasmussen,Engineer,CC-0011,false,2021-12-08T03:11:32Z,\N,2022-01-02T12:24:44Z,\N,1,assert
acme:person:e002348~7cf5e5f9077f,person,acme,E002348,Kwame Wagner,Buyer,DIV-CORP,false,2021-12-05T03:19:13Z,\N,2022-01-02T18:39:29Z,\N,1,assert
acme:person:e001436~1c43b33ccba3,person,acme,E001436,Ursula Gundersen,Technician,CC-0010,false,2021-11-30T11:24:05Z,\N,2022-01-03T17:43:49Z,\N,1,assert
acme:person:e001290~f04109000d01,person,acme,E001290,Ursula Okonkwo,Architect,DEPT-10,false,2021-12-14T02:41:11Z,\N,2022-01-04T05:22:04Z,\N,1,assert
acme:person:e003139~6be31b8346d1,person,acme,E003139,Xenia Oyelaran,Auditor,DEPT-24,false,2021-12-27T13:57:30Z,\N,2022-01-04T09:54:40Z,\N,1,assert
acme:person:e003250~5b758e70ec03,person,acme,E003250,Tomas Fontaine,Analyst,CC-0004,false,2021-12-31T11:51:28Z,\N,2022-01-07T13:51:44Z,\N,1,assert
acme:person:e003259~d40b929fde45,person,acme,E003259,Renata Santos,Auditor,DEPT-20,false,2021-11-18T01:22:50Z,\N,2022-01-07T03:14:34Z,\N,1,assert
acme:person:e000789~348e6497c91f,person,acme,E000789,Dmitri Rasmussen,Auditor,DEPT-17,false,2021-11-17T10:35:13Z,\N,2022-01-09T18:23:09Z,\N,1,assert
acme:person:e000924~7f488e0f1e64,person,acme,E000924,Bruno Schneider,Manager,DEPT-02,false,2022-01-05T10:42:03Z,\N,2022-01-09T01:47:55Z,\N,1,assert
acme:person:e001213~6f10262e7fcb,person,acme,E001213,Amara Jablonski,Manager,DEPT-01,false,2021-12-23T13:22:45Z,\N,2022-01-10T08:42:03Z,\N,1,assert
acme:person:e002202~85ff73e28e9e,person,acme,E002202,Tomas Okonkwo,Analyst,DEPT-24,false,2021-11-14T14:45:25Z,\N,2022-01-10T07:22:40Z,\N,1,assert
acme:person:e002592~91a3909b5eeb,person,acme,E002592,Quinn Ueda,Architect,DEPT-01,false,2021-11-18T16:26:06Z,\N,2022-01-11T22:29:05Z,\N,1,assert
acme:person:e002849~77e248a65734,person,acme,E002849,Lucia Silvestri,Architect,CC-0003,false,2021-12-31T16:14:23Z,\N,2022-01-12T20:56:42Z,\N,1,assert
acme:person:e003885~7049c8d68ee8,person,acme,E003885,Gita Vaughan,Engineer,CC-0013,false,2021-12-17T17:12:03Z,\N,2022-01-12T23:21:37Z,\N,1,assert
acme:person:e003731~73f2315d6d83,person,acme,E003731,Oliver Santos,Architect,DEPT-18,false,2021-11-25T17:32:50Z,\N,2022-01-14T13:56:37Z,\N,1,assert
acme:person:e003089~22e448553cee,person,acme,E003089,Noor Tanaka,Technician,DEPT-16,false,2021-12-02T18:09:59Z,\N,2022-01-16T17:34:58Z,\N,1,assert
acme:person:e001613~87543bc2348e,person,acme,E001613,Farid Chowdhury,Engineer,DEPT-02,true,2022-01-04T08:58:36Z,2024-01-17T17:38:46Z,2022-01-17T00:55:40Z,\N,1,assert
acme:person:e001057~a64c766c7d22,person,acme,E001057,Leila Pereira,Technician,CC-0012,false,2021-12-17T15:45:05Z,\N,2022-01-17T05:08:39Z,\N,1,assert
acme:person:e001699~c00d3ac68acc,person,acme,E001699,Zoltan Rasmussen,Buyer,DEPT-07,false,2022-01-07T13:56:17Z,\N,2022-01-17T07:15:42Z,\N,1,assert
acme:person:e000361~b67ffc6b28b1,person,acme,E000361,Alan Yilmaz,Manager,DEPT-15,false,2021-12-31T07:31:04Z,\N,2022-01-18T05:41:47Z,\N,1,assert
acme:person:e001497~e6ed267f61e8,person,acme,E001497,Samir Ivanova,Manager,DEPT-13,false,2021-12-14T00:43:54Z,\N,2022-01-18T17:09:16Z,\N,1,assert
acme:person:e002773~bf06cf0dcceb,person,acme,E002773,Ursula Nakamura,Engineer,DIV-CORP,false,2022-01-12T08:20:50Z,\N,2022-01-20T01:39:47Z,\N,1,assert
acme:person:e000328~a1dad2b19338,person,acme,E000328,Zara Jablonski,Buyer,DEPT-09,false,2021-11-26T10:20:36Z,\N,2022-01-20T03:27:00Z,\N,1,assert
acme:person:e002680~2c499e3155ef,person,acme,E002680,Ingrid Quintero,Architect,DEPT-12,false,2021-11-30T10:15:04Z,\N,2022-01-20T00:19:48Z,\N,1,assert
acme:person:e000312~b76fb4f9e667,person,acme,E000312,Leila Pereira,Technician,DEPT-01,false,2021-12-22T14:24:44Z,\N,2022-01-23T05:47:45Z,\N,1,assert
acme:person:e000955~fa4102a6d75e,person,acme,E000955,Amara Eberhardt,Buyer,DEPT-15,false,2022-01-09T19:58:37Z,\N,2022-01-23T20:41:39Z,\N,1,assert
acme:person:e002090~a8e77ea42735,person,acme,E002090,Yusuf Zhang,Engineer,DEPT-15,false,2022-01-07T22:37:55Z,\N,2022-01-24T04:40:23Z,\N,1,assert
acme:person:e002422~c3c7caacd3fc,person,acme,E002422,Priya Rasmussen,Auditor,CC-0010,false,2021-12-20T13:04:42Z,\N,2022-01-24T06:21:08Z,\N,1,assert
acme:person:e001073~59961697b465,person,acme,E001073,Liam Oyelaran,Analyst,DEPT-01,false,2021-12-11T13:31:49Z,\N,2022-01-26T15:13:02Z,\N,1,assert
acme:person:e003109~54e7792d1600,person,acme,E003109,Tomas Tanaka,Auditor,CC-0014,false,2021-12-07T14:02:08Z,\N,2022-01-26T21:11:33Z,\N,1,assert
acme:person:e000469~19fec9b35225,person,acme,E000469,Keiko Pereira,Auditor,DEPT-12,false,2022-01-21T03:15:32Z,\N,2022-01-27T05:18:37Z,\N,1,assert
acme:person:e003090~4951b175cd19,person,acme,E003090,Marcus Jablonski,Auditor,DEPT-24,false,2021-12-26T11:35:47Z,\N,2022-01-27T22:37:35Z,\N,1,assert
acme:person:e003932~73802f29a160,person,acme,E003932,Keiko Rasmussen,Manager,DEPT-12,false,2022-01-26T18:34:06Z,\N,2022-01-27T03:20:16Z,\N,1,assert
acme:person:e001830~274e1dacdbda,person,acme,E001830,Hugo Marchetti,Engineer,CC-0002,false,2021-12-14T05:18:38Z,\N,2022-01-28T22:17:05Z,\N,1,assert
acme:person:e001927~23acd7e93691,person,acme,E001927,Elena Gallagher,Technician,DEPT-13,false,2022-01-11T21:25:51Z,\N,2022-01-30T14:49:47Z,\N,1,assert
acme:person:e003100~79c599a4e7db,person,acme,E003100,Amara Eberhardt,Technician,CC-0007,false,2021-12-05T14:05:01Z,\N,2022-01-31T09:49:46Z,\N,1,assert
acme:person:e000793~0329600e185f,person,acme,E000793,Zara Bergstrom,Analyst,CC-0011,false,2021-12-31T16:25:56Z,\N,2022-02-01T22:30:27Z,\N,1,assert
acme:person:e000606~e92805d89e35,person,acme,E000606,Anika Gundersen,Technician,DEPT-04,false,2022-01-13T14:46:27Z,\N,2022-02-02T12:04:15Z,\N,1,assert
acme:person:e001624~b0ce5b165311,person,acme,E001624,Yara Vaughan,Architect,CC-0001,false,2021-12-23T23:25:47Z,\N,2022-02-04T21:21:19Z,\N,1,assert
acme:person:e002670~5c857bb67bf9,person,acme,E002670,Tomas Delacroix,Buyer,CC-0002,false,2021-12-14T14:49:57Z,\N,2022-02-04T01:33:52Z,\N,1,assert
acme:person:e000395~696f1a01a0d4,person,acme,E000395,Samir Zhang,Engineer,CC-0003,false,2022-01-23T10:21:35Z,\N,2022-02-05T18:05:54Z,\N,1,assert
acme:person:e001367~288332d0b0ad,person,acme,E001367,Lars Pereira,Architect,DEPT-12,false,2021-12-27T17:01:02Z,\N,2022-02-05T08:14:12Z,\N,1,assert
acme:person:e001659~ddfd91eb0c46,person,acme,E001659,Yara Novak,Buyer,CC-0009,false,2022-01-30T18:24:19Z,\N,2022-02-05T12:56:05Z,\N,1,assert
acme:person:e003596~5d3c3335146c,person,acme,E003596,Zoltan Novak,Engineer,CC-0011,false,2021-12-25T03:05:12Z,\N,2022-02-07T07:59:31Z,\N,1,assert
acme:person:e000893~4c8a3cb497a7,person,acme,E000893,Renata Haddad,Analyst,DEPT-12,false,2022-01-17T05:19:11Z,\N,2022-02-07T18:56:31Z,\N,1,assert
acme:person:e002313~dae03365e212,person,acme,E002313,Vikram Mbatha,Architect,DIV-CORP,false,2021-12-26T19:10:53Z,\N,2022-02-07T01:04:02Z,\N,1,assert
acme:person:e003911~33bf4950259f,person,acme,E003911,Clara Eberhardt,Auditor,DEPT-17,false,2021-12-10T23:47:18Z,\N,2022-02-08T23:36:23Z,\N,1,assert
acme:person:e000790~6d65ab211b1a,person,acme,E000790,Lars Baptiste,Technician,DEPT-20,false,2022-01-30T19:33:59Z,\N,2022-02-09T02:40:13Z,\N,1,assert
acme:person:e001336~1ca41cff7ed4,person,acme,E001336,Clara Thorsen,Architect,DEPT-01,false,2022-01-29T10:45:12Z,\N,2022-02-09T21:43:53Z,\N,1,assert
acme:person:e003104~e3430242b713,person,acme,E003104,Alan Jablonski,Architect,DEPT-09,false,2022-02-07T13:18:06Z,\N,2022-02-09T17:25:04Z,\N,1,assert
acme:person:e003271~233668a7244b,person,acme,E003271,Tomas Castellanos,Manager,DEPT-12,false,2021-12-21T13:11:04Z,\N,2022-02-09T14:58:09Z,\N,1,assert
acme:person:e002565~cd0b45598d60,person,acme,E002565,Amara Santos,Engineer,CC-0003,false,2022-02-08T20:02:57Z,\N,2022-02-10T01:47:26Z,\N,1,assert
acme:person:e001317~d8454d2acddd,person,acme,E001317,Xenia Baptiste,Auditor,DEPT-13,false,2021-12-30T14:12:24Z,\N,2022-02-11T01:46:39Z,\N,1,assert
acme:person:e001462~ac1832935d6b,person,acme,E001462,Clara Schneider,Technician,CC-0010,false,2021-12-23T13:34:45Z,\N,2022-02-12T00:22:54Z,\N,1,assert
acme:person:e002220~1245b0d3448c,person,acme,E002220,Yara Castellanos,Architect,DEPT-10,false,2021-12-29T17:10:14Z,\N,2022-02-12T06:08:53Z,\N,1,assert
acme:person:e001711~2a9ebdf7ef69,person,acme,E001711,Paola Ivanova,Technician,CC-0001,false,2022-01-18T07:19:32Z,\N,2022-02-13T09:39:14Z,\N,1,assert
acme:person:e002332~aa7349677223,person,acme,E002332,Clara Abbott,Auditor,CC-0008,false,2021-12-20T16:18:53Z,\N,2022-02-13T15:14:57Z,\N,1,assert
acme:person:e000745~bc4da93e74e4,person,acme,E000745,Leila Castellanos,Engineer,DEPT-17,false,2022-01-01T00:03:06Z,\N,2022-02-15T00:27:45Z,\N,1,assert
acme:person:e001016~6891c973190e,person,acme,E001016,Liam Castellanos,Architect,DEPT-18,false,2022-02-01T23:40:18Z,\N,2022-02-15T07:46:26Z,\N,1,assert
acme:person:e003314~7022f9245c2f,person,acme,E003314,Noor Delacroix,Technician,CC-0003,false,2022-02-02T18:39:28Z,\N,2022-02-15T03:43:57Z,\N,1,assert
acme:person:e003185~131319fe321e,person,acme,E003185,Zara Jablonski,Architect,DEPT-21,false,2022-01-11T10:02:56Z,\N,2022-02-16T05:35:50Z,\N,1,assert
acme:person:e003411~da6d5319565d,person,acme,E003411,Ada Rasmussen,Auditor,DEPT-03,false,2022-01-25T10:23:48Z,\N,2022-02-17T01:24:12Z,\N,1,assert
acme:person:e000791~1430ae0efd83,person,acme,E000791,Farid Okonkwo,Auditor,DEPT-24,false,2021-12-19T19:19:53Z,\N,2022-02-17T02:47:20Z,\N,1,assert
acme:person:e001020~2b0e89c57f17,person,acme,E001020,Yara Novak,Auditor,DEPT-15,false,2022-01-28T04:43:47Z,\N,2022-02-19T18:18:16Z,\N,1,assert
acme:person:e001171~dec455b49e0c,person,acme,E001171,Bruno Baptiste,Analyst,CC-0003,false,2022-01-27T12:41:24Z,\N,2022-02-19T12:45:04Z,\N,1,assert
acme:person:e000307~8f6d3551d982,person,acme,E000307,Ursula Yilmaz,Buyer,CC-0011,false,2022-02-10T01:17:50Z,\N,2022-02-20T02:54:15Z,\N,1,assert
acme:person:e002928~cbbfd36b60be,person,acme,E002928,Zoltan Zhang,Architect,DEPT-22,false,2022-01-04T22:22:13Z,\N,2022-02-20T01:32:11Z,\N,1,assert
acme:person:e003737~20599345f333,person,acme,E003737,Paola Novak,Analyst,DEPT-19,false,2022-01-07T14:20:57Z,\N,2022-02-20T10:22:41Z,\N,1,assert
acme:person:e001041~50ecc3bfc3ba,person,acme,E001041,Kwame Zhang,Technician,DEPT-13,false,2022-01-01T04:01:00Z,\N,2022-02-21T14:15:45Z,\N,1,assert
acme:person:e001713~d92799cc0969,person,acme,E001713,Jonas Gallagher,Technician,CC-0011,false,2022-01-20T11:04:50Z,\N,2022-02-21T02:54:33Z,\N,1,assert
acme:person:e002016~e58aca5103b6,person,acme,E002016,Clara Haddad,Engineer,CC-0011,false,2022-02-05T09:04:37Z,\N,2022-02-22T09:08:49Z,\N,1,assert
acme:person:e001617~5d396663b663,person,acme,E001617,Fatima Vaughan,Architect,DEPT-10,false,2022-01-21T00:00:51Z,\N,2022-02-23T21:37:18Z,\N,1,assert
acme:person:e001161~830d41332ed2,person,acme,E001161,Lars Nakamura,Architect,DEPT-07,false,2022-02-02T11:50:48Z,\N,2022-02-24T18:07:53Z,\N,1,assert
acme:person:e000062~704d57c13e8b,person,acme,E000062,Bruno Marchetti,Architect,CC-0009,false,2022-01-10T21:14:44Z,\N,2022-02-25T20:46:23Z,\N,1,assert
acme:person:e000729~4bee767fed4a,person,acme,E000729,Anders Marchetti,Buyer,CC-0003,false,2022-02-15T05:41:47Z,\N,2022-02-26T09:11:40Z,\N,1,assert
acme:person:e001554~3b03a689adbc,person,acme,E001554,Samir Bergstrom,Buyer,DEPT-16,false,2022-01-17T16:04:15Z,\N,2022-02-26T21:29:09Z,\N,1,assert
acme:person:e002651~767ed260dfca,person,acme,E002651,Bruno Eberhardt,Analyst,DEPT-12,false,2022-01-19T23:18:10Z,\N,2022-02-26T02:04:19Z,\N,1,assert
acme:person:e002774~eb075d1efb56,person,acme,E002774,Kwame Weiss,Manager,DEPT-22,false,2022-01-21T15:50:48Z,\N,2022-02-27T00:16:17Z,\N,1,assert
acme:person:e001226~765c2c576e84,person,acme,E001226,Quinn Bergstrom,Analyst,DEPT-04,true,2022-02-24T19:38:47Z,2023-02-15T19:26:13Z,2022-02-28T06:44:27Z,\N,1,assert
acme:person:e001403~6c00920bfef1,person,acme,E001403,Dmitri Santos,Auditor,DEPT-13,false,2022-01-29T15:12:09Z,\N,2022-03-01T15:33:47Z,\N,1,assert
acme:person:e001472~1faea11338e3,person,acme,E001472,Ursula Yilmaz,Buyer,CC-0009,false,2022-02-14T04:24:48Z,\N,2022-03-02T23:30:28Z,\N,1,assert
acme:person:e002148~86f9d1bb43c5,person,acme,E002148,Hugo Baptiste,Manager,DEPT-19,false,2022-01-17T04:10:51Z,\N,2022-03-02T13:42:36Z,\N,1,assert
acme:person:e002537~db8d22e8f15e,person,acme,E002537,Ingrid Wagner,Engineer,CC-0003,false,2022-02-16T11:59:58Z,\N,2022-03-02T01:36:45Z,\N,1,assert
acme:person:e003229~1275cac35db3,person,acme,E003229,Ada Nakamura,Auditor,DEPT-08,false,2022-01-10T17:53:59Z,\N,2022-03-02T04:19:31Z,\N,1,assert
acme:person:e003853~85a7ea3de8fb,person,acme,E003853,Yara Haddad,Technician,DEPT-11,false,2022-02-14T15:33:29Z,\N,2022-03-03T11:22:20Z,\N,1,assert
acme:person:e002683~280fd0059b69,person,acme,E002683,Lucia Wagner,Technician,DEPT-17,true,2022-01-15T19:46:53Z,2024-07-16T12:56:47Z,2022-03-03T17:14:09Z,\N,1,assert
acme:person:e002710~d4cfda624452,person,acme,E002710,Elena Schneider,Buyer,CC-0003,false,2022-01-16T18:40:59Z,\N,2022-03-04T14:35:37Z,\N,1,assert
acme:person:e000120~1990de6db03f,person,acme,E000120,Anika Wagner,Analyst,DEPT-01,false,2022-03-01T10:38:42Z,\N,2022-03-05T14:29:50Z,\N,1,assert
acme:person:e001663~e77ec6627b6b,person,acme,E001663,Gita Fontaine,Buyer,DEPT-05,false,2022-02-11T08:19:38Z,\N,2022-03-05T23:30:34Z,\N,1,assert
acme:person:e001270~29889e33f74a,person,acme,E001270,Lucia Jablonski,Buyer,DEPT-08,false,2022-01-23T12:32:39Z,\N,2022-03-06T13:27:53Z,\N,1,assert
acme:person:e000484~6065dda80452,person,acme,E000484,Jonas Novak,Auditor,CC-0004,false,2022-01-24T23:15:26Z,\N,2022-03-07T18:45:36Z,\N,1,assert
acme:person:e002154~d6c6d394c65b,person,acme,E002154,Quinn Jablonski,Buyer,CC-0008,false,2022-02-04T22:04:15Z,\N,2022-03-07T07:44:39Z,\N,1,assert
acme:person:e001551~834ba86ef90a,person,acme,E001551,Carla Okonkwo,Architect,DEPT-11,false,2022-03-02T17:04:10Z,\N,2022-03-08T08:10:55Z,\N,1,assert
acme:person:e003723~4831ae38960c,person,acme,E003723,Kwame Fontaine,Technician,DEPT-19,false,2022-02-01T00:28:30Z,\N,2022-03-08T08:13:34Z,\N,1,assert
acme:person:e000046~713d49dae747,person,acme,E000046,Liam Thorsen,Technician,CC-0013,false,2022-03-02T09:37:50Z,\N,2022-03-10T15:03:02Z,\N,1,assert
acme:person:e000665~8f0debc55c3b,person,acme,E000665,Renata Tanaka,Engineer,DEPT-17,false,2022-02-10T03:07:59Z,\N,2022-03-10T16:25:51Z,\N,1,assert
acme:person:e002803~81adce747d7e,person,acme,E002803,Tomas Jablonski,Auditor,DEPT-13,false,2022-03-05T22:27:39Z,\N,2022-03-10T01:14:51Z,\N,1,assert
acme:person:e002633~212bb9a4685c,person,acme,E002633,Lars Haddad,Manager,DEPT-20,false,2022-02-14T11:22:50Z,\N,2022-03-11T19:15:14Z,\N,1,assert
acme:person:e001517~81ced83bc127,person,acme,E001517,Priya Fontaine,Manager,DEPT-04,false,2022-03-09T15:45:21Z,\N,2022-03-13T01:34:35Z,\N,1,assert
acme:person:e001907~c46962375875,person,acme,E001907,Clara Delacroix,Architect,DEPT-12,false,2022-02-22T09:39:08Z,\N,2022-03-16T01:31:30Z,\N,1,assert
acme:person:e002430~85e3b415b986,person,acme,E002430,Chidi Silvestri,Engineer,DEPT-15,false,2022-02-25T16:16:39Z,\N,2022-03-16T12:05:28Z,\N,1,assert
acme:person:e002836~b631bfafb173,person,acme,E002836,Fatima Okonkwo,Buyer,DIV-CORP,false,2022-03-07T10:12:28Z,\N,2022-03-16T16:12:05Z,\N,1,assert
acme:person:e001275~3e9ec4faa0d9,person,acme,E001275,Oliver Chowdhury,Architect,DEPT-14,false,2022-03-05T22:40:11Z,\N,2022-03-17T11:52:49Z,\N,1,assert
acme:person:e002021~3176eaf51f27,person,acme,E002021,Bruno Santos,Engineer,CC-0001,false,2022-03-05T10:54:03Z,\N,2022-03-18T00:59:44Z,\N,1,assert
acme:person:e003294~17f2d4f35b5c,person,acme,E003294,Felix Kaminski,Analyst,DEPT-06,false,2022-02-17T17:01:02Z,\N,2022-03-18T01:43:55Z,\N,1,assert
acme:person:e000260~bda87f492379,person,acme,E000260,Sofia Schneider,Analyst,DEPT-21,true,2022-02-11T16:52:02Z,2022-11-28T07:02:33Z,2022-03-19T15:58:06Z,\N,1,assert
acme:person:e003499~c7afb9970146,person,acme,E003499,Ursula Lindqvist,Analyst,CC-0012,false,2022-02-11T22:17:05Z,\N,2022-03-19T17:24:56Z,\N,1,assert
acme:person:e003500~4f8ab0a9f397,person,acme,E003500,Alan Quintero,Technician,DIV-CORP,true,2022-03-09T06:02:07Z,2024-06-16T06:46:15Z,2022-03-20T07:47:11Z,\N,1,assert
acme:person:e003778~8132f15d282d,person,acme,E003778,Alan Gundersen,Analyst,DEPT-22,false,2022-03-17T21:08:47Z,\N,2022-03-20T18:02:27Z,\N,1,assert
acme:person:e002620~afe46cd129ac,person,acme,E002620,Ursula Chowdhury,Buyer,DEPT-01,false,2022-03-14T19:31:33Z,\N,2022-03-21T01:06:32Z,\N,1,assert
acme:person:e001805~1c51090de691,person,acme,E001805,Amara Marchetti,Auditor,CC-0010,false,2022-02-18T17:41:04Z,\N,2022-03-22T20:59:43Z,\N,1,assert
acme:person:e002769~74f131eb16c1,person,acme,E002769,Paola Chowdhury,Technician,CC-0013,false,2022-02-06T10:04:14Z,\N,2022-03-22T06:36:35Z,\N,1,assert
acme:person:e002442~e1c545a0d470,person,acme,E002442,Ibrahim Santos,Analyst,DEPT-10,false,2022-02-10T08:14:16Z,\N,2022-03-23T07:57:02Z,\N,1,assert
acme:person:e003108~e10874b6b28f,person,acme,E003108,Noor Gallagher,Manager,CC-0002,false,2022-02-05T11:41:16Z,\N,2022-03-23T22:34:36Z,\N,1,assert
acme:person:e000724~767eba76150a,person,acme,E000724,Priya Wagner,Engineer,DEPT-02,false,2022-01-29T23:15:41Z,\N,2022-03-24T15:51:32Z,\N,1,assert
acme:person:e001646~4ac490a1682f,person,acme,E001646,Zara Schneider,Analyst,DEPT-21,false,2022-02-28T05:00:34Z,\N,2022-03-26T05:02:34Z,\N,1,assert
acme:person:e002580~0ec90278a37f,person,acme,E002580,Oliver Silvestri,Auditor,DEPT-04,false,2022-03-03T23:14:06Z,\N,2022-03-27T21:23:40Z,\N,1,assert
acme:person:e000412~14b07bd28dbb,person,acme,E000412,Ibrahim Baptiste,Manager,DEPT-12,false,2022-02-19T08:26:41Z,\N,2022-03-28T03:48:08Z,\N,1,assert
acme:person:e003124~389129c27e27,person,acme,E003124,Keiko Abbott,Analyst,DEPT-17,true,2022-03-21T06:59:54Z,2023-06-18T20:43:10Z,2022-03-28T08:49:23Z,\N,1,assert
acme:person:e003654~1589d980ea2b,person,acme,E003654,Zara Jablonski,Engineer,DEPT-04,false,2022-01-31T22:00:01Z,\N,2022-03-29T05:21:41Z,\N,1,assert
acme:person:e001536~2930daa8197a,person,acme,E001536,Lars Abbott,Auditor,DEPT-09,false,2022-02-09T12:45:34Z,\N,2022-03-30T04:38:53Z,\N,1,assert
acme:person:e001652~f337487ef355,person,acme,E001652,Priya Kaminski,Architect,CC-0002,false,2022-03-02T09:05:09Z,\N,2022-03-30T15:50:13Z,\N,1,assert
acme:person:e003097~97164a27bf2a,person,acme,E003097,Clara Rasmussen,Engineer,DIV-CORP,false,2022-02-14T19:36:09Z,\N,2022-03-31T15:37:13Z,\N,1,assert
acme:person:e000365~3750fc02d313,person,acme,E000365,Yusuf Ivanova,Technician,DEPT-21,false,2022-02-02T14:46:16Z,\N,2022-04-01T22:29:59Z,\N,1,assert
acme:person:e000638~270cae6b98e5,person,acme,E000638,Keiko Silvestri,Technician,DEPT-17,false,2022-03-03T11:30:04Z,\N,2022-04-01T11:36:41Z,\N,1,assert
acme:person:e000795~793762f37c9a,person,acme,E000795,Renata Oyelaran,Manager,DEPT-24,false,2022-03-27T13:46:27Z,\N,2022-04-02T15:53:09Z,\N,1,assert
acme:person:e002689~2504772e7d20,person,acme,E002689,Elena Lindqvist,Engineer,DEPT-08,false,2022-02-15T19:25:54Z,\N,2022-04-02T16:29:38Z,\N,1,assert
acme:person:e000332~dbd51c0b5d54,person,acme,E000332,Tomas Chowdhury,Buyer,DEPT-09,false,2022-03-29T19:48:39Z,\N,2022-04-03T02:48:35Z,\N,1,assert
acme:person:e001389~76c44579157d,person,acme,E001389,Zoltan Jablonski,Engineer,DEPT-16,false,2022-03-13T23:32:29Z,\N,2022-04-03T21:33:07Z,\N,1,assert
acme:person:e003888~23bfcd0fe10d,person,acme,E003888,Xenia Santos,Auditor,DEPT-17,false,2022-02-16T08:20:02Z,\N,2022-04-03T09:39:27Z,\N,1,assert
acme:person:e002822~a7e11f2b0a72,person,acme,E002822,Chidi Rasmussen,Auditor,CC-0009,false,2022-03-31T14:13:45Z,\N,2022-04-04T13:39:49Z,\N,1,assert
acme:person:e002619~439c6193ecec,person,acme,E002619,Priya Rasmussen,Buyer,DEPT-21,true,2022-04-04T14:26:24Z,2024-07-31T23:50:49Z,2022-04-04T14:26:24Z,\N,1,assert
acme:person:e001072~4304728667bf,person,acme,E001072,Tomas Wagner,Architect,DEPT-03,false,2022-03-12T01:55:10Z,\N,2022-04-05T06:27:25Z,\N,1,assert
acme:person:e001307~eda3846c5e46,person,acme,E001307,Yara Bergstrom,Architect,CC-0002,false,2022-02-05T09:33:39Z,\N,2022-04-05T01:51:44Z,\N,1,assert
acme:person:e002043~7a81d98b627f,person,acme,E002043,Zara Kovac,Analyst,CC-0002,false,2022-02-14T01:57:24Z,\N,2022-04-05T22:45:17Z,\N,1,assert
acme:person:e002321~cbc4f9c57dd0,person,acme,E002321,Gita Kaminski,Architect,CC-0004,false,2022-02-15T21:35:39Z,\N,2022-04-05T01:12:15Z,\N,1,assert
acme:person:e003528~d6de3a3631f3,person,acme,E003528,Amara Abbott,Engineer,DEPT-09,false,2022-02-23T16:44:23Z,\N,2022-04-05T15:24:15Z,\N,1,assert
acme:person:e001084~299335e53bee,person,acme,E001084,Hugo Rasmussen,Architect,CC-0013,false,2022-02-18T16:35:34Z,\N,2022-04-06T15:39:31Z,\N,1,assert
acme:person:e001363~568554657c8b,person,acme,E001363,Hugo Pereira,Auditor,DEPT-17,false,2022-03-16T13:21:10Z,\N,2022-04-06T23:41:52Z,\N,1,assert
acme:person:e001991~95cc89e304b7,person,acme,E001991,Farid Okonkwo,Technician,CC-0007,false,2022-03-01T02:09:17Z,\N,2022-04-07T04:00:13Z,\N,1,assert
acme:person:e002617~d1bffbf0d95a,person,acme,E002617,Priya Ivanova,Auditor,CC-0002,false,2022-03-04T11:33:17Z,\N,2022-04-07T17:58:58Z,\N,1,assert
acme:person:e003019~c0517dfc0a5d,person,acme,E003019,Yara Tanaka,Engineer,CC-0009,false,2022-03-25T10:01:19Z,\N,2022-04-08T04:37:02Z,\N,1,assert
acme:person:e002380~96af00019946,person,acme,E002380,Renata Santos,Buyer,CC-0013,false,2022-03-12T18:52:16Z,\N,2022-04-09T18:37:10Z,\N,1,assert
acme:person:e001195~da792c626dc8,person,acme,E001195,Clara Gundersen,Auditor,DEPT-22,false,2022-03-14T11:13:40Z,\N,2022-04-10T12:44:11Z,\N,1,assert
acme:person:e002693~fc7a7fdb4eef,person,acme,E002693,Kwame Yilmaz,Architect,DIV-CORP,false,2022-02-13T03:13:12Z,\N,2022-04-11T07:39:02Z,\N,1,assert
acme:person:e000027~e914dc6d1aa3,person,acme,E000027,Noor Mbatha,Engineer,DEPT-09,false,2022-03-23T18:16:39Z,\N,2022-04-14T03:10:41Z,\N,1,assert
acme:person:e001795~10e877fbe601,person,acme,E001795,Noor Rasmussen,Technician,DEPT-02,false,2022-04-04T18:30:30Z,\N,2022-04-15T15:11:18Z,\N,1,assert
acme:person:e003174~e71d686dd4cd,person,acme,E003174,Ursula Kovac,Analyst,DEPT-08,false,2022-04-04T20:33:07Z,\N,2022-04-15T19:03:34Z,\N,1,assert
acme:person:e003422~c9a3ffd5c93f,person,acme,E003422,Ursula Lindqvist,Technician,CC-0005,false,2022-03-22T07:32:25Z,\N,2022-04-15T20:12:28Z,\N,1,assert
acme:person:e001144~22c182c9e098,person,acme,E001144,Priya Lindqvist,Manager,CC-0006,false,2022-03-15T10:58:23Z,\N,2022-04-17T07:18:50Z,\N,1,assert
acme:person:e002197~e8558eb45eb2,person,acme,E002197,Renata Kovac,Architect,DEPT-12,false,2022-02-28T22:38:52Z,\N,2022-04-18T14:10:05Z,\N,1,assert
acme:person:e001110~73f817a594cf,person,acme,E001110,Zara Gundersen,Engineer,DEPT-03,false,2022-02-19T22:03:37Z,\N,2022-04-19T23:10:09Z,\N,1,assert
acme:person:e001301~53740ae14769,person,acme,E001301,Dmitri Jablonski,Buyer,DEPT-02,false,2022-03-29T22:56:15Z,\N,2022-04-19T00:58:53Z,\N,1,assert
acme:person:e003165~e0e017bed3b2,person,acme,E003165,Amara Abbott,Buyer,DEPT-08,false,2022-02-21T11:32:47Z,\N,2022-04-19T16:04:25Z,\N,1,assert
acme:person:e001083~235e946ff13e,person,acme,E001083,Jonas Rasmussen,Buyer,DEPT-16,false,2022-04-21T03:00:42Z,\N,2022-04-22T20:23:10Z,\N,1,assert
acme:person:e001359~437ee8506edd,person,acme,E001359,Lars Gallagher,Technician,DEPT-08,true,2022-03-08T03:10:26Z,2023-07-10T06:40:26Z,2022-04-24T12:37:30Z,\N,1,assert
acme:person:e000457~6c6ed8d46f68,person,acme,E000457,Alan Tanaka,Architect,CC-0004,false,2022-03-08T17:15:35Z,\N,2022-04-24T20:39:26Z,\N,1,assert
acme:person:e001157~331aff126062,person,acme,E001157,Ibrahim Silvestri,Technician,DEPT-09,false,2022-03-08T23:26:04Z,\N,2022-04-24T14:16:47Z,\N,1,assert
acme:person:e003444~c2b0948a7a4e,person,acme,E003444,Felix Bergstrom,Buyer,CC-0009,false,2022-04-05T06:18:38Z,\N,2022-04-24T22:03:00Z,\N,1,assert
acme:person:e003470~6e667d87151e,person,acme,E003470,Tomas Santos,Engineer,CC-0010,false,2022-03-19T22:42:36Z,\N,2022-04-24T22:38:19Z,\N,1,assert
acme:person:e001944~17fb58de68c8,person,acme,E001944,Farid Delacroix,Buyer,CC-0014,false,2022-03-17T10:34:36Z,\N,2022-04-25T10:23:33Z,\N,1,assert
acme:person:e003083~d330d55b1120,person,acme,E003083,Chidi Baptiste,Engineer,DEPT-01,false,2022-04-23T13:16:53Z,\N,2022-04-25T15:56:57Z,\N,1,assert
acme:person:e000024~c68dbf376e97,person,acme,E000024,Quinn Mbatha,Auditor,DEPT-14,true,2022-04-19T15:34:28Z,2022-06-12T08:18:15Z,2022-04-26T20:35:02Z,\N,1,assert
acme:person:e002289~33a9b574ff6b,person,acme,E002289,Felix Yilmaz,Buyer,DEPT-13,false,2022-04-08T00:44:47Z,\N,2022-04-27T07:03:57Z,\N,1,assert
acme:person:e000649~f22ed6b703f7,person,acme,E000649,Liam Santos,Manager,CC-0012,false,2022-04-27T05:28:00Z,\N,2022-04-28T01:34:27Z,\N,1,assert
acme:person:e002924~35f2a55fd9e2,person,acme,E002924,Xenia Lindqvist,Auditor,DEPT-18,false,2022-03-19T19:13:23Z,\N,2022-04-28T13:00:30Z,\N,1,assert
acme:person:e003228~dab45e716462,person,acme,E003228,Liam Baptiste,Auditor,DEPT-16,false,2022-03-06T03:47:27Z,\N,2022-04-28T18:14:04Z,\N,1,assert
acme:person:e000887~f2f74216936d,person,acme,E000887,Elena Okonkwo,Engineer,CC-0010,false,2022-04-19T17:45:58Z,\N,2022-04-30T05:37:00Z,\N,1,assert
acme:person:e003084~9fb0bd058318,person,acme,E003084,Tomas Schneider,Auditor,DEPT-06,false,2022-04-15T08:04:57Z,\N,2022-04-30T05:57:59Z,\N,1,assert
acme:person:e003410~a92de8b289f9,person,acme,E003410,Ada Kaminski,Analyst,DEPT-20,false,2022-03-25T01:30:51Z,\N,2022-04-30T08:22:28Z,\N,1,assert
acme:person:e001004~0f0fbf176a85,person,acme,E001004,Liam Chowdhury,Analyst,DEPT-19,false,2022-03-26T17:13:58Z,\N,2022-05-01T16:53:53Z,\N,1,assert
acme:person:e002049~ee8833b78097,person,acme,E002049,Carla Kovac,Buyer,DEPT-20,false,2022-05-01T17:13:54Z,\N,2022-05-01T17:13:54Z,\N,1,assert
acme:person:e002586~65c43887b3a6,person,acme,E002586,Anders Haddad,Architect,DEPT-05,false,2022-03-03T20:09:32Z,\N,2022-05-01T07:00:07Z,\N,1,assert
acme:person:e000070~821f1a268536,person,acme,E000070,Farid Haddad,Buyer,CC-0006,false,2022-04-01T18:59:41Z,\N,2022-05-04T13:49:01Z,\N,1,assert
acme:person:e001145~14af7d50c441,person,acme,E001145,Rafael Schneider,Engineer,CC-0007,false,2022-03-12T17:38:53Z,\N,2022-05-04T04:38:06Z,\N,1,assert
acme:person:e001925~4f7a9d417109,person,acme,E001925,Gita Eberhardt,Manager,DEPT-17,false,2022-03-22T06:24:16Z,\N,2022-05-04T15:12:14Z,\N,1,assert
acme:person:e000100~116c490f9e74,person,acme,E000100,Dmitri Schneider,Architect,CC-0004,false,2022-04-25T01:11:04Z,\N,2022-05-05T14:08:54Z,\N,1,assert
acme:person:e002711~3339b412cdd4,person,acme,E002711,Sofia Okonkwo,Analyst,DEPT-12,false,2022-04-25T13:59:10Z,\N,2022-05-06T03:49:16Z,\N,1,assert
acme:person:e003811~f43ed7b6926f,person,acme,E003811,Noor Fontaine,Analyst,DEPT-08,false,2022-04-26T02:02:29Z,\N,2022-05-06T10:34:10Z,\N,1,assert
acme:person:e000516~a14ed0a3531f,person,acme,E000516,Anders Marchetti,Technician,DEPT-12,false,2022-03-25T20:42:05Z,\N,2022-05-07T13:30:38Z,\N,1,assert
acme:person:e002982~7b0de2840401,person,acme,E002982,Chidi Abbott,Engineer,DEPT-21,false,2022-03-26T08:15:53Z,\N,2022-05-08T05:13:14Z,\N,1,assert
acme:person:e003493~dd74438c708b,person,acme,E003493,Clara Rasmussen,Analyst,CC-0002,false,2022-04-27T04:18:14Z,\N,2022-05-08T01:27:43Z,\N,1,assert
acme:person:e001397~978a629d5b02,person,acme,E001397,Rafael Lindqvist,Technician,DEPT-18,false,2022-03-12T07:31:35Z,\N,2022-05-09T06:55:07Z,\N,1,assert
acme:person:e002758~aa051b25d1dd,person,acme,E002758,Anika Chowdhury,Auditor,CC-0013,true,2022-03-18T02:34:11Z,2022-06-14T14:32:59Z,2022-05-09T20:13:54Z,\N,1,assert
acme:person:e001399~5d659eb6c28f,person,acme,E001399,Vikram Thorsen,Buyer,DEPT-15,false,2022-03-26T22:24:35Z,\N,2022-05-10T01:54:30Z,\N,1,assert
acme:person:e001542~3876f1c568cc,person,acme,E001542,Ada Abbott,Analyst,DEPT-24,false,2022-04-15T10:23:33Z,\N,2022-05-10T01:41:05Z,\N,1,assert
acme:person:e001870~f41f2e5c19a8,person,acme,E001870,Carla Ueda,Engineer,DEPT-10,false,2022-03-23T02:37:24Z,\N,2022-05-11T14:11:27Z,\N,1,assert
acme:person:e002810~438072ba3aeb,person,acme,E002810,Zara Silvestri,Engineer,DEPT-09,false,2022-04-12T14:57:32Z,\N,2022-05-11T09:26:34Z,\N,1,assert
acme:person:e001027~4b4b8a54c128,person,acme,E001027,Oliver Rasmussen,Engineer,CC-0010,false,2022-03-28T20:02:21Z,\N,2022-05-12T21:10:34Z,\N,1,assert
acme:person:e001030~d2b89495ea3d,person,acme,E001030,Wen Quintero,Analyst,CC-0002,false,2022-04-23T18:32:59Z,\N,2022-05-12T12:40:41Z,\N,1,assert
acme:person:e003190~422ad43f4edf,person,acme,E003190,Yusuf Novak,Manager,CC-0005,false,2022-05-09T23:45:36Z,\N,2022-05-12T06:43:51Z,\N,1,assert
acme:person:e000603~06628fad8627,person,acme,E000603,Lars Yilmaz,Engineer,CC-0014,false,2022-03-21T02:29:38Z,\N,2022-05-13T00:05:48Z,\N,1,assert
acme:person:e002794~f46aac960038,person,acme,E002794,Alan Lindqvist,Architect,DIV-CORP,false,2022-05-12T05:48:18Z,\N,2022-05-13T23:29:56Z,\N,1,assert
acme:person:e001904~40da9f97275f,person,acme,E001904,Samir Baptiste,Analyst,DEPT-09,false,2022-05-07T13:27:39Z,\N,2022-05-14T00:45:49Z,\N,1,assert
acme:person:e001125~ed4707d99cf7,person,acme,E001125,Vikram Oyelaran,Engineer,CC-0012,false,2022-04-27T11:38:31Z,\N,2022-05-16T08:55:34Z,\N,1,assert
acme:person:e002540~e91ef88a9899,person,acme,E002540,Anders Gallagher,Engineer,DEPT-19,false,2022-04-27T05:02:46Z,\N,2022-05-16T07:40:40Z,\N,1,assert
acme:person:e003634~ee11fac33695,person,acme,E003634,Lucia Kovac,Auditor,CC-0010,false,2022-05-11T02:37:50Z,\N,2022-05-16T04:15:30Z,\N,1,assert
acme:person:e000470~42a2c826d668,person,acme,E000470,Bruno Jablonski,Analyst,DEPT-20,false,2022-03-26T14:34:32Z,\N,2022-05-17T04:33:53Z,\N,1,assert
acme:person:e000607~592ece3ef348,person,acme,E000607,Liam Lindqvist,Architect,DEPT-01,false,2022-04-22T08:32:08Z,\N,2022-05-17T09:57:57Z,\N,1,assert
acme:person:e003392~629a4d4ba6aa,person,acme,E003392,Ibrahim Baptiste,Auditor,DEPT-10,false,2022-03-25T13:39:36Z,\N,2022-05-17T22:30:41Z,\N,1,assert
acme:person:e000243~464a48899868,person,acme,E000243,Hugo Tanaka,Technician,DEPT-09,false,2022-04-08T22:23:37Z,\N,2022-05-18T14:36:53Z,\N,1,assert
acme:person:e002283~a777aacd4f9e,person,acme,E002283,Bruno Oyelaran,Buyer,CC-0001,false,2022-04-10T01:25:50Z,\N,2022-05-18T01:26:13Z,\N,1,assert
acme:person:e002329~168c33dbc980,person,acme,E002329,Liam Zhang,Technician,DEPT-24,true,2022-05-05T16:02:23Z,2023-11-15T17:21:45Z,2022-05-18T22:15:53Z,\N,1,assert
acme:person:e002045~7afa07ea1f55,person,acme,E002045,Rafael Wagner,Manager,DEPT-11,false,2022-03-22T20:03:08Z,\N,2022-05-21T23:50:41Z,\N,1,assert
acme:person:e000451~62062c8c3d53,person,acme,E000451,Paola Zhang,Analyst,DEPT-14,false,2022-04-22T13:21:17Z,\N,2022-05-22T02:44:53Z,\N,1,assert
acme:person:e000538~00e76ba998b9,person,acme,E000538,Anders Okonkwo,Auditor,CC-0007,false,2022-04-25T12:32:26Z,\N,2022-05-22T06:43:26Z,\N,1,assert
acme:person:e001865~5b1c6e8b4c0a,person,acme,E001865,Paola Thorsen,Architect,DEPT-22,false,2022-03-30T14:23:23Z,\N,2022-05-22T06:27:37Z,\N,1,assert
acme:person:e003419~dfeeb9310303,person,acme,E003419,Zoltan Mbatha,Analyst,DEPT-15,false,2022-04-10T23:48:42Z,\N,2022-05-22T23:57:27Z,\N,1,assert
acme:person:e003728~7fca57fb08aa,person,acme,E003728,Kwame Castellanos,Architect,DEPT-20,false,2022-03-27T00:27:14Z,\N,2022-05-24T02:23:13Z,\N,1,assert
acme:person:e002914~3573943c2167,person,acme,E002914,Leila Okonkwo,Architect,CC-0009,false,2022-05-21T21:55:38Z,\N,2022-05-26T01:01:57Z,\N,1,assert
acme:person:e002185~ce136a38be2c,person,acme,E002185,Hugo Pereira,Auditor,CC-0007,false,2022-05-05T09:31:34Z,\N,2022-05-27T15:42:02Z,\N,1,assert
acme:person:e003168~b40324fbefe0,person,acme,E003168,Yara Thorsen,Manager,DEPT-16,false,2022-04-07T11:24:13Z,\N,2022-05-27T19:32:28Z,\N,1,assert
acme:person:e001420~6e1ad8bf6a54,person,acme,E001420,Anika Schneider,Technician,CC-0005,false,2022-04-07T20:59:36Z,\N,2022-05-28T03:10:37Z,\N,1,assert
acme:person:e001588~35c4a0522232,person,acme,E001588,Wen Gallagher,Technician,DEPT-24,false,2022-05-11T11:23:42Z,\N,2022-05-28T12:34:11Z,\N,1,assert
acme:person:e000667~abd4d00ef319,person,acme,E000667,Dmitri Tanaka,Engineer,DEPT-11,false,2022-04-14T17:18:48Z,\N,2022-05-29T06:20:41Z,\N,1,assert
acme:person:e000341~757f15bd2ce0,person,acme,E000341,Jonas Weiss,Analyst,CC-0011,false,2022-04-24T09:47:01Z,\N,2022-05-29T18:52:50Z,\N,1,assert
acme:person:e000702~aa67b971f85a,person,acme,E000702,Elena Pereira,Manager,CC-0007,false,2022-04-20T06:39:31Z,\N,2022-05-31T13:29:24Z,\N,1,assert
acme:person:e003653~15f58972ee65,person,acme,E003653,Zara Pereira,Engineer,CC-0006,false,2022-05-18T19:42:18Z,\N,2022-05-31T07:55:22Z,\N,1,assert
acme:person:e000584~d23b8d8d6e37,person,acme,E000584,Rafael Haddad,Manager,DEPT-06,false,2022-05-08T06:39:15Z,\N,2022-06-01T22:15:15Z,\N,1,assert
acme:person:e000878~d06ccafa1288,person,acme,E000878,Yusuf Oyelaran,Auditor,DEPT-16,false,2022-05-07T06:36:00Z,\N,2022-06-02T09:30:45Z,\N,1,assert
acme:person:e000145~c7033c358330,person,acme,E000145,Rafael Kaminski,Buyer,CC-0011,false,2022-05-13T20:05:36Z,\N,2022-06-03T23:57:49Z,\N,1,assert
acme:person:e000153~5860a2f55544,person,acme,E000153,Anika Silvestri,Analyst,CC-0012,false,2022-05-30T08:25:43Z,\N,2022-06-03T05:08:07Z,\N,1,assert
acme:person:e003050~5033823dbfef,person,acme,E003050,Quinn Kovac,Engineer,DIV-CORP,false,2022-05-03T12:18:00Z,\N,2022-06-04T12:08:20Z,\N,1,assert
acme:person:e000035~4cc58f1e3461,person,acme,E000035,Oliver Rasmussen,Buyer,CC-0003,false,2022-05-26T06:30:00Z,\N,2022-06-05T12:21:44Z,\N,1,assert
acme:person:e000599~5dd055632b08,person,acme,E000599,Wen Haddad,Engineer,CC-0003,false,2022-04-17T02:32:08Z,\N,2022-06-05T07:00:11Z,\N,1,assert
acme:person:e001626~6c6bf78efe71,person,acme,E001626,Leila Kaminski,Engineer,DEPT-13,false,2022-05-18T16:49:12Z,\N,2022-06-06T20:20:52Z,\N,1,assert
acme:person:e002002~5527c4372be0,person,acme,E002002,Hugo Nakamura,Engineer,DEPT-11,false,2022-04-09T11:37:18Z,\N,2022-06-06T21:06:07Z,\N,1,assert
acme:person:e000275~2337cfc6634f,person,acme,E000275,Alan Quintero,Buyer,DEPT-20,false,2022-05-21T23:40:58Z,\N,2022-06-07T17:28:56Z,\N,1,assert
acme:person:e000635~d19f1e4916a0,person,acme,E000635,Felix Yilmaz,Architect,CC-0003,false,2022-05-02T03:39:50Z,\N,2022-06-07T10:34:02Z,\N,1,assert
acme:person:e000929~ef3cea7279d0,person,acme,E000929,Alan Gundersen,Architect,DEPT-05,false,2022-05-14T05:39:37Z,\N,2022-06-07T14:31:13Z,\N,1,assert
acme:person:e000805~a80fc93cc72b,person,acme,E000805,Leila Zhang,Technician,DEPT-02,false,2022-05-14T09:34:18Z,\N,2022-06-07T18:59:11Z,\N,1,assert
acme:person:e001596~184f0b2ff36b,person,acme,E001596,Anika Zhang,Engineer,DEPT-03,false,2022-05-23T21:09:12Z,\N,2022-06-07T18:59:21Z,\N,1,assert
acme:person:e003159~42846738f630,person,acme,E003159,Renata Thorsen,Architect,DEPT-03,false,2022-04-26T11:57:23Z,\N,2022-06-07T09:17:12Z,\N,1,assert
acme:person:e002549~dba1a389f54c,person,acme,E002549,Ada Kovac,Technician,DEPT-18,true,2022-04-12T15:03:24Z,2024-05-30T15:30:29Z,2022-06-07T22:21:08Z,\N,1,assert
acme:person:e001697~3fc6584bb5e3,person,acme,E001697,Paola Mbatha,Architect,DEPT-18,false,2022-04-15T17:09:56Z,\N,2022-06-08T14:59:47Z,\N,1,assert
acme:person:e000554~ed82bc723cb3,person,acme,E000554,Sofia Zhang,Analyst,DEPT-02,false,2022-04-15T23:51:36Z,\N,2022-06-09T04:23:03Z,\N,1,assert
acme:person:e003667~f583fb111081,person,acme,E003667,Chidi Bergstrom,Analyst,CC-0008,false,2022-06-08T19:58:58Z,\N,2022-06-09T08:11:57Z,\N,1,assert
acme:person:e001332~e64a80fdf017,person,acme,E001332,Mira Lindqvist,Buyer,DEPT-22,false,2022-04-12T02:47:05Z,\N,2022-06-10T00:41:24Z,\N,1,assert
acme:person:e002665~1cb620cd7aff,person,acme,E002665,Amara Gallagher,Manager,CC-0009,false,2022-05-17T13:49:42Z,\N,2022-06-11T22:01:32Z,\N,1,assert
acme:person:e000037~e9911c46aadd,person,acme,E000037,Fatima Marchetti,Manager,DEPT-13,false,2022-04-28T19:50:58Z,\N,2022-06-12T01:31:44Z,\N,1,assert
acme:person:e000900~32aa87d710c2,person,acme,E000900,Kwame Weiss,Technician,DEPT-07,false,2022-05-11T10:23:07Z,\N,2022-06-13T20:29:59Z,\N,1,assert
acme:person:e000206~a7f8f8bca906,person,acme,E000206,Sofia Santos,Engineer,DEPT-01,false,2022-05-01T20:33:04Z,\N,2022-06-14T17:19:57Z,\N,1,assert
acme:person:e002410~28367bb2a320,person,acme,E002410,Clara Jablonski,Engineer,DEPT-11,false,2022-05-12T15:36:08Z,\N,2022-06-14T00:40:01Z,\N,1,assert
acme:person:e001593~8c9bb0440240,person,acme,E001593,Kwame Lindqvist,Buyer,DEPT-11,false,2022-05-18T04:07:01Z,\N,2022-06-15T07:55:39Z,\N,1,assert
acme:person:e003701~b0ecdf66dc2a,person,acme,E003701,Hugo Okonkwo,Buyer,DEPT-08,false,2022-06-10T11:46:31Z,\N,2022-06-15T12:29:57Z,\N,1,assert
acme:person:e001285~205629bd609b,person,acme,E001285,Ibrahim Lindqvist,Engineer,DEPT-23,false,2022-05-19T00:18:48Z,\N,2022-06-16T22:48:42Z,\N,1,assert
acme:person:e001547~e163431caa46,person,acme,E001547,Leila Haddad,Manager,DEPT-06,false,2022-05-24T13:45:32Z,\N,2022-06-16T20:00:28Z,\N,1,assert
acme:person:e003569~7ecfa90d3b0b,person,acme,E003569,Hugo Baptiste,Technician,DEPT-20,false,2022-05-12T11:57:09Z,\N,2022-06-16T21:16:29Z,\N,1,assert
acme:person:e000367~d85978c89d78,person,acme,E000367,Ibrahim Silvestri,Technician,CC-0002,false,2022-05-27T10:02:24Z,\N,2022-06-17T21:48:44Z,\N,1,assert
acme:person:e001383~52d9e59877ec,person,acme,E001383,Ibrahim Jablonski,Manager,DEPT-05,false,2022-05-23T02:41:47Z,\N,2022-06-18T22:23:21Z,\N,1,assert
acme:person:e002562~87af501e1c3c,person,acme,E002562,Keiko Wagner,Auditor,DEPT-19,false,2022-06-17T01:37:27Z,\N,2022-06-19T02:31:44Z,\N,1,assert
acme:person:e002610~1dfffd90ab77,person,acme,E002610,Samir Okonkwo,Engineer,DEPT-21,false,2022-06-16T02:26:36Z,\N,2022-06-19T01:21:26Z,\N,1,assert
acme:person:e000739~2bba05f0bf67,person,acme,E000739,Dmitri Gallagher,Buyer,CC-0007,false,2022-04-24T06:25:22Z,\N,2022-06-20T06:38:10Z,\N,1,assert
acme:person:e001410~64c7af75705d,person,acme,E001410,Yusuf Zhang,Engineer,DEPT-01,false,2022-06-18T04:02:05Z,\N,2022-06-21T19:34:46Z,\N,1,assert
acme:person:e003816~00b6e2ae3fef,person,acme,E003816,Alan Kaminski,Architect,CC-0007,false,2022-05-16T04:04:00Z,\N,2022-06-21T07:55:32Z,\N,1,assert
acme:person:e000059~e0a97fb30c92,person,acme,E000059,Ursula Santos,Technician,CC-0009,false,2022-06-05T00:14:26Z,\N,2022-06-22T11:12:46Z,\N,1,assert
acme:person:e003477~849df5f2271e,person,acme,E003477,Lucia Ivanova,Technician,CC-0009,false,2022-06-15T22:18:38Z,\N,2022-06-22T20:01:50Z,\N,1,assert
acme:person:e001250~b371b72a570b,person,acme,E001250,Wen Bergstrom,Auditor,DEPT-21,false,2022-06-03T00:54:33Z,\N,2022-06-23T10:38:36Z,\N,1,assert
acme:person:e002028~ea35aab7a12e,person,acme,E002028,Zara Fontaine,Buyer,DEPT-02,false,2022-06-20T17:24:58Z,\N,2022-06-23T16:58:19Z,\N,1,assert
acme:person:e000195~88070e2b2dae,person,acme,E000195,Marcus Wagner,Manager,CC-0011,false,2022-06-05T15:57:52Z,\N,2022-06-25T04:56:31Z,\N,1,assert
acme:person:e001514~b177d47001e5,person,acme,E001514,Rafael Kaminski,Architect,DEPT-22,false,2022-05-07T18:46:38Z,\N,2022-06-25T04:11:53Z,\N,1,assert
acme:person:e001074~3534b43d2d57,person,acme,E001074,Renata Marchetti,Technician,CC-0008,false,2022-05-18T04:04:11Z,\N,2022-06-26T09:19:43Z,\N,1,assert
acme:person:e000183~80e07efe4f62,person,acme,E000183,Rafael Chowdhury,Engineer,DEPT-03,false,2022-05-15T14:36:54Z,\N,2022-06-28T15:52:01Z,\N,1,assert
acme:person:e001423~5ad8cd29562d,person,acme,E001423,Paola Castellanos,Engineer,DEPT-14,false,2022-06-13T03:42:24Z,\N,2022-06-28T07:14:46Z,\N,1,assert
acme:person:e003823~6ec0d3683e1e,person,acme,E003823,Vikram Okonkwo,Buyer,CC-0014,false,2022-05-07T18:53:29Z,\N,2022-06-28T19:46:26Z,\N,1,assert
acme:person:e001854~ac82ed6e064c,person,acme,E001854,Amara Eberhardt,Manager,DEPT-08,false,2022-05-10T02:02:19Z,\N,2022-06-30T00:27:08Z,\N,1,assert
acme:person:e003476~30b76828000c,person,acme,E003476,Jonas Vaughan,Buyer,CC-0010,false,2022-05-03T20:00:15Z,\N,2022-06-30T19:16:00Z,\N,1,assert
acme:person:e003719~4d239091393d,person,acme,E003719,Dmitri Silvestri,Analyst,DEPT-05,false,2022-05-08T03:29:52Z,\N,2022-06-30T02:56:30Z,\N,1,assert
acme:person:e003154~cd24eacf3d24,person,acme,E003154,Fatima Chowdhury,Engineer,CC-0013,false,2022-06-15T18:44:35Z,\N,2022-07-01T12:26:42Z,\N,1,assert
acme:person:e001150~e78f9b0a2f73,person,acme,E001150,Liam Vaughan,Buyer,DEPT-12,true,2022-05-25T21:32:54Z,2023-03-01T09:57:48Z,2022-07-02T02:36:29Z,\N,1,assert
acme:person:e000853~dd0310dd91e3,person,acme,E000853,Tomas Fontaine,Technician,CC-0004,false,2022-05-23T23:16:23Z,\N,2022-07-03T00:01:11Z,\N,1,assert
acme:person:e001452~48e2e5e5276c,person,acme,E001452,Felix Lindqvist,Buyer,CC-0008,false,2022-06-07T09:53:47Z,\N,2022-07-03T19:19:13Z,\N,1,assert
acme:person:e003427~9d94772648a2,person,acme,E003427,Liam Silvestri,Manager,DEPT-01,false,2022-05-28T11:43:53Z,\N,2022-07-03T16:27:32Z,\N,1,assert
acme:person:e002639~ebaa5eca53fb,person,acme,E002639,Samir Gallagher,Engineer,DEPT-03,false,2022-06-20T10:01:10Z,\N,2022-07-04T07:20:51Z,\N,1,assert
acme:person:e001146~cf4ed89e22c7,person,acme,E001146,Ingrid Gallagher,Engineer,DEPT-07,false,2022-06-16T16:12:57Z,\N,2022-07-06T19:24:51Z,\N,1,assert
acme:person:e000894~32dc09b805d8,person,acme,E000894,Quinn Weiss,Auditor,CC-0008,false,2022-05-26T12:54:17Z,\N,2022-07-09T17:07:11Z,\N,1,assert
acme:person:e001329~1ef88c4fc087,person,acme,E001329,Noor Yilmaz,Auditor,CC-0006,false,2022-05-25T05:23:28Z,\N,2022-07-09T17:28:43Z,\N,1,assert
acme:person:e003373~89ffd71cbe2a,person,acme,E003373,Nadia Fontaine,Technician,CC-0005,false,2022-05-11T22:42:43Z,\N,2022-07-10T07:40:20Z,\N,1,assert
acme:person:e000411~6c63fe3f7e20,person,acme,E000411,Oliver Fontaine,Technician,DEPT-24,false,2022-07-02T09:14:22Z,\N,2022-07-12T16:39:57Z,\N,1,assert
acme:person:e003925~a65e83270b42,person,acme,E003925,Zara Thorsen,Engineer,CC-0001,false,2022-06-27T09:02:14Z,\N,2022-07-12T09:26:32Z,\N,1,assert
acme:person:e002628~fb683b36915b,person,acme,E002628,Yara Tanaka,Auditor,DEPT-02,false,2022-05-25T22:43:25Z,\N,2022-07-13T17:26:31Z,\N,1,assert
acme:person:e003017~e7e1c34ce12a,person,acme,E003017,Lars Yilmaz,Engineer,CC-0003,false,2022-05-22T07:02:24Z,\N,2022-07-13T01:19:07Z,\N,1,assert
acme:person:e002701~c8537521f96d,person,acme,E002701,Quinn Pereira,Architect,DEPT-12,false,2022-06-23T04:49:10Z,\N,2022-07-14T15:47:50Z,\N,1,assert
acme:person:e002927~591a7ae8ed01,person,acme,E002927,Wen Weiss,Buyer,CC-0002,false,2022-07-10T19:39:52Z,\N,2022-07-14T02:07:54Z,\N,1,assert
acme:person:e003076~a59c8f5d11fa,person,acme,E003076,Liam Quintero,Manager,CC-0006,false,2022-07-10T12:22:11Z,\N,2022-07-16T07:43:22Z,\N,1,assert
acme:person:e001616~d2045b7113e3,person,acme,E001616,Sofia Silvestri,Engineer,DEPT-03,true,2022-06-13T12:47:32Z,2024-06-28T07:02:44Z,2022-07-18T06:33:09Z,\N,1,assert
acme:person:e002929~a978df8199ec,person,acme,E002929,Anika Abbott,Buyer,DEPT-01,false,2022-06-05T05:34:15Z,\N,2022-07-18T09:08:34Z,\N,1,assert
acme:person:e002155~b693e5c802aa,person,acme,E002155,Keiko Gallagher,Engineer,CC-0014,false,2022-07-18T18:50:56Z,\N,2022-07-19T10:42:46Z,\N,1,assert
acme:person:e003044~74ae400ce465,person,acme,E003044,Keiko Vaughan,Analyst,DEPT-05,false,2022-07-09T06:30:30Z,\N,2022-07-19T16:51:32Z,\N,1,assert
acme:person:e001560~fefa9a0ce233,person,acme,E001560,Amara Chowdhury,Buyer,DEPT-05,false,2022-07-18T10:20:50Z,\N,2022-07-21T07:36:24Z,\N,1,assert
acme:person:e001368~210269bb44d2,person,acme,E001368,Lucia Oyelaran,Buyer,DEPT-12,false,2022-05-27T21:15:50Z,\N,2022-07-23T11:46:17Z,\N,1,assert
acme:person:e003943~ec01a39cae41,person,acme,E003943,Noor Silvestri,Technician,DEPT-13,false,2022-06-10T13:26:47Z,\N,2022-07-23T02:05:46Z,\N,1,assert
acme:person:e000348~3b7b0fe1b242,person,acme,E000348,Fatima Ivanova,Analyst,DEPT-24,false,2022-07-25T07:18:37Z,\N,2022-07-25T07:18:37Z,\N,1,assert
acme:person:e001047~d5b264cb6f95,person,acme,E001047,Bruno Yilmaz,Engineer,DEPT-08,false,2022-07-14T17:08:13Z,\N,2022-07-25T17:22:06Z,\N,1,assert
acme:person:e001966~d4a73fb66884,person,acme,E001966,Quinn Abbott,Architect,DEPT-12,false,2022-07-15T20:14:02Z,\N,2022-07-25T06:09:22Z,\N,1,assert
acme:person:e002029~de4f27e40069,person,acme,E002029,Bruno Gundersen,Engineer,CC-0003,false,2022-06-24T18:31:56Z,\N,2022-07-25T13:17:43Z,\N,1,assert
acme:person:e002835~5bb020984fa2,person,acme,E002835,Carla Okonkwo,Technician,DEPT-06,false,2022-07-10T08:47:51Z,\N,2022-07-25T15:43:20Z,\N,1,assert
acme:person:e000651~72e6f87cffd1,person,acme,E000651,Renata Quintero,Technician,DEPT-16,false,2022-07-15T05:03:14Z,\N,2022-07-26T11:49:23Z,\N,1,assert
acme:person:e001971~90f9c214023d,person,acme,E001971,Kwame Tanaka,Analyst,CC-0014,false,2022-07-07T13:05:33Z,\N,2022-07-26T12:57:34Z,\N,1,assert
acme:person:e002621~00183e58d6c6,person,acme,E002621,Keiko Novak,Analyst,DEPT-11,false,2022-06-03T05:46:55Z,\N,2022-07-26T04:34:42Z,\N,1,assert
acme:person:e003095~d9b8a9019f2e,person,acme,E003095,Chidi Nakamura,Engineer,CC-0011,false,2022-05-29T16:12:55Z,\N,2022-07-26T09:37:27Z,\N,1,assert
acme:person:e001075~95d7c5806384,person,acme,E001075,Keiko Kovac,Analyst,DEPT-21,false,2022-07-22T00:32:02Z,\N,2022-07-27T14:26:32Z,\N,1,assert
acme:person:e002386~f5df0c87d080,person,acme,E002386,Clara Silvestri,Buyer,DEPT-10,false,2022-07-25T01:46:50Z,\N,2022-07-27T23:42:02Z,\N,1,assert
acme:person:e003865~1ce283614283,person,acme,E003865,Zara Rasmussen,Architect,DEPT-21,false,2022-07-12T23:45:38Z,\N,2022-07-29T23:00:23Z,\N,1,assert
acme:person:e000217~a8b91e9669c7,person,acme,E000217,Sofia Baptiste,Buyer,CC-0014,true,2022-07-01T00:08:59Z,2023-03-05T17:02:58Z,2022-07-30T08:12:17Z,\N,1,assert
acme:person:e002609~edddb16a3314,person,acme,E002609,Yusuf Ivanova,Analyst,CC-0009,false,2022-07-23T15:38:11Z,\N,2022-07-31T21:31:22Z,\N,1,assert
acme:person:e002756~2e8e88aff6f1,person,acme,E002756,Fatima Fontaine,Analyst,DEPT-11,false,2022-06-11T14:05:02Z,\N,2022-07-31T22:34:59Z,\N,1,assert
acme:person:e003136~1e9da93c9102,person,acme,E003136,Hugo Kovac,Engineer,DEPT-13,false,2022-07-20T21:28:27Z,\N,2022-07-31T06:37:45Z,\N,1,assert
acme:person:e003349~2efa1c16c4f0,person,acme,E003349,Jonas Castellanos,Buyer,DEPT-14,false,2022-07-01T20:21:36Z,\N,2022-07-31T08:05:45Z,\N,1,assert
acme:person:e001225~2f2cbdcdcc92,person,acme,E001225,Nadia Gundersen,Analyst,DEPT-21,false,2022-07-12T11:23:26Z,\N,2022-08-02T05:44:43Z,\N,1,assert
acme:person:e001752~b354d0b5cf36,person,acme,E001752,Liam Haddad,Analyst,DEPT-14,false,2022-06-20T15:56:48Z,\N,2022-08-02T15:34:16Z,\N,1,assert
acme:person:e003183~9ed4bfd642b9,person,acme,E003183,Nadia Rasmussen,Auditor,DEPT-05,false,2022-07-27T06:13:12Z,\N,2022-08-04T11:07:23Z,\N,1,assert
acme:person:e000566~dd3e4a54cf98,person,acme,E000566,Noor Abbott,Technician,DEPT-18,false,2022-07-12T13:40:32Z,\N,2022-08-05T06:44:15Z,\N,1,assert
acme:person:e002771~4d6e99c47849,person,acme,E002771,Zara Okonkwo,Auditor,DEPT-06,false,2022-06-10T12:45:26Z,\N,2022-08-05T07:15:01Z,\N,1,assert
acme:person:e001235~339af48febc1,person,acme,E001235,Elena Baptiste,Architect,DEPT-14,false,2022-07-23T06:40:40Z,\N,2022-08-06T14:51:52Z,\N,1,assert
acme:person:e002721~aacb97dc9887,person,acme,E002721,Dmitri Quintero,Architect,CC-0005,false,2022-07-08T22:26:22Z,\N,2022-08-06T15:24:30Z,\N,1,assert
acme:person:e000117~1f9c07189d1d,person,acme,E000117,Zara Baptiste,Technician,CC-0010,false,2022-07-29T03:02:17Z,\N,2022-08-08T11:24:19Z,\N,1,assert
acme:person:e002450~952fa00a9c8b,person,acme,E002450,Alan Castellanos,Manager,DEPT-13,false,2022-06-15T19:22:27Z,\N,2022-08-08T04:26:22Z,\N,1,assert
acme:person:e002952~2a490ed9cc05,person,acme,E002952,Vikram Silvestri,Engineer,CC-0005,true,2022-07-16T08:51:45Z,2023-04-24T10:46:48Z,2022-08-09T00:25:59Z,\N,1,assert
acme:person:e002964~4fcfe1c901ac,person,acme,E002964,Liam Ueda,Auditor,DEPT-08,false,2022-08-05T14:07:11Z,\N,2022-08-09T15:11:23Z,\N,1,assert
acme:person:e000639~9fb814c442f7,person,acme,E000639,Chidi Pereira,Technician,CC-0008,false,2022-07-30T04:36:06Z,\N,2022-08-09T16:04:26Z,\N,1,assert
acme:person:e001187~957ff396b056,person,acme,E001187,Rafael Zhang,Buyer,DEPT-12,false,2022-08-10T06:16:40Z,\N,2022-08-10T06:16:40Z,\N,1,assert
acme:person:e000664~0234afba9c5f,person,acme,E000664,Yusuf Vaughan,Engineer,DEPT-09,true,2022-07-26T22:08:18Z,2024-06-19T19:14:27Z,2022-08-10T20:24:09Z,\N,1,assert
acme:person:e003855~14345aaec202,person,acme,E003855,Anika Schneider,Manager,DEPT-21,false,2022-07-25T16:49:27Z,\N,2022-08-11T06:58:34Z,\N,1,assert
acme:person:e002846~0e472f7d1f62,person,acme,E002846,Quinn Okonkwo,Buyer,DEPT-17,false,2022-08-09T01:20:40Z,\N,2022-08-13T11:40:50Z,\N,1,assert
acme:person:e002421~8e63018fa486,person,acme,E002421,Alan Quintero,Architect,CC-0006,false,2022-07-12T00:11:51Z,\N,2022-08-14T19:00:04Z,\N,1,assert
acme:person:e003819~c2d7cf200513,person,acme,E003819,Farid Silvestri,Analyst,DEPT-12,false,2022-06-16T10:18:08Z,\N,2022-08-14T19:13:21Z,\N,1,assert
acme:person:e003215~e676676a115d,person,acme,E003215,Lars Schneider,Engineer,CC-0006,false,2022-06-17T03:55:48Z,\N,2022-08-15T08:35:13Z,\N,1,assert
acme:person:e001288~fd9d99c53d97,person,acme,E001288,Lars Pereira,Auditor,CC-0001,false,2022-08-13T00:03:15Z,\N,2022-08-16T21:49:11Z,\N,1,assert
acme:person:e002025~bfc9f0b74c2a,person,acme,E002025,Bruno Pereira,Engineer,CC-0008,false,2022-07-12T03:19:01Z,\N,2022-08-16T00:26:19Z,\N,1,assert
acme:person:e002156~35ccea937c74,person,acme,E002156,Tomas Thorsen,Architect,CC-0010,false,2022-07-16T20:57:09Z,\N,2022-08-16T11:06:20Z,\N,1,assert
acme:person:e002189~c5287838bb7d,person,acme,E002189,Tomas Marchetti,Architect,DEPT-09,false,2022-07-26T19:57:07Z,\N,2022-08-16T08:21:42Z,\N,1,assert
acme:person:e000416~9fd4e4ba6933,person,acme,E000416,Vikram Schneider,Architect,DEPT-15,false,2022-08-17T14:08:40Z,\N,2022-08-17T14:08:40Z,\N,1,assert
acme:person:e001665~3c945b1e64c6,person,acme,E001665,Xenia Castellanos,Architect,DIV-CORP,false,2022-07-18T15:16:12Z,\N,2022-08-17T22:18:19Z,\N,1,assert
acme:person:e003031~29160b96c8e6,person,acme,E003031,Marcus Fontaine,Architect,CC-0012,false,2022-07-30T15:04:35Z,\N,2022-08-17T22:55:22Z,\N,1,assert
acme:person:e002429~8fe2d5d4c1c1,person,acme,E002429,Sofia Vaughan,Manager,CC-0001,false,2022-08-17T10:32:21Z,\N,2022-08-19T07:36:46Z,\N,1,assert
acme:person:e003305~6b06b612d681,person,acme,E003305,Ada Rasmussen,Manager,DEPT-04,false,2022-07-06T16:55:57Z,\N,2022-08-19T14:08:47Z,\N,1,assert
acme:person:e002192~1e54845106c4,person,acme,E002192,Gita Ueda,Analyst,CC-0013,false,2022-08-01T05:43:57Z,\N,2022-08-20T16:41:21Z,\N,1,assert
acme:person:e002201~5fbe3084494d,person,acme,E002201,Tomas Abbott,Architect,DEPT-10,false,2022-07-16T12:31:35Z,\N,2022-08-20T02:42:52Z,\N,1,assert
acme:person:e003151~6e9739ad78b6,person,acme,E003151,Mira Gundersen,Technician,CC-0010,false,2022-06-29T11:43:55Z,\N,2022-08-20T11:09:03Z,\N,1,assert
acme:person:e003680~197162b35894,person,acme,E003680,Vikram Fontaine,Buyer,DEPT-09,false,2022-07-05T13:32:50Z,\N,2022-08-21T13:38:33Z,\N,1,assert
acme:person:e000021~cbd775ecaa94,person,acme,E000021,Ursula Ueda,Analyst,DEPT-08,true,2022-08-12T14:04:43Z,2022-10-02T21:35:34Z,2022-08-22T15:04:19Z,\N,1,assert
acme:person:e000401~6e7f35a0ec49,person,acme,E000401,Samir Lindqvist,Analyst,DEPT-10,false,2022-08-09T04:32:50Z,\N,2022-08-22T19:53:01Z,\N,1,assert
acme:person:e002601~36a4b50de9b8,person,acme,E002601,Dmitri Chowdhury,Engineer,DEPT-05,false,2022-06-30T15:21:03Z,\N,2022-08-22T17:44:14Z,\N,1,assert
acme:person:e003300~83715716f706,person,acme,E003300,Liam Silvestri,Manager,DEPT-19,true,2022-07-14T05:58:02Z,2024-04-04T11:44:23Z,2022-08-23T06:12:57Z,\N,1,assert
acme:person:e002198~4575b393c5ee,person,acme,E002198,Fatima Bergstrom,Technician,DEPT-06,false,2022-06-29T03:59:15Z,\N,2022-08-24T15:58:45Z,\N,1,assert
acme:person:e003405~e2032c7c0f86,person,acme,E003405,Keiko Zhang,Analyst,CC-0001,true,2022-08-03T09:07:13Z,2024-08-07T13:20:29Z,2022-08-25T14:07:49Z,\N,1,assert
acme:person:e001797~decefffe68e5,person,acme,E001797,Oliver Thorsen,Buyer,CC-0007,false,2022-07-25T01:28:47Z,\N,2022-08-28T15:45:53Z,\N,1,assert
acme:person:e003452~c9244aaa6b85,person,acme,E003452,Noor Marchetti,Manager,CC-0012,true,2022-07-30T12:41:55Z,2024-09-19T20:37:30Z,2022-08-28T18:38:13Z,\N,1,assert
acme:person:e001001~e602c7650d2f,person,acme,E001001,Felix Tanaka,Auditor,DEPT-14,false,2022-07-03T20:18:47Z,\N,2022-08-29T05:33:37Z,\N,1,assert
acme:person:e001220~5866810c03e8,person,acme,E001220,Anders Okonkwo,Analyst,CC-0003,false,2022-07-20T16:05:52Z,\N,2022-08-29T06:55:58Z,\N,1,assert
acme:person:e001569~8f361976fbee,person,acme,E001569,Hugo Oyelaran,Manager,DEPT-23,true,2022-08-16T23:20:48Z,2024-07-15T01:02:37Z,2022-08-30T03:39:37Z,\N,1,assert
acme:person:e003273~cce9ccabc106,person,acme,E003273,Hugo Vaughan,Buyer,DIV-CORP,false,2022-08-18T10:54:34Z,\N,2022-08-30T21:27:15Z,\N,1,assert
acme:person:e000368~0272d5e30503,person,acme,E000368,Wen Santos,Engineer,DEPT-17,false,2022-07-15T06:49:43Z,\N,2022-09-03T23:04:02Z,\N,1,assert
acme:person:e002678~711880e502e3,person,acme,E002678,Quinn Castellanos,Buyer,CC-0012,false,2022-08-12T18:32:53Z,\N,2022-09-03T02:15:29Z,\N,1,assert
acme:person:e002807~6a266cf224eb,person,acme,E002807,Yara Marchetti,Engineer,DEPT-11,false,2022-07-31T02:54:42Z,\N,2022-09-03T06:19:52Z,\N,1,assert
acme:person:e001418~eae235b359cd,person,acme,E001418,Nadia Bergstrom,Analyst,CC-0002,false,2022-08-27T06:05:02Z,\N,2022-09-04T01:56:48Z,\N,1,assert
acme:person:e003745~48f5f255e896,person,acme,E003745,Renata Silvestri,Technician,DEPT-13,false,2022-07-28T03:44:43Z,\N,2022-09-05T03:38:27Z,\N,1,assert
acme:person:e002844~cc7c859a1cd0,person,acme,E002844,Fatima Weiss,Technician,CC-0010,false,2022-08-23T04:48:10Z,\N,2022-09-05T13:33:31Z,\N,1,assert
acme:person:e003558~4af9f53f1dcb,person,acme,E003558,Nadia Oyelaran,Buyer,DEPT-22,false,2022-08-18T14:22:47Z,\N,2022-09-06T16:51:00Z,\N,1,assert
acme:person:e000324~17025c582d56,person,acme,E000324,Yara Yilmaz,Buyer,DEPT-10,false,2022-07-18T08:26:00Z,\N,2022-09-09T12:52:30Z,\N,1,assert
acme:person:e002876~871e80bdf5ad,person,acme,E002876,Zara Kovac,Auditor,DEPT-15,false,2022-08-13T04:03:05Z,\N,2022-09-09T07:54:14Z,\N,1,assert
acme:person:e001081~eb36da19070f,person,acme,E001081,Leila Quintero,Analyst,CC-0007,false,2022-08-09T15:33:14Z,\N,2022-09-10T12:14:49Z,\N,1,assert
acme:person:e001192~c05e0629d37b,person,acme,E001192,Leila Baptiste,Technician,CC-0008,false,2022-08-24T18:44:50Z,\N,2022-09-11T19:51:20Z,\N,1,assert
acme:person:e000824~b46d63ef008e,person,acme,E000824,Alan Nakamura,Auditor,DEPT-01,false,2022-09-06T02:01:21Z,\N,2022-09-12T04:55:30Z,\N,1,assert
acme:person:e000867~59f653aaf03a,person,acme,E000867,Dmitri Wagner,Analyst,DEPT-10,false,2022-09-02T09:44:07Z,\N,2022-09-12T16:45:32Z,\N,1,assert
acme:person:e001107~af6d690f6609,person,acme,E001107,Anders Pereira,Engineer,DIV-CORP,false,2022-08-24T00:29:59Z,\N,2022-09-12T07:42:25Z,\N,1,assert
acme:person:e001148~e6833d5434db,person,acme,E001148,Rafael Nakamura,Buyer,DEPT-18,false,2022-08-14T06:11:41Z,\N,2022-09-13T05:47:46Z,\N,1,assert
acme:person:e002552~c4cb06ca17a2,person,acme,E002552,Quinn Vaughan,Manager,DEPT-07,false,2022-08-25T07:53:57Z,\N,2022-09-13T12:54:36Z,\N,1,assert
acme:person:e002690~fe3602bd65b2,person,acme,E002690,Felix Yilmaz,Architect,DEPT-16,false,2022-07-22T19:47:45Z,\N,2022-09-13T04:26:19Z,\N,1,assert
acme:person:e002403~acb47aa120af,person,acme,E002403,Samir Zhang,Auditor,DEPT-19,false,2022-07-24T21:00:28Z,\N,2022-09-15T14:37:19Z,\N,1,assert
acme:person:e002618~9173d884914f,person,acme,E002618,Mira Eberhardt,Architect,DEPT-03,false,2022-08-08T19:23:20Z,\N,2022-09-15T18:55:30Z,\N,1,assert
acme:person:e003931~fcc656a2b140,person,acme,E003931,Quinn Zhang,Manager,DEPT-03,false,2022-08-11T03:00:06Z,\N,2022-09-15T01:17:02Z,\N,1,assert
acme:person:e001450~74fc159f3528,person,acme,E001450,Yara Chowdhury,Engineer,CC-0014,false,2022-08-13T07:18:49Z,\N,2022-09-16T00:18:03Z,\N,1,assert
acme:person:e003196~5d36da31129e,person,acme,E003196,Zoltan Schneider,Engineer,CC-0013,true,2022-08-12T15:56:11Z,2024-01-20T13:16:47Z,2022-09-17T11:18:43Z,\N,1,assert
acme:person:e000506~b45496d77744,person,acme,E000506,Farid Gallagher,Buyer,DEPT-16,false,2022-08-13T05:44:19Z,\N,2022-09-18T01:09:55Z,\N,1,assert
acme:person:e000697~e71341a80dba,person,acme,E000697,Wen Tanaka,Manager,DEPT-13,false,2022-08-13T20:29:04Z,\N,2022-09-19T04:37:44Z,\N,1,assert
acme:person:e001743~f8eab0fa1d5e,person,acme,E001743,Zoltan Nakamura,Manager,CC-0009,false,2022-09-09T09:18:02Z,\N,2022-09-19T09:46:16Z,\N,1,assert
acme:person:e001947~aff600a657dc,person,acme,E001947,Paola Castellanos,Buyer,DEPT-18,false,2022-07-26T21:04:09Z,\N,2022-09-19T05:00:06Z,\N,1,assert
acme:person:e000510~baae4a3b43c5,person,acme,E000510,Zara Kovac,Technician,DEPT-24,false,2022-09-18T21:58:36Z,\N,2022-09-20T05:17:15Z,\N,1,assert
acme:person:e001113~8cee26655b1a,person,acme,E001113,Keiko Okonkwo,Manager,DEPT-23,false,2022-07-27T08:20:03Z,\N,2022-09-20T06:32:31Z,\N,1,assert
acme:person:e000223~43fc14d34891,person,acme,E000223,Wen Jablonski,Engineer,CC-0002,false,2022-09-16T14:02:13Z,\N,2022-09-21T21:31:23Z,\N,1,assert
acme:person:e002812~1b4ed3abb327,person,acme,E002812,Gita Jablonski,Architect,DEPT-22,false,2022-08-15T11:37:51Z,\N,2022-09-21T12:16:05Z,\N,1,assert
acme:person:e003257~e3282f475319,person,acme,E003257,Ursula Fontaine,Analyst,DEPT-03,false,2022-08-13T22:36:30Z,\N,2022-09-21T13:07:50Z,\N,1,assert
acme:person:e003683~2d0130f8cd1a,person,acme,E003683,Vikram Ivanova,Engineer,DEPT-23,false,2022-08-02T14:10:33Z,\N,2022-09-21T10:02:34Z,\N,1,assert
acme:person:e002047~d7478f3b3680,person,acme,E002047,Marcus Okonkwo,Analyst,CC-0014,false,2022-08-03T02:27:21Z,\N,2022-09-22T03:07:09Z,\N,1,assert
acme:person:e003867~eef64a2fe65d,person,acme,E003867,Ingrid Thorsen,Analyst,CC-0006,true,2022-07-28T23:15:24Z,2023-05-21T01:10:02Z,2022-09-22T12:00:36Z,\N,1,assert
acme:person:e002719~6de3a9b47cf0,person,acme,E002719,Marcus Pereira,Analyst,DEPT-19,false,2022-09-16T16:29:33Z,\N,2022-09-22T22:52:44Z,\N,1,assert
acme:person:e002731~e831604ebf80,person,acme,E002731,Amara Weiss,Architect,CC-0011,false,2022-07-26T01:26:14Z,\N,2022-09-22T00:09:57Z,\N,1,assert
acme:person:e002124~2d8a0da9717e,person,acme,E002124,Farid Delacroix,Manager,DEPT-03,false,2022-09-16T20:26:09Z,\N,2022-09-23T23:15:58Z,\N,1,assert
acme:person:e002576~8e94ce9f70a4,person,acme,E002576,Quinn Vaughan,Technician,DEPT-01,false,2022-08-01T23:32:10Z,\N,2022-09-23T18:27:33Z,\N,1,assert
acme:person:e002838~74dc7ff6d54a,person,acme,E002838,Lucia Gallagher,Buyer,DEPT-14,false,2022-08-19T12:24:31Z,\N,2022-09-23T17:13:16Z,\N,1,assert
acme:person:e003093~afb9193b281d,person,acme,E003093,Anders Marchetti,Technician,DEPT-09,false,2022-09-23T05:36:25Z,\N,2022-09-24T21:43:08Z,\N,1,assert
acme:person:e001200~5c255ff75c9f,person,acme,E001200,Bruno Kaminski,Auditor,DEPT-14,false,2022-08-24T11:52:02Z,\N,2022-09-25T20:52:57Z,\N,1,assert
acme:person:e000054~ef1153948271,person,acme,E000054,Jonas Santos,Auditor,DEPT-19,false,2022-08-29T14:10:55Z,\N,2022-09-26T23:07:26Z,\N,1,assert
acme:person:e003362~80a235105a0f,person,acme,E003362,Ibrahim Lindqvist,Analyst,DEPT-24,false,2022-08-20T04:59:10Z,\N,2022-09-26T15:31:20Z,\N,1,assert
acme:person:e003420~5506e438c342,person,acme,E003420,Fatima Silvestri,Engineer,DEPT-15,false,2022-09-17T07:11:51Z,\N,2022-09-26T02:01:39Z,\N,1,assert
acme:person:e001527~af59f987b5a0,person,acme,E001527,Nadia Yilmaz,Buyer,DEPT-23,false,2022-08-11T16:34:09Z,\N,2022-09-29T22:47:09Z,\N,1,assert
acme:person:e002826~d38e46479071,person,acme,E002826,Keiko Quintero,Technician,DEPT-24,false,2022-08-06T01:00:38Z,\N,2022-09-29T08:06:14Z,\N,1,assert
acme:person:e001702~bae3933e8c9d,person,acme,E001702,Gita Ueda,Buyer,DEPT-19,false,2022-09-20T15:50:50Z,\N,2022-09-30T16:47:30Z,\N,1,assert
acme:person:e003471~9ba9e181da5a,person,acme,E003471,Paola Nakamura,Analyst,DEPT-10,false,2022-08-31T17:40:32Z,\N,2022-09-30T02:51:58Z,\N,1,assert
acme:person:e003633~4822fe68954f,person,acme,E003633,Samir Novak,Engineer,CC-0008,false,2022-09-08T06:01:46Z,\N,2022-09-30T15:25:50Z,\N,1,assert
acme:person:e000453~9a1f37b14f7b,person,acme,E000453,Rafael Ivanova,Architect,DEPT-07,false,2022-08-06T23:54:19Z,\N,2022-10-01T11:36:59Z,\N,1,assert
acme:person:e001511~bd1a77bfad9e,person,acme,E001511,Kwame Quintero,Analyst,DEPT-18,false,2022-09-07T04:53:04Z,\N,2022-10-01T04:07:20Z,\N,1,assert
acme:person:e002062~05844e487c90,person,acme,E002062,Renata Gallagher,Manager,DEPT-23,false,2022-09-08T00:21:51Z,\N,2022-10-01T13:32:53Z,\N,1,assert
acme:person:e001967~f3541f8b5e17,person,acme,E001967,Dmitri Pereira,Architect,CC-0011,false,2022-08-14T14:58:35Z,\N,2022-10-02T21:48:56Z,\N,1,assert
acme:person:e003438~d7e360ad0fcf,person,acme,E003438,Elena Gallagher,Technician,DEPT-14,false,2022-09-16T22:13:47Z,\N,2022-10-02T17:16:26Z,\N,1,assert
acme:person:e003599~180fa2d33426,person,acme,E003599,Liam Yilmaz,Manager,DEPT-16,false,2022-08-13T16:52:58Z,\N,2022-10-02T12:04:02Z,\N,1,assert
acme:person:e002600~0c991436cec7,person,acme,E002600,Lars Baptiste,Engineer,CC-0009,false,2022-09-09T07:47:21Z,\N,2022-10-04T13:17:33Z,\N,1,assert
acme:person:e001061~8d35cc46a757,person,acme,E001061,Sofia Novak,Auditor,DEPT-24,false,2022-08-29T15:58:21Z,\N,2022-10-05T12:31:43Z,\N,1,assert
acme:person:e001489~a24c9b3b9b8c,person,acme,E001489,Lucia Ueda,Auditor,CC-0003,false,2022-08-14T05:33:47Z,\N,2022-10-05T05:13:57Z,\N,1,assert
acme:person:e001915~21da064ab2b3,person,acme,E001915,Lars Pereira,Auditor,DEPT-04,false,2022-09-20T14:03:37Z,\N,2022-10-06T08:39:44Z,\N,1,assert
acme:person:e002103~2613345c1e60,person,acme,E002103,Xenia Schneider,Engineer,DEPT-17,false,2022-08-25T02:35:04Z,\N,2022-10-07T19:16:36Z,\N,1,assert
acme:person:e002096~dc479e37b7de,person,acme,E002096,Noor Ivanova,Technician,DEPT-17,false,2022-09-27T22:20:48Z,\N,2022-10-08T01:28:49Z,\N,1,assert
acme:person:e003702~022fa349fb46,person,acme,E003702,Yusuf Zhang,Auditor,DEPT-09,false,2022-08-20T16:28:21Z,\N,2022-10-08T05:42:33Z,\N,1,assert
acme:person:e001426~d3a4e926a4f6,person,acme,E001426,Yara Quintero,Analyst,DIV-CORP,true,2022-08-15T12:00:21Z,2024-02-22T13:55:26Z,2022-10-08T06:15:48Z,\N,1,assert
acme:person:e000320~011c8d50f609,person,acme,E000320,Zoltan Wagner,Auditor,CC-0011,true,2022-09-06T06:37:28Z,2023-08-22T22:45:31Z,2022-10-09T20:10:12Z,\N,1,assert
acme:person:e001491~da0867255ff7,person,acme,E001491,Elena Kovac,Architect,DEPT-18,false,2022-09-10T08:47:05Z,\N,2022-10-10T04:47:39Z,\N,1,assert
acme:person:e001691~a36afa6d3fa0,person,acme,E001691,Anika Wagner,Manager,DEPT-06,false,2022-09-10T11:44:26Z,\N,2022-10-10T08:01:38Z,\N,1,assert
acme:person:e000564~02d1e2739f64,person,acme,E000564,Amara Fontaine,Buyer,CC-0013,true,2022-09-01T10:09:04Z,2024-04-17T10:37:45Z,2022-10-11T15:23:49Z,\N,1,assert
acme:person:e001043~4e5c2806507e,person,acme,E001043,Zoltan Castellanos,Architect,DEPT-21,false,2022-10-06T23:11:08Z,\N,2022-10-13T08:09:04Z,\N,1,assert
acme:person:e001127~26a10d971d17,person,acme,E001127,Zoltan Jablonski,Manager,DEPT-22,false,2022-09-09T08:17:36Z,\N,2022-10-13T00:49:32Z,\N,1,assert
acme:person:e000045~3994e1417fc7,person,acme,E000045,Rafael Mbatha,Engineer,CC-0005,false,2022-09-26T16:56:18Z,\N,2022-10-14T09:27:39Z,\N,1,assert
acme:person:e000137~83d431dd83e8,person,acme,E000137,Leila Schneider,Technician,DEPT-01,false,2022-09-14T14:46:22Z,\N,2022-10-14T00:52:07Z,\N,1,assert
acme:person:e001242~b8d9f945bbd0,person,acme,E001242,Mira Kaminski,Architect,DEPT-02,false,2022-10-06T05:17:14Z,\N,2022-10-14T02:20:54Z,\N,1,assert
acme:person:e003625~8e26f3cada3e,person,acme,E003625,Zoltan Okonkwo,Manager,CC-0002,false,2022-10-03T17:21:44Z,\N,2022-10-14T03:15:33Z,\N,1,assert
acme:person:e002176~a743777ff32e,person,acme,E002176,Zoltan Ueda,Architect,CC-0011,false,2022-09-26T11:41:48Z,\N,2022-10-15T17:31:57Z,\N,1,assert
acme:person:e002035~49cbc591f041,person,acme,E002035,Gita Quintero,Technician,DEPT-22,false,2022-09-17T01:09:43Z,\N,2022-10-16T04:20:22Z,\N,1,assert
acme:person:e003800~d14ab8236b8e,person,acme,E003800,Sofia Delacroix,Analyst,DEPT-24,false,2022-10-12T11:32:30Z,\N,2022-10-16T10:28:02Z,\N,1,assert
acme:person:e002848~59fefd389a5b,person,acme,E002848,Dmitri Pereira,Auditor,DEPT-04,false,2022-09-07T00:43:19Z,\N,2022-10-20T22:55:53Z,\N,1,assert
acme:person:e001737~b1d8ed6b2985,person,acme,E001737,Ingrid Bergstrom,Technician,DEPT-09,false,2022-08-29T21:45:35Z,\N,2022-10-22T20:05:33Z,\N,1,assert
acme:person:e000164~32fc6cba7d80,person,acme,E000164,Ibrahim Rasmussen,Engineer,DEPT-24,false,2022-09-02T17:41:06Z,\N,2022-10-24T00:22:44Z,\N,1,assert
acme:person:e001981~c7b2acd59f57,person,acme,E001981,Oliver Thorsen,Manager,CC-0008,false,2022-10-09T13:34:47Z,\N,2022-10-24T16:31:59Z,\N,1,assert
acme:person:e000169~bb35391bbc38,person,acme,E000169,Leila Wagner,Engineer,DEPT-05,false,2022-09-06T16:28:30Z,\N,2022-10-27T09:03:26Z,\N,1,assert
acme:person:e000814~1923797902ae,person,acme,E000814,Alan Haddad,Architect,CC-0014,false,2022-10-27T04:55:31Z,\N,2022-10-28T13:09:56Z,\N,1,assert
acme:person:e002362~e485ac4245f7,person,acme,E002362,Ada Lindqvist,Technician,DEPT-07,false,2022-09-19T15:38:46Z,\N,2022-10-28T14:54:33Z,\N,1,assert
acme:person:e003365~d524d2508b73,person,acme,E003365,Felix Fontaine,Auditor,DEPT-12,false,2022-09-14T17:28:03Z,\N,2022-10-28T20:54:16Z,\N,1,assert
acme:person:e001357~9741e0d07449,person,acme,E001357,Quinn Baptiste,Analyst,DEPT-07,false,2022-10-19T07:09:33Z,\N,2022-10-29T20:39:49Z,\N,1,assert
acme:person:e000875~238ea32335db,person,acme,E000875,Sofia Thorsen,Analyst,CC-0007,false,2022-09-16T06:49:22Z,\N,2022-10-31T00:15:48Z,\N,1,assert
acme:person:e002412~c74d557d31c9,person,acme,E002412,Fatima Haddad,Manager,CC-0005,false,2022-10-17T01:37:53Z,\N,2022-10-31T06:48:27Z,\N,1,assert
acme:person:e003135~dfc3261ef9c2,person,acme,E003135,Lucia Weiss,Auditor,DEPT-09,false,2022-09-09T19:49:34Z,\N,2022-10-31T00:45:16Z,\N,1,assert
acme:person:e000154~7768de99407b,person,acme,E000154,Xenia Silvestri,Architect,DEPT-02,false,2022-10-19T10:49:52Z,\N,2022-11-01T07:34:52Z,\N,1,assert
acme:person:e002897~2af745000230,person,acme,E002897,Mira Gundersen,Buyer,CC-0006,false,2022-10-28T22:10:44Z,\N,2022-11-01T00:53:14Z,\N,1,assert
acme:person:e001444~d92ef8b20cf2,person,acme,E001444,Jonas Ivanova,Auditor,DEPT-06,false,2022-10-25T11:19:26Z,\N,2022-11-02T14:12:10Z,\N,1,assert
acme:person:e000259~f84457872898,person,acme,E000259,Vikram Mbatha,Technician,CC-0005,false,2022-09-18T22:57:53Z,\N,2022-11-03T13:36:08Z,\N,1,assert
acme:person:e000417~1d729f3856c1,person,acme,E000417,Jonas Bergstrom,Engineer,DEPT-02,false,2022-09-24T18:41:44Z,\N,2022-11-04T01:02:14Z,\N,1,assert
acme:person:e003378~5867fc4189ad,person,acme,E003378,Zara Eberhardt,Manager,CC-0002,false,2022-09-28T05:44:26Z,\N,2022-11-04T17:36:07Z,\N,1,assert
acme:person:e000711~1ee10e0b967c,person,acme,E000711,Farid Gundersen,Auditor,DEPT-06,false,2022-10-26T22:27:21Z,\N,2022-11-05T09:21:55Z,\N,1,assert
acme:person:e000715~c3fd3562d29b,person,acme,E000715,Quinn Santos,Auditor,DEPT-12,false,2022-09-15T15:50:07Z,\N,2022-11-05T01:46:44Z,\N,1,assert
acme:person:e002474~2cb33afa2025,person,acme,E002474,Chidi Thorsen,Engineer,DEPT-14,false,2022-11-02T04:40:05Z,\N,2022-11-05T07:01:07Z,\N,1,assert
acme:person:e000388~1280ed86f93b,person,acme,E000388,Anika Pereira,Auditor,DEPT-08,true,2022-10-02T20:03:04Z,2023-11-24T22:03:32Z,2022-11-05T19:16:17Z,\N,1,assert
acme:person:e002262~fc99c3b75d45,person,acme,E002262,Ada Chowdhury,Engineer,CC-0008,false,2022-10-13T17:33:20Z,\N,2022-11-06T16:56:51Z,\N,1,assert
acme:person:e000713~e85219f562b7,person,acme,E000713,Wen Gundersen,Engineer,CC-0003,false,2022-10-02T03:59:43Z,\N,2022-11-07T02:12:19Z,\N,1,assert
acme:person:e001741~cc1562a7ce30,person,acme,E001741,Tomas Lindqvist,Analyst,CC-0005,false,2022-10-27T23:27:26Z,\N,2022-11-07T10:43:37Z,\N,1,assert
acme:person:e001254~45df9aaf546d,person,acme,E001254,Rafael Rasmussen,Engineer,DEPT-21,false,2022-09-24T23:07:11Z,\N,2022-11-08T01:16:40Z,\N,1,assert
acme:person:e003069~2498eafff28d,person,acme,E003069,Elena Oyelaran,Buyer,DEPT-23,false,2022-10-31T02:13:58Z,\N,2022-11-08T15:13:17Z,\N,1,assert
acme:person:e001340~1d226480200a,person,acme,E001340,Yusuf Nakamura,Analyst,CC-0010,false,2022-11-01T13:02:39Z,\N,2022-11-09T16:04:47Z,\N,1,assert
acme:person:e002472~8e498c41d8ea,person,acme,E002472,Anders Vaughan,Manager,DIV-CORP,false,2022-09-17T20:25:10Z,\N,2022-11-09T04:40:00Z,\N,1,assert
acme:person:e000072~0a2619f0d3f9,person,acme,E000072,Ingrid Kovac,Auditor,DEPT-16,false,2022-10-27T04:27:03Z,\N,2022-11-10T21:26:15Z,\N,1,assert
acme:person:e000114~6841a0fec7c4,person,acme,E000114,Zara Abbott,Analyst,DEPT-11,false,2022-09-23T10:23:57Z,\N,2022-11-10T15:37:06Z,\N,1,assert
acme:person:e003207~4a4f45b2a694,person,acme,E003207,Clara Baptiste,Analyst,DEPT-10,false,2022-11-10T19:38:43Z,\N,2022-11-11T15:00:45Z,\N,1,assert
acme:person:e002281~2fb5f4785ca2,person,acme,E002281,Samir Bergstrom,Technician,DEPT-12,false,2022-10-24T04:00:54Z,\N,2022-11-12T15:36:19Z,\N,1,assert
acme:person:e003103~b918d4942dc0,person,acme,E003103,Felix Oyelaran,Architect,DEPT-13,false,2022-11-07T13:22:38Z,\N,2022-11-12T23:24:47Z,\N,1,assert
acme:person:e000011~968736616a61,person,acme,E000011,Hugo Ueda,Manager,DEPT-08,false,2022-09-23T17:11:02Z,\N,2022-11-13T19:04:02Z,\N,1,assert
acme:person:e000331~9bac36a1e389,person,acme,E000331,Clara Chowdhury,Engineer,DEPT-10,false,2022-10-11T11:15:49Z,\N,2022-11-15T17:44:38Z,\N,1,assert
acme:person:e003144~1ab4bad2c275,person,acme,E003144,Jonas Novak,Architect,CC-0013,false,2022-10-08T02:14:12Z,\N,2022-11-15T13:57:27Z,\N,1,assert
acme:person:e003709~c6bedc85d080,person,acme,E003709,Anika Chowdhury,Engineer,DEPT-19,false,2022-11-08T09:28:02Z,\N,2022-11-15T01:58:58Z,\N,1,assert
acme:person:e001380~be3f82fbab83,person,acme,E001380,Anika Eberhardt,Engineer,DEPT-04,false,2022-09-19T20:26:45Z,\N,2022-11-16T16:01:45Z,\N,1,assert
acme:person:e000322~d1c53aa45d9e,person,acme,E000322,Noor Nakamura,Technician,DEPT-16,false,2022-10-25T20:47:33Z,\N,2022-11-17T08:59:21Z,\N,1,assert
acme:person:e002411~953b58ab2c20,person,acme,E002411,Tomas Delacroix,Architect,CC-0002,false,2022-10-25T17:11:22Z,\N,2022-11-17T10:20:49Z,\N,1,assert
acme:person:e003323~e916242d020c,person,acme,E003323,Liam Marchetti,Architect,CC-0014,true,2022-09-29T02:04:39Z,2024-07-13T16:42:53Z,2022-11-18T09:56:26Z,\N,1,assert
acme:person:e000629~46fb5795f507,person,acme,E000629,Paola Baptiste,Engineer,CC-0001,false,2022-11-16T07:27:32Z,\N,2022-11-18T23:35:03Z,\N,1,assert
acme:person:e000689~0fe0d73aaad7,person,acme,E000689,Clara Thorsen,Architect,DEPT-02,false,2022-11-01T12:45:58Z,\N,2022-11-18T06:55:27Z,\N,1,assert
acme:person:e000760~2deafb9926a7,person,acme,E000760,Gita Mbatha,Analyst,DEPT-16,false,2022-10-26T16:54:51Z,\N,2022-11-19T21:40:14Z,\N,1,assert
acme:person:e001820~66c7294a6cd4,person,acme,E001820,Mira Santos,Auditor,CC-0013,false,2022-10-13T11:44:48Z,\N,2022-11-19T22:52:29Z,\N,1,assert
acme:person:e003447~712aba58cf9c,person,acme,E003447,Anders Schneider,Engineer,CC-0004,false,2022-10-18T22:32:26Z,\N,2022-11-19T20:45:14Z,\N,1,assert
acme:person:e001610~571791dc8cd3,person,acme,E001610,Leila Eberhardt,Architect,DEPT-15,false,2022-11-14T19:10:49Z,\N,2022-11-20T04:35:10Z,\N,1,assert
acme:person:e000250~c15117533ab2,person,acme,E000250,Priya Kaminski,Architect,CC-0013,false,2022-11-02T09:39:07Z,\N,2022-11-21T09:16:39Z,\N,1,assert
acme:person:e001999~bf4ab705fa21,person,acme,E001999,Farid Ueda,Engineer,CC-0005,false,2022-10-11T02:42:13Z,\N,2022-11-21T10:13:52Z,\N,1,assert
acme:person:e002131~7c1ee29aa382,person,acme,E002131,Rafael Fontaine,Buyer,DIV-CORP,true,2022-10-18T11:30:18Z,2023-10-14T01:35:44Z,2022-11-22T12:42:36Z,\N,1,assert
acme:person:e002272~583107142233,person,acme,E002272,Zoltan Rasmussen,Engineer,DEPT-14,false,2022-11-18T09:18:37Z,\N,2022-11-23T23:03:09Z,\N,1,assert
acme:person:e001682~7a01985ce823,person,acme,E001682,Kwame Kovac,Manager,DEPT-01,false,2022-11-14T09:24:27Z,\N,2022-11-24T12:20:08Z,\N,1,assert
acme:person:e002638~bce76a20f53b,person,acme,E002638,Carla Bergstrom,Technician,CC-0007,false,2022-11-09T04:20:28Z,\N,2022-11-25T21:59:41Z,\N,1,assert
acme:person:e003535~d3d06e650f19,person,acme,E003535,Keiko Kaminski,Engineer,DEPT-24,false,2022-09-30T14:50:38Z,\N,2022-11-25T21:56:19Z,\N,1,assert
acme:person:e001321~24711ef806f0,person,acme,E001321,Lars Vaughan,Manager,DIV-CORP,false,2022-10-15T22:37:00Z,\N,2022-11-26T02:10:31Z,\N,1,assert
acme:person:e001965~8854c4272a6c,person,acme,E001965,Ingrid Quintero,Technician,DEPT-19,true,2022-11-19T17:50:35Z,2023-06-02T14:10:35Z,2022-11-26T23:31:18Z,\N,1,assert
acme:person:e000313~220cea2df5e9,person,acme,E000313,Xenia Wagner,Buyer,DEPT-21,false,2022-10-17T12:24:44Z,\N,2022-11-27T20:43:02Z,\N,1,assert
acme:person:e000907~e23303047dee,person,acme,E000907,Leila Bergstrom,Technician,DEPT-19,false,2022-11-15T17:32:43Z,\N,2022-11-28T04:58:56Z,\N,1,assert
acme:person:e001526~9ab744911c69,person,acme,E001526,Wen Vaughan,Manager,DEPT-05,false,2022-11-11T09:22:03Z,\N,2022-11-28T17:30:14Z,\N,1,assert
acme:person:e003945~10b7aee3b8c7,person,acme,E003945,Dmitri Fontaine,Engineer,DEPT-06,false,2022-10-20T19:02:43Z,\N,2022-11-28T22:23:37Z,\N,1,assert
acme:person:e000492~590d990d2b2c,person,acme,E000492,Anders Novak,Architect,DEPT-14,false,2022-11-16T18:11:07Z,\N,2022-11-29T12:55:24Z,\N,1,assert
acme:person:e001867~83b7ee847fe1,person,acme,E001867,Nadia Nakamura,Auditor,DEPT-11,false,2022-11-18T10:51:04Z,\N,2022-11-29T01:20:20Z,\N,1,assert
acme:person:e002249~b1e201ba5af9,person,acme,E002249,Sofia Nakamura,Auditor,CC-0010,false,2022-09-30T05:30:42Z,\N,2022-11-29T08:09:57Z,\N,1,assert
acme:person:e002460~438b37d971c9,person,acme,E002460,Quinn Schneider,Architect,DEPT-03,false,2022-10-30T13:57:50Z,\N,2022-11-29T14:54:04Z,\N,1,assert
acme:person:e002506~d1ffb508641a,person,acme,E002506,Ada Schneider,Auditor,DEPT-24,false,2022-10-06T13:45:59Z,\N,2022-11-29T05:37:42Z,\N,1,assert
acme:person:e003315~9eb809480c05,person,acme,E003315,Oliver Kovac,Auditor,DEPT-07,false,2022-11-25T18:32:26Z,\N,2022-11-29T05:30:01Z,\N,1,assert
acme:person:e001574~744886adebd0,person,acme,E001574,Clara Oyelaran,Analyst,DEPT-06,false,2022-10-24T20:03:17Z,\N,2022-11-30T13:26:55Z,\N,1,assert
acme:person:e002792~9ed50b6d0189,person,acme,E002792,Kwame Gallagher,Analyst,DEPT-14,false,2022-11-23T17:14:51Z,\N,2022-11-30T15:22:05Z,\N,1,assert
acme:person:e002793~801093c474af,person,acme,E002793,Anders Gundersen,Manager,CC-0009,false,2022-11-01T06:10:09Z,\N,2022-11-30T05:57:38Z,\N,1,assert
acme:person:e000886~cc9c15001764,person,acme,E000886,Anders Haddad,Auditor,CC-0003,false,2022-11-09T16:07:33Z,\N,2022-12-01T13:00:24Z,\N,1,assert
acme:person:e002749~1bc27e98fefe,person,acme,E002749,Mira Quintero,Buyer,DIV-CORP,false,2022-10-16T16:37:24Z,\N,2022-12-01T10:28:10Z,\N,1,assert
acme:person:e002301~24b0a4609d83,person,acme,E002301,Yara Santos,Technician,DEPT-04,false,2022-10-14T19:43:17Z,\N,2022-12-02T09:17:53Z,\N,1,assert
acme:person:e001914~81c9d6a26c22,person,acme,E001914,Ada Okonkwo,Architect,DEPT-23,false,2022-10-30T10:43:53Z,\N,2022-12-03T05:52:47Z,\N,1,assert
acme:person:e000931~6de36d4de319,person,acme,E000931,Jonas Zhang,Engineer,DIV-CORP,false,2022-10-22T17:29:00Z,\N,2022-12-04T17:00:41Z,\N,1,assert
acme:person:e003857~5eb966de8250,person,acme,E003857,Priya Delacroix,Architect,DIV-CORP,false,2022-10-27T22:00:17Z,\N,2022-12-04T04:20:25Z,\N,1,assert
acme:person:e002687~17dff1423afe,person,acme,E002687,Kwame Nakamura,Analyst,DEPT-13,true,2022-10-15T14:29:46Z,2025-04-19T22:00:51Z,2022-12-04T23:27:20Z,\N,1,assert
acme:person:e000039~d9d52e371558,person,acme,E000039,Keiko Thorsen,Architect,CC-0012,false,2022-10-16T20:04:23Z,\N,2022-12-06T13:50:57Z,\N,1,assert
acme:person:e002536~31d5c6726374,person,acme,E002536,Renata Kaminski,Analyst,CC-0008,false,2022-11-17T00:13:33Z,\N,2022-12-06T21:30:44Z,\N,1,assert
acme:person:e000289~b5ee26fe2924,person,acme,E000289,Yusuf Silvestri,Analyst,CC-0014,false,2022-11-12T12:22:35Z,\N,2022-12-07T01:42:14Z,\N,1,assert
acme:person:e003797~d6aa36032588,person,acme,E003797,Mira Vaughan,Engineer,CC-0011,false,2022-11-08T20:30:30Z,\N,2022-12-07T07:58:40Z,\N,1,assert
acme:person:e002752~f1447610ae0e,person,acme,E002752,Anders Rasmussen,Buyer,DEPT-20,false,2022-11-07T22:33:38Z,\N,2022-12-08T11:16:04Z,\N,1,assert
acme:person:e003389~c6e07d7a9bde,person,acme,E003389,Sofia Lindqvist,Manager,DEPT-04,false,2022-11-16T01:41:58Z,\N,2022-12-09T07:11:59Z,\N,1,assert
acme:person:e001573~2dd9215d499a,person,acme,E001573,Nadia Abbott,Buyer,DEPT-16,false,2022-10-21T03:01:08Z,\N,2022-12-11T07:10:10Z,\N,1,assert
acme:person:e003291~390ab8bb5650,person,acme,E003291,Leila Abbott,Manager,DEPT-09,false,2022-11-23T23:51:49Z,\N,2022-12-11T09:23:43Z,\N,1,assert
acme:person:e002499~c9b06462f650,person,acme,E002499,Lucia Ivanova,Manager,DEPT-03,false,2022-10-16T10:50:44Z,\N,2022-12-12T05:55:14Z,\N,1,assert
acme:person:e002882~c34e060fb93b,person,acme,E002882,Renata Ivanova,Technician,CC-0005,true,2022-11-16T20:12:03Z,2023-06-16T19:25:47Z,2022-12-13T13:18:59Z,\N,1,assert
acme:person:e001360~bf2a7a8bfc96,person,acme,E001360,Rafael Yilmaz,Architect,CC-0005,true,2022-11-27T08:36:40Z,2024-03-31T01:14:34Z,2022-12-13T14:25:02Z,\N,1,assert
acme:person:e002315~8caff32cb120,person,acme,E002315,Vikram Gundersen,Engineer,CC-0008,false,2022-10-14T17:48:55Z,\N,2022-12-13T15:46:46Z,\N,1,assert
acme:person:e000914~f2c31e856057,person,acme,E000914,Anika Ueda,Analyst,DEPT-06,false,2022-11-24T12:45:01Z,\N,2022-12-14T19:10:08Z,\N,1,assert
acme:person:e003106~7e71f959a6ef,person,acme,E003106,Clara Bergstrom,Analyst,DEPT-18,false,2022-11-28T04:20:40Z,\N,2022-12-14T23:08:19Z,\N,1,assert
acme:person:e003875~06e54153caeb,person,acme,E003875,Rafael Fontaine,Manager,CC-0003,false,2022-10-28T06:37:10Z,\N,2022-12-14T17:57:22Z,\N,1,assert
acme:person:e002255~0ea37d86ef5d,person,acme,E002255,Clara Oyelaran,Engineer,DEPT-10,false,2022-11-21T04:36:51Z,\N,2022-12-16T06:58:42Z,\N,1,assert
acme:person:e001260~b4077f36f570,person,acme,E001260,Clara Mbatha,Auditor,DEPT-19,false,2022-11-24T03:42:47Z,\N,2022-12-18T07:48:45Z,\N,1,assert
acme:person:e003838~200d87545866,person,acme,E003838,Zara Marchetti,Analyst,DEPT-19,false,2022-12-14T17:07:46Z,\N,2022-12-18T01:30:44Z,\N,1,assert
acme:person:e003225~b60c61934425,person,acme,E003225,Clara Lindqvist,Buyer,CC-0011,false,2022-10-25T15:06:19Z,\N,2022-12-19T15:14:20Z,\N,1,assert
acme:person:e003834~7c7e9486ae51,person,acme,E003834,Clara Marchetti,Architect,DEPT-23,false,2022-11-28T11:29:26Z,\N,2022-12-20T06:51:29Z,\N,1,assert
acme:person:e000052~4aa6310f4475,person,acme,E000052,Elena Silvestri,Manager,DEPT-04,false,2022-11-13T02:40:32Z,\N,2022-12-21T13:51:33Z,\N,1,assert
acme:person:e001413~887c8f6337f1,person,acme,E001413,Zoltan Oyelaran,Engineer,CC-0004,false,2022-11-05T23:35:40Z,\N,2022-12-21T08:22:52Z,\N,1,assert
acme:person:e000845~5c1ac908b3f5,person,acme,E000845,Vikram Nakamura,Analyst,CC-0010,true,2022-11-14T08:36:25Z,2025-04-07T09:05:45Z,2022-12-22T01:44:01Z,\N,1,assert
acme:person:e000066~7ea29b22ee87,person,acme,E000066,Dmitri Weiss,Analyst,CC-0014,false,2022-11-18T00:19:47Z,\N,2022-12-22T14:31:52Z,\N,1,assert
acme:person:e000948~b4c7ad37e052,person,acme,E000948,Amara Chowdhury,Auditor,DEPT-07,false,2022-12-15T11:41:16Z,\N,2022-12-24T04:46:02Z,\N,1,assert
acme:person:e003469~2ae9e60a4b98,person,acme,E003469,Paola Oyelaran,Engineer,CC-0013,false,2022-11-28T14:24:48Z,\N,2022-12-24T18:06:28Z,\N,1,assert
acme:person:e001938~3a9ea3397888,person,acme,E001938,Leila Baptiste,Architect,DEPT-03,false,2022-12-19T04:56:22Z,\N,2022-12-25T00:50:35Z,\N,1,assert
acme:person:e001430~cca4fdfee2b8,person,acme,E001430,Oliver Haddad,Architect,CC-0011,false,2022-11-01T02:52:42Z,\N,2022-12-26T23:09:05Z,\N,1,assert
acme:person:e001826~ae2033ff8e94,person,acme,E001826,Noor Novak,Technician,DEPT-03,false,2022-11-12T17:35:48Z,\N,2022-12-26T10:38:47Z,\N,1,assert
acme:person:e000747~ade0e815a41e,person,acme,E000747,Dmitri Lindqvist,Analyst,CC-0012,false,2022-11-20T22:47:51Z,\N,2022-12-27T04:13:43Z,\N,1,assert
acme:person:e002934~dec76312f9ba,person,acme,E002934,Mira Vaughan,Analyst,CC-0007,false,2022-12-02T12:39:51Z,\N,2022-12-27T00:01:47Z,\N,1,assert
acme:person:e003265~34f725b34f7d,person,acme,E003265,Fatima Zhang,Analyst,CC-0014,false,2022-11-26T07:13:24Z,\N,2022-12-27T06:36:58Z,\N,1,assert
acme:person:e000168~56539f29e228,person,acme,E000168,Keiko Tanaka,Technician,CC-0001,false,2022-11-29T14:33:41Z,\N,2022-12-28T09:02:51Z,\N,1,assert
acme:person:e003522~152f2ab3f0fd,person,acme,E003522,Felix Castellanos,Engineer,DEPT-20,false,2022-12-04T03:36:44Z,\N,2022-12-28T15:01:57Z,\N,1,assert
acme:person:e000595~97cec15dc5d1,person,acme,E000595,Noor Kaminski,Buyer,DEPT-15,false,2022-12-16T09:18:41Z,\N,2022-12-29T04:47:26Z,\N,1,assert
acme:person:e002139~a705f093e71a,person,acme,E002139,Alan Okonkwo,Architect,DEPT-15,false,2022-11-16T19:33:19Z,\N,2022-12-29T00:13:14Z,\N,1,assert
acme:person:e002498~ed49306c920d,person,acme,E002498,Bruno Silvestri,Technician,DEPT-09,false,2022-11-18T07:50:31Z,\N,2022-12-29T09:13:09Z,\N,1,assert
acme:person:e003781~613bed0a188c,person,acme,E003781,Jonas Rasmussen,Architect,DEPT-23,false,2022-11-24T01:43:56Z,\N,2022-12-29T09:50:41Z,\N,1,assert
acme:person:e002130~2ff46f08bbfb,person,acme,E002130,Mira Rasmussen,Architect,DEPT-09,false,2022-12-27T07:26:59Z,\N,2023-01-01T00:56:48Z,\N,1,assert
acme:person:e002918~a79950175258,person,acme,E002918,Ursula Thorsen,Auditor,DEPT-24,false,2022-11-19T02:00:43Z,\N,2023-01-01T07:53:43Z,\N,1,assert
acme:person:e000311~4e6f57232b56,person,acme,E000311,Ingrid Nakamura,Manager,DEPT-14,false,2022-12-04T00:28:10Z,\N,2023-01-02T21:09:55Z,\N,1,assert
acme:person:e002515~0211ac437201,person,acme,E002515,Felix Kovac,Manager,DEPT-12,false,2022-11-13T11:42:05Z,\N,2023-01-02T06:39:00Z,\N,1,assert
acme:person:e002767~a15cd6e54ac2,person,acme,E002767,Priya Abbott,Auditor,DEPT-22,false,2022-12-26T09:31:32Z,\N,2023-01-02T02:33:58Z,\N,1,assert
acme:person:e000891~ee6317dcf6ec,person,acme,E000891,Marcus Kovac,Architect,DEPT-06,false,2022-12-10T02:27:29Z,\N,2023-01-03T12:48:43Z,\N,1,assert
acme:person:e003245~3f9b8146049b,person,acme,E003245,Farid Weiss,Analyst,DEPT-11,false,2022-11-14T00:43:34Z,\N,2023-01-03T04:05:59Z,\N,1,assert
acme:person:e003713~e083a841b79b,person,acme,E003713,Anika Delacroix,Analyst,DEPT-14,false,2022-12-07T07:38:10Z,\N,2023-01-03T20:36:16Z,\N,1,assert
acme:person:e003169~29668e0044f0,person,acme,E003169,Marcus Quintero,Engineer,CC-0001,false,2022-12-16T17:34:26Z,\N,2023-01-04T05:41:45Z,\N,1,assert
acme:person:e001276~e9b9f6539072,person,acme,E001276,Elena Quintero,Auditor,DEPT-20,false,2022-11-27T19:34:48Z,\N,2023-01-05T06:09:03Z,\N,1,assert
acme:person:e002785~191823cba239,person,acme,E002785,Anika Chowdhury,Analyst,DEPT-11,false,2022-12-07T16:55:28Z,\N,2023-01-05T19:26:14Z,\N,1,assert
acme:person:e000575~9a8a7649586d,person,acme,E000575,Fatima Oyelaran,Engineer,CC-0007,false,2022-11-11T16:21:12Z,\N,2023-01-06T04:19:43Z,\N,1,assert
acme:person:e000752~030a2cfeeff4,person,acme,E000752,Amara Weiss,Auditor,DEPT-15,false,2022-12-23T08:41:00Z,\N,2023-01-06T04:48:19Z,\N,1,assert
acme:person:e001005~e7e642858716,person,acme,E001005,Hugo Fontaine,Manager,CC-0009,false,2022-12-12T01:20:33Z,\N,2023-01-06T11:17:32Z,\N,1,assert
acme:person:e000666~30d3cb7d0d17,person,acme,E000666,Anika Marchetti,Auditor,DEPT-12,true,2022-11-13T06:16:41Z,2024-10-09T17:58:43Z,2023-01-06T13:02:01Z,\N,1,assert
acme:person:e002672~a0b6801a5b4d,person,acme,E002672,Elena Vaughan,Auditor,DEPT-18,false,2022-11-21T11:13:39Z,\N,2023-01-07T23:13:26Z,\N,1,assert
acme:person:e003760~5ec7d85ca168,person,acme,E003760,Dmitri Yilmaz,Manager,DEPT-03,false,2022-12-24T14:09:22Z,\N,2023-01-07T11:40:11Z,\N,1,assert
acme:person:e003808~46fc908779a8,person,acme,E003808,Kwame Fontaine,Technician,CC-0010,false,2022-11-25T00:03:48Z,\N,2023-01-07T20:06:03Z,\N,1,assert
acme:person:e001197~1860a5bfb493,person,acme,E001197,Wen Ivanova,Engineer,DIV-CORP,false,2022-12-12T02:43:40Z,\N,2023-01-09T21:13:33Z,\N,1,assert
acme:person:e001676~c4613010b856,person,acme,E001676,Anders Tanaka,Engineer,DEPT-21,false,2022-12-31T02:53:19Z,\N,2023-01-09T03:03:42Z,\N,1,assert
acme:person:e003856~df1961c247d4,person,acme,E003856,Jonas Eberhardt,Architect,CC-0008,true,2022-11-29T20:20:01Z,2023-09-11T14:05:41Z,2023-01-10T14:10:11Z,\N,1,assert
acme:person:e000167~af50b3808fa3,person,acme,E000167,Bruno Nakamura,Analyst,CC-0010,false,2022-12-22T04:22:25Z,\N,2023-01-11T09:49:03Z,\N,1,assert
acme:person:e002839~0ee636fb13d1,person,acme,E002839,Leila Fontaine,Analyst,CC-0006,false,2022-12-05T20:25:24Z,\N,2023-01-11T23:38:10Z,\N,1,assert
acme:person:e002147~2cda227a8c98,person,acme,E002147,Yusuf Weiss,Auditor,DEPT-16,false,2023-01-03T16:37:22Z,\N,2023-01-12T00:09:41Z,\N,1,assert
acme:person:e001753~b2449f0a3c47,person,acme,E001753,Ibrahim Kovac,Engineer,CC-0001,true,2022-11-20T13:28:18Z,2025-04-21T04:30:40Z,2023-01-12T05:06:00Z,\N,1,assert
acme:person:e003006~f89a6abccbb1,person,acme,E003006,Lucia Gundersen,Auditor,DEPT-16,false,2023-01-11T20:46:51Z,\N,2023-01-12T11:28:36Z,\N,1,assert
acme:person:e002377~7356e0ba3d87,person,acme,E002377,Samir Pereira,Buyer,DEPT-20,false,2022-11-22T05:16:38Z,\N,2023-01-13T12:55:18Z,\N,1,assert
acme:person:e003369~58552f490d83,person,acme,E003369,Ada Wagner,Engineer,DEPT-16,false,2023-01-08T14:04:05Z,\N,2023-01-13T23:51:47Z,\N,1,assert
acme:person:e003746~92473bd33b6f,person,acme,E003746,Carla Haddad,Architect,CC-0005,false,2022-12-18T12:04:32Z,\N,2023-01-13T16:53:14Z,\N,1,assert
acme:person:e001621~6cd0869f70c3,person,acme,E001621,Bruno Mbatha,Buyer,DEPT-24,false,2022-12-29T16:20:26Z,\N,2023-01-14T18:21:55Z,\N,1,assert
acme:person:e002169~d8ec52b05a0e,person,acme,E002169,Clara Pereira,Architect,CC-0001,false,2022-12-08T09:32:46Z,\N,2023-01-14T23:09:32Z,\N,1,assert
acme:person:e000097~df4f6e4eff91,person,acme,E000097,Quinn Novak,Buyer,DIV-CORP,false,2022-11-20T00:25:27Z,\N,2023-01-15T02:07:20Z,\N,1,assert
acme:person:e000288~5e0d1915b7f1,person,acme,E000288,Chidi Silvestri,Buyer,CC-0001,false,2022-12-12T17:27:13Z,\N,2023-01-15T00:40:37Z,\N,1,assert
acme:person:e001263~c2072f439beb,person,acme,E001263,Lars Ueda,Architect,CC-0012,false,2022-12-24T14:36:25Z,\N,2023-01-15T00:18:39Z,\N,1,assert
acme:person:e002055~51ebb225f467,person,acme,E002055,Wen Weiss,Engineer,CC-0011,false,2022-12-22T01:30:00Z,\N,2023-01-16T18:25:10Z,\N,1,assert
acme:person:e002150~0febfed00b57,person,acme,E002150,Ada Castellanos,Manager,CC-0004,false,2023-01-03T16:59:37Z,\N,2023-01-17T18:14:56Z,\N,1,assert
acme:person:e002162~68ca79baae27,person,acme,E002162,Fatima Ivanova,Buyer,CC-0003,false,2022-12-09T18:05:05Z,\N,2023-01-17T02:34:26Z,\N,1,assert
acme:person:e000509~31be013609fd,person,acme,E000509,Chidi Delacroix,Architect,DEPT-19,false,2022-12-02T15:30:10Z,\N,2023-01-18T18:47:27Z,\N,1,assert
acme:person:e001070~a964394d589f,person,acme,E001070,Ibrahim Zhang,Engineer,CC-0006,false,2022-12-17T00:14:32Z,\N,2023-01-18T13:25:57Z,\N,1,assert
acme:person:e001355~c0b0083e802c,person,acme,E001355,Anders Lindqvist,Architect,DEPT-07,false,2023-01-17T12:10:08Z,\N,2023-01-18T17:27:26Z,\N,1,assert
acme:person:e000690~f60d092adf84,person,acme,E000690,Wen Rasmussen,Auditor,CC-0002,false,2022-12-11T12:13:48Z,\N,2023-01-19T03:26:27Z,\N,1,assert
acme:person:e002163~8bca9e38f0d2,person,acme,E002163,Alan Ueda,Technician,DEPT-08,false,2023-01-16T21:59:29Z,\N,2023-01-19T02:00:42Z,\N,1,assert
acme:person:e002875~e4a4d3a8e229,person,acme,E002875,Alan Silvestri,Buyer,DEPT-21,false,2022-12-19T17:25:26Z,\N,2023-01-19T11:01:02Z,\N,1,assert
acme:person:e002179~f42170359b0f,person,acme,E002179,Renata Wagner,Technician,DEPT-12,false,2022-12-29T07:12:36Z,\N,2023-01-20T19:52:34Z,\N,1,assert
acme:person:e000109~f17e992bd04a,person,acme,E000109,Vikram Eberhardt,Auditor,DEPT-16,false,2022-12-31T14:59:17Z,\N,2023-01-21T22:51:53Z,\N,1,assert
acme:person:e000673~f27c202fa910,person,acme,E000673,Renata Quintero,Architect,DEPT-13,false,2022-12-19T08:22:18Z,\N,2023-01-21T20:21:36Z,\N,1,assert
acme:person:e000765~22cd398e6633,person,acme,E000765,Alan Rasmussen,Technician,DEPT-14,false,2022-12-25T13:23:19Z,\N,2023-01-22T16:04:17Z,\N,1,assert
acme:person:e000321~b74ca3b066df,person,acme,E000321,Paola Novak,Technician,DEPT-19,false,2022-11-25T06:54:39Z,\N,2023-01-24T21:23:14Z,\N,1,assert
acme:person:e002397~2a460f02d06a,person,acme,E002397,Mira Vaughan,Architect,CC-0011,false,2023-01-25T13:25:22Z,\N,2023-01-27T15:53:17Z,\N,1,assert
acme:person:e002895~9c9b703f623f,person,acme,E002895,Chidi Okonkwo,Buyer,DEPT-05,true,2022-12-18T17:58:17Z,2023-07-31T03:35:45Z,2023-01-28T02:33:48Z,\N,1,assert
acme:person:e001817~c841ad3e204b,person,acme,E001817,Farid Kovac,Architect,DEPT-05,false,2022-12-02T10:50:07Z,\N,2023-01-28T05:59:37Z,\N,1,assert
acme:person:e003417~02d851626c37,person,acme,E003417,Keiko Ivanova,Buyer,DEPT-18,true,2022-12-22T20:29:38Z,2025-01-07T01:08:22Z,2023-01-28T11:09:41Z,\N,1,assert
acme:person:e003530~894d756d48fa,person,acme,E003530,Ingrid Pereira,Analyst,DIV-CORP,false,2023-01-16T22:27:53Z,\N,2023-01-29T07:02:27Z,\N,1,assert
acme:person:e001228~3cdcbb6004a8,person,acme,E001228,Yara Gundersen,Auditor,DEPT-02,true,2022-12-30T05:39:57Z,2023-12-23T23:31:02Z,2023-01-29T19:02:52Z,\N,1,assert
acme:person:e000786~8c7ba7ae307d,person,acme,E000786,Jonas Eberhardt,Auditor,CC-0014,false,2022-12-29T07:54:28Z,\N,2023-01-30T06:47:46Z,\N,1,assert
acme:person:e001237~d91b94d69d63,person,acme,E001237,Lars Yilmaz,Engineer,DEPT-18,false,2022-12-09T14:30:02Z,\N,2023-01-30T17:01:54Z,\N,1,assert
acme:person:e000158~01db8b6d946b,person,acme,E000158,Dmitri Nakamura,Engineer,DEPT-08,false,2023-01-05T11:38:56Z,\N,2023-01-31T00:44:37Z,\N,1,assert
acme:person:e003297~66a43a0adb3a,person,acme,E003297,Elena Zhang,Manager,DEPT-10,false,2023-01-25T00:17:20Z,\N,2023-01-31T04:17:58Z,\N,1,assert
acme:person:e000539~a8367979b0f5,person,acme,E000539,Zoltan Weiss,Manager,DEPT-16,false,2023-01-06T06:25:21Z,\N,2023-02-01T15:22:22Z,\N,1,assert
acme:person:e000533~0028d08cb496,person,acme,E000533,Tomas Bergstrom,Analyst,DEPT-19,false,2022-12-20T06:02:37Z,\N,2023-02-02T07:19:01Z,\N,1,assert
acme:person:e001308~1ded8307090d,person,acme,E001308,Ada Nakamura,Buyer,DEPT-22,false,2023-01-15T16:05:35Z,\N,2023-02-02T12:27:58Z,\N,1,assert
acme:person:e003703~39a87fba353e,person,acme,E003703,Lars Eberhardt,Engineer,DEPT-09,false,2023-01-27T01:40:33Z,\N,2023-02-02T00:15:55Z,\N,1,assert
acme:person:e000655~916594ab1f90,person,acme,E000655,Liam Ueda,Auditor,DEPT-17,false,2023-02-02T13:16:49Z,\N,2023-02-03T04:35:17Z,\N,1,assert
acme:person:e001548~5311e70ac8f8,person,acme,E001548,Fatima Zhang,Auditor,CC-0006,false,2023-01-19T05:48:16Z,\N,2023-02-03T12:46:08Z,\N,1,assert
acme:person:e002736~cd78634811f1,person,acme,E002736,Carla Nakamura,Engineer,DEPT-03,false,2022-12-25T09:43:52Z,\N,2023-02-03T18:55:05Z,\N,1,assert
acme:person:e000427~3c5345431c4c,person,acme,E000427,Oliver Rasmussen,Architect,DEPT-03,false,2022-12-22T23:06:04Z,\N,2023-02-04T20:14:18Z,\N,1,assert
acme:person:e000744~2ac76e3ca6c6,person,acme,E000744,Fatima Oyelaran,Architect,DEPT-02,false,2023-01-25T07:25:01Z,\N,2023-02-04T16:16:50Z,\N,1,assert
acme:person:e001666~213ca3f2cf11,person,acme,E001666,Anders Marchetti,Technician,CC-0012,false,2023-01-10T05:05:10Z,\N,2023-02-04T18:16:12Z,\N,1,assert
acme:person:e001796~e7dec4fa8840,person,acme,E001796,Elena Gallagher,Architect,CC-0001,false,2022-12-08T16:36:09Z,\N,2023-02-04T00:15:07Z,\N,1,assert
acme:person:e002036~49bb289a2bdd,person,acme,E002036,Mira Okonkwo,Engineer,CC-0008,false,2023-02-03T11:55:55Z,\N,2023-02-04T07:35:19Z,\N,1,assert
acme:person:e000520~d0ad9915943c,person,acme,E000520,Nadia Chowdhury,Buyer,DEPT-11,false,2023-01-05T10:13:09Z,\N,2023-02-05T14:06:20Z,\N,1,assert
acme:person:e001858~b1c5c2dc030e,person,acme,E001858,Noor Thorsen,Auditor,DEPT-10,false,2023-01-22T16:10:32Z,\N,2023-02-05T11:20:56Z,\N,1,assert
acme:person:e003852~f53d582cdecd,person,acme,E003852,Vikram Rasmussen,Analyst,DEPT-04,false,2023-01-16T17:51:42Z,\N,2023-02-05T17:26:12Z,\N,1,assert
acme:person:e002064~11ce2de9243c,person,acme,E002064,Amara Kaminski,Architect,DEPT-08,false,2023-02-04T09:28:25Z,\N,2023-02-06T14:09:34Z,\N,1,assert
acme:person:e002469~03e8eb2e9064,person,acme,E002469,Keiko Baptiste,Buyer,DIV-CORP,false,2022-12-27T03:20:03Z,\N,2023-02-07T20:30:29Z,\N,1,assert
acme:person:e002129~b46e280d8d78,person,acme,E002129,Xenia Santos,Analyst,DEPT-21,false,2023-01-03T05:16:53Z,\N,2023-02-08T01:03:11Z,\N,1,assert
acme:person:e001620~e957383ceaa0,person,acme,E001620,Vikram Jablonski,Technician,DEPT-19,false,2022-12-27T01:09:07Z,\N,2023-02-09T07:26:28Z,\N,1,assert
acme:person:e002260~51416aff8fb5,person,acme,E002260,Ingrid Ueda,Buyer,CC-0008,false,2022-12-29T04:46:04Z,\N,2023-02-09T01:04:43Z,\N,1,assert
acme:person:e002170~ef33e0b14865,person,acme,E002170,Renata Tanaka,Manager,DEPT-22,false,2022-12-25T00:21:13Z,\N,2023-02-09T17:29:32Z,\N,1,assert
acme:person:e003130~364f9bb0021a,person,acme,E003130,Tomas Ueda,Analyst,CC-0014,false,2023-02-04T12:44:06Z,\N,2023-02-12T10:30:53Z,\N,1,assert
acme:person:e001287~c2b432f824f5,person,acme,E001287,Keiko Nakamura,Analyst,DEPT-21,false,2022-12-24T01:18:18Z,\N,2023-02-13T03:56:25Z,\N,1,assert
acme:person:e001466~aa09b209bc08,person,acme,E001466,Chidi Kovac,Manager,DEPT-18,false,2023-02-02T06:00:46Z,\N,2023-02-13T11:16:21Z,\N,1,assert
acme:person:e000356~bd640cef856c,person,acme,E000356,Liam Kaminski,Engineer,CC-0013,false,2023-01-15T19:18:08Z,\N,2023-02-14T06:17:31Z,\N,1,assert
acme:person:e001446~3a4b3b11d317,person,acme,E001446,Priya Thorsen,Auditor,DEPT-03,false,2022-12-27T02:32:01Z,\N,2023-02-14T22:40:19Z,\N,1,assert
acme:person:e002988~c0970d5f2b78,person,acme,E002988,Dmitri Zhang,Engineer,DEPT-14,false,2022-12-28T17:55:16Z,\N,2023-02-14T16:30:38Z,\N,1,assert
acme:person:e000358~6725817e2392,person,acme,E000358,Carla Fontaine,Analyst,DIV-CORP,false,2023-02-06T16:41:39Z,\N,2023-02-15T18:36:58Z,\N,1,assert
acme:person:e000381~19aff9b97819,person,acme,E000381,Anders Ueda,Manager,DEPT-16,false,2023-02-13T04:52:13Z,\N,2023-02-15T16:28:39Z,\N,1,assert
acme:person:e002251~c660d0b210b3,person,acme,E002251,Oliver Oyelaran,Technician,DEPT-19,false,2023-01-09T21:25:28Z,\N,2023-02-15T15:23:47Z,\N,1,assert
acme:person:e003414~b003de641762,person,acme,E003414,Keiko Thorsen,Technician,CC-0010,false,2023-01-30T20:45:47Z,\N,2023-02-15T18:39:12Z,\N,1,assert
acme:person:e000091~c26dbf65ffca,person,acme,E000091,Quinn Tanaka,Architect,CC-0012,false,2023-01-21T02:04:39Z,\N,2023-02-16T01:28:07Z,\N,1,assert
acme:person:e003580~707ed4738e8d,person,acme,E003580,Wen Castellanos,Buyer,DEPT-13,false,2022-12-29T04:13:21Z,\N,2023-02-16T01:03:18Z,\N,1,assert
acme:person:e001082~29051e340f05,person,acme,E001082,Noor Okonkwo,Engineer,DEPT-10,false,2022-12-25T21:17:05Z,\N,2023-02-17T06:12:16Z,\N,1,assert
acme:person:e001207~8ff0b6848221,person,acme,E001207,Chidi Fontaine,Technician,DEPT-10,false,2023-01-21T07:43:51Z,\N,2023-02-17T14:48:12Z,\N,1,assert
acme:person:e001461~59a2a6e55610,person,acme,E001461,Chidi Okonkwo,Buyer,DEPT-17,false,2023-02-03T12:00:17Z,\N,2023-02-17T11:29:08Z,\N,1,assert
acme:person:e001243~49a710c1387f,person,acme,E001243,Rafael Oyelaran,Technician,DEPT-24,false,2022-12-22T00:21:04Z,\N,2023-02-18T11:40:03Z,\N,1,assert
acme:person:e000589~ac51a727ceb2,person,acme,E000589,Keiko Rasmussen,Manager,CC-0003,false,2023-02-04T21:04:13Z,\N,2023-02-19T21:10:08Z,\N,1,assert
acme:person:e002012~22fe42b1eb2b,person,acme,E002012,Vikram Ueda,Architect,CC-0005,false,2023-02-15T05:41:14Z,\N,2023-02-19T02:15:14Z,\N,1,assert
acme:person:e001488~1a4704bbfac0,person,acme,E001488,Anders Mbatha,Analyst,DEPT-12,false,2023-01-18T16:49:55Z,\N,2023-02-20T04:32:37Z,\N,1,assert
acme:person:e001623~d1052639f025,person,acme,E001623,Sofia Chowdhury,Buyer,DEPT-09,false,2023-01-08T19:18:50Z,\N,2023-02-22T14:14:56Z,\N,1,assert
acme:person:e003479~ebead29f63d0,person,acme,E003479,Yusuf Delacroix,Auditor,DEPT-17,false,2023-01-23T07:26:43Z,\N,2023-02-22T18:31:48Z,\N,1,assert
acme:person:e000504~69f22ede53d5,person,acme,E000504,Leila Zhang,Architect,DEPT-07,false,2023-01-24T08:15:03Z,\N,2023-02-23T05:41:26Z,\N,1,assert
acme:person:e000831~a2108a73c8f1,person,acme,E000831,Quinn Tanaka,Architect,DEPT-11,false,2023-01-21T07:31:22Z,\N,2023-02-23T04:19:18Z,\N,1,assert
acme:person:e003051~ad5d029644d3,person,acme,E003051,Elena Eberhardt,Manager,DEPT-17,false,2023-02-07T18:23:59Z,\N,2023-02-23T09:23:31Z,\N,1,assert
acme:person:e002857~08b994f36496,person,acme,E002857,Xenia Jablonski,Technician,CC-0005,false,2023-01-15T13:04:17Z,\N,2023-02-24T13:26:19Z,\N,1,assert
acme:person:e003662~8bcec62cf0a5,person,acme,E003662,Lucia Santos,Buyer,DEPT-03,false,2023-02-18T01:31:52Z,\N,2023-02-24T11:03:37Z,\N,1,assert
acme:person:e000750~5851a32835e8,person,acme,E000750,Dmitri Lindqvist,Analyst,CC-0002,false,2022-12-27T00:16:12Z,\N,2023-02-25T09:35:21Z,\N,1,assert
acme:person:e002053~95b981e8d3eb,person,acme,E002053,Mira Ueda,Manager,DEPT-19,false,2023-02-23T14:33:39Z,\N,2023-02-26T01:15:39Z,\N,1,assert
acme:person:e003064~35ebe7435181,person,acme,E003064,Zara Ueda,Technician,CC-0001,false,2023-01-19T18:25:35Z,\N,2023-02-26T23:39:55Z,\N,1,assert
acme:person:e003429~49c57851e322,person,acme,E003429,Bruno Baptiste,Analyst,DEPT-17,false,2023-01-11T20:22:44Z,\N,2023-02-26T19:28:29Z,\N,1,assert
acme:person:e001815~a277cdd364a8,person,acme,E001815,Priya Zhang,Technician,CC-0011,false,2023-01-28T00:34:25Z,\N,2023-02-27T21:00:21Z,\N,1,assert
acme:person:e000476~c3e66f9b85ce,person,acme,E000476,Kwame Lindqvist,Buyer,CC-0008,false,2023-01-07T19:01:27Z,\N,2023-02-28T20:44:00Z,\N,1,assert
acme:person:e003846~3d0ca9a7946f,person,acme,E003846,Ingrid Nakamura,Manager,DEPT-14,false,2023-01-06T11:14:22Z,\N,2023-02-28T01:04:46Z,\N,1,assert
acme:person:e002286~1530e69383e1,person,acme,E002286,Samir Vaughan,Manager,CC-0008,false,2023-01-01T09:15:26Z,\N,2023-03-01T17:05:11Z,\N,1,assert
acme:person:e000338~7cbe94966866,person,acme,E000338,Lars Kaminski,Analyst,DEPT-15,false,2023-01-05T09:01:52Z,\N,2023-03-02T08:11:32Z,\N,1,assert
acme:person:e001723~5bcbc8e96d86,person,acme,E001723,Kwame Kovac,Architect,CC-0010,false,2023-02-18T12:00:47Z,\N,2023-03-02T02:21:33Z,\N,1,assert
acme:person:e002590~ef13585f0500,person,acme,E002590,Alan Tanaka,Architect,DEPT-24,false,2023-02-24T14:56:52Z,\N,2023-03-02T02:29:44Z,\N,1,assert
acme:person:e003055~e5aa532f455f,person,acme,E003055,Ingrid Tanaka,Manager,DEPT-23,false,2023-02-20T19:23:38Z,\N,2023-03-02T03:28:53Z,\N,1,assert
acme:person:e000762~9199adb07f97,person,acme,E000762,Leila Lindqvist,Architect,CC-0002,false,2023-02-22T17:31:27Z,\N,2023-03-03T11:25:50Z,\N,1,assert
acme:person:e001163~22cb9a97b6c4,person,acme,E001163,Gita Silvestri,Technician,DEPT-14,true,2023-01-24T21:26:25Z,2023-11-13T03:33:24Z,2023-03-03T22:27:16Z,\N,1,assert
acme:person:e002440~3e5d1f03a03f,person,acme,E002440,Liam Thorsen,Auditor,DEPT-18,false,2023-01-10T02:09:27Z,\N,2023-03-04T04:58:58Z,\N,1,assert
acme:person:e003486~dd0a94f83f73,person,acme,E003486,Felix Weiss,Architect,DEPT-18,false,2023-02-05T12:01:57Z,\N,2023-03-04T10:21:15Z,\N,1,assert
acme:person:e003575~6451da17ba7e,person,acme,E003575,Jonas Baptiste,Buyer,CC-0013,false,2023-01-21T18:41:53Z,\N,2023-03-04T07:50:04Z,\N,1,assert
acme:person:e000727~d55cd75d8f81,person,acme,E000727,Samir Pereira,Analyst,DEPT-12,false,2023-02-19T16:26:00Z,\N,2023-03-05T07:20:19Z,\N,1,assert
acme:person:e003497~8315c87d49c6,person,acme,E003497,Alan Schneider,Manager,CC-0003,false,2023-02-23T13:53:02Z,\N,2023-03-05T09:13:12Z,\N,1,assert
acme:person:e000056~8f99e6a203c6,person,acme,E000056,Quinn Gallagher,Manager,CC-0002,false,2023-02-16T09:49:21Z,\N,2023-03-07T18:18:08Z,\N,1,assert
acme:person:e000979~4172d371cff1,person,acme,E000979,Hugo Chowdhury,Auditor,DEPT-16,false,2023-02-04T01:39:17Z,\N,2023-03-08T15:48:35Z,\N,1,assert
acme:person:e003793~e98454ea3dad,person,acme,E003793,Priya Thorsen,Analyst,CC-0002,true,2023-01-23T02:57:08Z,2023-09-03T17:00:44Z,2023-03-09T01:19:18Z,\N,1,assert
acme:person:e000881~aa36c7ecdf69,person,acme,E000881,Chidi Baptiste,Technician,DIV-CORP,false,2023-03-09T04:43:01Z,\N,2023-03-10T05:05:08Z,\N,1,assert
acme:person:e002985~ff18e9787450,person,acme,E002985,Rafael Wagner,Engineer,DIV-CORP,false,2023-01-21T21:02:34Z,\N,2023-03-10T04:15:45Z,\N,1,assert
acme:person:e000838~4b33f6bc3d12,person,acme,E000838,Elena Kovac,Engineer,DEPT-08,false,2023-03-10T02:15:11Z,\N,2023-03-11T13:50:40Z,\N,1,assert
acme:person:e002374~2278abf7205c,person,acme,E002374,Vikram Marchetti,Analyst,DEPT-15,false,2023-01-31T00:33:39Z,\N,2023-03-11T11:10:38Z,\N,1,assert
acme:person:e002656~d746c5adf901,person,acme,E002656,Gita Chowdhury,Architect,CC-0013,false,2023-01-15T11:16:51Z,\N,2023-03-11T09:36:12Z,\N,1,assert
acme:person:e003038~7bca09718715,person,acme,E003038,Nadia Weiss,Technician,DEPT-02,false,2023-01-29T04:46:25Z,\N,2023-03-11T05:13:36Z,\N,1,assert
acme:person:e000982~a66ecae3e243,person,acme,E000982,Xenia Baptiste,Buyer,DEPT-22,false,2023-03-13T13:34:56Z,\N,2023-03-13T13:34:56Z,\N,1,assert
acme:person:e001500~00032849fee2,person,acme,E001500,Yusuf Ivanova,Engineer,DEPT-02,false,2023-02-14T22:59:01Z,\N,2023-03-13T09:38:26Z,\N,1,assert
acme:person:e003643~02410969fc59,person,acme,E003643,Farid Pereira,Architect,DEPT-23,false,2023-01-12T22:02:01Z,\N,2023-03-13T07:09:05Z,\N,1,assert
acme:person:e000901~9eaeec870bd1,person,acme,E000901,Ursula Thorsen,Manager,CC-0009,false,2023-03-14T10:15:08Z,\N,2023-03-15T15:02:10Z,\N,1,assert
acme:person:e001018~b04fe20634b4,person,acme,E001018,Tomas Zhang,Architect,CC-0001,false,2023-02-15T12:25:39Z,\N,2023-03-15T00:43:18Z,\N,1,assert
acme:person:e002766~d3307f12801a,person,acme,E002766,Zara Abbott,Auditor,CC-0003,false,2023-01-17T21:38:48Z,\N,2023-03-15T04:44:06Z,\N,1,assert
acme:person:e003804~2a8b1c7da3d5,person,acme,E003804,Mira Thorsen,Technician,DIV-CORP,false,2023-03-15T19:38:34Z,\N,2023-03-15T19:38:34Z,\N,1,assert
acme:person:e000415~091c52ca9665,person,acme,E000415,Yara Zhang,Manager,DEPT-19,false,2023-02-17T10:44:13Z,\N,2023-03-16T03:56:57Z,\N,1,assert
acme:person:e003585~64e53489863a,person,acme,E003585,Rafael Weiss,Auditor,DEPT-08,false,2023-01-29T13:27:10Z,\N,2023-03-17T03:11:45Z,\N,1,assert
acme:person:e002039~aa82a95200ce,person,acme,E002039,Kwame Ueda,Analyst,CC-0003,false,2023-02-05T22:47:17Z,\N,2023-03-18T17:02:12Z,\N,1,assert
acme:person:e001816~82f69af5c531,person,acme,E001816,Keiko Quintero,Technician,DEPT-22,false,2023-03-11T03:01:43Z,\N,2023-03-20T06:56:20Z,\N,1,assert
acme:person:e000297~d5e39e1673c6,person,acme,E000297,Keiko Delacroix,Engineer,DEPT-16,false,2023-03-16T10:40:52Z,\N,2023-03-22T01:53:44Z,\N,1,assert
acme:person:e000553~0c5f776ae2b9,person,acme,E000553,Ingrid Haddad,Manager,DEPT-03,false,2023-03-03T06:01:12Z,\N,2023-03-22T17:29:48Z,\N,1,assert
acme:person:e003946~b2875a8ec875,person,acme,E003946,Paola Pereira,Manager,DEPT-23,false,2023-03-10T23:39:58Z,\N,2023-03-22T01:57:40Z,\N,1,assert
acme:person:e002302~6785128c2419,person,acme,E002302,Felix Oyelaran,Analyst,CC-0005,false,2023-02-01T17:40:25Z,\N,2023-03-24T07:58:16Z,\N,1,assert
acme:person:e002626~e74088ccfc9a,person,acme,E002626,Renata Thorsen,Manager,CC-0007,false,2023-02-15T23:15:48Z,\N,2023-03-26T10:06:56Z,\N,1,assert
acme:person:e003181~4fc4d9d70f45,person,acme,E003181,Rafael Jablonski,Engineer,DEPT-08,false,2023-03-12T04:39:38Z,\N,2023-03-26T13:14:08Z,\N,1,assert
acme:person:e002405~012be97e8898,person,acme,E002405,Samir Pereira,Architect,DEPT-04,false,2023-03-08T05:39:52Z,\N,2023-03-27T09:18:47Z,\N,1,assert
acme:person:e001860~10c7bbf6f0de,person,acme,E001860,Ibrahim Kaminski,Technician,DEPT-13,false,2023-02-06T08:53:34Z,\N,2023-03-28T02:02:08Z,\N,1,assert
acme:person:e002795~8ca472487d42,person,acme,E002795,Felix Ivanova,Architect,DEPT-11,false,2023-03-01T17:20:49Z,\N,2023-03-28T19:44:29Z,\N,1,assert
acme:person:e001928~0bf69357eb88,person,acme,E001928,Rafael Mbatha,Buyer,CC-0012,false,2023-01-29T09:48:44Z,\N,2023-03-29T04:38:22Z,\N,1,assert
acme:person:e002489~217b34b8af31,person,acme,E002489,Anika Quintero,Auditor,DEPT-03,false,2023-02-13T14:14:38Z,\N,2023-03-29T09:35:00Z,\N,1,assert
acme:person:e001586~60d7a3ec27a1,person,acme,E001586,Lars Santos,Engineer,CC-0012,false,2023-02-05T10:48:24Z,\N,2023-03-30T21:15:16Z,\N,1,assert
acme:person:e002117~9d82b198ac6d,person,acme,E002117,Hugo Chowdhury,Buyer,DEPT-04,false,2023-03-27T17:19:50Z,\N,2023-03-30T22:24:31Z,\N,1,assert
acme:person:e003485~d91a3da20977,person,acme,E003485,Tomas Jablonski,Buyer,DEPT-04,false,2023-02-20T07:08:37Z,\N,2023-03-30T02:12:33Z,\N,1,assert
acme:person:e002777~531f6c53f4fd,person,acme,E002777,Lars Nakamura,Engineer,CC-0008,false,2023-02-18T17:54:58Z,\N,2023-03-31T13:17:05Z,\N,1,assert
acme:person:e003355~1d64a19340ed,person,acme,E003355,Gita Haddad,Manager,CC-0008,false,2023-03-09T16:36:39Z,\N,2023-03-31T20:42:49Z,\N,1,assert
acme:person:e001880~8c502d3326d1,person,acme,E001880,Fatima Bergstrom,Buyer,DEPT-03,true,2023-02-14T01:20:33Z,2023-06-04T22:10:27Z,2023-03-31T23:30:43Z,\N,1,assert
acme:person:e001546~2b5c6e881684,person,acme,E001546,Hugo Yilmaz,Auditor,DEPT-04,false,2023-03-07T14:27:55Z,\N,2023-04-01T01:04:47Z,\N,1,assert
acme:person:e002123~b97eb86d1762,person,acme,E002123,Priya Kovac,Technician,CC-0005,false,2023-01-31T05:48:55Z,\N,2023-04-01T07:01:20Z,\N,1,assert
acme:person:e002567~f7afcb702e7b,person,acme,E002567,Jonas Ivanova,Architect,DEPT-15,false,2023-02-08T16:54:40Z,\N,2023-04-01T10:31:35Z,\N,1,assert
acme:person:e001842~121cfdda8f63,person,acme,E001842,Marcus Zhang,Architect,CC-0013,true,2023-03-19T15:47:35Z,2023-05-30T16:18:38Z,2023-04-03T08:06:03Z,\N,1,assert
acme:person:e001232~bb9efff88f81,person,acme,E001232,Wen Okonkwo,Engineer,DEPT-08,false,2023-03-15T08:39:45Z,\N,2023-04-03T18:46:02Z,\N,1,assert
acme:person:e002971~54cebedf5d26,person,acme,E002971,Clara Vaughan,Buyer,CC-0013,false,2023-02-20T10:46:25Z,\N,2023-04-03T13:53:45Z,\N,1,assert
acme:person:e000315~530786f49dc1,person,acme,E000315,Kwame Castellanos,Technician,DEPT-15,false,2023-03-28T03:18:55Z,\N,2023-04-04T05:09:16Z,\N,1,assert
acme:person:e000723~cd189b886bcb,person,acme,E000723,Oliver Yilmaz,Analyst,CC-0002,false,2023-02-05T03:19:19Z,\N,2023-04-05T13:42:59Z,\N,1,assert
acme:person:e001140~4a356a7b5b95,person,acme,E001140,Felix Thorsen,Manager,DEPT-17,false,2023-03-14T01:17:24Z,\N,2023-04-05T17:08:31Z,\N,1,assert
acme:person:e003351~0501d1aff2e7,person,acme,E003351,Felix Eberhardt,Architect,DEPT-07,false,2023-03-12T10:57:39Z,\N,2023-04-06T19:42:05Z,\N,1,assert
acme:person:e000626~7fdbd9662fc0,person,acme,E000626,Liam Eberhardt,Buyer,CC-0001,false,2023-02-21T02:02:51Z,\N,2023-04-07T17:34:28Z,\N,1,assert
acme:person:e000369~f4ab5d651ce4,person,acme,E000369,Farid Delacroix,Engineer,CC-0004,false,2023-03-17T10:07:29Z,\N,2023-04-08T20:02:26Z,\N,1,assert
acme:person:e002845~a8abca719e63,person,acme,E002845,Dmitri Ueda,Analyst,DEPT-09,false,2023-02-13T21:44:05Z,\N,2023-04-09T18:31:44Z,\N,1,assert
acme:person:e003842~bb40e70af3a1,person,acme,E003842,Zara Silvestri,Engineer,DEPT-11,false,2023-02-11T16:30:44Z,\N,2023-04-09T08:49:16Z,\N,1,assert
acme:person:e002591~b20b4b9f3ce8,person,acme,E002591,Rafael Novak,Auditor,DEPT-19,false,2023-03-12T12:08:24Z,\N,2023-04-10T13:04:39Z,\N,1,assert
acme:person:e003937~eca5bd91a042,person,acme,E003937,Leila Nakamura,Technician,CC-0014,false,2023-02-15T17:19:15Z,\N,2023-04-10T22:50:56Z,\N,1,assert
acme:person:e000364~037858503684,person,acme,E000364,Zoltan Yilmaz,Auditor,DEPT-03,false,2023-03-05T00:21:56Z,\N,2023-04-11T02:42:40Z,\N,1,assert
acme:person:e003603~64056df3a2a1,person,acme,E003603,Carla Novak,Buyer,DEPT-18,false,2023-02-19T05:02:51Z,\N,2023-04-11T20:07:43Z,\N,1,assert
acme:person:e000549~03e8bb9e13d1,person,acme,E000549,Liam Gallagher,Auditor,DEPT-11,false,2023-03-19T21:28:40Z,\N,2023-04-12T08:15:36Z,\N,1,assert
acme:person:e001483~44c407d5f450,person,acme,E001483,Ada Jablonski,Architect,DEPT-07,false,2023-03-21T11:12:24Z,\N,2023-04-12T09:02:29Z,\N,1,assert
acme:person:e003712~ea0499e63333,person,acme,E003712,Carla Thorsen,Engineer,DEPT-16,false,2023-02-18T09:52:26Z,\N,2023-04-12T14:04:44Z,\N,1,assert
acme:person:e001188~db698a83a689,person,acme,E001188,Ursula Abbott,Buyer,DEPT-21,false,2023-04-10T04:36:25Z,\N,2023-04-13T15:09:50Z,\N,1,assert
acme:person:e001443~8f1ab0c3cd91,person,acme,E001443,Xenia Fontaine,Engineer,DIV-CORP,false,2023-03-24T22:12:49Z,\N,2023-04-13T22:18:31Z,\N,1,assert
acme:person:e001552~f92cfb8b52a2,person,acme,E001552,Bruno Abbott,Auditor,CC-0013,false,2023-03-03T04:50:07Z,\N,2023-04-13T02:47:59Z,\N,1,assert
acme:person:e002813~3f5cf4e985ba,person,acme,E002813,Ingrid Oyelaran,Technician,DEPT-18,false,2023-03-10T17:13:53Z,\N,2023-04-13T23:57:08Z,\N,1,assert
acme:person:e000923~347e7c69fd7d,person,acme,E000923,Paola Marchetti,Technician,DEPT-12,false,2023-03-05T19:51:06Z,\N,2023-04-14T01:07:34Z,\N,1,assert
acme:person:e001911~fc3519d014b1,person,acme,E001911,Kwame Kovac,Manager,DEPT-03,false,2023-02-26T10:27:04Z,\N,2023-04-14T22:28:59Z,\N,1,assert
acme:person:e002044~23c3d6cd069c,person,acme,E002044,Jonas Zhang,Manager,DEPT-02,false,2023-03-30T00:26:12Z,\N,2023-04-14T19:41:46Z,\N,1,assert
acme:person:e002121~c3c7b09976e9,person,acme,E002121,Jonas Jablonski,Architect,CC-0013,false,2023-04-09T19:10:22Z,\N,2023-04-14T02:55:05Z,\N,1,assert
acme:person:e002335~453420ab9498,person,acme,E002335,Xenia Haddad,Analyst,DEPT-10,false,2023-03-19T18:00:44Z,\N,2023-04-14T13:00:55Z,\N,1,assert
acme:person:e002466~fb000aa5c74c,person,acme,E002466,Jonas Eberhardt,Auditor,DEPT-11,false,2023-04-04T10:33:29Z,\N,2023-04-14T01:00:44Z,\N,1,assert
acme:person:e002925~b95809ee7ca8,person,acme,E002925,Farid Okonkwo,Buyer,DEPT-04,false,2023-04-13T00:31:45Z,\N,2023-04-14T09:28:38Z,\N,1,assert
acme:person:e003147~fd701b789351,person,acme,E003147,Nadia Baptiste,Analyst,CC-0011,false,2023-03-04T02:07:28Z,\N,2023-04-17T05:30:45Z,\N,1,assert
acme:person:e003555~79570b98440e,person,acme,E003555,Carla Ueda,Architect,DEPT-22,false,2023-02-25T17:53:43Z,\N,2023-04-17T07:47:17Z,\N,1,assert
acme:person:e000480~ab312fcc17d6,person,acme,E000480,Noor Rasmussen,Architect,DEPT-20,false,2023-03-12T09:13:13Z,\N,2023-04-19T21:55:44Z,\N,1,assert
acme:person:e000648~50cae1d6155e,person,acme,E000648,Noor Fontaine,Buyer,DEPT-11,false,2023-03-25T00:44:28Z,\N,2023-04-19T17:37:12Z,\N,1,assert
acme:person:e003618~bdfbf137217f,person,acme,E003618,Gita Marchetti,Manager,CC-0010,false,2023-03-12T00:03:43Z,\N,2023-04-19T21:19:13Z,\N,1,assert
acme:person:e003716~4a41edde7cde,person,acme,E003716,Tomas Mbatha,Manager,CC-0009,false,2023-03-16T17:59:02Z,\N,2023-04-19T06:42:02Z,\N,1,assert
acme:person:e000231~d55646ec0c5f,person,acme,E000231,Yusuf Ivanova,Architect,DEPT-03,false,2023-03-23T20:59:45Z,\N,2023-04-20T04:30:50Z,\N,1,assert
acme:person:e000823~3e79b98cf159,person,acme,E000823,Alan Kovac,Architect,CC-0013,false,2023-03-09T19:22:45Z,\N,2023-04-20T22:17:37Z,\N,1,assert
acme:person:e001988~0e66c3a69edb,person,acme,E001988,Alan Novak,Technician,DEPT-03,false,2023-04-01T20:13:35Z,\N,2023-04-20T01:58:56Z,\N,1,assert
acme:person:e000172~76604ba0c77c,person,acme,E000172,Liam Vaughan,Analyst,DEPT-04,false,2023-03-20T04:52:46Z,\N,2023-04-23T18:50:23Z,\N,1,assert
acme:person:e002032~ae415b714c11,person,acme,E002032,Lucia Quintero,Manager,DEPT-15,false,2023-03-15T20:40:30Z,\N,2023-04-23T09:45:39Z,\N,1,assert
acme:person:e003508~b18210f16305,person,acme,E003508,Jonas Silvestri,Engineer,CC-0003,false,2023-02-23T13:41:12Z,\N,2023-04-23T05:25:57Z,\N,1,assert
acme:person:e002648~7e262528c02f,person,acme,E002648,Vikram Kovac,Architect,DIV-CORP,false,2023-03-10T13:43:08Z,\N,2023-04-24T23:22:32Z,\N,1,assert
acme:person:e002884~98e0f0d56521,person,acme,E002884,Clara Fontaine,Auditor,CC-0013,false,2023-03-09T19:18:25Z,\N,2023-04-24T09:31:14Z,\N,1,assert
acme:person:e000475~1e3071696261,person,acme,E000475,Priya Santos,Technician,CC-0011,false,2023-04-26T08:30:16Z,\N,2023-04-26T08:30:16Z,\N,1,assert
acme:person:e002102~d77c169b5c4d,person,acme,E002102,Felix Baptiste,Engineer,DEPT-07,false,2023-03-19T03:32:29Z,\N,2023-04-26T17:36:25Z,\N,1,assert
acme:person:e002888~13f71e52192d,person,acme,E002888,Renata Zhang,Buyer,DEPT-14,false,2023-03-21T21:33:06Z,\N,2023-04-26T18:32:47Z,\N,1,assert
acme:person:e000479~f76303cd4595,person,acme,E000479,Tomas Pereira,Architect,CC-0005,false,2023-04-21T21:51:04Z,\N,2023-04-28T12:24:00Z,\N,1,assert
acme:person:e000938~fc1331f681a9,person,acme,E000938,Rafael Santos,Auditor,DEPT-12,false,2023-04-12T09:37:37Z,\N,2023-04-30T14:52:34Z,\N,1,assert
acme:person:e003020~db777c54dd32,person,acme,E003020,Jonas Nakamura,Architect,DEPT-14,false,2023-04-12T05:26:05Z,\N,2023-04-30T04:09:22Z,\N,1,assert
acme:person:e001930~757b15ad95d5,person,acme,E001930,Ursula Ueda,Engineer,DEPT-04,false,2023-04-08T07:53:27Z,\N,2023-05-01T05:07:14Z,\N,1,assert
acme:person:e000146~87b46d38618e,person,acme,E000146,Lars Schneider,Architect,DEPT-17,false,2023-03-18T19:06:37Z,\N,2023-05-02T15:06:16Z,\N,1,assert
acme:person:e000530~c6326f282f6b,person,acme,E000530,Vikram Eberhardt,Engineer,CC-0011,false,2023-04-07T21:19:22Z,\N,2023-05-03T16:58:26Z,\N,1,assert
acme:person:e001952~a5d55fe75fe3,person,acme,E001952,Ursula Castellanos,Technician,DEPT-19,false,2023-03-17T16:49:43Z,\N,2023-05-03T23:05:18Z,\N,1,assert
acme:person:e002986~99bd8fb83acc,person,acme,E002986,Leila Baptiste,Architect,DEPT-20,false,2023-03-20T20:21:17Z,\N,2023-05-03T10:16:23Z,\N,1,assert
acme:person:e003379~d50d3b98c7c4,person,acme,E003379,Elena Kaminski,Architect,CC-0007,false,2023-04-27T05:04:03Z,\N,2023-05-03T10:23:34Z,\N,1,assert
acme:person:e000124~5cdd284f89da,person,acme,E000124,Yara Nakamura,Architect,CC-0002,false,2023-03-09T09:59:05Z,\N,2023-05-04T02:46:54Z,\N,1,assert
acme:person:e003326~9504c5d4bd5e,person,acme,E003326,Carla Pereira,Architect,DEPT-02,true,2023-03-15T01:09:53Z,2024-12-30T18:22:13Z,2023-05-04T05:25:09Z,\N,1,assert
acme:person:e000140~8273383def3f,person,acme,E000140,Lars Lindqvist,Manager,DEPT-10,false,2023-03-31T04:23:33Z,\N,2023-05-05T21:25:25Z,\N,1,assert
acme:person:e000916~1366d1d24f7d,person,acme,E000916,Noor Quintero,Manager,DEPT-01,false,2023-03-07T06:54:43Z,\N,2023-05-05T20:32:07Z,\N,1,assert
acme:person:e001457~0c4bec86371b,person,acme,E001457,Marcus Ivanova,Manager,DEPT-06,false,2023-03-22T09:44:00Z,\N,2023-05-05T06:07:22Z,\N,1,assert
acme:person:e001512~68ff28d9e871,person,acme,E001512,Tomas Schneider,Auditor,DEPT-14,false,2023-03-13T10:55:25Z,\N,2023-05-06T14:20:44Z,\N,1,assert
acme:person:e000499~7d5e334801fc,person,acme,E000499,Ursula Gundersen,Manager,CC-0003,true,2023-03-18T16:51:33Z,2024-08-28T13:01:54Z,2023-05-07T06:06:25Z,\N,1,assert
acme:person:e000325~f5f7aad7b7bc,person,acme,E000325,Yusuf Zhang,Architect,DEPT-03,false,2023-04-13T02:15:17Z,\N,2023-05-07T13:10:39Z,\N,1,assert
acme:person:e000749~6e8fa3f06214,person,acme,E000749,Kwame Ivanova,Manager,DEPT-04,false,2023-03-20T10:07:47Z,\N,2023-05-08T19:24:37Z,\N,1,assert
acme:person:e002783~f316696d4c32,person,acme,E002783,Ibrahim Pereira,Engineer,CC-0006,false,2023-04-13T09:43:06Z,\N,2023-05-08T20:40:26Z,\N,1,assert
acme:person:e000552~6b314bb16801,person,acme,E000552,Keiko Wagner,Engineer,DEPT-05,false,2023-05-03T21:24:26Z,\N,2023-05-09T10:30:08Z,\N,1,assert
acme:person:e002175~b9e099c84ad3,person,acme,E002175,Vikram Bergstrom,Auditor,DEPT-20,false,2023-04-10T09:33:33Z,\N,2023-05-09T00:07:29Z,\N,1,assert
acme:person:e001864~a5877573d4c4,person,acme,E001864,Keiko Marchetti,Engineer,DEPT-20,false,2023-04-30T10:56:39Z,\N,2023-05-11T06:32:36Z,\N,1,assert
acme:person:e002452~756bab887957,person,acme,E002452,Yara Ivanova,Architect,DEPT-09,false,2023-04-26T07:59:01Z,\N,2023-05-11T10:15:49Z,\N,1,assert
acme:person:e002483~2f0264446c0a,person,acme,E002483,Anika Santos,Manager,DEPT-12,false,2023-05-03T01:45:30Z,\N,2023-05-11T14:43:00Z,\N,1,assert
acme:person:e003303~8773bac255c7,person,acme,E003303,Fatima Oyelaran,Buyer,DEPT-09,false,2023-04-15T02:29:53Z,\N,2023-05-11T01:30:41Z,\N,1,assert
acme:person:e003916~b6efaebc3ab3,person,acme,E003916,Bruno Nakamura,Engineer,DEPT-20,false,2023-05-09T01:33:55Z,\N,2023-05-11T17:37:45Z,\N,1,assert
acme:person:e000435~691104f50662,person,acme,E000435,Anika Eberhardt,Architect,DEPT-15,false,2023-03-30T16:30:20Z,\N,2023-05-12T09:44:13Z,\N,1,assert
acme:person:e001405~da4596a356cd,person,acme,E001405,Ingrid Santos,Analyst,DEPT-12,false,2023-04-30T03:26:51Z,\N,2023-05-12T01:27:56Z,\N,1,assert
acme:person:e002351~253f213631c7,person,acme,E002351,Rafael Delacroix,Technician,CC-0014,false,2023-05-06T20:59:18Z,\N,2023-05-12T14:22:22Z,\N,1,assert
acme:person:e001248~888bdbcbeb58,person,acme,E001248,Wen Ivanova,Engineer,DEPT-03,false,2023-04-22T21:42:47Z,\N,2023-05-13T08:07:21Z,\N,1,assert
acme:person:e000060~82fae150e1e6,person,acme,E000060,Dmitri Bergstrom,Auditor,CC-0003,false,2023-05-11T17:20:15Z,\N,2023-05-14T06:25:10Z,\N,1,assert
acme:person:e002545~706e3fcfe2bb,person,acme,E002545,Anders Schneider,Buyer,DEPT-23,false,2023-05-13T15:00:38Z,\N,2023-05-14T19:34:36Z,\N,1,assert
acme:person:e003876~0027134a255c,person,acme,E003876,Farid Mbatha,Engineer,DEPT-21,false,2023-04-08T16:36:58Z,\N,2023-05-14T13:23:44Z,\N,1,assert
acme:person:e002492~d27574363cde,person,acme,E002492,Ursula Abbott,Architect,DEPT-04,true,2023-03-24T05:32:58Z,2025-03-15T01:10:55Z,2023-05-15T16:12:21Z,\N,1,assert
acme:person:e000299~178540799388,person,acme,E000299,Keiko Abbott,Buyer,CC-0007,false,2023-03-30T10:37:49Z,\N,2023-05-16T06:42:32Z,\N,1,assert
acme:person:e000459~6c618769e985,person,acme,E000459,Nadia Delacroix,Architect,DEPT-09,false,2023-05-12T22:55:15Z,\N,2023-05-16T02:27:05Z,\N,1,assert
acme:person:e000703~8d00302e88c8,person,acme,E000703,Zoltan Novak,Architect,CC-0012,false,2023-04-26T05:06:25Z,\N,2023-05-16T09:57:59Z,\N,1,assert
acme:person:e001688~e3a22fe3500a,person,acme,E001688,Renata Schneider,Auditor,DEPT-24,false,2023-05-04T03:36:27Z,\N,2023-05-16T04:20:33Z,\N,1,assert
acme:person:e003532~040d2e4a4a52,person,acme,E003532,Yara Quintero,Engineer,CC-0005,false,2023-04-03T20:51:35Z,\N,2023-05-18T02:28:20Z,\N,1,assert
acme:person:e001777~fb361955b9e9,person,acme,E001777,Chidi Thorsen,Analyst,DEPT-15,false,2023-03-28T01:11:05Z,\N,2023-05-19T14:39:24Z,\N,1,assert
acme:person:e003412~c5aefad6679e,person,acme,E003412,Yusuf Chowdhury,Manager,CC-0004,false,2023-04-16T10:57:47Z,\N,2023-05-19T15:40:43Z,\N,1,assert
acme:person:e003665~8d101b14f572,person,acme,E003665,Chidi Wagner,Buyer,DEPT-14,false,2023-05-14T08:17:27Z,\N,2023-05-19T09:56:51Z,\N,1,assert
acme:person:e002958~ea5ae31d4c07,person,acme,E002958,Vikram Vaughan,Engineer,CC-0003,false,2023-04-17T22:32:31Z,\N,2023-05-20T12:36:07Z,\N,1,assert
acme:person:e000613~4e9b88ce9de8,person,acme,E000613,Farid Bergstrom,Buyer,DEPT-06,false,2023-04-08T23:41:07Z,\N,2023-05-21T09:17:36Z,\N,1,assert
acme:person:e000680~f970ed7f8cac,person,acme,E000680,Rafael Lindqvist,Engineer,DEPT-18,false,2023-04-03T01:24:03Z,\N,2023-05-21T04:37:02Z,\N,1,assert
acme:person:e001687~ee4b1a5f7b0c,person,acme,E001687,Yusuf Jablonski,Technician,DEPT-02,false,2023-04-07T07:06:45Z,\N,2023-05-21T09:13:17Z,\N,1,assert
acme:person:e001720~2d4c26d311b1,person,acme,E001720,Chidi Mbatha,Analyst,CC-0003,false,2023-04-15T05:45:47Z,\N,2023-05-21T04:14:52Z,\N,1,assert
acme:person:e003435~f005ca56996a,person,acme,E003435,Samir Oyelaran,Buyer,DEPT-15,false,2023-04-19T01:49:59Z,\N,2023-05-21T22:43:20Z,\N,1,assert
acme:person:e002099~45580ae387e0,person,acme,E002099,Renata Lindqvist,Buyer,DEPT-13,false,2023-04-13T23:06:21Z,\N,2023-05-22T14:02:47Z,\N,1,assert
acme:person:e001040~ece600a73f88,person,acme,E001040,Mira Baptiste,Analyst,CC-0001,false,2023-04-05T22:08:04Z,\N,2023-05-22T14:50:24Z,\N,1,assert
acme:person:e002190~328f6be4c383,person,acme,E002190,Oliver Oyelaran,Manager,DEPT-06,false,2023-04-13T21:34:25Z,\N,2023-05-22T17:42:19Z,\N,1,assert
acme:person:e001475~812588a9e914,person,acme,E001475,Renata Ivanova,Technician,DEPT-12,false,2023-04-16T16:51:08Z,\N,2023-05-23T01:37:42Z,\N,1,assert
acme:person:e003496~3d684d79df22,person,acme,E003496,Yusuf Ueda,Manager,DEPT-24,false,2023-04-21T13:18:28Z,\N,2023-05-23T16:25:58Z,\N,1,assert
acme:person:e001404~bbab4dd1f722,person,acme,E001404,Ada Kaminski,Auditor,DEPT-09,false,2023-04-30T07:40:59Z,\N,2023-05-26T07:47:24Z,\N,1,assert
acme:person:e000057~318ff55af0c8,person,acme,E000057,Hugo Eberhardt,Buyer,DEPT-05,false,2023-04-02T09:56:53Z,\N,2023-05-27T01:41:27Z,\N,1,assert
acme:person:e001045~e00509d71273,person,acme,E001045,Clara Kovac,Auditor,DEPT-03,false,2023-04-21T16:11:24Z,\N,2023-05-27T15:01:20Z,\N,1,assert
acme:person:e001810~e2b61d690bc9,person,acme,E001810,Noor Yilmaz,Technician,CC-0003,false,2023-04-23T03:22:39Z,\N,2023-05-27T03:28:09Z,\N,1,assert
acme:person:e000527~f8c77790fba3,person,acme,E000527,Lars Rasmussen,Manager,DEPT-18,true,2023-05-23T02:55:07Z,2024-11-30T20:54:21Z,2023-05-28T22:36:16Z,\N,1,assert
acme:person:e001853~f056e7811e55,person,acme,E001853,Sofia Bergstrom,Analyst,CC-0014,false,2023-04-11T14:35:23Z,\N,2023-05-29T06:55:38Z,\N,1,assert
acme:person:e001950~e2d82072b274,person,acme,E001950,Lucia Vaughan,Analyst,DEPT-21,false,2023-04-24T02:10:37Z,\N,2023-05-29T17:37:59Z,\N,1,assert
acme:person:e002022~f2688915a30f,person,acme,E002022,Anders Lindqvist,Architect,CC-0001,false,2023-04-30T09:20:57Z,\N,2023-05-30T16:43:41Z,\N,1,assert
acme:person:e002217~5786d8ee8d28,person,acme,E002217,Oliver Thorsen,Buyer,CC-0010,false,2023-04-11T09:32:41Z,\N,2023-05-30T16:43:28Z,\N,1,assert
acme:person:e000130~c090cb521f3a,person,acme,E000130,Zoltan Thorsen,Auditor,DEPT-13,false,2023-04-10T21:36:23Z,\N,2023-05-31T22:58:41Z,\N,1,assert
acme:person:e003163~bb1ae8c836e8,person,acme,E003163,Priya Delacroix,Architect,CC-0013,false,2023-04-17T11:04:50Z,\N,2023-06-01T08:49:53Z,\N,1,assert
acme:person:e003622~967e5af25e05,person,acme,E003622,Ada Rasmussen,Analyst,DEPT-09,false,2023-04-25T12:11:25Z,\N,2023-06-01T03:38:12Z,\N,1,assert
acme:person:e003847~400072e6a1b7,person,acme,E003847,Mira Zhang,Architect,CC-0011,true,2023-05-15T09:59:08Z,2024-02-16T06:43:50Z,2023-06-01T15:06:31Z,\N,1,assert
acme:person:e000454~9ff7b9c04ce4,person,acme,E000454,Tomas Baptiste,Buyer,CC-0005,false,2023-05-06T02:58:33Z,\N,2023-06-02T10:14:33Z,\N,1,assert
acme:person:e002288~de2ce19cf743,person,acme,E002288,Oliver Ivanova,Engineer,DEPT-05,false,2023-05-09T17:49:43Z,\N,2023-06-02T07:30:39Z,\N,1,assert
acme:person:e003000~890a43b4432d,person,acme,E003000,Yusuf Baptiste,Auditor,CC-0011,false,2023-04-14T09:23:36Z,\N,2023-06-02T04:18:35Z,\N,1,assert
acme:person:e002383~d62024fb5860,person,acme,E002383,Renata Oyelaran,Architect,DEPT-03,false,2023-05-25T10:26:22Z,\N,2023-06-03T00:37:28Z,\N,1,assert
acme:person:e000837~607165ff57e5,person,acme,E000837,Mira Chowdhury,Technician,CC-0013,false,2023-04-08T01:14:24Z,\N,2023-06-04T10:50:41Z,\N,1,assert
acme:person:e001449~3e6328d28d6d,person,acme,E001449,Oliver Zhang,Technician,CC-0009,false,2023-05-25T20:42:33Z,\N,2023-06-04T02:27:29Z,\N,1,assert
acme:person:e001578~bb5cbbd55a4b,person,acme,E001578,Ibrahim Jablonski,Analyst,DEPT-02,false,2023-05-30T10:08:35Z,\N,2023-06-04T14:35:35Z,\N,1,assert
acme:person:e000775~e69914a17617,person,acme,E000775,Noor Kovac,Architect,DEPT-02,false,2023-05-03T11:48:09Z,\N,2023-06-05T10:03:01Z,\N,1,assert
acme:person:e002006~9e28eff598e5,person,acme,E002006,Elena Marchetti,Manager,DEPT-11,true,2023-04-27T15:55:18Z,2023-12-19T05:33:28Z,2023-06-05T19:32:12Z,\N,1,assert
acme:person:e002076~dbea21b56fa1,person,acme,E002076,Jonas Rasmussen,Manager,CC-0006,false,2023-05-19T14:10:43Z,\N,2023-06-08T20:02:57Z,\N,1,assert
acme:person:e003615~afe78779fa62,person,acme,E003615,Priya Okonkwo,Architect,CC-0010,false,2023-05-26T23:39:26Z,\N,2023-06-08T06:07:27Z,\N,1,assert
acme:person:e000542~ddfcf88fe625,person,acme,E000542,Clara Kaminski,Buyer,DEPT-11,false,2023-05-25T23:52:02Z,\N,2023-06-09T23:02:12Z,\N,1,assert
acme:person:e002685~e6d2d51c548c,person,acme,E002685,Clara Vaughan,Buyer,DEPT-03,false,2023-04-27T06:47:21Z,\N,2023-06-09T00:42:19Z,\N,1,assert
acme:person:e001008~115e4f8307b0,person,acme,E001008,Noor Yilmaz,Architect,CC-0012,false,2023-04-11T23:13:03Z,\N,2023-06-10T11:08:13Z,\N,1,assert
acme:person:e003494~73702f0e5bf3,person,acme,E003494,Gita Gallagher,Engineer,DEPT-19,false,2023-05-26T14:22:28Z,\N,2023-06-10T22:15:17Z,\N,1,assert
acme:person:e003543~d488647fe01f,person,acme,E003543,Amara Oyelaran,Buyer,DEPT-10,false,2023-05-04T16:34:27Z,\N,2023-06-10T00:08:44Z,\N,1,assert
acme:person:e003878~16129223a692,person,acme,E003878,Ada Bergstrom,Architect,CC-0008,false,2023-05-31T03:39:21Z,\N,2023-06-11T13:44:55Z,\N,1,assert
acme:person:e003338~ae7d51ccd68a,person,acme,E003338,Vikram Ivanova,Technician,DEPT-20,false,2023-05-13T09:02:41Z,\N,2023-06-12T07:40:03Z,\N,1,assert
acme:person:e003632~98fdd87839c5,person,acme,E003632,Ursula Schneider,Manager,DEPT-21,false,2023-05-08T08:09:55Z,\N,2023-06-12T05:44:37Z,\N,1,assert
acme:person:e003868~c9a790784f36,person,acme,E003868,Wen Yilmaz,Technician,CC-0002,false,2023-05-08T06:39:48Z,\N,2023-06-12T19:39:44Z,\N,1,assert
acme:person:e002786~029ae563e691,person,acme,E002786,Zara Abbott,Manager,CC-0004,true,2023-06-07T00:18:28Z,2023-10-01T15:35:02Z,2023-06-13T08:47:44Z,\N,1,assert
acme:person:e002632~767aa9577cdb,person,acme,E002632,Felix Gundersen,Engineer,CC-0013,false,2023-04-15T07:22:42Z,\N,2023-06-13T09:11:23Z,\N,1,assert
acme:person:e002538~c1a5d0cbfc7d,person,acme,E002538,Amara Zhang,Architect,CC-0007,true,2023-04-25T20:31:12Z,2025-06-01T03:13:34Z,2023-06-14T08:33:45Z,\N,1,assert
acme:person:e001591~29af375672f7,person,acme,E001591,Anders Castellanos,Manager,CC-0001,false,2023-04-26T07:13:12Z,\N,2023-06-15T00:59:28Z,\N,1,assert
acme:person:e000928~c4002baef611,person,acme,E000928,Zoltan Vaughan,Manager,DEPT-22,false,2023-05-20T02:15:16Z,\N,2023-06-16T19:02:52Z,\N,1,assert
acme:person:e001558~5dd627fa01b8,person,acme,E001558,Oliver Marchetti,Auditor,DEPT-12,false,2023-05-27T09:08:29Z,\N,2023-06-16T18:11:32Z,\N,1,assert
acme:person:e001958~2dc086577363,person,acme,E001958,Farid Delacroix,Buyer,DEPT-23,false,2023-05-23T17:08:19Z,\N,2023-06-16T13:57:22Z,\N,1,assert
acme:person:e000840~3d6fe39984ee,person,acme,E000840,Alan Pereira,Auditor,CC-0001,false,2023-05-25T07:03:03Z,\N,2023-06-17T21:00:50Z,\N,1,assert
acme:person:e002699~f089cfa85aca,person,acme,E002699,Rafael Chowdhury,Buyer,DEPT-08,true,2023-05-08T11:14:13Z,2025-11-22T07:12:46Z,2023-06-17T23:42:47Z,\N,1,assert
acme:person:e002696~39054e702b6b,person,acme,E002696,Zara Fontaine,Technician,CC-0008,false,2023-04-21T01:24:34Z,\N,2023-06-18T16:36:40Z,\N,1,assert
acme:person:e002983~156d53797801,person,acme,E002983,Alan Silvestri,Analyst,DEPT-14,false,2023-05-02T23:11:19Z,\N,2023-06-19T11:43:55Z,\N,1,assert
acme:person:e002715~8152c52d74d2,person,acme,E002715,Zoltan Nakamura,Engineer,CC-0013,true,2023-06-12T07:07:05Z,2023-07-27T21:14:18Z,2023-06-20T05:40:27Z,\N,1,assert
acme:person:e000350~e59e000158e1,person,acme,E000350,Keiko Chowdhury,Architect,DEPT-03,false,2023-05-02T06:35:52Z,\N,2023-06-20T15:11:17Z,\N,1,assert
acme:person:e000586~c2b64e96ecab,person,acme,E000586,Yusuf Nakamura,Technician,DEPT-08,false,2023-06-04T03:16:50Z,\N,2023-06-20T21:55:33Z,\N,1,assert
acme:person:e002402~23020b87581e,person,acme,E002402,Rafael Haddad,Auditor,CC-0007,false,2023-04-26T20:06:11Z,\N,2023-06-21T01:11:54Z,\N,1,assert
acme:person:e000018~dbbf4cc2e0b1,person,acme,E000018,Leila Castellanos,Auditor,DEPT-02,false,2023-05-13T03:27:30Z,\N,2023-06-22T07:59:23Z,\N,1,assert
acme:person:e000262~21e78baeff91,person,acme,E000262,Jonas Kovac,Engineer,CC-0012,false,2023-06-11T07:52:43Z,\N,2023-06-22T22:49:54Z,\N,1,assert
acme:person:e002060~57a423999e75,person,acme,E002060,Elena Chowdhury,Analyst,CC-0008,false,2023-05-03T10:46:19Z,\N,2023-06-22T13:31:43Z,\N,1,assert
acme:person:e003812~469a99333080,person,acme,E003812,Marcus Schneider,Engineer,CC-0005,false,2023-06-15T07:51:59Z,\N,2023-06-22T11:14:09Z,\N,1,assert
acme:person:e000755~bf27ac08e149,person,acme,E000755,Quinn Schneider,Engineer,CC-0012,false,2023-06-15T22:47:12Z,\N,2023-06-23T08:26:56Z,\N,1,assert
acme:person:e000425~d0f35e583528,person,acme,E000425,Jonas Mbatha,Manager,DEPT-02,false,2023-04-25T19:36:20Z,\N,2023-06-24T00:17:27Z,\N,1,assert
acme:person:e002166~85d0282b07de,person,acme,E002166,Hugo Santos,Buyer,CC-0005,false,2023-06-02T04:43:37Z,\N,2023-06-24T12:45:14Z,\N,1,assert
acme:person:e002485~cb553935ad27,person,acme,E002485,Zoltan Vaughan,Architect,CC-0007,false,2023-06-15T17:14:10Z,\N,2023-06-24T14:06:13Z,\N,1,assert
acme:person:e002644~f7f156478ba1,person,acme,E002644,Gita Ueda,Buyer,CC-0013,false,2023-06-11T19:13:57Z,\N,2023-06-24T03:15:18Z,\N,1,assert
acme:person:e003638~2d363783187f,person,acme,E003638,Ibrahim Mbatha,Manager,DEPT-10,false,2023-06-22T13:15:23Z,\N,2023-06-25T08:12:53Z,\N,1,assert
acme:person:e000044~08bf4c0c362f,person,acme,E000044,Zoltan Haddad,Manager,DEPT-07,false,2023-05-04T18:53:44Z,\N,2023-06-27T10:17:13Z,\N,1,assert
acme:person:e001216~cb664d3d87fa,person,acme,E001216,Alan Santos,Auditor,DEPT-21,false,2023-06-10T05:50:25Z,\N,2023-06-28T03:03:14Z,\N,1,assert
acme:person:e001223~d0620dedaf15,person,acme,E001223,Marcus Gallagher,Analyst,DEPT-07,false,2023-06-14T04:12:53Z,\N,2023-06-28T14:04:11Z,\N,1,assert
acme:person:e003613~eebaa228521d,person,acme,E003613,Farid Okonkwo,Technician,CC-0007,false,2023-05-29T18:30:52Z,\N,2023-06-28T22:18:27Z,\N,1,assert
acme:person:e001896~992b48034713,person,acme,E001896,Quinn Delacroix,Architect,DIV-CORP,false,2023-05-04T03:38:12Z,\N,2023-06-29T13:07:48Z,\N,1,assert
acme:person:e000007~56dfe2528105,person,acme,E000007,Chidi Nakamura,Auditor,DEPT-12,true,2023-06-16T07:22:48Z,2023-07-23T01:54:16Z,2023-06-29T20:26:33Z,\N,1,assert
acme:person:e000669~1ec7f360c514,person,acme,E000669,Renata Chowdhury,Architect,CC-0012,false,2023-06-24T13:55:47Z,\N,2023-06-30T11:04:15Z,\N,1,assert
acme:person:e000182~0750197f1dc3,person,acme,E000182,Bruno Haddad,Engineer,DEPT-02,true,2023-06-02T13:10:30Z,2023-12-31T17:13:56Z,2023-06-30T17:41:21Z,\N,1,assert
acme:person:e000939~e3c77a65ed66,person,acme,E000939,Hugo Nakamura,Technician,DEPT-07,false,2023-06-07T04:11:25Z,\N,2023-06-30T20:46:12Z,\N,1,assert
acme:person:e001836~b10a3420af64,person,acme,E001836,Jonas Quintero,Technician,CC-0001,false,2023-06-24T03:41:09Z,\N,2023-06-30T13:20:05Z,\N,1,assert
acme:person:e003370~1def0a7553a7,person,acme,E003370,Marcus Fontaine,Auditor,CC-0002,false,2023-05-05T21:37:54Z,\N,2023-07-01T21:32:11Z,\N,1,assert
acme:person:e002947~78b858f0ca41,person,acme,E002947,Sofia Baptiste,Architect,CC-0010,false,2023-05-16T22:18:54Z,\N,2023-07-02T17:13:35Z,\N,1,assert
acme:person:e003799~8e6c46b7f848,person,acme,E003799,Gita Zhang,Engineer,CC-0004,false,2023-05-25T02:27:37Z,\N,2023-07-02T01:13:57Z,\N,1,assert
acme:person:e000351~8d2e02cb6547,person,acme,E000351,Lucia Mbatha,Technician,DEPT-12,false,2023-06-07T18:11:25Z,\N,2023-07-03T02:39:55Z,\N,1,assert
acme:person:e000758~152796d2cc18,person,acme,E000758,Farid Silvestri,Auditor,CC-0013,false,2023-06-25T09:42:56Z,\N,2023-07-04T20:50:40Z,\N,1,assert
acme:person:e002533~4cc7109be224,person,acme,E002533,Bruno Tanaka,Analyst,DEPT-24,true,2023-06-12T14:49:21Z,2025-07-14T16:57:18Z,2023-07-05T10:16:59Z,\N,1,assert
acme:person:e000531~338246291957,person,acme,E000531,Carla Gundersen,Technician,DEPT-23,false,2023-05-27T16:19:24Z,\N,2023-07-06T12:07:44Z,\N,1,assert
acme:person:e003552~fdadce317d78,person,acme,E003552,Liam Wagner,Buyer,DEPT-22,false,2023-07-02T03:35:44Z,\N,2023-07-07T00:01:09Z,\N,1,assert
acme:person:e001174~ac9a593868a8,person,acme,E001174,Yara Haddad,Architect,CC-0008,false,2023-06-13T08:27:10Z,\N,2023-07-08T00:03:24Z,\N,1,assert
acme:person:e002692~f308f683f2df,person,acme,E002692,Nadia Fontaine,Architect,CC-0004,false,2023-06-16T09:17:02Z,\N,2023-07-08T09:54:58Z,\N,1,assert
acme:person:e001049~3429052c839f,person,acme,E001049,Chidi Silvestri,Manager,CC-0006,false,2023-07-04T20:47:24Z,\N,2023-07-09T15:16:59Z,\N,1,assert
acme:person:e002334~f8118db665e0,person,acme,E002334,Zoltan Gallagher,Auditor,DEPT-13,false,2023-06-20T11:02:11Z,\N,2023-07-09T00:46:01Z,\N,1,assert
acme:person:e000847~6c4563127378,person,acme,E000847,Samir Gallagher,Analyst,DEPT-01,false,2023-07-01T03:26:11Z,\N,2023-07-10T06:00:00Z,\N,1,assert
acme:person:e000267~f46d96f97d51,person,acme,E000267,Noor Tanaka,Auditor,DIV-CORP,false,2023-06-18T05:18:26Z,\N,2023-07-11T19:13:53Z,\N,1,assert
acme:person:e001362~e17c556e8ef9,person,acme,E001362,Elena Ueda,Auditor,CC-0013,false,2023-06-03T02:54:17Z,\N,2023-07-11T04:37:55Z,\N,1,assert
acme:person:e001995~e3d699942a49,person,acme,E001995,Renata Abbott,Manager,DEPT-01,false,2023-06-21T18:44:03Z,\N,2023-07-12T23:31:09Z,\N,1,assert
acme:person:e003127~f4497db4447f,person,acme,E003127,Renata Gallagher,Auditor,DEPT-04,false,2023-06-16T12:27:04Z,\N,2023-07-12T05:43:12Z,\N,1,assert
acme:person:e002454~c107841f51ee,person,acme,E002454,Carla Schneider,Architect,DEPT-24,true,2023-06-12T15:16:27Z,2025-04-26T05:34:53Z,2023-07-15T17:05:22Z,\N,1,assert
acme:person:e000280~ad35b7328768,person,acme,E000280,Ibrahim Kovac,Engineer,DEPT-21,false,2023-07-12T07:11:48Z,\N,2023-07-16T21:29:29Z,\N,1,assert
acme:person:e001884~3a3594fea9eb,person,acme,E001884,Zara Zhang,Buyer,CC-0010,false,2023-05-31T17:53:55Z,\N,2023-07-17T09:00:46Z,\N,1,assert
acme:person:e003430~c951a83ba6ea,person,acme,E003430,Lucia Quintero,Analyst,DEPT-11,false,2023-06-25T10:36:31Z,\N,2023-07-18T20:14:16Z,\N,1,assert
acme:person:e003677~50c6358bb642,person,acme,E003677,Ada Tanaka,Engineer,DEPT-17,false,2023-06-07T04:45:13Z,\N,2023-07-18T13:53:45Z,\N,1,assert
acme:person:e002577~ba4059a6a481,person,acme,E002577,Zara Jablonski,Buyer,DEPT-15,true,2023-07-11T19:30:14Z,2025-09-25T21:36:49Z,2023-07-19T19:56:04Z,\N,1,assert
acme:person:e001229~623ca5000b60,person,acme,E001229,Yara Schneider,Technician,CC-0013,false,2023-07-06T09:01:48Z,\N,2023-07-20T20:43:09Z,\N,1,assert
acme:person:e000536~74300c5c7835,person,acme,E000536,Paola Baptiste,Manager,DEPT-24,false,2023-06-05T12:26:00Z,\N,2023-07-21T04:25:27Z,\N,1,assert
acme:person:e000034~ae86b41868db,person,acme,E000034,Gita Wagner,Manager,DIV-CORP,false,2023-06-19T20:20:32Z,\N,2023-07-22T19:14:25Z,\N,1,assert
acme:person:e003061~aea71f42b53f,person,acme,E003061,Jonas Novak,Engineer,DEPT-04,false,2023-06-11T17:33:01Z,\N,2023-07-22T03:05:30Z,\N,1,assert
acme:person:e003337~fa22bdf9e7b8,person,acme,E003337,Ada Rasmussen,Analyst,DEPT-14,false,2023-05-28T10:37:35Z,\N,2023-07-23T19:20:30Z,\N,1,assert
acme:person:e002550~7d0148586b2a,person,acme,E002550,Sofia Nakamura,Auditor,CC-0002,false,2023-05-29T19:43:43Z,\N,2023-07-24T18:54:38Z,\N,1,assert
acme:person:e000269~c4d3b5f876be,person,acme,E000269,Ursula Ivanova,Analyst,CC-0013,false,2023-06-05T11:14:08Z,\N,2023-07-25T07:58:33Z,\N,1,assert
acme:person:e003459~d4441db434ab,person,acme,E003459,Tomas Marchetti,Technician,CC-0003,false,2023-06-01T01:16:34Z,\N,2023-07-25T16:25:51Z,\N,1,assert
acme:person:e003517~826f8b6eea8e,person,acme,E003517,Yara Ueda,Analyst,DEPT-03,false,2023-07-08T16:10:45Z,\N,2023-07-25T13:59:28Z,\N,1,assert
acme:person:e000925~2c1815692853,person,acme,E000925,Amara Pereira,Buyer,CC-0007,false,2023-06-16T01:29:44Z,\N,2023-07-26T00:25:21Z,\N,1,assert
acme:person:e001862~777ec56beabe,person,acme,E001862,Noor Eberhardt,Buyer,CC-0013,false,2023-06-19T09:52:27Z,\N,2023-07-26T09:12:59Z,\N,1,assert
acme:person:e001142~9d3e587aff95,person,acme,E001142,Renata Kaminski,Technician,DEPT-03,false,2023-06-07T13:41:43Z,\N,2023-07-27T14:32:21Z,\N,1,assert
acme:person:e002417~eee8ca78a25f,person,acme,E002417,Elena Nakamura,Engineer,CC-0004,false,2023-07-06T18:52:31Z,\N,2023-07-28T07:24:01Z,\N,1,assert
acme:person:e002457~67b01081e086,person,acme,E002457,Sofia Jablonski,Technician,CC-0014,false,2023-07-15T04:30:47Z,\N,2023-07-29T16:45:58Z,\N,1,assert
acme:person:e003742~c4a17050419c,person,acme,E003742,Zara Ivanova,Manager,DEPT-15,false,2023-05-30T02:47:51Z,\N,2023-07-29T20:52:46Z,\N,1,assert
acme:person:e002870~9e34df0c422b,person,acme,E002870,Tomas Baptiste,Technician,CC-0006,true,2023-07-07T18:33:57Z,2024-01-23T19:41:46Z,2023-07-30T08:34:34Z,\N,1,assert
acme:person:e003647~6a8a367b1cb3,person,acme,E003647,Oliver Zhang,Auditor,CC-0010,false,2023-06-25T03:38:39Z,\N,2023-07-30T17:20:15Z,\N,1,assert
acme:person:e000859~81f4fe09e2ba,person,acme,E000859,Nadia Yilmaz,Technician,CC-0008,false,2023-07-07T09:24:46Z,\N,2023-07-31T23:31:46Z,\N,1,assert
acme:person:e000958~9b0a620d6338,person,acme,E000958,Ursula Gundersen,Technician,DEPT-17,false,2023-07-28T18:46:52Z,\N,2023-07-31T19:15:10Z,\N,1,assert
acme:person:e002203~98261ae8c839,person,acme,E002203,Leila Lindqvist,Architect,DEPT-11,false,2023-07-25T21:11:09Z,\N,2023-07-31T05:41:23Z,\N,1,assert
acme:person:e000650~2f537ce96fdf,person,acme,E000650,Ursula Abbott,Technician,CC-0008,false,2023-06-17T06:18:02Z,\N,2023-08-01T20:09:48Z,\N,1,assert
acme:person:e003158~93e5004c6cb3,person,acme,E003158,Anders Ueda,Buyer,DEPT-07,false,2023-06-13T01:49:04Z,\N,2023-08-02T12:37:59Z,\N,1,assert
acme:person:e002259~c5423e1ef548,person,acme,E002259,Samir Yilmaz,Buyer,CC-0010,false,2023-08-01T16:10:34Z,\N,2023-08-03T20:40:47Z,\N,1,assert
acme:person:e001727~5ead259d751e,person,acme,E001727,Ingrid Abbott,Auditor,CC-0002,true,2023-06-24T00:09:53Z,2025-10-28T18:38:23Z,2023-08-04T14:50:22Z,\N,1,assert
acme:person:e000273~01e6432b079c,person,acme,E000273,Rafael Gallagher,Architect,CC-0002,false,2023-06-25T17:36:23Z,\N,2023-08-04T19:08:15Z,\N,1,assert
acme:person:e001746~b906e3442e5e,person,acme,E001746,Priya Santos,Engineer,CC-0012,false,2023-07-28T19:24:18Z,\N,2023-08-04T07:49:47Z,\N,1,assert
acme:person:e001105~943db590c1a4,person,acme,E001105,Marcus Gundersen,Analyst,CC-0007,false,2023-06-18T15:11:34Z,\N,2023-08-05T01:15:54Z,\N,1,assert
acme:person:e002821~269581a3fd8a,person,acme,E002821,Lars Ueda,Architect,CC-0014,false,2023-07-16T20:28:07Z,\N,2023-08-05T07:19:51Z,\N,1,assert
acme:person:e002801~16da14007f15,person,acme,E002801,Felix Delacroix,Buyer,DEPT-21,false,2023-06-22T17:01:31Z,\N,2023-08-06T23:59:42Z,\N,1,assert
acme:person:e003623~b62887e255d5,person,acme,E003623,Wen Fontaine,Analyst,DEPT-21,false,2023-07-18T22:57:14Z,\N,2023-08-07T09:46:00Z,\N,1,assert
acme:person:e003711~4d457c8150f9,person,acme,E003711,Fatima Haddad,Technician,CC-0001,false,2023-07-21T13:36:53Z,\N,2023-08-07T13:18:17Z,\N,1,assert
acme:person:e000898~627ec5172745,person,acme,E000898,Samir Kovac,Analyst,DEPT-06,false,2023-06-30T05:12:10Z,\N,2023-08-08T21:10:19Z,\N,1,assert
acme:person:e000937~07c6fe083fc3,person,acme,E000937,Quinn Chowdhury,Analyst,DEPT-22,false,2023-08-04T05:25:13Z,\N,2023-08-08T08:48:12Z,\N,1,assert
acme:person:e002739~2009c3eeb57d,person,acme,E002739,Dmitri Quintero,Architect,CC-0010,false,2023-08-01T05:42:32Z,\N,2023-08-10T12:34:05Z,\N,1,assert
acme:person:e003451~cfa63f91ec80,person,acme,E003451,Alan Haddad,Technician,DEPT-04,false,2023-07-30T19:25:28Z,\N,2023-08-10T20:21:40Z,\N,1,assert
acme:person:e001214~a4c10182a05d,person,acme,E001214,Ada Yilmaz,Analyst,CC-0013,false,2023-06-23T23:06:46Z,\N,2023-08-11T04:35:00Z,\N,1,assert
acme:person:e003710~03bb42b7509b,person,acme,E003710,Amara Nakamura,Manager,CC-0013,false,2023-07-04T16:56:49Z,\N,2023-08-11T20:31:17Z,\N,1,assert
acme:person:e000714~cf1bc60e7570,person,acme,E000714,Paola Baptiste,Engineer,CC-0006,false,2023-07-08T22:21:26Z,\N,2023-08-12T01:11:55Z,\N,1,assert
acme:person:e000902~d52064e92181,person,acme,E000902,Quinn Yilmaz,Auditor,DEPT-24,false,2023-07-07T05:43:03Z,\N,2023-08-12T07:33:53Z,\N,1,assert
acme:person:e001587~94e4637dc45f,person,acme,E001587,Anders Lindqvist,Manager,DEPT-21,false,2023-07-15T18:28:11Z,\N,2023-08-12T14:23:28Z,\N,1,assert
acme:person:e003892~74d534233a1c,person,acme,E003892,Ingrid Vaughan,Architect,DEPT-02,false,2023-06-13T02:36:51Z,\N,2023-08-12T20:10:44Z,\N,1,assert
acme:person:e000392~04d341877c60,person,acme,E000392,Clara Haddad,Technician,DEPT-07,false,2023-07-02T06:15:09Z,\N,2023-08-13T19:41:07Z,\N,1,assert
acme:person:e001635~2c66f56ac6a7,person,acme,E001635,Chidi Tanaka,Architect,DEPT-22,false,2023-07-19T20:00:51Z,\N,2023-08-14T15:52:10Z,\N,1,assert
acme:person:e003235~0ac39af83449,person,acme,E003235,Noor Wagner,Analyst,DEPT-18,false,2023-06-28T10:28:58Z,\N,2023-08-14T06:29:25Z,\N,1,assert
acme:person:e003367~4e4dcc0ad75a,person,acme,E003367,Vikram Schneider,Manager,DEPT-18,false,2023-07-08T12:25:59Z,\N,2023-08-14T20:27:56Z,\N,1,assert
acme:person:e002456~71fb921d60ae,person,acme,E002456,Mira Zhang,Buyer,DEPT-10,false,2023-07-10T14:03:11Z,\N,2023-08-15T22:57:03Z,\N,1,assert
acme:person:e002938~fae79dbeaa26,person,acme,E002938,Liam Bergstrom,Architect,CC-0007,false,2023-07-18T08:31:50Z,\N,2023-08-16T00:53:40Z,\N,1,assert
acme:person:e003014~e75f9bba53c7,person,acme,E003014,Noor Nakamura,Analyst,DEPT-08,false,2023-08-10T06:29:58Z,\N,2023-08-16T12:11:47Z,\N,1,assert
acme:person:e000904~dfead2a554c5,person,acme,E000904,Zara Gundersen,Buyer,CC-0008,true,2023-07-28T21:21:59Z,2023-08-31T13:52:07Z,2023-08-17T00:34:17Z,\N,1,assert
acme:person:e000354~223994fa44fa,person,acme,E000354,Liam Schneider,Buyer,DEPT-21,false,2023-06-22T04:46:13Z,\N,2023-08-17T18:11:52Z,\N,1,assert
acme:person:e002972~b33941f1012a,person,acme,E002972,Mira Baptiste,Manager,DEPT-10,false,2023-08-08T17:53:33Z,\N,2023-08-17T20:52:03Z,\N,1,assert
acme:person:e002184~f749619c18f0,person,acme,E002184,Samir Fontaine,Buyer,DEPT-19,false,2023-06-19T10:25:58Z,\N,2023-08-18T14:56:02Z,\N,1,assert
acme:person:e003193~7ab4ab649f36,person,acme,E003193,Chidi Santos,Analyst,DEPT-17,false,2023-07-10T04:08:31Z,\N,2023-08-18T20:12:46Z,\N,1,assert
acme:person:e001313~ee866f5d5797,person,acme,E001313,Bruno Vaughan,Buyer,DEPT-11,false,2023-08-16T13:57:29Z,\N,2023-08-19T06:04:25Z,\N,1,assert
acme:person:e001122~e4e4851c5d1c,person,acme,E001122,Lars Pereira,Engineer,DEPT-19,false,2023-08-15T23:27:20Z,\N,2023-08-20T14:29:18Z,\N,1,assert
acme:person:e001327~7305fa941a61,person,acme,E001327,Anika Gallagher,Architect,DEPT-19,false,2023-07-27T20:34:43Z,\N,2023-08-20T13:54:29Z,\N,1,assert
acme:person:e002659~cc2d988bde1e,person,acme,E002659,Ibrahim Mbatha,Architect,DEPT-11,false,2023-07-19T13:20:52Z,\N,2023-08-20T00:01:46Z,\N,1,assert
acme:person:e000579~8c31ef94c765,person,acme,E000579,Oliver Ueda,Manager,CC-0001,false,2023-08-20T12:34:27Z,\N,2023-08-21T20:06:01Z,\N,1,assert
acme:person:e000737~614e4a2f56dc,person,acme,E000737,Noor Silvestri,Analyst,CC-0001,false,2023-07-14T00:34:53Z,\N,2023-08-21T08:24:06Z,\N,1,assert
acme:person:e002650~2e1b79a4899d,person,acme,E002650,Renata Haddad,Architect,DEPT-01,false,2023-07-03T00:02:24Z,\N,2023-08-21T18:07:53Z,\N,1,assert
acme:person:e003446~4a20dbc33279,person,acme,E003446,Xenia Jablonski,Architect,CC-0009,false,2023-07-19T14:43:32Z,\N,2023-08-21T04:46:56Z,\N,1,assert
acme:person:e001141~67be70eded66,person,acme,E001141,Fatima Mbatha,Manager,DEPT-04,false,2023-08-10T20:31:47Z,\N,2023-08-22T16:23:06Z,\N,1,assert
acme:person:e002307~9715e778ddd3,person,acme,E002307,Quinn Gallagher,Architect,CC-0013,false,2023-07-06T04:52:12Z,\N,2023-08-22T17:46:48Z,\N,1,assert
acme:person:e003939~31609c1c8a60,person,acme,E003939,Nadia Silvestri,Buyer,DEPT-09,false,2023-08-22T00:06:17Z,\N,2023-08-22T00:06:17Z,\N,1,assert
acme:person:e000133~9123b0c4a69e,person,acme,E000133,Quinn Eberhardt,Auditor,DEPT-16,false,2023-07-25T01:13:37Z,\N,2023-08-23T23:24:59Z,\N,1,assert
acme:person:e000105~5b5ff8b409cc,person,acme,E000105,Oliver Abbott,Auditor,DEPT-20,false,2023-06-30T00:49:59Z,\N,2023-08-24T19:36:34Z,\N,1,assert
acme:person:e001598~957b8a67360f,person,acme,E001598,Priya Rasmussen,Engineer,DEPT-14,false,2023-07-21T18:06:17Z,\N,2023-08-24T10:37:00Z,\N,1,assert
acme:person:e002282~a49d21552768,person,acme,E002282,Ibrahim Zhang,Engineer,CC-0014,false,2023-08-13T07:22:55Z,\N,2023-08-24T05:31:22Z,\N,1,assert
acme:person:e003009~50b59a5dbe92,person,acme,E003009,Anders Silvestri,Auditor,CC-0014,false,2023-07-05T05:01:03Z,\N,2023-08-26T00:10:55Z,\N,1,assert
acme:person:e001473~6b2315a07687,person,acme,E001473,Lucia Weiss,Auditor,DIV-CORP,false,2023-07-09T00:15:52Z,\N,2023-08-27T01:54:15Z,\N,1,assert
acme:person:e000104~51ea9872c262,person,acme,E000104,Ibrahim Mbatha,Engineer,DEPT-18,false,2023-08-09T18:21:09Z,\N,2023-08-28T07:47:31Z,\N,1,assert
acme:person:e003783~801b75f359bb,person,acme,E003783,Ursula Chowdhury,Technician,CC-0002,false,2023-08-21T18:44:48Z,\N,2023-08-28T08:04:55Z,\N,1,assert
acme:person:e000812~5a5f41674c81,person,acme,E000812,Ingrid Abbott,Technician,DEPT-08,false,2023-07-31T12:06:28Z,\N,2023-08-29T20:51:26Z,\N,1,assert
acme:person:e002495~a8a9b5ddbcf5,person,acme,E002495,Ibrahim Weiss,Manager,CC-0007,false,2023-07-15T14:48:13Z,\N,2023-08-30T16:19:02Z,\N,1,assert
acme:person:e002594~1d2ebfcdb1a9,person,acme,E002594,Lars Gallagher,Manager,DEPT-14,false,2023-07-02T12:39:22Z,\N,2023-08-30T17:26:15Z,\N,1,assert
acme:person:e001498~b55e29f810cc,person,acme,E001498,Keiko Castellanos,Auditor,DEPT-21,false,2023-07-21T11:48:02Z,\N,2023-08-31T11:09:32Z,\N,1,assert
acme:person:e000042~77648741f773,person,acme,E000042,Bruno Rasmussen,Architect,DEPT-12,false,2023-07-17T03:36:16Z,\N,2023-09-01T03:23:20Z,\N,1,assert
acme:person:e001647~1f18ec1bb7f8,person,acme,E001647,Ada Gundersen,Buyer,DEPT-14,false,2023-07-28T02:52:28Z,\N,2023-09-01T10:00:40Z,\N,1,assert
acme:person:e000343~0ba2480574f8,person,acme,E000343,Keiko Delacroix,Architect,DEPT-03,false,2023-08-13T01:58:15Z,\N,2023-09-02T21:38:32Z,\N,1,assert
acme:person:e000861~5567df5dcbfa,person,acme,E000861,Samir Quintero,Analyst,CC-0007,false,2023-07-24T06:35:08Z,\N,2023-09-02T18:07:14Z,\N,1,assert
acme:person:e003022~2f24736124d4,person,acme,E003022,Chidi Eberhardt,Engineer,CC-0012,false,2023-07-23T20:52:06Z,\N,2023-09-02T04:31:17Z,\N,1,assert
acme:person:e003505~b6d8bb04c1d6,person,acme,E003505,Tomas Oyelaran,Auditor,DEPT-19,false,2023-07-06T02:05:03Z,\N,2023-09-02T08:17:41Z,\N,1,assert
acme:person:e002023~6c94377cf23c,person,acme,E002023,Rafael Vaughan,Buyer,CC-0006,false,2023-09-03T18:04:19Z,\N,2023-09-03T18:04:19Z,\N,1,assert
acme:person:e002546~631f03474c88,person,acme,E002546,Hugo Mbatha,Technician,DEPT-22,false,2023-07-24T22:26:53Z,\N,2023-09-03T09:11:13Z,\N,1,assert
acme:person:e003488~22db7177e1f9,person,acme,E003488,Nadia Quintero,Technician,CC-0008,false,2023-08-08T09:41:13Z,\N,2023-09-03T03:23:17Z,\N,1,assert
acme:person:e000383~bfbdab7bb164,person,acme,E000383,Paola Eberhardt,Manager,DEPT-22,false,2023-08-13T05:07:53Z,\N,2023-09-04T17:53:14Z,\N,1,assert
acme:person:e003070~3bfc7bc67273,person,acme,E003070,Nadia Silvestri,Engineer,DEPT-01,false,2023-07-17T07:02:59Z,\N,2023-09-04T23:21:42Z,\N,1,assert
acme:person:e003425~423f18a2ac72,person,acme,E003425,Ibrahim Gallagher,Auditor,DEPT-07,false,2023-08-22T08:36:31Z,\N,2023-09-04T11:38:25Z,\N,1,assert
acme:person:e001316~bdf78af32660,person,acme,E001316,Zoltan Delacroix,Analyst,DEPT-20,false,2023-07-21T02:54:54Z,\N,2023-09-06T22:55:30Z,\N,1,assert
acme:person:e001401~70abf0aeae90,person,acme,E001401,Kwame Okonkwo,Architect,DEPT-17,false,2023-08-15T07:47:20Z,\N,2023-09-06T03:58:50Z,\N,1,assert
acme:person:e000661~18ef1736419d,person,acme,E000661,Elena Wagner,Manager,CC-0009,false,2023-07-27T07:37:57Z,\N,2023-09-07T03:25:57Z,\N,1,assert
acme:person:e002224~3b1bee62972b,person,acme,E002224,Tomas Gallagher,Engineer,CC-0003,false,2023-08-08T11:29:54Z,\N,2023-09-07T01:26:58Z,\N,1,assert
acme:person:e003246~1b38c13aa9d9,person,acme,E003246,Elena Ivanova,Engineer,CC-0007,false,2023-07-29T16:30:56Z,\N,2023-09-07T10:46:38Z,\N,1,assert
acme:person:e003394~d69a6831f270,person,acme,E003394,Gita Silvestri,Buyer,DEPT-04,false,2023-08-14T04:58:42Z,\N,2023-09-07T03:40:45Z,\N,1,assert
acme:person:e000811~e48910c80510,person,acme,E000811,Bruno Mbatha,Analyst,DEPT-08,false,2023-08-03T05:44:27Z,\N,2023-09-08T03:04:26Z,\N,1,assert
acme:person:e001484~2be1fc1316e5,person,acme,E001484,Gita Novak,Technician,DEPT-13,false,2023-07-21T00:22:34Z,\N,2023-09-08T19:22:18Z,\N,1,assert
acme:person:e003940~a1f171788b5b,person,acme,E003940,Keiko Ueda,Architect,DEPT-01,false,2023-08-05T14:33:16Z,\N,2023-09-08T18:10:56Z,\N,1,assert
acme:person:e000102~f0c6b44bb5a3,person,acme,E000102,Oliver Rasmussen,Technician,CC-0005,false,2023-07-25T09:26:40Z,\N,2023-09-10T03:05:47Z,\N,1,assert
acme:person:e002071~843f617c933d,person,acme,E002071,Clara Schneider,Buyer,DEPT-24,false,2023-08-13T02:46:23Z,\N,2023-09-10T11:57:08Z,\N,1,assert
acme:person:e001561~358967d92352,person,acme,E001561,Wen Chowdhury,Buyer,DEPT-22,false,2023-08-01T17:44:06Z,\N,2023-09-11T01:16:11Z,\N,1,assert
acme:person:e003549~c9bc35dcd117,person,acme,E003549,Jonas Jablonski,Manager,CC-0005,false,2023-07-22T09:31:33Z,\N,2023-09-13T08:27:37Z,\N,1,assert
acme:person:e002932~37e55470a2ed,person,acme,E002932,Amara Santos,Buyer,CC-0013,false,2023-08-30T09:11:44Z,\N,2023-09-15T14:14:23Z,\N,1,assert
acme:person:e002735~0aa6d70968c9,person,acme,E002735,Oliver Quintero,Architect,DEPT-17,false,2023-08-04T07:53:50Z,\N,2023-09-16T09:05:49Z,\N,1,assert
acme:person:e003527~aab79be6b525,person,acme,E003527,Ursula Castellanos,Manager,CC-0008,false,2023-08-10T06:35:55Z,\N,2023-09-16T15:06:22Z,\N,1,assert
acme:person:e000360~47ebfa5da72c,person,acme,E000360,Wen Wagner,Buyer,CC-0005,false,2023-09-17T11:58:33Z,\N,2023-09-18T04:47:39Z,\N,1,assert
acme:person:e000283~9071fc9aee3c,person,acme,E000283,Amara Fontaine,Buyer,CC-0004,false,2023-07-29T11:27:20Z,\N,2023-09-19T11:54:28Z,\N,1,assert
acme:person:e002395~56d0fc66360d,person,acme,E002395,Paola Nakamura,Buyer,CC-0002,false,2023-08-13T20:09:57Z,\N,2023-09-19T11:21:26Z,\N,1,assert
acme:person:e003687~8dbe0827e318,person,acme,E003687,Lucia Tanaka,Analyst,DEPT-04,false,2023-09-21T06:39:43Z,\N,2023-09-21T06:39:43Z,\N,1,assert
acme:person:e000597~8dbff3177aa1,person,acme,E000597,Hugo Baptiste,Auditor,CC-0006,false,2023-09-03T01:30:57Z,\N,2023-09-23T12:59:01Z,\N,1,assert
acme:person:e000998~bff3e799d84c,person,acme,E000998,Zoltan Okonkwo,Engineer,CC-0014,false,2023-08-31T12:36:21Z,\N,2023-09-23T17:20:12Z,\N,1,assert
acme:person:e001241~ecdd36aec160,person,acme,E001241,Zoltan Gundersen,Manager,CC-0003,false,2023-09-14T10:18:56Z,\N,2023-09-23T23:48:56Z,\N,1,assert
acme:person:e001821~8643b438dd23,person,acme,E001821,Anika Mbatha,Technician,DEPT-24,false,2023-09-19T12:56:51Z,\N,2023-09-23T22:30:09Z,\N,1,assert
acme:person:e000500~afe6d6655af7,person,acme,E000500,Chidi Vaughan,Engineer,DEPT-06,false,2023-08-20T00:36:36Z,\N,2023-09-24T07:38:16Z,\N,1,assert
acme:person:e002187~483a05a2b5f8,person,acme,E002187,Clara Quintero,Buyer,CC-0005,true,2023-09-06T00:15:57Z,2024-10-27T18:16:56Z,2023-09-24T15:26:24Z,\N,1,assert
acme:person:e000013~2451476ebaa4,person,acme,E000013,Fatima Haddad,Buyer,CC-0011,false,2023-09-19T07:12:36Z,\N,2023-09-25T01:47:36Z,\N,1,assert
acme:person:e000029~463de20ddbb4,person,acme,E000029,Keiko Kaminski,Manager,DEPT-09,false,2023-08-17T21:03:50Z,\N,2023-09-25T08:26:12Z,\N,1,assert
acme:person:e001467~e04554e46503,person,acme,E001467,Lucia Lindqvist,Buyer,CC-0010,false,2023-08-09T07:57:05Z,\N,2023-09-25T01:03:53Z,\N,1,assert
acme:person:e003678~7f9274cc02ad,person,acme,E003678,Ibrahim Thorsen,Engineer,DIV-CORP,false,2023-09-13T03:14:47Z,\N,2023-09-25T10:26:23Z,\N,1,assert
acme:person:e000201~8b84c61bba5c,person,acme,E000201,Vikram Zhang,Analyst,DEPT-15,true,2023-08-08T04:36:42Z,2024-03-26T18:04:13Z,2023-09-25T14:08:50Z,\N,1,assert
acme:person:e001259~462d1a23e139,person,acme,E001259,Clara Baptiste,Architect,CC-0005,false,2023-08-25T20:09:09Z,\N,2023-09-27T00:00:22Z,\N,1,assert
acme:person:e001866~b1f5dbb46252,person,acme,E001866,Kwame Gundersen,Manager,CC-0012,false,2023-08-08T20:45:27Z,\N,2023-09-29T20:39:18Z,\N,1,assert
acme:person:e002508~e3c989d69b38,person,acme,E002508,Liam Chowdhury,Architect,DEPT-06,false,2023-09-25T14:45:35Z,\N,2023-09-29T20:57:05Z,\N,1,assert
acme:person:e002275~45ca6b12157d,person,acme,E002275,Nadia Baptiste,Manager,DEPT-24,false,2023-08-11T10:22:24Z,\N,2023-09-30T10:16:37Z,\N,1,assert
acme:person:e000456~2239d7324864,person,acme,E000456,Sofia Kovac,Buyer,DEPT-14,false,2023-09-14T18:44:49Z,\N,2023-10-01T12:37:38Z,\N,1,assert
acme:person:e000550~47c1f00abf6a,person,acme,E000550,Yusuf Rasmussen,Technician,DEPT-13,false,2023-09-20T05:34:29Z,\N,2023-10-03T11:05:57Z,\N,1,assert
acme:person:e001996~9cb0a4aa36f2,person,acme,E001996,Jonas Castellanos,Engineer,DEPT-03,false,2023-08-21T01:31:41Z,\N,2023-10-03T05:42:44Z,\N,1,assert
acme:person:e003065~a3afb17e7f0d,person,acme,E003065,Hugo Rasmussen,Analyst,CC-0007,false,2023-08-25T21:35:44Z,\N,2023-10-03T16:47:31Z,\N,1,assert
acme:person:e002705~4b93adbafdb0,person,acme,E002705,Priya Vaughan,Auditor,DEPT-05,false,2023-09-20T14:44:23Z,\N,2023-10-04T15:44:35Z,\N,1,assert
acme:person:e000803~e2daa5826c24,person,acme,E000803,Elena Wagner,Buyer,CC-0012,false,2023-08-23T05:27:04Z,\N,2023-10-05T17:17:41Z,\N,1,assert
acme:person:e000804~b923c48b0f7b,person,acme,E000804,Zoltan Oyelaran,Manager,CC-0001,false,2023-09-13T00:42:41Z,\N,2023-10-05T22:50:40Z,\N,1,assert
acme:person:e001694~8be11273a74b,person,acme,E001694,Hugo Rasmussen,Auditor,DIV-CORP,false,2023-09-05T18:11:21Z,\N,2023-10-05T17:14:06Z,\N,1,assert
acme:person:e001768~24419291d25a,person,acme,E001768,Keiko Baptiste,Technician,CC-0004,false,2023-08-24T18:03:50Z,\N,2023-10-05T16:24:56Z,\N,1,assert
acme:person:e002353~bba3ba3705e4,person,acme,E002353,Yara Zhang,Architect,DEPT-03,false,2023-08-16T08:28:09Z,\N,2023-10-05T11:57:13Z,\N,1,assert
acme:person:e002916~f79f93931e2b,person,acme,E002916,Wen Okonkwo,Auditor,CC-0009,false,2023-08-16T18:39:16Z,\N,2023-10-05T02:01:41Z,\N,1,assert
acme:person:e003348~3337e34d7553,person,acme,E003348,Marcus Pereira,Architect,DEPT-01,false,2023-08-29T03:23:07Z,\N,2023-10-05T16:59:39Z,\N,1,assert
acme:person:e000112~cb8a2c5cbb0c,person,acme,E000112,Sofia Oyelaran,Manager,DEPT-13,false,2023-09-08T23:04:12Z,\N,2023-10-06T05:58:28Z,\N,1,assert
acme:person:e000743~63543bcb6a69,person,acme,E000743,Quinn Rasmussen,Architect,DEPT-15,false,2023-09-08T14:17:29Z,\N,2023-10-06T21:40:07Z,\N,1,assert
acme:person:e002898~71c35742a68e,person,acme,E002898,Chidi Pereira,Technician,CC-0002,false,2023-09-03T00:39:34Z,\N,2023-10-06T13:29:56Z,\N,1,assert
acme:person:e000483~643713430adc,person,acme,E000483,Elena Tanaka,Technician,CC-0009,false,2023-09-29T02:47:52Z,\N,2023-10-07T10:34:33Z,\N,1,assert
acme:person:e001594~b95003ca769e,person,acme,E001594,Nadia Schneider,Technician,CC-0001,false,2023-08-10T13:14:12Z,\N,2023-10-07T04:18:55Z,\N,1,assert
acme:person:e000194~f67d64e0ee4f,person,acme,E000194,Amara Baptiste,Engineer,CC-0011,false,2023-09-03T15:45:04Z,\N,2023-10-08T04:16:08Z,\N,1,assert
acme:person:e000984~3372271aa1d8,person,acme,E000984,Ursula Kovac,Analyst,DEPT-07,false,2023-09-21T13:52:29Z,\N,2023-10-08T22:47:50Z,\N,1,assert
acme:person:e001417~62624a7c1bc3,person,acme,E001417,Ada Ivanova,Technician,DEPT-20,false,2023-08-10T10:44:22Z,\N,2023-10-08T19:59:44Z,\N,1,assert
acme:person:e000546~592d199220bb,person,acme,E000546,Dmitri Haddad,Technician,CC-0005,false,2023-09-30T13:20:28Z,\N,2023-10-10T18:08:45Z,\N,1,assert
acme:person:e001678~27f65c8dfc51,person,acme,E001678,Xenia Chowdhury,Architect,DEPT-12,false,2023-09-17T15:38:57Z,\N,2023-10-10T18:53:08Z,\N,1,assert
acme:person:e003727~3b148fe0b782,person,acme,E003727,Vikram Thorsen,Architect,DEPT-02,false,2023-08-18T08:30:19Z,\N,2023-10-10T20:05:51Z,\N,1,assert
acme:person:e000810~b725e9d1906f,person,acme,E000810,Marcus Schneider,Technician,DEPT-04,false,2023-09-23T21:08:39Z,\N,2023-10-12T02:15:13Z,\N,1,assert
acme:person:e002746~67ebf68e73c7,person,acme,E002746,Zoltan Nakamura,Manager,DEPT-13,false,2023-08-29T02:00:55Z,\N,2023-10-12T10:39:34Z,\N,1,assert
acme:person:e001575~1dba22c65a09,person,acme,E001575,Yara Tanaka,Technician,DEPT-21,false,2023-08-17T08:36:19Z,\N,2023-10-13T06:03:52Z,\N,1,assert
acme:person:e002294~4681892ba7fc,person,acme,E002294,Tomas Novak,Architect,CC-0007,false,2023-10-04T23:13:16Z,\N,2023-10-14T14:48:14Z,\N,1,assert
acme:person:e002682~32f801a27a25,person,acme,E002682,Elena Gundersen,Auditor,DEPT-19,false,2023-10-09T13:37:54Z,\N,2023-10-14T07:05:45Z,\N,1,assert
acme:person:e003578~a047a245f0d8,person,acme,E003578,Zoltan Santos,Buyer,CC-0014,false,2023-10-01T00:14:03Z,\N,2023-10-14T23:04:32Z,\N,1,assert
acme:person:e002127~31c462b6c893,person,acme,E002127,Wen Yilmaz,Architect,CC-0005,false,2023-09-16T17:41:14Z,\N,2023-10-15T10:35:10Z,\N,1,assert
acme:person:e000279~5e3b8bd7ec83,person,acme,E000279,Nadia Gundersen,Architect,CC-0014,false,2023-09-26T18:37:01Z,\N,2023-10-16T03:43:01Z,\N,1,assert
acme:person:e002636~d229940425e5,person,acme,E002636,Oliver Santos,Architect,DEPT-09,false,2023-08-27T05:34:27Z,\N,2023-10-16T01:32:59Z,\N,1,assert
acme:person:e003102~d921e6a98fa9,person,acme,E003102,Bruno Eberhardt,Auditor,CC-0011,false,2023-09-06T20:32:06Z,\N,2023-10-16T23:47:57Z,\N,1,assert
acme:person:e000540~1f019eda7976,person,acme,E000540,Sofia Mbatha,Technician,CC-0004,false,2023-09-14T09:04:15Z,\N,2023-10-17T22:11:58Z,\N,1,assert
acme:person:e000532~e479ed91fb81,person,acme,E000532,Felix Delacroix,Technician,DEPT-03,false,2023-09-29T03:41:22Z,\N,2023-10-18T03:07:54Z,\N,1,assert
acme:person:e003645~d63acb5ec39f,person,acme,E003645,Oliver Mbatha,Technician,CC-0002,false,2023-09-02T18:08:09Z,\N,2023-10-18T04:25:02Z,\N,1,assert
acme:person:e002641~dbe78e20ffff,person,acme,E002641,Anika Kaminski,Auditor,DEPT-19,false,2023-09-13T21:40:44Z,\N,2023-10-18T04:53:12Z,\N,1,assert
acme:person:e000671~4422617e14d6,person,acme,E000671,Farid Gundersen,Buyer,DEPT-13,false,2023-09-30T13:53:10Z,\N,2023-10-18T09:14:27Z,\N,1,assert
acme:person:e003897~8443efa1288a,person,acme,E003897,Jonas Pereira,Buyer,DEPT-17,true,2023-09-02T06:42:02Z,2024-07-25T14:57:18Z,2023-10-19T05:25:29Z,\N,1,assert
acme:person:e000261~078c25b79d77,person,acme,E000261,Anders Wagner,Architect,CC-0010,false,2023-09-01T11:28:59Z,\N,2023-10-19T06:05:49Z,\N,1,assert
acme:person:e002917~aae56afaa544,person,acme,E002917,Jonas Thorsen,Engineer,DEPT-24,false,2023-09-17T16:55:50Z,\N,2023-10-20T14:33:51Z,\N,1,assert
acme:person:e003042~f687f8021d56,person,acme,E003042,Jonas Ueda,Engineer,DEPT-09,false,2023-09-20T22:21:45Z,\N,2023-10-20T06:48:21Z,\N,1,assert
acme:person:e001486~4d53d33f761d,person,acme,E001486,Carla Ivanova,Buyer,CC-0005,true,2023-09-26T23:21:51Z,2025-06-03T01:36:29Z,2023-10-21T11:29:58Z,\N,1,assert
acme:person:e001856~d6996fba8c33,person,acme,E001856,Wen Haddad,Architect,CC-0014,false,2023-09-16T17:05:40Z,\N,2023-10-22T09:08:23Z,\N,1,assert
acme:person:e000662~51a58d04b9ab,person,acme,E000662,Ada Eberhardt,Architect,CC-0002,true,2023-10-06T14:04:24Z,2025-08-28T23:10:07Z,2023-10-22T19:33:19Z,\N,1,assert
acme:person:e002100~d7da0e6aaa03,person,acme,E002100,Priya Ueda,Manager,DEPT-22,false,2023-10-13T12:26:25Z,\N,2023-10-22T21:28:18Z,\N,1,assert
acme:person:e003576~6ad01dd40d9e,person,acme,E003576,Yusuf Vaughan,Auditor,DEPT-09,false,2023-08-28T07:43:15Z,\N,2023-10-23T11:44:08Z,\N,1,assert
acme:person:e003340~9af466d19aa7,person,acme,E003340,Fatima Gallagher,Technician,CC-0011,false,2023-08-27T06:54:02Z,\N,2023-10-24T00:05:21Z,\N,1,assert
acme:person:e003676~eb5600bdeb5e,person,acme,E003676,Tomas Haddad,Manager,DEPT-02,true,2023-08-31T07:08:24Z,2023-12-15T03:03:28Z,2023-10-25T04:55:21Z,\N,1,assert
acme:person:e001639~87df76add55c,person,acme,E001639,Amara Bergstrom,Analyst,DEPT-20,false,2023-10-18T02:25:13Z,\N,2023-10-25T09:54:36Z,\N,1,assert
acme:person:e002050~407a48d45a07,person,acme,E002050,Alan Silvestri,Buyer,DEPT-11,false,2023-09-05T17:45:01Z,\N,2023-10-25T22:02:06Z,\N,1,assert
acme:person:e002530~c2ca6d9c724d,person,acme,E002530,Zoltan Rasmussen,Analyst,DEPT-01,false,2023-10-03T04:20:27Z,\N,2023-10-25T13:00:28Z,\N,1,assert
acme:person:e001580~160c88aca86b,person,acme,E001580,Alan Okonkwo,Manager,DEPT-14,false,2023-09-19T14:41:08Z,\N,2023-10-26T20:33:26Z,\N,1,assert
acme:person:e000443~1a410238b206,person,acme,E000443,Wen Ueda,Auditor,DEPT-08,false,2023-08-30T17:10:29Z,\N,2023-10-28T04:33:08Z,\N,1,assert
acme:person:e000981~16676fdff50a,person,acme,E000981,Lars Marchetti,Analyst,DEPT-08,false,2023-10-07T02:51:39Z,\N,2023-10-28T04:36:15Z,\N,1,assert
acme:person:e000991~23d7f2761d4c,person,acme,E000991,Alan Castellanos,Analyst,DEPT-07,false,2023-09-11T11:56:01Z,\N,2023-10-28T14:17:56Z,\N,1,assert
acme:person:e001611~6f964905a4f8,person,acme,E001611,Sofia Bergstrom,Buyer,CC-0003,false,2023-10-11T06:14:13Z,\N,2023-10-28T03:59:42Z,\N,1,assert
acme:person:e000227~2d2481c30523,person,acme,E000227,Ursula Bergstrom,Manager,DEPT-10,false,2023-10-03T03:38:42Z,\N,2023-10-29T14:51:36Z,\N,1,assert
acme:person:e000926~06c24ffd82c6,person,acme,E000926,Quinn Mbatha,Architect,DEPT-07,false,2023-09-27T23:28:01Z,\N,2023-10-29T19:18:50Z,\N,1,assert
acme:person:e002494~7eeb12abab16,person,acme,E002494,Xenia Chowdhury,Technician,DEPT-22,false,2023-09-24T10:03:58Z,\N,2023-10-29T03:02:33Z,\N,1,assert
acme:person:e000465~db4df01f1b0b,person,acme,E000465,Priya Rasmussen,Architect,DEPT-12,false,2023-09-09T06:49:40Z,\N,2023-10-30T06:37:48Z,\N,1,assert
acme:person:e001372~3cc7e8ee29f4,person,acme,E001372,Ada Gallagher,Architect,DEPT-21,true,2023-09-30T19:50:29Z,2025-02-13T04:59:53Z,2023-10-31T17:47:46Z,\N,1,assert
acme:person:e001039~85de41680962,person,acme,E001039,Noor Kaminski,Technician,DEPT-19,false,2023-10-04T23:06:46Z,\N,2023-10-31T20:57:00Z,\N,1,assert
acme:person:e001286~0d2934ed07ed,person,acme,E001286,Farid Silvestri,Buyer,CC-0006,false,2023-10-23T03:16:11Z,\N,2023-10-31T21:06:27Z,\N,1,assert
acme:person:e001525~d4e95dfe50fc,person,acme,E001525,Gita Castellanos,Technician,DEPT-21,false,2023-10-04T18:07:20Z,\N,2023-10-31T09:04:09Z,\N,1,assert
acme:person:e002434~70d8b7ee9116,person,acme,E002434,Oliver Santos,Engineer,CC-0013,false,2023-10-28T22:02:38Z,\N,2023-10-31T15:06:16Z,\N,1,assert
acme:person:e001455~02e140324668,person,acme,E001455,Rafael Ivanova,Technician,CC-0002,false,2023-09-20T02:08:52Z,\N,2023-11-01T06:12:31Z,\N,1,assert
acme:person:e002159~e80a9cf5cd2a,person,acme,E002159,Ingrid Delacroix,Architect,DEPT-05,false,2023-10-09T09:05:27Z,\N,2023-11-03T18:04:52Z,\N,1,assert
acme:person:e000976~a2eed81404c7,person,acme,E000976,Yusuf Tanaka,Buyer,DEPT-02,false,2023-10-10T21:00:11Z,\N,2023-11-04T21:42:22Z,\N,1,assert
acme:person:e003660~3224edca6354,person,acme,E003660,Marcus Pereira,Technician,DEPT-10,false,2023-11-02T09:02:29Z,\N,2023-11-04T13:23:20Z,\N,1,assert
acme:person:e001769~11ec06c71b56,person,acme,E001769,Anders Marchetti,Technician,CC-0012,false,2023-10-17T10:38:15Z,\N,2023-11-05T17:30:08Z,\N,1,assert
acme:person:e002987~4182807af1d1,person,acme,E002987,Amara Ivanova,Buyer,DEPT-24,false,2023-10-24T20:01:47Z,\N,2023-11-05T22:50:48Z,\N,1,assert
acme:person:e003854~ec66e5d1b071,person,acme,E003854,Paola Kovac,Analyst,CC-0013,false,2023-10-14T05:28:09Z,\N,2023-11-06T15:03:56Z,\N,1,assert
acme:person:e000657~8a7436e2eea6,person,acme,E000657,Xenia Delacroix,Engineer,DEPT-13,true,2023-11-02T07:50:49Z,2025-09-19T20:27:26Z,2023-11-06T21:46:33Z,\N,1,assert
acme:person:e000441~cf6c8436ce29,person,acme,E000441,Dmitri Marchetti,Buyer,DEPT-03,false,2023-10-10T06:14:29Z,\N,2023-11-08T03:33:21Z,\N,1,assert
acme:person:e002098~ada610ae3dd0,person,acme,E002098,Amara Baptiste,Engineer,DEPT-05,false,2023-09-23T06:49:32Z,\N,2023-11-08T15:27:43Z,\N,1,assert
acme:person:e001920~5311f51b75d2,person,acme,E001920,Anders Weiss,Analyst,DEPT-14,true,2023-09-19T11:08:10Z,2024-02-16T21:45:49Z,2023-11-10T20:47:06Z,\N,1,assert
acme:person:e000455~5d2a5bbcaa29,person,acme,E000455,Anders Novak,Manager,DEPT-08,false,2023-10-11T20:20:00Z,\N,2023-11-10T23:41:54Z,\N,1,assert
acme:person:e001364~8316d5cea7ba,person,acme,E001364,Tomas Thorsen,Analyst,DEPT-20,false,2023-11-05T05:33:25Z,\N,2023-11-10T15:04:27Z,\N,1,assert
acme:person:e002459~2194a32a53c8,person,acme,E002459,Kwame Weiss,Engineer,CC-0014,false,2023-11-02T22:39:12Z,\N,2023-11-10T21:46:19Z,\N,1,assert
acme:person:e002993~58f4bcb65890,person,acme,E002993,Amara Oyelaran,Technician,DEPT-15,false,2023-09-18T21:01:50Z,\N,2023-11-11T10:28:11Z,\N,1,assert
acme:person:e003457~bae10b23ec83,person,acme,E003457,Dmitri Oyelaran,Engineer,CC-0011,false,2023-10-13T05:53:55Z,\N,2023-11-11T07:01:23Z,\N,1,assert
acme:person:e001318~5061eb8dd0ae,person,acme,E001318,Wen Oyelaran,Architect,DEPT-21,false,2023-10-04T23:04:01Z,\N,2023-11-12T04:27:02Z,\N,1,assert
acme:person:e002393~6ed06a198756,person,acme,E002393,Clara Nakamura,Buyer,DEPT-20,false,2023-10-21T11:47:53Z,\N,2023-11-12T16:38:37Z,\N,1,assert
acme:person:e003211~740a5ddf9aae,person,acme,E003211,Dmitri Nakamura,Buyer,DEPT-17,false,2023-09-29T07:44:52Z,\N,2023-11-12T01:15:09Z,\N,1,assert
acme:person:e002829~e82434e9a3d5,person,acme,E002829,Paola Zhang,Auditor,DEPT-22,false,2023-10-04T20:37:56Z,\N,2023-11-14T21:48:07Z,\N,1,assert
acme:person:e003587~6a4bca01ea29,person,acme,E003587,Jonas Abbott,Analyst,DEPT-01,false,2023-10-12T20:07:37Z,\N,2023-11-14T18:17:55Z,\N,1,assert
acme:person:e003775~81dfbac35476,person,acme,E003775,Carla Chowdhury,Architect,DEPT-20,false,2023-10-06T09:53:34Z,\N,2023-11-14T05:23:50Z,\N,1,assert
acme:person:e001742~ed6fc45905a9,person,acme,E001742,Zara Oyelaran,Analyst,CC-0007,false,2023-11-10T15:44:17Z,\N,2023-11-15T11:44:25Z,\N,1,assert
acme:person:e003037~9a4f8f439940,person,acme,E003037,Wen Kovac,Architect,CC-0005,true,2023-10-18T19:00:03Z,2024-10-19T20:28:47Z,2023-11-16T17:21:38Z,\N,1,assert
acme:person:e001518~a6295d7a209d,person,acme,E001518,Xenia Tanaka,Technician,DEPT-09,false,2023-09-18T09:28:18Z,\N,2023-11-16T23:24:42Z,\N,1,assert
acme:person:e003213~2af276cb16a3,person,acme,E003213,Felix Vaughan,Manager,CC-0002,false,2023-10-27T05:44:24Z,\N,2023-11-16T04:41:51Z,\N,1,assert
acme:person:e000077~e83f2c55a565,person,acme,E000077,Rafael Kovac,Engineer,CC-0008,false,2023-10-30T10:35:02Z,\N,2023-11-18T21:30:02Z,\N,1,assert
acme:person:e000896~0f85b662f712,person,acme,E000896,Marcus Quintero,Analyst,DEPT-17,false,2023-10-29T00:42:27Z,\N,2023-11-19T08:15:31Z,\N,1,assert
acme:person:e002482~5f5a68bc589e,person,acme,E002482,Noor Kovac,Manager,DEPT-13,false,2023-10-29T09:41:59Z,\N,2023-11-20T13:19:39Z,\N,1,assert
acme:person:e001315~54c4565b8df3,person,acme,E001315,Ingrid Lindqvist,Engineer,CC-0007,false,2023-10-08T02:30:40Z,\N,2023-11-22T17:46:42Z,\N,1,assert
acme:person:e001534~fa40e1586f02,person,acme,E001534,Nadia Eberhardt,Auditor,DEPT-12,false,2023-09-29T04:58:36Z,\N,2023-11-22T16:51:12Z,\N,1,assert
acme:person:e002284~d7f5045ae480,person,acme,E002284,Samir Schneider,Analyst,DEPT-11,false,2023-11-16T10:00:39Z,\N,2023-11-22T17:38:49Z,\N,1,assert
acme:person:e000152~79ade5a4e633,person,acme,E000152,Noor Marchetti,Auditor,DEPT-15,false,2023-09-30T08:52:35Z,\N,2023-11-23T09:17:30Z,\N,1,assert
acme:person:e001442~6e781e79539c,person,acme,E001442,Lars Ivanova,Auditor,DEPT-06,false,2023-10-25T22:51:08Z,\N,2023-11-23T01:07:45Z,\N,1,assert
acme:person:e002745~1e8d00325904,person,acme,E002745,Farid Kaminski,Technician,DEPT-19,false,2023-10-22T06:53:41Z,\N,2023-11-23T12:50:47Z,\N,1,assert
acme:person:e003929~57d58fcebe18,person,acme,E003929,Tomas Nakamura,Engineer,CC-0014,false,2023-10-12T22:11:34Z,\N,2023-11-23T12:37:29Z,\N,1,assert
acme:person:e003129~25057f478e1a,person,acme,E003129,Felix Yilmaz,Architect,CC-0012,true,2023-11-12T00:56:31Z,2025-02-13T08:26:33Z,2023-11-23T21:11:00Z,\N,1,assert
acme:person:e002979~876ef819e232,person,acme,E002979,Xenia Baptiste,Auditor,CC-0001,false,2023-10-21T13:19:03Z,\N,2023-11-24T04:26:14Z,\N,1,assert
acme:person:e000742~631c12781be2,person,acme,E000742,Quinn Eberhardt,Engineer,DEPT-15,true,2023-11-13T06:27:47Z,2025-12-24T11:55:04Z,2023-11-24T12:57:24Z,\N,1,assert
acme:person:e000882~79667e3f43f4,person,acme,E000882,Quinn Baptiste,Architect,DEPT-03,false,2023-10-14T12:06:28Z,\N,2023-11-24T19:08:53Z,\N,1,assert
acme:person:e002700~f8eb549ad65c,person,acme,E002700,Ada Ueda,Architect,CC-0004,false,2023-11-12T15:01:13Z,\N,2023-11-25T20:08:48Z,\N,1,assert
acme:person:e003327~30cc776c2794,person,acme,E003327,Vikram Lindqvist,Technician,CC-0001,true,2023-10-16T11:36:22Z,2025-08-03T17:54:50Z,2023-11-25T20:17:11Z,\N,1,assert
acme:person:e000535~e67cf176ef72,person,acme,E000535,Zara Novak,Engineer,CC-0009,false,2023-09-29T09:22:59Z,\N,2023-11-26T11:45:43Z,\N,1,assert
acme:person:e001577~7b0227b68e2f,person,acme,E001577,Leila Ueda,Analyst,DEPT-15,false,2023-11-17T01:34:54Z,\N,2023-11-26T12:58:38Z,\N,1,assert
acme:person:e002814~849fbbc14d46,person,acme,E002814,Amara Jablonski,Auditor,DEPT-17,false,2023-11-17T23:50:55Z,\N,2023-11-26T03:34:46Z,\N,1,assert
acme:person:e003285~c9fae3b2a0ec,person,acme,E003285,Gita Mbatha,Auditor,DEPT-21,false,2023-11-23T03:41:12Z,\N,2023-11-26T21:18:52Z,\N,1,assert
acme:person:e003912~475fde414d2c,person,acme,E003912,Rafael Vaughan,Auditor,CC-0013,false,2023-09-29T00:23:21Z,\N,2023-11-26T18:31:41Z,\N,1,assert
acme:person:e000708~3e8e8ad3b0ea,person,acme,E000708,Clara Bergstrom,Auditor,DEPT-20,false,2023-10-04T02:59:07Z,\N,2023-11-27T16:50:03Z,\N,1,assert
acme:person:e002298~670ae53bb23d,person,acme,E002298,Samir Eberhardt,Architect,DEPT-12,false,2023-09-28T17:14:18Z,\N,2023-11-27T13:50:57Z,\N,1,assert
acme:person:e002660~e99ec3ffcd91,person,acme,E002660,Priya Fontaine,Engineer,CC-0005,false,2023-11-25T19:10:11Z,\N,2023-11-27T08:15:01Z,\N,1,assert
acme:person:e001115~4375c695e9cb,person,acme,E001115,Alan Fontaine,Buyer,DEPT-10,false,2023-10-04T11:56:09Z,\N,2023-11-28T23:47:25Z,\N,1,assert
acme:person:e001227~4687c289e5c6,person,acme,E001227,Jonas Ivanova,Technician,DEPT-23,false,2023-10-19T12:24:41Z,\N,2023-11-29T09:01:45Z,\N,1,assert
acme:person:e001258~bd6e0b2b70b2,person,acme,E001258,Yara Zhang,Manager,DEPT-20,false,2023-10-03T11:29:38Z,\N,2023-11-29T08:03:23Z,\N,1,assert
acme:person:e001933~e9ffe0318f93,person,acme,E001933,Samir Kovac,Manager,DEPT-17,false,2023-11-15T10:26:25Z,\N,2023-11-29T05:23:46Z,\N,1,assert
acme:person:e003637~98b905064690,person,acme,E003637,Gita Nakamura,Buyer,DEPT-17,false,2023-10-03T11:26:27Z,\N,2023-11-29T12:13:29Z,\N,1,assert
acme:person:e002356~bb856acedbd4,person,acme,E002356,Ibrahim Delacroix,Engineer,CC-0014,true,2023-10-06T20:43:05Z,2025-05-14T05:19:51Z,2023-11-30T09:19:04Z,\N,1,assert
acme:person:e001818~44d20915bc3e,person,acme,E001818,Anika Nakamura,Manager,DEPT-01,false,2023-11-11T18:15:41Z,\N,2023-11-30T13:25:58Z,\N,1,assert
acme:person:e001868~771902cbc6d2,person,acme,E001868,Dmitri Baptiste,Buyer,CC-0001,false,2023-11-18T21:35:10Z,\N,2023-12-02T10:07:42Z,\N,1,assert
acme:person:e003385~c568762fce1e,person,acme,E003385,Oliver Eberhardt,Engineer,CC-0010,false,2023-11-14T03:13:50Z,\N,2023-12-02T01:23:10Z,\N,1,assert
acme:person:e001344~74aba2ed2470,person,acme,E001344,Wen Lindqvist,Engineer,CC-0007,true,2023-11-17T01:12:45Z,2025-03-05T23:14:23Z,2023-12-03T10:28:08Z,\N,1,assert
acme:person:e001760~9504f862b3f8,person,acme,E001760,Farid Ivanova,Architect,DEPT-13,false,2023-11-04T09:28:30Z,\N,2023-12-03T22:28:07Z,\N,1,assert
acme:person:e003605~45813983701a,person,acme,E003605,Mira Rasmussen,Manager,DEPT-11,false,2023-12-03T20:59:08Z,\N,2023-12-04T14:30:59Z,\N,1,assert
acme:person:e002464~8beae2b42d20,person,acme,E002464,Leila Vaughan,Engineer,CC-0008,false,2023-10-17T01:17:02Z,\N,2023-12-05T05:57:30Z,\N,1,assert
acme:person:e002360~726c3dcb2482,person,acme,E002360,Ingrid Gallagher,Technician,DEPT-14,false,2023-10-11T04:02:10Z,\N,2023-12-06T15:09:34Z,\N,1,assert
acme:person:e000353~56f7d3196cb2,person,acme,E000353,Keiko Vaughan,Analyst,DEPT-24,false,2023-11-27T02:41:50Z,\N,2023-12-07T08:31:26Z,\N,1,assert
acme:person:e000600~57a4315a30d0,person,acme,E000600,Samir Eberhardt,Analyst,DEPT-05,false,2023-11-07T02:29:57Z,\N,2023-12-07T17:53:08Z,\N,1,assert
acme:person:e001789~72d9de4ab6ad,person,acme,E001789,Chidi Nakamura,Technician,CC-0003,false,2023-11-09T08:40:51Z,\N,2023-12-07T19:20:13Z,\N,1,assert
acme:person:e000521~f9dca2d71691,person,acme,E000521,Jonas Quintero,Buyer,DEPT-20,true,2023-10-10T12:02:42Z,2025-04-13T09:12:32Z,2023-12-08T12:19:58Z,\N,1,assert
acme:person:e001356~e3b5c22ad353,person,acme,E001356,Zara Tanaka,Analyst,DIV-CORP,false,2023-11-04T14:24:43Z,\N,2023-12-08T22:41:53Z,\N,1,assert
acme:person:e002392~4f6155932d05,person,acme,E002392,Tomas Novak,Technician,DIV-CORP,false,2023-11-10T07:39:17Z,\N,2023-12-08T02:34:35Z,\N,1,assert
acme:person:e001349~6efb9090a982,person,acme,E001349,Lucia Schneider,Engineer,DEPT-13,false,2023-11-08T00:16:59Z,\N,2023-12-09T06:09:32Z,\N,1,assert
acme:person:e002502~835e8bb46aef,person,acme,E002502,Sofia Fontaine,Auditor,DEPT-09,false,2023-11-22T21:57:25Z,\N,2023-12-09T02:25:59Z,\N,1,assert
acme:person:e000808~b59fb08ea468,person,acme,E000808,Clara Gundersen,Buyer,DEPT-06,false,2023-10-20T15:38:12Z,\N,2023-12-10T05:00:14Z,\N,1,assert
acme:person:e001354~7f1a5a3b3edf,person,acme,E001354,Leila Kovac,Architect,DEPT-12,false,2023-12-03T17:55:27Z,\N,2023-12-10T07:16:11Z,\N,1,assert
acme:person:e002111~19513893654c,person,acme,E002111,Marcus Wagner,Manager,CC-0012,false,2023-10-23T08:45:22Z,\N,2023-12-10T02:01:26Z,\N,1,assert
acme:person:e002428~7ca19f087f00,person,acme,E002428,Mira Gallagher,Technician,DEPT-05,false,2023-12-02T14:09:57Z,\N,2023-12-10T21:32:30Z,\N,1,assert
acme:person:e001843~f78a5768af76,person,acme,E001843,Carla Tanaka,Analyst,CC-0011,false,2023-10-19T04:52:14Z,\N,2023-12-11T08:35:54Z,\N,1,assert
acme:person:e001764~0f9cad8aa101,person,acme,E001764,Felix Mbatha,Manager,DEPT-05,false,2023-11-10T21:49:49Z,\N,2023-12-12T22:53:26Z,\N,1,assert
acme:person:e001873~26895ac3e825,person,acme,E001873,Carla Baptiste,Engineer,CC-0004,false,2023-12-04T12:14:11Z,\N,2023-12-12T09:24:34Z,\N,1,assert
acme:person:e002514~1fbbf78f1350,person,acme,E002514,Oliver Novak,Manager,DEPT-22,false,2023-11-07T07:33:17Z,\N,2023-12-13T11:43:14Z,\N,1,assert
acme:person:e000015~ac2e8d89aa1a,person,acme,E000015,Ibrahim Ueda,Manager,CC-0006,false,2023-11-13T07:48:35Z,\N,2023-12-15T23:27:38Z,\N,1,assert
acme:person:e000872~c6abbfafb959,person,acme,E000872,Zara Tanaka,Engineer,CC-0011,false,2023-12-04T20:56:55Z,\N,2023-12-15T20:39:06Z,\N,1,assert
acme:person:e002560~8010bb65311c,person,acme,E002560,Sofia Eberhardt,Engineer,DEPT-17,false,2023-12-06T23:47:06Z,\N,2023-12-15T20:26:00Z,\N,1,assert
acme:person:e001946~594fedac9ac6,person,acme,E001946,Lucia Eberhardt,Auditor,CC-0010,false,2023-10-28T00:51:30Z,\N,2023-12-16T03:55:46Z,\N,1,assert
acme:person:e000428~0a8b133f3b4f,person,acme,E000428,Chidi Marchetti,Buyer,DEPT-06,false,2023-10-27T05:13:02Z,\N,2023-12-17T23:19:52Z,\N,1,assert
acme:person:e002254~4c6b95b6839e,person,acme,E002254,Ingrid Mbatha,Manager,CC-0009,false,2023-12-13T07:56:11Z,\N,2023-12-18T17:08:12Z,\N,1,assert
acme:person:e002697~4f529f391dfa,person,acme,E002697,Elena Quintero,Auditor,CC-0001,false,2023-12-02T07:50:26Z,\N,2023-12-18T21:18:31Z,\N,1,assert
acme:person:e001087~c2ac3f2bc5c4,person,acme,E001087,Ada Tanaka,Analyst,DEPT-08,false,2023-10-23T04:29:06Z,\N,2023-12-19T13:33:30Z,\N,1,assert
acme:person:e001393~df19bad6b215,person,acme,E001393,Jonas Haddad,Auditor,DEPT-13,false,2023-12-14T04:15:31Z,\N,2023-12-21T19:39:51Z,\N,1,assert
acme:person:e003795~22af8025b60f,person,acme,E003795,Tomas Rasmussen,Architect,DEPT-18,false,2023-12-08T15:01:37Z,\N,2023-12-21T01:50:04Z,\N,1,assert
acme:person:e003091~a1f240b64bd0,person,acme,E003091,Amara Okonkwo,Analyst,DEPT-16,false,2023-11-12T14:36:56Z,\N,2023-12-22T17:47:15Z,\N,1,assert
acme:person:e003203~705e24872d28,person,acme,E003203,Oliver Gundersen,Analyst,DEPT-17,false,2023-12-06T10:12:11Z,\N,2023-12-22T14:10:28Z,\N,1,assert
acme:person:e002923~0f7e25d0be54,person,acme,E002923,Renata Mbatha,Manager,DEPT-05,false,2023-10-26T03:01:29Z,\N,2023-12-23T00:14:13Z,\N,1,assert
acme:person:e001576~3949bff9fcea,person,acme,E001576,Lucia Eberhardt,Analyst,DEPT-01,false,2023-12-02T23:42:06Z,\N,2023-12-24T11:04:20Z,\N,1,assert
acme:person:e003512~a23d058db87f,person,acme,E003512,Mira Kaminski,Buyer,DEPT-07,false,2023-11-13T06:46:57Z,\N,2023-12-24T20:05:24Z,\N,1,assert
acme:person:e000020~e376796eb665,person,acme,E000020,Anders Gundersen,Architect,DEPT-18,false,2023-11-10T10:20:05Z,\N,2023-12-25T13:29:06Z,\N,1,assert
acme:person:e001559~583fc7ae44cf,person,acme,E001559,Vikram Eberhardt,Auditor,DEPT-24,false,2023-11-04T15:10:49Z,\N,2023-12-25T22:55:20Z,\N,1,assert
acme:person:e001644~ced1c98d8f3c,person,acme,E001644,Alan Thorsen,Engineer,DEPT-06,false,2023-11-10T22:42:39Z,\N,2023-12-25T09:54:03Z,\N,1,assert
acme:person:e000471~3c326c810065,person,acme,E000471,Chidi Eberhardt,Analyst,CC-0010,false,2023-11-16T05:32:41Z,\N,2023-12-26T00:52:20Z,\N,1,assert
acme:person:e000780~f8457b537306,person,acme,E000780,Samir Rasmussen,Technician,CC-0005,false,2023-11-25T08:46:18Z,\N,2023-12-26T03:09:29Z,\N,1,assert
acme:person:e003589~475c22f1ef1b,person,acme,E003589,Mira Mbatha,Technician,DEPT-08,false,2023-11-22T17:32:18Z,\N,2023-12-26T09:12:35Z,\N,1,assert
acme:person:e001051~e8a22a5dca9d,person,acme,E001051,Dmitri Nakamura,Engineer,DEPT-15,false,2023-12-05T20:48:00Z,\N,2023-12-27T08:17:30Z,\N,1,assert
acme:person:e002157~8419d730a470,person,acme,E002157,Sofia Haddad,Auditor,CC-0013,false,2023-11-07T06:36:29Z,\N,2023-12-27T16:49:50Z,\N,1,assert
acme:person:e002615~fce9154a1076,person,acme,E002615,Anika Vaughan,Analyst,CC-0007,false,2023-11-30T23:51:39Z,\N,2023-12-28T05:08:43Z,\N,1,assert
acme:person:e003191~da451aed7c9e,person,acme,E003191,Gita Kovac,Technician,CC-0004,false,2023-12-24T17:10:46Z,\N,2023-12-28T16:12:10Z,\N,1,assert
acme:person:e003209~cff53e2427e3,person,acme,E003209,Yusuf Kaminski,Manager,CC-0013,false,2023-11-08T18:45:21Z,\N,2023-12-28T18:19:53Z,\N,1,assert
acme:person:e000106~d59028a013ed,person,acme,E000106,Ada Oyelaran,Architect,DEPT-07,false,2023-12-23T02:10:13Z,\N,2023-12-29T01:51:38Z,\N,1,assert
acme:person:e003729~e64380ab1ec7,person,acme,E003729,Jonas Ivanova,Buyer,DEPT-12,true,2023-11-24T10:58:13Z,2024-05-01T19:44:14Z,2023-12-29T07:12:38Z,\N,1,assert
acme:person:e003393~72aed85d4665,person,acme,E003393,Samir Eberhardt,Analyst,DIV-CORP,false,2023-11-20T07:16:35Z,\N,2023-12-29T19:49:46Z,\N,1,assert
acme:person:e003514~d4a8be709c6f,person,acme,E003514,Amara Gallagher,Architect,DEPT-13,false,2023-12-21T16:45:19Z,\N,2023-12-29T15:49:58Z,\N,1,assert
acme:person:e001792~01c5ce4bbb46,person,acme,E001792,Zoltan Rasmussen,Technician,DEPT-06,false,2023-11-18T20:15:34Z,\N,2023-12-30T11:36:19Z,\N,1,assert
acme:person:e001123~bb2b028c4c3e,person,acme,E001123,Vikram Weiss,Analyst,CC-0008,false,2023-11-03T11:30:14Z,\N,2023-12-31T16:37:21Z,\N,1,assert
acme:person:e001519~fa2ddefc8324,person,acme,E001519,Chidi Fontaine,Engineer,DEPT-19,false,2023-12-31T14:55:15Z,\N,2023-12-31T14:55:15Z,\N,1,assert
acme:person:e002415~64428570cc4c,person,acme,E002415,Zara Lindqvist,Technician,DEPT-14,false,2023-11-10T15:17:17Z,\N,2023-12-31T20:30:37Z,\N,1,assert
acme:person:e002798~24f0cce1d071,person,acme,E002798,Leila Chowdhury,Engineer,DEPT-01,false,2023-11-28T23:16:44Z,\N,2023-12-31T17:26:05Z,\N,1,assert
acme:person:e003286~63f692f3ae57,person,acme,E003286,Felix Okonkwo,Technician,DEPT-09,false,2023-11-14T21:06:41Z,\N,2023-12-31T22:49:22Z,\N,1,assert
acme:person:e003230~df24b9f6cc15,person,acme,E003230,Farid Yilmaz,Technician,CC-0004,false,2023-12-29T13:00:31Z,\N,2023-12-31T23:45:48Z,\N,1,assert
acme:person:e000306~c06c5ad4dd58,person,acme,E000306,Xenia Weiss,Engineer,CC-0004,false,2023-12-22T10:21:34Z,\N,2024-01-02T19:37:49Z,\N,1,assert
acme:person:e002331~9d49adc3d5b1,person,acme,E002331,Ursula Wagner,Engineer,CC-0006,false,2023-12-26T11:59:19Z,\N,2024-01-02T10:28:03Z,\N,1,assert
acme:person:e002075~a6af9eb27e27,person,acme,E002075,Ingrid Tanaka,Buyer,CC-0010,false,2023-11-06T02:35:59Z,\N,2024-01-05T18:00:12Z,\N,1,assert
acme:person:e002136~19b6d610543f,person,acme,E002136,Renata Haddad,Manager,CC-0012,false,2023-12-09T20:16:03Z,\N,2024-01-05T00:08:51Z,\N,1,assert
acme:person:e000162~17bbe3745b0d,person,acme,E000162,Ursula Zhang,Buyer,CC-0005,false,2023-11-16T04:48:28Z,\N,2024-01-06T09:10:40Z,\N,1,assert
acme:person:e000430~858b2ad94b5f,person,acme,E000430,Quinn Jablonski,Engineer,CC-0001,false,2023-12-12T16:34:02Z,\N,2024-01-06T07:17:32Z,\N,1,assert
acme:person:e002231~3d37ee785e80,person,acme,E002231,Tomas Gallagher,Architect,CC-0008,false,2023-11-14T15:54:01Z,\N,2024-01-06T01:03:34Z,\N,1,assert
acme:person:e000235~02a09a73f09b,person,acme,E000235,Renata Wagner,Auditor,DEPT-06,false,2023-12-31T21:42:19Z,\N,2024-01-07T00:15:37Z,\N,1,assert
acme:person:e002863~87f424a3e727,person,acme,E002863,Marcus Schneider,Analyst,DEPT-14,false,2023-11-23T22:36:26Z,\N,2024-01-07T01:24:45Z,\N,1,assert
acme:person:e000615~f65df9befda0,person,acme,E000615,Vikram Delacroix,Auditor,DEPT-15,false,2023-11-23T21:12:05Z,\N,2024-01-08T23:58:19Z,\N,1,assert
acme:person:e000616~fa993053b8fc,person,acme,E000616,Lars Gundersen,Architect,CC-0007,false,2023-12-25T03:45:51Z,\N,2024-01-08T07:04:38Z,\N,1,assert
acme:person:e002646~d1fc2c5ce6c8,person,acme,E002646,Amara Kovac,Buyer,CC-0005,false,2023-12-15T18:12:26Z,\N,2024-01-09T08:50:41Z,\N,1,assert
acme:person:e002902~feb5695f70f6,person,acme,E002902,Liam Bergstrom,Manager,CC-0005,false,2024-01-05T17:10:24Z,\N,2024-01-10T09:05:51Z,\N,1,assert
acme:person:e002754~470cb4e0f1d3,person,acme,E002754,Jonas Tanaka,Technician,DEPT-12,false,2023-12-03T14:32:02Z,\N,2024-01-11T08:24:00Z,\N,1,assert
acme:person:e001977~7f94343b5d01,person,acme,E001977,Farid Marchetti,Manager,DEPT-22,false,2023-11-25T22:56:51Z,\N,2024-01-12T00:13:18Z,\N,1,assert
acme:person:e002890~50eaac57a1bf,person,acme,E002890,Zara Yilmaz,Auditor,DEPT-14,true,2023-11-15T01:11:48Z,2024-06-22T05:33:47Z,2024-01-13T01:20:05Z,\N,1,assert
acme:person:e002603~2c2a6496afd8,person,acme,E002603,Xenia Ueda,Technician,DEPT-07,false,2024-01-02T11:14:39Z,\N,2024-01-13T03:40:06Z,\N,1,assert
acme:person:e000197~2d8bded976c4,person,acme,E000197,Quinn Weiss,Engineer,DEPT-22,false,2024-01-11T19:24:04Z,\N,2024-01-14T21:20:43Z,\N,1,assert
acme:person:e000298~024b2928a7bc,person,acme,E000298,Quinn Fontaine,Analyst,CC-0012,false,2023-12-13T12:24:21Z,\N,2024-01-14T22:18:32Z,\N,1,assert
acme:person:e001102~0783f7d39e1f,person,acme,E001102,Lucia Mbatha,Analyst,CC-0011,false,2023-11-30T14:04:15Z,\N,2024-01-14T06:51:16Z,\N,1,assert
acme:person:e001322~c3c5166c9f2d,person,acme,E001322,Amara Thorsen,Analyst,CC-0009,false,2023-11-17T10:45:13Z,\N,2024-01-14T05:26:57Z,\N,1,assert
acme:person:e000272~1e5ec373fc8c,person,acme,E000272,Vikram Abbott,Engineer,DIV-CORP,false,2024-01-07T20:23:38Z,\N,2024-01-15T18:04:16Z,\N,1,assert
acme:person:e003572~c8c3f0af922c,person,acme,E003572,Ibrahim Haddad,Auditor,DEPT-08,false,2023-12-10T14:17:21Z,\N,2024-01-15T16:54:56Z,\N,1,assert
acme:person:e000619~b0d186a3bd6e,person,acme,E000619,Tomas Yilmaz,Auditor,CC-0004,false,2023-12-02T07:48:42Z,\N,2024-01-16T22:17:24Z,\N,1,assert
acme:person:e002666~4a87a87f7728,person,acme,E002666,Leila Tanaka,Engineer,DEPT-19,false,2023-12-14T04:30:02Z,\N,2024-01-16T06:56:31Z,\N,1,assert
acme:person:e000230~c0336604987a,person,acme,E000230,Yara Zhang,Analyst,DEPT-03,false,2023-12-31T03:48:26Z,\N,2024-01-17T20:53:51Z,\N,1,assert
acme:person:e000376~dea704756809,person,acme,E000376,Renata Nakamura,Buyer,DEPT-04,false,2023-12-01T23:38:05Z,\N,2024-01-17T20:55:58Z,\N,1,assert
acme:person:e001585~55e96a4f3e3d,person,acme,E001585,Yusuf Ueda,Analyst,DEPT-12,false,2023-12-04T16:19:24Z,\N,2024-01-17T20:26:54Z,\N,1,assert
acme:person:e001065~b1fc01181670,person,acme,E001065,Kwame Vaughan,Analyst,CC-0011,false,2023-11-25T09:31:53Z,\N,2024-01-18T08:50:21Z,\N,1,assert
acme:person:e001137~4d9e14c225be,person,acme,E001137,Felix Zhang,Technician,DEPT-02,false,2023-12-25T00:11:54Z,\N,2024-01-19T18:00:11Z,\N,1,assert
acme:person:e002160~fa8c209946f1,person,acme,E002160,Nadia Oyelaran,Technician,CC-0014,false,2023-12-24T08:46:27Z,\N,2024-01-19T04:45:12Z,\N,1,assert
acme:person:e003418~7cc2e2cb1443,person,acme,E003418,Wen Gundersen,Buyer,CC-0011,false,2023-12-30T18:20:31Z,\N,2024-01-19T08:15:38Z,\N,1,assert
acme:person:e002306~480d6ce791b5,person,acme,E002306,Ingrid Kovac,Engineer,CC-0012,false,2023-12-30T05:35:10Z,\N,2024-01-21T08:40:59Z,\N,1,assert
acme:person:e002578~b37a39b313eb,person,acme,E002578,Lars Gundersen,Buyer,DEPT-02,false,2024-01-21T03:23:13Z,\N,2024-01-21T03:23:13Z,\N,1,assert
acme:person:e002935~efd7ef9a891b,person,acme,E002935,Oliver Mbatha,Analyst,DEPT-01,false,2024-01-12T03:20:19Z,\N,2024-01-21T17:47:33Z,\N,1,assert
acme:person:e002975~4fce848a93e5,person,acme,E002975,Ursula Abbott,Buyer,DEPT-18,false,2024-01-01T22:12:06Z,\N,2024-01-23T18:10:03Z,\N,1,assert
acme:person:e003668~a91986d3a7e9,person,acme,E003668,Priya Schneider,Analyst,DEPT-14,false,2023-11-24T02:12:36Z,\N,2024-01-23T04:23:37Z,\N,1,assert
acme:person:e003950~4344654a8963,person,acme,E003950,Chidi Santos,Manager,CC-0013,false,2023-11-28T09:58:57Z,\N,2024-01-23T15:20:42Z,\N,1,assert
acme:person:e000121~d54b0242e7ed,person,acme,E000121,Quinn Pereira,Buyer,DEPT-07,false,2024-01-05T04:49:44Z,\N,2024-01-24T17:57:03Z,\N,1,assert
acme:person:e002074~274a59456a51,person,acme,E002074,Anders Marchetti,Manager,CC-0001,false,2023-12-03T13:27:52Z,\N,2024-01-24T20:18:55Z,\N,1,assert
acme:person:e002091~323ce3402ae7,person,acme,E002091,Quinn Okonkwo,Auditor,DEPT-14,false,2023-12-08T14:40:26Z,\N,2024-01-24T14:50:10Z,\N,1,assert
acme:person:e003016~e3294948e9a5,person,acme,E003016,Clara Tanaka,Manager,CC-0001,false,2023-12-15T08:56:49Z,\N,2024-01-24T07:21:48Z,\N,1,assert
acme:person:e001114~7afde00a3e07,person,acme,E001114,Farid Schneider,Analyst,DEPT-23,false,2024-01-04T11:01:28Z,\N,2024-01-25T14:04:33Z,\N,1,assert
acme:person:e000423~a49ce1cb2572,person,acme,E000423,Hugo Gundersen,Buyer,DEPT-22,false,2024-01-04T10:09:30Z,\N,2024-01-27T23:55:30Z,\N,1,assert
acme:person:e001897~71b5c1033e1d,person,acme,E001897,Zoltan Wagner,Analyst,DEPT-17,false,2024-01-04T02:09:23Z,\N,2024-01-28T04:41:25Z,\N,1,assert
acme:person:e002058~e5781138e8c7,person,acme,E002058,Paola Ivanova,Analyst,DEPT-10,false,2023-11-30T02:26:54Z,\N,2024-01-28T17:30:46Z,\N,1,assert
acme:person:e003655~e42e3f668689,person,acme,E003655,Priya Pereira,Auditor,DEPT-16,false,2023-12-21T16:50:26Z,\N,2024-01-29T11:16:56Z,\N,1,assert
acme:person:e003397~d14b5c51ff82,person,acme,E003397,Yusuf Schneider,Buyer,DEPT-04,false,2023-12-30T22:45:07Z,\N,2024-01-30T09:54:00Z,\N,1,assert
acme:person:e002010~92fbbbdf3a87,person,acme,E002010,Wen Lindqvist,Technician,DEPT-06,false,2023-12-03T15:50:57Z,\N,2024-02-01T08:53:17Z,\N,1,assert
acme:person:e002183~7a34486cff24,person,acme,E002183,Kwame Castellanos,Buyer,DEPT-02,false,2023-12-05T13:54:41Z,\N,2024-02-03T19:39:24Z,\N,1,assert
acme:person:e003071~c41292dd23e3,person,acme,E003071,Sofia Kovac,Engineer,DEPT-21,false,2024-01-06T00:40:04Z,\N,2024-02-03T11:04:05Z,\N,1,assert
acme:person:e000129~f04c7cbfb501,person,acme,E000129,Hugo Ueda,Architect,CC-0012,false,2023-12-23T18:01:42Z,\N,2024-02-06T00:06:05Z,\N,1,assert
acme:person:e000254~7b1091f0371a,person,acme,E000254,Zara Baptiste,Architect,CC-0008,false,2023-12-09T07:12:17Z,\N,2024-02-07T04:30:13Z,\N,1,assert
acme:person:e001917~baa87fa3c12a,person,acme,E001917,Elena Kaminski,Architect,DEPT-16,false,2023-12-16T17:40:26Z,\N,2024-02-07T23:53:54Z,\N,1,assert
acme:person:e002981~c3356daac8e0,person,acme,E002981,Noor Kovac,Analyst,DIV-CORP,false,2023-12-27T23:44:07Z,\N,2024-02-07T19:28:33Z,\N,1,assert
acme:person:e002612~88c7daa8bbef,person,acme,E002612,Amara Yilmaz,Engineer,DEPT-15,false,2023-12-24T10:08:18Z,\N,2024-02-08T23:37:50Z,\N,1,assert
acme:person:e003270~9c9b6bc2a40c,person,acme,E003270,Samir Quintero,Architect,DEPT-12,false,2023-12-10T22:01:42Z,\N,2024-02-08T22:33:29Z,\N,1,assert
acme:person:e001597~efdf96fc1a62,person,acme,E001597,Ada Zhang,Auditor,CC-0009,false,2024-01-18T03:40:53Z,\N,2024-02-09T09:14:34Z,\N,1,assert
acme:person:e002698~f63dafed9b09,person,acme,E002698,Anika Okonkwo,Auditor,CC-0004,false,2024-02-02T11:24:50Z,\N,2024-02-09T00:06:18Z,\N,1,assert
acme:person:e001407~b48c24a91e12,person,acme,E001407,Nadia Jablonski,Manager,DIV-CORP,false,2024-01-14T22:50:47Z,\N,2024-02-10T08:26:55Z,\N,1,assert
acme:person:e000857~1d604571d1c6,person,acme,E000857,Lars Schneider,Engineer,DEPT-09,false,2024-01-17T23:16:36Z,\N,2024-02-11T09:42:36Z,\N,1,assert
acme:person:e001069~cea6c59aa6c8,person,acme,E001069,Lucia Eberhardt,Buyer,CC-0002,false,2023-12-13T20:47:12Z,\N,2024-02-11T13:27:15Z,\N,1,assert
acme:person:e002011~0813d232ec0b,person,acme,E002011,Nadia Abbott,Technician,CC-0014,false,2024-02-09T03:28:11Z,\N,2024-02-12T15:37:47Z,\N,1,assert
acme:person:e001412~4263b0a7ff79,person,acme,E001412,Tomas Quintero,Engineer,DEPT-09,false,2023-12-15T23:42:45Z,\N,2024-02-13T21:51:58Z,\N,1,assert
acme:person:e001675~4114c6235641,person,acme,E001675,Lucia Quintero,Technician,CC-0009,false,2024-01-20T15:46:47Z,\N,2024-02-13T08:30:48Z,\N,1,assert
acme:person:e000219~6c0e4f45c700,person,acme,E000219,Gita Delacroix,Engineer,DEPT-02,false,2024-02-13T14:01:36Z,\N,2024-02-14T02:01:43Z,\N,1,assert
acme:person:e003312~d8932b4bd9fd,person,acme,E003312,Alan Weiss,Engineer,CC-0009,false,2024-01-29T08:15:14Z,\N,2024-02-14T01:40:49Z,\N,1,assert
acme:person:e003754~9d447620791f,person,acme,E003754,Noor Eberhardt,Buyer,DEPT-03,false,2023-12-26T09:54:51Z,\N,2024-02-14T15:50:31Z,\N,1,assert
acme:person:e002725~ffb3eb8637b6,person,acme,E002725,Chidi Lindqvist,Analyst,CC-0002,false,2024-01-25T14:50:17Z,\N,2024-02-15T17:21:18Z,\N,1,assert
acme:person:e000488~8821701ffc7a,person,acme,E000488,Yara Ueda,Technician,CC-0012,false,2024-01-25T08:21:33Z,\N,2024-02-16T15:35:42Z,\N,1,assert
acme:person:e003644~c4f46139525d,person,acme,E003644,Renata Ivanova,Auditor,DEPT-04,false,2023-12-25T06:36:23Z,\N,2024-02-16T02:06:21Z,\N,1,assert
acme:person:e002616~60c6492a06a0,person,acme,E002616,Priya Santos,Auditor,CC-0007,false,2024-02-03T17:06:25Z,\N,2024-02-17T10:23:57Z,\N,1,assert
acme:person:e003744~d6d11515d62c,person,acme,E003744,Ada Tanaka,Buyer,DEPT-04,false,2024-01-20T17:35:55Z,\N,2024-02-17T03:45:31Z,\N,1,assert
acme:person:e001806~c7e00cccab24,person,acme,E001806,Nadia Pereira,Manager,DEPT-15,false,2024-02-07T14:39:33Z,\N,2024-02-18T23:26:07Z,\N,1,assert
acme:person:e001037~cff8953c2153,person,acme,E001037,Clara Nakamura,Technician,CC-0008,false,2024-02-03T11:46:51Z,\N,2024-02-19T07:38:30Z,\N,1,assert
acme:person:e000220~97db8d858a9f,person,acme,E000220,Zara Castellanos,Auditor,DEPT-17,false,2023-12-31T11:40:12Z,\N,2024-02-20T15:25:44Z,\N,1,assert
acme:person:e000337~a20c5c4ff11f,person,acme,E000337,Anika Pereira,Analyst,DEPT-07,false,2024-02-12T21:17:06Z,\N,2024-02-20T15:20:26Z,\N,1,assert
acme:person:e002837~cfec1134adfa,person,acme,E002837,Xenia Baptiste,Manager,DIV-CORP,false,2024-01-21T03:39:33Z,\N,2024-02-21T17:10:52Z,\N,1,assert
acme:person:e001345~eb192946a38b,person,acme,E001345,Marcus Lindqvist,Technician,DIV-CORP,true,2024-02-21T18:28:01Z,2025-06-10T16:39:52Z,2024-02-21T18:28:01Z,\N,1,assert
acme:person:e001297~29224ad22e18,person,acme,E001297,Hugo Vaughan,Buyer,DEPT-09,false,2024-01-10T14:12:31Z,\N,2024-02-22T10:45:36Z,\N,1,assert
acme:person:e001668~dd0c497ed3cf,person,acme,E001668,Anders Tanaka,Analyst,DEPT-07,false,2024-01-15T05:30:45Z,\N,2024-02-23T23:28:21Z,\N,1,assert
acme:person:e001874~210f02f34981,person,acme,E001874,Lucia Chowdhury,Buyer,CC-0013,false,2024-01-29T18:21:30Z,\N,2024-02-23T10:12:31Z,\N,1,assert
acme:person:e000524~192cc405c603,person,acme,E000524,Ada Tanaka,Buyer,CC-0005,false,2024-02-15T07:08:26Z,\N,2024-02-25T23:14:35Z,\N,1,assert
acme:person:e000967~f0e58cea1d4c,person,acme,E000967,Bruno Ivanova,Architect,DEPT-20,false,2024-01-16T13:12:52Z,\N,2024-02-26T14:42:40Z,\N,1,assert
acme:person:e001143~1cbc439c263a,person,acme,E001143,Anika Okonkwo,Auditor,CC-0002,false,2024-02-22T04:39:20Z,\N,2024-02-26T10:51:56Z,\N,1,assert
acme:person:e002079~3add6ee90f11,person,acme,E002079,Chidi Mbatha,Architect,DEPT-03,false,2024-02-26T09:03:34Z,\N,2024-02-26T09:03:34Z,\N,1,assert
acme:person:e002153~09e59d613d6d,person,acme,E002153,Xenia Vaughan,Analyst,DEPT-10,false,2024-02-17T07:46:43Z,\N,2024-02-26T21:27:32Z,\N,1,assert
acme:person:e002408~21bd19e4bcd3,person,acme,E002408,Gita Nakamura,Engineer,CC-0013,false,2024-01-16T21:39:31Z,\N,2024-02-26T09:39:37Z,\N,1,assert
acme:person:e000239~9db04b1c1175,person,acme,E000239,Chidi Eberhardt,Analyst,DEPT-12,true,2024-02-18T11:30:37Z,2024-11-13T03:52:40Z,2024-02-28T11:56:46Z,\N,1,assert
acme:person:e000858~1b80e89ea930,person,acme,E000858,Lars Delacroix,Buyer,CC-0013,false,2024-02-15T20:18:52Z,\N,2024-02-29T13:12:49Z,\N,1,assert
acme:person:e002304~6726b559b0e1,person,acme,E002304,Lars Weiss,Buyer,DIV-CORP,false,2024-01-08T10:55:13Z,\N,2024-02-29T21:01:16Z,\N,1,assert
acme:person:e000303~c8b4afa5b9de,person,acme,E000303,Gita Rasmussen,Manager,DEPT-19,false,2024-02-20T15:22:39Z,\N,2024-03-01T02:52:16Z,\N,1,assert
acme:person:e002081~d6fbc776f16c,person,acme,E002081,Nadia Kaminski,Manager,DEPT-06,false,2024-02-21T16:09:01Z,\N,2024-03-03T04:10:44Z,\N,1,assert
acme:person:e002112~a73fa9f67d35,person,acme,E002112,Elena Zhang,Manager,DEPT-10,false,2024-02-18T18:37:08Z,\N,2024-03-03T23:42:21Z,\N,1,assert
acme:person:e002583~e180ddcd6f3f,person,acme,E002583,Elena Nakamura,Engineer,DEPT-16,false,2024-02-08T04:57:22Z,\N,2024-03-03T03:01:00Z,\N,1,assert
acme:person:e000426~eb45335ac709,person,acme,E000426,Anika Zhang,Analyst,CC-0005,false,2024-01-29T07:22:55Z,\N,2024-03-04T22:51:54Z,\N,1,assert
acme:person:e003307~767c08515ffb,person,acme,E003307,Ursula Jablonski,Manager,DEPT-24,false,2024-02-27T15:43:03Z,\N,2024-03-04T15:35:37Z,\N,1,assert
acme:person:e000927~97b053ce31ee,person,acme,E000927,Ingrid Lindqvist,Manager,DEPT-16,false,2024-01-24T02:13:25Z,\N,2024-03-06T18:34:12Z,\N,1,assert
acme:person:e001739~7028d3dbf2dd,person,acme,E001739,Ada Haddad,Buyer,DEPT-02,false,2024-02-13T06:41:46Z,\N,2024-03-06T22:04:37Z,\N,1,assert
acme:person:e002277~39ca05886238,person,acme,E002277,Bruno Zhang,Technician,DEPT-01,false,2024-01-07T17:17:13Z,\N,2024-03-06T12:19:26Z,\N,1,assert
acme:person:e003377~daa739b17133,person,acme,E003377,Nadia Ivanova,Engineer,DEPT-11,false,2024-01-21T00:58:02Z,\N,2024-03-06T16:52:05Z,\N,1,assert
acme:person:e000751~dd209fa1f0b0,person,acme,E000751,Marcus Jablonski,Manager,DEPT-15,false,2024-02-21T19:02:28Z,\N,2024-03-08T00:40:01Z,\N,1,assert
acme:person:e000825~93ffaea522d1,person,acme,E000825,Samir Gundersen,Analyst,DEPT-16,false,2024-03-06T07:08:37Z,\N,2024-03-08T21:24:08Z,\N,1,assert
acme:person:e003381~a8baf8dbb484,person,acme,E003381,Oliver Yilmaz,Manager,CC-0004,false,2024-01-26T07:52:55Z,\N,2024-03-11T14:50:29Z,\N,1,assert
acme:person:e000493~ed30ec3c5d04,person,acme,E000493,Ibrahim Gundersen,Buyer,CC-0004,false,2024-03-12T23:08:40Z,\N,2024-03-12T23:08:40Z,\N,1,assert
acme:person:e000420~7d27e9595a78,person,acme,E000420,Samir Santos,Architect,DEPT-06,false,2024-01-14T12:42:28Z,\N,2024-03-13T03:34:43Z,\N,1,assert
acme:person:e002891~79c502c87174,person,acme,E002891,Felix Okonkwo,Technician,CC-0006,false,2024-03-10T20:11:59Z,\N,2024-03-13T00:48:15Z,\N,1,assert
acme:person:e003376~1987e41a5f2e,person,acme,E003376,Yara Schneider,Analyst,DEPT-08,false,2024-01-27T04:27:36Z,\N,2024-03-13T00:28:57Z,\N,1,assert
acme:person:e001735~ef9202449947,person,acme,E001735,Bruno Pereira,Technician,DEPT-23,false,2024-02-05T11:28:17Z,\N,2024-03-14T02:16:17Z,\N,1,assert
acme:person:e003828~092a3b0e24dd,person,acme,E003828,Noor Jablonski,Auditor,CC-0006,false,2024-03-13T13:25:35Z,\N,2024-03-16T19:42:09Z,\N,1,assert
acme:person:e000132~fbe89b83efd1,person,acme,E000132,Anika Ueda,Manager,DEPT-03,false,2024-02-23T11:48:24Z,\N,2024-03-17T22:22:01Z,\N,1,assert
acme:person:e000186~5e2888b793f3,person,acme,E000186,Elena Eberhardt,Buyer,DEPT-01,false,2024-01-24T19:54:43Z,\N,2024-03-17T01:49:43Z,\N,1,assert
acme:person:e003282~742b9e5fd80a,person,acme,E003282,Quinn Bergstrom,Analyst,DEPT-17,false,2024-02-17T20:51:42Z,\N,2024-03-17T21:00:04Z,\N,1,assert
acme:person:e003782~e5a93da00cff,person,acme,E003782,Oliver Okonkwo,Manager,DEPT-06,false,2024-03-05T23:39:01Z,\N,2024-03-17T00:32:04Z,\N,1,assert
acme:person:e000463~afd180a8bf93,person,acme,E000463,Farid Okonkwo,Analyst,CC-0002,false,2024-03-16T15:17:51Z,\N,2024-03-18T15:21:40Z,\N,1,assert
acme:person:e001035~c2303415d248,person,acme,E001035,Quinn Delacroix,Auditor,DIV-CORP,false,2024-03-01T04:24:56Z,\N,2024-03-18T14:10:49Z,\N,1,assert
acme:person:e000205~15585020401a,person,acme,E000205,Zoltan Quintero,Analyst,DEPT-04,false,2024-03-05T12:53:57Z,\N,2024-03-19T15:11:20Z,\N,1,assert
acme:person:e001126~c6eb22cf3afa,person,acme,E001126,Zoltan Lindqvist,Technician,CC-0004,false,2024-02-09T08:45:23Z,\N,2024-03-19T15:19:27Z,\N,1,assert
acme:person:e002407~f2f3d2786436,person,acme,E002407,Wen Pereira,Architect,DEPT-20,false,2024-01-23T17:11:16Z,\N,2024-03-19T10:55:19Z,\N,1,assert
acme:person:e002708~e7098a55a775,person,acme,E002708,Ursula Zhang,Auditor,DEPT-23,false,2024-02-05T03:06:32Z,\N,2024-03-19T22:59:38Z,\N,1,assert
acme:person:e003363~ed0a3fd07570,person,acme,E003363,Bruno Marchetti,Architect,DEPT-12,false,2024-02-06T09:12:20Z,\N,2024-03-19T15:06:27Z,\N,1,assert
acme:person:e002007~100019da71d3,person,acme,E002007,Ursula Gundersen,Architect,CC-0003,false,2024-02-11T19:47:19Z,\N,2024-03-20T01:58:10Z,\N,1,assert
acme:person:e003007~03c9165ba2e9,person,acme,E003007,Lars Schneider,Manager,DEPT-15,false,2024-02-19T22:58:06Z,\N,2024-03-20T07:34:40Z,\N,1,assert
acme:person:e000497~0c898290f875,person,acme,E000497,Mira Ivanova,Manager,CC-0003,false,2024-02-28T08:26:56Z,\N,2024-03-21T14:05:42Z,\N,1,assert
acme:person:e000387~d4290d381b09,person,acme,E000387,Alan Yilmaz,Buyer,DEPT-18,false,2024-01-30T12:09:14Z,\N,2024-03-22T12:29:29Z,\N,1,assert
acme:person:e000617~9dd6d0109aff,person,acme,E000617,Alan Thorsen,Technician,DEPT-11,false,2024-03-06T01:29:36Z,\N,2024-03-22T14:14:02Z,\N,1,assert
acme:person:e001205~37b9aa411490,person,acme,E001205,Chidi Novak,Buyer,DEPT-20,false,2024-02-21T13:34:38Z,\N,2024-03-22T14:54:31Z,\N,1,assert
acme:person:e003167~913bedf6f5a0,person,acme,E003167,Felix Vaughan,Auditor,DEPT-11,false,2024-02-21T17:48:29Z,\N,2024-03-22T08:17:23Z,\N,1,assert
acme:person:e003545~0d1b77168ce5,person,acme,E003545,Sofia Delacroix,Analyst,CC-0012,false,2024-03-26T21:10:26Z,\N,2024-03-27T08:04:12Z,\N,1,assert
acme:person:e001193~d9b2db07b074,person,acme,E001193,Lucia Rasmussen,Manager,DEPT-03,false,2024-03-08T11:52:13Z,\N,2024-03-30T17:26:30Z,\N,1,assert
acme:person:e002553~05c7baaabceb,person,acme,E002553,Zara Bergstrom,Architect,CC-0001,true,2024-03-28T09:24:21Z,2026-05-20T10:00:56Z,2024-03-30T21:17:15Z,\N,1,assert
acme:person:e003534~befd8da246eb,person,acme,E003534,Alan Oyelaran,Auditor,DEPT-10,false,2024-02-04T00:51:28Z,\N,2024-03-31T08:31:16Z,\N,1,assert
acme:person:e002107~a7745abf802e,person,acme,E002107,Amara Santos,Buyer,CC-0011,false,2024-02-25T05:19:07Z,\N,2024-04-01T21:47:23Z,\N,1,assert
acme:person:e001828~5cfec51eaca1,person,acme,E001828,Amara Kovac,Architect,CC-0002,true,2024-03-01T13:06:43Z,2024-04-28T20:28:40Z,2024-04-02T04:02:41Z,\N,1,assert
acme:person:e002265~fed0e3d6e74e,person,acme,E002265,Yusuf Pereira,Architect,DEPT-01,false,2024-02-06T21:21:55Z,\N,2024-04-02T09:40:32Z,\N,1,assert
acme:person:e003098~5b5eab3ee8cf,person,acme,E003098,Renata Jablonski,Analyst,DEPT-03,true,2024-03-18T16:03:57Z,2025-05-20T03:07:45Z,2024-04-02T19:07:42Z,\N,1,assert
acme:person:e000841~91429234708c,person,acme,E000841,Sofia Wagner,Analyst,CC-0005,false,2024-02-11T01:15:10Z,\N,2024-04-03T15:21:57Z,\N,1,assert
acme:person:e002575~fe75c69fd967,person,acme,E002575,Xenia Ivanova,Buyer,DEPT-15,false,2024-03-15T06:59:04Z,\N,2024-04-03T06:00:06Z,\N,1,assert
acme:person:e001306~7fec643021d0,person,acme,E001306,Ingrid Mbatha,Auditor,CC-0010,false,2024-02-24T23:27:48Z,\N,2024-04-04T00:23:13Z,\N,1,assert
acme:person:e003743~27f2fc6f4684,person,acme,E003743,Fatima Fontaine,Architect,CC-0008,false,2024-03-05T01:24:54Z,\N,2024-04-04T17:27:22Z,\N,1,assert
acme:person:e000973~a750d9d4cb8b,person,acme,E000973,Marcus Marchetti,Architect,DEPT-12,false,2024-02-24T14:50:07Z,\N,2024-04-05T05:34:58Z,\N,1,assert
acme:person:e002320~ebc27af245e7,person,acme,E002320,Vikram Okonkwo,Buyer,CC-0006,false,2024-03-05T15:42:34Z,\N,2024-04-05T17:54:26Z,\N,1,assert
acme:person:e001863~9cddbdda2936,person,acme,E001863,Farid Delacroix,Manager,CC-0013,false,2024-03-25T06:31:15Z,\N,2024-04-06T03:59:12Z,\N,1,assert
acme:person:e001936~f275f8f7db2d,person,acme,E001936,Renata Ueda,Architect,CC-0005,false,2024-02-07T18:06:15Z,\N,2024-04-06T22:48:08Z,\N,1,assert
acme:person:e000705~be46f2280287,person,acme,E000705,Mira Abbott,Architect,CC-0006,false,2024-03-12T08:15:44Z,\N,2024-04-07T21:21:32Z,\N,1,assert
acme:person:e000675~087649eff610,person,acme,E000675,Carla Tanaka,Manager,CC-0013,false,2024-03-21T17:44:40Z,\N,2024-04-08T08:48:08Z,\N,1,assert
acme:person:e000796~f9f1ee6eae26,person,acme,E000796,Ingrid Okonkwo,Auditor,DEPT-14,false,2024-02-12T20:54:34Z,\N,2024-04-09T15:17:30Z,\N,1,assert
acme:person:e002535~e7a47e7bb6b5,person,acme,E002535,Zoltan Pereira,Buyer,DEPT-06,false,2024-02-21T08:35:23Z,\N,2024-04-09T09:32:26Z,\N,1,assert
acme:person:e003785~12d4ba61f390,person,acme,E003785,Quinn Weiss,Analyst,CC-0008,false,2024-04-03T14:01:07Z,\N,2024-04-09T06:02:18Z,\N,1,assert
acme:person:e001003~26b00c322a0a,person,acme,E001003,Anika Ivanova,Buyer,CC-0009,false,2024-03-12T08:04:27Z,\N,2024-04-11T13:28:47Z,\N,1,assert
acme:person:e000063~bc48bb86c381,person,acme,E000063,Xenia Silvestri,Analyst,CC-0005,false,2024-02-16T12:06:21Z,\N,2024-04-12T07:23:13Z,\N,1,assert
acme:person:e001347~dc380977067f,person,acme,E001347,Paola Oyelaran,Architect,CC-0003,false,2024-04-07T08:18:25Z,\N,2024-04-12T11:59:44Z,\N,1,assert
acme:person:e001716~7a4e38d9b4e9,person,acme,E001716,Chidi Castellanos,Engineer,DEPT-16,false,2024-03-14T22:32:40Z,\N,2024-04-12T01:46:04Z,\N,1,assert
acme:person:e002338~98aa10b3be6a,person,acme,E002338,Yusuf Delacroix,Analyst,CC-0002,false,2024-02-22T19:28:42Z,\N,2024-04-12T17:36:06Z,\N,1,assert
acme:person:e002980~eca5f8fef778,person,acme,E002980,Keiko Yilmaz,Analyst,DEPT-20,false,2024-03-20T08:06:27Z,\N,2024-04-12T13:26:53Z,\N,1,assert
acme:person:e003628~2f67fe7d44fd,person,acme,E003628,Ada Yilmaz,Technician,CC-0002,false,2024-03-04T10:09:34Z,\N,2024-04-12T04:34:52Z,\N,1,assert
acme:person:e001989~d121900bc54a,person,acme,E001989,Vikram Marchetti,Analyst,CC-0010,true,2024-04-02T12:06:15Z,2024-11-07T03:16:35Z,2024-04-13T02:49:41Z,\N,1,assert
acme:person:e001901~889f1fa8d3f4,person,acme,E001901,Dmitri Gallagher,Engineer,DEPT-15,false,2024-02-19T20:28:41Z,\N,2024-04-13T23:25:09Z,\N,1,assert
acme:person:e000686~7ba5d4f1177b,person,acme,E000686,Sofia Bergstrom,Buyer,DEPT-23,false,2024-03-24T05:15:25Z,\N,2024-04-14T06:26:19Z,\N,1,assert
acme:person:e000941~b405472381a3,person,acme,E000941,Amara Kovac,Technician,CC-0009,false,2024-04-12T12:21:32Z,\N,2024-04-14T03:51:42Z,\N,1,assert
acme:person:e003342~ef34acfd28f9,person,acme,E003342,Anika Vaughan,Analyst,CC-0009,false,2024-04-05T08:27:46Z,\N,2024-04-14T03:12:02Z,\N,1,assert
acme:person:e001267~e9c38cfd4a11,person,acme,E001267,Lars Gundersen,Engineer,DEPT-21,false,2024-03-26T07:42:29Z,\N,2024-04-15T17:17:09Z,\N,1,assert
acme:person:e001395~12a2bb5e4d54,person,acme,E001395,Elena Rasmussen,Analyst,DEPT-18,false,2024-04-05T22:10:51Z,\N,2024-04-15T14:40:32Z,\N,1,assert
acme:person:e000134~b3b43b22bfae,person,acme,E000134,Felix Mbatha,Buyer,DEPT-20,false,2024-03-03T20:00:24Z,\N,2024-04-16T03:35:05Z,\N,1,assert
acme:person:e000999~108ce856783a,person,acme,E000999,Keiko Ivanova,Auditor,DEPT-13,false,2024-03-03T02:25:48Z,\N,2024-04-16T18:48:08Z,\N,1,assert
acme:person:e002614~59707ff1dd4e,person,acme,E002614,Samir Wagner,Auditor,DIV-CORP,false,2024-02-26T14:20:45Z,\N,2024-04-16T22:55:40Z,\N,1,assert
acme:person:e001438~c62ca1e4f9af,person,acme,E001438,Yara Bergstrom,Manager,DEPT-23,false,2024-04-09T19:33:15Z,\N,2024-04-17T10:53:46Z,\N,1,assert
acme:person:e000866~db670d2549c8,person,acme,E000866,Noor Kovac,Auditor,DEPT-10,false,2024-04-14T17:03:24Z,\N,2024-04-18T02:33:12Z,\N,1,assert
acme:person:e001568~536fb85bc5c8,person,acme,E001568,Amara Tanaka,Manager,CC-0008,false,2024-02-24T22:00:15Z,\N,2024-04-18T17:29:55Z,\N,1,assert
acme:person:e003794~bee5706321c4,person,acme,E003794,Vikram Marchetti,Auditor,DEPT-21,false,2024-03-16T15:20:30Z,\N,2024-04-18T22:41:27Z,\N,1,assert
acme:person:e000323~05087ba3af0a,person,acme,E000323,Carla Chowdhury,Technician,DEPT-04,false,2024-03-21T05:21:08Z,\N,2024-04-19T19:05:54Z,\N,1,assert
acme:person:e001015~4d3dbb5d4586,person,acme,E001015,Paola Fontaine,Manager,CC-0002,false,2024-02-21T15:33:20Z,\N,2024-04-20T08:48:47Z,\N,1,assert
acme:person:e002057~d22580d74b81,person,acme,E002057,Nadia Fontaine,Buyer,CC-0001,false,2024-03-23T01:39:16Z,\N,2024-04-20T08:14:39Z,\N,1,assert
acme:person:e001303~9ef857338972,person,acme,E001303,Quinn Schneider,Manager,CC-0009,false,2024-04-10T15:31:35Z,\N,2024-04-21T07:22:33Z,\N,1,assert
acme:person:e002569~96aa27063177,person,acme,E002569,Bruno Pereira,Buyer,DEPT-17,false,2024-04-21T17:21:50Z,\N,2024-04-21T17:21:50Z,\N,1,assert
acme:person:e002484~3e3c60f84b65,person,acme,E002484,Chidi Marchetti,Auditor,DEPT-01,false,2024-04-01T20:44:37Z,\N,2024-04-24T10:20:55Z,\N,1,assert
acme:person:e003372~19137a162dd1,person,acme,E003372,Noor Ueda,Technician,DEPT-03,false,2024-04-08T07:59:09Z,\N,2024-04-24T05:40:19Z,\N,1,assert
acme:person:e000698~3b91ef343d80,person,acme,E000698,Ada Oyelaran,Engineer,CC-0007,false,2024-03-28T17:05:34Z,\N,2024-04-25T17:01:16Z,\N,1,assert
acme:person:e003401~07b142dbc453,person,acme,E003401,Tomas Baptiste,Engineer,DEPT-09,false,2024-03-25T16:54:31Z,\N,2024-04-27T13:36:25Z,\N,1,assert
acme:person:e003432~8150107f7e31,person,acme,E003432,Keiko Weiss,Analyst,DEPT-09,false,2024-03-10T02:13:23Z,\N,2024-04-27T09:23:39Z,\N,1,assert
acme:person:e001465~ac548b1bb98f,person,acme,E001465,Ursula Novak,Analyst,DEPT-21,false,2024-04-09T19:32:14Z,\N,2024-04-28T14:48:53Z,\N,1,assert
acme:person:e002694~c222077853a0,person,acme,E002694,Chidi Weiss,Technician,CC-0009,false,2024-04-28T08:58:53Z,\N,2024-04-29T01:24:36Z,\N,1,assert
acme:person:e002051~73f0eefe9513,person,acme,E002051,Anders Delacroix,Analyst,CC-0002,false,2024-04-30T07:36:45Z,\N,2024-05-01T14:38:53Z,\N,1,assert
acme:person:e002477~cb3bbcd437dc,person,acme,E002477,Zara Eberhardt,Analyst,DEPT-24,false,2024-03-11T07:36:59Z,\N,2024-05-01T18:40:22Z,\N,1,assert
acme:person:e003356~8c3caa8db404,person,acme,E003356,Oliver Tanaka,Architect,CC-0008,false,2024-04-27T11:45:10Z,\N,2024-05-02T15:49:34Z,\N,1,assert
acme:person:e000618~5209fe826b6a,person,acme,E000618,Zoltan Oyelaran,Auditor,DEPT-18,false,2024-03-12T18:01:09Z,\N,2024-05-04T20:57:09Z,\N,1,assert
acme:person:e003344~22c28193ea5b,person,acme,E003344,Tomas Ivanova,Engineer,CC-0012,false,2024-03-29T06:39:51Z,\N,2024-05-04T03:12:24Z,\N,1,assert
acme:person:e000094~d0d47ab21f41,person,acme,E000094,Kwame Silvestri,Manager,CC-0001,false,2024-04-20T13:48:18Z,\N,2024-05-05T14:27:54Z,\N,1,assert
acme:person:e002089~7568a9044c27,person,acme,E002089,Priya Wagner,Engineer,CC-0011,false,2024-05-04T12:18:53Z,\N,2024-05-06T18:53:46Z,\N,1,assert
acme:person:e003935~55f3433ddc20,person,acme,E003935,Wen Zhang,Manager,DEPT-12,false,2024-04-28T20:34:15Z,\N,2024-05-07T23:10:14Z,\N,1,assert
acme:person:e002441~3c110261cbdc,person,acme,E002441,Wen Rasmussen,Analyst,DEPT-23,false,2024-03-12T20:52:59Z,\N,2024-05-08T22:24:42Z,\N,1,assert
acme:person:e003157~106b56450fa4,person,acme,E003157,Keiko Gallagher,Analyst,CC-0003,false,2024-03-10T11:44:22Z,\N,2024-05-08T01:30:30Z,\N,1,assert
acme:person:e000709~911b20aa1946,person,acme,E000709,Renata Jablonski,Architect,CC-0011,false,2024-04-18T18:37:25Z,\N,2024-05-09T09:04:00Z,\N,1,assert
acme:person:e001025~11a14f472bf5,person,acme,E001025,Lucia Novak,Technician,DEPT-23,false,2024-05-09T17:50:03Z,\N,2024-05-09T17:50:03Z,\N,1,assert
acme:person:e001175~12a09b136aee,person,acme,E001175,Sofia Quintero,Architect,CC-0002,false,2024-04-25T19:53:12Z,\N,2024-05-10T02:51:03Z,\N,1,assert
acme:person:e003487~daacecc103b6,person,acme,E003487,Wen Mbatha,Architect,CC-0007,false,2024-04-17T08:17:05Z,\N,2024-05-11T18:37:13Z,\N,1,assert
acme:person:e000809~46f745b74555,person,acme,E000809,Wen Abbott,Buyer,CC-0014,false,2024-04-29T09:29:54Z,\N,2024-05-12T02:00:42Z,\N,1,assert
acme:person:e000856~6e752af5e21d,person,acme,E000856,Quinn Rasmussen,Technician,CC-0006,false,2024-04-07T23:19:59Z,\N,2024-05-12T08:40:46Z,\N,1,assert
acme:person:e003789~65a8ed5212ed,person,acme,E003789,Oliver Vaughan,Technician,CC-0003,false,2024-03-21T02:46:28Z,\N,2024-05-12T09:00:00Z,\N,1,assert
acme:person:e000008~222f6021d9c0,person,acme,E000008,Renata Marchetti,Manager,DEPT-05,false,2024-04-13T06:51:25Z,\N,2024-05-13T02:31:38Z,\N,1,assert
acme:person:e000720~6f755e430d4f,person,acme,E000720,Felix Gallagher,Engineer,DEPT-05,false,2024-04-26T00:46:10Z,\N,2024-05-13T06:12:02Z,\N,1,assert
acme:person:e003313~f35033cc9ae1,person,acme,E003313,Ada Oyelaran,Manager,DEPT-21,false,2024-03-20T22:49:09Z,\N,2024-05-13T19:36:31Z,\N,1,assert
acme:person:e002449~0b8ac7ee9120,person,acme,E002449,Xenia Jablonski,Buyer,DEPT-04,false,2024-04-05T21:55:24Z,\N,2024-05-14T06:39:20Z,\N,1,assert
acme:person:e000561~55abb057b816,person,acme,E000561,Amara Weiss,Analyst,DEPT-11,false,2024-04-30T17:28:46Z,\N,2024-05-15T20:58:39Z,\N,1,assert
acme:person:e001392~aed7a4b02b07,person,acme,E001392,Xenia Pereira,Analyst,DEPT-01,false,2024-05-10T18:16:14Z,\N,2024-05-15T02:10:58Z,\N,1,assert
acme:person:e001447~f89e1a4d51a6,person,acme,E001447,Yusuf Delacroix,Analyst,CC-0013,false,2024-05-09T12:30:58Z,\N,2024-05-15T13:58:24Z,\N,1,assert
acme:person:e002637~f08008e0c8c7,person,acme,E002637,Sofia Chowdhury,Engineer,DEPT-13,false,2024-03-27T10:27:38Z,\N,2024-05-15T15:15:09Z,\N,1,assert
acme:person:e002274~b7078493d293,person,acme,E002274,Samir Ivanova,Auditor,DEPT-17,false,2024-04-08T20:46:20Z,\N,2024-05-16T22:51:55Z,\N,1,assert
acme:person:e002108~82e357031748,person,acme,E002108,Chidi Kovac,Buyer,DEPT-18,false,2024-04-09T03:04:43Z,\N,2024-05-17T02:48:56Z,\N,1,assert
acme:person:e002903~84c8da2a5cbb,person,acme,E002903,Liam Thorsen,Manager,DIV-CORP,false,2024-04-29T17:20:42Z,\N,2024-05-17T05:41:43Z,\N,1,assert
acme:person:e003919~a95da850aab9,person,acme,E003919,Yara Lindqvist,Buyer,CC-0009,false,2024-05-12T03:48:00Z,\N,2024-05-18T03:15:32Z,\N,1,assert
acme:person:e000290~82e6f34c8fb4,person,acme,E000290,Ingrid Abbott,Auditor,CC-0001,false,2024-03-24T17:20:11Z,\N,2024-05-20T00:42:07Z,\N,1,assert
acme:person:e000444~cc06aec29fb1,person,acme,E000444,Chidi Chowdhury,Technician,DEPT-16,false,2024-04-05T22:05:16Z,\N,2024-05-20T01:36:52Z,\N,1,assert
acme:person:e003755~3f7df80156a3,person,acme,E003755,Alan Quintero,Manager,DEPT-07,true,2024-05-15T20:41:52Z,2024-11-16T15:26:05Z,2024-05-22T14:51:45Z,\N,1,assert
acme:person:e001388~4cd99850ab97,person,acme,E001388,Fatima Lindqvist,Buyer,CC-0008,false,2024-04-07T01:54:35Z,\N,2024-05-22T15:10:22Z,\N,1,assert
acme:person:e000694~bc076bf232d8,person,acme,E000694,Amara Ivanova,Auditor,DEPT-04,false,2024-04-04T23:59:58Z,\N,2024-05-23T07:02:59Z,\N,1,assert
acme:person:e001023~b8af23fa30cf,person,acme,E001023,Hugo Jablonski,Manager,CC-0006,false,2024-03-24T05:35:58Z,\N,2024-05-23T10:46:27Z,\N,1,assert
acme:person:e001032~947edfefcd22,person,acme,E001032,Carla Ivanova,Manager,DEPT-23,false,2024-03-24T07:01:22Z,\N,2024-05-23T18:47:47Z,\N,1,assert
acme:person:e001733~4109d11932b0,person,acme,E001733,Renata Chowdhury,Architect,DEPT-20,false,2024-05-01T02:16:30Z,\N,2024-05-24T17:41:17Z,\N,1,assert
acme:person:e001807~51d0131ca978,person,acme,E001807,Ingrid Okonkwo,Buyer,DEPT-22,false,2024-04-20T19:18:14Z,\N,2024-05-24T09:48:25Z,\N,1,assert
acme:person:e000295~814314dc2f09,person,acme,E000295,Hugo Abbott,Technician,CC-0001,false,2024-04-13T13:21:23Z,\N,2024-05-25T20:49:44Z,\N,1,assert
acme:person:e002020~9da2139d0301,person,acme,E002020,Priya Bergstrom,Buyer,DEPT-07,false,2024-03-27T07:47:01Z,\N,2024-05-25T19:34:13Z,\N,1,assert
acme:person:e002137~a986937a3972,person,acme,E002137,Anika Tanaka,Architect,DEPT-14,false,2024-05-08T10:26:10Z,\N,2024-05-25T12:01:03Z,\N,1,assert
acme:person:e003602~6b612d1a6c1c,person,acme,E003602,Samir Castellanos,Architect,DEPT-24,false,2024-05-04T20:33:30Z,\N,2024-05-25T11:12:56Z,\N,1,assert
acme:person:e003463~69640fc21e9f,person,acme,E003463,Dmitri Santos,Analyst,CC-0007,false,2024-04-12T03:51:51Z,\N,2024-05-26T05:06:14Z,\N,1,assert
acme:person:e002936~377e7d719f2a,person,acme,E002936,Chidi Gallagher,Auditor,DEPT-01,true,2024-05-23T19:14:00Z,2025-02-13T11:14:25Z,2024-05-27T00:31:42Z,\N,1,assert
acme:person:e000345~2716a08418c4,person,acme,E000345,Vikram Ueda,Engineer,CC-0002,false,2024-05-19T12:12:56Z,\N,2024-05-27T15:46:25Z,\N,1,assert
acme:person:e000419~fb255a6c0ba2,person,acme,E000419,Rafael Marchetti,Buyer,DEPT-04,false,2024-05-06T18:43:55Z,\N,2024-05-28T18:23:10Z,\N,1,assert
acme:person:e000864~09f805961ec9,person,acme,E000864,Alan Kovac,Engineer,CC-0006,false,2024-05-14T18:04:47Z,\N,2024-05-30T14:52:14Z,\N,1,assert
acme:person:e002974~22edb33b3870,person,acme,E002974,Ursula Pereira,Technician,CC-0009,false,2024-05-01T08:44:38Z,\N,2024-05-30T22:23:45Z,\N,1,assert
acme:person:e002413~fdbb782c5730,person,acme,E002413,Carla Kaminski,Technician,DEPT-09,false,2024-05-17T04:29:07Z,\N,2024-05-31T02:49:43Z,\N,1,assert
acme:person:e001544~dff319469e0f,person,acme,E001544,Marcus Gallagher,Auditor,DEPT-17,false,2024-05-19T14:55:17Z,\N,2024-05-31T15:13:15Z,\N,1,assert
acme:person:e003659~12e8f9247311,person,acme,E003659,Gita Haddad,Auditor,DEPT-07,false,2024-04-25T13:11:00Z,\N,2024-05-31T21:05:06Z,\N,1,assert
acme:person:e000382~bc670da226fd,person,acme,E000382,Wen Yilmaz,Analyst,DEPT-04,false,2024-04-13T23:32:49Z,\N,2024-06-01T10:32:37Z,\N,1,assert
acme:person:e000869~75793feb9206,person,acme,E000869,Kwame Oyelaran,Technician,DEPT-10,false,2024-05-09T16:50:43Z,\N,2024-06-02T00:14:57Z,\N,1,assert
acme:person:e000257~3a961f4dfc81,person,acme,E000257,Elena Lindqvist,Auditor,CC-0013,false,2024-04-26T01:57:09Z,\N,2024-06-03T10:48:24Z,\N,1,assert
acme:person:e003197~3410f2590144,person,acme,E003197,Ingrid Santos,Buyer,CC-0006,false,2024-04-29T08:51:44Z,\N,2024-06-04T19:28:00Z,\N,1,assert
acme:person:e003431~7d84a11ce134,person,acme,E003431,Quinn Chowdhury,Technician,DIV-CORP,false,2024-05-01T03:58:35Z,\N,2024-06-04T23:06:26Z,\N,1,assert
acme:person:e001222~08fece051a89,person,acme,E001222,Fatima Haddad,Technician,DEPT-22,false,2024-05-27T23:14:18Z,\N,2024-06-05T22:44:55Z,\N,1,assert
acme:person:e000099~38177936ba7d,person,acme,E000099,Renata Schneider,Engineer,DEPT-02,false,2024-04-16T19:27:01Z,\N,2024-06-06T08:35:48Z,\N,1,assert
acme:person:e003325~1d5fd5db8e80,person,acme,E003325,Alan Abbott,Engineer,CC-0007,false,2024-04-25T15:19:22Z,\N,2024-06-06T17:39:25Z,\N,1,assert
acme:person:e000545~06ab829355a0,person,acme,E000545,Kwame Quintero,Analyst,DEPT-11,true,2024-04-25T19:19:00Z,2025-11-21T16:11:42Z,2024-06-06T21:52:22Z,\N,1,assert
acme:person:e000049~94029d530cde,person,acme,E000049,Jonas Okonkwo,Manager,CC-0009,false,2024-05-12T14:06:42Z,\N,2024-06-07T12:56:57Z,\N,1,assert
acme:person:e000544~40e60e27e5a3,person,acme,E000544,Zara Lindqvist,Architect,DEPT-14,false,2024-05-31T15:27:58Z,\N,2024-06-07T11:04:13Z,\N,1,assert
acme:person:e002823~4dbf569922bb,person,acme,E002823,Nadia Bergstrom,Manager,CC-0002,false,2024-05-06T01:00:44Z,\N,2024-06-07T11:34:01Z,\N,1,assert
acme:person:e003796~f6119b708fd3,person,acme,E003796,Carla Yilmaz,Analyst,DEPT-18,false,2024-04-23T17:18:19Z,\N,2024-06-07T07:06:55Z,\N,1,assert
acme:person:e001236~0444856dc346,person,acme,E001236,Clara Thorsen,Technician,DEPT-07,false,2024-04-14T19:59:17Z,\N,2024-06-09T05:17:43Z,\N,1,assert
acme:person:e001782~add8cd360c56,person,acme,E001782,Noor Castellanos,Buyer,CC-0008,false,2024-05-04T12:00:01Z,\N,2024-06-09T05:46:53Z,\N,1,assert
acme:person:e002727~88b581144c9f,person,acme,E002727,Leila Santos,Architect,DEPT-06,false,2024-05-07T14:21:56Z,\N,2024-06-09T12:59:54Z,\N,1,assert
acme:person:e003445~6be51e8ccc88,person,acme,E003445,Farid Silvestri,Technician,DEPT-05,false,2024-05-13T09:07:19Z,\N,2024-06-09T08:37:31Z,\N,1,assert
acme:person:e003906~7c5776b374d9,person,acme,E003906,Anika Castellanos,Technician,DEPT-04,false,2024-05-21T04:04:16Z,\N,2024-06-09T10:42:23Z,\N,1,assert
acme:person:e001670~334ea3003d5e,person,acme,E001670,Vikram Gallagher,Auditor,DEPT-09,true,2024-06-06T19:14:08Z,2026-08-15T21:22:48Z,2024-06-09T17:33:27Z,\N,1,assert
acme:person:e001400~6d9ec0abf35a,person,acme,E001400,Renata Oyelaran,Manager,DEPT-02,false,2024-04-17T10:07:57Z,\N,2024-06-10T08:51:39Z,\N,1,assert
acme:person:e001606~330b7644e238,person,acme,E001606,Anika Lindqvist,Engineer,DEPT-15,false,2024-06-05T06:15:02Z,\N,2024-06-12T19:40:01Z,\N,1,assert
acme:person:e000518~f81314b1333d,person,acme,E000518,Hugo Gundersen,Technician,DEPT-11,false,2024-06-13T08:26:36Z,\N,2024-06-13T08:26:36Z,\N,1,assert
acme:person:e003008~62eed8a444b5,person,acme,E003008,Ada Gundersen,Technician,DEPT-17,false,2024-06-02T01:55:59Z,\N,2024-06-14T23:51:08Z,\N,1,assert
acme:person:e002005~716a9fea7dfa,person,acme,E002005,Fatima Novak,Auditor,CC-0013,false,2024-04-27T00:02:44Z,\N,2024-06-15T07:01:14Z,\N,1,assert
acme:person:e000317~2a0a6e0fd482,person,acme,E000317,Priya Silvestri,Auditor,DEPT-02,true,2024-06-10T10:34:17Z,2025-05-23T22:04:21Z,2024-06-15T15:00:48Z,\N,1,assert
acme:person:e003443~f62789cbeda0,person,acme,E003443,Bruno Fontaine,Architect,DEPT-01,false,2024-06-08T07:47:01Z,\N,2024-06-15T16:42:46Z,\N,1,assert
acme:person:e003685~efe91a34c884,person,acme,E003685,Quinn Bergstrom,Architect,CC-0013,false,2024-05-30T01:45:19Z,\N,2024-06-16T04:28:28Z,\N,1,assert
acme:person:e001531~3a308c965f68,person,acme,E001531,Elena Kovac,Auditor,DEPT-23,true,2024-04-29T16:02:16Z,2026-02-19T18:07:54Z,2024-06-16T05:07:52Z,\N,1,assert
acme:person:e000209~2cdc3eb695a5,person,acme,E000209,Ursula Lindqvist,Analyst,CC-0014,false,2024-05-15T11:55:08Z,\N,2024-06-17T08:17:02Z,\N,1,assert
acme:person:e003495~6381140cb263,person,acme,E003495,Leila Mbatha,Architect,DEPT-23,true,2024-06-10T05:03:39Z,2026-09-13T12:31:28Z,2024-06-17T18:50:55Z,\N,1,assert
acme:person:e000582~aa671684c939,person,acme,E000582,Lars Gundersen,Engineer,CC-0006,false,2024-05-12T11:27:43Z,\N,2024-06-18T07:39:00Z,\N,1,assert
acme:person:e001453~c1ccb3cec6e4,person,acme,E001453,Sofia Haddad,Auditor,DEPT-08,false,2024-04-30T07:13:20Z,\N,2024-06-19T04:36:24Z,\N,1,assert
acme:person:e001564~7a4151a3954a,person,acme,E001564,Renata Castellanos,Manager,DEPT-15,false,2024-06-03T17:43:29Z,\N,2024-06-19T12:10:37Z,\N,1,assert
acme:person:e001785~9f4dfeb76c85,person,acme,E001785,Noor Ueda,Engineer,DEPT-07,false,2024-06-18T11:40:56Z,\N,2024-06-19T03:26:32Z,\N,1,assert
acme:person:e001431~49c80578f2ab,person,acme,E001431,Oliver Oyelaran,Auditor,DEPT-05,false,2024-06-09T14:20:03Z,\N,2024-06-20T19:20:08Z,\N,1,assert
acme:person:e001960~7c89d75b02c0,person,acme,E001960,Rafael Gallagher,Analyst,DEPT-01,false,2024-04-26T15:30:00Z,\N,2024-06-21T22:34:36Z,\N,1,assert
acme:person:e000574~11ac50265a22,person,acme,E000574,Zara Schneider,Engineer,DEPT-22,false,2024-06-09T14:32:08Z,\N,2024-06-21T22:48:05Z,\N,1,assert
acme:person:e001252~9a55904dec9d,person,acme,E001252,Leila Pereira,Engineer,DEPT-20,false,2024-06-08T23:10:07Z,\N,2024-06-22T19:30:22Z,\N,1,assert
acme:person:e003617~15172e17c082,person,acme,E003617,Clara Haddad,Technician,DEPT-18,false,2024-06-21T10:17:06Z,\N,2024-06-22T07:29:22Z,\N,1,assert
acme:person:e002177~f2cbbad6245e,person,acme,E002177,Renata Baptiste,Auditor,DEPT-08,true,2024-05-27T19:40:45Z,2025-07-08T10:35:07Z,2024-06-23T09:38:56Z,\N,1,assert
acme:person:e001080~10550ffa8b8d,person,acme,E001080,Nadia Marchetti,Technician,DEPT-14,false,2024-05-12T21:13:21Z,\N,2024-06-23T16:42:06Z,\N,1,assert
acme:person:e000822~17b2bc9aac17,person,acme,E000822,Marcus Castellanos,Analyst,CC-0012,false,2024-05-09T08:02:02Z,\N,2024-06-24T18:09:38Z,\N,1,assert
acme:person:e002133~dfc68ed299f5,person,acme,E002133,Samir Ivanova,Auditor,DEPT-13,false,2024-05-31T04:21:44Z,\N,2024-06-25T23:03:49Z,\N,1,assert
acme:person:e003468~5710c77cd904,person,acme,E003468,Felix Novak,Analyst,DEPT-08,false,2024-05-27T20:45:21Z,\N,2024-06-25T19:26:06Z,\N,1,assert
acme:person:e002570~9cf7dadfd18e,person,acme,E002570,Chidi Okonkwo,Architect,DEPT-20,false,2024-06-06T05:35:01Z,\N,2024-06-27T04:32:21Z,\N,1,assert
acme:person:e000701~40f81341ae19,person,acme,E000701,Clara Schneider,Auditor,DEPT-12,false,2024-06-10T02:39:54Z,\N,2024-06-28T17:58:06Z,\N,1,assert
acme:person:e002984~5bcfa69201e9,person,acme,E002984,Felix Jablonski,Engineer,DEPT-02,false,2024-04-29T05:13:53Z,\N,2024-06-28T16:39:50Z,\N,1,assert
acme:person:e000962~c2fd0e24375d,person,acme,E000962,Jonas Eberhardt,Analyst,DEPT-18,true,2024-06-06T03:33:32Z,2024-09-06T02:54:09Z,2024-06-29T14:59:37Z,\N,1,assert
acme:person:e002907~7f70fab5368c,person,acme,E002907,Vikram Chowdhury,Buyer,CC-0006,false,2024-05-20T05:46:49Z,\N,2024-06-29T19:49:57Z,\N,1,assert
acme:person:e003335~3d82dd40e073,person,acme,E003335,Anders Kaminski,Analyst,CC-0007,false,2024-06-14T01:35:34Z,\N,2024-06-29T07:37:50Z,\N,1,assert
acme:person:e000241~98b9d299ab0d,person,acme,E000241,Mira Oyelaran,Manager,DEPT-21,false,2024-06-15T23:10:11Z,\N,2024-06-30T12:02:24Z,\N,1,assert
acme:person:e001089~e6338386ae80,person,acme,E001089,Vikram Zhang,Buyer,DEPT-10,false,2024-06-04T10:59:22Z,\N,2024-06-30T16:27:08Z,\N,1,assert
acme:person:e002956~7b96210a4e26,person,acme,E002956,Xenia Nakamura,Engineer,CC-0005,false,2024-05-07T11:58:42Z,\N,2024-07-01T10:13:03Z,\N,1,assert
acme:person:e001365~a3472af890ba,person,acme,E001365,Keiko Castellanos,Technician,DEPT-03,true,2024-06-05T01:34:27Z,2025-10-13T21:07:09Z,2024-07-02T18:14:51Z,\N,1,assert
acme:person:e001700~ed9581e991b7,person,acme,E001700,Priya Abbott,Analyst,DEPT-16,false,2024-05-22T15:07:22Z,\N,2024-07-02T22:58:49Z,\N,1,assert
acme:person:e002800~48a7154c2d14,person,acme,E002800,Lucia Santos,Auditor,DEPT-01,false,2024-06-23T13:00:24Z,\N,2024-07-02T09:41:36Z,\N,1,assert
acme:person:e000043~bddaa60ffc10,person,acme,E000043,Amara Jablonski,Manager,DIV-CORP,false,2024-06-04T12:05:29Z,\N,2024-07-03T01:00:46Z,\N,1,assert
acme:person:e003066~23bd73c80d97,person,acme,E003066,Elena Wagner,Architect,DEPT-05,false,2024-05-22T20:15:40Z,\N,2024-07-03T02:40:29Z,\N,1,assert
acme:person:e000761~c2cef3b9cab2,person,acme,E000761,Vikram Novak,Buyer,DEPT-03,false,2024-05-14T03:46:53Z,\N,2024-07-04T10:33:27Z,\N,1,assert
acme:person:e000363~c69308f01679,person,acme,E000363,Lucia Haddad,Manager,CC-0014,false,2024-05-07T23:02:57Z,\N,2024-07-06T15:22:11Z,\N,1,assert
acme:person:e001010~65cd461e2dd0,person,acme,E001010,Elena Pereira,Manager,DEPT-11,false,2024-06-01T07:27:02Z,\N,2024-07-06T17:44:45Z,\N,1,assert
acme:person:e001956~4db4dc93a991,person,acme,E001956,Carla Jablonski,Auditor,DEPT-01,false,2024-06-24T02:17:38Z,\N,2024-07-06T03:24:46Z,\N,1,assert
acme:person:e000144~6d97c982febb,person,acme,E000144,Zara Eberhardt,Architect,DEPT-17,false,2024-07-07T12:53:16Z,\N,2024-07-07T12:53:16Z,\N,1,assert
acme:person:e001178~d99e77f9c58c,person,acme,E001178,Anika Oyelaran,Buyer,CC-0003,false,2024-05-26T16:28:11Z,\N,2024-07-07T03:00:26Z,\N,1,assert
acme:person:e000834~0596bfbcda1c,person,acme,E000834,Renata Rasmussen,Analyst,DEPT-17,false,2024-05-10T21:05:33Z,\N,2024-07-08T12:06:08Z,\N,1,assert
acme:person:e001239~c726fdd605c5,person,acme,E001239,Quinn Thorsen,Engineer,DEPT-15,false,2024-06-04T05:07:55Z,\N,2024-07-08T05:26:20Z,\N,1,assert
acme:person:e001667~150e5f14d51e,person,acme,E001667,Ursula Thorsen,Engineer,CC-0014,false,2024-06-01T11:40:56Z,\N,2024-07-08T20:53:36Z,\N,1,assert
acme:person:e000161~2a1b5f82c26d,person,acme,E000161,Tomas Tanaka,Technician,DEPT-12,false,2024-05-27T05:45:00Z,\N,2024-07-09T05:46:41Z,\N,1,assert
acme:person:e003371~539b941da576,person,acme,E003371,Keiko Kovac,Engineer,DEPT-10,false,2024-06-08T22:11:12Z,\N,2024-07-12T19:41:02Z,\N,1,assert
acme:person:e003682~08fca75f4ae2,person,acme,E003682,Leila Ueda,Manager,DEPT-15,false,2024-05-15T23:18:52Z,\N,2024-07-13T11:24:56Z,\N,1,assert
acme:person:e001166~1851c88ca127,person,acme,E001166,Ibrahim Tanaka,Architect,CC-0007,false,2024-07-07T11:45:39Z,\N,2024-07-13T20:32:03Z,\N,1,assert
acme:person:e002223~e891a798ae3f,person,acme,E002223,Carla Mbatha,Auditor,DEPT-16,false,2024-06-25T15:51:47Z,\N,2024-07-13T16:39:52Z,\N,1,assert
acme:person:e002258~01976608d301,person,acme,E002258,Lars Eberhardt,Analyst,DEPT-03,false,2024-06-07T11:11:02Z,\N,2024-07-13T00:25:59Z,\N,1,assert
acme:person:e002432~a16153539dde,person,acme,E002432,Felix Yilmaz,Auditor,CC-0010,false,2024-05-21T01:02:10Z,\N,2024-07-13T00:08:27Z,\N,1,assert
acme:person:e000685~4afcd7cc1652,person,acme,E000685,Amara Delacroix,Auditor,DEPT-15,false,2024-06-11T14:49:20Z,\N,2024-07-14T04:27:49Z,\N,1,assert
acme:person:e001487~99e391742695,person,acme,E001487,Mira Gallagher,Manager,DEPT-19,false,2024-05-22T05:07:25Z,\N,2024-07-15T19:54:10Z,\N,1,assert
acme:person:e002280~302c4b28623e,person,acme,E002280,Yusuf Abbott,Auditor,DEPT-08,false,2024-07-01T21:16:02Z,\N,2024-07-15T13:26:24Z,\N,1,assert
acme:person:e002438~fac592e4288e,person,acme,E002438,Gita Zhang,Auditor,DEPT-02,false,2024-05-23T18:33:35Z,\N,2024-07-15T11:00:46Z,\N,1,assert
acme:person:e000710~6f6bf41db7b2,person,acme,E000710,Paola Castellanos,Engineer,DEPT-15,false,2024-05-25T10:28:50Z,\N,2024-07-16T13:31:50Z,\N,1,assert
acme:person:e003448~ea71c527c51d,person,acme,E003448,Kwame Pereira,Engineer,DEPT-15,false,2024-06-04T03:50:34Z,\N,2024-07-16T09:14:44Z,\N,1,assert
acme:person:e000874~c7508e8961c1,person,acme,E000874,Carla Quintero,Architect,DEPT-02,false,2024-06-20T16:26:00Z,\N,2024-07-17T18:52:47Z,\N,1,assert
acme:person:e003529~95e5c2724bed,person,acme,E003529,Zara Delacroix,Technician,DEPT-14,false,2024-06-25T12:17:09Z,\N,2024-07-17T21:27:10Z,\N,1,assert
acme:person:e000522~ce1d9316894d,person,acme,E000522,Sofia Tanaka,Engineer,DEPT-04,false,2024-05-30T08:19:57Z,\N,2024-07-18T07:09:02Z,\N,1,assert
acme:person:e001883~84a4e5c075eb,person,acme,E001883,Sofia Marchetti,Architect,DEPT-01,false,2024-05-20T22:48:44Z,\N,2024-07-18T00:41:46Z,\N,1,assert
acme:person:e003249~0252147c46c6,person,acme,E003249,Hugo Ueda,Auditor,DEPT-14,true,2024-05-24T17:41:02Z,2025-12-24T13:44:06Z,2024-07-18T07:52:16Z,\N,1,assert
acme:person:e000058~b403c432ba49,person,acme,E000058,Carla Quintero,Analyst,DEPT-18,false,2024-07-09T00:32:00Z,\N,2024-07-19T06:13:01Z,\N,1,assert
acme:person:e001654~2b86faacd92b,person,acme,E001654,Leila Weiss,Manager,CC-0013,false,2024-07-19T00:53:44Z,\N,2024-07-19T00:53:44Z,\N,1,assert
acme:person:e001272~6758dffead8e,person,acme,E001272,Zara Zhang,Engineer,DEPT-20,false,2024-05-27T21:59:23Z,\N,2024-07-20T06:49:55Z,\N,1,assert
acme:person:e003304~7db28b66fe8a,person,acme,E003304,Xenia Zhang,Technician,DEPT-07,true,2024-06-14T21:20:09Z,2026-03-10T22:38:19Z,2024-07-20T17:51:59Z,\N,1,assert
acme:person:e000093~93e6d8ae0c4e,person,acme,E000093,Fatima Pereira,Buyer,DEPT-13,false,2024-05-29T13:17:54Z,\N,2024-07-21T01:26:37Z,\N,1,assert
acme:person:e000244~b1c999192e2e,person,acme,E000244,Elena Pereira,Buyer,DEPT-10,false,2024-06-13T02:56:39Z,\N,2024-07-22T19:01:43Z,\N,1,assert
acme:person:e000846~a6af2499edc0,person,acme,E000846,Marcus Kovac,Technician,DEPT-01,true,2024-06-25T22:35:28Z,2026-11-18T14:09:23Z,2024-07-23T06:09:11Z,\N,1,assert
acme:person:e000785~dc5c59c84a80,person,acme,E000785,Bruno Mbatha,Buyer,DEPT-06,false,2024-06-13T08:20:52Z,\N,2024-07-24T06:03:42Z,\N,1,assert
acme:person:e003039~1dae35b98557,person,acme,E003039,Chidi Mbatha,Technician,DEPT-23,false,2024-06-01T15:11:43Z,\N,2024-07-24T02:00:06Z,\N,1,assert
acme:person:e003482~33d549557669,person,acme,E003482,Dmitri Jablonski,Engineer,DEPT-08,true,2024-06-20T20:48:03Z,2026-09-10T03:28:58Z,2024-07-24T10:34:23Z,\N,1,assert
acme:person:e003908~e1f56de3802a,person,acme,E003908,Ada Baptiste,Auditor,DEPT-08,false,2024-07-21T02:57:33Z,\N,2024-07-24T19:25:41Z,\N,1,assert
acme:person:e003554~1aff03684e54,person,acme,E003554,Mira Quintero,Buyer,CC-0005,false,2024-06-10T13:57:40Z,\N,2024-07-26T06:41:00Z,\N,1,assert
acme:person:e000226~d2f9560f8b60,person,acme,E000226,Nadia Schneider,Analyst,CC-0014,false,2024-06-22T19:45:51Z,\N,2024-07-29T17:32:57Z,\N,1,assert
acme:person:e000759~2b295df40e20,person,acme,E000759,Farid Gundersen,Buyer,CC-0007,false,2024-06-09T07:52:19Z,\N,2024-07-29T04:13:49Z,\N,1,assert
acme:person:e003426~1778954041b8,person,acme,E003426,Kwame Okonkwo,Analyst,DEPT-03,false,2024-06-09T21:51:15Z,\N,2024-07-29T05:07:46Z,\N,1,assert
acme:person:e002161~14179e3a1afb,person,acme,E002161,Jonas Silvestri,Engineer,DEPT-17,true,2024-07-27T08:12:28Z,2025-08-22T14:35:47Z,2024-07-29T22:59:34Z,\N,1,assert
acme:person:e003515~61a390da659c,person,acme,E003515,Bruno Mbatha,Manager,DEPT-07,false,2024-07-14T18:34:59Z,\N,2024-07-30T16:11:00Z,\N,1,assert
acme:person:e001136~2abbc258cfd4,person,acme,E001136,Zara Ueda,Manager,DEPT-01,false,2024-07-21T17:08:49Z,\N,2024-07-31T15:29:55Z,\N,1,assert
acme:person:e002104~8cf17806b1bd,person,acme,E002104,Elena Santos,Buyer,DEPT-16,false,2024-07-27T12:24:07Z,\N,2024-07-31T05:53:16Z,\N,1,assert
acme:person:e002733~41b33e547741,person,acme,E002733,Yusuf Abbott,Architect,DEPT-20,false,2024-06-07T14:40:06Z,\N,2024-07-31T13:14:21Z,\N,1,assert
acme:person:e003074~d37b8784abdf,person,acme,E003074,Mira Jablonski,Analyst,DEPT-18,false,2024-07-08T03:40:37Z,\N,2024-08-01T20:20:26Z,\N,1,assert
acme:person:e000688~8dfdc8ca1ac3,person,acme,E000688,Ibrahim Abbott,Engineer,DEPT-20,false,2024-06-14T12:05:52Z,\N,2024-08-02T22:12:26Z,\N,1,assert
acme:person:e000778~d3687237ab78,person,acme,E000778,Alan Baptiste,Technician,DEPT-03,false,2024-06-11T07:34:23Z,\N,2024-08-02T20:43:28Z,\N,1,assert
acme:person:e000156~b10dc9f67641,person,acme,E000156,Rafael Nakamura,Analyst,DEPT-22,false,2024-06-28T09:08:15Z,\N,2024-08-03T21:07:35Z,\N,1,assert
acme:person:e002323~273d752310f2,person,acme,E002323,Oliver Thorsen,Analyst,DEPT-10,false,2024-07-03T08:47:14Z,\N,2024-08-04T17:51:23Z,\N,1,assert
acme:person:e003194~4c86fdab57f5,person,acme,E003194,Priya Mbatha,Manager,CC-0013,false,2024-07-31T02:55:08Z,\N,2024-08-05T21:27:01Z,\N,1,assert
acme:person:e003298~03f72774a320,person,acme,E003298,Anika Mbatha,Engineer,CC-0003,false,2024-07-27T11:48:13Z,\N,2024-08-05T14:03:08Z,\N,1,assert
acme:person:e001386~45f687588cfe,person,acme,E001386,Lucia Okonkwo,Engineer,DEPT-11,false,2024-07-09T15:26:24Z,\N,2024-08-06T19:31:28Z,\N,1,assert
acme:person:e002684~69f225ecba91,person,acme,E002684,Nadia Silvestri,Manager,DEPT-19,false,2024-06-23T02:24:08Z,\N,2024-08-06T02:49:50Z,\N,1,assert
acme:person:e002654~99dbc8c6a6a2,person,acme,E002654,Marcus Abbott,Technician,DEPT-01,false,2024-07-05T11:06:44Z,\N,2024-08-08T15:29:54Z,\N,1,assert
acme:person:e000096~a26de8a37fe4,person,acme,E000096,Samir Gallagher,Engineer,DEPT-13,false,2024-07-18T03:31:30Z,\N,2024-08-09T02:09:52Z,\N,1,assert
acme:person:e000877~465763474838,person,acme,E000877,Kwame Eberhardt,Buyer,DEPT-04,false,2024-07-19T14:52:38Z,\N,2024-08-09T20:07:04Z,\N,1,assert
acme:person:e000266~284542b5b96f,person,acme,E000266,Kwame Wagner,Analyst,DEPT-15,false,2024-06-24T12:13:33Z,\N,2024-08-11T06:14:10Z,\N,1,assert
acme:person:e001033~8e17bad3397d,person,acme,E001033,Ada Okonkwo,Analyst,DEPT-19,false,2024-07-25T08:43:08Z,\N,2024-08-12T13:40:33Z,\N,1,assert
acme:person:e001077~22b356127b8c,person,acme,E001077,Leila Silvestri,Auditor,DEPT-22,false,2024-07-11T17:50:52Z,\N,2024-08-12T09:46:32Z,\N,1,assert
acme:person:e002568~69f365e855cb,person,acme,E002568,Quinn Ueda,Analyst,CC-0003,false,2024-06-21T17:19:53Z,\N,2024-08-12T00:05:33Z,\N,1,assert
acme:person:e002959~1cb8144c107b,person,acme,E002959,Carla Kaminski,Architect,DEPT-23,false,2024-06-21T03:08:59Z,\N,2024-08-12T20:30:09Z,\N,1,assert
acme:person:e000212~a2ff2506a6ed,person,acme,E000212,Quinn Santos,Engineer,DEPT-16,false,2024-07-14T10:25:17Z,\N,2024-08-13T06:00:53Z,\N,1,assert
acme:person:e002878~68f1eec426ec,person,acme,E002878,Anders Haddad,Buyer,DEPT-19,false,2024-07-14T05:12:30Z,\N,2024-08-13T01:53:12Z,\N,1,assert
acme:person:e000572~55db6599c8d9,person,acme,E000572,Lucia Lindqvist,Analyst,DEPT-24,false,2024-08-02T14:17:02Z,\N,2024-08-15T07:47:58Z,\N,1,assert
acme:person:e003504~8c6e5006d32e,person,acme,E003504,Nadia Schneider,Architect,DEPT-19,false,2024-06-29T08:16:55Z,\N,2024-08-15T01:06:59Z,\N,1,assert
acme:person:e001941~ea7bc4bd0ba9,person,acme,E001941,Marcus Novak,Auditor,DEPT-04,false,2024-07-06T19:37:54Z,\N,2024-08-16T20:39:54Z,\N,1,assert
acme:person:e002191~921408a83224,person,acme,E002191,Amara Tanaka,Architect,CC-0004,false,2024-06-20T18:55:24Z,\N,2024-08-16T09:39:20Z,\N,1,assert
acme:person:e000448~5d06399dadc0,person,acme,E000448,Mira Ueda,Engineer,DEPT-10,false,2024-07-22T03:49:50Z,\N,2024-08-17T13:53:01Z,\N,1,assert
acme:person:e001028~050aef8cdfab,person,acme,E001028,Farid Vaughan,Analyst,CC-0003,false,2024-07-14T23:46:48Z,\N,2024-08-17T00:18:40Z,\N,1,assert
acme:person:e002357~8e2be8c8385b,person,acme,E002357,Farid Schneider,Engineer,DEPT-08,false,2024-08-15T04:53:57Z,\N,2024-08-17T17:44:16Z,\N,1,assert
acme:person:e003382~a6afbcb88bc4,person,acme,E003382,Elena Nakamura,Auditor,CC-0007,false,2024-06-24T23:59:38Z,\N,2024-08-17T18:23:34Z,\N,1,assert
acme:person:e003864~121f7991d962,person,acme,E003864,Dmitri Bergstrom,Technician,DEPT-09,false,2024-07-27T11:10:51Z,\N,2024-08-17T00:46:41Z,\N,1,assert
acme:person:e000340~8c90c5c40243,person,acme,E000340,Renata Kovac,Technician,CC-0001,true,2024-07-12T06:51:18Z,2025-07-17T20:53:49Z,2024-08-18T06:28:08Z,\N,1,assert
acme:person:e001749~c304940e8b87,person,acme,E001749,Chidi Nakamura,Architect,DEPT-15,false,2024-06-28T21:05:46Z,\N,2024-08-18T13:30:53Z,\N,1,assert
acme:person:e003905~d462a31ebac5,person,acme,E003905,Carla Jablonski,Architect,CC-0004,false,2024-07-05T15:44:03Z,\N,2024-08-18T07:28:39Z,\N,1,assert
acme:person:e001926~68557267f592,person,acme,E001926,Felix Lindqvist,Manager,DEPT-14,false,2024-07-22T22:34:38Z,\N,2024-08-19T20:04:57Z,\N,1,assert
acme:person:e002387~303a03d80519,person,acme,E002387,Oliver Novak,Manager,DEPT-19,false,2024-07-28T18:11:56Z,\N,2024-08-19T17:39:27Z,\N,1,assert
acme:person:e001653~83ec5b57d6fb,person,acme,E001653,Yusuf Baptiste,Manager,CC-0011,false,2024-08-09T12:24:43Z,\N,2024-08-20T17:21:21Z,\N,1,assert
acme:person:e002500~8a37ab027561,person,acme,E002500,Farid Weiss,Architect,DEPT-17,false,2024-08-20T11:00:22Z,\N,2024-08-20T11:00:22Z,\N,1,assert
acme:person:e002768~1d20dc8ab8c9,person,acme,E002768,Mira Gundersen,Buyer,CC-0005,false,2024-08-18T15:58:09Z,\N,2024-08-20T11:58:27Z,\N,1,assert
acme:person:e000746~e53d2be783d5,person,acme,E000746,Bruno Okonkwo,Auditor,DEPT-24,false,2024-06-24T16:36:57Z,\N,2024-08-21T16:44:46Z,\N,1,assert
acme:person:e000843~35a127148d79,person,acme,E000843,Amara Nakamura,Manager,DEPT-16,false,2024-08-13T14:03:00Z,\N,2024-08-21T16:53:44Z,\N,1,assert
acme:person:e002354~68ff3583ef5e,person,acme,E002354,Wen Gundersen,Architect,DEPT-17,false,2024-07-07T08:11:37Z,\N,2024-08-21T06:57:41Z,\N,1,assert
acme:person:e002686~326c155b4b73,person,acme,E002686,Bruno Okonkwo,Analyst,DEPT-06,false,2024-07-09T00:13:16Z,\N,2024-08-21T17:03:28Z,\N,1,assert
acme:person:e000684~bd611f62cd17,person,acme,E000684,Yusuf Santos,Auditor,CC-0010,false,2024-07-02T11:12:43Z,\N,2024-08-22T11:48:01Z,\N,1,assert
acme:person:e002702~6b7d2c060300,person,acme,E002702,Elena Thorsen,Analyst,DEPT-21,false,2024-06-24T02:01:54Z,\N,2024-08-22T04:14:11Z,\N,1,assert
acme:person:e001894~f48f52330664,person,acme,E001894,Lars Jablonski,Manager,DEPT-15,false,2024-07-25T20:43:15Z,\N,2024-08-25T07:15:38Z,\N,1,assert
acme:person:e001433~1edecd7495df,person,acme,E001433,Bruno Marchetti,Engineer,CC-0004,false,2024-07-17T23:55:06Z,\N,2024-08-26T23:38:04Z,\N,1,assert
acme:person:e003398~2777e0da2323,person,acme,E003398,Zara Mbatha,Auditor,CC-0003,false,2024-08-21T04:57:59Z,\N,2024-08-27T11:02:12Z,\N,1,assert
acme:person:e000228~2c60b67fef4b,person,acme,E000228,Felix Thorsen,Manager,DEPT-20,false,2024-08-24T14:16:39Z,\N,2024-08-28T17:49:15Z,\N,1,assert
acme:person:e001314~8e19ee69ef40,person,acme,E001314,Marcus Marchetti,Engineer,CC-0010,false,2024-08-20T20:04:32Z,\N,2024-08-28T03:53:13Z,\N,1,assert
acme:person:e002740~50af9d055fb8,person,acme,E002740,Oliver Schneider,Analyst,CC-0013,false,2024-08-04T03:11:36Z,\N,2024-08-28T10:23:34Z,\N,1,assert
acme:person:e002200~00ed94a23cbe,person,acme,E002200,Paola Ueda,Architect,CC-0009,false,2024-08-08T02:16:00Z,\N,2024-08-29T21:12:05Z,\N,1,assert
acme:person:e000068~9aae7a18d379,person,acme,E000068,Oliver Tanaka,Buyer,CC-0008,false,2024-08-09T07:39:24Z,\N,2024-08-30T11:11:42Z,\N,1,assert
acme:person:e000663~2a2c7f1c28d0,person,acme,E000663,Quinn Gundersen,Auditor,DEPT-04,false,2024-07-21T06:59:36Z,\N,2024-08-30T16:17:35Z,\N,1,assert
acme:person:e001159~5f999b3e04db,person,acme,E001159,Elena Jablonski,Analyst,CC-0012,false,2024-08-27T09:23:07Z,\N,2024-08-31T19:22:53Z,\N,1,assert
acme:person:e002722~b51750d79155,person,acme,E002722,Alan Schneider,Auditor,DEPT-04,false,2024-07-12T01:09:13Z,\N,2024-08-31T11:11:18Z,\N,1,assert
acme:person:e001369~cd9237843c22,person,acme,E001369,Ingrid Okonkwo,Architect,DEPT-18,false,2024-08-11T19:15:24Z,\N,2024-09-01T06:52:48Z,\N,1,assert
acme:person:e002695~b576b9173171,person,acme,E002695,Vikram Schneider,Engineer,DEPT-21,false,2024-08-05T11:42:48Z,\N,2024-09-02T22:53:58Z,\N,1,assert
acme:person:e001305~96ae89288595,person,acme,E001305,Felix Haddad,Engineer,CC-0001,false,2024-08-18T08:13:15Z,\N,2024-09-03T06:36:48Z,\N,1,assert
acme:person:e002559~c8e9cd60e8a1,person,acme,E002559,Zara Weiss,Technician,CC-0001,false,2024-08-14T22:34:13Z,\N,2024-09-04T21:54:30Z,\N,1,assert
acme:person:e002995~e7736f8120c3,person,acme,E002995,Alan Mbatha,Auditor,CC-0014,false,2024-07-15T20:42:48Z,\N,2024-09-04T14:13:06Z,\N,1,assert
acme:person:e003767~7a27d8aa5c74,person,acme,E003767,Zara Bergstrom,Engineer,CC-0006,false,2024-08-20T17:01:38Z,\N,2024-09-05T20:22:40Z,\N,1,assert
acme:person:e001794~7df6fbac7a31,person,acme,E001794,Amara Gundersen,Technician,DEPT-16,true,2024-08-24T18:31:18Z,2027-03-06T03:19:34Z,2024-09-07T07:53:18Z,\N,1,assert
acme:person:e000933~c4075ac79acc,person,acme,E000933,Wen Okonkwo,Auditor,DEPT-04,false,2024-08-10T03:49:06Z,\N,2024-09-07T10:15:04Z,\N,1,assert
acme:person:e001754~7b6ff78aeab3,person,acme,E001754,Kwame Oyelaran,Analyst,DEPT-15,false,2024-08-22T12:00:56Z,\N,2024-09-07T07:09:06Z,\N,1,assert
acme:person:e001432~96d66a318099,person,acme,E001432,Rafael Castellanos,Technician,DEPT-06,false,2024-07-12T00:29:02Z,\N,2024-09-09T04:37:35Z,\N,1,assert
acme:person:e002555~3716c59b29bc,person,acme,E002555,Fatima Santos,Architect,DIV-CORP,false,2024-08-14T21:48:04Z,\N,2024-09-10T13:53:59Z,\N,1,assert
acme:person:e003048~8532c7b45cd1,person,acme,E003048,Alan Delacroix,Auditor,CC-0011,false,2024-09-09T12:07:49Z,\N,2024-09-10T07:16:12Z,\N,1,assert
acme:person:e000330~78f6318e120d,person,acme,E000330,Chidi Chowdhury,Buyer,CC-0002,false,2024-07-27T02:43:48Z,\N,2024-09-11T14:16:56Z,\N,1,assert
acme:person:e001471~a86e8c188985,person,acme,E001471,Gita Novak,Manager,CC-0001,false,2024-07-26T16:57:34Z,\N,2024-09-13T18:06:46Z,\N,1,assert
acme:person:e000773~0540dcc3c615,person,acme,E000773,Oliver Gundersen,Buyer,DEPT-10,false,2024-09-07T20:29:38Z,\N,2024-09-14T18:29:07Z,\N,1,assert
acme:person:e001748~5db3b0ed378f,person,acme,E001748,Yusuf Gallagher,Manager,DEPT-03,false,2024-09-09T23:50:41Z,\N,2024-09-14T02:30:49Z,\N,1,assert
acme:person:e001391~0e303970609b,person,acme,E001391,Yusuf Wagner,Auditor,DEPT-20,false,2024-08-03T12:53:06Z,\N,2024-09-15T14:37:00Z,\N,1,assert
acme:person:e000557~1daa00680b51,person,acme,E000557,Liam Ueda,Auditor,CC-0008,false,2024-08-01T11:57:40Z,\N,2024-09-16T09:06:42Z,\N,1,assert
acme:person:e000922~a87cdeefc598,person,acme,E000922,Liam Zhang,Technician,DEPT-07,false,2024-08-17T04:56:54Z,\N,2024-09-16T23:56:29Z,\N,1,assert
acme:person:e002742~e7001f18258d,person,acme,E002742,Farid Fontaine,Buyer,DEPT-14,true,2024-08-09T10:20:22Z,2024-10-20T16:37:52Z,2024-09-17T02:37:07Z,\N,1,assert
acme:person:e001351~62e17ffdb0f4,person,acme,E001351,Jonas Rasmussen,Auditor,DEPT-07,false,2024-08-19T06:06:32Z,\N,2024-09-17T18:41:02Z,\N,1,assert
acme:person:e002033~a9114b105f61,person,acme,E002033,Mira Tanaka,Buyer,CC-0008,false,2024-08-06T19:49:49Z,\N,2024-09-17T18:18:44Z,\N,1,assert
acme:person:e001056~77636434797e,person,acme,E001056,Nadia Quintero,Analyst,DEPT-18,false,2024-07-23T00:06:53Z,\N,2024-09-18T02:29:55Z,\N,1,assert
acme:person:e001199~13a4276e1d41,person,acme,E001199,Kwame Wagner,Technician,CC-0004,false,2024-09-11T07:55:40Z,\N,2024-09-18T07:24:33Z,\N,1,assert
acme:person:e002842~89c535386e4b,person,acme,E002842,Lars Yilmaz,Analyst,DEPT-17,false,2024-07-29T02:00:29Z,\N,2024-09-18T01:29:13Z,\N,1,assert
acme:person:e000069~49f57d89dfe0,person,acme,E000069,Bruno Kovac,Auditor,CC-0011,false,2024-09-15T20:04:41Z,\N,2024-09-19T14:44:13Z,\N,1,assert
acme:person:e000503~7041cf1357b5,person,acme,E000503,Hugo Nakamura,Manager,DEPT-08,false,2024-09-19T22:27:48Z,\N,2024-09-19T22:27:48Z,\N,1,assert
acme:person:e003481~773c21a046d3,person,acme,E003481,Sofia Delacroix,Architect,CC-0001,false,2024-08-18T18:20:38Z,\N,2024-09-20T15:26:08Z,\N,1,assert
acme:person:e003889~80fa166f4016,person,acme,E003889,Mira Zhang,Technician,DEPT-04,false,2024-09-13T18:52:14Z,\N,2024-09-20T06:36:46Z,\N,1,assert
acme:person:e000754~403123b41e5e,person,acme,E000754,Mira Okonkwo,Technician,CC-0006,false,2024-08-24T08:56:21Z,\N,2024-09-21T04:48:58Z,\N,1,assert
acme:person:e002199~1494620aceeb,person,acme,E002199,Oliver Eberhardt,Technician,CC-0006,false,2024-09-06T00:37:52Z,\N,2024-09-22T15:34:29Z,\N,1,assert
acme:person:e002061~20b494c5bcf6,person,acme,E002061,Liam Ueda,Technician,CC-0012,true,2024-09-09T14:10:19Z,2025-06-27T02:21:21Z,2024-09-23T21:59:18Z,\N,1,assert
acme:person:e000594~a3ed7fee56f7,person,acme,E000594,Lucia Zhang,Auditor,CC-0011,false,2024-08-18T13:50:12Z,\N,2024-09-24T00:39:27Z,\N,1,assert
acme:person:e000163~2d4af25eedbe,person,acme,E000163,Liam Oyelaran,Engineer,DEPT-13,false,2024-09-22T21:59:31Z,\N,2024-09-24T07:13:41Z,\N,1,assert
acme:person:e001987~7dccb5364a1e,person,acme,E001987,Zara Castellanos,Auditor,CC-0006,false,2024-08-05T04:39:14Z,\N,2024-09-24T06:55:19Z,\N,1,assert
acme:person:e001309~c547c4619d3a,person,acme,E001309,Noor Haddad,Manager,DEPT-22,false,2024-08-18T04:52:09Z,\N,2024-09-27T00:30:52Z,\N,1,assert
acme:person:e002860~b4d5a6c5ddc1,person,acme,E002860,Rafael Schneider,Buyer,CC-0008,false,2024-08-06T21:13:46Z,\N,2024-09-27T14:38:56Z,\N,1,assert
acme:person:e001183~241c5276137a,person,acme,E001183,Quinn Weiss,Engineer,DEPT-01,false,2024-09-13T17:16:19Z,\N,2024-09-28T20:15:23Z,\N,1,assert
acme:person:e001642~440e1f7c0aeb,person,acme,E001642,Rafael Castellanos,Analyst,DEPT-03,false,2024-08-28T01:59:55Z,\N,2024-09-28T18:30:55Z,\N,1,assert
acme:person:e002056~3c6249a47aa7,person,acme,E002056,Ada Kovac,Buyer,DEPT-06,false,2024-09-26T09:21:53Z,\N,2024-09-29T18:04:06Z,\N,1,assert
acme:person:e001169~3ea46e3d1620,person,acme,E001169,Chidi Jablonski,Manager,DEPT-09,false,2024-08-23T18:35:12Z,\N,2024-09-30T00:57:16Z,\N,1,assert
acme:person:e002174~0dcb186b46ff,person,acme,E002174,Liam Yilmaz,Buyer,CC-0008,false,2024-09-01T17:17:35Z,\N,2024-09-30T22:43:22Z,\N,1,assert
acme:person:e002368~b4ce61aedd44,person,acme,E002368,Yara Kaminski,Analyst,DEPT-06,false,2024-08-31T17:11:37Z,\N,2024-09-30T13:42:17Z,\N,1,assert
acme:person:e002516~b0f8fdfc911b,person,acme,E002516,Anika Marchetti,Analyst,CC-0014,false,2024-09-16T23:26:27Z,\N,2024-09-30T05:37:46Z,\N,1,assert
acme:person:e001640~22de4fa5c4cc,person,acme,E001640,Sofia Mbatha,Buyer,DEPT-05,false,2024-08-23T13:07:56Z,\N,2024-10-02T10:18:47Z,\N,1,assert
acme:person:e002510~c617e0de1011,person,acme,E002510,Carla Castellanos,Architect,DEPT-17,false,2024-09-18T16:38:02Z,\N,2024-10-03T16:11:59Z,\N,1,assert
acme:person:e000314~636c01788910,person,acme,E000314,Gita Mbatha,Architect,DEPT-16,false,2024-09-11T04:31:03Z,\N,2024-10-04T11:30:56Z,\N,1,assert
acme:person:e003269~0b177a326aaa,person,acme,E003269,Ursula Weiss,Auditor,DEPT-03,false,2024-10-04T16:36:54Z,\N,2024-10-04T16:36:54Z,\N,1,assert
acme:person:e001026~27abd9046fc2,person,acme,E001026,Felix Oyelaran,Buyer,DEPT-20,false,2024-09-15T13:06:51Z,\N,2024-10-05T08:55:41Z,\N,1,assert
acme:person:e001751~3c25bac1da11,person,acme,E001751,Noor Gundersen,Engineer,DEPT-24,false,2024-09-02T06:38:00Z,\N,2024-10-05T19:20:09Z,\N,1,assert
acme:person:e001458~1d6ce2085cf0,person,acme,E001458,Liam Rasmussen,Engineer,DEPT-17,true,2024-09-25T06:12:22Z,2026-05-06T14:36:31Z,2024-10-06T09:12:39Z,\N,1,assert
acme:person:e001535~4a4ca41b129a,person,acme,E001535,Leila Schneider,Buyer,CC-0003,false,2024-09-30T02:28:45Z,\N,2024-10-08T12:38:51Z,\N,1,assert
acme:person:e003011~e5b837d5d996,person,acme,E003011,Farid Ivanova,Engineer,DIV-CORP,false,2024-08-09T19:42:30Z,\N,2024-10-08T03:51:40Z,\N,1,assert
acme:person:e003240~b5a3aed5e29c,person,acme,E003240,Nadia Yilmaz,Auditor,DEPT-19,false,2024-10-09T02:54:36Z,\N,2024-10-09T02:54:36Z,\N,1,assert
acme:person:e003280~6bb1c14a42c0,person,acme,E003280,Yusuf Castellanos,Architect,DEPT-19,false,2024-10-06T09:09:00Z,\N,2024-10-09T08:42:46Z,\N,1,assert
acme:person:e000397~831e21a61059,person,acme,E000397,Felix Delacroix,Architect,CC-0012,false,2024-09-06T02:41:39Z,\N,2024-10-09T12:37:36Z,\N,1,assert
acme:person:e000647~031bd57847ef,person,acme,E000647,Kwame Wagner,Architect,CC-0009,false,2024-09-30T12:10:25Z,\N,2024-10-09T16:57:17Z,\N,1,assert
acme:person:e001726~a418e153d3cb,person,acme,E001726,Anika Kaminski,Manager,DEPT-09,false,2024-09-08T17:05:08Z,\N,2024-10-09T10:45:00Z,\N,1,assert
acme:person:e003455~567e7a378b10,person,acme,E003455,Mira Fontaine,Engineer,CC-0004,false,2024-10-09T18:58:09Z,\N,2024-10-10T06:50:50Z,\N,1,assert
acme:person:e001758~9798570d2425,person,acme,E001758,Kwame Nakamura,Engineer,DEPT-10,false,2024-10-04T02:18:35Z,\N,2024-10-11T01:23:39Z,\N,1,assert
acme:person:e002645~da20a3a8fc58,person,acme,E002645,Bruno Pereira,Buyer,DEPT-16,true,2024-10-11T11:32:57Z,2027-03-05T13:16:01Z,2024-10-12T00:37:09Z,\N,1,assert
acme:person:e000776~bb3a2fe92cee,person,acme,E000776,Yusuf Schneider,Engineer,DEPT-24,false,2024-09-29T00:47:47Z,\N,2024-10-12T15:07:46Z,\N,1,assert
acme:person:e000792~ffc03b60526d,person,acme,E000792,Clara Delacroix,Technician,CC-0009,false,2024-08-26T22:35:57Z,\N,2024-10-13T00:15:12Z,\N,1,assert
acme:person:e000813~deb3a134d7e3,person,acme,E000813,Anika Kovac,Technician,DEPT-14,false,2024-10-03T05:36:31Z,\N,2024-10-15T18:51:05Z,\N,1,assert
acme:person:e002900~77750c22f5d4,person,acme,E002900,Lucia Fontaine,Analyst,DEPT-16,false,2024-10-09T05:48:50Z,\N,2024-10-15T22:01:49Z,\N,1,assert
acme:person:e000371~d6fe7cb354d8,person,acme,E000371,Lars Haddad,Buyer,DIV-CORP,true,2024-09-23T22:54:57Z,2025-10-29T17:14:36Z,2024-10-17T15:45:54Z,\N,1,assert
acme:person:e001955~9193b9cfaed8,person,acme,E001955,Nadia Bergstrom,Technician,DEPT-13,false,2024-10-18T13:41:34Z,\N,2024-10-18T13:41:34Z,\N,1,assert
acme:person:e002000~a6682eb23b5e,person,acme,E002000,Dmitri Okonkwo,Buyer,DEPT-19,false,2024-10-06T22:46:48Z,\N,2024-10-18T11:13:38Z,\N,1,assert
acme:person:e003706~c8b0e1a15e70,person,acme,E003706,Ingrid Baptiste,Buyer,DEPT-03,false,2024-09-19T00:28:15Z,\N,2024-10-18T23:55:21Z,\N,1,assert
acme:person:e002245~13dc1214927b,person,acme,E002245,Sofia Haddad,Technician,CC-0008,false,2024-08-24T11:51:58Z,\N,2024-10-19T12:09:27Z,\N,1,assert
acme:person:e001348~13fa9b1c326a,person,acme,E001348,Kwame Chowdhury,Engineer,DEPT-08,false,2024-09-08T13:01:19Z,\N,2024-10-20T19:42:54Z,\N,1,assert
acme:person:e001528~1bd61f695219,person,acme,E001528,Felix Okonkwo,Buyer,DEPT-07,false,2024-10-08T22:30:37Z,\N,2024-10-20T13:48:01Z,\N,1,assert
acme:person:e001662~af47dc08a278,person,acme,E001662,Yusuf Okonkwo,Technician,DEPT-21,false,2024-10-03T16:04:20Z,\N,2024-10-21T02:00:35Z,\N,1,assert
acme:person:e000236~e9ad12288fe2,person,acme,E000236,Zoltan Haddad,Auditor,DEPT-21,false,2024-09-12T17:19:35Z,\N,2024-10-23T22:20:27Z,\N,1,assert
acme:person:e001255~b7e587138aaf,person,acme,E001255,Bruno Novak,Manager,DEPT-12,false,2024-10-22T06:57:00Z,\N,2024-10-23T11:53:17Z,\N,1,assert
acme:person:e000980~73d7a467d2a1,person,acme,E000980,Amara Thorsen,Technician,DEPT-11,false,2024-10-06T17:42:38Z,\N,2024-10-29T22:11:47Z,\N,1,assert
acme:person:e003219~fae9facaf8bd,person,acme,E003219,Vikram Chowdhury,Technician,DEPT-02,true,2024-10-05T16:27:01Z,2026-04-07T10:52:54Z,2024-10-30T04:28:53Z,\N,1,assert
acme:person:e001993~e10e2b4d2303,person,acme,E001993,Leila Thorsen,Technician,DEPT-13,false,2024-09-11T11:32:21Z,\N,2024-10-30T21:04:00Z,\N,1,assert
acme:person:e002554~bac824f28093,person,acme,E002554,Hugo Vaughan,Manager,DEPT-03,false,2024-10-31T09:55:24Z,\N,2024-10-31T09:55:24Z,\N,1,assert
acme:person:e000895~73555b71b531,person,acme,E000895,Leila Gallagher,Technician,DEPT-20,false,2024-10-15T04:52:26Z,\N,2024-11-02T12:12:49Z,\N,1,assert
acme:person:e003547~ab1ecaedef66,person,acme,E003547,Elena Okonkwo,Buyer,CC-0009,false,2024-10-07T03:40:25Z,\N,2024-11-02T13:01:35Z,\N,1,assert
acme:person:e001759~2863a88333a6,person,acme,E001759,Priya Yilmaz,Auditor,DEPT-04,false,2024-09-11T03:37:57Z,\N,2024-11-04T05:41:41Z,\N,1,assert
acme:person:e001098~652913314a2e,person,acme,E001098,Renata Bergstrom,Analyst,DEPT-21,false,2024-10-30T18:43:36Z,\N,2024-11-05T00:44:48Z,\N,1,assert
acme:person:e002910~e17ca1b1a60d,person,acme,E002910,Zoltan Baptiste,Auditor,DEPT-15,false,2024-10-07T03:19:04Z,\N,2024-11-05T13:18:27Z,\N,1,assert
acme:person:e002241~6f5e2161e287,person,acme,E002241,Anders Lindqvist,Buyer,DEPT-20,false,2024-11-02T04:30:49Z,\N,2024-11-06T02:02:59Z,\N,1,assert
acme:person:e002423~81fdd30712d7,person,acme,E002423,Mira Thorsen,Manager,CC-0011,false,2024-10-04T10:12:32Z,\N,2024-11-06T03:57:19Z,\N,1,assert
acme:person:e003484~0ecf93d788f5,person,acme,E003484,Wen Marchetti,Analyst,CC-0004,false,2024-10-30T11:21:24Z,\N,2024-11-06T17:51:34Z,\N,1,assert
acme:person:e002365~9e857180c847,person,acme,E002365,Lars Nakamura,Buyer,DIV-CORP,true,2024-09-18T18:09:54Z,2026-05-06T06:51:46Z,2024-11-07T02:07:11Z,\N,1,assert
acme:person:e002770~ee776e96abac,person,acme,E002770,Felix Ivanova,Architect,DEPT-23,false,2024-10-06T16:25:34Z,\N,2024-11-07T22:21:21Z,\N,1,assert
acme:person:e003029~5268bb36a688,person,acme,E003029,Lucia Baptiste,Engineer,CC-0006,false,2024-09-28T01:31:24Z,\N,2024-11-08T06:07:41Z,\N,1,assert
acme:person:e002210~60e91ead29e4,person,acme,E002210,Jonas Tanaka,Buyer,DEPT-07,true,2024-10-12T05:44:24Z,2025-12-26T20:40:30Z,2024-11-08T19:10:28Z,\N,1,assert
acme:person:e000753~2244e9dfb0b5,person,acme,E000753,Paola Zhang,Manager,DEPT-13,false,2024-10-07T16:55:52Z,\N,2024-11-08T23:16:07Z,\N,1,assert
acme:person:e001838~b2a9d9f469f2,person,acme,E001838,Ingrid Gundersen,Manager,DEPT-15,false,2024-09-15T07:15:50Z,\N,2024-11-08T05:14:03Z,\N,1,assert
acme:person:e000022~ce20502b2abd,person,acme,E000022,Alan Tanaka,Analyst,DEPT-04,true,2024-10-26T23:26:04Z,2024-12-17T23:01:29Z,2024-11-10T07:20:19Z,\N,1,assert
acme:person:e000225~78fadfb44663,person,acme,E000225,Bruno Ivanova,Buyer,DEPT-02,false,2024-10-03T05:25:30Z,\N,2024-11-10T08:19:53Z,\N,1,assert
acme:person:e001034~e3a0ffa76b5c,person,acme,E001034,Gita Okonkwo,Architect,DEPT-15,false,2024-09-29T21:53:27Z,\N,2024-11-10T02:41:35Z,\N,1,assert
acme:person:e001872~8af3cd819e1f,person,acme,E001872,Lars Rasmussen,Technician,DEPT-14,false,2024-10-19T03:32:58Z,\N,2024-11-10T15:26:23Z,\N,1,assert
acme:person:e002526~2601017c7784,person,acme,E002526,Zara Jablonski,Analyst,CC-0012,false,2024-10-29T11:35:12Z,\N,2024-11-10T02:27:55Z,\N,1,assert
acme:person:e001164~31f9c7c8b26b,person,acme,E001164,Marcus Marchetti,Buyer,CC-0008,false,2024-09-21T15:19:10Z,\N,2024-11-11T08:53:24Z,\N,1,assert
acme:person:e001247~431f599d2b1b,person,acme,E001247,Amara Okonkwo,Auditor,DEPT-01,false,2024-10-19T05:36:47Z,\N,2024-11-11T14:02:37Z,\N,1,assert
acme:person:e002595~d7de354637aa,person,acme,E002595,Lars Ivanova,Buyer,DEPT-23,false,2024-09-14T16:48:40Z,\N,2024-11-11T04:48:54Z,\N,1,assert
acme:person:e002873~21126b7fa2fe,person,acme,E002873,Wen Gallagher,Analyst,DEPT-16,false,2024-11-07T21:33:51Z,\N,2024-11-11T11:08:00Z,\N,1,assert
acme:person:e003802~68de8e2aea27,person,acme,E003802,Chidi Jablonski,Architect,DEPT-07,false,2024-10-19T05:52:45Z,\N,2024-11-11T19:05:40Z,\N,1,assert
acme:person:e000436~b977a6e3b786,person,acme,E000436,Xenia Okonkwo,Auditor,DEPT-11,false,2024-10-13T19:56:37Z,\N,2024-11-13T15:04:14Z,\N,1,assert
acme:person:e000030~af794ce99a38,person,acme,E000030,Amara Zhang,Buyer,CC-0008,true,2024-10-12T22:00:36Z,2024-12-11T03:15:21Z,2024-11-13T20:19:25Z,\N,1,assert
acme:person:e002431~439cf90c829d,person,acme,E002431,Zoltan Castellanos,Engineer,DEPT-18,false,2024-10-22T08:28:12Z,\N,2024-11-14T02:25:23Z,\N,1,assert
acme:person:e003330~f1cc8990cdee,person,acme,E003330,Zara Tanaka,Analyst,DEPT-09,false,2024-09-18T08:37:07Z,\N,2024-11-14T04:50:31Z,\N,1,assert
acme:person:e000620~33e0bc336967,person,acme,E000620,Rafael Marchetti,Manager,CC-0007,false,2024-10-01T00:02:15Z,\N,2024-11-15T12:26:50Z,\N,1,assert
acme:person:e003310~02b6436f420b,person,acme,E003310,Ibrahim Marchetti,Engineer,DEPT-08,false,2024-09-30T02:22:27Z,\N,2024-11-15T19:18:58Z,\N,1,assert
acme:person:e003899~e01ae3aa6b80,person,acme,E003899,Carla Abbott,Architect,DEPT-05,false,2024-10-30T21:14:58Z,\N,2024-11-16T16:50:30Z,\N,1,assert
acme:person:e000556~46ff1b989218,person,acme,E000556,Vikram Mbatha,Technician,DIV-CORP,true,2024-11-11T09:42:40Z,2026-06-20T22:37:44Z,2024-11-17T16:35:41Z,\N,1,assert
acme:person:e000562~f7b84beb02bf,person,acme,E000562,Tomas Gallagher,Technician,CC-0002,false,2024-10-26T11:21:29Z,\N,2024-11-18T16:02:18Z,\N,1,assert
acme:person:e001719~8534017b8efd,person,acme,E001719,Lucia Bergstrom,Analyst,DEPT-19,false,2024-10-12T14:44:30Z,\N,2024-11-18T10:43:47Z,\N,1,assert
acme:person:e003614~8ec8c249e12d,person,acme,E003614,Hugo Abbott,Buyer,CC-0005,false,2024-10-02T22:28:51Z,\N,2024-11-18T16:03:09Z,\N,1,assert
acme:person:e002066~2ceb1c4448b1,person,acme,E002066,Zara Silvestri,Manager,CC-0013,false,2024-11-10T19:33:16Z,\N,2024-11-20T10:47:48Z,\N,1,assert
acme:person:e002962~84400ea4822e,person,acme,E002962,Amara Abbott,Auditor,DEPT-18,false,2024-11-17T01:28:41Z,\N,2024-11-21T05:17:52Z,\N,1,assert
acme:person:e003880~c757b1b3e4bf,person,acme,E003880,Zara Rasmussen,Technician,DEPT-09,false,2024-10-13T14:02:17Z,\N,2024-11-21T09:42:02Z,\N,1,assert
acme:person:e000213~4bbc6ab4317b,person,acme,E000213,Priya Haddad,Technician,DEPT-13,true,2024-11-07T01:06:47Z,2025-07-08T17:54:35Z,2024-11-22T10:49:13Z,\N,1,assert
acme:person:e000817~5c4bee472dba,person,acme,E000817,Sofia Castellanos,Analyst,DEPT-15,false,2024-09-26T04:59:23Z,\N,2024-11-22T11:11:37Z,\N,1,assert
acme:person:e002717~423cd94f9295,person,acme,E002717,Samir Castellanos,Analyst,CC-0012,false,2024-09-23T06:28:33Z,\N,2024-11-22T10:41:29Z,\N,1,assert
acme:person:e003247~b71a0fc5e886,person,acme,E003247,Zara Marchetti,Architect,DEPT-12,false,2024-10-25T13:14:29Z,\N,2024-11-22T06:36:02Z,\N,1,assert
acme:person:e002140~d26e797df911,person,acme,E002140,Ibrahim Pereira,Buyer,DEPT-19,false,2024-10-03T21:53:17Z,\N,2024-11-23T00:44:35Z,\N,1,assert
acme:person:e001937~e488fca10df6,person,acme,E001937,Ibrahim Vaughan,Analyst,CC-0005,false,2024-09-29T04:42:21Z,\N,2024-11-25T19:39:27Z,\N,1,assert
acme:person:e002082~01bd7cb4adfc,person,acme,E002082,Renata Tanaka,Analyst,DEPT-05,false,2024-10-13T14:10:37Z,\N,2024-11-25T08:32:08Z,\N,1,assert
acme:person:e003296~7f16c0640e2c,person,acme,E003296,Zoltan Ueda,Auditor,DEPT-07,false,2024-11-11T14:59:52Z,\N,2024-11-26T07:53:10Z,\N,1,assert
acme:person:e003806~2770ca87c2cb,person,acme,E003806,Anders Castellanos,Analyst,CC-0001,false,2024-11-18T06:12:38Z,\N,2024-11-26T12:37:25Z,\N,1,assert
acme:person:e003848~f5810cba21b4,person,acme,E003848,Clara Thorsen,Auditor,CC-0002,true,2024-11-13T05:09:34Z,2025-08-18T06:29:05Z,2024-11-26T16:02:30Z,\N,1,assert
acme:person:e001370~c5e87a4221ee,person,acme,E001370,Priya Haddad,Architect,DIV-CORP,false,2024-10-08T23:58:50Z,\N,2024-11-27T14:50:18Z,\N,1,assert
acme:person:e001953~f484666f9aa9,person,acme,E001953,Hugo Chowdhury,Analyst,DEPT-18,false,2024-10-15T11:41:20Z,\N,2024-11-27T00:15:49Z,\N,1,assert
acme:person:e000627~d95b1605f5cd,person,acme,E000627,Lars Haddad,Engineer,CC-0007,false,2024-11-12T07:20:31Z,\N,2024-11-28T03:10:43Z,\N,1,assert
acme:person:e001672~c51845fb4fa1,person,acme,E001672,Farid Bergstrom,Architect,DEPT-05,false,2024-11-17T01:09:39Z,\N,2024-11-28T20:06:10Z,\N,1,assert
acme:person:e000832~db313fd99f44,person,acme,E000832,Felix Oyelaran,Analyst,CC-0011,false,2024-11-26T02:53:22Z,\N,2024-11-30T04:55:47Z,\N,1,assert
acme:person:e003845~81a36472cefc,person,acme,E003845,Paola Schneider,Technician,DIV-CORP,false,2024-10-11T06:11:22Z,\N,2024-11-30T01:50:26Z,\N,1,assert
acme:person:e001725~20d6c811237f,person,acme,E001725,Tomas Eberhardt,Technician,DEPT-13,false,2024-11-18T21:20:15Z,\N,2024-12-01T16:58:17Z,\N,1,assert
acme:person:e002564~f480a61d7407,person,acme,E002564,Anders Ueda,Buyer,DEPT-15,false,2024-11-27T01:33:49Z,\N,2024-12-04T14:45:16Z,\N,1,assert
acme:person:e002086~1bb4f4ebbd37,person,acme,E002086,Elena Lindqvist,Engineer,DEPT-01,false,2024-12-04T16:59:38Z,\N,2024-12-04T16:59:38Z,\N,1,assert
acme:person:e000055~ad306ee4563c,person,acme,E000055,Elena Pereira,Architect,DEPT-04,false,2024-11-27T07:29:54Z,\N,2024-12-05T14:02:05Z,\N,1,assert
acme:person:e000828~d7e7ca81bc21,person,acme,E000828,Wen Quintero,Manager,DEPT-04,false,2024-11-18T07:01:15Z,\N,2024-12-06T08:42:14Z,\N,1,assert
acme:person:e002444~735a951d0369,person,acme,E002444,Gita Nakamura,Buyer,DEPT-11,false,2024-12-06T12:31:13Z,\N,2024-12-07T04:58:32Z,\N,1,assert
acme:person:e000474~5928631ba3a2,person,acme,E000474,Lucia Santos,Buyer,CC-0013,false,2024-11-05T14:33:41Z,\N,2024-12-08T07:24:15Z,\N,1,assert
acme:person:e001553~6b49cb6ebd19,person,acme,E001553,Anders Chowdhury,Technician,CC-0003,false,2024-10-09T15:47:25Z,\N,2024-12-08T16:16:38Z,\N,1,assert
acme:person:e001709~4440ab15885e,person,acme,E001709,Zoltan Oyelaran,Auditor,DEPT-06,false,2024-10-29T18:36:39Z,\N,2024-12-08T05:24:43Z,\N,1,assert
acme:person:e003758~2dc9cc9b3cc3,person,acme,E003758,Priya Kaminski,Technician,DEPT-17,false,2024-10-21T00:08:20Z,\N,2024-12-08T01:30:50Z,\N,1,assert
acme:person:e001078~1ea20ceb557e,person,acme,E001078,Ibrahim Eberhardt,Engineer,DEPT-19,false,2024-11-01T07:10:28Z,\N,2024-12-09T01:53:47Z,\N,1,assert
acme:person:e001234~26b8417dfb77,person,acme,E001234,Tomas Thorsen,Buyer,DEPT-15,false,2024-11-10T22:06:53Z,\N,2024-12-09T01:32:45Z,\N,1,assert
acme:person:e002930~942e69064a6f,person,acme,E002930,Rafael Weiss,Buyer,DEPT-02,false,2024-11-08T14:49:03Z,\N,2024-12-09T01:52:28Z,\N,1,assert
acme:person:e001353~c4b8ac98854a,person,acme,E001353,Yusuf Schneider,Technician,DEPT-15,false,2024-10-22T16:45:24Z,\N,2024-12-10T06:00:30Z,\N,1,assert
acme:person:e003458~e3922dec2318,person,acme,E003458,Yara Haddad,Manager,DEPT-23,false,2024-11-09T22:40:03Z,\N,2024-12-10T14:04:34Z,\N,1,assert
acme:person:e002957~e6e5cb020972,person,acme,E002957,Amara Haddad,Architect,DEPT-07,false,2024-10-28T11:21:24Z,\N,2024-12-11T08:56:06Z,\N,1,assert
acme:person:e003584~db65c4e663d1,person,acme,E003584,Gita Weiss,Buyer,CC-0003,false,2024-10-25T06:53:37Z,\N,2024-12-11T13:41:09Z,\N,1,assert
acme:person:e003619~9bd5f5def14e,person,acme,E003619,Farid Delacroix,Engineer,CC-0007,false,2024-11-24T00:08:53Z,\N,2024-12-11T16:56:56Z,\N,1,assert
acme:person:e003601~24ca5267d757,person,acme,E003601,Felix Jablonski,Buyer,CC-0007,false,2024-11-12T05:28:07Z,\N,2024-12-14T16:34:07Z,\N,1,assert
acme:person:e002216~7299739a7565,person,acme,E002216,Xenia Yilmaz,Architect,CC-0010,false,2024-10-23T19:08:58Z,\N,2024-12-15T21:37:15Z,\N,1,assert
acme:person:e000384~02007130654b,person,acme,E000384,Anika Ueda,Analyst,DEPT-19,false,2024-12-08T22:05:41Z,\N,2024-12-18T07:40:46Z,\N,1,assert
acme:person:e001530~896bf5668752,person,acme,E001530,Sofia Fontaine,Architect,CC-0006,false,2024-11-21T01:09:57Z,\N,2024-12-19T04:02:51Z,\N,1,assert
acme:person:e000192~da3a7dc0da91,person,acme,E000192,Jonas Haddad,Manager,CC-0008,false,2024-11-26T15:11:29Z,\N,2024-12-20T00:50:29Z,\N,1,assert
acme:person:e002851~5bcbea33a338,person,acme,E002851,Gita Wagner,Technician,CC-0010,false,2024-11-06T11:33:35Z,\N,2024-12-20T06:04:43Z,\N,1,assert
acme:person:e003067~a598b6f3b8ee,person,acme,E003067,Chidi Haddad,Manager,DEPT-14,false,2024-12-17T09:36:28Z,\N,2024-12-20T16:09:31Z,\N,1,assert
acme:person:e001766~68ea30bb9243,person,acme,E001766,Chidi Okonkwo,Manager,CC-0001,false,2024-10-31T22:46:27Z,\N,2024-12-21T18:18:13Z,\N,1,assert
acme:person:e001686~8ec88e57e573,person,acme,E001686,Wen Vaughan,Architect,DEPT-07,false,2024-11-29T23:46:21Z,\N,2024-12-22T04:49:10Z,\N,1,assert
acme:person:e003568~b1cf25b59e06,person,acme,E003568,Ada Gallagher,Auditor,CC-0011,false,2024-11-06T20:58:23Z,\N,2024-12-22T14:53:29Z,\N,1,assert
acme:person:e003826~4a4428538dba,person,acme,E003826,Sofia Ivanova,Analyst,DEPT-12,false,2024-11-23T22:17:52Z,\N,2024-12-22T15:38:50Z,\N,1,assert
acme:person:e001240~1bacc6ac0fb3,person,acme,E001240,Farid Kovac,Architect,CC-0008,false,2024-10-24T05:47:33Z,\N,2024-12-23T00:37:16Z,\N,1,assert
acme:person:e001707~c332988cb411,person,acme,E001707,Paola Delacroix,Buyer,DEPT-19,false,2024-10-26T03:33:40Z,\N,2024-12-23T02:57:55Z,\N,1,assert
acme:person:e002547~943645d94ffc,person,acme,E002547,Keiko Chowdhury,Technician,DEPT-06,false,2024-12-15T05:14:06Z,\N,2024-12-23T22:11:23Z,\N,1,assert
acme:person:e000224~3c862d57a7e7,person,acme,E000224,Rafael Weiss,Engineer,CC-0005,false,2024-12-12T11:47:45Z,\N,2024-12-24T13:13:57Z,\N,1,assert
acme:person:e000528~102a99e462ca,person,acme,E000528,Farid Schneider,Auditor,DEPT-08,false,2024-12-20T14:26:49Z,\N,2024-12-24T06:41:20Z,\N,1,assert
acme:person:e001036~9e92eb0d572b,person,acme,E001036,Yusuf Novak,Engineer,DEPT-08,false,2024-11-29T20:39:23Z,\N,2024-12-24T20:44:49Z,\N,1,assert
acme:person:e001331~0e3fcc0f6624,person,acme,E001331,Gita Wagner,Analyst,DEPT-08,false,2024-12-02T06:12:10Z,\N,2024-12-24T15:19:40Z,\N,1,assert
acme:person:e002804~12ce68110194,person,acme,E002804,Yusuf Lindqvist,Engineer,CC-0008,false,2024-11-10T11:14:55Z,\N,2024-12-25T06:25:22Z,\N,1,assert
acme:person:e001954~f4cfa6fc4e77,person,acme,E001954,Lars Castellanos,Analyst,DEPT-17,false,2024-11-20T12:13:46Z,\N,2024-12-26T04:38:49Z,\N,1,assert
acme:person:e003582~35a96d9fa919,person,acme,E003582,Gita Novak,Analyst,DEPT-06,false,2024-11-23T19:41:04Z,\N,2024-12-26T17:02:48Z,\N,1,assert
acme:person:e001334~f2c2f64629d9,person,acme,E001334,Ursula Bergstrom,Architect,CC-0001,false,2024-12-27T09:05:23Z,\N,2024-12-27T09:05:23Z,\N,1,assert
acme:person:e001755~f492938cfb6b,person,acme,E001755,Paola Schneider,Buyer,DEPT-11,false,2024-11-16T10:38:37Z,\N,2024-12-27T00:48:57Z,\N,1,assert
acme:person:e002236~b7f0286a0bcc,person,acme,E002236,Kwame Gundersen,Buyer,DEPT-24,false,2024-11-01T05:13:42Z,\N,2024-12-27T06:40:59Z,\N,1,assert
acme:person:e001445~d1e5c54b0dae,person,acme,E001445,Ada Thorsen,Architect,DEPT-09,false,2024-11-02T11:06:19Z,\N,2024-12-29T09:16:39Z,\N,1,assert
acme:person:e002668~3edb9c0154cc,person,acme,E002668,Oliver Chowdhury,Technician,CC-0002,false,2024-11-16T06:40:21Z,\N,2024-12-29T00:22:16Z,\N,1,assert
acme:person:e002622~3d330d8ae7b1,person,acme,E002622,Liam Santos,Auditor,DEPT-17,false,2024-11-25T19:47:05Z,\N,2024-12-30T15:50:18Z,\N,1,assert
acme:person:e001609~3721a99a8ebe,person,acme,E001609,Alan Ueda,Manager,CC-0003,false,2024-12-06T20:22:52Z,\N,2024-12-31T05:40:33Z,\N,1,assert
acme:person:e001630~49d270d5bebb,person,acme,E001630,Dmitri Castellanos,Auditor,DEPT-03,false,2024-12-04T11:18:42Z,\N,2024-12-31T10:34:28Z,\N,1,assert
acme:person:e003595~0843817e8563,person,acme,E003595,Clara Vaughan,Engineer,CC-0011,false,2024-11-20T01:11:15Z,\N,2024-12-31T17:57:57Z,\N,1,assert
acme:person:e001245~9ce1aa920d78,person,acme,E001245,Dmitri Ivanova,Technician,DEPT-09,false,2024-11-17T15:01:46Z,\N,2024-12-31T18:21:21Z,\N,1,assert
acme:person:e002040~cfb76bb4a96e,person,acme,E002040,Paola Castellanos,Engineer,CC-0011,false,2024-11-07T10:29:32Z,\N,2025-01-01T04:21:20Z,\N,1,assert
acme:person:e003329~249b0a0c3290,person,acme,E003329,Quinn Zhang,Auditor,DEPT-17,false,2024-11-30T06:12:51Z,\N,2025-01-01T11:22:51Z,\N,1,assert
acme:person:e001681~86a61a0ffca0,person,acme,E001681,Mira Delacroix,Analyst,DEPT-02,false,2024-12-08T15:16:06Z,\N,2025-01-02T06:35:34Z,\N,1,assert
acme:person:e000016~6293a233323a,person,acme,E000016,Bruno Schneider,Architect,CC-0002,false,2024-12-16T17:04:24Z,\N,2025-01-03T22:20:45Z,\N,1,assert
acme:person:e001013~46941ac53620,person,acme,E001013,Noor Gundersen,Manager,DEPT-13,false,2024-11-15T19:59:23Z,\N,2025-01-03T23:03:17Z,\N,1,assert
acme:person:e003841~9b6229d6b3ee,person,acme,E003841,Quinn Eberhardt,Buyer,CC-0009,false,2024-11-09T19:46:07Z,\N,2025-01-03T17:42:59Z,\N,1,assert
acme:person:e003206~3ac2d14b2054,person,acme,E003206,Ingrid Ueda,Auditor,CC-0011,false,2024-12-06T09:13:28Z,\N,2025-01-04T15:01:25Z,\N,1,assert
acme:person:e002180~7e19de48ec02,person,acme,E002180,Farid Abbott,Technician,DEPT-01,false,2025-01-04T18:12:21Z,\N,2025-01-05T09:05:34Z,\N,1,assert
acme:person:e002963~6ea697c18f8c,person,acme,E002963,Wen Weiss,Architect,DEPT-21,false,2024-12-03T17:21:10Z,\N,2025-01-05T18:38:21Z,\N,1,assert
acme:person:e003321~ae522c860157,person,acme,E003321,Ada Castellanos,Buyer,CC-0005,true,2024-11-27T20:18:47Z,2026-09-09T16:53:09Z,2025-01-06T19:22:23Z,\N,1,assert
acme:person:e001903~0f0f0f573387,person,acme,E001903,Sofia Tanaka,Technician,DEPT-18,false,2024-11-16T13:29:53Z,\N,2025-01-06T22:14:18Z,\N,1,assert
acme:person:e002291~444206b11880,person,acme,E002291,Clara Kaminski,Buyer,DEPT-12,false,2024-12-01T12:10:28Z,\N,2025-01-07T17:32:13Z,\N,1,assert
acme:person:e002248~eed1e6a6e6fa,person,acme,E002248,Kwame Zhang,Architect,DEPT-18,false,2024-11-17T09:59:37Z,\N,2025-01-11T02:42:17Z,\N,1,assert
acme:person:e002178~8055918b9079,person,acme,E002178,Yara Nakamura,Engineer,CC-0002,false,2024-12-21T14:07:30Z,\N,2025-01-12T20:38:07Z,\N,1,assert
acme:person:e002276~ee8d44ddf117,person,acme,E002276,Felix Baptiste,Manager,DIV-CORP,false,2024-12-12T09:09:04Z,\N,2025-01-12T02:15:33Z,\N,1,assert
acme:person:e002730~6b15e9d5ae21,person,acme,E002730,Ada Santos,Manager,DEPT-24,false,2025-01-03T19:29:38Z,\N,2025-01-12T13:46:58Z,\N,1,assert
acme:person:e003287~c7e28e487840,person,acme,E003287,Yara Yilmaz,Architect,DEPT-16,false,2025-01-11T21:15:56Z,\N,2025-01-12T10:30:13Z,\N,1,assert
acme:person:e000537~ba2a35239f71,person,acme,E000537,Samir Lindqvist,Buyer,DEPT-05,false,2024-12-21T23:11:13Z,\N,2025-01-14T06:20:13Z,\N,1,assert
acme:person:e003513~461ebd5ba23e,person,acme,E003513,Lucia Eberhardt,Analyst,DEPT-23,false,2024-12-02T10:13:21Z,\N,2025-01-16T12:23:18Z,\N,1,assert
acme:person:e003803~e07f6bbea9b0,person,acme,E003803,Carla Schneider,Architect,DEPT-04,false,2024-12-20T18:11:12Z,\N,2025-01-17T11:40:32Z,\N,1,assert
acme:person:e001135~4a2ba500d5b6,person,acme,E001135,Lars Okonkwo,Buyer,DEPT-15,false,2024-12-14T05:31:45Z,\N,2025-01-18T11:43:54Z,\N,1,assert
acme:person:e001335~5de6bc8246dc,person,acme,E001335,Yusuf Delacroix,Manager,CC-0004,false,2025-01-16T02:52:00Z,\N,2025-01-18T10:53:53Z,\N,1,assert
acme:person:e000598~dde5dca57fe3,person,acme,E000598,Leila Nakamura,Auditor,CC-0001,false,2025-01-03T12:37:20Z,\N,2025-01-19T16:11:18Z,\N,1,assert
acme:person:e001095~d1038346941e,person,acme,E001095,Rafael Pereira,Analyst,DEPT-11,false,2024-12-26T00:49:00Z,\N,2025-01-19T00:38:54Z,\N,1,assert
acme:person:e003198~3f2c1074309f,person,acme,E003198,Anders Thorsen,Buyer,DEPT-05,false,2025-01-16T12:22:48Z,\N,2025-01-20T19:03:22Z,\N,1,assert
acme:person:e003872~756de0c68ee8,person,acme,E003872,Amara Yilmaz,Manager,DEPT-18,false,2024-12-12T04:32:34Z,\N,2025-01-20T19:20:40Z,\N,1,assert
acme:person:e001961~117f914dbe72,person,acme,E001961,Paola Gundersen,Auditor,DEPT-16,false,2024-12-03T14:32:21Z,\N,2025-01-21T07:56:22Z,\N,1,assert
acme:person:e002019~107fe146737b,person,acme,E002019,Felix Bergstrom,Engineer,DEPT-12,false,2025-01-14T11:57:22Z,\N,2025-01-21T07:05:57Z,\N,1,assert
acme:person:e003718~3219f97cd6f3,person,acme,E003718,Leila Fontaine,Architect,DEPT-01,true,2025-01-20T05:30:15Z,2025-06-17T14:26:09Z,2025-01-21T10:10:46Z,\N,1,assert
acme:person:e000489~2464a1c55d83,person,acme,E000489,Kwame Ivanova,Architect,DEPT-11,false,2025-01-02T21:18:43Z,\N,2025-01-22T08:48:25Z,\N,1,assert
acme:person:e002448~7051fc596f77,person,acme,E002448,Anders Chowdhury,Technician,DEPT-01,false,2024-11-30T11:51:42Z,\N,2025-01-23T01:17:00Z,\N,1,assert
acme:person:e003506~c523e2101c97,person,acme,E003506,Gita Chowdhury,Architect,DEPT-17,false,2024-12-18T17:03:22Z,\N,2025-01-23T17:21:31Z,\N,1,assert
acme:person:e002859~4b1e6dc7c07c,person,acme,E002859,Vikram Marchetti,Technician,DEPT-23,false,2024-12-30T14:01:54Z,\N,2025-01-24T05:00:09Z,\N,1,assert
acme:person:e000850~85b468e5d70b,person,acme,E000850,Alan Tanaka,Technician,DEPT-12,false,2024-12-25T22:33:12Z,\N,2025-01-24T07:12:06Z,\N,1,assert
acme:person:e001693~ca38638aa47a,person,acme,E001693,Amara Tanaka,Architect,DEPT-01,false,2024-12-27T07:28:13Z,\N,2025-01-25T06:51:10Z,\N,1,assert
acme:person:e003520~82f9a5344916,person,acme,E003520,Zara Jablonski,Architect,DEPT-17,false,2024-12-05T04:06:16Z,\N,2025-01-25T20:37:14Z,\N,1,assert
acme:person:e001086~ad68ed564b5a,person,acme,E001086,Rafael Ueda,Technician,CC-0012,false,2025-01-11T00:58:50Z,\N,2025-01-26T21:37:26Z,\N,1,assert
acme:person:e001507~95b76ee47922,person,acme,E001507,Felix Ueda,Architect,DEPT-01,false,2025-01-16T20:30:54Z,\N,2025-01-26T03:55:11Z,\N,1,assert
acme:person:e002317~8b7816ac7f94,person,acme,E002317,Keiko Yilmaz,Engineer,DEPT-02,false,2024-12-05T07:28:33Z,\N,2025-01-26T23:06:57Z,\N,1,assert
acme:person:e000198~8b563bdfa450,person,acme,E000198,Carla Chowdhury,Technician,DEPT-11,false,2025-01-22T10:46:53Z,\N,2025-01-27T11:47:19Z,\N,1,assert
acme:person:e001289~35f5f107cd68,person,acme,E001289,Noor Lindqvist,Architect,DEPT-07,false,2025-01-22T06:45:02Z,\N,2025-01-27T04:30:14Z,\N,1,assert
acme:person:e003164~5388c2dc3710,person,acme,E003164,Gita Oyelaran,Manager,DEPT-01,false,2024-11-29T16:36:50Z,\N,2025-01-27T02:57:28Z,\N,1,assert
acme:person:e003234~88e6a45ab522,person,acme,E003234,Felix Yilmaz,Manager,CC-0014,false,2024-11-28T07:33:21Z,\N,2025-01-27T15:54:53Z,\N,1,assert
acme:person:e000642~d6ae89fad65f,person,acme,E000642,Leila Novak,Analyst,DEPT-09,false,2024-12-17T04:26:57Z,\N,2025-01-28T10:36:23Z,\N,1,assert
acme:person:e000450~1873038bba48,person,acme,E000450,Elena Marchetti,Auditor,DEPT-09,true,2025-01-04T18:11:00Z,2026-04-29T00:31:59Z,2025-01-28T14:30:20Z,\N,1,assert
acme:person:e001167~f757fc42bdf1,person,acme,E001167,Lars Nakamura,Engineer,DEPT-07,false,2024-12-04T12:38:15Z,\N,2025-01-29T19:05:24Z,\N,1,assert
acme:person:e001090~f3c5ac08adeb,person,acme,E001090,Amara Bergstrom,Architect,DEPT-23,false,2025-01-17T19:59:24Z,\N,2025-01-30T06:17:27Z,\N,1,assert
acme:person:e003581~2df65b5700ac,person,acme,E003581,Elena Rasmussen,Technician,DEPT-09,false,2025-01-18T05:47:08Z,\N,2025-01-30T05:46:39Z,\N,1,assert
acme:person:e000238~9c924906bd49,person,acme,E000238,Yara Ivanova,Buyer,DEPT-21,true,2025-01-29T03:09:10Z,2025-10-24T03:08:56Z,2025-01-30T18:44:09Z,\N,1,assert
acme:person:e002164~591b935080a9,person,acme,E002164,Felix Wagner,Buyer,CC-0010,false,2025-01-25T15:56:26Z,\N,2025-01-31T23:08:56Z,\N,1,assert
acme:person:e002950~2f90c63f212a,person,acme,E002950,Sofia Thorsen,Engineer,DEPT-08,false,2024-12-25T07:52:56Z,\N,2025-01-31T12:10:06Z,\N,1,assert
acme:person:e000951~4d30c86a9f5b,person,acme,E000951,Vikram Castellanos,Engineer,DEPT-16,false,2025-01-10T04:32:35Z,\N,2025-02-02T04:43:56Z,\N,1,assert
acme:person:e002572~597410d466a4,person,acme,E002572,Vikram Vaughan,Manager,CC-0011,false,2025-01-30T19:26:12Z,\N,2025-02-02T05:58:28Z,\N,1,assert
acme:person:e003253~71a398e7578f,person,acme,E003253,Ada Kovac,Architect,CC-0008,false,2024-12-16T15:50:33Z,\N,2025-02-02T15:24:46Z,\N,1,assert
acme:person:e003620~5d685d402d5f,person,acme,E003620,Lucia Fontaine,Technician,DEPT-01,false,2025-02-01T09:45:37Z,\N,2025-02-02T22:35:10Z,\N,1,assert
acme:person:e003815~9b77dba5283f,person,acme,E003815,Gita Castellanos,Engineer,CC-0008,false,2024-12-28T20:20:07Z,\N,2025-02-02T02:14:21Z,\N,1,assert
acme:person:e001572~d42e8306ad75,person,acme,E001572,Lars Abbott,Auditor,DEPT-18,false,2025-01-27T19:20:34Z,\N,2025-02-03T17:58:34Z,\N,1,assert
acme:person:e003128~5e031f679ee0,person,acme,E003128,Liam Silvestri,Engineer,CC-0012,false,2024-12-09T01:03:21Z,\N,2025-02-03T03:03:35Z,\N,1,assert
acme:person:e000373~566a191645a8,person,acme,E000373,Marcus Ueda,Auditor,DEPT-02,false,2025-01-09T00:35:58Z,\N,2025-02-04T12:01:07Z,\N,1,assert
acme:person:e003252~5527fa85e80e,person,acme,E003252,Alan Kaminski,Architect,CC-0012,false,2024-12-26T01:18:04Z,\N,2025-02-04T07:18:19Z,\N,1,assert
acme:person:e000903~d0d932de0405,person,acme,E000903,Wen Haddad,Manager,DEPT-19,false,2025-01-02T20:34:47Z,\N,2025-02-05T04:31:46Z,\N,1,assert
acme:person:e002122~9e23b2f2827e,person,acme,E002122,Xenia Mbatha,Analyst,DEPT-24,false,2025-01-10T18:46:47Z,\N,2025-02-05T11:09:17Z,\N,1,assert
acme:person:e001812~7ab4fc8fa020,person,acme,E001812,Farid Gundersen,Engineer,CC-0014,false,2024-12-12T02:02:06Z,\N,2025-02-05T14:32:30Z,\N,1,assert
acme:person:e001913~6bbd670ad28d,person,acme,E001913,Ibrahim Okonkwo,Manager,DEPT-19,false,2024-12-23T08:11:33Z,\N,2025-02-06T11:13:34Z,\N,1,assert
acme:person:e003958~b629463f5023,person,acme,E003958,Leila Castellanos,Engineer,DEPT-03,false,2025-01-26T12:31:00Z,\N,2025-02-06T22:13:48Z,\N,1,assert
acme:person:e002213~e7647f7aff43,person,acme,E002213,Gita Yilmaz,Technician,DIV-CORP,false,2025-01-13T15:47:30Z,\N,2025-02-08T08:52:59Z,\N,1,assert
acme:person:e001112~5c816637e34c,person,acme,E001112,Yara Weiss,Analyst,DEPT-21,false,2024-12-21T20:01:03Z,\N,2025-02-10T01:39:37Z,\N,1,assert
acme:person:e002206~35ed3aaf688f,person,acme,E002206,Zoltan Marchetti,Auditor,DEPT-19,false,2025-02-04T13:43:41Z,\N,2025-02-10T08:01:05Z,\N,1,assert
acme:person:e002921~1942a965572d,person,acme,E002921,Liam Kovac,Architect,DEPT-04,false,2025-01-06T05:18:24Z,\N,2025-02-10T10:25:48Z,\N,1,assert
acme:person:e000830~35d9765c270f,person,acme,E000830,Oliver Weiss,Manager,DEPT-01,true,2025-01-04T17:00:11Z,2027-05-14T20:49:38Z,2025-02-11T11:20:58Z,\N,1,assert
acme:person:e000534~d2508836669a,person,acme,E000534,Ursula Baptiste,Engineer,CC-0003,false,2025-01-19T22:58:40Z,\N,2025-02-11T11:51:17Z,\N,1,assert
acme:person:e000190~7f2744c52235,person,acme,E000190,Ada Zhang,Auditor,CC-0012,false,2025-01-21T22:30:41Z,\N,2025-02-12T12:15:27Z,\N,1,assert
acme:person:e002341~3adc0348b6b5,person,acme,E002341,Zoltan Lindqvist,Engineer,DEPT-12,false,2024-12-17T02:44:48Z,\N,2025-02-12T13:42:29Z,\N,1,assert
acme:person:e001304~3d765380ece9,person,acme,E001304,Chidi Okonkwo,Engineer,DEPT-14,false,2025-01-10T02:28:19Z,\N,2025-02-13T04:09:12Z,\N,1,assert
acme:person:e003005~d3a536730fe3,person,acme,E003005,Elena Pereira,Auditor,DEPT-08,false,2025-01-12T09:32:21Z,\N,2025-02-13T20:28:04Z,\N,1,assert
acme:person:e000732~ce9401d2ba49,person,acme,E000732,Clara Tanaka,Technician,DEPT-11,false,2025-02-06T15:55:35Z,\N,2025-02-14T03:15:58Z,\N,1,assert
acme:person:e001172~c4d9090836ad,person,acme,E001172,Renata Ueda,Engineer,DEPT-11,false,2025-01-14T18:17:13Z,\N,2025-02-14T01:59:44Z,\N,1,assert
acme:person:e001615~613473fe6c8f,person,acme,E001615,Chidi Silvestri,Technician,CC-0006,false,2025-01-03T03:56:33Z,\N,2025-02-15T11:16:24Z,\N,1,assert
acme:person:e000983~f0bf47849320,person,acme,E000983,Rafael Yilmaz,Analyst,CC-0013,false,2025-02-08T05:11:02Z,\N,2025-02-17T09:34:48Z,\N,1,assert
acme:person:e001634~bcafe3eee7b0,person,acme,E001634,Hugo Silvestri,Buyer,DEPT-03,false,2025-01-19T00:56:49Z,\N,2025-02-18T06:10:50Z,\N,1,assert
acme:person:e002534~fc47e00c6870,person,acme,E002534,Keiko Kovac,Auditor,CC-0001,false,2025-01-07T15:50:52Z,\N,2025-02-18T10:48:28Z,\N,1,assert
acme:person:e000048~ffde958ee147,person,acme,E000048,Amara Lindqvist,Architect,CC-0003,false,2025-02-17T21:56:08Z,\N,2025-02-19T20:02:00Z,\N,1,assert
acme:person:e001929~9cedcd6f9d35,person,acme,E001929,Marcus Oyelaran,Technician,DEPT-09,true,2025-01-25T09:24:20Z,2025-07-03T03:01:49Z,2025-02-20T00:59:41Z,\N,1,assert
acme:person:e000623~c35f6f64ea4a,person,acme,E000623,Ada Abbott,Manager,DEPT-04,false,2025-01-10T06:27:07Z,\N,2025-02-21T03:00:23Z,\N,1,assert
acme:person:e002991~48e14d2153c8,person,acme,E002991,Dmitri Mbatha,Engineer,CC-0010,false,2025-01-08T08:08:59Z,\N,2025-02-21T08:17:22Z,\N,1,assert
acme:person:e003359~3e83b7c68e28,person,acme,E003359,Rafael Quintero,Technician,CC-0001,false,2025-01-12T19:02:45Z,\N,2025-02-22T15:36:37Z,\N,1,assert
acme:person:e003533~0ba9e83fb7ca,person,acme,E003533,Lucia Vaughan,Engineer,DEPT-11,false,2025-01-07T21:00:30Z,\N,2025-02-23T13:25:16Z,\N,1,assert
acme:person:e000406~226bde891ae6,person,acme,E000406,Felix Kovac,Analyst,DEPT-17,false,2025-02-05T20:46:47Z,\N,2025-02-24T11:10:17Z,\N,1,assert
acme:person:e003118~3cbc58644ed8,person,acme,E003118,Carla Chowdhury,Engineer,CC-0014,false,2025-01-26T03:16:22Z,\N,2025-02-24T10:24:10Z,\N,1,assert
acme:person:e003152~a033a88880f1,person,acme,E003152,Alan Fontaine,Engineer,DEPT-12,false,2025-02-20T15:35:49Z,\N,2025-02-24T21:08:56Z,\N,1,assert
acme:person:e003187~6196d6411362,person,acme,E003187,Yara Delacroix,Buyer,CC-0009,false,2025-02-09T01:50:45Z,\N,2025-02-24T20:44:40Z,\N,1,assert
acme:person:e001980~d9944b9f7dea,person,acme,E001980,Zoltan Thorsen,Technician,DEPT-16,false,2025-02-08T07:00:52Z,\N,2025-02-25T01:09:22Z,\N,1,assert
acme:person:e003952~5cc961f577c0,person,acme,E003952,Felix Baptiste,Architect,DEPT-09,false,2024-12-29T12:09:49Z,\N,2025-02-25T01:39:54Z,\N,1,assert
acme:person:e000006~15896c713aca,person,acme,E000006,Clara Bergstrom,Analyst,CC-0003,false,2025-01-12T20:40:27Z,\N,2025-02-26T12:37:44Z,\N,1,assert
acme:person:e001424~43b068d119e0,person,acme,E001424,Kwame Yilmaz,Analyst,DEPT-22,false,2025-01-16T05:20:37Z,\N,2025-02-26T10:25:51Z,\N,1,assert
acme:person:e001832~c2dafcedb49d,person,acme,E001832,Ingrid Gundersen,Analyst,CC-0011,false,2025-02-11T01:40:08Z,\N,2025-02-27T21:30:31Z,\N,1,assert
acme:person:e001133~86d279063a88,person,acme,E001133,Ibrahim Tanaka,Manager,DEPT-06,false,2025-01-01T21:15:14Z,\N,2025-02-28T13:39:04Z,\N,1,assert
acme:person:e001477~28b2bca83846,person,acme,E001477,Ada Delacroix,Engineer,DEPT-16,false,2025-02-07T01:51:12Z,\N,2025-02-28T13:05:59Z,\N,1,assert
acme:person:e001690~98d46a32ddc7,person,acme,E001690,Chidi Delacroix,Architect,CC-0003,false,2025-02-01T06:14:12Z,\N,2025-02-28T22:10:12Z,\N,1,assert
acme:person:e003766~bea049bfe5c4,person,acme,E003766,Marcus Delacroix,Analyst,DEPT-01,false,2025-02-12T21:52:04Z,\N,2025-02-28T15:31:41Z,\N,1,assert
acme:person:e003874~9a1c0de4f569,person,acme,E003874,Wen Yilmaz,Analyst,DEPT-24,false,2025-02-16T13:12:25Z,\N,2025-02-28T21:35:38Z,\N,1,assert
acme:person:e000555~71775150e3d8,person,acme,E000555,Nadia Bergstrom,Buyer,CC-0005,false,2025-02-06T20:02:16Z,\N,2025-03-01T19:40:28Z,\N,1,assert
acme:person:e001550~7decb54e0da8,person,acme,E001550,Felix Schneider,Architect,DEPT-05,false,2025-02-27T00:56:08Z,\N,2025-03-01T06:19:57Z,\N,1,assert
acme:person:e002763~eea3ccf5c24d,person,acme,E002763,Gita Delacroix,Manager,CC-0008,false,2025-01-25T02:33:49Z,\N,2025-03-01T17:39:14Z,\N,1,assert
acme:person:e000757~b75179cc398d,person,acme,E000757,Elena Chowdhury,Engineer,DEPT-14,false,2025-01-28T03:59:04Z,\N,2025-03-02T07:28:57Z,\N,1,assert
acme:person:e001206~1cd1b9e7686b,person,acme,E001206,Amara Delacroix,Buyer,DEPT-12,false,2025-01-18T11:54:55Z,\N,2025-03-02T19:04:50Z,\N,1,assert
acme:person:e000718~7d39462bdea6,person,acme,E000718,Leila Thorsen,Buyer,CC-0010,false,2025-01-03T20:46:18Z,\N,2025-03-03T02:22:53Z,\N,1,assert
acme:person:e000658~5adf4cc76e3e,person,acme,E000658,Mira Bergstrom,Buyer,DEPT-20,false,2025-02-06T09:45:29Z,\N,2025-03-04T20:24:06Z,\N,1,assert
acme:person:e000987~250f775fbb42,person,acme,E000987,Paola Nakamura,Analyst,DEPT-10,false,2025-01-25T10:40:48Z,\N,2025-03-04T01:55:30Z,\N,1,assert
acme:person:e002372~cd402f4f4dac,person,acme,E002372,Fatima Bergstrom,Auditor,DEPT-05,false,2025-02-18T07:55:03Z,\N,2025-03-04T01:31:17Z,\N,1,assert
acme:person:e001390~768484a16d24,person,acme,E001390,Lucia Gundersen,Buyer,DEPT-16,false,2025-02-09T18:38:53Z,\N,2025-03-06T20:23:44Z,\N,1,assert
acme:person:e003268~4696271a1fd7,person,acme,E003268,Renata Vaughan,Manager,DIV-CORP,false,2025-01-28T08:06:45Z,\N,2025-03-07T14:43:53Z,\N,1,assert
acme:person:e001155~7ea75b12cb06,person,acme,E001155,Rafael Oyelaran,Architect,DEPT-11,false,2025-03-08T11:22:13Z,\N,2025-03-08T11:22:13Z,\N,1,assert
acme:person:e000640~1f0de577d345,person,acme,E000640,Priya Baptiste,Technician,DEPT-16,false,2025-02-17T14:47:18Z,\N,2025-03-08T14:21:42Z,\N,1,assert
acme:person:e001888~37e8ac187268,person,acme,E001888,Chidi Fontaine,Manager,DEPT-12,false,2025-02-20T14:05:08Z,\N,2025-03-08T18:46:48Z,\N,1,assert
acme:person:e001918~619ef52678f6,person,acme,E001918,Xenia Yilmaz,Engineer,DEPT-02,false,2025-01-30T21:05:59Z,\N,2025-03-08T19:56:21Z,\N,1,assert
acme:person:e003408~e761a4f4430d,person,acme,E003408,Zoltan Mbatha,Auditor,CC-0009,false,2025-02-05T10:09:10Z,\N,2025-03-08T08:53:37Z,\N,1,assert
acme:person:e000567~102198acee50,person,acme,E000567,Amara Gundersen,Analyst,DEPT-03,false,2025-01-10T23:38:34Z,\N,2025-03-09T16:12:25Z,\N,1,assert
acme:person:e000240~e8e3bb265eb1,person,acme,E000240,Elena Pereira,Manager,CC-0011,false,2025-02-23T19:14:56Z,\N,2025-03-10T23:33:00Z,\N,1,assert
acme:person:e000645~6cee5590295a,person,acme,E000645,Hugo Santos,Architect,DEPT-22,false,2025-02-13T18:09:16Z,\N,2025-03-10T18:55:28Z,\N,1,assert
acme:person:e002513~877aaa9be4e5,person,acme,E002513,Alan Marchetti,Engineer,DEPT-02,false,2025-02-27T17:08:24Z,\N,2025-03-10T16:44:55Z,\N,1,assert
acme:person:e002788~a7f624676e63,person,acme,E002788,Carla Mbatha,Manager,DEPT-12,false,2025-01-14T23:39:51Z,\N,2025-03-12T01:36:15Z,\N,1,assert
acme:person:e000396~f71badbd2b1b,person,acme,E000396,Liam Nakamura,Technician,DEPT-10,false,2025-03-02T03:13:17Z,\N,2025-03-13T19:28:02Z,\N,1,assert
acme:person:e001060~9babed7fbfac,person,acme,E001060,Yara Silvestri,Buyer,DEPT-18,false,2025-02-27T09:00:58Z,\N,2025-03-14T11:06:54Z,\N,1,assert
acme:person:e001783~40cc2304dc70,person,acme,E001783,Kwame Vaughan,Analyst,CC-0014,false,2025-02-05T22:05:29Z,\N,2025-03-14T12:02:01Z,\N,1,assert
acme:person:e002350~392be6902791,person,acme,E002350,Ada Rasmussen,Architect,DEPT-14,false,2025-02-02T02:47:10Z,\N,2025-03-14T03:56:20Z,\N,1,assert
acme:person:e001813~f12fb0436042,person,acme,E001813,Tomas Gundersen,Architect,DEPT-04,true,2025-01-27T01:25:58Z,2025-03-11T07:37:53Z,2025-03-14T12:48:51Z,\N,1,assert
acme:person:e000422~cd3fcb790b4d,person,acme,E000422,Chidi Eberhardt,Architect,DEPT-07,false,2025-01-17T21:29:38Z,\N,2025-03-15T15:12:00Z,\N,1,assert
acme:person:e003860~fad8355940d3,person,acme,E003860,Elena Nakamura,Engineer,CC-0007,false,2025-01-19T23:39:52Z,\N,2025-03-16T03:43:16Z,\N,1,assert
acme:person:e003525~9785ab0fea39,person,acme,E003525,Yusuf Gallagher,Engineer,DEPT-15,false,2025-02-03T12:49:13Z,\N,2025-03-17T04:04:07Z,\N,1,assert
acme:person:e001515~ed4a1076e572,person,acme,E001515,Yusuf Abbott,Buyer,DEPT-03,false,2025-02-10T15:16:15Z,\N,2025-03-17T04:14:35Z,\N,1,assert
acme:person:e003776~1edf2c2cd559,person,acme,E003776,Samir Wagner,Technician,CC-0010,false,2025-03-05T05:33:03Z,\N,2025-03-19T19:55:32Z,\N,1,assert
acme:person:e002824~617124b924c3,person,acme,E002824,Wen Bergstrom,Engineer,DEPT-03,true,2025-03-01T06:42:36Z,2025-08-02T11:39:46Z,2025-03-20T02:14:18Z,\N,1,assert
acme:person:e001513~20b6479f9970,person,acme,E001513,Rafael Zhang,Engineer,DEPT-22,false,2025-02-27T11:58:55Z,\N,2025-03-20T15:10:58Z,\N,1,assert
acme:person:e001132~2a2ca1545285,person,acme,E001132,Oliver Yilmaz,Architect,CC-0004,false,2025-03-08T20:01:20Z,\N,2025-03-21T08:05:31Z,\N,1,assert
acme:person:e000246~eb04bd84ea0e,person,acme,E000246,Ada Bergstrom,Architect,CC-0014,false,2025-02-02T11:12:17Z,\N,2025-03-22T04:12:43Z,\N,1,assert
acme:person:e001714~6c321cd858dd,person,acme,E001714,Liam Fontaine,Buyer,CC-0012,false,2025-02-28T11:10:22Z,\N,2025-03-22T19:07:46Z,\N,1,assert
acme:person:e003258~2194dcb93f41,person,acme,E003258,Tomas Eberhardt,Auditor,CC-0001,false,2025-01-22T23:58:33Z,\N,2025-03-22T06:45:29Z,\N,1,assert
acme:person:e001091~f177e5314164,person,acme,E001091,Quinn Okonkwo,Manager,CC-0013,false,2025-01-25T13:18:41Z,\N,2025-03-23T16:44:45Z,\N,1,assert
acme:person:e001800~4b65eddf5dd1,person,acme,E001800,Ingrid Wagner,Auditor,DIV-CORP,false,2025-03-20T00:44:29Z,\N,2025-03-23T03:03:32Z,\N,1,assert
acme:person:e001614~129d13ef206b,person,acme,E001614,Yara Delacroix,Technician,CC-0007,false,2025-03-15T03:30:03Z,\N,2025-03-24T15:24:29Z,\N,1,assert
acme:person:e000784~3ec2415b0165,person,acme,E000784,Yusuf Pereira,Auditor,DEPT-09,false,2025-03-05T17:44:14Z,\N,2025-03-24T15:43:37Z,\N,1,assert
acme:person:e003592~6c9b51cbde81,person,acme,E003592,Carla Wagner,Analyst,DEPT-10,false,2025-01-26T07:50:14Z,\N,2025-03-24T20:21:31Z,\N,1,assert
acme:person:e001238~b0f1de340ebf,person,acme,E001238,Sofia Quintero,Technician,DEPT-16,false,2025-03-11T01:01:58Z,\N,2025-03-27T03:47:49Z,\N,1,assert
acme:person:e000592~0de9c9ccc8ef,person,acme,E000592,Chidi Mbatha,Analyst,DEPT-11,true,2025-03-03T16:25:06Z,2026-11-15T17:54:18Z,2025-03-27T05:32:56Z,\N,1,assert
acme:person:e002195~f7741befc507,person,acme,E002195,Alan Oyelaran,Manager,DEPT-15,true,2025-03-17T10:40:00Z,2026-05-16T11:02:43Z,2025-03-27T11:36:36Z,\N,1,assert
acme:person:e000318~b340f0800680,person,acme,E000318,Fatima Gallagher,Buyer,DEPT-24,false,2025-02-05T07:55:29Z,\N,2025-03-28T06:03:08Z,\N,1,assert
acme:person:e000149~e4b01e0b5313,person,acme,E000149,Hugo Delacroix,Analyst,DEPT-22,false,2025-03-28T00:22:39Z,\N,2025-03-30T06:49:06Z,\N,1,assert
acme:person:e003764~9c27a1659628,person,acme,E003764,Yara Chowdhury,Manager,DEPT-20,false,2025-03-10T01:11:10Z,\N,2025-03-30T00:23:35Z,\N,1,assert
acme:person:e000041~a548becf3f11,person,acme,E000041,Alan Haddad,Manager,DIV-CORP,false,2025-02-07T12:10:32Z,\N,2025-03-31T19:57:19Z,\N,1,assert
acme:person:e000377~5ae3ff61d17f,person,acme,E000377,Ingrid Oyelaran,Buyer,CC-0002,false,2025-03-31T10:36:51Z,\N,2025-03-31T10:36:51Z,\N,1,assert
acme:person:e002389~1773bf1ea06a,person,acme,E002389,Elena Gundersen,Engineer,CC-0013,false,2025-02-25T13:17:46Z,\N,2025-04-01T10:17:18Z,\N,1,assert
acme:person:e003010~3bce828a882d,person,acme,E003010,Ursula Bergstrom,Technician,CC-0012,false,2025-02-28T06:16:14Z,\N,2025-04-01T05:44:21Z,\N,1,assert
acme:person:e000610~1aef8c97bb7d,person,acme,E000610,Zoltan Wagner,Buyer,CC-0013,false,2025-03-26T15:19:04Z,\N,2025-04-02T04:42:14Z,\N,1,assert
acme:person:e002067~9e6598c8adfa,person,acme,E002067,Liam Pereira,Auditor,DEPT-15,true,2025-02-04T20:13:48Z,2025-11-28T03:44:37Z,2025-04-03T18:03:12Z,\N,1,assert
acme:person:e003025~af7d953e2982,person,acme,E003025,Jonas Kovac,Buyer,CC-0007,false,2025-04-03T19:15:57Z,\N,2025-04-03T19:15:57Z,\N,1,assert
acme:person:e000242~3f9be95ff9b4,person,acme,E000242,Farid Eberhardt,Technician,CC-0011,true,2025-02-26T21:50:57Z,2025-11-25T07:58:45Z,2025-04-05T08:44:01Z,\N,1,assert
acme:person:e001124~89529b04202e,person,acme,E001124,Zoltan Fontaine,Engineer,DEPT-22,false,2025-03-17T07:14:47Z,\N,2025-04-06T00:19:27Z,\N,1,assert
acme:person:e002073~c8f00c9d983f,person,acme,E002073,Ada Silvestri,Manager,DEPT-06,false,2025-02-25T00:45:59Z,\N,2025-04-06T10:06:04Z,\N,1,assert
acme:person:e002094~f3124247649b,person,acme,E002094,Marcus Thorsen,Architect,CC-0001,false,2025-04-05T15:51:08Z,\N,2025-04-06T16:05:01Z,\N,1,assert
acme:person:e003560~27289bb4f183,person,acme,E003560,Dmitri Delacroix,Analyst,DEPT-22,false,2025-03-13T04:43:18Z,\N,2025-04-07T06:27:29Z,\N,1,assert
acme:person:e001571~f4f0ae7de59a,person,acme,E001571,Oliver Ivanova,Architect,DEPT-08,false,2025-04-03T18:38:39Z,\N,2025-04-09T10:49:37Z,\N,1,assert
acme:person:e000126~aeb01421cc28,person,acme,E000126,Quinn Rasmussen,Technician,DIV-CORP,false,2025-02-23T10:25:02Z,\N,2025-04-10T10:28:35Z,\N,1,assert
acme:person:e002326~2726d5161818,person,acme,E002326,Yusuf Pereira,Architect,DEPT-07,false,2025-02-23T19:56:03Z,\N,2025-04-10T17:05:27Z,\N,1,assert
acme:person:e001490~2604b253b571,person,acme,E001490,Vikram Kaminski,Engineer,DEPT-21,false,2025-04-05T20:33:47Z,\N,2025-04-11T20:13:37Z,\N,1,assert
acme:person:e002675~8c9c34e19e45,person,acme,E002675,Oliver Marchetti,Manager,DEPT-16,false,2025-03-19T07:20:56Z,\N,2025-04-11T02:49:19Z,\N,1,assert
acme:person:e000207~28942ff8b4e4,person,acme,E000207,Yara Wagner,Architect,DEPT-02,false,2025-03-02T15:29:13Z,\N,2025-04-12T05:17:46Z,\N,1,assert
acme:person:e000763~61134fbd5aa4,person,acme,E000763,Carla Nakamura,Technician,DIV-CORP,false,2025-04-11T17:53:09Z,\N,2025-04-12T13:26:43Z,\N,1,assert
acme:person:e002992~7aef56c50f97,person,acme,E002992,Amara Gallagher,Architect,DEPT-03,false,2025-03-20T19:34:46Z,\N,2025-04-14T01:29:15Z,\N,1,assert
acme:person:e003204~a2bfb7b17bb0,person,acme,E003204,Gita Nakamura,Manager,DEPT-06,false,2025-03-11T05:34:36Z,\N,2025-04-14T08:24:35Z,\N,1,assert
acme:person:e003947~f5a322d07e49,person,acme,E003947,Sofia Thorsen,Analyst,CC-0003,false,2025-03-17T15:45:05Z,\N,2025-04-16T17:56:57Z,\N,1,assert
acme:person:e002663~93187a57364f,person,acme,E002663,Lucia Silvestri,Buyer,CC-0003,true,2025-03-29T08:39:55Z,2027-09-08T03:55:09Z,2025-04-16T21:01:29Z,\N,1,assert
acme:person:e000863~264d2a50fdaf,person,acme,E000863,Nadia Chowdhury,Manager,DEPT-09,true,2025-03-02T12:36:13Z,2027-08-12T06:03:22Z,2025-04-18T13:25:43Z,\N,1,assert
acme:person:e003079~cc95d5044716,person,acme,E003079,Rafael Marchetti,Technician,DEPT-02,false,2025-03-05T12:55:07Z,\N,2025-04-18T21:32:13Z,\N,1,assert
acme:person:e003733~96d10ed94db3,person,acme,E003733,Yusuf Yilmaz,Engineer,CC-0014,false,2025-03-07T14:26:58Z,\N,2025-04-19T05:04:22Z,\N,1,assert
acme:person:e000429~c87187c17970,person,acme,E000429,Ursula Eberhardt,Architect,DEPT-09,false,2025-03-16T02:16:23Z,\N,2025-04-20T03:12:22Z,\N,1,assert
acme:person:e002465~512775624479,person,acme,E002465,Renata Baptiste,Buyer,DEPT-22,false,2025-03-15T17:30:44Z,\N,2025-04-20T20:37:58Z,\N,1,assert
acme:person:e001373~64cace14bd88,person,acme,E001373,Wen Gallagher,Manager,DEPT-10,false,2025-03-16T02:05:39Z,\N,2025-04-21T18:27:57Z,\N,1,assert
acme:person:e003423~7ab049b01abe,person,acme,E003423,Tomas Pereira,Architect,DEPT-18,false,2025-03-07T13:59:46Z,\N,2025-04-21T00:18:02Z,\N,1,assert
acme:person:e003837~9659a33afee2,person,acme,E003837,Ibrahim Kaminski,Technician,DEPT-07,false,2025-02-25T13:37:29Z,\N,2025-04-21T12:09:20Z,\N,1,assert
acme:person:e003909~c4897cd62665,person,acme,E003909,Zara Zhang,Engineer,DEPT-04,false,2025-03-30T02:34:07Z,\N,2025-04-21T22:30:51Z,\N,1,assert
acme:person:e003825~526b16085a9b,person,acme,E003825,Chidi Fontaine,Technician,CC-0008,false,2025-03-23T23:34:35Z,\N,2025-04-22T14:03:07Z,\N,1,assert
acme:person:e002188~e4d7fb3eaa01,person,acme,E002188,Xenia Kovac,Buyer,CC-0014,false,2025-02-28T11:26:21Z,\N,2025-04-23T11:29:06Z,\N,1,assert
acme:person:e003115~295629aeef01,person,acme,E003115,Liam Abbott,Architect,CC-0012,false,2025-04-02T21:35:04Z,\N,2025-04-23T09:32:39Z,\N,1,assert
acme:person:e001343~7d150a669546,person,acme,E001343,Marcus Yilmaz,Architect,CC-0002,false,2025-04-25T08:07:15Z,\N,2025-04-27T17:43:24Z,\N,1,assert
acme:person:e003521~fbe6226e2df6,person,acme,E003521,Mira Yilmaz,Buyer,DEPT-15,false,2025-04-26T05:24:01Z,\N,2025-04-28T04:07:21Z,\N,1,assert
acme:person:e002634~fd7c8eebeca9,person,acme,E002634,Wen Vaughan,Engineer,DEPT-15,true,2025-04-09T22:12:37Z,2027-08-21T22:23:40Z,2025-04-28T06:31:57Z,\N,1,assert
acme:person:e000769~ea9ac1d9826f,person,acme,E000769,Noor Fontaine,Analyst,DEPT-03,false,2025-03-24T06:19:20Z,\N,2025-04-29T14:05:16Z,\N,1,assert
acme:person:e002085~88da5a8f1720,person,acme,E002085,Anders Marchetti,Auditor,CC-0003,false,2025-04-08T13:25:18Z,\N,2025-04-29T03:39:48Z,\N,1,assert
acme:person:e000624~9a595c32fa34,person,acme,E000624,Oliver Quintero,Auditor,CC-0002,false,2025-03-08T13:08:19Z,\N,2025-04-30T21:47:56Z,\N,1,assert
acme:person:e002204~824d434cc7a9,person,acme,E002204,Liam Thorsen,Buyer,DEPT-04,false,2025-04-30T11:06:29Z,\N,2025-05-01T07:20:53Z,\N,1,assert
acme:person:e003910~0f0fccde7c5e,person,acme,E003910,Mira Castellanos,Auditor,CC-0005,false,2025-05-01T17:21:30Z,\N,2025-05-01T17:21:30Z,\N,1,assert
acme:person:e001421~d4b2795e26f6,person,acme,E001421,Noor Haddad,Analyst,CC-0013,false,2025-05-02T02:03:16Z,\N,2025-05-03T21:32:45Z,\N,1,assert
acme:person:e003153~8c7acbc51593,person,acme,E003153,Lars Vaughan,Engineer,DEPT-18,false,2025-03-08T08:54:00Z,\N,2025-05-03T11:32:04Z,\N,1,assert
acme:person:e001294~aacd4d2fe5e4,person,acme,E001294,Yara Delacroix,Architect,DEPT-22,false,2025-04-21T15:42:24Z,\N,2025-05-04T15:18:06Z,\N,1,assert
acme:person:e000681~36d3fde30149,person,acme,E000681,Hugo Mbatha,Auditor,DEPT-02,false,2025-03-21T21:35:20Z,\N,2025-05-05T23:56:36Z,\N,1,assert
acme:person:e001249~14f43db1d393,person,acme,E001249,Ada Fontaine,Buyer,DEPT-24,false,2025-04-05T09:25:14Z,\N,2025-05-05T21:30:29Z,\N,1,assert
acme:person:e002703~dd2c1f36044b,person,acme,E002703,Felix Fontaine,Manager,DEPT-17,false,2025-03-20T15:33:36Z,\N,2025-05-06T20:58:11Z,\N,1,assert
acme:person:e002308~b355683d0df7,person,acme,E002308,Chidi Haddad,Buyer,DEPT-09,false,2025-05-02T20:20:25Z,\N,2025-05-07T15:45:14Z,\N,1,assert
acme:person:e003201~35065a58e5e4,person,acme,E003201,Fatima Mbatha,Manager,CC-0003,true,2025-04-01T20:17:51Z,2026-09-14T02:49:25Z,2025-05-08T02:57:11Z,\N,1,assert
acme:person:e000256~1a90db71f25f,person,acme,E000256,Zara Jablonski,Technician,CC-0003,false,2025-04-19T13:26:36Z,\N,2025-05-08T06:38:47Z,\N,1,assert
acme:person:e000833~e20a8214d455,person,acme,E000833,Ibrahim Baptiste,Auditor,DEPT-02,false,2025-04-05T10:31:27Z,\N,2025-05-08T11:47:01Z,\N,1,assert
acme:person:e002548~1d25cea0a1c0,person,acme,E002548,Paola Pereira,Buyer,DEPT-07,false,2025-03-24T22:16:25Z,\N,2025-05-08T03:36:28Z,\N,1,assert
acme:person:e003918~bb76d4ece6ff,person,acme,E003918,Fatima Kovac,Analyst,DEPT-15,false,2025-03-21T00:16:21Z,\N,2025-05-08T09:31:49Z,\N,1,assert
acme:person:e000438~a4f4c29c7e7c,person,acme,E000438,Anders Kovac,Technician,DEPT-06,true,2025-04-12T06:20:28Z,2026-07-24T01:37:28Z,2025-05-09T09:32:24Z,\N,1,assert
acme:person:e000548~209d00e48661,person,acme,E000548,Anika Marchetti,Manager,DEPT-18,false,2025-04-28T19:53:02Z,\N,2025-05-09T14:44:40Z,\N,1,assert
acme:person:e002999~f34f1206678f,person,acme,E002999,Ibrahim Bergstrom,Buyer,DEPT-12,false,2025-04-19T20:01:47Z,\N,2025-05-09T17:07:10Z,\N,1,assert
acme:person:e002747~9d8c71708487,person,acme,E002747,Jonas Castellanos,Auditor,DEPT-01,false,2025-04-09T04:26:25Z,\N,2025-05-12T11:43:11Z,\N,1,assert
acme:person:e000591~a1465097d012,person,acme,E000591,Samir Wagner,Manager,CC-0008,false,2025-03-15T20:26:14Z,\N,2025-05-13T21:51:31Z,\N,1,assert
acme:person:e001881~a4413dec4d92,person,acme,E001881,Oliver Gallagher,Engineer,DEPT-08,false,2025-03-24T19:33:34Z,\N,2025-05-14T09:09:58Z,\N,1,assert
acme:person:e001985~cebfe054b190,person,acme,E001985,Keiko Santos,Manager,DEPT-23,false,2025-04-20T16:04:20Z,\N,2025-05-14T03:09:37Z,\N,1,assert
acme:person:e003396~64988fd060b0,person,acme,E003396,Ibrahim Pereira,Analyst,CC-0001,false,2025-05-11T11:38:12Z,\N,2025-05-14T22:54:06Z,\N,1,assert
acme:person:e000065~937dc94c80ff,person,acme,E000065,Farid Weiss,Analyst,DIV-CORP,false,2025-04-21T16:06:32Z,\N,2025-05-15T20:11:16Z,\N,1,assert
acme:person:e002579~1f3045b4c128,person,acme,E002579,Rafael Kaminski,Analyst,DEPT-03,false,2025-04-07T23:33:30Z,\N,2025-05-16T12:45:31Z,\N,1,assert
acme:person:e002998~f501f31b6cd0,person,acme,E002998,Samir Chowdhury,Manager,DEPT-05,false,2025-04-05T16:56:42Z,\N,2025-05-16T20:17:08Z,\N,1,assert
acme:person:e000157~0872b5cc1c50,person,acme,E000157,Ingrid Nakamura,Manager,DEPT-12,false,2025-03-19T12:08:34Z,\N,2025-05-17T20:50:07Z,\N,1,assert
acme:person:e001337~2184892dd130,person,acme,E001337,Samir Bergstrom,Engineer,DEPT-22,false,2025-03-31T08:29:40Z,\N,2025-05-17T21:28:00Z,\N,1,assert
acme:person:e001311~27f085f6ddf2,person,acme,E001311,Priya Ueda,Engineer,DEPT-06,false,2025-04-28T18:52:29Z,\N,2025-05-18T04:20:18Z,\N,1,assert
acme:person:e003586~461004c145e3,person,acme,E003586,Amara Yilmaz,Architect,DEPT-23,false,2025-05-14T09:49:36Z,\N,2025-05-19T01:22:50Z,\N,1,assert
acme:person:e002797~adfee550bc36,person,acme,E002797,Fatima Santos,Auditor,DEPT-12,false,2025-04-18T10:02:55Z,\N,2025-05-20T13:59:58Z,\N,1,assert
acme:person:e002969~a25bf4d7071a,person,acme,E002969,Lars Haddad,Buyer,DEPT-17,false,2025-03-27T09:05:39Z,\N,2025-05-20T20:49:11Z,\N,1,assert
acme:person:e000176~cfa2d72d2705,person,acme,E000176,Bruno Baptiste,Technician,CC-0001,false,2025-04-20T02:08:46Z,\N,2025-05-21T16:55:18Z,\N,1,assert
acme:person:e000050~3e2d81a9aeef,person,acme,E000050,Nadia Lindqvist,Engineer,CC-0006,false,2025-03-30T23:06:30Z,\N,2025-05-22T10:08:05Z,\N,1,assert
acme:person:e000092~72f09a9fb4be,person,acme,E000092,Paola Yilmaz,Engineer,CC-0008,false,2025-03-24T23:26:01Z,\N,2025-05-23T06:28:30Z,\N,1,assert
acme:person:e000918~2a9adc4d29bf,person,acme,E000918,Alan Quintero,Architect,DIV-CORP,false,2025-05-13T17:50:33Z,\N,2025-05-23T04:51:24Z,\N,1,assert
acme:person:e001295~3eb302f6be69,person,acme,E001295,Ingrid Silvestri,Manager,DEPT-23,false,2025-05-01T06:43:22Z,\N,2025-05-23T19:51:06Z,\N,1,assert
acme:person:e003126~b44392d0fedb,person,acme,E003126,Renata Zhang,Buyer,DEPT-11,false,2025-03-25T23:30:00Z,\N,2025-05-23T00:14:46Z,\N,1,assert
acme:person:e001469~ca066b857a1b,person,acme,E001469,Yara Delacroix,Engineer,DEPT-16,false,2025-04-02T13:02:55Z,\N,2025-05-24T03:33:13Z,\N,1,assert
acme:person:e000726~7932e49a4eab,person,acme,E000726,Yusuf Ivanova,Auditor,DEPT-24,false,2025-04-09T04:24:46Z,\N,2025-05-25T14:16:29Z,\N,1,assert
acme:person:e003773~69897868d87e,person,acme,E003773,Anika Kovac,Architect,DEPT-19,true,2025-04-13T07:41:43Z,2025-11-02T23:24:23Z,2025-05-26T22:25:16Z,\N,1,assert
acme:person:e001312~4cd16bae4e6a,person,acme,E001312,Kwame Schneider,Technician,DEPT-21,false,2025-04-03T07:34:09Z,\N,2025-05-27T09:24:14Z,\N,1,assert
acme:person:e001948~1f4306753257,person,acme,E001948,Yara Thorsen,Manager,CC-0012,false,2025-05-02T02:48:30Z,\N,2025-05-27T08:18:12Z,\N,1,assert
acme:person:e003030~e8642f9a3e24,person,acme,E003030,Kwame Silvestri,Technician,DEPT-20,false,2025-05-22T13:55:44Z,\N,2025-05-27T04:53:32Z,\N,1,assert
acme:person:e001942~92bd4e527c5a,person,acme,E001942,Bruno Yilmaz,Manager,DIV-CORP,false,2025-04-16T22:59:59Z,\N,2025-05-28T15:37:47Z,\N,1,assert
acme:person:e000646~8b963f0f6aae,person,acme,E000646,Liam Castellanos,Analyst,CC-0008,false,2025-04-18T11:48:42Z,\N,2025-05-29T08:22:03Z,\N,1,assert
acme:person:e000818~b7e6183640c7,person,acme,E000818,Fatima Bergstrom,Architect,CC-0004,false,2025-05-19T08:38:57Z,\N,2025-05-29T18:27:38Z,\N,1,assert
acme:person:e003223~b8b7bb606653,person,acme,E003223,Anders Zhang,Buyer,CC-0008,false,2025-04-07T03:19:33Z,\N,2025-05-29T17:26:34Z,\N,1,assert
acme:person:e002218~85d25c5c8406,person,acme,E002218,Bruno Weiss,Auditor,DEPT-22,false,2025-04-02T10:36:54Z,\N,2025-05-30T02:44:01Z,\N,1,assert
acme:person:e002631~a2ee68e28ced,person,acme,E002631,Zoltan Wagner,Engineer,CC-0006,false,2025-04-21T21:34:27Z,\N,2025-05-30T13:45:30Z,\N,1,assert
acme:person:e002762~ba19be5694b7,person,acme,E002762,Kwame Ueda,Architect,DEPT-18,false,2025-05-21T09:20:37Z,\N,2025-05-30T01:05:34Z,\N,1,assert
acme:person:e003143~549028a3ab3a,person,acme,E003143,Oliver Okonkwo,Buyer,DEPT-16,false,2025-05-03T13:15:56Z,\N,2025-05-30T17:23:42Z,\N,1,assert
acme:person:e003171~8646344ac1ca,person,acme,E003171,Zoltan Fontaine,Technician,DEPT-20,true,2025-04-17T12:18:17Z,2026-08-31T00:44:07Z,2025-05-30T21:05:04Z,\N,1,assert
acme:person:e000876~1b5823fd9d14,person,acme,E000876,Rafael Vaughan,Technician,DEPT-13,false,2025-04-20T12:36:52Z,\N,2025-06-01T11:24:59Z,\N,1,assert
acme:person:e001271~feaefa554f11,person,acme,E001271,Priya Eberhardt,Buyer,CC-0011,false,2025-04-09T19:04:59Z,\N,2025-06-01T16:54:29Z,\N,1,assert
acme:person:e002625~ce7b11a6ccf9,person,acme,E002625,Liam Okonkwo,Technician,DEPT-02,false,2025-05-19T04:18:28Z,\N,2025-06-04T07:54:29Z,\N,1,assert
acme:person:e000098~bf2f3a9f8ab5,person,acme,E000098,Noor Fontaine,Auditor,DEPT-19,true,2025-04-26T22:41:11Z,2025-09-01T13:57:27Z,2025-06-04T11:42:24Z,\N,1,assert
acme:person:e000184~24df8dcc947f,person,acme,E000184,Chidi Marchetti,Auditor,CC-0008,false,2025-05-14T13:00:35Z,\N,2025-06-05T05:16:25Z,\N,1,assert
acme:person:e000988~f74861a562e1,person,acme,E000988,Alan Eberhardt,Auditor,DEPT-21,false,2025-04-12T19:52:28Z,\N,2025-06-05T02:22:20Z,\N,1,assert
acme:person:e001763~3242ec8816b2,person,acme,E001763,Anders Okonkwo,Manager,DEPT-02,false,2025-04-19T18:20:58Z,\N,2025-06-05T09:37:50Z,\N,1,assert
acme:person:e002551~9518201ccb04,person,acme,E002551,Elena Nakamura,Architect,DEPT-11,false,2025-05-12T17:43:44Z,\N,2025-06-05T19:08:18Z,\N,1,assert
acme:person:e001296~9bbd170550a6,person,acme,E001296,Tomas Baptiste,Buyer,DEPT-16,false,2025-05-02T04:17:59Z,\N,2025-06-06T13:00:33Z,\N,1,assert
acme:person:e002960~7f6ca8b57e16,person,acme,E002960,Marcus Jablonski,Technician,CC-0001,false,2025-04-07T08:45:57Z,\N,2025-06-06T06:38:28Z,\N,1,assert
acme:person:e003763~ed25a2248226,person,acme,E003763,Samir Thorsen,Auditor,CC-0003,false,2025-05-04T00:05:50Z,\N,2025-06-06T13:46:36Z,\N,1,assert
acme:person:e000614~f639021b825b,person,acme,E000614,Bruno Kovac,Buyer,DEPT-09,false,2025-05-14T08:30:26Z,\N,2025-06-07T20:41:37Z,\N,1,assert
acme:person:e000677~28973c342584,person,acme,E000677,Sofia Lindqvist,Buyer,DEPT-19,false,2025-05-12T21:21:16Z,\N,2025-06-07T15:59:00Z,\N,1,assert
acme:person:e001480~aa4940d059e9,person,acme,E001480,Farid Nakamura,Architect,DEPT-18,false,2025-04-09T21:15:13Z,\N,2025-06-08T17:51:03Z,\N,1,assert
acme:person:e002293~3f622ebeb670,person,acme,E002293,Lars Wagner,Technician,DEPT-12,false,2025-06-03T20:15:13Z,\N,2025-06-08T11:20:26Z,\N,1,assert
acme:person:e002322~46bfbdcb3b07,person,acme,E002322,Chidi Pereira,Architect,CC-0003,false,2025-04-23T23:20:05Z,\N,2025-06-08T06:11:15Z,\N,1,assert
acme:person:e002643~fd30368326b5,person,acme,E002643,Jonas Oyelaran,Auditor,DEPT-16,false,2025-04-22T05:27:49Z,\N,2025-06-08T19:46:10Z,\N,1,assert
acme:person:e001543~4aae91225aa7,person,acme,E001543,Marcus Fontaine,Analyst,CC-0004,false,2025-06-08T14:20:41Z,\N,2025-06-09T16:17:51Z,\N,1,assert
acme:person:e001650~666f282f78d6,person,acme,E001650,Lucia Silvestri,Engineer,DEPT-22,false,2025-04-17T12:42:43Z,\N,2025-06-09T05:50:56Z,\N,1,assert
acme:person:e002232~c2d5f8499599,person,acme,E002232,Clara Okonkwo,Architect,DEPT-11,false,2025-05-14T09:12:39Z,\N,2025-06-09T23:24:05Z,\N,1,assert
acme:person:e002784~e307d3e43797,person,acme,E002784,Quinn Oyelaran,Architect,DEPT-04,false,2025-04-27T23:44:04Z,\N,2025-06-09T00:02:23Z,\N,1,assert
acme:person:e002480~de8643cab12a,person,acme,E002480,Jonas Bergstrom,Buyer,CC-0013,false,2025-05-14T04:16:27Z,\N,2025-06-10T07:23:00Z,\N,1,assert
acme:person:e001590~4781b0bd7634,person,acme,E001590,Quinn Silvestri,Auditor,DEPT-16,false,2025-06-11T01:45:44Z,\N,2025-06-11T01:45:44Z,\N,1,assert
acme:person:e001943~ea23eef95019,person,acme,E001943,Leila Lindqvist,Manager,DEPT-04,false,2025-05-17T10:33:04Z,\N,2025-06-11T11:34:57Z,\N,1,assert
acme:person:e001111~391512761a34,person,acme,E001111,Mira Novak,Buyer,DIV-CORP,false,2025-04-17T07:29:58Z,\N,2025-06-12T07:43:14Z,\N,1,assert
acme:person:e001986~e1c2a4753358,person,acme,E001986,Dmitri Santos,Engineer,DEPT-05,false,2025-05-16T04:32:53Z,\N,2025-06-12T00:16:43Z,\N,1,assert
acme:person:e002978~3e37f1eb16a3,person,acme,E002978,Renata Fontaine,Analyst,DEPT-21,false,2025-06-10T22:37:33Z,\N,2025-06-12T21:57:46Z,\N,1,assert
acme:person:e001139~bfc60896fcd2,person,acme,E001139,Xenia Weiss,Auditor,DEPT-06,false,2025-05-31T06:17:31Z,\N,2025-06-13T07:58:19Z,\N,1,assert
acme:person:e001696~6ef8b2c65d87,person,acme,E001696,Oliver Santos,Buyer,DEPT-06,false,2025-04-19T17:01:45Z,\N,2025-06-13T13:14:49Z,\N,1,assert
acme:person:e000180~cbfd9ddefa5b,person,acme,E000180,Kwame Okonkwo,Analyst,DEPT-24,true,2025-04-18T23:47:50Z,2025-11-14T00:34:13Z,2025-06-14T06:23:58Z,\N,1,assert
acme:person:e000179~960c4f4f15ce,person,acme,E000179,Nadia Gundersen,Manager,CC-0005,false,2025-06-01T18:14:02Z,\N,2025-06-14T19:23:03Z,\N,1,assert
acme:person:e001976~ec2846920fb5,person,acme,E001976,Bruno Pereira,Manager,DEPT-20,false,2025-05-28T06:27:13Z,\N,2025-06-14T03:50:35Z,\N,1,assert
acme:person:e003383~46938685b3e8,person,acme,E003383,Paola Quintero,Analyst,DEPT-07,false,2025-06-02T18:52:18Z,\N,2025-06-16T16:04:26Z,\N,1,assert
acme:person:e000994~a6baba6affaf,person,acme,E000994,Liam Haddad,Manager,DIV-CORP,false,2025-05-05T08:06:20Z,\N,2025-06-18T10:07:24Z,\N,1,assert
acme:person:e002342~5ca7cdcd2c0a,person,acme,E002342,Hugo Schneider,Auditor,CC-0006,false,2025-05-22T16:22:13Z,\N,2025-06-18T21:34:52Z,\N,1,assert
acme:person:e001622~5eabcb1b772d,person,acme,E001622,Priya Silvestri,Manager,DIV-CORP,false,2025-06-18T05:03:43Z,\N,2025-06-19T21:18:22Z,\N,1,assert
acme:person:e002944~232b445b5cbf,person,acme,E002944,Ursula Ivanova,Architect,DEPT-18,false,2025-06-18T07:16:06Z,\N,2025-06-19T19:45:36Z,\N,1,assert
acme:person:e002328~d8dfd0bb7c96,person,acme,E002328,Rafael Chowdhury,Architect,DEPT-24,false,2025-06-19T01:22:25Z,\N,2025-06-20T14:13:14Z,\N,1,assert
acme:person:e003217~293d2146ff06,person,acme,E003217,Xenia Weiss,Auditor,DEPT-11,false,2025-06-11T13:33:45Z,\N,2025-06-21T00:20:22Z,\N,1,assert
acme:person:e000399~fa293f1c4438,person,acme,E000399,Lars Weiss,Auditor,CC-0002,false,2025-06-09T22:34:44Z,\N,2025-06-22T03:00:36Z,\N,1,assert
acme:person:e000482~3e7e9cee2304,person,acme,E000482,Lucia Yilmaz,Analyst,DEPT-21,false,2025-05-17T05:53:03Z,\N,2025-06-22T10:20:15Z,\N,1,assert
acme:person:e000844~b2fb75194d7b,person,acme,E000844,Nadia Novak,Manager,CC-0001,false,2025-05-25T16:04:26Z,\N,2025-06-22T00:53:03Z,\N,1,assert
acme:person:e003774~a4901e30d785,person,acme,E003774,Zara Kaminski,Buyer,DEPT-19,false,2025-06-14T09:34:45Z,\N,2025-06-22T08:19:51Z,\N,1,assert
acme:person:e001292~3716247f1a3e,person,acme,E001292,Oliver Abbott,Buyer,DEPT-19,false,2025-05-22T06:19:15Z,\N,2025-06-23T01:52:14Z,\N,1,assert
acme:person:e003119~3e8e27ecaf03,person,acme,E003119,Paola Lindqvist,Architect,DEPT-12,false,2025-05-17T22:35:23Z,\N,2025-06-23T12:55:51Z,\N,1,assert
acme:person:e002379~870859e4fa5a,person,acme,E002379,Chidi Zhang,Auditor,DEPT-10,false,2025-05-23T00:08:58Z,\N,2025-06-24T04:14:38Z,\N,1,assert
acme:person:e000458~eed7232e8cb1,person,acme,E000458,Lucia Schneider,Engineer,DIV-CORP,false,2025-05-30T07:21:39Z,\N,2025-06-25T12:24:22Z,\N,1,assert
acme:person:e001744~957e28400de9,person,acme,E001744,Yusuf Bergstrom,Engineer,DEPT-13,false,2025-05-15T04:02:42Z,\N,2025-06-25T14:37:24Z,\N,1,assert
acme:person:e002052~ac39f30b16d5,person,acme,E002052,Paola Bergstrom,Auditor,CC-0011,false,2025-04-27T04:25:52Z,\N,2025-06-25T20:47:13Z,\N,1,assert
acme:person:e003928~747d652129d1,person,acme,E003928,Sofia Chowdhury,Architect,DEPT-02,false,2025-06-25T06:49:06Z,\N,2025-06-25T06:49:06Z,\N,1,assert
acme:person:e002443~040d906199cb,person,acme,E002443,Xenia Novak,Auditor,CC-0011,false,2025-05-04T23:32:43Z,\N,2025-06-26T12:03:23Z,\N,1,assert
acme:person:e002673~62d5281528ea,person,acme,E002673,Fatima Rasmussen,Technician,DEPT-16,false,2025-04-29T16:06:05Z,\N,2025-06-27T23:19:02Z,\N,1,assert
acme:person:e003267~4181d5059b1b,person,acme,E003267,Anders Okonkwo,Auditor,DEPT-14,false,2025-06-21T13:07:55Z,\N,2025-06-27T09:20:07Z,\N,1,assert
acme:person:e000578~4bda2159ccdd,person,acme,E000578,Xenia Haddad,Buyer,DEPT-04,false,2025-06-23T21:03:06Z,\N,2025-06-28T03:05:04Z,\N,1,assert
acme:person:e001619~8a39ae60b2d7,person,acme,E001619,Tomas Vaughan,Buyer,DEPT-20,false,2025-05-29T15:27:32Z,\N,2025-06-28T19:08:21Z,\N,1,assert
acme:person:e001165~396f55f663f8,person,acme,E001165,Yara Gallagher,Auditor,CC-0010,false,2025-06-06T17:13:41Z,\N,2025-06-29T10:50:47Z,\N,1,assert
acme:person:e000263~80cf91e82ecd,person,acme,E000263,Mira Rasmussen,Auditor,DEPT-18,false,2025-06-21T10:33:34Z,\N,2025-06-30T04:43:54Z,\N,1,assert
acme:person:e001750~52ef0ac8f722,person,acme,E001750,Rafael Yilmaz,Engineer,CC-0003,false,2025-06-17T13:57:19Z,\N,2025-07-01T05:50:33Z,\N,1,assert
acme:person:e003720~b57f5745764e,person,acme,E003720,Hugo Ivanova,Manager,DEPT-09,false,2025-06-12T15:28:26Z,\N,2025-07-01T08:25:05Z,\N,1,assert
acme:person:e003627~15984a7436e3,person,acme,E003627,Chidi Nakamura,Engineer,DEPT-14,false,2025-05-09T08:06:07Z,\N,2025-07-02T06:35:43Z,\N,1,assert
acme:person:e000135~fca9c93476b1,person,acme,E000135,Mira Castellanos,Auditor,DEPT-22,false,2025-06-02T07:45:09Z,\N,2025-07-04T18:33:57Z,\N,1,assert
acme:person:e002151~99bc06bc5a73,person,acme,E002151,Samir Mbatha,Technician,CC-0009,false,2025-05-25T18:27:34Z,\N,2025-07-04T08:58:46Z,\N,1,assert
acme:person:e003433~f8b9648d82fb,person,acme,E003433,Keiko Haddad,Manager,CC-0013,false,2025-06-28T12:11:50Z,\N,2025-07-04T18:25:50Z,\N,1,assert
acme:person:e000959~b9128d741116,person,acme,E000959,Anika Quintero,Engineer,CC-0009,false,2025-06-12T19:37:24Z,\N,2025-07-05T09:24:40Z,\N,1,assert
acme:person:e002587~0cba47c519d1,person,acme,E002587,Liam Santos,Architect,DEPT-21,false,2025-06-02T09:06:09Z,\N,2025-07-05T21:22:42Z,\N,1,assert
acme:person:e002604~fcf3b8ac8ce5,person,acme,E002604,Chidi Castellanos,Architect,DEPT-13,false,2025-06-11T03:45:53Z,\N,2025-07-05T21:54:24Z,\N,1,assert
acme:person:e000736~59f2ea366fd3,person,acme,E000736,Marcus Gundersen,Auditor,CC-0002,false,2025-06-09T21:34:39Z,\N,2025-07-06T13:19:46Z,\N,1,assert
acme:person:e001837~0106df62cdb2,person,acme,E001837,Marcus Gallagher,Buyer,DEPT-10,false,2025-06-12T07:54:14Z,\N,2025-07-06T16:37:00Z,\N,1,assert
acme:person:e001992~05f0b34dcfd4,person,acme,E001992,Ada Haddad,Auditor,DEPT-04,false,2025-05-11T04:47:38Z,\N,2025-07-06T04:09:08Z,\N,1,assert
acme:person:e003938~6b24cf5cceae,person,acme,E003938,Marcus Kaminski,Buyer,DEPT-02,false,2025-06-18T17:20:42Z,\N,2025-07-06T21:16:27Z,\N,1,assert
acme:person:e001809~d42b7a7b51fe,person,acme,E001809,Marcus Lindqvist,Architect,DEPT-20,false,2025-05-23T00:37:43Z,\N,2025-07-07T08:28:46Z,\N,1,assert
acme:person:e001790~dd4086744f85,person,acme,E001790,Hugo Oyelaran,Auditor,DEPT-20,false,2025-05-19T18:15:34Z,\N,2025-07-07T11:11:01Z,\N,1,assert
acme:person:e000995~a9ace218a3f0,person,acme,E000995,Gita Gallagher,Manager,DEPT-15,false,2025-06-05T12:03:21Z,\N,2025-07-08T04:54:47Z,\N,1,assert
acme:person:e001891~2144c294564e,person,acme,E001891,Elena Delacroix,Buyer,DEPT-19,false,2025-06-09T05:29:53Z,\N,2025-07-08T02:15:37Z,\N,1,assert
acme:person:e001251~04d9f535a4d8,person,acme,E001251,Renata Schneider,Buyer,CC-0003,false,2025-06-17T02:18:41Z,\N,2025-07-10T02:54:49Z,\N,1,assert
acme:person:e000576~199e0b65dacf,person,acme,E000576,Gita Thorsen,Architect,DEPT-11,false,2025-05-17T03:55:55Z,\N,2025-07-11T15:14:33Z,\N,1,assert
acme:person:e000799~a9b154dcf64f,person,acme,E000799,Anders Ueda,Auditor,DEPT-22,false,2025-06-18T03:58:51Z,\N,2025-07-12T13:12:20Z,\N,1,assert
acme:person:e002942~150a374672fe,person,acme,E002942,Fatima Silvestri,Manager,DEPT-19,false,2025-05-19T06:57:16Z,\N,2025-07-13T04:22:00Z,\N,1,assert
acme:person:e003895~d23710f6f721,person,acme,E003895,Ursula Chowdhury,Analyst,DEPT-09,false,2025-06-14T06:20:45Z,\N,2025-07-13T11:42:24Z,\N,1,assert
acme:person:e000919~b9f37b277b6d,person,acme,E000919,Amara Fontaine,Technician,CC-0011,true,2025-07-02T20:46:21Z,2025-08-20T12:15:52Z,2025-07-14T18:13:22Z,\N,1,assert
acme:person:e002896~9f62a9d5d599,person,acme,E002896,Samir Thorsen,Engineer,DEPT-07,false,2025-07-11T09:23:26Z,\N,2025-07-14T18:51:04Z,\N,1,assert
acme:person:e001088~81708a0dcb39,person,acme,E001088,Elena Abbott,Auditor,CC-0005,false,2025-07-15T04:26:36Z,\N,2025-07-15T04:26:36Z,\N,1,assert
acme:person:e001608~809310727086,person,acme,E001608,Jonas Haddad,Manager,CC-0002,false,2025-06-24T21:49:29Z,\N,2025-07-15T13:52:10Z,\N,1,assert
acme:person:e001066~0aba41261de4,person,acme,E001066,Xenia Yilmaz,Buyer,DEPT-15,true,2025-06-10T10:36:20Z,2025-12-23T08:58:31Z,2025-07-15T18:47:46Z,\N,1,assert
acme:person:e000218~8a2737c34dbb,person,acme,E000218,Bruno Mbatha,Architect,DEPT-06,false,2025-07-16T10:57:13Z,\N,2025-07-16T10:57:13Z,\N,1,assert
acme:person:e001949~2009cc568ffd,person,acme,E001949,Dmitri Nakamura,Manager,DEPT-12,false,2025-06-05T01:30:57Z,\N,2025-07-16T21:55:26Z,\N,1,assert
acme:person:e003850~244375b6d24d,person,acme,E003850,Quinn Santos,Auditor,DIV-CORP,false,2025-06-11T08:41:07Z,\N,2025-07-16T09:51:40Z,\N,1,assert
acme:person:e001876~96f3200b7916,person,acme,E001876,Yara Lindqvist,Analyst,DEPT-10,true,2025-07-01T12:11:31Z,2025-10-15T09:58:50Z,2025-07-17T02:42:58Z,\N,1,assert
acme:person:e001628~0ad225e1b628,person,acme,E001628,Lucia Baptiste,Architect,CC-0008,false,2025-06-11T14:01:28Z,\N,2025-07-17T04:40:29Z,\N,1,assert
acme:person:e001791~9ea48514ae62,person,acme,E001791,Zoltan Kovac,Technician,DEPT-10,false,2025-06-14T04:53:15Z,\N,2025-07-17T18:29:25Z,\N,1,assert
acme:person:e003028~9084859291f3,person,acme,E003028,Keiko Gundersen,Buyer,CC-0006,false,2025-06-12T12:25:00Z,\N,2025-07-17T23:21:15Z,\N,1,assert
acme:person:e003336~ea468d10623f,person,acme,E003336,Keiko Rasmussen,Engineer,DIV-CORP,false,2025-05-27T13:01:45Z,\N,2025-07-17T00:38:42Z,\N,1,assert
acme:person:e001850~46e8c68d0d51,person,acme,E001850,Renata Oyelaran,Manager,CC-0007,false,2025-06-17T23:32:34Z,\N,2025-07-18T00:56:04Z,\N,1,assert
acme:person:e002065~4bf0be81ad5b,person,acme,E002065,Anika Abbott,Buyer,CC-0001,false,2025-06-23T15:30:21Z,\N,2025-07-18T16:54:55Z,\N,1,assert
acme:person:e000945~47eec488e0db,person,acme,E000945,Yusuf Lindqvist,Technician,DEPT-20,false,2025-05-24T15:37:57Z,\N,2025-07-19T04:32:30Z,\N,1,assert
acme:person:e003056~a6c3f1f0576e,person,acme,E003056,Anika Quintero,Technician,DEPT-17,true,2025-05-30T22:02:02Z,2026-06-20T06:23:16Z,2025-07-19T19:43:36Z,\N,1,assert
acme:person:e001509~2ac6c1eee005,person,acme,E001509,Fatima Mbatha,Technician,DEPT-02,false,2025-07-06T21:25:06Z,\N,2025-07-20T05:49:48Z,\N,1,assert
acme:person:e002961~f7f12bc65252,person,acme,E002961,Ibrahim Oyelaran,Architect,CC-0014,false,2025-06-09T13:28:18Z,\N,2025-07-21T17:09:25Z,\N,1,assert
acme:person:e003684~0d17c69bbdd1,person,acme,E003684,Kwame Marchetti,Engineer,DEPT-05,false,2025-06-01T02:08:31Z,\N,2025-07-21T23:57:02Z,\N,1,assert
acme:person:e003343~88d9924f760b,person,acme,E003343,Lars Ivanova,Architect,DEPT-02,false,2025-06-01T03:15:23Z,\N,2025-07-22T20:29:22Z,\N,1,assert
acme:person:e000641~3cde6a198aeb,person,acme,E000641,Hugo Gallagher,Analyst,CC-0004,false,2025-05-27T09:36:39Z,\N,2025-07-23T15:14:31Z,\N,1,assert
acme:person:e001379~d904510ad430,person,acme,E001379,Felix Thorsen,Architect,DEPT-17,false,2025-06-13T16:55:31Z,\N,2025-07-23T06:35:41Z,\N,1,assert
acme:person:e002369~aa37abdad7e5,person,acme,E002369,Yusuf Bergstrom,Technician,CC-0008,false,2025-06-18T21:51:23Z,\N,2025-07-24T13:37:14Z,\N,1,assert
acme:person:e003125~3be744536eb4,person,acme,E003125,Amara Vaughan,Technician,DEPT-05,false,2025-06-03T06:20:41Z,\N,2025-07-24T06:08:17Z,\N,1,assert
acme:person:e000621~078b203889a6,person,acme,E000621,Tomas Gallagher,Auditor,CC-0004,false,2025-06-06T11:57:21Z,\N,2025-07-25T05:11:54Z,\N,1,assert
acme:person:e001184~9dd34a2e486e,person,acme,E001184,Priya Kovac,Engineer,DEPT-23,false,2025-06-06T08:43:09Z,\N,2025-07-25T23:21:29Z,\N,1,assert
acme:person:e001940~c4982eff0687,person,acme,E001940,Rafael Mbatha,Technician,DEPT-14,false,2025-06-13T22:41:51Z,\N,2025-07-26T20:33:15Z,\N,1,assert
acme:person:e003717~bbf6f3a6ca77,person,acme,E003717,Quinn Abbott,Engineer,CC-0010,false,2025-06-01T11:20:40Z,\N,2025-07-26T00:24:30Z,\N,1,assert
acme:person:e000316~ab5501fc3456,person,acme,E000316,Yusuf Wagner,Auditor,CC-0004,false,2025-07-08T10:34:34Z,\N,2025-07-27T16:06:58Z,\N,1,assert
acme:person:e002787~c65d2ee988cf,person,acme,E002787,Zara Thorsen,Analyst,DEPT-11,false,2025-07-18T11:35:42Z,\N,2025-07-28T18:23:25Z,\N,1,assert
acme:person:e002481~a77e4029b2cb,person,acme,E002481,Tomas Zhang,Buyer,DEPT-19,false,2025-06-05T08:59:29Z,\N,2025-07-28T18:35:30Z,\N,1,assert
acme:person:e003178~27c7bf592f49,person,acme,E003178,Tomas Ivanova,Engineer,CC-0014,false,2025-07-18T08:27:48Z,\N,2025-07-28T10:13:50Z,\N,1,assert
acme:person:e003616~14106e7f530a,person,acme,E003616,Noor Thorsen,Auditor,DEPT-06,false,2025-07-09T10:02:09Z,\N,2025-07-29T19:06:57Z,\N,1,assert
acme:person:e000375~80309dfe5ff5,person,acme,E000375,Marcus Kovac,Technician,CC-0007,false,2025-07-19T17:45:29Z,\N,2025-07-31T00:32:29Z,\N,1,assert
acme:person:e002476~b53ddbd3998b,person,acme,E002476,Clara Baptiste,Analyst,DEPT-12,false,2025-07-12T10:33:28Z,\N,2025-07-31T22:42:45Z,\N,1,assert
acme:person:e000517~5a921f3998d8,person,acme,E000517,Quinn Oyelaran,Architect,CC-0001,true,2025-07-29T21:25:04Z,2027-01-27T20:17:04Z,2025-08-01T15:43:00Z,\N,1,assert
acme:person:e000494~9fb636aa4e60,person,acme,E000494,Yara Abbott,Manager,DEPT-03,false,2025-06-20T21:46:11Z,\N,2025-08-02T09:06:47Z,\N,1,assert
acme:person:e002486~1798387c0f56,person,acme,E002486,Kwame Gundersen,Manager,CC-0009,false,2025-07-12T04:26:21Z,\N,2025-08-02T11:15:54Z,\N,1,assert
acme:person:e002751~29eca21c0334,person,acme,E002751,Nadia Jablonski,Analyst,DEPT-15,false,2025-07-11T03:52:41Z,\N,2025-08-03T00:29:48Z,\N,1,assert
acme:person:e002688~58b09b2287a0,person,acme,E002688,Keiko Okonkwo,Analyst,DIV-CORP,false,2025-06-27T05:22:58Z,\N,2025-08-04T02:36:54Z,\N,1,assert
acme:person:e000336~791d8aa5a0d3,person,acme,E000336,Farid Tanaka,Architect,DEPT-19,false,2025-07-31T17:36:35Z,\N,2025-08-05T05:19:10Z,\N,1,assert
acme:person:e002490~afa87c14777b,person,acme,E002490,Nadia Rasmussen,Engineer,DEPT-08,false,2025-07-02T11:38:03Z,\N,2025-08-05T23:02:16Z,\N,1,assert
acme:person:e000683~9a2a723e78f1,person,acme,E000683,Liam Abbott,Engineer,CC-0005,false,2025-06-11T16:37:48Z,\N,2025-08-06T17:33:39Z,\N,1,assert
acme:person:e002543~8dcc0a9732a8,person,acme,E002543,Wen Okonkwo,Engineer,DEPT-21,false,2025-06-19T04:28:46Z,\N,2025-08-06T15:46:24Z,\N,1,assert
acme:person:e003779~7099719a5007,person,acme,E003779,Lucia Silvestri,Technician,CC-0008,false,2025-06-19T19:43:22Z,\N,2025-08-07T11:08:10Z,\N,1,assert
acme:person:e002834~10cfdd66ebc8,person,acme,E002834,Sofia Lindqvist,Manager,CC-0011,false,2025-07-23T23:21:12Z,\N,2025-08-07T19:12:48Z,\N,1,assert
acme:person:e002227~407d7154f808,person,acme,E002227,Leila Wagner,Technician,CC-0008,false,2025-08-10T05:30:21Z,\N,2025-08-11T10:30:28Z,\N,1,assert
acme:person:e003278~fcd2268e926a,person,acme,E003278,Dmitri Kovac,Manager,DEPT-02,false,2025-06-27T10:14:36Z,\N,2025-08-11T21:35:52Z,\N,1,assert
acme:person:e000965~d3e4db96b7b5,person,acme,E000965,Gita Pereira,Analyst,DEPT-13,false,2025-07-06T20:04:35Z,\N,2025-08-12T05:22:47Z,\N,1,assert
acme:person:e001738~0c110234b33e,person,acme,E001738,Renata Haddad,Analyst,DEPT-16,false,2025-07-16T19:51:41Z,\N,2025-08-12T08:19:51Z,\N,1,assert
acme:person:e001819~cc38a9068e6a,person,acme,E001819,Amara Haddad,Manager,CC-0014,true,2025-08-04T05:01:49Z,2025-09-22T08:24:56Z,2025-08-12T15:36:47Z,\N,1,assert
acme:person:e000446~36050353c9b1,person,acme,E000446,Keiko Novak,Architect,CC-0008,false,2025-07-26T16:42:03Z,\N,2025-08-13T21:07:49Z,\N,1,assert
acme:person:e003835~c313975a80f7,person,acme,E003835,Marcus Chowdhury,Buyer,CC-0011,false,2025-07-26T02:03:06Z,\N,2025-08-13T16:13:17Z,\N,1,assert
acme:person:e002544~6c63d1588a00,person,acme,E002544,Chidi Nakamura,Analyst,CC-0003,false,2025-06-15T13:46:55Z,\N,2025-08-14T11:41:34Z,\N,1,assert
acme:person:e003801~d04551316177,person,acme,E003801,Quinn Haddad,Auditor,DIV-CORP,false,2025-06-24T00:06:20Z,\N,2025-08-14T22:23:28Z,\N,1,assert
acme:person:e000842~6d5c97654835,person,acme,E000842,Quinn Fontaine,Engineer,CC-0013,true,2025-06-16T04:31:01Z,2027-11-05T14:52:54Z,2025-08-15T01:16:09Z,\N,1,assert
acme:person:e001660~8f7e937f0c27,person,acme,E001660,Carla Chowdhury,Analyst,DEPT-18,false,2025-07-24T04:14:46Z,\N,2025-08-15T02:17:33Z,\N,1,assert
acme:person:e000513~8bc3c1de6cb7,person,acme,E000513,Felix Fontaine,Engineer,DEPT-02,false,2025-06-18T06:13:11Z,\N,2025-08-16T17:38:00Z,\N,1,assert
acme:person:e001912~2b6a5d8b63bc,person,acme,E001912,Clara Zhang,Engineer,DEPT-17,false,2025-07-10T07:59:32Z,\N,2025-08-16T19:45:50Z,\N,1,assert
acme:person:e002561~d71a12cdab89,person,acme,E002561,Leila Mbatha,Auditor,CC-0004,false,2025-07-28T05:46:06Z,\N,2025-08-16T13:51:44Z,\N,1,assert
acme:person:e003673~e52156bcd6e5,person,acme,E003673,Lars Silvestri,Engineer,DEPT-02,false,2025-07-01T20:07:40Z,\N,2025-08-18T04:41:36Z,\N,1,assert
acme:person:e000950~48ee126cb80c,person,acme,E000950,Lars Marchetti,Auditor,CC-0010,true,2025-07-24T09:56:09Z,2025-10-12T21:30:58Z,2025-08-18T10:10:51Z,\N,1,assert
acme:person:e003608~dbd05bbd84c2,person,acme,E003608,Keiko Santos,Analyst,DEPT-17,false,2025-08-07T15:44:19Z,\N,2025-08-19T20:31:47Z,\N,1,assert
acme:person:e000431~a74a2a4c0264,person,acme,E000431,Zoltan Ivanova,Analyst,DEPT-24,false,2025-08-11T21:52:57Z,\N,2025-08-20T01:10:00Z,\N,1,assert
acme:person:e001196~48293b004fec,person,acme,E001196,Kwame Tanaka,Engineer,CC-0002,false,2025-08-02T23:00:31Z,\N,2025-08-21T01:06:56Z,\N,1,assert
acme:person:e002458~98074b76a759,person,acme,E002458,Sofia Yilmaz,Auditor,DEPT-24,false,2025-07-27T17:11:56Z,\N,2025-08-21T02:50:36Z,\N,1,assert
acme:person:e000221~79a4b09f1911,person,acme,E000221,Leila Castellanos,Technician,DEPT-08,false,2025-08-09T06:37:16Z,\N,2025-08-23T17:24:18Z,\N,1,assert
acme:person:e001339~cb847a5d7331,person,acme,E001339,Elena Chowdhury,Engineer,DEPT-24,false,2025-08-16T20:48:30Z,\N,2025-08-23T11:15:26Z,\N,1,assert
acme:person:e002582~e9ba6e63482d,person,acme,E002582,Ingrid Kaminski,Technician,CC-0004,false,2025-08-04T03:39:05Z,\N,2025-08-25T03:58:04Z,\N,1,assert
acme:person:e003133~01c512d05f3c,person,acme,E003133,Quinn Ivanova,Engineer,DEPT-11,false,2025-07-19T01:42:44Z,\N,2025-08-27T05:31:04Z,\N,1,assert
acme:person:e000012~50355e7fd639,person,acme,E000012,Noor Tanaka,Analyst,CC-0010,false,2025-08-18T03:27:22Z,\N,2025-08-28T07:00:41Z,\N,1,assert
acme:person:e000309~ac751770aa18,person,acme,E000309,Xenia Gundersen,Auditor,DEPT-24,false,2025-07-18T07:21:54Z,\N,2025-08-28T12:52:57Z,\N,1,assert
acme:person:e001094~f513a7105565,person,acme,E001094,Nadia Haddad,Auditor,DEPT-16,false,2025-08-26T01:36:32Z,\N,2025-08-28T23:43:15Z,\N,1,assert
acme:person:e002669~532befbe1c0e,person,acme,E002669,Zara Nakamura,Analyst,CC-0003,false,2025-07-04T10:26:43Z,\N,2025-08-28T15:25:47Z,\N,1,assert
acme:person:e003162~b571b99ae5a4,person,acme,E003162,Hugo Eberhardt,Analyst,DEPT-23,false,2025-07-13T14:36:22Z,\N,2025-08-28T04:54:49Z,\N,1,assert
acme:person:e002069~c385ebea31b6,person,acme,E002069,Carla Delacroix,Engineer,DEPT-06,true,2025-08-19T23:39:35Z,2026-06-14T05:58:52Z,2025-08-29T06:03:53Z,\N,1,assert
acme:person:e000404~11526df7b264,person,acme,E000404,Anika Quintero,Technician,DEPT-23,false,2025-08-21T08:45:14Z,\N,2025-08-30T05:27:43Z,\N,1,assert
acme:person:e002487~19800db7282d,person,acme,E002487,Ingrid Weiss,Auditor,CC-0012,false,2025-07-01T14:14:43Z,\N,2025-08-30T11:57:57Z,\N,1,assert
acme:person:e001835~3896940bae6c,person,acme,E001835,Bruno Castellanos,Architect,DEPT-20,true,2025-08-06T04:24:44Z,2025-10-10T01:29:19Z,2025-08-31T10:38:49Z,\N,1,assert
acme:person:e000014~6f39fd8c9de7,person,acme,E000014,Ada Jablonski,Manager,CC-0003,false,2025-07-02T21:02:05Z,\N,2025-08-31T19:07:51Z,\N,1,assert
acme:person:e002447~d00ee131d94a,person,acme,E002447,Lars Vaughan,Buyer,DEPT-14,false,2025-08-06T07:15:07Z,\N,2025-08-31T23:55:08Z,\N,1,assert
acme:person:e002207~475db8451d1e,person,acme,E002207,Felix Baptiste,Auditor,DEPT-13,false,2025-08-24T03:30:08Z,\N,2025-09-01T15:41:48Z,\N,1,assert
acme:person:e003460~d5d5e03e0c4d,person,acme,E003460,Fatima Kaminski,Architect,DEPT-18,false,2025-08-05T07:54:59Z,\N,2025-09-01T13:47:57Z,\N,1,assert
acme:person:e003820~539a35452923,person,acme,E003820,Liam Quintero,Manager,CC-0013,false,2025-07-29T03:58:18Z,\N,2025-09-01T21:18:45Z,\N,1,assert
acme:person:e001131~867ab25b0cab,person,acme,E001131,Carla Kovac,Manager,DEPT-15,false,2025-07-16T02:22:05Z,\N,2025-09-03T15:36:23Z,\N,1,assert
acme:person:e002106~e104d72b53e8,person,acme,E002106,Xenia Tanaka,Manager,CC-0009,false,2025-07-23T23:20:27Z,\N,2025-09-04T20:12:53Z,\N,1,assert
acme:person:e002330~1576d4f45259,person,acme,E002330,Zara Yilmaz,Analyst,DEPT-09,false,2025-07-14T21:04:41Z,\N,2025-09-04T13:50:56Z,\N,1,assert
acme:person:e002118~a609732b88eb,person,acme,E002118,Ibrahim Wagner,Technician,DEPT-04,false,2025-08-14T09:53:56Z,\N,2025-09-05T02:05:24Z,\N,1,assert
acme:person:e003610~c151a2bcd1a6,person,acme,E003610,Farid Silvestri,Buyer,CC-0002,false,2025-09-01T14:37:41Z,\N,2025-09-08T02:22:18Z,\N,1,assert
acme:person:e000462~f21bb6288c8e,person,acme,E000462,Tomas Yilmaz,Technician,DEPT-22,false,2025-08-07T06:58:10Z,\N,2025-09-09T22:15:12Z,\N,1,assert
acme:person:e001328~191f9aaee246,person,acme,E001328,Paola Gundersen,Analyst,DEPT-12,false,2025-07-30T18:18:05Z,\N,2025-09-09T06:36:13Z,\N,1,assert
acme:person:e001724~3051bf8464d5,person,acme,E001724,Kwame Rasmussen,Architect,DEPT-07,false,2025-09-09T01:59:25Z,\N,2025-09-10T17:50:50Z,\N,1,assert
acme:person:e003290~a7cbb7b21663,person,acme,E003290,Paola Delacroix,Buyer,CC-0014,false,2025-08-14T19:09:31Z,\N,2025-09-10T13:15:15Z,\N,1,assert
acme:person:e000543~b53595071f3d,person,acme,E000543,Chidi Silvestri,Auditor,DEPT-10,false,2025-08-05T20:09:37Z,\N,2025-09-11T09:17:22Z,\N,1,assert
acme:person:e000652~123c6a1483db,person,acme,E000652,Clara Schneider,Architect,DEPT-04,false,2025-08-07T09:34:29Z,\N,2025-09-11T03:20:09Z,\N,1,assert
acme:person:e001384~2d91be132314,person,acme,E001384,Bruno Weiss,Analyst,DEPT-01,false,2025-09-08T22:03:31Z,\N,2025-09-11T22:04:27Z,\N,1,assert
acme:person:e003531~f7e8f9b8a8c1,person,acme,E003531,Kwame Silvestri,Architect,CC-0006,false,2025-09-11T23:20:52Z,\N,2025-09-11T23:20:52Z,\N,1,assert
acme:person:e001715~2b87e1ea1dac,person,acme,E001715,Zoltan Eberhardt,Auditor,DEPT-08,false,2025-07-24T07:34:37Z,\N,2025-09-12T00:14:45Z,\N,1,assert
acme:person:e001776~20bc38c639d9,person,acme,E001776,Anika Vaughan,Analyst,CC-0013,false,2025-07-20T03:57:17Z,\N,2025-09-12T11:57:53Z,\N,1,assert
acme:person:e002881~957397cb0877,person,acme,E002881,Ursula Silvestri,Buyer,DEPT-12,false,2025-09-12T10:59:30Z,\N,2025-09-12T10:59:30Z,\N,1,assert
acme:person:e001092~cbbd6658c5c7,person,acme,E001092,Liam Tanaka,Technician,DIV-CORP,false,2025-08-11T12:02:00Z,\N,2025-09-13T14:04:31Z,\N,1,assert
acme:person:e001104~e674a6435245,person,acme,E001104,Hugo Ivanova,Manager,DEPT-23,false,2025-08-03T01:23:10Z,\N,2025-09-13T20:39:17Z,\N,1,assert
acme:person:e001361~d6e8ab7f01a6,person,acme,E001361,Zoltan Kovac,Buyer,CC-0004,false,2025-08-22T03:01:20Z,\N,2025-09-13T17:39:33Z,\N,1,assert
acme:person:e003146~e45765921cee,person,acme,E003146,Anders Weiss,Buyer,DEPT-19,false,2025-08-23T18:56:38Z,\N,2025-09-13T15:08:02Z,\N,1,assert
acme:person:e003734~eaef17cbb3b3,person,acme,E003734,Lucia Schneider,Buyer,CC-0014,false,2025-08-30T22:25:30Z,\N,2025-09-13T03:56:18Z,\N,1,assert
acme:person:e001108~425b75663d42,person,acme,E001108,Hugo Tanaka,Engineer,CC-0002,false,2025-07-30T17:11:59Z,\N,2025-09-14T10:56:54Z,\N,1,assert
acme:person:e001823~bb8cda887eff,person,acme,E001823,Dmitri Bergstrom,Manager,DEPT-22,false,2025-07-18T18:49:56Z,\N,2025-09-14T22:23:42Z,\N,1,assert
acme:person:e003324~42b4150657b5,person,acme,E003324,Carla Santos,Manager,CC-0004,false,2025-07-26T13:54:20Z,\N,2025-09-14T19:52:27Z,\N,1,assert
acme:person:e000409~90b768b66999,person,acme,E000409,Vikram Schneider,Manager,DEPT-07,false,2025-08-14T18:14:34Z,\N,2025-09-15T02:28:39Z,\N,1,assert
acme:person:e000908~f06cf2a57f95,person,acme,E000908,Yusuf Novak,Technician,CC-0007,false,2025-09-15T22:54:11Z,\N,2025-09-15T22:54:11Z,\N,1,assert
acme:person:e003188~d24ec7f9c64d,person,acme,E003188,Lucia Abbott,Engineer,CC-0004,false,2025-08-16T07:04:38Z,\N,2025-09-16T02:16:10Z,\N,1,assert
acme:person:e003570~002d4d202a3e,person,acme,E003570,Liam Fontaine,Manager,CC-0001,false,2025-08-05T18:55:14Z,\N,2025-09-16T04:28:59Z,\N,1,assert
acme:person:e003606~8a542797cb34,person,acme,E003606,Samir Chowdhury,Architect,CC-0004,false,2025-08-06T11:18:15Z,\N,2025-09-16T04:18:52Z,\N,1,assert
acme:person:e000491~13afb383baae,person,acme,E000491,Nadia Bergstrom,Technician,DEPT-06,false,2025-08-16T14:45:13Z,\N,2025-09-17T20:38:03Z,\N,1,assert
acme:person:e001979~786ea44189ee,person,acme,E001979,Samir Fontaine,Buyer,CC-0013,false,2025-08-05T06:22:35Z,\N,2025-09-17T02:47:56Z,\N,1,assert
acme:person:e002252~cbd92ab14304,person,acme,E002252,Anders Nakamura,Architect,DEPT-05,false,2025-09-06T03:55:30Z,\N,2025-09-17T08:39:14Z,\N,1,assert
acme:person:e001567~3ce6461a551d,person,acme,E001567,Sofia Quintero,Buyer,DEPT-06,false,2025-09-16T01:26:42Z,\N,2025-09-18T04:39:24Z,\N,1,assert
acme:person:e003697~a203b9e0197e,person,acme,E003697,Farid Fontaine,Manager,CC-0005,false,2025-07-30T14:20:22Z,\N,2025-09-18T12:54:02Z,\N,1,assert
acme:person:e000515~a3546c32af46,person,acme,E000515,Bruno Lindqvist,Engineer,CC-0008,false,2025-09-16T14:32:51Z,\N,2025-09-19T14:40:17Z,\N,1,assert
acme:person:e002919~fb24435821b8,person,acme,E002919,Yusuf Fontaine,Manager,DEPT-20,false,2025-08-09T14:56:18Z,\N,2025-09-19T14:50:21Z,\N,1,assert
acme:person:e003034~612b576af340,person,acme,E003034,Ingrid Gundersen,Manager,DEPT-11,false,2025-08-15T11:58:41Z,\N,2025-09-19T07:06:29Z,\N,1,assert
acme:person:e001555~0245507e8ea6,person,acme,E001555,Mira Marchetti,Architect,DEPT-20,false,2025-08-02T03:37:01Z,\N,2025-09-20T08:32:46Z,\N,1,assert
acme:person:e003787~23fc03bd926b,person,acme,E003787,Elena Novak,Manager,DEPT-17,false,2025-07-30T16:49:43Z,\N,2025-09-20T20:10:40Z,\N,1,assert
acme:person:e003442~0a87e1a052a7,person,acme,E003442,Chidi Rasmussen,Auditor,DEPT-23,false,2025-08-01T00:28:15Z,\N,2025-09-20T21:34:05Z,\N,1,assert
acme:person:e003399~51498f31f867,person,acme,E003399,Dmitri Tanaka,Engineer,CC-0004,false,2025-08-26T06:55:25Z,\N,2025-09-21T09:30:51Z,\N,1,assert
acme:person:e000944~62bf79eb2d81,person,acme,E000944,Vikram Bergstrom,Manager,DEPT-05,false,2025-07-24T04:48:42Z,\N,2025-09-22T21:32:56Z,\N,1,assert
acme:person:e002505~544cc9247ad1,person,acme,E002505,Sofia Tanaka,Analyst,DEPT-16,false,2025-08-19T13:36:53Z,\N,2025-09-22T00:23:08Z,\N,1,assert
acme:person:e002861~36a2cc8b8207,person,acme,E002861,Ursula Abbott,Architect,CC-0007,false,2025-07-27T04:31:35Z,\N,2025-09-22T14:57:47Z,\N,1,assert
acme:person:e000932~911a9a147920,person,acme,E000932,Elena Kovac,Architect,DEPT-24,false,2025-09-16T08:08:40Z,\N,2025-09-23T12:59:57Z,\N,1,assert
acme:person:e003170~27f1d4a90c1d,person,acme,E003170,Priya Castellanos,Auditor,DEPT-04,false,2025-09-10T10:58:43Z,\N,2025-09-23T19:46:06Z,\N,1,assert
acme:person:e001494~859a1f08be14,person,acme,E001494,Liam Chowdhury,Auditor,DEPT-06,false,2025-08-13T07:47:34Z,\N,2025-09-25T22:08:28Z,\N,1,assert
acme:person:e002165~354053c29cd4,person,acme,E002165,Keiko Quintero,Analyst,DEPT-08,false,2025-09-08T02:28:09Z,\N,2025-09-25T07:52:48Z,\N,1,assert
acme:person:e002299~1a2797dae17c,person,acme,E002299,Ada Quintero,Buyer,CC-0011,false,2025-08-24T12:20:23Z,\N,2025-09-25T15:17:12Z,\N,1,assert
acme:person:e000211~7d05b8a6125e,person,acme,E000211,Carla Weiss,Technician,DEPT-15,false,2025-08-01T15:18:40Z,\N,2025-09-26T00:50:57Z,\N,1,assert
acme:person:e002864~27c613fa1371,person,acme,E002864,Wen Nakamura,Engineer,CC-0007,true,2025-08-22T08:17:33Z,2026-03-04T22:42:41Z,2025-09-28T11:48:50Z,\N,1,assert
acme:person:e001093~29de1053e5f9,person,acme,E001093,Ursula Vaughan,Manager,DEPT-04,false,2025-08-23T19:01:15Z,\N,2025-09-28T23:03:16Z,\N,1,assert
acme:person:e002471~b029f8c54235,person,acme,E002471,Samir Kovac,Auditor,DEPT-10,false,2025-09-04T06:19:17Z,\N,2025-09-28T18:54:35Z,\N,1,assert
acme:person:e003769~0cb74ebea54d,person,acme,E003769,Anika Lindqvist,Architect,DEPT-09,false,2025-09-13T17:20:35Z,\N,2025-09-28T07:18:32Z,\N,1,assert
acme:person:e001972~991b2c801137,person,acme,E001972,Priya Vaughan,Auditor,CC-0002,false,2025-08-20T10:09:42Z,\N,2025-09-29T13:06:52Z,\N,1,assert
acme:person:e002171~ca6e982f6b14,person,acme,E002171,Dmitri Novak,Buyer,CC-0007,false,2025-08-10T02:30:49Z,\N,2025-09-29T12:30:44Z,\N,1,assert
acme:person:e000215~5a1b51d417e3,person,acme,E000215,Renata Ivanova,Analyst,CC-0006,false,2025-08-28T12:37:18Z,\N,2025-09-30T03:24:10Z,\N,1,assert
acme:person:e002228~2948c3c868eb,person,acme,E002228,Yusuf Wagner,Technician,DEPT-09,false,2025-08-19T23:10:27Z,\N,2025-09-30T05:41:44Z,\N,1,assert
acme:person:e003390~13a043f63009,person,acme,E003390,Kwame Wagner,Buyer,CC-0006,false,2025-08-15T11:26:41Z,\N,2025-10-04T01:07:32Z,\N,1,assert
acme:person:e003861~1442ec209a55,person,acme,E003861,Tomas Yilmaz,Manager,DEPT-10,false,2025-08-13T20:46:56Z,\N,2025-10-04T12:26:57Z,\N,1,assert
acme:person:e002642~6284d685577b,person,acme,E002642,Anders Baptiste,Engineer,DEPT-19,false,2025-08-23T06:16:27Z,\N,2025-10-05T19:10:22Z,\N,1,assert
acme:person:e001510~a30a815d402a,person,acme,E001510,Hugo Schneider,Buyer,CC-0012,false,2025-09-06T18:28:46Z,\N,2025-10-06T12:38:14Z,\N,1,assert
acme:person:e003407~61f9907a1278,person,acme,E003407,Sofia Abbott,Buyer,CC-0011,false,2025-09-14T21:25:20Z,\N,2025-10-06T04:50:24Z,\N,1,assert
acme:person:e003915~5c67e23cac51,person,acme,E003915,Lucia Tanaka,Manager,CC-0004,true,2025-09-21T04:47:30Z,2026-09-01T13:53:49Z,2025-10-08T06:39:50Z,\N,1,assert
acme:person:e002598~2eaefbe0c0cb,person,acme,E002598,Rafael Lindqvist,Auditor,DEPT-05,false,2025-08-14T17:12:50Z,\N,2025-10-08T10:13:34Z,\N,1,assert
acme:person:e000061~a6c30402826a,person,acme,E000061,Hugo Gallagher,Manager,DEPT-04,true,2025-10-03T04:59:05Z,2026-01-02T01:18:45Z,2025-10-09T04:42:22Z,\N,1,assert
acme:person:e000733~07983527e459,person,acme,E000733,Amara Castellanos,Technician,CC-0010,false,2025-09-11T21:14:29Z,\N,2025-10-09T08:25:59Z,\N,1,assert
acme:person:e003092~6766c633908a,person,acme,E003092,Paola Zhang,Architect,CC-0005,false,2025-08-29T06:36:18Z,\N,2025-10-09T19:19:46Z,\N,1,assert
acme:person:e000178~172325ef36ab,person,acme,E000178,Ibrahim Wagner,Technician,CC-0004,false,2025-10-04T18:22:49Z,\N,2025-10-10T09:46:57Z,\N,1,assert
acme:person:e001117~a35ed445e575,person,acme,E001117,Elena Chowdhury,Technician,DEPT-02,false,2025-08-23T16:19:53Z,\N,2025-10-10T22:13:31Z,\N,1,assert
acme:person:e002679~e618afa3f461,person,acme,E002679,Rafael Abbott,Analyst,DEPT-03,false,2025-08-18T16:34:15Z,\N,2025-10-11T04:48:57Z,\N,1,assert
acme:person:e003053~ac121bd3c918,person,acme,E003053,Marcus Santos,Technician,DEPT-06,false,2025-09-15T01:30:45Z,\N,2025-10-11T14:36:12Z,\N,1,assert
acme:person:e000519~4399849bfeb9,person,acme,E000519,Sofia Oyelaran,Analyst,DEPT-21,false,2025-08-14T21:29:47Z,\N,2025-10-12T21:55:51Z,\N,1,assert
acme:person:e003498~22fc4c29ec71,person,acme,E003498,Kwame Yilmaz,Technician,CC-0002,false,2025-09-03T13:08:55Z,\N,2025-10-13T03:10:50Z,\N,1,assert
acme:person:e003054~4b4b011ed1f0,person,acme,E003054,Zoltan Ivanova,Analyst,DEPT-06,false,2025-09-07T17:53:11Z,\N,2025-10-13T20:00:50Z,\N,1,assert
acme:person:e000301~883f3948b6d5,person,acme,E000301,Marcus Weiss,Analyst,CC-0014,false,2025-08-22T02:14:15Z,\N,2025-10-14T12:19:30Z,\N,1,assert
acme:person:e001325~216104bef12c,person,acme,E001325,Felix Chowdhury,Analyst,DEPT-12,false,2025-10-07T12:27:25Z,\N,2025-10-14T04:05:22Z,\N,1,assert
acme:person:e002529~d7db63608008,person,acme,E002529,Lars Haddad,Analyst,DEPT-17,false,2025-10-01T17:56:27Z,\N,2025-10-14T00:50:54Z,\N,1,assert
acme:person:e003887~41876d84cdf4,person,acme,E003887,Sofia Oyelaran,Auditor,CC-0003,false,2025-09-25T01:09:21Z,\N,2025-10-15T07:52:10Z,\N,1,assert
acme:person:e003907~9891d59cca12,person,acme,E003907,Carla Gallagher,Buyer,DEPT-17,false,2025-10-13T02:15:48Z,\N,2025-10-15T11:12:43Z,\N,1,assert
acme:person:e002381~19d4f454f5b8,person,acme,E002381,Yusuf Mbatha,Technician,DEPT-24,false,2025-09-12T02:22:16Z,\N,2025-10-16T22:36:22Z,\N,1,assert
acme:person:e000915~5f3e2c841e34,person,acme,E000915,Samir Silvestri,Architect,DEPT-09,false,2025-09-19T15:49:42Z,\N,2025-10-17T23:43:34Z,\N,1,assert
acme:person:e002805~4da6ef014723,person,acme,E002805,Ibrahim Castellanos,Engineer,CC-0009,false,2025-09-21T01:42:01Z,\N,2025-10-17T19:42:26Z,\N,1,assert
acme:person:e000193~0fd242242c63,person,acme,E000193,Anders Fontaine,Auditor,DEPT-18,false,2025-09-09T05:43:58Z,\N,2025-10-18T08:02:28Z,\N,1,assert
acme:person:e003177~577532a59eb6,person,acme,E003177,Dmitri Jablonski,Buyer,DEPT-19,false,2025-10-16T01:30:20Z,\N,2025-10-18T13:32:43Z,\N,1,assert
acme:person:e000679~918750f0dad7,person,acme,E000679,Xenia Ueda,Buyer,DEPT-02,false,2025-09-13T17:38:14Z,\N,2025-10-18T17:43:57Z,\N,1,assert
acme:person:e000966~b905c43e3f22,person,acme,E000966,Jonas Kaminski,Engineer,CC-0013,false,2025-09-23T22:27:09Z,\N,2025-10-18T02:21:31Z,\N,1,assert
acme:person:e003160~b976369bf3c3,person,acme,E003160,Kwame Pereira,Buyer,CC-0003,false,2025-10-10T22:59:34Z,\N,2025-10-18T02:02:06Z,\N,1,assert
acme:person:e003172~6507f6531df0,person,acme,E003172,Liam Vaughan,Engineer,DEPT-06,false,2025-09-08T14:35:21Z,\N,2025-10-18T22:58:04Z,\N,1,assert
acme:person:e003436~8343be87966f,person,acme,E003436,Lucia Rasmussen,Buyer,CC-0010,false,2025-08-23T12:03:28Z,\N,2025-10-18T09:53:00Z,\N,1,assert
acme:person:e003607~089c940c468e,person,acme,E003607,Alan Eberhardt,Engineer,CC-0007,false,2025-09-24T03:21:41Z,\N,2025-10-19T04:23:57Z,\N,1,assert
acme:person:e001256~a84dae16dd66,person,acme,E001256,Leila Ivanova,Engineer,DEPT-06,false,2025-09-19T10:59:37Z,\N,2025-10-20T15:26:20Z,\N,1,assert
acme:person:e001732~95b9a8e0495e,person,acme,E001732,Keiko Vaughan,Engineer,DEPT-14,false,2025-09-16T02:41:42Z,\N,2025-10-20T07:22:11Z,\N,1,assert
acme:person:e000170~fafeed2036f9,person,acme,E000170,Xenia Schneider,Architect,DEPT-03,false,2025-10-07T14:54:30Z,\N,2025-10-20T17:35:23Z,\N,1,assert
acme:person:e003341~e7576f336acc,person,acme,E003341,Priya Okonkwo,Technician,CC-0006,false,2025-08-23T10:34:08Z,\N,2025-10-20T23:29:40Z,\N,1,assert
acme:person:e003762~3638bc30b977,person,acme,E003762,Xenia Jablonski,Auditor,DEPT-24,false,2025-09-19T22:56:57Z,\N,2025-10-21T00:52:51Z,\N,1,assert
acme:person:e003871~9a17a86430fe,person,acme,E003871,Chidi Ivanova,Technician,CC-0006,false,2025-10-16T00:36:18Z,\N,2025-10-22T09:21:19Z,\N,1,assert
acme:person:e000391~740b4e44784f,person,acme,E000391,Samir Mbatha,Buyer,DEPT-11,false,2025-10-13T05:34:43Z,\N,2025-10-22T18:00:33Z,\N,1,assert
acme:person:e001006~1d2c42de9856,person,acme,E001006,Dmitri Santos,Engineer,CC-0005,false,2025-10-02T21:03:27Z,\N,2025-10-23T14:48:00Z,\N,1,assert
acme:person:e002135~1057eccab3d6,person,acme,E002135,Dmitri Delacroix,Analyst,CC-0001,false,2025-09-05T09:13:03Z,\N,2025-10-23T11:56:12Z,\N,1,assert
acme:person:e003186~5581c88839c3,person,acme,E003186,Lucia Lindqvist,Buyer,DEPT-04,false,2025-10-21T19:15:56Z,\N,2025-10-23T00:30:19Z,\N,1,assert
acme:person:e000413~85544abc41ae,person,acme,E000413,Zara Haddad,Architect,CC-0013,false,2025-09-02T14:03:21Z,\N,2025-10-24T05:04:21Z,\N,1,assert
acme:person:e000496~5b131bd2b5b8,person,acme,E000496,Elena Vaughan,Auditor,DEPT-04,false,2025-10-11T01:11:22Z,\N,2025-10-24T07:05:51Z,\N,1,assert
acme:person:e003276~60923f1e3801,person,acme,E003276,Ada Zhang,Buyer,DEPT-24,false,2025-10-10T08:18:24Z,\N,2025-10-24T07:41:29Z,\N,1,assert
acme:person:e002268~6e90c9d006d2,person,acme,E002268,Anders Baptiste,Analyst,DEPT-16,false,2025-10-05T10:41:21Z,\N,2025-10-25T09:12:53Z,\N,1,assert
acme:person:e000073~f19fdf21c6df,person,acme,E000073,Quinn Ivanova,Analyst,DEPT-12,false,2025-10-15T01:11:57Z,\N,2025-10-26T08:04:36Z,\N,1,assert
acme:person:e003122~8ca4f93f9088,person,acme,E003122,Zoltan Silvestri,Engineer,DEPT-21,true,2025-09-15T16:06:42Z,2026-12-11T00:55:38Z,2025-10-27T04:34:24Z,\N,1,assert
acme:person:e000693~5a8d96a45adc,person,acme,E000693,Chidi Schneider,Architect,DEPT-17,false,2025-10-01T07:18:36Z,\N,2025-10-27T10:26:58Z,\N,1,assert
acme:person:e000961~9bbc94ee0d59,person,acme,E000961,Leila Eberhardt,Architect,DEPT-12,false,2025-09-17T08:25:38Z,\N,2025-10-28T00:05:17Z,\N,1,assert
acme:person:e003309~67543dae1b61,person,acme,E003309,Keiko Gallagher,Architect,DEPT-07,false,2025-10-22T03:56:39Z,\N,2025-10-28T10:28:07Z,\N,1,assert
acme:person:e000160~01a77ab1111b,person,acme,E000160,Paola Kaminski,Analyst,CC-0003,false,2025-10-20T23:14:16Z,\N,2025-10-29T11:15:13Z,\N,1,assert
acme:person:e002455~5a035b8fc1a5,person,acme,E002455,Lucia Chowdhury,Engineer,CC-0007,false,2025-10-23T22:14:26Z,\N,2025-10-29T22:50:54Z,\N,1,assert
acme:person:e001012~a64c1e77ee5d,person,acme,E001012,Wen Nakamura,Manager,DEPT-21,false,2025-09-20T03:02:43Z,\N,2025-10-30T04:19:58Z,\N,1,assert
acme:person:e002366~e21077fed04d,person,acme,E002366,Rafael Santos,Manager,CC-0010,false,2025-09-30T21:30:52Z,\N,2025-10-30T21:35:24Z,\N,1,assert
acme:person:e002677~b83eac2b2558,person,acme,E002677,Xenia Oyelaran,Buyer,CC-0009,false,2025-10-17T17:59:28Z,\N,2025-10-30T14:08:58Z,\N,1,assert
acme:person:e003922~3b5016605167,person,acme,E003922,Dmitri Haddad,Engineer,CC-0002,false,2025-09-29T04:36:20Z,\N,2025-10-30T17:05:35Z,\N,1,assert
acme:person:e003550~82435ddf3f22,person,acme,E003550,Kwame Fontaine,Technician,CC-0014,true,2025-09-18T15:33:27Z,2028-02-15T11:58:46Z,2025-10-30T22:09:27Z,\N,1,assert
acme:person:e000079~4ef3c18805f5,person,acme,E000079,Jonas Jablonski,Technician,DEPT-11,false,2025-09-08T06:44:19Z,\N,2025-10-31T18:37:42Z,\N,1,assert
acme:person:e001116~7aeb7d0db081,person,acme,E001116,Yara Gallagher,Analyst,DEPT-18,false,2025-09-24T04:34:05Z,\N,2025-10-31T18:37:52Z,\N,1,assert
acme:person:e003308~797a269ef9fd,person,acme,E003308,Nadia Tanaka,Manager,DEPT-05,false,2025-10-02T22:05:10Z,\N,2025-10-31T19:13:41Z,\N,1,assert
acme:person:e000777~c0210b59ddc8,person,acme,E000777,Nadia Gundersen,Manager,CC-0002,true,2025-10-09T14:15:26Z,2027-12-25T06:48:39Z,2025-11-03T16:05:43Z,\N,1,assert
acme:person:e000577~858a7b0bc7a1,person,acme,E000577,Carla Lindqvist,Engineer,CC-0012,false,2025-10-12T05:07:14Z,\N,2025-11-05T01:13:48Z,\N,1,assert
acme:person:e000977~cc2672257380,person,acme,E000977,Zoltan Gundersen,Auditor,DEPT-09,false,2025-10-22T05:19:30Z,\N,2025-11-05T21:31:07Z,\N,1,assert
acme:person:e003112~19fadf768309,person,acme,E003112,Noor Baptiste,Technician,CC-0004,false,2025-10-02T20:08:45Z,\N,2025-11-05T07:00:05Z,\N,1,assert
acme:person:e003173~9b4bec9e1c0d,person,acme,E003173,Farid Weiss,Auditor,CC-0001,false,2025-10-24T20:55:06Z,\N,2025-11-06T03:53:23Z,\N,1,assert
acme:person:e003956~b67fdec93714,person,acme,E003956,Marcus Marchetti,Technician,CC-0008,false,2025-09-20T18:47:21Z,\N,2025-11-06T07:07:50Z,\N,1,assert
acme:person:e003138~73b6de4e0d4c,person,acme,E003138,Kwame Novak,Engineer,DEPT-18,false,2025-10-18T21:04:51Z,\N,2025-11-07T23:36:27Z,\N,1,assert
acme:person:e000611~39d3934431bc,person,acme,E000611,Hugo Oyelaran,Analyst,DEPT-06,false,2025-09-25T05:25:22Z,\N,2025-11-08T06:47:28Z,\N,1,assert
acme:person:e001341~99e4078297a6,person,acme,E001341,Bruno Mbatha,Architect,DEPT-01,false,2025-10-29T16:50:34Z,\N,2025-11-08T00:19:58Z,\N,1,assert
acme:person:e003827~d9f301e3c99d,person,acme,E003827,Carla Schneider,Manager,DEPT-18,false,2025-10-01T08:13:04Z,\N,2025-11-08T15:49:55Z,\N,1,assert
acme:person:e002606~52c1a0908d35,person,acme,E002606,Fatima Silvestri,Technician,CC-0009,false,2025-11-09T04:28:40Z,\N,2025-11-09T04:28:40Z,\N,1,assert
acme:person:e002629~648075e18ebf,person,acme,E002629,Yusuf Jablonski,Architect,DEPT-24,false,2025-09-15T23:16:43Z,\N,2025-11-09T22:48:49Z,\N,1,assert
acme:person:e003736~0dfd2c711610,person,acme,E003736,Fatima Abbott,Architect,DEPT-12,false,2025-10-14T03:27:41Z,\N,2025-11-09T17:46:10Z,\N,1,assert
acme:person:e001508~71513845413f,person,acme,E001508,Noor Schneider,Architect,DEPT-04,false,2025-10-24T14:17:53Z,\N,2025-11-10T15:10:19Z,\N,1,assert
acme:person:e001839~98f57fb2ea1e,person,acme,E001839,Elena Santos,Engineer,DEPT-18,false,2025-09-27T20:16:48Z,\N,2025-11-11T23:06:17Z,\N,1,assert
acme:person:e001934~c5e33ef64527,person,acme,E001934,Marcus Gallagher,Engineer,DEPT-01,false,2025-10-13T20:03:27Z,\N,2025-11-11T17:54:30Z,\N,1,assert
acme:person:e003883~18f66b8cc475,person,acme,E003883,Ursula Rasmussen,Technician,DEPT-08,false,2025-10-12T13:25:45Z,\N,2025-11-11T21:15:42Z,\N,1,assert
acme:person:e000150~b1f98dadb728,person,acme,E000150,Liam Eberhardt,Engineer,DEPT-22,false,2025-09-15T01:42:03Z,\N,2025-11-13T11:03:27Z,\N,1,assert
acme:person:e003333~e26e259397a9,person,acme,E003333,Anders Santos,Engineer,DEPT-12,false,2025-10-20T19:09:47Z,\N,2025-11-13T09:35:14Z,\N,1,assert
acme:person:e003509~7465e06b6db3,person,acme,E003509,Carla Nakamura,Architect,CC-0005,false,2025-11-07T16:12:49Z,\N,2025-11-14T21:07:38Z,\N,1,assert
acme:person:e002507~dc90046d66a3,person,acme,E002507,Samir Zhang,Engineer,DEPT-03,false,2025-09-18T10:17:43Z,\N,2025-11-15T16:15:02Z,\N,1,assert
acme:person:e001185~771f36e0bcab,person,acme,E001185,Zara Baptiste,Manager,CC-0002,false,2025-10-11T23:33:00Z,\N,2025-11-16T01:55:02Z,\N,1,assert
acme:person:e003416~d094bc6e80b0,person,acme,E003416,Oliver Pereira,Engineer,DEPT-12,true,2025-10-15T15:46:15Z,2027-10-31T19:51:54Z,2025-11-18T06:10:18Z,\N,1,assert
acme:person:e002246~d5edec80286a,person,acme,E002246,Keiko Baptiste,Technician,DEPT-03,false,2025-10-23T08:27:39Z,\N,2025-11-18T22:54:19Z,\N,1,assert
acme:person:e000090~fca066e45757,person,acme,E000090,Hugo Okonkwo,Engineer,DEPT-13,false,2025-11-13T19:41:18Z,\N,2025-11-19T01:31:57Z,\N,1,assert
acme:person:e002657~9b4790f0f355,person,acme,E002657,Keiko Nakamura,Analyst,CC-0012,false,2025-10-16T15:08:00Z,\N,2025-11-20T23:38:36Z,\N,1,assert
acme:person:e001595~462be2a28f05,person,acme,E001595,Samir Wagner,Analyst,DEPT-16,false,2025-10-04T03:10:32Z,\N,2025-11-21T02:53:25Z,\N,1,assert
acme:person:e003316~bd58f02f1f67,person,acme,E003316,Zoltan Baptiste,Auditor,CC-0013,false,2025-11-15T21:38:52Z,\N,2025-11-22T13:34:52Z,\N,1,assert
acme:person:e003502~42e31ffd9e8d,person,acme,E003502,Vikram Nakamura,Analyst,DEPT-23,false,2025-10-13T19:25:08Z,\N,2025-11-22T11:14:59Z,\N,1,assert
acme:person:e002463~a4df2af450d9,person,acme,E002463,Tomas Haddad,Technician,CC-0003,false,2025-09-24T06:24:15Z,\N,2025-11-23T03:23:08Z,\N,1,assert
acme:person:e003081~fb8c1016cf32,person,acme,E003081,Fatima Gundersen,Buyer,DEPT-17,false,2025-11-17T06:36:11Z,\N,2025-11-24T15:40:57Z,\N,1,assert
acme:person:e002376~85ed4f42f2b8,person,acme,E002376,Ursula Delacroix,Analyst,DEPT-10,false,2025-10-30T00:58:39Z,\N,2025-11-25T07:00:49Z,\N,1,assert
acme:person:e000654~b3e174018702,person,acme,E000654,Ingrid Nakamura,Manager,DEPT-23,true,2025-10-23T10:34:10Z,2027-09-07T22:56:33Z,2025-11-26T07:29:17Z,\N,1,assert
acme:person:e002808~e810db8a81bb,person,acme,E002808,Samir Rasmussen,Architect,DIV-CORP,false,2025-11-23T06:37:08Z,\N,2025-11-26T09:25:43Z,\N,1,assert
acme:person:e003231~9da16b1d124d,person,acme,E003231,Nadia Jablonski,Technician,CC-0007,false,2025-10-20T08:18:55Z,\N,2025-11-26T09:53:46Z,\N,1,assert
acme:person:e003694~4bea33dff3a5,person,acme,E003694,Oliver Weiss,Architect,CC-0003,false,2025-10-04T12:06:13Z,\N,2025-11-26T06:40:21Z,\N,1,assert
acme:person:e000551~4fa72a6263db,person,acme,E000551,Bruno Yilmaz,Manager,DEPT-11,false,2025-09-28T05:38:23Z,\N,2025-11-27T12:36:30Z,\N,1,assert
acme:person:e003859~8c3c5ac6d1ee,person,acme,E003859,Clara Silvestri,Manager,CC-0002,false,2025-10-14T09:10:12Z,\N,2025-11-27T23:26:33Z,\N,1,assert
acme:person:e000204~808f1ae41e0a,person,acme,E000204,Noor Delacroix,Auditor,DEPT-20,false,2025-11-03T16:46:09Z,\N,2025-11-28T09:28:59Z,\N,1,assert
acme:person:e000347~005312dc8d2a,person,acme,E000347,Clara Gundersen,Analyst,DEPT-12,false,2025-11-22T04:00:46Z,\N,2025-11-28T22:36:56Z,\N,1,assert
acme:person:e002437~c3b5c15f5784,person,acme,E002437,Renata Quintero,Engineer,DEPT-22,false,2025-11-27T17:38:58Z,\N,2025-11-29T21:57:48Z,\N,1,assert
acme:person:e003059~abf9a04c23a5,person,acme,E003059,Wen Kovac,Buyer,DEPT-11,false,2025-11-27T01:05:15Z,\N,2025-11-29T21:32:24Z,\N,1,assert
acme:person:e001464~9223df0f4eb6,person,acme,E001464,Liam Gallagher,Architect,CC-0003,false,2025-10-05T16:22:25Z,\N,2025-11-30T16:44:54Z,\N,1,assert
acme:person:e003901~32e3473ed9d3,person,acme,E003901,Clara Eberhardt,Technician,CC-0005,false,2025-11-16T16:00:09Z,\N,2025-11-30T03:52:35Z,\N,1,assert
acme:person:e001371~55ff99a4589c,person,acme,E001371,Ursula Bergstrom,Engineer,DEPT-08,false,2025-11-29T05:01:22Z,\N,2025-12-01T14:40:54Z,\N,1,assert
acme:person:e003274~080c711de82c,person,acme,E003274,Gita Thorsen,Architect,DEPT-19,false,2025-10-08T16:46:15Z,\N,2025-12-01T00:56:14Z,\N,1,assert
acme:person:e000191~2543c3033ffe,person,acme,E000191,Carla Zhang,Analyst,CC-0010,false,2025-11-28T08:28:42Z,\N,2025-12-02T18:28:15Z,\N,1,assert
acme:person:e001320~e9334531cae2,person,acme,E001320,Xenia Tanaka,Technician,CC-0007,false,2025-11-12T12:05:17Z,\N,2025-12-02T20:58:35Z,\N,1,assert
acme:person:e003489~c99322e478ab,person,acme,E003489,Gita Ueda,Analyst,DEPT-06,false,2025-11-16T03:45:15Z,\N,2025-12-02T18:10:46Z,\N,1,assert
acme:person:e002072~d14be5bed20c,person,acme,E002072,Quinn Ueda,Technician,DEPT-19,false,2025-10-08T21:12:40Z,\N,2025-12-03T04:32:53Z,\N,1,assert
acme:person:e002847~e4b75a21834b,person,acme,E002847,Jonas Chowdhury,Technician,CC-0002,false,2025-11-09T04:15:06Z,\N,2025-12-04T00:53:32Z,\N,1,assert
acme:person:e003260~6710a853ad24,person,acme,E003260,Wen Rasmussen,Engineer,DEPT-22,false,2025-11-10T18:13:22Z,\N,2025-12-04T12:09:44Z,\N,1,assert
acme:person:e000495~cd97c868538d,person,acme,E000495,Ursula Chowdhury,Engineer,CC-0001,false,2025-10-27T16:02:01Z,\N,2025-12-07T18:02:30Z,\N,1,assert
acme:person:e003462~bd820705cde9,person,acme,E003462,Wen Gundersen,Architect,CC-0010,false,2025-11-09T22:21:49Z,\N,2025-12-07T09:55:46Z,\N,1,assert
acme:person:e003088~533645f07201,person,acme,E003088,Liam Weiss,Architect,DIV-CORP,true,2025-11-18T12:13:33Z,2027-01-10T23:55:44Z,2025-12-08T03:54:24Z,\N,1,assert
acme:person:e002818~e972b18d60eb,person,acme,E002818,Lars Tanaka,Engineer,DEPT-02,false,2025-10-13T21:14:43Z,\N,2025-12-08T09:17:53Z,\N,1,assert
acme:person:e001669~c47dc67230bc,person,acme,E001669,Mira Tanaka,Buyer,DEPT-13,true,2025-10-11T18:47:40Z,2027-12-19T07:50:25Z,2025-12-08T17:40:23Z,\N,1,assert
acme:person:e001845~1948e46fb38f,person,acme,E001845,Oliver Zhang,Architect,CC-0008,false,2025-10-26T14:46:19Z,\N,2025-12-08T18:23:28Z,\N,1,assert
acme:person:e002825~a8f7d30dbb88,person,acme,E002825,Clara Oyelaran,Auditor,DEPT-20,false,2025-12-08T23:20:35Z,\N,2025-12-08T23:20:35Z,\N,1,assert
acme:person:e000032~454883dcd024,person,acme,E000032,Jonas Wagner,Technician,CC-0010,false,2025-11-24T06:53:00Z,\N,2025-12-09T06:05:49Z,\N,1,assert
acme:person:e003904~616c01341a5d,person,acme,E003904,Amara Silvestri,Auditor,DEPT-14,false,2025-10-11T02:25:42Z,\N,2025-12-09T15:15:35Z,\N,1,assert
acme:person:e003424~f9be6ca748a5,person,acme,E003424,Chidi Kovac,Manager,CC-0012,false,2025-10-22T05:00:51Z,\N,2025-12-10T01:41:34Z,\N,1,assert
acme:person:e000477~c82318d7aa39,person,acme,E000477,Jonas Fontaine,Manager,CC-0001,false,2025-11-26T17:21:42Z,\N,2025-12-12T20:49:52Z,\N,1,assert
acme:person:e002416~2c0f7f6c1b91,person,acme,E002416,Marcus Haddad,Engineer,DEPT-12,false,2025-11-10T11:14:24Z,\N,2025-12-12T23:18:48Z,\N,1,assert
acme:person:e003879~1386db259c3b,person,acme,E003879,Hugo Castellanos,Buyer,CC-0006,false,2025-11-03T16:27:06Z,\N,2025-12-12T13:32:20Z,\N,1,assert
acme:person:e000816~13baae4b1822,person,acme,E000816,Zoltan Gallagher,Manager,DEPT-13,false,2025-11-18T04:14:37Z,\N,2025-12-13T06:22:21Z,\N,1,assert
acme:person:e000970~35c6cb6d21d5,person,acme,E000970,Paola Bergstrom,Analyst,CC-0012,false,2025-10-29T10:30:07Z,\N,2025-12-13T05:27:57Z,\N,1,assert
acme:person:e001570~24fd4e4b27df,person,acme,E001570,Yara Chowdhury,Engineer,DEPT-18,false,2025-11-24T12:25:04Z,\N,2025-12-13T21:23:52Z,\N,1,assert
acme:person:e000588~9a6a839ac089,person,acme,E000588,Nadia Abbott,Architect,CC-0010,false,2025-11-22T00:27:33Z,\N,2025-12-14T14:12:49Z,\N,1,assert
acme:person:e001899~8e28d692fdfb,person,acme,E001899,Ibrahim Abbott,Engineer,DEPT-19,false,2025-10-22T23:33:17Z,\N,2025-12-14T16:10:26Z,\N,1,assert
acme:person:e002893~0e0d3905fcf1,person,acme,E002893,Oliver Mbatha,Architect,DEPT-09,false,2025-12-06T20:54:03Z,\N,2025-12-14T23:53:22Z,\N,1,assert
acme:person:e003747~6efc5b179239,person,acme,E003747,Anika Castellanos,Analyst,DEPT-15,false,2025-10-15T03:53:56Z,\N,2025-12-14T16:41:51Z,\N,1,assert
acme:person:e001415~c62afbac19ec,person,acme,E001415,Liam Marchetti,Analyst,DEPT-19,false,2025-11-27T12:13:16Z,\N,2025-12-15T01:28:29Z,\N,1,assert
acme:person:e002152~446e8973e3cc,person,acme,E002152,Ada Kaminski,Architect,CC-0010,false,2025-10-19T22:10:49Z,\N,2025-12-15T10:28:02Z,\N,1,assert
acme:person:e002296~02cdb23d9549,person,acme,E002296,Oliver Pereira,Buyer,CC-0011,false,2025-11-06T05:50:43Z,\N,2025-12-15T08:27:00Z,\N,1,assert
acme:person:e002662~747dfe512c03,person,acme,E002662,Hugo Schneider,Manager,DEPT-01,false,2025-11-25T07:50:16Z,\N,2025-12-15T00:27:18Z,\N,1,assert
acme:person:e003402~d9bcd9fe665b,person,acme,E003402,Clara Delacroix,Engineer,CC-0011,false,2025-10-18T03:45:25Z,\N,2025-12-15T06:51:21Z,\N,1,assert
acme:person:e001931~ff21c795d1d1,person,acme,E001931,Xenia Rasmussen,Architect,DEPT-17,false,2025-11-01T23:07:01Z,\N,2025-12-16T02:37:11Z,\N,1,assert
acme:person:e001824~f68a21338c37,person,acme,E001824,Anika Ivanova,Engineer,DEPT-21,false,2025-11-25T08:21:49Z,\N,2025-12-18T13:22:40Z,\N,1,assert
acme:person:e002946~4b13ee53999e,person,acme,E002946,Leila Jablonski,Architect,DEPT-14,false,2025-11-21T09:16:15Z,\N,2025-12-18T16:45:35Z,\N,1,assert
acme:person:e003954~1263ac93b2b1,person,acme,E003954,Lucia Lindqvist,Buyer,DEPT-10,false,2025-11-03T10:49:38Z,\N,2025-12-19T10:01:52Z,\N,1,assert
acme:person:e002244~96cb28380b67,person,acme,E002244,Ibrahim Castellanos,Buyer,DEPT-02,false,2025-11-23T18:54:41Z,\N,2025-12-20T14:37:16Z,\N,1,assert
acme:person:e002445~384e9ad277a0,person,acme,E002445,Felix Ueda,Technician,CC-0010,true,2025-10-29T03:10:50Z,2027-09-04T04:58:58Z,2025-12-21T15:28:51Z,\N,1,assert
acme:person:e001495~5516b3b8b939,person,acme,E001495,Renata Tanaka,Architect,DEPT-12,false,2025-11-23T06:00:25Z,\N,2025-12-21T21:04:55Z,\N,1,assert
acme:person:e001692~4d0d2d2ab8fd,person,acme,E001692,Xenia Okonkwo,Architect,DEPT-11,false,2025-11-21T02:01:37Z,\N,2025-12-21T02:08:26Z,\N,1,assert
acme:person:e002819~b6fa17045643,person,acme,E002819,Marcus Jablonski,Engineer,CC-0002,false,2025-10-27T13:44:45Z,\N,2025-12-21T01:54:44Z,\N,1,assert
acme:person:e001244~5f933999cba9,person,acme,E001244,Oliver Eberhardt,Auditor,DEPT-02,false,2025-11-24T05:43:58Z,\N,2025-12-22T05:30:18Z,\N,1,assert
acme:person:e003629~b5c4ee239828,person,acme,E003629,Ingrid Kovac,Architect,DEPT-23,false,2025-12-11T05:24:18Z,\N,2025-12-22T02:01:53Z,\N,1,assert
acme:person:e000200~3f7a0ac78f6f,person,acme,E000200,Gita Lindqvist,Analyst,DEPT-09,false,2025-12-10T00:43:56Z,\N,2025-12-23T07:24:28Z,\N,1,assert
acme:person:e000770~da3e06e0a7e2,person,acme,E000770,Alan Fontaine,Manager,CC-0005,false,2025-11-07T14:08:42Z,\N,2025-12-24T00:18:11Z,\N,1,assert
acme:person:e000971~44623c03bf83,person,acme,E000971,Amara Gundersen,Technician,DEPT-18,false,2025-11-25T17:57:29Z,\N,2025-12-24T16:06:32Z,\N,1,assert
acme:person:e003220~da22a7f2ae0d,person,acme,E003220,Felix Lindqvist,Technician,DEPT-05,false,2025-11-28T00:43:08Z,\N,2025-12-24T17:32:51Z,\N,1,assert
acme:person:e002764~ee4e3fe734b4,person,acme,E002764,Renata Quintero,Technician,DEPT-22,true,2025-12-18T18:09:19Z,2026-03-22T04:07:11Z,2025-12-25T09:10:58Z,\N,1,assert
acme:person:e001637~6ac2a9a53264,person,acme,E001637,Yara Quintero,Buyer,DEPT-12,false,2025-12-14T07:50:32Z,\N,2025-12-25T11:18:32Z,\N,1,assert
acme:person:e002478~373921961a4f,person,acme,E002478,Carla Schneider,Engineer,DEPT-23,false,2025-12-21T18:03:39Z,\N,2025-12-25T04:32:44Z,\N,1,assert
acme:person:e003611~adc9d304b1c2,person,acme,E003611,Marcus Chowdhury,Technician,DEPT-12,false,2025-12-05T09:41:29Z,\N,2025-12-25T04:38:27Z,\N,1,assert
acme:person:e003914~1444b0759c4f,person,acme,E003914,Carla Santos,Manager,DEPT-08,false,2025-11-20T06:25:16Z,\N,2025-12-27T03:06:55Z,\N,1,assert
acme:person:e001230~b02de396c6c5,person,acme,E001230,Mira Bergstrom,Engineer,DEPT-13,false,2025-12-18T14:44:29Z,\N,2025-12-28T23:41:07Z,\N,1,assert
acme:person:e001701~2b8392da5e22,person,acme,E001701,Jonas Gallagher,Analyst,CC-0011,false,2025-11-11T00:03:40Z,\N,2025-12-28T16:53:55Z,\N,1,assert
acme:person:e001342~871664e3c6c0,person,acme,E001342,Amara Kovac,Architect,DEPT-22,false,2025-11-04T14:48:32Z,\N,2025-12-29T15:52:29Z,\N,1,assert
acme:person:e003750~cf7852369afc,person,acme,E003750,Mira Wagner,Auditor,DEPT-09,false,2025-12-07T06:40:28Z,\N,2025-12-29T10:58:10Z,\N,1,assert
acme:person:e002778~451aa6d662ae,person,acme,E002778,Sofia Abbott,Analyst,DEPT-16,false,2025-12-07T10:52:42Z,\N,2025-12-30T02:58:17Z,\N,1,assert
acme:person:e001366~984655f0b5a9,person,acme,E001366,Jonas Mbatha,Technician,CC-0014,false,2025-11-17T17:24:27Z,\N,2026-01-03T12:19:30Z,\N,1,assert
acme:person:e002238~bb55fa10d2ae,person,acme,E002238,Wen Oyelaran,Technician,DEPT-05,false,2025-11-06T23:46:10Z,\N,2026-01-03T01:39:39Z,\N,1,assert
acme:person:e002525~e3ec64401b3f,person,acme,E002525,Rafael Kovac,Technician,DEPT-17,false,2025-11-04T21:23:54Z,\N,2026-01-03T00:59:32Z,\N,1,assert
acme:person:e001374~7d6d572afff6,person,acme,E001374,Marcus Oyelaran,Engineer,DEPT-13,false,2025-11-05T11:32:38Z,\N,2026-01-04T13:44:51Z,\N,1,assert
acme:person:e001599~5d1f4d8026d0,person,acme,E001599,Farid Okonkwo,Buyer,CC-0002,false,2025-12-28T00:21:48Z,\N,2026-01-04T03:09:50Z,\N,1,assert
acme:person:e001835~3896940bae6c,person,acme,\N,\N,\N,\N,\N,2025-10-10T01:29:19Z,\N,2026-01-05T18:15:04Z,\N,2,retract
acme:person:e000969~014e976687ec,person,acme,E000969,Leila Weiss,Buyer,CC-0009,false,2025-11-08T21:08:02Z,\N,2026-01-05T19:46:24Z,\N,1,assert
acme:person:e001674~d2e27a7f7a70,person,acme,E001674,Zara Marchetti,Engineer,CC-0006,false,2025-11-16T10:25:57Z,\N,2026-01-05T20:19:32Z,\N,1,assert
acme:person:e001310~561fa4545715,person,acme,E001310,Carla Quintero,Analyst,DEPT-03,false,2025-12-23T16:29:12Z,\N,2026-01-06T16:07:58Z,\N,1,assert
acme:person:e000879~bb3b0082a746,person,acme,E000879,Xenia Oyelaran,Buyer,DEPT-10,false,2025-11-14T23:41:37Z,\N,2026-01-08T16:17:05Z,\N,1,assert
acme:person:e000268~66fdc0d638c2,person,acme,E000268,Oliver Pereira,Auditor,CC-0009,false,2025-11-25T17:35:08Z,\N,2026-01-09T19:59:44Z,\N,1,assert
acme:person:e001071~675d155966e8,person,acme,E001071,Ursula Haddad,Analyst,DEPT-03,false,2025-12-22T14:50:45Z,\N,2026-01-09T04:19:50Z,\N,1,assert
acme:person:e003374~5e8e4f10f4bc,person,acme,E003374,Jonas Nakamura,Buyer,DEPT-01,false,2025-11-30T00:13:04Z,\N,2026-01-09T19:17:14Z,\N,1,assert
acme:person:e003773~69897868d87e,person,acme,\N,\N,\N,\N,\N,2025-11-02T23:24:23Z,\N,2026-01-10T03:05:55Z,\N,2,retract
acme:person:e002557~60c13e8675f5,person,acme,E002557,Hugo Gallagher,Technician,DEPT-07,false,2025-12-16T09:45:48Z,\N,2026-01-10T04:34:20Z,\N,1,assert
acme:person:e003360~2237a0588b32,person,acme,E003360,Carla Gallagher,Analyst,DEPT-20,false,2025-12-24T08:14:56Z,\N,2026-01-10T15:33:09Z,\N,1,assert
acme:person:e003557~ef0b46b7eb6e,person,acme,E003557,Nadia Oyelaran,Analyst,DEPT-03,false,2025-12-06T15:37:07Z,\N,2026-01-10T17:31:58Z,\N,1,assert
acme:person:e003301~789b93b41a35,person,acme,E003301,Leila Haddad,Manager,DEPT-12,false,2025-11-21T23:56:44Z,\N,2026-01-11T17:07:22Z,\N,1,assert
acme:person:e000672~ef3964990696,person,acme,E000672,Wen Weiss,Architect,DEPT-04,false,2025-11-24T15:51:03Z,\N,2026-01-12T21:33:34Z,\N,1,assert
acme:person:e001730~862ee4556b19,person,acme,E001730,Jonas Silvestri,Engineer,DEPT-24,false,2026-01-05T10:38:51Z,\N,2026-01-12T08:57:07Z,\N,1,assert
acme:person:e002937~981d8feefc8b,person,acme,E002937,Bruno Tanaka,Engineer,DEPT-11,false,2025-11-30T03:00:15Z,\N,2026-01-12T05:45:01Z,\N,1,assert
acme:person:e001264~e4f7fd47cc89,person,acme,E001264,Ada Zhang,Buyer,DEPT-01,false,2026-01-01T00:13:03Z,\N,2026-01-13T01:43:46Z,\N,1,assert
acme:person:e001330~2afdcce7b89f,person,acme,E001330,Mira Kovac,Analyst,DEPT-04,false,2025-12-09T00:04:15Z,\N,2026-01-13T08:40:04Z,\N,1,assert
acme:person:e003346~5183b0600bb5,person,acme,E003346,Chidi Baptiste,Manager,CC-0007,false,2025-12-15T02:42:58Z,\N,2026-01-13T14:09:07Z,\N,1,assert
acme:person:e003428~258c90d79d3c,person,acme,E003428,Anika Fontaine,Architect,CC-0001,false,2025-12-11T02:53:36Z,\N,2026-01-13T22:18:48Z,\N,1,assert
acme:person:e001600~a73a5539897d,person,acme,E001600,Keiko Delacroix,Manager,DEPT-19,false,2026-01-07T11:31:35Z,\N,2026-01-14T22:41:16Z,\N,1,assert
acme:person:e001859~43bc9049a7e9,person,acme,E001859,Anika Bergstrom,Analyst,CC-0009,false,2026-01-01T18:00:49Z,\N,2026-01-14T09:41:22Z,\N,1,assert
acme:person:e003738~698eb12e0f04,person,acme,E003738,Jonas Delacroix,Buyer,CC-0009,false,2025-12-08T05:24:54Z,\N,2026-01-14T20:16:42Z,\N,1,assert
acme:person:e000026~e8fc054ec7d4,person,acme,E000026,Samir Vaughan,Architect,CC-0013,false,2026-01-02T13:09:00Z,\N,2026-01-15T09:37:57Z,\N,1,assert
acme:person:e001703~125a908572a0,person,acme,E001703,Rafael Abbott,Architect,DEPT-10,false,2026-01-06T11:01:10Z,\N,2026-01-15T15:42:03Z,\N,1,assert
acme:person:e001079~1c6e973d383b,person,acme,E001079,Zoltan Thorsen,Technician,CC-0009,false,2025-11-24T20:09:29Z,\N,2026-01-16T17:08:53Z,\N,1,assert
acme:person:e001257~46ff057ab147,person,acme,E001257,Zara Gundersen,Analyst,DEPT-20,false,2025-12-20T20:31:14Z,\N,2026-01-16T13:14:41Z,\N,1,assert
acme:person:e000031~7d6e6882bb0d,person,acme,E000031,Fatima Ueda,Engineer,CC-0005,false,2026-01-08T00:30:09Z,\N,2026-01-17T01:09:45Z,\N,1,assert
acme:person:e001425~5643650f8379,person,acme,E001425,Gita Jablonski,Analyst,DEPT-19,false,2025-11-29T18:13:43Z,\N,2026-01-17T13:12:37Z,\N,1,assert
acme:person:e003923~79c13729abbf,person,acme,E003923,Oliver Abbott,Analyst,CC-0001,false,2025-12-02T04:27:38Z,\N,2026-01-17T07:54:41Z,\N,1,assert
acme:person:e001887~4cda61c81066,person,acme,E001887,Alan Rasmussen,Engineer,CC-0001,false,2025-12-23T06:21:45Z,\N,2026-01-19T03:36:14Z,\N,1,assert
acme:person:e001156~09759b7bebee,person,acme,E001156,Elena Quintero,Auditor,CC-0005,false,2025-11-27T23:42:37Z,\N,2026-01-20T15:44:55Z,\N,1,assert
acme:person:e002279~9527de694e36,person,acme,E002279,Elena Oyelaran,Analyst,DEPT-13,false,2025-12-15T20:15:20Z,\N,2026-01-20T18:33:44Z,\N,1,assert
acme:person:e003110~fd08b7d1fc2c,person,acme,E003110,Anika Tanaka,Buyer,DEPT-05,false,2025-12-05T05:05:53Z,\N,2026-01-20T15:13:47Z,\N,1,assert
acme:person:e003440~da722e371cc6,person,acme,\N,\N,\N,\N,\N,2023-12-24T14:56:08Z,\N,2026-01-20T22:03:05Z,\N,2,retract
acme:person:e000166~27d337732f0f,person,acme,E000166,Rafael Schneider,Engineer,DEPT-21,false,2026-01-10T14:55:17Z,\N,2026-01-21T03:04:44Z,\N,1,assert
acme:person:e000587~12643ef8817f,person,acme,E000587,Carla Kovac,Architect,DEPT-10,false,2025-12-22T04:13:48Z,\N,2026-01-21T03:18:48Z,\N,1,assert
acme:person:e000911~4d0127fd7426,person,acme,E000911,Alan Castellanos,Auditor,DIV-CORP,false,2025-12-29T14:16:16Z,\N,2026-01-21T23:06:37Z,\N,1,assert
acme:person:e001428~c8fb7445ae95,person,acme,E001428,Zoltan Kovac,Manager,CC-0009,false,2025-12-31T14:33:26Z,\N,2026-01-21T21:00:17Z,\N,1,assert
acme:person:e002095~f98b1356982b,person,acme,E002095,Ibrahim Kovac,Auditor,CC-0008,false,2025-12-29T13:57:59Z,\N,2026-01-21T17:19:28Z,\N,1,assert
acme:person:e002433~b0406fa0e32e,person,acme,E002433,Wen Ueda,Manager,DEPT-23,false,2025-11-23T18:02:51Z,\N,2026-01-21T03:05:55Z,\N,1,assert
acme:person:e003141~a035f871eb18,person,acme,E003141,Keiko Castellanos,Architect,CC-0008,false,2026-01-04T17:50:20Z,\N,2026-01-21T22:26:51Z,\N,1,assert
acme:person:e001158~fbadee4c81dd,person,acme,E001158,Ursula Silvestri,Buyer,DEPT-23,false,2025-12-26T14:34:15Z,\N,2026-01-22T23:01:01Z,\N,1,assert
acme:person:e001352~c66a72c8dcbf,person,acme,E001352,Ingrid Kovac,Buyer,DEPT-14,false,2026-01-04T05:56:18Z,\N,2026-01-22T19:55:58Z,\N,1,assert
acme:person:e002068~a372be2360d0,person,acme,E002068,Zara Zhang,Technician,CC-0006,false,2025-12-04T07:20:21Z,\N,2026-01-22T20:08:09Z,\N,1,assert
acme:person:e002776~44ba1f2a7a89,person,acme,E002776,Fatima Kovac,Buyer,CC-0003,false,2026-01-13T08:47:12Z,\N,2026-01-22T01:51:14Z,\N,1,assert
acme:person:e003836~16b7ec558ca2,person,acme,E003836,Amara Haddad,Manager,DEPT-04,false,2025-12-30T04:00:25Z,\N,2026-01-22T13:17:11Z,\N,1,assert
acme:person:e000485~22e895f82178,person,acme,E000485,Leila Abbott,Technician,CC-0003,false,2026-01-22T05:25:57Z,\N,2026-01-23T14:10:20Z,\N,1,assert
acme:person:e001274~b077d5f00a23,person,acme,E001274,Alan Haddad,Technician,CC-0008,false,2026-01-21T01:12:26Z,\N,2026-01-23T12:35:38Z,\N,1,assert
acme:person:e002885~915e80edf3fb,person,acme,E002885,Hugo Weiss,Architect,CC-0009,false,2025-12-09T06:33:59Z,\N,2026-01-23T13:45:53Z,\N,1,assert
acme:person:e002899~e318135c53aa,person,acme,E002899,Tomas Wagner,Auditor,CC-0001,false,2026-01-23T04:08:22Z,\N,2026-01-24T19:38:25Z,\N,1,assert
acme:person:e003284~db4481045c19,person,acme,E003284,Rafael Nakamura,Buyer,CC-0012,true,2025-12-20T12:47:47Z,2027-08-26T16:17:36Z,2026-01-25T07:15:51Z,\N,1,assert
acme:person:e000334~611eb15fb942,person,acme,E000334,Elena Lindqvist,Technician,CC-0012,true,2026-01-13T13:44:53Z,2027-01-12T04:22:29Z,2026-01-25T16:16:39Z,\N,1,assert
acme:person:e000563~aaec92286b6e,person,acme,E000563,Bruno Chowdhury,Buyer,CC-0009,false,2026-01-13T11:11:40Z,\N,2026-01-25T22:02:44Z,\N,1,assert
acme:person:e000668~46835aa185ad,person,acme,E000668,Clara Marchetti,Architect,CC-0004,false,2025-11-26T12:42:06Z,\N,2026-01-25T03:30:20Z,\N,1,assert
acme:person:e003718~3219f97cd6f3,person,acme,\N,\N,\N,\N,\N,2025-06-17T14:26:09Z,\N,2026-01-26T05:04:13Z,\N,2,retract
acme:person:e002759~c3aa0f8a259c,person,acme,E002759,Zoltan Kovac,Engineer,DEPT-02,false,2025-12-23T17:44:04Z,\N,2026-01-26T22:36:36Z,\N,1,assert
acme:person:e003924~e297ac7b1f27,person,acme,E003924,Rafael Tanaka,Engineer,DEPT-05,false,2025-12-26T10:34:50Z,\N,2026-01-26T14:34:59Z,\N,1,assert
acme:person:e001338~22ca6404fd05,person,acme,E001338,Leila Marchetti,Technician,DEPT-13,false,2025-12-10T14:30:35Z,\N,2026-01-27T04:37:49Z,\N,1,assert
acme:person:e002067~9e6598c8adfa,person,acme,\N,\N,\N,\N,\N,2025-11-28T03:44:37Z,\N,2026-01-27T08:06:19Z,\N,2,retract
acme:person:e003755~3f7df80156a3,person,acme,\N,\N,\N,\N,\N,2024-11-16T15:26:05Z,\N,2026-01-27T15:32:02Z,\N,2,retract
acme:person:e001427~78a584ef64b0,person,acme,E001427,Clara Castellanos,Auditor,CC-0004,false,2026-01-19T09:29:50Z,\N,2026-01-27T15:57:47Z,\N,1,assert
acme:person:e001592~af2246e54a22,person,acme,E001592,Rafael Oyelaran,Analyst,CC-0003,false,2025-12-29T11:45:44Z,\N,2026-01-27T10:34:24Z,\N,1,assert
acme:person:e002419~413e22934c65,person,acme,E002419,Carla Quintero,Technician,DEPT-06,false,2025-12-06T02:10:04Z,\N,2026-01-27T15:44:46Z,\N,1,assert
acme:person:e000521~f9dca2d71691,person,acme,\N,\N,\N,\N,\N,2025-04-13T09:12:32Z,\N,2026-01-27T17:42:45Z,\N,2,retract
acme:person:e001194~c7ae17017be8,person,acme,E001194,Hugo Zhang,Buyer,CC-0013,false,2025-12-28T10:06:45Z,\N,2026-01-28T20:49:17Z,\N,1,assert
acme:person:e002558~41c8167ecba6,person,acme,E002558,Lars Thorsen,Engineer,DIV-CORP,false,2025-12-08T06:02:47Z,\N,2026-01-28T05:23:57Z,\N,1,assert
acme:person:e000131~b8cbc2d7b241,person,acme,E000131,Tomas Novak,Architect,DEPT-10,false,2025-12-18T23:30:48Z,\N,2026-01-29T03:25:37Z,\N,1,assert
acme:person:e000801~e061665a6f9f,person,acme,E000801,Yara Weiss,Manager,DEPT-11,false,2026-01-21T21:14:42Z,\N,2026-01-29T00:45:28Z,\N,1,assert
acme:person:e002596~8dab27124407,person,acme,E002596,Gita Thorsen,Buyer,CC-0003,false,2025-12-12T13:37:08Z,\N,2026-01-29T18:49:57Z,\N,1,assert
acme:person:e001643~0f797d2db0ed,person,acme,E001643,Yusuf Kaminski,Buyer,DEPT-16,false,2025-12-01T23:58:25Z,\N,2026-01-30T16:02:54Z,\N,1,assert
acme:person:e003771~80dc08d96cd6,person,acme,E003771,Leila Ueda,Technician,CC-0006,false,2026-01-19T03:48:19Z,\N,2026-01-30T19:28:05Z,\N,1,assert
acme:person:e002634~fd7c8eebeca9,person,acme,\N,\N,\N,\N,\N,2027-08-21T22:23:40Z,\N,2026-01-31T05:49:29Z,\N,2,retract
acme:person:e000742~631c12781be2,person,acme,\N,\N,\N,\N,\N,2025-12-24T11:55:04Z,\N,2026-01-31T05:55:01Z,\N,2,retract
acme:person:e000502~c10ea1965186,person,acme,E000502,Nadia Oyelaran,Architect,CC-0003,false,2026-01-01T04:45:04Z,\N,2026-01-31T07:14:06Z,\N,1,assert
acme:person:e002977~664d2b2f284b,person,acme,E002977,Chidi Kovac,Analyst,DEPT-03,false,2025-12-12T13:56:49Z,\N,2026-01-31T00:22:33Z,\N,1,assert
acme:person:e003639~3a63b87cb01c,person,acme,E003639,Sofia Bergstrom,Analyst,DEPT-09,false,2025-12-11T22:37:24Z,\N,2026-01-31T15:15:28Z,\N,1,assert
acme:person:e003327~30cc776c2794,person,acme,\N,\N,\N,\N,\N,2025-08-03T17:54:50Z,\N,2026-01-31T18:18:51Z,\N,2,retract
acme:person:e000115~175b925a46a1,person,acme,E000115,Rafael Oyelaran,Auditor,DEPT-06,false,2026-01-12T22:56:57Z,\N,2026-02-01T18:13:52Z,\N,1,assert
acme:person:e001657~485759ba38b9,person,acme,E001657,Yara Gundersen,Analyst,CC-0011,false,2025-12-10T16:03:34Z,\N,2026-02-01T01:48:09Z,\N,1,assert
acme:person:e001177~129f891255ea,person,acme,E001177,Paola Weiss,Technician,CC-0008,false,2026-01-22T09:14:12Z,\N,2026-02-02T00:13:45Z,\N,1,assert
acme:person:e003832~c7ca3eaa9677,person,acme,E003832,Zoltan Quintero,Analyst,DEPT-18,false,2025-12-08T00:30:09Z,\N,2026-02-02T01:12:28Z,\N,1,assert
acme:person:e001163~22cb9a97b6c4,person,acme,\N,\N,\N,\N,\N,2023-11-13T03:33:24Z,\N,2026-02-04T17:10:18Z,\N,2,retract
acme:person:e001908~87e4d916d98f,person,acme,E001908,Ibrahim Delacroix,Buyer,DEPT-16,false,2026-01-12T21:32:22Z,\N,2026-02-04T20:25:27Z,\N,1,assert
acme:person:e002173~8143e1547751,person,acme,E002173,Quinn Castellanos,Buyer,DEPT-07,false,2025-12-16T16:03:41Z,\N,2026-02-04T03:35:13Z,\N,1,assert
acme:person:e003275~74055f5315e1,person,acme,E003275,Wen Ivanova,Technician,CC-0004,false,2026-01-22T11:19:08Z,\N,2026-02-04T07:38:28Z,\N,1,assert
acme:person:e003942~be3596f7127c,person,acme,E003942,Carla Haddad,Buyer,CC-0014,false,2026-01-04T03:12:47Z,\N,2026-02-04T12:22:58Z,\N,1,assert
acme:person:e000692~be4db9395ecc,person,acme,E000692,Felix Thorsen,Analyst,CC-0003,false,2026-02-01T22:30:00Z,\N,2026-02-05T13:42:09Z,\N,1,assert
acme:person:e003085~94eae7b1dbe3,person,acme,E003085,Keiko Castellanos,Manager,CC-0006,false,2026-01-03T02:21:12Z,\N,2026-02-05T12:43:42Z,\N,1,assert
acme:person:e001106~30036bd02e7b,person,acme,\N,\N,\N,\N,\N,2022-06-11T02:51:03Z,\N,2026-02-07T06:21:42Z,\N,2,retract
acme:person:e001531~3a308c965f68,person,acme,\N,\N,\N,\N,\N,2026-02-19T18:07:54Z,\N,2026-02-08T11:36:15Z,\N,2,retract
acme:person:e001876~96f3200b7916,person,acme,\N,\N,\N,\N,\N,2025-10-15T09:58:50Z,\N,2026-02-08T16:27:17Z,\N,2,retract
acme:person:e000854~989315276b59,person,acme,E000854,Tomas Weiss,Buyer,CC-0012,false,2025-12-30T00:16:20Z,\N,2026-02-08T21:43:26Z,\N,1,assert
acme:person:e000053~a206f14f01ff,person,acme,E000053,Wen Yilmaz,Auditor,DEPT-01,false,2026-01-02T11:02:13Z,\N,2026-02-09T00:48:46Z,\N,1,assert
acme:person:e001277~c2fff0d3caef,person,acme,E001277,Ibrahim Lindqvist,Auditor,CC-0005,false,2026-02-01T04:25:20Z,\N,2026-02-09T13:17:42Z,\N,1,assert
acme:person:e002401~eff67447f889,person,acme,E002401,Sofia Zhang,Technician,CC-0012,false,2025-12-13T01:42:41Z,\N,2026-02-09T18:13:37Z,\N,1,assert
acme:person:e003465~afe13d5782d6,person,acme,E003465,Anders Rasmussen,Analyst,DEPT-24,false,2025-12-22T18:20:06Z,\N,2026-02-09T21:14:53Z,\N,1,assert
acme:person:e001416~c5a18fdd3399,person,acme,E001416,Liam Yilmaz,Auditor,CC-0010,false,2026-01-20T08:02:15Z,\N,2026-02-11T02:54:25Z,\N,1,assert
acme:person:e001767~7dd3ed09ad6a,person,acme,E001767,Leila Kaminski,Architect,CC-0003,false,2025-12-19T13:20:56Z,\N,2026-02-11T17:22:29Z,\N,1,assert
acme:person:e000725~e230646a4d0a,person,acme,E000725,Hugo Schneider,Manager,DEPT-15,false,2026-02-12T02:03:14Z,\N,2026-02-12T02:03:14Z,\N,1,assert
acme:person:e001879~ee0d330750ff,person,acme,E001879,Vikram Tanaka,Architect,CC-0011,false,2026-01-23T12:46:05Z,\N,2026-02-12T18:45:54Z,\N,1,assert
acme:person:e002110~ae2e1a834278,person,acme,E002110,Lars Lindqvist,Engineer,DEPT-16,false,2026-01-06T08:56:32Z,\N,2026-02-12T19:17:13Z,\N,1,assert
acme:person:e002855~445bd4c18090,person,acme,E002855,Sofia Abbott,Analyst,CC-0011,false,2026-01-05T12:47:33Z,\N,2026-02-12T05:23:03Z,\N,1,assert
acme:person:e000830~35d9765c270f,person,acme,\N,\N,\N,\N,\N,2027-05-14T20:49:38Z,\N,2026-02-13T02:36:04Z,\N,2,retract
acme:person:e000820~e086ca474777,person,acme,E000820,Rafael Abbott,Buyer,DEPT-17,false,2026-02-06T07:38:31Z,\N,2026-02-13T10:11:45Z,\N,1,assert
acme:person:e002435~2ff67e162572,person,acme,E002435,Rafael Zhang,Architect,DEPT-07,false,2025-12-29T20:25:13Z,\N,2026-02-13T12:56:03Z,\N,1,assert
acme:person:e000664~0234afba9c5f,person,acme,\N,\N,\N,\N,\N,2024-06-19T19:14:27Z,\N,2026-02-14T12:54:24Z,\N,2,retract
acme:person:e001529~d3a8876a04da,person,acme,E001529,Carla Thorsen,Auditor,DEPT-13,false,2026-01-25T16:59:56Z,\N,2026-02-14T23:06:19Z,\N,1,assert
acme:person:e003357~bb525a26a30b,person,acme,E003357,Samir Eberhardt,Buyer,CC-0006,false,2026-01-12T21:13:15Z,\N,2026-02-14T15:39:38Z,\N,1,assert
acme:person:e002037~0580f0ee6b4b,person,acme,E002037,Gita Tanaka,Manager,DEPT-19,false,2026-02-15T07:51:08Z,\N,2026-02-15T07:51:08Z,\N,1,assert
acme:person:e001226~765c2c576e84,person,acme,\N,\N,\N,\N,\N,2023-02-15T19:26:13Z,\N,2026-02-16T02:35:38Z,\N,2,retract
acme:person:e001221~046deb67be42,person,acme,E001221,Marcus Quintero,Engineer,DEPT-13,false,2026-02-11T09:27:54Z,\N,2026-02-16T19:21:38Z,\N,1,assert
acme:person:e003518~716c13a4a05f,person,acme,E003518,Leila Weiss,Manager,CC-0009,false,2026-01-16T10:01:56Z,\N,2026-02-16T09:16:56Z,\N,1,assert
acme:person:e002760~47886c20b87c,person,acme,E002760,Wen Vaughan,Engineer,CC-0001,false,2026-01-16T21:12:30Z,\N,2026-02-17T04:43:18Z,\N,1,assert
acme:person:e002034~6179ec52b60d,person,acme,E002034,Zoltan Nakamura,Architect,DEPT-22,false,2026-02-02T22:05:29Z,\N,2026-02-18T09:45:18Z,\N,1,assert
acme:person:e003331~161cd3f37886,person,acme,E003331,Nadia Okonkwo,Manager,DEPT-19,false,2026-02-06T00:00:30Z,\N,2026-02-18T19:51:27Z,\N,1,assert
acme:person:e003715~e7502754e912,person,acme,E003715,Mira Schneider,Engineer,DEPT-11,false,2026-01-13T05:58:01Z,\N,2026-02-18T17:40:52Z,\N,1,assert
acme:person:e002607~5e282ab28de3,person,acme,E002607,Noor Eberhardt,Buyer,DEPT-15,false,2025-12-23T11:36:29Z,\N,2026-02-19T13:35:43Z,\N,1,assert
acme:person:e000214~d1fef0ae4314,person,acme,E000214,Ingrid Fontaine,Auditor,CC-0002,false,2026-02-01T20:39:21Z,\N,2026-02-21T15:35:18Z,\N,1,assert
acme:person:e000389~5b9e22782c6f,person,acme,E000389,Anika Gundersen,Architect,DIV-CORP,false,2026-01-13T01:24:55Z,\N,2026-02-21T12:17:27Z,\N,1,assert
acme:person:e001408~548f583fb243,person,acme,E001408,Amara Schneider,Buyer,CC-0007,false,2026-01-28T09:58:05Z,\N,2026-02-21T10:43:33Z,\N,1,assert
acme:person:e003221~d1abc50ecab8,person,acme,E003221,Yusuf Yilmaz,Engineer,DEPT-10,false,2025-12-28T21:44:36Z,\N,2026-02-21T11:18:24Z,\N,1,assert
acme:person:e003117~55acc59e2c0d,person,acme,E003117,Mira Abbott,Manager,DEPT-10,false,2026-01-24T00:30:26Z,\N,2026-02-22T05:59:50Z,\N,1,assert
acme:person:e003375~2ee56fb1f6e5,person,acme,E003375,Anders Jablonski,Buyer,CC-0009,false,2026-02-11T17:35:07Z,\N,2026-02-22T05:32:19Z,\N,1,assert
acme:person:e000284~c6411815bf83,person,acme,E000284,Fatima Gallagher,Technician,DEPT-20,false,2026-01-20T22:36:24Z,\N,2026-02-23T16:29:33Z,\N,1,assert
acme:person:e000687~58641b8e9c5a,person,acme,E000687,Oliver Oyelaran,Analyst,DEPT-03,false,2026-02-12T17:31:44Z,\N,2026-02-24T06:49:25Z,\N,1,assert
acme:person:e002339~fafe4aabaa16,person,acme,E002339,Bruno Chowdhury,Engineer,DEPT-09,false,2026-01-17T04:30:00Z,\N,2026-02-24T20:44:42Z,\N,1,assert
acme:person:e003957~68517f88ea6e,person,acme,E003957,Zoltan Zhang,Buyer,DEPT-06,false,2026-01-14T20:53:27Z,\N,2026-02-24T08:35:58Z,\N,1,assert
acme:person:e003676~eb5600bdeb5e,person,acme,\N,\N,\N,\N,\N,2023-12-15T03:03:28Z,\N,2026-02-25T05:05:19Z,\N,2,retract
acme:person:e000570~6135420cf474,person,acme,E000570,Keiko Ueda,Manager,CC-0013,false,2026-01-19T15:54:10Z,\N,2026-02-25T10:13:33Z,\N,1,assert
acme:person:e003565~95e908b3a4b7,person,acme,E003565,Carla Baptiste,Auditor,DEPT-11,false,2026-02-05T19:52:04Z,\N,2026-02-26T02:42:16Z,\N,1,assert
acme:person:e002577~ba4059a6a481,person,acme,\N,\N,\N,\N,\N,2025-09-25T21:36:49Z,\N,2026-02-26T13:35:12Z,\N,2,retract
acme:person:e001506~7efc6368dcc5,person,acme,E001506,Alan Baptiste,Buyer,DEPT-02,false,2026-02-20T06:15:18Z,\N,2026-02-27T07:26:27Z,\N,1,assert
acme:person:e002922~c2920418c352,person,acme,E002922,Zara Baptiste,Auditor,DEPT-20,false,2026-01-23T17:26:32Z,\N,2026-02-27T16:40:18Z,\N,1,assert
acme:person:e003283~3ef25c84830f,person,acme,E003283,Jonas Bergstrom,Engineer,CC-0009,false,2026-02-10T00:25:42Z,\N,2026-02-27T22:55:48Z,\N,1,assert
acme:person:e000935~44e3a3d13e49,person,acme,E000935,Leila Mbatha,Auditor,DEPT-24,false,2026-02-02T05:57:10Z,\N,2026-02-28T20:46:41Z,\N,1,assert
acme:person:e002619~439c6193ecec,person,acme,\N,\N,\N,\N,\N,2024-07-31T23:50:49Z,\N,2026-03-01T17:18:21Z,\N,2,retract
acme:person:e000716~5267f69b22d1,person,acme,E000716,Yara Oyelaran,Manager,CC-0009,false,2026-02-13T15:18:35Z,\N,2026-03-01T18:01:45Z,\N,1,assert
acme:person:e001009~ddc8b82e7b94,person,acme,E001009,Amara Kaminski,Analyst,DEPT-08,false,2026-02-22T12:11:16Z,\N,2026-03-01T11:54:41Z,\N,1,assert
acme:person:e001152~e7d45ca2d0dc,person,acme,E001152,Ursula Rasmussen,Architect,DEPT-15,false,2026-01-11T20:23:23Z,\N,2026-03-01T10:33:07Z,\N,1,assert
acme:person:e001180~5cf7e8550180,person,acme,E001180,Clara Rasmussen,Architect,DEPT-12,false,2026-01-27T18:23:51Z,\N,2026-03-02T04:00:33Z,\N,1,assert
acme:person:e003891~43f647783516,person,acme,E003891,Marcus Wagner,Technician,DEPT-16,false,2026-01-22T11:56:05Z,\N,2026-03-02T02:19:54Z,\N,1,assert
acme:person:e002994~087bdf3c8e72,person,acme,E002994,Nadia Rasmussen,Auditor,DEPT-22,false,2026-01-26T20:24:39Z,\N,2026-03-03T05:31:04Z,\N,1,assert
acme:person:e000827~1474742bcda8,person,acme,E000827,Quinn Baptiste,Technician,DEPT-02,false,2026-01-11T09:23:02Z,\N,2026-03-03T08:05:01Z,\N,1,assert
acme:person:e002316~e4fe8c274813,person,acme,E002316,Tomas Nakamura,Architect,DEPT-20,false,2026-02-25T02:47:30Z,\N,2026-03-03T17:54:02Z,\N,1,assert
acme:person:e003756~0e90f3a22c78,person,acme,E003756,Vikram Wagner,Engineer,DEPT-09,false,2026-03-01T06:08:38Z,\N,2026-03-03T19:59:52Z,\N,1,assert
acme:person:e003056~a6c3f1f0576e,person,acme,\N,\N,\N,\N,\N,2026-06-20T06:23:16Z,\N,2026-03-04T01:20:20Z,\N,2,retract
acme:person:e001959~3f96fce20c5d,person,acme,E001959,Clara Castellanos,Technician,DEPT-05,false,2026-01-22T17:35:16Z,\N,2026-03-04T05:14:54Z,\N,1,assert
acme:person:e002496~097f7669b9f9,person,acme,E002496,Ursula Kaminski,Manager,DEPT-08,false,2026-02-09T22:20:55Z,\N,2026-03-04T18:13:57Z,\N,1,assert
acme:person:e003288~a1e9ad7243e0,person,acme,E003288,Quinn Kaminski,Auditor,CC-0014,false,2026-01-17T14:42:09Z,\N,2026-03-04T07:12:18Z,\N,1,assert
acme:person:e002116~77c21390aaef,person,acme,E002116,Zoltan Silvestri,Architect,DEPT-03,false,2026-01-18T18:39:34Z,\N,2026-03-05T20:36:13Z,\N,1,assert
acme:person:e001717~1fb0e8c536c7,person,acme,E001717,Oliver Ivanova,Architect,DEPT-03,false,2026-02-20T05:10:10Z,\N,2026-03-06T09:20:21Z,\N,1,assert
acme:person:e000972~9f0b9909eac0,person,acme,E000972,Mira Novak,Analyst,DEPT-04,false,2026-02-01T11:58:07Z,\N,2026-03-06T14:27:50Z,\N,1,assert
acme:person:e002278~c79f65ebb378,person,acme,E002278,Lars Eberhardt,Analyst,DEPT-05,false,2026-01-23T00:49:02Z,\N,2026-03-06T23:48:44Z,\N,1,assert
acme:person:e000920~2e3063708580,person,acme,E000920,Anika Schneider,Technician,DEPT-15,false,2026-02-07T19:57:55Z,\N,2026-03-07T00:35:40Z,\N,1,assert
acme:person:e002726~d701f5ab184f,person,acme,E002726,Liam Bergstrom,Engineer,CC-0011,false,2026-01-29T09:13:40Z,\N,2026-03-07T15:32:23Z,\N,1,assert
acme:person:e000339~6b43f315beda,person,acme,E000339,Lucia Mbatha,Auditor,DIV-CORP,false,2026-02-20T11:12:54Z,\N,2026-03-08T19:07:55Z,\N,1,assert
acme:person:e001153~bb4ab9a1dd38,person,acme,E001153,Sofia Castellanos,Manager,DEPT-20,false,2026-01-16T03:00:22Z,\N,2026-03-08T23:55:30Z,\N,1,assert
acme:person:e002933~baf0c24e6843,person,acme,E002933,Ibrahim Kovac,Engineer,DEPT-13,false,2026-02-04T12:02:17Z,\N,2026-03-08T21:03:41Z,\N,1,assert
acme:person:e001505~ef93dd6f2ba5,person,acme,E001505,Ingrid Ivanova,Manager,DEPT-18,false,2026-02-19T23:12:31Z,\N,2026-03-09T02:09:57Z,\N,1,assert
acme:person:e001698~49c2153c1552,person,acme,E001698,Farid Schneider,Architect,DEPT-24,false,2026-02-21T02:55:27Z,\N,2026-03-09T19:18:26Z,\N,1,assert
acme:person:e000558~627ce2bfbd45,person,acme,E000558,Liam Jablonski,Analyst,DEPT-20,false,2026-02-23T06:14:06Z,\N,2026-03-10T07:36:32Z,\N,1,assert
acme:person:e003219~fae9facaf8bd,person,acme,\N,\N,\N,\N,\N,2026-04-07T10:52:54Z,\N,2026-03-11T05:07:23Z,\N,2,retract
acme:person:e001439~6abdea45ea51,person,acme,E001439,Fatima Delacroix,Technician,DIV-CORP,false,2026-02-16T08:43:16Z,\N,2026-03-11T17:12:02Z,\N,1,assert
acme:person:e002742~e7001f18258d,person,acme,\N,\N,\N,\N,\N,2024-10-20T16:37:52Z,\N,2026-03-12T02:55:46Z,\N,2,retract
acme:person:e002061~20b494c5bcf6,person,acme,\N,\N,\N,\N,\N,2025-06-27T02:21:21Z,\N,2026-03-12T23:23:27Z,\N,2,retract
acme:person:e000564~02d1e2739f64,person,acme,\N,\N,\N,\N,\N,2024-04-17T10:37:45Z,\N,2026-03-14T15:29:04Z,\N,2,retract
acme:person:e001939~8a7a3a22ff04,person,acme,E001939,Rafael Baptiste,Engineer,CC-0007,false,2026-01-17T20:43:02Z,\N,2026-03-14T21:47:58Z,\N,1,assert
acme:person:e002009~30aca28a8024,person,acme,E002009,Wen Jablonski,Analyst,DEPT-05,false,2026-02-17T14:57:05Z,\N,2026-03-14T10:59:29Z,\N,1,assert
acme:person:e003830~ef45f41ac6d1,person,acme,E003830,Xenia Fontaine,Analyst,DEPT-23,false,2026-02-15T16:45:57Z,\N,2026-03-14T00:38:49Z,\N,1,assert
acme:person:e000505~5bd5dab46121,person,acme,E000505,Jonas Thorsen,Technician,DEPT-24,false,2026-02-22T09:42:02Z,\N,2026-03-15T06:44:09Z,\N,1,assert
acme:person:e000996~6da264199211,person,acme,E000996,Marcus Pereira,Manager,DEPT-12,false,2026-02-19T09:33:33Z,\N,2026-03-15T01:12:17Z,\N,1,assert
acme:person:e003768~ab6204017927,person,acme,E003768,Hugo Silvestri,Buyer,CC-0008,false,2026-01-25T14:38:46Z,\N,2026-03-15T07:03:48Z,\N,1,assert
acme:person:e002492~d27574363cde,person,acme,\N,\N,\N,\N,\N,2025-03-15T01:10:55Z,\N,2026-03-15T15:16:38Z,\N,2,retract
acme:person:e001989~d121900bc54a,person,acme,\N,\N,\N,\N,\N,2024-11-07T03:16:35Z,\N,2026-03-15T18:04:56Z,\N,2,retract
acme:person:e001964~fe999e6ae03b,person,acme,E001964,Yara Oyelaran,Architect,DEPT-20,false,2026-01-18T13:36:18Z,\N,2026-03-16T11:14:32Z,\N,1,assert
acme:person:e000826~5cd5810471fe,person,acme,E000826,Leila Weiss,Auditor,CC-0001,false,2026-02-14T21:50:13Z,\N,2026-03-17T01:22:37Z,\N,1,assert
acme:person:e001801~ba1c0ff73cd5,person,acme,E001801,Yusuf Kovac,Auditor,CC-0004,false,2026-03-08T11:55:01Z,\N,2026-03-17T04:45:19Z,\N,1,assert
acme:person:e002257~f11516f3311e,person,acme,E002257,Yusuf Silvestri,Analyst,DEPT-05,false,2026-01-25T15:42:49Z,\N,2026-03-17T09:43:43Z,\N,1,assert
acme:person:e000403~4a454be8a582,person,acme,E000403,Amara Gallagher,Analyst,DEPT-21,false,2026-03-18T04:08:27Z,\N,2026-03-19T10:44:06Z,\N,1,assert
acme:person:e001970~03d213109d30,person,acme,E001970,Chidi Castellanos,Analyst,DEPT-13,false,2026-03-10T22:01:32Z,\N,2026-03-19T16:08:47Z,\N,1,assert
acme:person:e002503~4889403a2987,person,acme,E002503,Amara Mbatha,Auditor,CC-0002,false,2026-03-12T03:20:27Z,\N,2026-03-19T19:20:43Z,\N,1,assert
acme:person:e002563~771f9f71ef21,person,acme,E002563,Ursula Santos,Architect,DEPT-09,false,2026-02-26T18:18:55Z,\N,2026-03-19T20:06:40Z,\N,1,assert
acme:person:e001929~9cedcd6f9d35,person,acme,\N,\N,\N,\N,\N,2025-07-03T03:01:49Z,\N,2026-03-19T22:20:10Z,\N,2,retract
acme:person:e000127~186745c6f58f,person,acme,E000127,Paola Yilmaz,Auditor,DEPT-13,true,2026-03-10T22:41:28Z,2026-08-14T03:57:31Z,2026-03-19T22:28:06Z,\N,1,assert
acme:person:e002753~a1810aa43e86,person,acme,E002753,Ibrahim Weiss,Manager,CC-0002,false,2026-02-02T06:17:25Z,\N,2026-03-20T01:36:43Z,\N,1,assert
acme:person:e002709~a80b9b29edbf,person,acme,E002709,Xenia Silvestri,Technician,DEPT-09,true,2026-03-03T13:22:50Z,2026-04-11T14:50:59Z,2026-03-20T05:21:15Z,\N,1,assert
acme:person:e003612~638344006529,person,acme,E003612,Yara Rasmussen,Manager,DEPT-08,true,2026-02-08T09:32:57Z,2026-03-22T09:25:18Z,2026-03-20T14:35:36Z,\N,1,assert
acme:person:e003591~439f2a061d72,person,acme,E003591,Priya Ivanova,Architect,CC-0014,false,2026-02-22T15:34:09Z,\N,2026-03-20T17:57:20Z,\N,1,assert
acme:person:e003898~5cb0f53b9a9b,person,acme,E003898,Ada Nakamura,Technician,CC-0006,false,2026-03-14T23:26:38Z,\N,2026-03-20T04:19:20Z,\N,1,assert
acme:person:e001798~6c254088690c,person,acme,E001798,Yara Haddad,Buyer,DEPT-11,false,2026-03-21T05:01:08Z,\N,2026-03-21T05:01:08Z,\N,1,assert
acme:person:e001834~93044bbf032a,person,acme,E001834,Lars Mbatha,Buyer,CC-0007,false,2026-01-20T16:49:27Z,\N,2026-03-21T15:05:09Z,\N,1,assert
acme:person:e003251~981e5014f9af,person,acme,E003251,Fatima Santos,Technician,DEPT-24,false,2026-02-01T03:25:20Z,\N,2026-03-21T16:59:32Z,\N,1,assert
acme:person:e000890~9e96a35c438a,person,acme,E000890,Fatima Mbatha,Analyst,CC-0002,true,2026-03-21T16:13:49Z,2028-09-26T16:42:40Z,2026-03-22T08:31:30Z,\N,1,assert
acme:person:e001411~b00a8ec363ca,person,acme,E001411,Rafael Pereira,Engineer,CC-0010,false,2026-03-01T19:13:50Z,\N,2026-03-22T08:47:44Z,\N,1,assert
acme:person:e000317~2a0a6e0fd482,person,acme,\N,\N,\N,\N,\N,2025-05-23T22:04:21Z,\N,2026-03-22T19:08:16Z,\N,2,retract
acme:person:e001604~7011569b6e27,person,acme,E001604,Quinn Santos,Auditor,CC-0003,false,2026-02-24T23:34:13Z,\N,2026-03-22T19:20:48Z,\N,1,assert
acme:person:e001814~e269c92342df,person,acme,E001814,Ingrid Ueda,Auditor,DEPT-07,false,2026-02-10T22:38:39Z,\N,2026-03-22T03:22:50Z,\N,1,assert
acme:person:e002234~9d16331667cb,person,acme,E002234,Lucia Quintero,Architect,DEPT-17,false,2026-02-05T20:31:14Z,\N,2026-03-22T00:48:58Z,\N,1,assert
acme:person:e003189~db48649396db,person,acme,E003189,Nadia Schneider,Engineer,DEPT-14,false,2026-02-08T10:27:26Z,\N,2026-03-23T02:37:50Z,\N,1,assert
acme:person:e002182~d9e7fff45c99,person,acme,E002182,Nadia Lindqvist,Buyer,DEPT-13,false,2026-02-22T07:56:51Z,\N,2026-03-23T02:59:37Z,\N,1,assert
acme:person:e001788~0ea7fcba5ab1,person,acme,E001788,Ingrid Novak,Architect,CC-0014,false,2026-02-22T12:28:25Z,\N,2026-03-24T07:28:15Z,\N,1,assert
acme:person:e002325~88025fd3ac32,person,acme,E002325,Gita Wagner,Technician,DEPT-02,false,2026-02-12T17:25:49Z,\N,2026-03-24T01:23:33Z,\N,1,assert
acme:person:e003306~8690a657f580,person,acme,E003306,Anders Silvestri,Manager,CC-0005,false,2026-02-07T05:46:04Z,\N,2026-03-24T08:17:07Z,\N,1,assert
acme:person:e003695~ded5cd4d8904,person,acme,E003695,Liam Jablonski,Engineer,CC-0007,false,2026-03-16T16:48:28Z,\N,2026-03-24T19:20:28Z,\N,1,assert
acme:person:e001441~392ecbbfc90d,person,acme,E001441,Hugo Castellanos,Engineer,CC-0014,false,2026-02-07T20:42:48Z,\N,2026-03-25T01:13:07Z,\N,1,assert
acme:person:e002215~d684fd644da1,person,acme,E002215,Vikram Bergstrom,Buyer,DEPT-16,false,2026-02-08T21:14:38Z,\N,2026-03-25T14:20:26Z,\N,1,assert
acme:person:e003475~e298792bf9a7,person,acme,E003475,Oliver Gallagher,Analyst,DEPT-11,false,2026-03-19T20:38:40Z,\N,2026-03-25T11:41:35Z,\N,1,assert
acme:person:e002912~6049a0eab569,person,acme,E002912,Hugo Chowdhury,Technician,DIV-CORP,false,2026-03-08T00:00:05Z,\N,2026-03-26T00:47:39Z,\N,1,assert
acme:person:e000175~172392ae3c07,person,acme,E000175,Bruno Zhang,Buyer,DEPT-19,false,2026-02-06T18:26:44Z,\N,2026-03-27T00:41:45Z,\N,1,assert
acme:person:e003862~d3b9a5c85cba,person,acme,E003862,Lars Eberhardt,Architect,DEPT-06,false,2026-02-11T12:01:43Z,\N,2026-03-27T20:36:03Z,\N,1,assert
acme:person:e003920~69183c23ee5b,person,acme,E003920,Marcus Lindqvist,Auditor,DEPT-05,false,2026-02-23T17:35:19Z,\N,2026-03-27T13:30:09Z,\N,1,assert
acme:person:e002177~f2cbbad6245e,person,acme,\N,\N,\N,\N,\N,2025-07-08T10:35:07Z,\N,2026-03-28T12:22:05Z,\N,2,retract
acme:person:e000386~cd411ca531f8,person,acme,E000386,Carla Fontaine,Buyer,CC-0007,false,2026-03-19T02:59:26Z,\N,2026-03-28T22:00:38Z,\N,1,assert
acme:person:e001627~b99fa97f1489,person,acme,E001627,Anika Silvestri,Architect,DEPT-05,false,2026-02-06T06:02:47Z,\N,2026-03-28T05:39:48Z,\N,1,assert
acme:person:e002149~f6a77ab39f25,person,acme,E002149,Leila Weiss,Auditor,DEPT-23,false,2026-03-06T22:47:44Z,\N,2026-03-28T19:09:46Z,\N,1,assert
acme:person:e002588~de308df719fd,person,acme,E002588,Anders Fontaine,Engineer,CC-0008,false,2026-03-14T08:56:11Z,\N,2026-03-28T05:16:41Z,\N,1,assert
acme:person:e003780~ed6001db1557,person,acme,E003780,Jonas Okonkwo,Analyst,CC-0001,false,2026-03-03T19:33:53Z,\N,2026-03-28T18:29:39Z,\N,1,assert
acme:person:e000787~bdbe0e365ff9,person,acme,E000787,Ursula Ivanova,Engineer,DEPT-03,false,2026-02-15T19:04:59Z,\N,2026-03-29T09:21:15Z,\N,1,assert
acme:person:e001160~02e3ec13d3ee,person,acme,E001160,Ibrahim Fontaine,Auditor,DEPT-24,false,2026-03-27T07:02:11Z,\N,2026-03-29T05:05:01Z,\N,1,assert
acme:person:e002048~2ccb983ef003,person,acme,E002048,Marcus Oyelaran,Auditor,DIV-CORP,false,2026-02-09T20:04:13Z,\N,2026-03-29T01:17:53Z,\N,1,assert
acme:person:e002501~58fcb9925b42,person,acme,E002501,Renata Jablonski,Manager,DEPT-08,false,2026-02-08T03:19:25Z,\N,2026-03-29T16:01:17Z,\N,1,assert
acme:person:e003541~d1fe4e01c25f,person,acme,E003541,Keiko Jablonski,Engineer,CC-0006,false,2026-03-18T14:44:11Z,\N,2026-03-29T17:59:05Z,\N,1,assert
acme:person:e003792~7f34566ba9b6,person,acme,E003792,Elena Gundersen,Auditor,DEPT-13,false,2026-03-18T17:04:32Z,\N,2026-03-29T20:29:41Z,\N,1,assert
acme:person:e001503~2a5ca8dd364a,person,acme,E001503,Quinn Thorsen,Analyst,DEPT-04,false,2026-03-10T05:23:22Z,\N,2026-03-30T21:30:14Z,\N,1,assert
acme:person:e000781~b8c1295504ca,person,acme,E000781,Fatima Weiss,Auditor,DEPT-19,false,2026-03-25T21:26:33Z,\N,2026-03-31T01:57:49Z,\N,1,assert
acme:person:e002261~a2db106fbc48,person,acme,E002261,Sofia Mbatha,Manager,DEPT-14,false,2026-03-06T12:56:03Z,\N,2026-03-31T17:08:52Z,\N,1,assert
acme:person:e003113~0a5dd05eab09,person,acme,E003113,Ursula Fontaine,Auditor,DEPT-17,false,2026-03-08T18:55:31Z,\N,2026-03-31T02:25:48Z,\N,1,assert
acme:person:e000676~768019d62acc,person,acme,E000676,Alan Tanaka,Manager,DEPT-06,false,2026-03-13T11:35:17Z,\N,2026-04-01T02:07:43Z,\N,1,assert
acme:person:e000556~46ff1b989218,person,acme,\N,\N,\N,\N,\N,2026-06-20T22:37:44Z,\N,2026-04-01T19:18:51Z,\N,2,retract
acme:person:e001825~21c68cb5930c,person,acme,E001825,Kwame Santos,Manager,DEPT-21,false,2026-03-11T03:13:14Z,\N,2026-04-01T23:32:29Z,\N,1,assert
acme:person:e003748~b1e6a5e8d49f,person,acme,\N,\N,\N,\N,\N,2021-12-13T15:16:56Z,\N,2026-04-02T06:17:25Z,\N,2,retract
acme:person:e002874~8ceea3b25663,person,acme,E002874,Nadia Novak,Technician,CC-0002,false,2026-02-15T03:03:25Z,\N,2026-04-02T10:18:38Z,\N,1,assert
acme:person:e001710~b8a746da08b9,person,acme,E001710,Ibrahim Silvestri,Analyst,DEPT-24,false,2026-03-24T22:23:58Z,\N,2026-04-03T06:25:04Z,\N,1,assert
acme:person:e001616~d2045b7113e3,person,acme,\N,\N,\N,\N,\N,2024-06-28T07:02:44Z,\N,2026-04-03T08:21:06Z,\N,2,retract
acme:person:e001474~28ad8da4d434,person,acme,E001474,Kwame Ueda,Architect,DEPT-22,false,2026-02-22T17:47:10Z,\N,2026-04-03T16:03:20Z,\N,1,assert
acme:person:e000083~3cf9cb328281,person,acme,E000083,Ada Weiss,Analyst,DEPT-02,false,2026-02-15T22:50:51Z,\N,2026-04-04T07:13:43Z,\N,1,assert
acme:person:e003564~8d870dd97723,person,acme,E003564,Wen Ueda,Architect,CC-0012,false,2026-03-03T03:26:34Z,\N,2026-04-05T01:47:00Z,\N,1,assert
acme:person:e003814~25fcb3291549,person,acme,E003814,Renata Ueda,Buyer,DEPT-03,false,2026-02-12T03:43:59Z,\N,2026-04-05T16:12:35Z,\N,1,assert
acme:person:e000340~8c90c5c40243,person,acme,\N,\N,\N,\N,\N,2025-07-17T20:53:49Z,\N,2026-04-05T20:05:13Z,\N,2,retract
acme:person:e002519~63f3c6e666fd,person,acme,E002519,Farid Quintero,Buyer,DEPT-02,false,2026-03-08T23:26:38Z,\N,2026-04-06T04:25:19Z,\N,1,assert
acme:person:e000633~c718b62865c0,person,acme,E000633,Felix Wagner,Manager,CC-0003,false,2026-02-14T02:13:02Z,\N,2026-04-07T01:46:15Z,\N,1,assert
acme:person:e001224~e3c3ac14f551,person,acme,E001224,Ursula Vaughan,Technician,CC-0001,false,2026-03-18T08:13:42Z,\N,2026-04-07T10:06:56Z,\N,1,assert
acme:person:e001731~97b5cadd0344,person,acme,E001731,Wen Wagner,Engineer,CC-0004,false,2026-03-11T11:52:57Z,\N,2026-04-07T17:35:34Z,\N,1,assert
acme:person:e001150~e78f9b0a2f73,person,acme,\N,\N,\N,\N,\N,2023-03-01T09:57:48Z,\N,2026-04-08T07:14:58Z,\N,2,retract
acme:person:e000721~4b620b8fc2ce,person,acme,E000721,Paola Rasmussen,Architect,CC-0002,false,2026-02-10T02:11:47Z,\N,2026-04-08T19:59:37Z,\N,1,assert
acme:person:e001189~9cc8175e5fc5,person,acme,E001189,Dmitri Delacroix,Analyst,DEPT-08,false,2026-02-25T19:53:54Z,\N,2026-04-08T03:56:54Z,\N,1,assert
acme:person:e001779~8fc990f0cfb3,person,acme,E001779,Hugo Gallagher,Manager,CC-0006,false,2026-02-19T06:44:14Z,\N,2026-04-08T09:44:29Z,\N,1,assert
acme:person:e001293~8e4b89f68e95,person,acme,E001293,Lucia Nakamura,Technician,CC-0011,false,2026-04-02T04:09:33Z,\N,2026-04-09T06:35:43Z,\N,1,assert
acme:person:e000735~3d011408a1be,person,acme,E000735,Ursula Nakamura,Technician,DEPT-12,true,2026-02-24T00:44:16Z,2028-03-30T22:35:54Z,2026-04-09T22:11:28Z,\N,1,assert
acme:person:e000499~7d5e334801fc,person,acme,\N,\N,\N,\N,\N,2024-08-28T13:01:54Z,\N,2026-04-10T09:43:36Z,\N,2,retract
acme:person:e001848~33b4bb8274f8,person,acme,E001848,Leila Gallagher,Engineer,DEPT-06,false,2026-03-27T12:22:21Z,\N,2026-04-10T21:01:31Z,\N,1,assert
acme:person:e000634~a0d2b949c290,person,acme,E000634,Liam Oyelaran,Architect,CC-0003,false,2026-03-24T10:12:23Z,\N,2026-04-11T11:12:09Z,\N,1,assert
acme:person:e003833~90fa038dad61,person,acme,E003833,Fatima Silvestri,Technician,DEPT-14,false,2026-03-07T02:52:09Z,\N,2026-04-11T02:47:28Z,\N,1,assert
acme:person:e002856~beee4f894e1f,person,acme,E002856,Farid Chowdhury,Technician,DEPT-17,true,2026-02-27T12:36:52Z,\N,2026-04-11T11:46:23Z,\N,1,assert
acme:person:e003550~82435ddf3f22,person,acme,\N,\N,\N,\N,\N,2028-02-15T11:58:46Z,\N,2026-04-12T01:27:06Z,\N,2,retract
acme:person:e000210~7f775747af8c,person,acme,E000210,Yara Lindqvist,Technician,DEPT-01,false,2026-03-25T00:05:38Z,\N,2026-04-12T13:58:34Z,\N,1,assert
acme:person:e000450~1873038bba48,person,acme,\N,\N,\N,\N,\N,2026-04-29T00:31:59Z,\N,2026-04-12T14:04:29Z,\N,2,retract
acme:person:e003507~f20a469bfdb0,person,acme,E003507,Samir Gallagher,Engineer,DEPT-05,false,2026-02-15T20:45:58Z,\N,2026-04-12T20:50:33Z,\N,1,assert
acme:person:e001736~4ebf7456644a,person,acme,E001736,Tomas Weiss,Technician,DEPT-21,false,2026-03-01T11:58:34Z,\N,2026-04-13T02:39:41Z,\N,1,assert
acme:person:e001871~42dc4692e0ab,person,acme,E001871,Ada Jablonski,Auditor,DEPT-09,false,2026-03-14T15:21:23Z,\N,2026-04-13T04:04:25Z,\N,1,assert
acme:person:e000201~8b84c61bba5c,person,acme,\N,\N,\N,\N,\N,2024-03-26T18:04:13Z,\N,2026-04-13T14:13:35Z,\N,2,retract
acme:person:e001562~b2a3341a710f,person,acme,E001562,Fatima Thorsen,Technician,DEPT-20,false,2026-04-07T11:39:12Z,\N,2026-04-14T02:14:32Z,\N,1,assert
acme:person:e002355~a070bedbf610,person,acme,E002355,Ada Abbott,Auditor,DEPT-02,false,2026-03-08T05:38:45Z,\N,2026-04-14T06:27:06Z,\N,1,assert
acme:person:e002901~e1e558f70489,person,acme,E002901,Ursula Tanaka,Auditor,CC-0009,false,2026-03-29T21:29:14Z,\N,2026-04-15T13:34:35Z,\N,1,assert
acme:person:e002424~c5b99afb0fea,person,acme,E002424,Anders Zhang,Analyst,DEPT-05,false,2026-02-21T04:52:13Z,\N,2026-04-16T10:16:12Z,\N,1,assert
acme:person:e000203~3ffec6e359d4,person,acme,E000203,Amara Gallagher,Engineer,DEPT-06,false,2026-03-23T14:29:02Z,\N,2026-04-17T04:40:00Z,\N,1,assert
acme:person:e001584~bc8086c89dfd,person,acme,E001584,Mira Thorsen,Technician,CC-0002,false,2026-03-08T04:58:38Z,\N,2026-04-17T19:27:32Z,\N,1,assert
acme:person:e003439~f7d7356d8faf,person,acme,E003439,Kwame Haddad,Engineer,DEPT-12,false,2026-04-11T04:27:40Z,\N,2026-04-17T04:09:45Z,\N,1,assert
acme:person:e003604~7fcc4521b02e,person,acme,E003604,Fatima Zhang,Engineer,DIV-CORP,false,2026-03-17T18:34:15Z,\N,2026-04-17T04:52:47Z,\N,1,assert
acme:person:e003809~33dd1ea185fc,person,acme,E003809,Paola Silvestri,Analyst,DEPT-14,false,2026-04-09T03:34:36Z,\N,2026-04-17T10:23:34Z,\N,1,assert
acme:person:e001920~5311f51b75d2,person,acme,\N,\N,\N,\N,\N,2024-02-16T21:45:49Z,\N,2026-04-18T22:01:15Z,\N,2,retract
acme:person:e000942~9d519b865c21,person,acme,E000942,Ada Silvestri,Engineer,DEPT-07,false,2026-04-01T05:55:35Z,\N,2026-04-19T19:52:06Z,\N,1,assert
acme:person:e001478~8c53612f4493,person,acme,E001478,Quinn Gundersen,Architect,CC-0013,false,2026-03-25T18:33:38Z,\N,2026-04-19T08:59:27Z,\N,1,assert
acme:person:e003318~33c565dfc78b,person,acme,E003318,Samir Pereira,Auditor,DEPT-14,false,2026-03-25T12:37:21Z,\N,2026-04-19T04:57:36Z,\N,1,assert
acme:person:e003730~4d326ba26b7f,person,acme,E003730,Alan Haddad,Manager,DEPT-08,false,2026-03-12T10:14:45Z,\N,2026-04-19T19:39:46Z,\N,1,assert
acme:person:e002024~5648407ac5c8,person,acme,E002024,Yara Delacroix,Manager,DIV-CORP,false,2026-03-31T08:08:10Z,\N,2026-04-20T05:27:10Z,\N,1,assert
acme:person:e002237~c0a1435bd1ba,person,acme,E002237,Wen Mbatha,Analyst,DEPT-17,false,2026-03-26T06:24:38Z,\N,2026-04-20T07:34:47Z,\N,1,assert
acme:person:e003142~c6705894b135,person,acme,E003142,Vikram Kaminski,Analyst,DEPT-06,false,2026-03-15T15:42:43Z,\N,2026-04-20T11:57:06Z,\N,1,assert
acme:person:e000143~0e320d3409d7,person,acme,E000143,Lars Delacroix,Manager,DEPT-17,false,2026-02-26T21:48:15Z,\N,2026-04-21T04:28:49Z,\N,1,assert
acme:person:e002013~48c836c9865e,person,acme,E002013,Dmitri Jablonski,Engineer,DEPT-05,false,2026-03-17T18:51:25Z,\N,2026-04-21T13:55:29Z,\N,1,assert
acme:person:e002652~6df9d350e0b0,person,acme,E002652,Sofia Quintero,Architect,DEPT-13,false,2026-02-26T01:35:30Z,\N,2026-04-21T04:55:03Z,\N,1,assert
acme:person:e003015~4ae86c323b4b,person,acme,E003015,Fatima Yilmaz,Auditor,DEPT-07,false,2026-03-05T14:14:10Z,\N,2026-04-21T15:28:04Z,\N,1,assert
acme:person:e002015~e3054a155b0e,person,acme,E002015,Clara Marchetti,Analyst,DEPT-08,false,2026-03-13T23:17:02Z,\N,2026-04-22T01:05:29Z,\N,1,assert
acme:person:e002635~4c9ccc4fde8c,person,acme,E002635,Tomas Santos,Analyst,CC-0006,false,2026-04-11T06:36:17Z,\N,2026-04-22T15:16:55Z,\N,1,assert
acme:person:e002945~5a54f078f7b8,person,acme,E002945,Lars Wagner,Auditor,DEPT-21,false,2026-02-25T12:20:50Z,\N,2026-04-22T05:30:52Z,\N,1,assert
acme:person:e003060~306781b4960b,person,acme,E003060,Ursula Jablonski,Architect,DEPT-15,false,2026-04-10T01:32:08Z,\N,2026-04-22T06:33:40Z,\N,1,assert
acme:person:e002361~c2c96b13d896,person,acme,E002361,Fatima Eberhardt,Engineer,CC-0005,false,2026-04-20T15:10:44Z,\N,2026-04-23T08:02:13Z,\N,1,assert
acme:person:e003822~370b21dae2a5,person,acme,E003822,Zoltan Gallagher,Auditor,DEPT-05,false,2026-04-22T02:12:47Z,\N,2026-04-24T20:45:02Z,\N,1,assert
acme:person:e003849~3e4e78194517,person,acme,E003849,Xenia Nakamura,Buyer,CC-0011,false,2026-04-14T16:43:11Z,\N,2026-04-24T16:24:07Z,\N,1,assert
acme:person:e000821~ab8e9e33f508,person,acme,E000821,Oliver Schneider,Architect,DEPT-04,true,2026-03-29T22:41:10Z,\N,2026-04-26T09:21:48Z,\N,1,assert
acme:person:e000390~a5c9d051473a,person,acme,E000390,Felix Yilmaz,Buyer,DEPT-21,false,2026-04-06T23:04:33Z,\N,2026-04-26T19:41:05Z,\N,1,assert
acme:person:e001833~b01e43c78d98,person,acme,E001833,Yusuf Schneider,Manager,DEPT-23,false,2026-02-25T13:47:17Z,\N,2026-04-26T00:52:52Z,\N,1,assert
acme:person:e002738~e557a6f069af,person,acme,E002738,Anders Gallagher,Auditor,DEPT-04,false,2026-03-14T10:15:04Z,\N,2026-04-26T16:20:27Z,\N,1,assert
acme:person:e000271~e3ea0352f8fd,person,acme,E000271,Anika Delacroix,Auditor,DEPT-08,false,2026-03-20T22:47:41Z,\N,2026-04-27T08:06:46Z,\N,1,assert
acme:person:e003663~a1f159df0393,person,acme,E003663,Ada Abbott,Buyer,CC-0011,false,2026-03-04T10:11:42Z,\N,2026-04-27T15:23:36Z,\N,1,assert
acme:person:e002210~60e91ead29e4,person,acme,\N,\N,\N,\N,\N,2025-12-26T20:40:30Z,\N,2026-04-28T05:13:35Z,\N,2,retract
acme:person:e000919~b9f37b277b6d,person,acme,\N,\N,\N,\N,\N,2025-08-20T12:15:52Z,\N,2026-04-28T08:33:02Z,\N,2,retract
acme:person:e001000~00d126af8bee,person,acme,E001000,Felix Eberhardt,Manager,DEPT-23,false,2026-04-04T20:03:58Z,\N,2026-04-28T21:01:30Z,\N,1,assert
acme:person:e001846~f9331801e81d,person,acme,E001846,Lars Schneider,Analyst,DEPT-17,false,2026-03-31T13:30:24Z,\N,2026-04-28T16:45:20Z,\N,1,assert
acme:person:e002271~30d09d4e752a,person,acme,E002271,Ada Santos,Buyer,DEPT-02,false,2026-03-11T01:17:54Z,\N,2026-04-28T18:55:26Z,\N,1,assert
acme:person:e000845~5c1ac908b3f5,person,acme,\N,\N,\N,\N,\N,2025-04-07T09:05:45Z,\N,2026-04-28T22:55:44Z,\N,2,retract
acme:person:e003793~e98454ea3dad,person,acme,\N,\N,\N,\N,\N,2023-09-03T17:00:44Z,\N,2026-04-29T11:24:43Z,\N,2,retract
acme:person:e002936~377e7d719f2a,person,acme,\N,\N,\N,\N,\N,2025-02-13T11:14:25Z,\N,2026-04-29T16:44:33Z,\N,2,retract
acme:person:e000232~c709af63679d,person,acme,E000232,Oliver Quintero,Manager,CC-0002,false,2026-03-01T13:00:33Z,\N,2026-04-29T19:40:43Z,\N,1,assert
acme:person:e000138~f3dd283f22b1,person,acme,E000138,Chidi Pereira,Buyer,DEPT-23,true,2026-04-15T10:50:07Z,2026-09-30T01:48:49Z,2026-04-29T21:45:54Z,\N,1,assert
acme:person:e000285~841f94f3986d,person,acme,E000285,Dmitri Delacroix,Buyer,DEPT-06,false,2026-04-26T21:51:43Z,\N,2026-04-29T23:26:28Z,\N,1,assert
acme:person:e001212~5b50dac918fd,person,acme,E001212,Lars Rasmussen,Architect,DEPT-24,false,2026-03-25T17:07:22Z,\N,2026-04-29T08:40:44Z,\N,1,assert
acme:person:e001685~cc81352ad8e7,person,acme,E001685,Paola Mbatha,Analyst,DEPT-11,false,2026-04-15T04:39:39Z,\N,2026-04-29T11:33:10Z,\N,1,assert
acme:person:e002802~4d2b48b64d94,person,acme,E002802,Farid Pereira,Manager,DEPT-24,false,2026-03-25T17:07:57Z,\N,2026-04-29T11:02:57Z,\N,1,assert
acme:person:e002833~3b9ca15b2fc1,person,acme,E002833,Dmitri Lindqvist,Analyst,CC-0009,false,2026-03-11T02:01:48Z,\N,2026-04-29T00:00:33Z,\N,1,assert
acme:person:e002913~f3555659bccf,person,acme,E002913,Oliver Eberhardt,Analyst,DEPT-12,false,2026-04-27T13:53:39Z,\N,2026-04-29T17:46:00Z,\N,1,assert
acme:person:e001381~45d55972a8eb,person,acme,E001381,Gita Ueda,Architect,DEPT-13,false,2026-04-19T05:49:18Z,\N,2026-04-30T20:05:24Z,\N,1,assert
acme:person:e002729~ba19121d16f3,person,acme,E002729,Rafael Weiss,Engineer,CC-0008,false,2026-04-12T08:36:29Z,\N,2026-04-30T15:51:08Z,\N,1,assert
acme:person:e001721~ac28bf775983,person,acme,E001721,Dmitri Gallagher,Engineer,DEPT-08,false,2026-03-29T11:25:56Z,\N,2026-05-01T15:29:54Z,\N,1,assert
acme:person:e002951~78b73d9ecbbb,person,acme,E002951,Ingrid Yilmaz,Technician,CC-0005,false,2026-03-02T13:40:18Z,\N,2026-05-01T20:58:04Z,\N,1,assert
acme:person:e001002~00802ee45217,person,acme,E001002,Farid Zhang,Technician,DEPT-22,false,2026-03-10T23:17:44Z,\N,2026-05-03T08:14:19Z,\N,1,assert
acme:person:e000366~875500265b35,person,acme,E000366,Clara Tanaka,Technician,CC-0009,false,2026-03-14T10:21:23Z,\N,2026-05-04T11:23:14Z,\N,1,assert
acme:person:e000899~e35bda986841,person,acme,E000899,Mira Weiss,Architect,CC-0006,false,2026-04-19T15:29:46Z,\N,2026-05-04T12:12:48Z,\N,1,assert
acme:person:e002676~175df76d795f,person,acme,E002676,Anika Okonkwo,Buyer,DEPT-06,false,2026-04-04T18:53:26Z,\N,2026-05-04T01:06:16Z,\N,1,assert
acme:person:e003339~017d1c0900ee,person,acme,E003339,Ibrahim Bergstrom,Auditor,CC-0014,false,2026-03-17T15:00:42Z,\N,2026-05-04T18:18:49Z,\N,1,assert
acme:person:e003656~87ce34d767b9,person,acme,E003656,Hugo Tanaka,Analyst,CC-0004,false,2026-04-06T20:05:31Z,\N,2026-05-04T11:38:43Z,\N,1,assert
acme:person:e003658~07542700a532,person,acme,E003658,Elena Schneider,Auditor,DEPT-14,false,2026-04-04T20:41:47Z,\N,2026-05-04T08:02:22Z,\N,1,assert
acme:person:e002356~bb856acedbd4,person,acme,\N,\N,\N,\N,\N,2025-05-14T05:19:51Z,\N,2026-05-05T00:38:25Z,\N,2,retract
acme:person:e002378~162bdaa15452,person,acme,E002378,Alan Ueda,Manager,DEPT-15,false,2026-04-01T20:22:53Z,\N,2026-05-05T13:19:47Z,\N,1,assert
acme:person:e002400~def7e63f97ab,person,acme,E002400,Leila Santos,Auditor,DEPT-14,false,2026-03-19T07:36:31Z,\N,2026-05-05T00:54:10Z,\N,1,assert
acme:person:e002445~384e9ad277a0,person,acme,\N,\N,\N,\N,\N,2027-09-04T04:58:58Z,\N,2026-05-05T21:45:11Z,\N,2,retract
acme:person:e003254~b58fcde1e413,person,acme,E003254,Samir Quintero,Engineer,DEPT-18,false,2026-04-19T15:28:43Z,\N,2026-05-06T22:20:18Z,\N,1,assert
acme:person:e000398~4abc06da46b5,person,acme,E000398,Hugo Lindqvist,Auditor,CC-0010,false,2026-03-10T13:44:10Z,\N,2026-05-07T13:20:59Z,\N,1,assert
acme:person:e002297~3267d7efc716,person,acme,E002297,Zoltan Nakamura,Analyst,CC-0012,true,2026-03-23T01:08:02Z,\N,2026-05-07T20:51:43Z,\N,1,assert
acme:person:e003400~93e47b936086,person,acme,E003400,Tomas Bergstrom,Engineer,DEPT-14,false,2026-03-18T00:38:33Z,\N,2026-05-07T21:05:05Z,\N,1,assert
acme:person:e003847~400072e6a1b7,person,acme,\N,\N,\N,\N,\N,2024-02-16T06:43:50Z,\N,2026-05-08T05:04:49Z,\N,2,retract
acme:person:e001437~2f3ad6676df3,person,acme,E001437,Fatima Delacroix,Auditor,CC-0006,false,2026-04-19T13:19:58Z,\N,2026-05-08T16:04:39Z,\N,1,assert
acme:person:e002973~f70a204199a6,person,acme,E002973,Priya Chowdhury,Auditor,DEPT-20,false,2026-05-04T06:40:32Z,\N,2026-05-08T12:37:51Z,\N,1,assert
acme:person:e001902~5267bd541ddb,person,acme,\N,\N,\N,\N,\N,2021-06-21T16:48:44Z,\N,2026-05-09T21:02:21Z,\N,2,retract
acme:person:e003926~e630aedc45f7,person,acme,E003926,Ada Kovac,Analyst,DEPT-02,false,2026-04-08T13:06:10Z,\N,2026-05-09T23:24:14Z,\N,1,assert
acme:person:e001228~3cdcbb6004a8,person,acme,\N,\N,\N,\N,\N,2023-12-23T23:31:02Z,\N,2026-05-10T11:28:20Z,\N,2,retract
acme:person:e000807~c5927287a2da,person,acme,E000807,Ibrahim Kaminski,Buyer,DEPT-04,false,2026-03-17T15:15:43Z,\N,2026-05-10T14:32:40Z,\N,1,assert
acme:person:e001671~4786e530b7d9,person,acme,E001671,Kwame Gundersen,Buyer,CC-0002,false,2026-03-25T17:56:03Z,\N,2026-05-10T12:01:00Z,\N,1,assert
acme:person:e002895~9c9b703f623f,person,acme,\N,\N,\N,\N,\N,2023-07-31T03:35:45Z,\N,2026-05-10T14:46:18Z,\N,2,retract
acme:person:e001919~43c1332cdfcc,person,acme,E001919,Bruno Rasmussen,Technician,CC-0014,true,2026-04-21T13:09:37Z,\N,2026-05-11T22:43:44Z,\N,1,assert
acme:person:e000986~cc32ff1a3af5,person,acme,E000986,Anders Nakamura,Buyer,CC-0010,false,2026-04-14T12:56:42Z,\N,2026-05-12T23:01:12Z,\N,1,assert
acme:person:e002181~1f1961c73e9a,person,acme,E002181,Carla Santos,Manager,DEPT-23,false,2026-04-18T01:45:22Z,\N,2026-05-13T11:44:32Z,\N,1,assert
acme:person:e000374~4b01d4d988d0,person,acme,E000374,Nadia Fontaine,Analyst,CC-0009,false,2026-05-06T02:05:13Z,\N,2026-05-14T00:17:50Z,\N,1,assert
acme:person:e002115~ef1dadb78978,person,acme,E002115,Farid Zhang,Engineer,DEPT-09,false,2026-05-05T13:09:48Z,\N,2026-05-14T16:06:29Z,\N,1,assert
acme:person:e000213~4bbc6ab4317b,person,acme,\N,\N,\N,\N,\N,2025-07-08T17:54:35Z,\N,2026-05-15T02:59:11Z,\N,2,retract
acme:person:e003884~2f873407d222,person,acme,E003884,Felix Zhang,Manager,DEPT-22,false,2026-04-01T11:23:09Z,\N,2026-05-15T20:16:49Z,\N,1,assert
acme:person:e000089~508f9face307,person,acme,E000089,Gita Mbatha,Engineer,DEPT-05,false,2026-03-27T09:08:48Z,\N,2026-05-16T12:37:26Z,\N,1,assert
acme:person:e002054~929f0d007bcb,person,acme,E002054,Xenia Kovac,Buyer,DEPT-15,true,2026-04-02T02:14:30Z,2027-01-11T06:16:38Z,2026-05-16T14:27:14Z,\N,1,assert
acme:person:e001829~73bbe347e65d,person,acme,E001829,Amara Kovac,Manager,DEPT-03,false,2026-04-05T10:51:54Z,\N,2026-05-16T18:29:32Z,\N,1,assert
acme:person:e002340~920b82f626bc,person,acme,E002340,Samir Gundersen,Technician,CC-0008,false,2026-05-01T19:20:39Z,\N,2026-05-16T05:30:11Z,\N,1,assert
acme:person:e002365~9e857180c847,person,acme,\N,\N,\N,\N,\N,2026-05-06T06:51:46Z,\N,2026-05-17T15:33:11Z,\N,2,retract
acme:person:e000370~4c8d1919d5b9,person,acme,E000370,Zara Gallagher,Buyer,CC-0008,false,2026-04-29T21:27:37Z,\N,2026-05-17T21:51:42Z,\N,1,assert
acme:person:e000741~bba3375f1880,person,acme,E000741,Oliver Vaughan,Technician,DEPT-12,false,2026-04-24T01:12:16Z,\N,2026-05-17T03:31:13Z,\N,1,assert
acme:person:e003210~1a41781e3721,person,acme,E003210,Farid Pereira,Manager,CC-0013,false,2026-04-09T00:18:40Z,\N,2026-05-17T03:40:01Z,\N,1,assert
acme:person:e001683~3fb18578ecdf,person,acme,\N,\N,\N,\N,\N,2023-04-19T14:54:16Z,\N,2026-05-18T03:34:12Z,\N,2,retract
acme:person:e000897~b985cc2c07c9,person,acme,E000897,Oliver Silvestri,Auditor,CC-0001,false,2026-04-17T09:25:27Z,\N,2026-05-18T03:34:26Z,\N,1,assert
acme:person:e000583~a6b4896fa454,person,acme,E000583,Xenia Eberhardt,Auditor,DIV-CORP,false,2026-04-09T08:16:18Z,\N,2026-05-19T10:17:37Z,\N,1,assert
acme:person:e001100~d96bceddd641,person,acme,E001100,Ursula Baptiste,Technician,CC-0014,false,2026-05-16T22:06:49Z,\N,2026-05-19T02:18:06Z,\N,1,assert
acme:person:e001869~2e30ecd235a7,person,acme,E001869,Bruno Oyelaran,Technician,DEPT-05,false,2026-03-28T07:45:59Z,\N,2026-05-20T01:18:44Z,\N,1,assert
acme:person:e000559~7a5feddf2a86,person,acme,E000559,Keiko Schneider,Manager,DEPT-05,true,2026-04-15T03:20:14Z,2027-11-25T14:44:33Z,2026-05-20T03:23:54Z,\N,1,assert
acme:person:e002211~2136442d7bc6,person,acme,E002211,Quinn Kaminski,Auditor,DEPT-16,false,2026-04-18T06:37:20Z,\N,2026-05-20T14:10:23Z,\N,1,assert
acme:person:e003415~233000c5a98f,person,acme,E003415,Liam Gallagher,Engineer,DEPT-02,false,2026-03-26T18:21:24Z,\N,2026-05-20T07:53:14Z,\N,1,assert
acme:person:e000880~8c2156d1d530,person,acme,E000880,Wen Delacroix,Technician,DEPT-08,false,2026-04-04T13:30:10Z,\N,2026-05-22T14:34:12Z,\N,1,assert
acme:person:e001482~84152736e9ef,person,acme,E001482,Yara Castellanos,Analyst,DEPT-23,false,2026-04-15T15:57:41Z,\N,2026-05-23T21:23:38Z,\N,1,assert
acme:person:e001673~798d0bd5537c,person,acme,E001673,Bruno Gundersen,Technician,CC-0004,false,2026-03-28T17:38:03Z,\N,2026-05-23T22:59:03Z,\N,1,assert
acme:person:e003388~ca8dd7f3901c,person,acme,E003388,Oliver Delacroix,Engineer,CC-0001,false,2026-04-29T03:07:29Z,\N,2026-05-23T12:51:05Z,\N,1,assert
acme:person:e003537~eb9340e2dc8b,person,acme,E003537,Noor Yilmaz,Technician,CC-0007,false,2026-04-13T07:10:15Z,\N,2026-05-23T04:56:41Z,\N,1,assert
acme:person:e001042~0f8cf0fb8d37,person,acme,E001042,Kwame Haddad,Analyst,DEPT-05,false,2026-05-15T22:38:46Z,\N,2026-05-24T12:15:53Z,\N,1,assert
acme:person:e001067~8bf5c3475f9d,person,acme,E001067,Jonas Novak,Auditor,DEPT-17,false,2026-04-14T15:04:53Z,\N,2026-05-24T01:08:49Z,\N,1,assert
acme:person:e001463~211870e27918,person,acme,E001463,Mira Oyelaran,Buyer,CC-0007,false,2026-05-06T15:52:21Z,\N,2026-05-24T15:43:33Z,\N,1,assert
acme:person:e002418~ee846bebff41,person,acme,E002418,Elena Quintero,Auditor,CC-0006,false,2026-03-29T11:24:01Z,\N,2026-05-24T12:25:06Z,\N,1,assert
acme:person:e000527~f8c77790fba3,person,acme,\N,\N,\N,\N,\N,2024-11-30T20:54:21Z,\N,2026-05-25T06:11:15Z,\N,2,retract
acme:person:e002512~33bfc31767c3,person,acme,E002512,Yara Oyelaran,Architect,CC-0008,false,2026-05-15T23:32:36Z,\N,2026-05-25T20:43:24Z,\N,1,assert
acme:person:e003666~66a4047c51c6,person,acme,E003666,Noor Eberhardt,Auditor,CC-0003,false,2026-05-19T23:50:27Z,\N,2026-05-25T01:36:19Z,\N,1,assert
acme:person:e002645~da20a3a8fc58,person,acme,\N,\N,\N,\N,\N,2027-03-05T13:16:01Z,\N,2026-05-26T17:02:47Z,\N,2,retract
acme:person:e000293~6676b0aa5463,person,acme,E000293,Sofia Jablonski,Technician,DEPT-16,false,2026-05-01T02:07:07Z,\N,2026-05-26T21:34:46Z,\N,1,assert
acme:person:e001781~09afaa75fcc6,person,acme,E001781,Hugo Kaminski,Technician,DEPT-08,false,2026-05-02T18:06:34Z,\N,2026-05-26T04:15:17Z,\N,1,assert
acme:person:e003238~699868170db1,person,acme,E003238,Liam Schneider,Analyst,CC-0004,false,2026-04-09T02:39:33Z,\N,2026-05-26T16:14:20Z,\N,1,assert
acme:person:e003299~7d83fa234e7f,person,acme,E003299,Ada Nakamura,Auditor,DEPT-15,false,2026-04-25T01:29:23Z,\N,2026-05-26T04:37:36Z,\N,1,assert
acme:person:e003124~389129c27e27,person,acme,\N,\N,\N,\N,\N,2023-06-18T20:43:10Z,\N,2026-05-29T01:46:44Z,\N,2,retract
acme:person:e000407~fbff4495dfe7,person,acme,E000407,Liam Marchetti,Analyst,DEPT-08,false,2026-04-19T09:33:10Z,\N,2026-05-29T05:19:02Z,\N,1,assert
acme:person:e000682~158122588ba4,person,acme,E000682,Zara Rasmussen,Technician,CC-0013,false,2026-04-16T11:42:29Z,\N,2026-05-29T17:24:36Z,\N,1,assert
acme:person:e002119~00056998d4b1,person,acme,E002119,Wen Gundersen,Manager,DEPT-23,false,2026-04-03T09:14:25Z,\N,2026-05-29T18:49:14Z,\N,1,assert
acme:person:e001857~cdc299ee92a4,person,acme,E001857,Carla Kovac,Architect,CC-0012,false,2026-03-31T10:55:43Z,\N,2026-05-30T13:13:09Z,\N,1,assert
acme:person:e002789~4fe14330d413,person,acme,E002789,Anders Delacroix,Manager,CC-0006,false,2026-05-02T10:56:39Z,\N,2026-05-30T15:53:07Z,\N,1,assert
acme:person:e002853~710b187ef89d,person,acme,E002853,Samir Chowdhury,Architect,CC-0005,false,2026-05-30T11:11:13Z,\N,2026-05-30T11:11:13Z,\N,1,assert
acme:person:e003900~de3a0dc3feac,person,acme,E003900,Lars Quintero,Manager,DEPT-07,false,2026-05-04T12:23:26Z,\N,2026-05-30T05:18:51Z,\N,1,assert
acme:person:e002589~8d2092abd352,person,acme,\N,\N,\N,\N,\N,2023-04-28T17:32:21Z,\N,2026-05-31T01:03:55Z,\N,2,retract
acme:person:e001119~14c80eea695e,person,acme,E001119,Paola Kaminski,Manager,DEPT-04,false,2026-04-13T16:43:05Z,\N,2026-05-31T11:01:18Z,\N,1,assert
acme:person:e003675~a5e9c5d172f1,person,acme,E003675,Keiko Rasmussen,Architect,DEPT-19,false,2026-04-25T04:26:15Z,\N,2026-05-31T11:10:29Z,\N,1,assert
acme:person:e000022~ce20502b2abd,person,acme,\N,\N,\N,\N,\N,2024-12-17T23:01:29Z,\N,2026-05-31T15:21:57Z,\N,2,retract
acme:person:e002468~7c229ee24812,person,acme,E002468,Priya Thorsen,Technician,DEPT-21,false,2026-04-18T14:35:06Z,\N,2026-06-02T01:55:53Z,\N,1,assert
acme:person:e000839~eef19f0fa90d,person,acme,E000839,Farid Santos,Auditor,DEPT-04,false,2026-04-15T11:23:43Z,\N,2026-06-03T05:34:47Z,\N,1,assert
acme:person:e003035~cd11f180ba18,person,acme,E003035,Yusuf Vaughan,Engineer,DEPT-08,false,2026-05-21T20:43:05Z,\N,2026-06-03T04:26:57Z,\N,1,assert
acme:person:e001360~bf2a7a8bfc96,person,acme,\N,\N,\N,\N,\N,2024-03-31T01:14:34Z,\N,2026-06-04T08:44:48Z,\N,2,retract
acme:person:e000704~fb1bcd77f2d0,person,acme,E000704,Dmitri Delacroix,Buyer,CC-0002,false,2026-04-29T07:20:16Z,\N,2026-06-04T21:38:50Z,\N,1,assert
acme:person:e001603~09d22c9d8365,person,acme,E001603,Ibrahim Gundersen,Manager,DEPT-06,false,2026-06-03T16:47:15Z,\N,2026-06-04T06:46:58Z,\N,1,assert
acme:person:e002101~bb1a19691afa,person,acme,E002101,Yara Baptiste,Auditor,DEPT-05,false,2026-05-03T15:23:05Z,\N,2026-06-04T00:48:50Z,\N,1,assert
acme:person:e002488~536fb6a09fb2,person,acme,E002488,Priya Gundersen,Technician,CC-0014,false,2026-05-13T11:12:13Z,\N,2026-06-04T08:53:51Z,\N,1,assert
acme:person:e002571~3156e88996bb,person,acme,E002571,Lars Zhang,Manager,CC-0013,false,2026-04-20T11:42:56Z,\N,2026-06-04T05:44:09Z,\N,1,assert
acme:person:e000098~bf2f3a9f8ab5,person,acme,\N,\N,\N,\N,\N,2025-09-01T13:57:27Z,\N,2026-06-05T17:55:56Z,\N,2,retract
acme:person:e000181~38ea2fa425df,person,acme,E000181,Yara Baptiste,Engineer,DEPT-03,false,2026-05-04T18:28:31Z,\N,2026-06-06T17:51:49Z,\N,1,assert
acme:person:e003311~b1212a1423b2,person,acme,E003311,Lars Kovac,Auditor,CC-0001,false,2026-06-04T01:41:48Z,\N,2026-06-06T05:36:20Z,\N,1,assert
acme:person:e002038~324a3bf51ec8,person,acme,E002038,Ursula Schneider,Architect,DEPT-15,false,2026-05-06T15:16:36Z,\N,2026-06-07T11:26:50Z,\N,1,assert
acme:person:e002270~208f625c574b,person,acme,E002270,Vikram Yilmaz,Analyst,CC-0004,false,2026-05-24T04:10:52Z,\N,2026-06-07T00:02:57Z,\N,1,assert
acme:person:e002531~728a8d088abb,person,acme,E002531,Tomas Pereira,Analyst,CC-0001,false,2026-05-13T09:28:07Z,\N,2026-06-07T07:48:09Z,\N,1,assert
acme:person:e003500~4f8ab0a9f397,person,acme,\N,\N,\N,\N,\N,2024-06-16T06:46:15Z,\N,2026-06-07T17:02:04Z,\N,2,retract
acme:person:e002014~abf8dcc050cc,person,acme,E002014,Clara Rasmussen,Auditor,CC-0011,false,2026-05-10T04:52:37Z,\N,2026-06-08T07:35:29Z,\N,1,assert
acme:person:e002887~5c3ddc4078af,person,acme,E002887,Ingrid Kaminski,Architect,DEPT-05,false,2026-05-08T19:04:51Z,\N,2026-06-08T12:30:57Z,\N,1,assert
acme:person:e001932~d108faf8379c,person,acme,E001932,Fatima Marchetti,Technician,DEPT-17,true,2026-05-02T11:56:35Z,\N,2026-06-09T04:53:39Z,\N,1,assert
acme:person:e001278~37c97f5fc569,person,acme,\N,\N,\N,\N,\N,2022-05-17T04:33:25Z,\N,2026-06-09T15:28:01Z,\N,2,retract
acme:person:e000481~5fad22d10e02,person,acme,E000481,Paola Zhang,Architect,DEPT-19,false,2026-04-13T07:53:26Z,\N,2026-06-09T17:36:34Z,\N,1,assert
acme:person:e000771~129cacacc4ac,person,acme,E000771,Keiko Thorsen,Technician,DEPT-01,false,2026-05-21T00:55:28Z,\N,2026-06-09T14:39:34Z,\N,1,assert
acme:person:e003630~9c761329c7fd,person,acme,E003630,Paola Bergstrom,Analyst,CC-0003,false,2026-05-22T23:27:26Z,\N,2026-06-09T03:41:13Z,\N,1,assert
acme:person:e003740~6a657bd87fc8,person,acme,E003740,Elena Weiss,Buyer,CC-0010,false,2026-04-10T09:10:42Z,\N,2026-06-09T01:48:35Z,\N,1,assert
acme:person:e002905~578dd2968f7e,person,acme,E002905,Yusuf Gallagher,Analyst,DEPT-02,false,2026-06-07T03:44:19Z,\N,2026-06-10T15:20:44Z,\N,1,assert
acme:person:e000199~0744349bd7bc,person,acme,\N,\N,\N,\N,\N,2021-10-09T19:20:14Z,\N,2026-06-13T04:45:26Z,\N,2,retract
acme:person:e002758~aa051b25d1dd,person,acme,\N,\N,\N,\N,\N,2022-06-14T14:32:59Z,\N,2026-06-13T13:02:51Z,\N,2,retract
acme:person:e000440~488e02006884,person,acme,E000440,Oliver Ivanova,Buyer,CC-0007,false,2026-05-14T17:23:14Z,\N,2026-06-13T19:21:08Z,\N,1,assert
acme:person:e000514~02460df86708,person,acme,E000514,Alan Yilmaz,Buyer,DEPT-14,false,2026-04-23T09:29:45Z,\N,2026-06-13T13:18:04Z,\N,1,assert
acme:person:e003134~cd3032e3d80c,person,acme,E003134,Zara Vaughan,Engineer,DEPT-19,false,2026-05-26T19:54:17Z,\N,2026-06-13T02:12:36Z,\N,1,assert
acme:person:e000028~5179ab6dae84,person,acme,E000028,Priya Ivanova,Architect,CC-0003,false,2026-04-24T19:53:10Z,\N,2026-06-13T19:29:48Z,\N,1,assert
acme:person:e000466~46e60231ac0b,person,acme,E000466,Priya Kovac,Analyst,DEPT-03,false,2026-05-09T08:13:19Z,\N,2026-06-15T16:42:59Z,\N,1,assert
acme:person:e003721~251bb6782d9f,person,acme,E003721,Ibrahim Kaminski,Auditor,CC-0013,false,2026-05-18T13:11:14Z,\N,2026-06-15T16:05:03Z,\N,1,assert
acme:person:e000352~57b9a7d6026d,person,acme,E000352,Quinn Lindqvist,Architect,CC-0003,false,2026-05-31T11:28:15Z,\N,2026-06-16T21:41:28Z,\N,1,assert
acme:person:e001376~84b92b856358,person,acme,E001376,Amara Gallagher,Auditor,DIV-CORP,false,2026-06-15T04:09:55Z,\N,2026-06-16T12:25:06Z,\N,1,assert
acme:person:e002167~31ce3131740b,person,acme,E002167,Xenia Fontaine,Architect,CC-0012,false,2026-05-04T22:00:57Z,\N,2026-06-16T19:39:03Z,\N,1,assert
acme:person:e002831~f3af8f6123ba,person,acme,E002831,Jonas Bergstrom,Auditor,CC-0008,false,2026-05-05T15:08:52Z,\N,2026-06-16T01:37:34Z,\N,1,assert
acme:person:e002872~e9d8246a329c,person,acme,E002872,Jonas Nakamura,Manager,DIV-CORP,false,2026-05-22T06:04:14Z,\N,2026-06-16T08:18:06Z,\N,1,assert
acme:person:e003302~db0a5d138ee8,person,acme,E003302,Lucia Gallagher,Buyer,DEPT-03,false,2026-06-06T01:28:48Z,\N,2026-06-16T01:41:44Z,\N,1,assert
acme:person:e000155~bc30322dbefe,person,acme,E000155,Ingrid Delacroix,Technician,DIV-CORP,false,2026-04-25T16:34:35Z,\N,2026-06-17T15:28:31Z,\N,1,assert
acme:person:e002309~f27b76f2304b,person,acme,E002309,Quinn Castellanos,Engineer,DEPT-04,false,2026-05-03T03:05:27Z,\N,2026-06-17T13:06:06Z,\N,1,assert
acme:person:e003669~a08e7cbc28b5,person,acme,E003669,Paola Eberhardt,Architect,DEPT-01,false,2026-06-01T07:57:14Z,\N,2026-06-17T12:39:06Z,\N,1,assert
acme:person:e003012~76dedd0ad9d5,person,acme,E003012,Oliver Rasmussen,Analyst,DEPT-05,false,2026-06-17T19:24:28Z,\N,2026-06-18T15:37:49Z,\N,1,assert
acme:person:e001186~d99cbb58609d,person,acme,E001186,Xenia Abbott,Buyer,DEPT-15,false,2026-05-25T15:53:00Z,\N,2026-06-19T06:49:41Z,\N,1,assert
acme:person:e001066~0aba41261de4,person,acme,\N,\N,\N,\N,\N,2025-12-23T08:58:31Z,\N,2026-06-19T09:40:44Z,\N,2,retract
acme:person:e003503~179f71776cab,person,acme,E003503,Wen Yilmaz,Buyer,DEPT-18,false,2026-04-21T12:02:58Z,\N,2026-06-19T20:14:03Z,\N,1,assert
acme:person:e003886~325dfec412bb,person,acme,E003886,Felix Bergstrom,Buyer,DEPT-18,false,2026-05-20T01:37:24Z,\N,2026-06-19T16:36:21Z,\N,1,assert
acme:person:e000592~0de9c9ccc8ef,person,acme,\N,\N,\N,\N,\N,2026-11-15T17:54:18Z,\N,2026-06-20T08:13:51Z,\N,2,retract
acme:person:e000165~c3b61a626a72,person,acme,E000165,Tomas Schneider,Manager,DEPT-22,false,2026-05-13T02:39:38Z,\N,2026-06-20T09:19:15Z,\N,1,assert
acme:person:e002373~07c1bc3c1550,person,acme,E002373,Farid Okonkwo,Manager,DEPT-12,false,2026-05-05T22:54:23Z,\N,2026-06-20T06:35:49Z,\N,1,assert
acme:person:e003037~9a4f8f439940,person,acme,\N,\N,\N,\N,\N,2024-10-19T20:28:47Z,\N,2026-06-20T18:13:49Z,\N,2,retract
acme:person:e001613~87543bc2348e,person,acme,\N,\N,\N,\N,\N,2024-01-17T17:38:46Z,\N,2026-06-21T15:04:00Z,\N,2,retract
acme:person:e000118~e22a0a980e4d,person,acme,E000118,Ursula Gallagher,Buyer,DEPT-13,false,2026-06-15T09:28:09Z,\N,2026-06-21T15:51:39Z,\N,1,assert
acme:person:e001046~497ea899d047,person,acme,E001046,Zara Oyelaran,Buyer,DEPT-21,false,2026-05-18T16:46:54Z,\N,2026-06-21T04:58:06Z,\N,1,assert
acme:person:e001050~c9732dda36bf,person,acme,E001050,Clara Thorsen,Manager,CC-0002,true,2026-05-07T18:48:59Z,2026-11-03T02:33:06Z,2026-06-21T16:59:28Z,\N,1,assert
acme:person:e000371~d6fe7cb354d8,person,acme,\N,\N,\N,\N,\N,2025-10-29T17:14:36Z,\N,2026-06-22T06:57:41Z,\N,2,retract
acme:person:e002370~e7e2d89c0603,person,acme,E002370,Keiko Thorsen,Auditor,DEPT-08,false,2026-05-21T21:01:11Z,\N,2026-06-23T12:22:55Z,\N,1,assert
acme:person:e003317~a6d4fedb9040,person,acme,E003317,Alan Jablonski,Technician,CC-0006,false,2026-05-05T18:21:45Z,\N,2026-06-23T14:41:32Z,\N,1,assert
acme:person:e003087~5519916505d8,person,acme,E003087,Ingrid Gallagher,Architect,CC-0005,true,2026-05-23T13:21:17Z,\N,2026-06-24T02:45:11Z,\N,1,assert
acme:person:e001280~b49ad480d657,person,acme,E001280,Leila Mbatha,Auditor,DEPT-16,true,2026-05-29T05:25:59Z,\N,2026-06-25T08:19:32Z,\N,1,assert
acme:person:e000917~5b546420d116,person,acme,E000917,Zara Baptiste,Analyst,DEPT-04,false,2026-06-05T21:18:12Z,\N,2026-06-25T08:58:39Z,\N,1,assert
acme:person:e001218~806f2abe6a75,person,acme,E001218,Ibrahim Gallagher,Engineer,DEPT-19,false,2026-06-14T18:11:10Z,\N,2026-06-25T10:21:07Z,\N,1,assert
acme:person:e003201~35065a58e5e4,person,acme,\N,\N,\N,\N,\N,2026-09-14T02:49:25Z,\N,2026-06-26T06:47:40Z,\N,2,retract
acme:person:e000074~59ad8f107ff8,person,acme,E000074,Ursula Thorsen,Analyst,CC-0014,false,2026-06-27T04:32:19Z,\N,2026-06-27T04:32:19Z,\N,1,assert
acme:person:e002764~ee4e3fe734b4,person,acme,\N,\N,\N,\N,\N,2026-03-22T04:07:11Z,\N,2026-06-27T12:06:07Z,\N,2,retract
acme:person:e001923~9f7b6b7267db,person,acme,E001923,Paola Ivanova,Auditor,CC-0012,false,2026-06-24T17:04:14Z,\N,2026-06-27T12:37:21Z,\N,1,assert
acme:person:e000025~6e0ecbaf9cf3,person,acme,E000025,Xenia Ueda,Engineer,CC-0011,true,2026-06-23T14:04:06Z,2026-08-17T12:08:55Z,2026-06-28T13:05:08Z,\N,1,assert
acme:person:e003078~28877f8252c9,person,acme,E003078,Oliver Lindqvist,Engineer,DEPT-21,false,2026-05-04T13:19:16Z,\N,2026-06-28T13:38:45Z,\N,1,assert
acme:person:e000394~430a2858005a,person,acme,E000394,Lucia Tanaka,Analyst,DEPT-15,false,2026-05-18T07:49:33Z,\N,2026-06-29T08:31:06Z,\N,1,assert
acme:person:e001704~afc30b951957,person,acme,E001704,Samir Quintero,Engineer,DEPT-14,false,2026-06-27T12:41:23Z,\N,2026-06-29T06:25:30Z,\N,1,assert
acme:person:e002006~9e28eff598e5,person,acme,\N,\N,\N,\N,\N,2023-12-19T05:33:28Z,\N,2026-06-29T11:12:05Z,\N,2,retract
acme:person:e003237~93cc4085c885,person,acme,E003237,Leila Gallagher,Manager,DEPT-12,false,2026-06-10T11:03:00Z,\N,2026-06-30T23:44:38Z,\N,1,assert
acme:person:e003261~8d5d01887556,person,acme,E003261,Oliver Marchetti,Manager,DEPT-10,false,2026-05-23T13:27:40Z,\N,2026-07-01T18:43:59Z,\N,1,assert
acme:person:e003959~282254532b6d,person,acme,E003959,Clara Delacroix,Manager,CC-0005,false,2026-05-16T16:52:12Z,\N,2026-07-01T20:19:30Z,\N,1,assert
acme:person:e000071~e80f6b2497db,person,acme,E000071,Leila Schneider,Analyst,DIV-CORP,false,2026-05-08T02:39:41Z,\N,2026-07-02T04:39:03Z,\N,1,assert
acme:person:e000393~0ff98e45cbc9,person,acme,E000393,Renata Abbott,Technician,DEPT-24,false,2026-05-13T01:18:01Z,\N,2026-07-02T10:06:20Z,\N,1,assert
acme:person:e002083~03b2c35fe98d,person,acme,E002083,Nadia Fontaine,Engineer,DEPT-09,false,2026-05-22T00:59:53Z,\N,2026-07-02T03:46:01Z,\N,1,assert
acme:person:e003323~e916242d020c,person,acme,\N,\N,\N,\N,\N,2024-07-13T16:42:53Z,\N,2026-07-02T13:12:41Z,\N,2,retract
acme:person:e002699~f089cfa85aca,person,acme,\N,\N,\N,\N,\N,2025-11-22T07:12:46Z,\N,2026-07-02T18:30:19Z,\N,2,retract
acme:person:e001852~2e55810d0ede,person,acme,E001852,Keiko Silvestri,Architect,DEPT-11,false,2026-06-28T17:53:59Z,\N,2026-07-03T05:09:41Z,\N,1,assert
acme:person:e003184~227e1f614365,person,acme,E003184,Anika Lindqvist,Auditor,DEPT-01,false,2026-06-27T03:33:08Z,\N,2026-07-03T03:29:50Z,\N,1,assert
acme:person:e003553~18c65206d1c9,person,acme,E003553,Amara Chowdhury,Buyer,DEPT-11,false,2026-06-20T22:26:38Z,\N,2026-07-03T00:23:00Z,\N,1,assert
acme:person:e003563~30abb9c3b379,person,acme,E003563,Yusuf Delacroix,Engineer,DIV-CORP,false,2026-06-25T14:02:44Z,\N,2026-07-03T14:22:58Z,\N,1,assert
acme:person:e003674~fa7a8d46b827,person,acme,E003674,Elena Novak,Engineer,DIV-CORP,false,2026-06-02T14:36:46Z,\N,2026-07-03T03:03:19Z,\N,1,assert
acme:person:e001217~5cc850fa55f5,person,acme,E001217,Oliver Weiss,Buyer,DEPT-08,false,2026-06-29T13:10:13Z,\N,2026-07-04T14:20:55Z,\N,1,assert
acme:person:e003483~cc690bec4913,person,acme,E003483,Leila Eberhardt,Architect,DEPT-20,false,2026-05-31T22:42:03Z,\N,2026-07-04T12:22:08Z,\N,1,assert
acme:person:e003788~dc0c0ae76ef8,person,acme,E003788,Renata Marchetti,Buyer,CC-0013,false,2026-05-29T15:29:50Z,\N,2026-07-04T05:44:45Z,\N,1,assert
acme:person:e000335~bf6ac8545493,person,acme,E000335,Renata Quintero,Analyst,CC-0002,false,2026-07-04T13:35:42Z,\N,2026-07-05T19:22:28Z,\N,1,assert
acme:person:e000468~287f8fa827ee,person,acme,E000468,Felix Vaughan,Manager,DEPT-11,false,2026-06-20T20:16:40Z,\N,2026-07-05T11:23:40Z,\N,1,assert
acme:person:e001435~a125517d2c8a,person,acme,E001435,Nadia Quintero,Engineer,DEPT-06,false,2026-05-19T05:54:42Z,\N,2026-07-05T09:52:04Z,\N,1,assert
acme:person:e002292~7febe6bb59b4,person,acme,E002292,Carla Eberhardt,Manager,DIV-CORP,false,2026-06-04T14:37:20Z,\N,2026-07-05T17:22:44Z,\N,1,assert
acme:person:e002382~202d22cbee6c,person,acme,E002382,Jonas Schneider,Analyst,CC-0012,false,2026-06-24T05:18:40Z,\N,2026-07-05T04:43:15Z,\N,1,assert
acme:person:e000772~023944c91272,person,acme,E000772,Lucia Delacroix,Manager,CC-0010,false,2026-06-06T04:16:38Z,\N,2026-07-06T10:04:46Z,\N,1,assert
acme:person:e001394~43004c4cc69e,person,acme,E001394,Samir Silvestri,Technician,DEPT-23,false,2026-06-05T16:46:14Z,\N,2026-07-06T19:04:02Z,\N,1,assert
acme:person:e001605~72cc85c1ce3a,person,acme,E001605,Marcus Thorsen,Analyst,CC-0003,false,2026-06-04T18:44:18Z,\N,2026-07-06T13:56:35Z,\N,1,assert
acme:person:e002239~7ff4f3ea698d,person,acme,E002239,Renata Schneider,Engineer,CC-0008,false,2026-06-19T03:42:07Z,\N,2026-07-06T12:12:55Z,\N,1,assert
acme:person:e000252~693f4de19f46,person,acme,E000252,Ada Bergstrom,Analyst,CC-0011,false,2026-06-05T09:24:18Z,\N,2026-07-07T02:54:47Z,\N,1,assert
acme:person:e000378~02c562bf290f,person,acme,E000378,Paola Quintero,Technician,DEPT-06,false,2026-05-23T04:41:58Z,\N,2026-07-07T01:49:37Z,\N,1,assert
acme:person:e003930~9fa1a61d60f1,person,acme,E003930,Keiko Weiss,Engineer,CC-0008,true,2026-07-01T00:59:07Z,2027-06-26T09:36:10Z,2026-07-07T12:22:06Z,\N,1,assert
acme:person:e001727~5ead259d751e,person,acme,\N,\N,\N,\N,\N,2025-10-28T18:38:23Z,\N,2026-07-07T16:28:43Z,\N,2,retract
acme:person:e001880~8c502d3326d1,person,acme,\N,\N,\N,\N,\N,2023-06-04T22:10:27Z,\N,2026-07-07T20:00:35Z,\N,2,retract
acme:person:e003063~86c1003c23d5,person,acme,E003063,Wen Santos,Manager,CC-0009,false,2026-05-20T19:43:40Z,\N,2026-07-08T05:19:38Z,\N,1,assert
acme:person:e003650~e1cbf6dbd32d,person,acme,E003650,Quinn Chowdhury,Engineer,CC-0006,false,2026-06-17T06:48:42Z,\N,2026-07-08T22:51:46Z,\N,1,assert
acme:person:e003897~8443efa1288a,person,acme,\N,\N,\N,\N,\N,2024-07-25T14:57:18Z,\N,2026-07-09T03:03:42Z,\N,2,retract
acme:person:e000437~2f95e75c9b41,person,acme,E000437,Clara Silvestri,Architect,DEPT-05,false,2026-07-07T16:03:05Z,\N,2026-07-09T20:24:03Z,\N,1,assert
acme:person:e001173~733d3da24817,person,acme,E001173,Ada Okonkwo,Technician,CC-0010,false,2026-05-29T17:12:36Z,\N,2026-07-09T01:39:43Z,\N,1,assert
acme:person:e001772~e8254100ddeb,person,acme,E001772,Mira Bergstrom,Buyer,CC-0008,false,2026-05-10T22:52:16Z,\N,2026-07-09T09:50:19Z,\N,1,assert
acme:person:e002528~3ded7e14c1f8,person,acme,\N,\N,\N,\N,\N,2023-09-27T06:44:38Z,\N,2026-07-10T07:07:02Z,\N,2,retract
acme:person:e000717~9c8c7d877868,person,acme,E000717,Ingrid Kaminski,Manager,CC-0009,false,2026-05-16T18:00:01Z,\N,2026-07-10T13:03:13Z,\N,1,assert
acme:person:e003114~ce5fd2422f6e,person,acme,E003114,Lars Gundersen,Architect,CC-0007,false,2026-06-04T19:03:59Z,\N,2026-07-10T00:55:52Z,\N,1,assert
acme:person:e003524~a12ea5ecfd74,person,acme,E003524,Wen Mbatha,Manager,DEPT-15,false,2026-06-25T02:00:27Z,\N,2026-07-10T13:51:17Z,\N,1,assert
acme:person:e000892~839dcc3e058d,person,acme,E000892,Samir Silvestri,Architect,DEPT-04,false,2026-06-24T08:48:25Z,\N,2026-07-11T10:41:52Z,\N,1,assert
acme:person:e003249~0252147c46c6,person,acme,\N,\N,\N,\N,\N,2025-12-24T13:44:06Z,\N,2026-07-11T21:54:31Z,\N,2,retract
acme:person:e001994~7125745a0880,person,acme,E001994,Xenia Okonkwo,Technician,DEPT-10,false,2026-06-12T22:14:18Z,\N,2026-07-12T20:17:42Z,\N,1,assert
acme:person:e002186~5f0b27dc53b2,person,acme,E002186,Amara Rasmussen,Analyst,CC-0010,false,2026-06-27T18:36:08Z,\N,2026-07-12T14:26:24Z,\N,1,assert
acme:person:e002253~20690bff0d99,person,acme,E002253,Amara Quintero,Auditor,CC-0008,false,2026-07-11T16:38:07Z,\N,2026-07-12T21:29:44Z,\N,1,assert
acme:person:e002436~3797605b39b2,person,acme,E002436,Renata Bergstrom,Auditor,DEPT-01,false,2026-06-02T19:44:30Z,\N,2026-07-12T05:01:56Z,\N,1,assert
acme:person:e000082~ee6098b523b9,person,acme,E000082,Lars Ivanova,Technician,DEPT-17,false,2026-06-16T13:50:29Z,\N,2026-07-13T15:05:40Z,\N,1,assert
acme:person:e000953~62ce891ec821,person,acme,E000953,Gita Schneider,Buyer,CC-0005,false,2026-06-26T09:55:12Z,\N,2026-07-13T10:32:04Z,\N,1,assert
acme:person:e002208~87baa6ee013d,person,acme,E002208,Ursula Novak,Architect,DEPT-16,false,2026-06-26T04:49:59Z,\N,2026-07-13T14:06:57Z,\N,1,assert
acme:person:e002877~4b3a9dcd0fdf,person,acme,E002877,Chidi Zhang,Buyer,DEPT-15,false,2026-06-29T04:16:04Z,\N,2026-07-13T07:09:56Z,\N,1,assert
acme:person:e003598~3cd2514fbf0c,person,acme,E003598,Renata Lindqvist,Architect,CC-0011,false,2026-05-17T08:16:33Z,\N,2026-07-13T09:38:24Z,\N,1,assert
acme:person:e001984~2a0ae06fef17,person,acme,E001984,Dmitri Rasmussen,Architect,CC-0012,false,2026-06-28T01:36:03Z,\N,2026-07-14T01:34:44Z,\N,1,assert
acme:person:e002522~0fec59372a45,person,acme,E002522,Elena Weiss,Auditor,CC-0001,false,2026-06-10T17:56:16Z,\N,2026-07-14T01:36:07Z,\N,1,assert
acme:person:e003148~64ccaae28904,person,acme,E003148,Lucia Pereira,Auditor,CC-0006,false,2026-07-04T15:35:57Z,\N,2026-07-15T19:56:22Z,\N,1,assert
acme:person:e000478~ff20a1b73baf,person,acme,E000478,Sofia Haddad,Buyer,DEPT-13,false,2026-07-14T23:30:27Z,\N,2026-07-16T03:45:07Z,\N,1,assert
acme:person:e000849~1edd9a4c5b34,person,acme,E000849,Mira Schneider,Buyer,DEPT-05,false,2026-06-19T15:46:09Z,\N,2026-07-16T07:06:19Z,\N,1,assert
acme:person:e002080~dc09181fb1ed,person,acme,E002080,Fatima Nakamura,Architect,CC-0002,false,2026-05-30T17:25:27Z,\N,2026-07-16T16:06:45Z,\N,1,assert
acme:person:e000067~6b3e403b6748,person,acme,E000067,Marcus Thorsen,Manager,DEPT-22,false,2026-05-24T22:12:57Z,\N,2026-07-17T04:40:44Z,\N,1,assert
acme:person:e002581~d0a79ae2e5dc,person,acme,E002581,Anika Wagner,Technician,CC-0008,false,2026-05-21T07:26:13Z,\N,2026-07-17T00:44:27Z,\N,1,assert
acme:person:e003033~0cd46732ebde,person,acme,E003033,Ursula Fontaine,Buyer,DEPT-14,false,2026-07-14T21:04:35Z,\N,2026-07-18T22:08:29Z,\N,1,assert
acme:person:e000846~a6af2499edc0,person,acme,\N,\N,\N,\N,\N,2026-11-18T14:09:23Z,\N,2026-07-19T11:56:36Z,\N,2,retract
acme:person:e000910~2ae0bad3381e,person,acme,E000910,Amara Marchetti,Auditor,CC-0013,false,2026-06-04T13:39:55Z,\N,2026-07-19T23:14:44Z,\N,1,assert
acme:person:e000517~5a921f3998d8,person,acme,\N,\N,\N,\N,\N,2027-01-27T20:17:04Z,\N,2026-07-20T00:49:40Z,\N,2,retract
acme:person:e000185~b35ad933b264,person,acme,E000185,Alan Kaminski,Manager,DEPT-09,false,2026-06-15T10:11:21Z,\N,2026-07-20T20:41:05Z,\N,1,assert
acme:person:e000738~da592122ab0c,person,acme,E000738,Fatima Zhang,Auditor,DEPT-23,false,2026-06-23T06:08:46Z,\N,2026-07-21T15:02:14Z,\N,1,assert
acme:person:e000292~128e97f3f64a,person,acme,E000292,Anika Kaminski,Technician,DEPT-10,false,2026-07-02T19:45:32Z,\N,2026-07-21T23:46:44Z,\N,1,assert
acme:person:e000695~efa66058ad40,person,acme,E000695,Paola Castellanos,Engineer,CC-0004,false,2026-07-20T03:40:46Z,\N,2026-07-21T12:58:38Z,\N,1,assert
acme:person:e001440~67b1f51a78de,person,acme,E001440,Lucia Mbatha,Auditor,DEPT-21,false,2026-05-26T22:05:52Z,\N,2026-07-21T06:28:02Z,\N,1,assert
acme:person:e002663~93187a57364f,person,acme,\N,\N,\N,\N,\N,2027-09-08T03:55:09Z,\N,2026-07-22T01:30:00Z,\N,2,retract
acme:person:e000445~4d126654c4eb,person,acme,E000445,Gita Quintero,Manager,CC-0002,false,2026-06-27T17:15:52Z,\N,2026-07-22T01:52:48Z,\N,1,assert
acme:person:e001022~b263223f46ee,person,acme,E001022,Rafael Novak,Analyst,DEPT-05,false,2026-07-07T14:00:33Z,\N,2026-07-22T02:00:39Z,\N,1,assert
acme:person:e001532~e858f9d0735c,person,acme,E001532,Xenia Oyelaran,Architect,DEPT-19,false,2026-06-30T03:41:35Z,\N,2026-07-23T16:13:05Z,\N,1,assert
acme:person:e002312~d41469e2ba09,person,acme,E002312,Chidi Tanaka,Auditor,CC-0001,false,2026-07-22T01:14:10Z,\N,2026-07-23T06:20:47Z,\N,1,assert
acme:person:e003689~9872e8c8c8f5,person,acme,E003689,Gita Baptiste,Architect,DEPT-11,false,2026-06-16T13:04:27Z,\N,2026-07-23T23:35:11Z,\N,1,assert
acme:person:e000036~ab6980a752dd,person,acme,\N,\N,\N,\N,\N,2021-11-18T02:49:20Z,\N,2026-07-24T08:32:13Z,\N,2,retract
acme:person:e003817~4c203bd9a6bd,person,acme,E003817,Anders Kaminski,Architect,CC-0014,false,2026-06-15T17:18:39Z,\N,2026-07-24T15:02:26Z,\N,1,assert
acme:person:e000418~7a6b2b499da5,person,acme,E000418,Elena Gundersen,Buyer,DEPT-11,false,2026-07-02T00:59:30Z,\N,2026-07-25T16:59:34Z,\N,1,assert
acme:person:e001875~c7e8a820b0a8,person,acme,E001875,Ada Lindqvist,Architect,DEPT-20,false,2026-06-29T06:17:40Z,\N,2026-07-25T04:20:53Z,\N,1,assert
acme:person:e003101~394550d7de09,person,acme,E003101,Mira Ivanova,Technician,DEPT-06,false,2026-06-29T09:13:22Z,\N,2026-07-25T09:29:03Z,\N,1,assert
acme:person:e002712~0e545613254e,person,acme,E002712,Yusuf Gallagher,Auditor,DEPT-24,false,2026-07-18T18:59:35Z,\N,2026-07-26T19:04:22Z,\N,1,assert
acme:person:e002728~7d0af83b0fed,person,acme,E002728,Amara Vaughan,Buyer,DEPT-23,false,2026-06-17T23:07:08Z,\N,2026-07-26T16:50:36Z,\N,1,assert
acme:person:e002791~01f34489162f,person,acme,E002791,Farid Gundersen,Analyst,DEPT-01,false,2026-06-04T07:47:58Z,\N,2026-07-26T12:44:43Z,\N,1,assert
acme:person:e001774~ec8f14a31907,person,acme,E001774,Priya Weiss,Manager,DEPT-21,false,2026-07-21T08:10:39Z,\N,2026-07-28T18:42:58Z,\N,1,assert
acme:person:e000081~de8d0d18fe38,person,acme,E000081,Yusuf Castellanos,Technician,CC-0007,false,2026-07-19T21:49:31Z,\N,2026-07-29T00:50:47Z,\N,1,assert
acme:person:e003052~3e26bdde9385,person,acme,E003052,Zara Oyelaran,Auditor,DEPT-15,false,2026-06-14T09:49:34Z,\N,2026-07-29T19:37:11Z,\N,1,assert
acme:person:e000349~2b7816519da9,person,acme,E000349,Leila Rasmussen,Engineer,DEPT-13,false,2026-07-21T05:23:57Z,\N,2026-07-30T14:17:29Z,\N,1,assert
acme:person:e001890~c539d1ff0bac,person,acme,E001890,Ibrahim Yilmaz,Analyst,CC-0002,false,2026-07-28T20:11:15Z,\N,2026-07-30T11:13:15Z,\N,1,assert
acme:person:e002815~0a908c6327f2,person,acme,E002815,Farid Yilmaz,Buyer,CC-0013,false,2026-07-12T17:22:08Z,\N,2026-07-30T14:48:57Z,\N,1,assert
acme:person:e000508~778f451a2665,person,acme,E000508,Wen Yilmaz,Technician,DEPT-03,false,2026-06-30T11:15:15Z,\N,2026-07-31T00:40:59Z,\N,1,assert
acme:person:e002138~521b4e34a006,person,acme,E002138,Yara Yilmaz,Technician,CC-0003,false,2026-06-02T09:51:23Z,\N,2026-07-31T12:26:31Z,\N,1,assert
acme:person:e002952~2a490ed9cc05,person,acme,\N,\N,\N,\N,\N,2023-04-24T10:46:48Z,\N,2026-07-31T19:55:10Z,\N,2,retract
acme:person:e003403~9791b55ecde2,person,acme,E003403,Ingrid Weiss,Analyst,DEPT-04,false,2026-07-18T18:03:16Z,\N,2026-07-31T21:36:26Z,\N,1,assert
acme:person:e000017~25326c208671,person,acme,E000017,Oliver Mbatha,Engineer,DEPT-13,false,2026-06-25T07:46:50Z,\N,2026-08-01T01:33:29Z,\N,1,assert
acme:person:e001886~dd3bc9437cd4,person,acme,E001886,Quinn Delacroix,Buyer,CC-0005,false,2026-07-22T14:46:45Z,\N,2026-08-01T06:43:47Z,\N,1,assert
acme:person:e002911~4a49c2caec82,person,acme,E002911,Gita Lindqvist,Analyst,DEPT-03,false,2026-06-03T14:56:38Z,\N,2026-08-01T22:12:59Z,\N,1,assert
acme:person:e003176~7c5737210692,person,acme,E003176,Xenia Nakamura,Manager,CC-0013,false,2026-06-09T15:15:15Z,\N,2026-08-01T02:51:45Z,\N,1,assert
acme:person:e003726~4c5e2ede5ef0,person,acme,E003726,Ibrahim Ivanova,Buyer,DEPT-04,false,2026-07-11T22:09:09Z,\N,2026-08-01T05:20:19Z,\N,1,assert
acme:person:e002026~9cbec48564f5,person,acme,E002026,Lucia Delacroix,Architect,CC-0011,false,2026-07-30T03:04:48Z,\N,2026-08-02T20:30:34Z,\N,1,assert
acme:person:e002966~b941b9d870f9,person,acme,E002966,Zoltan Bergstrom,Technician,DEPT-22,false,2026-07-01T10:39:24Z,\N,2026-08-02T00:50:13Z,\N,1,assert
acme:person:e000260~bda87f492379,person,acme,\N,\N,\N,\N,\N,2022-11-28T07:02:33Z,\N,2026-08-02T22:09:53Z,\N,2,retract
acme:person:e000904~dfead2a554c5,person,acme,\N,\N,\N,\N,\N,2023-08-31T13:52:07Z,\N,2026-08-03T02:17:24Z,\N,2,retract
acme:person:e000909~55eb046416db,person,acme,E000909,Anders Quintero,Analyst,CC-0013,false,2026-06-26T19:30:14Z,\N,2026-08-03T13:11:45Z,\N,1,assert
acme:person:e000674~766cd0b4395d,person,acme,E000674,Dmitri Chowdhury,Analyst,CC-0001,false,2026-07-24T16:21:08Z,\N,2026-08-04T23:49:20Z,\N,1,assert
acme:person:e002755~18458a564dec,person,acme,E002755,Sofia Ueda,Architect,DEPT-09,false,2026-06-08T06:54:37Z,\N,2026-08-04T19:57:32Z,\N,1,assert
acme:person:e002955~c544d827a738,person,acme,E002955,Alan Gallagher,Auditor,DIV-CORP,false,2026-06-12T06:56:06Z,\N,2026-08-04T06:06:48Z,\N,1,assert
acme:person:e003770~1519a3a312c3,person,acme,E003770,Elena Gallagher,Engineer,CC-0009,false,2026-07-11T19:12:06Z,\N,2026-08-04T01:19:18Z,\N,1,assert
acme:person:e000952~0de209c9e47a,person,acme,\N,\N,\N,\N,\N,2022-01-23T07:13:26Z,\N,2026-08-05T02:19:25Z,\N,2,retract
acme:person:e000239~9db04b1c1175,person,acme,\N,\N,\N,\N,\N,2024-11-13T03:52:40Z,\N,2026-08-06T07:57:04Z,\N,2,retract
acme:person:e003236~f961b51b760e,person,acme,E003236,Ursula Chowdhury,Manager,CC-0001,false,2026-08-03T09:58:23Z,\N,2026-08-06T21:04:13Z,\N,1,assert
acme:person:e003686~2679b6b26a61,person,acme,E003686,Kwame Ueda,Manager,CC-0004,false,2026-07-07T09:27:24Z,\N,2026-08-06T09:53:35Z,\N,1,assert
acme:person:e000173~59d51a20fd06,person,acme,E000173,Quinn Okonkwo,Technician,DEPT-17,false,2026-06-12T14:57:53Z,\N,2026-08-07T13:59:36Z,\N,1,assert
acme:person:e002475~4cb96b4a0417,person,acme,E002475,Clara Gundersen,Technician,DEPT-07,false,2026-07-25T11:40:19Z,\N,2026-08-07T05:08:59Z,\N,1,assert
acme:person:e003405~e2032c7c0f86,person,acme,\N,\N,\N,\N,\N,2024-08-07T13:20:29Z,\N,2026-08-07T15:24:03Z,\N,2,retract
acme:person:e003072~429fcaf9c182,person,acme,E003072,Ibrahim Kaminski,Manager,CC-0014,false,2026-06-20T20:35:46Z,\N,2026-08-07T16:51:57Z,\N,1,assert
acme:person:e003681~8ccdcf44ad75,person,acme,\N,\N,\N,\N,\N,2021-07-21T20:35:46Z,\N,2026-08-08T17:46:35Z,\N,2,retract
acme:person:e003116~1f9070d5ba51,person,acme,E003116,Carla Ueda,Engineer,DEPT-10,false,2026-06-22T10:42:57Z,\N,2026-08-08T20:19:44Z,\N,1,assert
acme:person:e003636~949ad1b5cb2b,person,acme,E003636,Xenia Okonkwo,Architect,DEPT-20,false,2026-07-24T15:47:27Z,\N,2026-08-08T10:29:49Z,\N,1,assert
acme:person:e002715~8152c52d74d2,person,acme,\N,\N,\N,\N,\N,2023-07-27T21:14:18Z,\N,2026-08-08T20:37:14Z,\N,2,retract
acme:person:e001533~723b618a8976,person,acme,E001533,Zoltan Wagner,Analyst,CC-0001,false,2026-07-20T10:12:23Z,\N,2026-08-09T10:02:45Z,\N,1,assert
acme:person:e003322~b7ff80a48725,person,acme,E003322,Ingrid Zhang,Engineer,DEPT-19,false,2026-06-22T08:25:50Z,\N,2026-08-09T02:24:13Z,\N,1,assert
acme:person:e003649~f84a4903816c,person,acme,E003649,Bruno Fontaine,Analyst,CC-0011,false,2026-07-07T20:19:55Z,\N,2026-08-09T11:31:24Z,\N,1,assert
acme:person:e001050~c9732dda36bf,person,acme,\N,\N,\N,\N,\N,2026-11-03T02:33:06Z,\N,2026-08-09T14:13:02Z,\N,2,retract
acme:person:e003917~1ef1155c5a7f,person,acme,E003917,Elena Novak,Auditor,DEPT-05,false,2026-07-28T13:00:50Z,\N,2026-08-09T20:28:48Z,\N,1,assert
acme:person:e001064~27a17224bad3,person,acme,E001064,Vikram Thorsen,Engineer,CC-0005,false,2026-07-05T10:38:36Z,\N,2026-08-10T14:56:02Z,\N,1,assert
acme:person:e001827~585cb83d8a85,person,acme,E001827,Samir Novak,Buyer,DEPT-12,false,2026-07-28T11:47:17Z,\N,2026-08-10T01:57:47Z,\N,1,assert
acme:person:e002318~2b50d8699038,person,acme,E002318,Leila Baptiste,Architect,DEPT-16,false,2026-06-17T03:49:34Z,\N,2026-08-10T02:47:49Z,\N,1,assert
acme:person:e002597~0e7fdb06dead,person,acme,E002597,Elena Abbott,Analyst,DEPT-03,false,2026-07-15T09:36:47Z,\N,2026-08-11T00:02:07Z,\N,1,assert
acme:person:e003088~533645f07201,person,acme,\N,\N,\N,\N,\N,2027-01-10T23:55:44Z,\N,2026-08-11T14:58:06Z,\N,2,retract
acme:person:e000950~48ee126cb80c,person,acme,\N,\N,\N,\N,\N,2025-10-12T21:30:58Z,\N,2026-08-12T07:14:36Z,\N,2,retract
acme:person:e000581~19691d6296fa,person,acme,E000581,Jonas Fontaine,Analyst,CC-0014,false,2026-07-30T20:16:44Z,\N,2026-08-12T17:52:24Z,\N,1,assert
acme:person:e001545~471d4bd640ab,person,acme,E001545,Anika Ueda,Manager,DEPT-23,false,2026-07-29T09:37:35Z,\N,2026-08-13T03:22:00Z,\N,1,assert
acme:person:e001819~cc38a9068e6a,person,acme,\N,\N,\N,\N,\N,2025-09-22T08:24:56Z,\N,2026-08-14T06:09:11Z,\N,2,retract
acme:person:e001302~1755aaca57e3,person,acme,E001302,Alan Kovac,Engineer,CC-0005,false,2026-07-23T14:32:43Z,\N,2026-08-14T19:48:31Z,\N,1,assert
acme:person:e001909~f2963ad53faf,person,acme,E001909,Jonas Zhang,Architect,CC-0005,false,2026-07-13T09:15:58Z,\N,2026-08-14T23:27:03Z,\N,1,assert
acme:person:e003129~25057f478e1a,person,acme,\N,\N,\N,\N,\N,2025-02-13T08:26:33Z,\N,2026-08-15T07:12:53Z,\N,2,retract
acme:person:e001990~80334cd27c6f,person,acme,E001990,Anika Nakamura,Auditor,DEPT-05,false,2026-08-08T12:37:15Z,\N,2026-08-15T18:54:39Z,\N,1,assert
acme:person:e003027~fc50fd970c32,person,acme,E003027,Marcus Gallagher,Analyst,DEPT-12,false,2026-07-10T14:28:47Z,\N,2026-08-16T10:09:57Z,\N,1,assert
acme:person:e003437~0f479634d196,person,acme,E003437,Bruno Marchetti,Architect,DEPT-20,false,2026-07-31T06:24:35Z,\N,2026-08-16T13:51:17Z,\N,1,assert
acme:person:e000659~0e0f52c4d308,person,acme,E000659,Samir Ueda,Engineer,DEPT-10,false,2026-08-01T00:44:26Z,\N,2026-08-17T12:30:33Z,\N,1,assert
acme:person:e003013~f21cee94af0d,person,acme,E003013,Ingrid Wagner,Analyst,DEPT-07,false,2026-07-01T23:17:29Z,\N,2026-08-17T14:54:16Z,\N,1,assert
acme:person:e003111~52e260ef1c21,person,acme,E003111,Lars Nakamura,Technician,CC-0011,false,2026-06-18T13:35:34Z,\N,2026-08-17T17:15:57Z,\N,1,assert
acme:person:e002054~929f0d007bcb,person,acme,\N,\N,\N,\N,\N,2027-01-11T06:16:38Z,\N,2026-08-17T22:09:57Z,\N,2,retract
acme:person:e001468~08a2cc848cea,person,acme,E001468,Jonas Kaminski,Analyst,DEPT-06,false,2026-07-15T21:31:32Z,\N,2026-08-18T23:39:13Z,\N,1,assert
acme:person:e000678~c5974290b8e8,person,acme,E000678,Ursula Ueda,Architect,CC-0005,false,2026-08-16T18:25:39Z,\N,2026-08-19T21:53:54Z,\N,1,assert
acme:person:e001563~bb9630cf9ad5,person,acme,E001563,Amara Chowdhury,Manager,DEPT-08,false,2026-06-26T00:25:54Z,\N,2026-08-19T10:13:34Z,\N,1,assert
acme:person:e001916~a57f92ddaf23,person,acme,E001916,Dmitri Mbatha,Buyer,DEPT-17,false,2026-08-18T05:39:07Z,\N,2026-08-19T04:14:02Z,\N,1,assert
acme:person:e003434~1bcabd0e790d,person,acme,E003434,Hugo Kovac,Buyer,CC-0001,false,2026-07-08T13:05:56Z,\N,2026-08-19T11:25:09Z,\N,1,assert
acme:person:e003478~9dfc6c6a1667,person,acme,E003478,Vikram Okonkwo,Technician,DEPT-21,false,2026-07-22T23:25:35Z,\N,2026-08-19T16:34:40Z,\N,1,assert
acme:person:e001470~10cc5592de53,person,acme,E001470,Ibrahim Quintero,Buyer,CC-0011,false,2026-07-24T13:59:18Z,\N,2026-08-21T19:42:55Z,\N,1,assert
acme:person:e002168~bbe76b6356e0,person,acme,E002168,Ada Jablonski,Technician,DEPT-18,false,2026-07-20T15:46:43Z,\N,2026-08-21T06:58:38Z,\N,1,assert
acme:person:e001602~ae94cb2637d9,person,acme,E001602,Lars Nakamura,Buyer,CC-0005,true,2026-08-16T11:28:50Z,2028-08-17T11:23:09Z,2026-08-22T23:10:31Z,\N,1,assert
acme:person:e000410~88b7db993cdf,person,acme,E000410,Samir Novak,Buyer,DEPT-09,false,2026-08-06T03:13:11Z,\N,2026-08-22T23:37:06Z,\N,1,assert
acme:person:e001504~784f80a05645,person,acme,E001504,Anders Weiss,Buyer,DEPT-19,false,2026-06-26T10:28:15Z,\N,2026-08-22T07:44:07Z,\N,1,assert
acme:person:e001649~4c4e9f75b063,person,acme,E001649,Ada Chowdhury,Analyst,CC-0007,false,2026-07-12T05:24:37Z,\N,2026-08-22T21:10:24Z,\N,1,assert
acme:person:e000151~5b483bee108a,person,acme,E000151,Vikram Wagner,Manager,DEPT-11,false,2026-07-26T02:58:05Z,\N,2026-08-23T03:26:28Z,\N,1,assert
acme:person:e001219~c68290a90f37,person,acme,E001219,Yara Silvestri,Analyst,DEPT-06,false,2026-07-04T17:13:41Z,\N,2026-08-23T11:16:43Z,\N,1,assert
acme:person:e003264~d9942075df3b,person,acme,E003264,Anders Eberhardt,Analyst,DEPT-15,false,2026-07-14T13:37:32Z,\N,2026-08-23T02:00:42Z,\N,1,assert
acme:person:e002882~c34e060fb93b,person,acme,\N,\N,\N,\N,\N,2023-06-16T19:25:47Z,\N,2026-08-24T11:51:52Z,\N,2,retract
acme:person:e000842~6d5c97654835,person,acme,\N,\N,\N,\N,\N,2027-11-05T14:52:54Z,\N,2026-08-24T16:48:43Z,\N,2,retract
acme:person:e003495~6381140cb263,person,acme,\N,\N,\N,\N,\N,2026-09-13T12:31:28Z,\N,2026-08-24T18:43:09Z,\N,2,retract
acme:person:e000868~35f098a56dca,person,acme,E000868,Mira Wagner,Technician,DEPT-15,false,2026-08-10T16:20:01Z,\N,2026-08-24T18:51:13Z,\N,1,assert
acme:person:e003679~ab4dbf1cfef1,person,acme,E003679,Chidi Novak,Technician,DEPT-16,false,2026-08-16T07:28:39Z,\N,2026-08-24T03:04:21Z,\N,1,assert
acme:person:e001208~ec16b26585c0,person,acme,E001208,Oliver Chowdhury,Engineer,CC-0002,false,2026-06-29T23:46:23Z,\N,2026-08-25T06:52:46Z,\N,1,assert
acme:person:e001291~24c3521138dc,person,acme,E001291,Rafael Nakamura,Analyst,DEPT-08,false,2026-08-13T05:10:03Z,\N,2026-08-25T11:11:14Z,\N,1,assert
acme:person:e001656~8f19d651b4a7,person,acme,E001656,Vikram Schneider,Auditor,DEPT-03,true,2026-08-07T01:28:45Z,2028-10-01T13:03:18Z,2026-08-25T18:56:20Z,\N,1,assert
acme:person:e000851~88bf1ded05c3,person,acme,E000851,Samir Ivanova,Engineer,DEPT-04,false,2026-07-12T03:03:39Z,\N,2026-08-26T00:53:58Z,\N,1,assert
acme:person:e001965~8854c4272a6c,person,acme,\N,\N,\N,\N,\N,2023-06-02T14:10:35Z,\N,2026-08-26T03:23:24Z,\N,2,retract
acme:person:e002287~7d9e7da48db8,person,acme,E002287,Lucia Baptiste,Analyst,DEPT-20,false,2026-08-24T22:51:13Z,\N,2026-08-26T21:23:42Z,\N,1,assert
acme:person:e000438~a4f4c29c7e7c,person,acme,\N,\N,\N,\N,\N,2026-07-24T01:37:28Z,\N,2026-08-27T10:32:41Z,\N,2,retract
acme:person:e000452~6fde5f8f1b2a,person,acme,E000452,Amara Gallagher,Engineer,DEPT-14,false,2026-07-19T00:14:14Z,\N,2026-08-27T22:56:01Z,\N,1,assert
acme:person:e000699~a0e1333a4202,person,acme,E000699,Ursula Chowdhury,Architect,DEPT-01,false,2026-07-19T05:41:46Z,\N,2026-08-27T00:21:19Z,\N,1,assert
acme:person:e003319~953c808ec8d0,person,acme,E003319,Bruno Thorsen,Architect,CC-0012,false,2026-08-20T00:10:06Z,\N,2026-08-27T16:15:13Z,\N,1,assert
acme:person:e001265~b2c02955cd83,person,acme,E001265,Ada Gundersen,Technician,CC-0011,false,2026-07-22T22:47:16Z,\N,2026-08-28T21:39:24Z,\N,1,assert
acme:person:e002358~c247a3fb544c,person,acme,E002358,Clara Kaminski,Manager,CC-0014,false,2026-07-29T10:13:58Z,\N,2026-08-28T08:07:31Z,\N,1,assert
acme:person:e000722~c0644ceac961,person,acme,E000722,Ingrid Okonkwo,Architect,CC-0005,false,2026-07-11T02:38:13Z,\N,2026-08-29T01:04:15Z,\N,1,assert
acme:person:e002414~7f9f49a6ffe1,person,acme,E002414,Bruno Zhang,Architect,DEPT-14,false,2026-07-27T07:17:58Z,\N,2026-08-29T21:22:06Z,\N,1,assert
acme:person:e002235~d5fcbd703786,person,acme,E002235,Wen Ueda,Analyst,CC-0011,false,2026-08-27T19:11:40Z,\N,2026-08-30T07:05:34Z,\N,1,assert
acme:person:e000139~3b371fd2085a,person,acme,E000139,Bruno Pereira,Manager,DEPT-22,false,2026-07-28T14:47:22Z,\N,2026-08-31T16:34:30Z,\N,1,assert
acme:person:e000202~1a8b13ea74a6,person,acme,E000202,Elena Quintero,Technician,CC-0014,false,2026-07-24T14:36:01Z,\N,2026-08-31T00:14:30Z,\N,1,assert
acme:person:e003272~4ccf6f73dfe3,person,acme,E003272,Gita Weiss,Analyst,DEPT-07,false,2026-08-13T13:45:19Z,\N,2026-08-31T06:18:21Z,\N,1,assert
acme:person:e000421~6c661cd889ef,person,acme,E000421,Fatima Kovac,Analyst,DEPT-02,false,2026-08-15T18:53:20Z,\N,2026-09-01T07:33:09Z,\N,1,assert
acme:person:e001282~e55e8c924eb0,person,acme,E001282,Carla Thorsen,Analyst,DEPT-16,false,2026-07-15T14:21:22Z,\N,2026-09-01T00:14:30Z,\N,1,assert
acme:person:e002790~98d03a57389c,person,acme,E002790,Nadia Tanaka,Architect,CC-0011,false,2026-08-08T23:18:38Z,\N,2026-09-01T06:34:42Z,\N,1,assert
acme:person:e003516~801a8797297b,person,acme,E003516,Nadia Santos,Buyer,DEPT-23,false,2026-08-11T10:20:53Z,\N,2026-09-02T14:00:18Z,\N,1,assert
acme:person:e001784~4653a10cc31f,person,acme,E001784,Paola Gundersen,Technician,DEPT-19,false,2026-07-18T01:30:56Z,\N,2026-09-03T10:15:50Z,\N,1,assert
acme:person:e001540~67c8a0dd7412,person,acme,E001540,Samir Fontaine,Architect,CC-0009,true,2026-08-07T21:10:52Z,2028-06-07T16:18:22Z,2026-09-03T14:16:22Z,\N,1,assert
acme:person:e001747~9b60e0f5c22f,person,acme,E001747,Leila Zhang,Technician,DIV-CORP,false,2026-08-10T13:59:21Z,\N,2026-09-03T18:42:04Z,\N,1,assert
acme:person:e003364~e7e296ea28e7,person,acme,E003364,Ada Silvestri,Manager,DEPT-09,false,2026-08-19T11:18:50Z,\N,2026-09-03T21:12:23Z,\N,1,assert
acme:person:e001202~8d4ff6658aff,person,acme,E001202,Liam Gallagher,Architect,DEPT-01,false,2026-08-10T02:30:36Z,\N,2026-09-04T17:58:54Z,\N,1,assert
acme:person:e001062~053d738abe61,person,acme,E001062,Ingrid Mbatha,Analyst,CC-0001,false,2026-08-26T09:01:27Z,\N,2026-09-05T01:52:08Z,\N,1,assert
acme:person:e000238~9c924906bd49,person,acme,\N,\N,\N,\N,\N,2025-10-24T03:08:56Z,\N,2026-09-06T16:52:52Z,\N,2,retract
acme:person:e003590~0b2f11728438,person,acme,E003590,Nadia Castellanos,Engineer,DEPT-01,true,2026-08-07T18:25:26Z,2029-02-12T18:04:39Z,2026-09-06T23:39:14Z,\N,1,assert
acme:person:e001406~67fb546b6f7d,person,acme,\N,\N,\N,\N,\N,2023-02-16T05:48:34Z,\N,2026-09-07T08:20:29Z,\N,2,retract
acme:person:e001762~244dabfe212d,person,acme,E001762,Liam Gundersen,Analyst,DEPT-06,false,2026-07-24T14:36:28Z,\N,2026-09-07T09:32:41Z,\N,1,assert
acme:person:e003200~948739d3edc2,person,acme,E003200,Yara Ivanova,Architect,DEPT-22,false,2026-07-09T04:30:55Z,\N,2026-09-07T04:08:08Z,\N,1,assert
acme:person:e000277~59e21a981afc,person,acme,E000277,Felix Nakamura,Analyst,DEPT-05,false,2026-09-01T09:22:16Z,\N,2026-09-08T04:15:44Z,\N,1,assert
acme:person:e001385~bda75ce9120c,person,acme,E001385,Carla Gundersen,Analyst,DEPT-12,false,2026-08-08T09:49:01Z,\N,2026-09-08T15:14:37Z,\N,1,assert
acme:person:e001541~3b86675c4235,person,acme,E001541,Hugo Bergstrom,Buyer,DEPT-10,false,2026-09-06T05:23:19Z,\N,2026-09-08T14:40:14Z,\N,1,assert
acme:person:e001712~0b646ac5a045,person,acme,E001712,Clara Mbatha,Buyer,CC-0009,false,2026-08-24T02:53:07Z,\N,2026-09-08T12:29:52Z,\N,1,assert
acme:person:e003406~3b481a995b2f,person,acme,E003406,Ada Jablonski,Technician,CC-0001,false,2026-08-14T14:09:21Z,\N,2026-09-08T16:27:40Z,\N,1,assert
acme:person:e002303~9c3469fc76b8,person,acme,E002303,Carla Kaminski,Auditor,CC-0004,false,2026-09-02T05:36:04Z,\N,2026-09-09T11:11:27Z,\N,1,assert
acme:person:e003003~cfac1e4db7ed,person,acme,E003003,Bruno Baptiste,Technician,CC-0011,false,2026-09-03T20:40:17Z,\N,2026-09-09T20:41:21Z,\N,1,assert
acme:person:e003043~cffc08547bd2,person,acme,E003043,Bruno Chowdhury,Architect,DEPT-15,false,2026-07-31T21:39:36Z,\N,2026-09-09T01:43:23Z,\N,1,assert
acme:person:e003334~6049f1ac0510,person,acme,E003334,Bruno Tanaka,Buyer,CC-0014,false,2026-07-24T20:16:39Z,\N,2026-09-09T13:07:55Z,\N,1,assert
acme:person:e000051~55a38be97d0a,person,acme,E000051,Alan Mbatha,Technician,DEPT-05,false,2026-08-12T02:12:45Z,\N,2026-09-10T11:27:14Z,\N,1,assert
acme:person:e000712~f546bb7951b4,person,acme,E000712,Noor Tanaka,Technician,DEPT-17,false,2026-07-25T17:32:24Z,\N,2026-09-10T10:04:34Z,\N,1,assert
acme:person:e000946~f705d53fed89,person,acme,E000946,Yara Marchetti,Buyer,DEPT-14,false,2026-07-16T23:39:49Z,\N,2026-09-10T16:48:24Z,\N,1,assert
acme:person:e001299~7d49e945c81f,person,acme,E001299,Liam Chowdhury,Architect,DEPT-05,false,2026-08-22T02:18:54Z,\N,2026-09-10T03:00:26Z,\N,1,assert
acme:person:e001632~dbabd0d98232,person,acme,E001632,Gita Kovac,Architect,CC-0009,false,2026-07-24T21:44:33Z,\N,2026-09-10T03:41:05Z,\N,1,assert
acme:person:e003921~04780bc81edb,person,acme,E003921,Bruno Ueda,Engineer,DEPT-13,false,2026-09-09T15:34:04Z,\N,2026-09-10T15:28:18Z,\N,1,assert
acme:person:e001378~1679815ad65a,person,acme,E001378,Carla Pereira,Engineer,DEPT-19,false,2026-08-08T15:50:07Z,\N,2026-09-11T03:09:35Z,\N,1,assert
acme:person:e001387~d15fbb7d8dd0,person,acme,E001387,Oliver Jablonski,Analyst,CC-0010,false,2026-08-19T01:07:31Z,\N,2026-09-11T15:52:53Z,\N,1,assert
acme:person:e003851~995c519f6d11,person,acme,E003851,Alan Abbott,Technician,DEPT-07,false,2026-08-23T08:25:37Z,\N,2026-09-11T17:02:03Z,\N,1,assert
acme:person:e001794~7df6fbac7a31,person,acme,\N,\N,\N,\N,\N,2027-03-06T03:19:34Z,\N,2026-09-12T15:04:23Z,\N,2,retract
acme:person:e000498~d1529c70c3cd,person,acme,E000498,Zara Mbatha,Engineer,CC-0014,false,2026-08-27T00:56:48Z,\N,2026-09-12T22:50:08Z,\N,1,assert
acme:person:e002363~52bc6bf7099c,person,acme,E002363,Elena Kovac,Auditor,CC-0007,false,2026-08-17T17:07:57Z,\N,2026-09-12T15:27:26Z,\N,1,assert
acme:person:e000883~38852e1ea2ea,person,acme,E000883,Elena Silvestri,Manager,DEPT-17,true,2026-07-18T12:16:36Z,2029-01-16T07:21:46Z,2026-09-13T10:51:28Z,\N,1,assert
acme:person:e002470~a6a0ac922078,person,acme,E002470,Elena Okonkwo,Analyst,DEPT-17,true,2026-08-07T21:15:56Z,\N,2026-09-13T11:23:14Z,\N,1,assert
acme:person:e000605~cbfd5a41dd83,person,acme,E000605,Amara Nakamura,Auditor,DEPT-02,false,2026-09-02T17:21:11Z,\N,2026-09-14T00:11:49Z,\N,1,assert
acme:person:e000797~1bd2eb5f11e3,person,acme,E000797,Yusuf Delacroix,Buyer,DEPT-18,false,2026-09-06T11:46:22Z,\N,2026-09-14T11:55:40Z,\N,1,assert
acme:person:e000871~c61545e91647,person,acme,E000871,Chidi Weiss,Engineer,DEPT-07,false,2026-07-29T19:15:42Z,\N,2026-09-14T19:38:34Z,\N,1,assert
acme:person:e001677~f90b16518da1,person,acme,E001677,Elena Gundersen,Analyst,DEPT-04,false,2026-08-28T03:37:17Z,\N,2026-09-14T19:43:54Z,\N,1,assert
acme:person:e003277~e4f63706faef,person,acme,E003277,Ursula Gundersen,Manager,CC-0007,false,2026-09-12T14:36:36Z,\N,2026-09-14T09:02:05Z,\N,1,assert
acme:person:e000580~e5aad91efb13,person,acme,E000580,Felix Abbott,Manager,CC-0008,false,2026-07-16T22:34:55Z,\N,2026-09-14T21:50:49Z,\N,1,assert
acme:person:e002824~617124b924c3,person,acme,\N,\N,\N,\N,\N,2025-08-02T11:39:46Z,\N,2026-09-15T11:53:29Z,\N,2,retract
acme:person:e000978~1dc8e5de16db,person,acme,E000978,Fatima Ivanova,Analyst,DEPT-09,false,2026-08-17T13:58:38Z,\N,2026-09-15T16:08:14Z,\N,1,assert
acme:person:e001502~18930f751992,person,acme,E001502,Elena Novak,Analyst,DEPT-12,false,2026-09-01T01:23:56Z,\N,2026-09-15T08:00:18Z,\N,1,assert
acme:person:e002352~9880d67e398d,person,acme,E002352,Felix Weiss,Analyst,DEPT-15,false,2026-09-07T22:14:19Z,\N,2026-09-15T23:59:16Z,\N,1,assert
acme:person:e003001~1686f29e698b,person,acme,E003001,Felix Okonkwo,Buyer,DEPT-12,false,2026-08-05T08:37:35Z,\N,2026-09-15T20:31:15Z,\N,1,assert
acme:person:e000442~653ae79262e1,person,acme,E000442,Vikram Marchetti,Technician,DEPT-04,false,2026-08-07T04:34:37Z,\N,2026-09-17T07:25:56Z,\N,1,assert
acme:person:e002843~1b3bf3e2acb9,person,acme,E002843,Chidi Gundersen,Engineer,DEPT-14,false,2026-08-16T03:20:40Z,\N,2026-09-17T12:55:37Z,\N,1,assert
acme:person:e000136~e8cbd5cf1fbf,person,acme,E000136,Felix Lindqvist,Architect,CC-0001,false,2026-09-01T00:15:52Z,\N,2026-09-18T06:07:46Z,\N,1,assert
acme:person:e000636~a608492bf719,person,acme,E000636,Rafael Rasmussen,Auditor,CC-0014,false,2026-08-26T17:45:49Z,\N,2026-09-18T21:46:24Z,\N,1,assert
acme:person:e001129~9d37f5020b7f,person,acme,E001129,Alan Kovac,Manager,DEPT-01,false,2026-08-27T23:48:39Z,\N,2026-09-18T11:49:25Z,\N,1,assert
acme:person:e003873~d8cb00091c1e,person,acme,E003873,Paola Castellanos,Architect,DEPT-05,false,2026-08-24T06:12:32Z,\N,2026-09-18T11:20:16Z,\N,1,assert
acme:person:e003590~0b2f11728438,person,acme,\N,\N,\N,\N,\N,2029-02-12T18:04:39Z,\N,2026-09-19T07:21:31Z,\N,2,retract
acme:person:e000180~cbfd9ddefa5b,person,acme,\N,\N,\N,\N,\N,2025-11-14T00:34:13Z,\N,2026-09-19T16:05:49Z,\N,2,retract
acme:person:e000141~dcc43c8270b3,person,acme,E000141,Ibrahim Lindqvist,Analyst,DIV-CORP,false,2026-07-22T08:10:13Z,\N,2026-09-19T23:02:55Z,\N,1,assert
acme:person:e000848~f4459ac6354a,person,acme,E000848,Rafael Schneider,Analyst,CC-0009,false,2026-09-09T02:11:47Z,\N,2026-09-19T18:29:13Z,\N,1,assert
acme:person:e001607~8bee5344f3e5,person,acme,E001607,Renata Bergstrom,Engineer,DEPT-05,false,2026-08-05T19:37:13Z,\N,2026-09-19T17:09:36Z,\N,1,assert
acme:person:e001898~8aec072da118,person,acme,E001898,Noor Santos,Buyer,CC-0001,false,2026-09-10T10:56:16Z,\N,2026-09-19T07:26:43Z,\N,1,assert
acme:person:e001633~624b19fb145b,person,acme,E001633,Carla Pereira,Buyer,DEPT-21,false,2026-08-12T18:41:52Z,\N,2026-09-21T02:01:52Z,\N,1,assert
acme:person:e003843~9ece2641aff2,person,acme,E003843,Dmitri Weiss,Manager,DEPT-13,false,2026-09-10T15:23:08Z,\N,2026-09-21T00:29:19Z,\N,1,assert
acme:person:e000604~26bfcc8c3ce2,person,acme,\N,\N,\N,\N,\N,2023-02-11T05:56:08Z,\N,2026-09-21T05:10:57Z,\N,2,retract
acme:person:e002870~9e34df0c422b,person,acme,\N,\N,\N,\N,\N,2024-01-23T19:41:46Z,\N,2026-09-21T08:35:14Z,\N,2,retract
acme:person:e000863~264d2a50fdaf,person,acme,\N,\N,\N,\N,\N,2027-08-12T06:03:22Z,\N,2026-09-21T11:45:07Z,\N,2,retract
acme:person:e003573~168266e876f4,person,acme,E003573,Noor Pereira,Technician,CC-0008,true,2026-07-31T12:45:35Z,2029-01-19T16:31:26Z,2026-09-22T03:20:18Z,\N,1,assert
acme:person:e000612~6e4ec33f91aa,person,acme,E000612,Leila Marchetti,Analyst,DEPT-03,false,2026-09-05T03:50:10Z,\N,2026-09-22T10:32:39Z,\N,1,assert
acme:person:e001841~8fc6e3b54cfa,person,acme,E001841,Priya Ivanova,Analyst,DEPT-02,false,2026-08-30T13:42:58Z,\N,2026-09-22T11:58:29Z,\N,1,assert
acme:person:e002611~94ca2b2e99a9,person,acme,E002611,Nadia Oyelaran,Manager,CC-0011,false,2026-08-04T14:48:10Z,\N,2026-09-22T06:04:23Z,\N,1,assert
acme:person:e003526~35c1bd01296d,person,acme,E003526,Farid Lindqvist,Manager,DEPT-16,false,2026-08-15T17:18:00Z,\N,2026-09-22T22:14:00Z,\N,1,assert
acme:person:e002194~ed202be5fe81,person,acme,E002194,Zoltan Fontaine,Engineer,DEPT-01,true,2026-07-30T16:34:46Z,\N,2026-09-23T00:24:47Z,\N,1,assert
acme:person:e001669~c47dc67230bc,person,acme,\N,\N,\N,\N,\N,2027-12-19T07:50:25Z,\N,2026-09-23T20:07:48Z,\N,2,retract
acme:person:e001210~9fd727895767,person,acme,E001210,Sofia Gallagher,Technician,DEPT-12,false,2026-09-09T12:08:38Z,\N,2026-09-25T01:02:51Z,\N,1,assert
acme:person:e003805~7aa8be6f5c87,person,acme,E003805,Felix Baptiste,Buyer,CC-0009,false,2026-09-24T17:26:29Z,\N,2026-09-25T05:04:10Z,\N,1,assert
acme:person:e000030~af794ce99a38,person,acme,\N,\N,\N,\N,\N,2024-12-11T03:15:21Z,\N,2026-09-25T07:32:44Z,\N,2,retract
acme:person:e001656~8f19d651b4a7,person,acme,\N,\N,\N,\N,\N,2028-10-01T13:03:18Z,\N,2026-09-25T11:40:16Z,\N,2,retract
acme:person:e000883~38852e1ea2ea,person,acme,\N,\N,\N,\N,\N,2029-01-16T07:21:46Z,\N,2026-09-25T13:15:32Z,\N,2,retract
acme:person:e001215~f6d2a6b714bd,person,acme,E001215,Ingrid Delacroix,Analyst,CC-0006,false,2026-09-06T19:50:06Z,\N,2026-09-26T11:34:27Z,\N,1,assert
acme:person:e002247~f83d245a9773,person,acme,E002247,Kwame Quintero,Engineer,DEPT-05,false,2026-09-10T06:41:47Z,\N,2026-09-26T13:08:56Z,\N,1,assert
acme:person:e003361~beb6a7f647ae,person,acme,E003361,Amara Vaughan,Buyer,CC-0001,false,2026-08-31T18:29:22Z,\N,2026-09-26T10:28:02Z,\N,1,assert
acme:person:e002143~4a6bd0fee5b1,person,acme,E002143,Alan Nakamura,Auditor,DEPT-09,false,2026-07-29T23:00:18Z,\N,2026-09-27T21:05:40Z,\N,1,assert
acme:person:e001734~264a3853cc0c,person,acme,E001734,Renata Santos,Technician,CC-0006,false,2026-08-22T03:44:19Z,\N,2026-09-28T16:00:51Z,\N,1,assert
acme:person:e003094~6e1579ef6e8d,person,acme,E003094,Noor Wagner,Architect,DEPT-18,true,2026-08-12T06:20:55Z,2027-10-10T06:40:48Z,2026-09-28T17:52:32Z,\N,1,assert
acme:person:e003609~828b3b82312c,person,acme,E003609,Quinn Rasmussen,Engineer,DIV-CORP,false,2026-09-10T07:50:57Z,\N,2026-09-29T12:33:30Z,\N,1,assert
acme:person:e001372~3cc7e8ee29f4,person,acme,\N,\N,\N,\N,\N,2025-02-13T04:59:53Z,\N,2026-09-30T03:23:15Z,\N,2,retract
acme:person:e002687~17dff1423afe,person,acme,\N,\N,\N,\N,\N,2025-04-19T22:00:51Z,\N,2026-09-30T12:11:23Z,\N,2,retract
acme:person:e001951~c760d59b236f,person,acme,E001951,Gita Bergstrom,Engineer,CC-0005,false,2026-08-27T18:47:30Z,\N,2026-09-30T13:26:23Z,\N,1,assert
acme:person:e003700~a3352a137199,person,acme,E003700,Bruno Ivanova,Architect,CC-0008,false,2026-08-19T02:49:12Z,\N,2026-09-30T20:06:09Z,\N,1,assert
acme:person:e003840~e9956216f168,person,acme,E003840,Tomas Haddad,Architect,DEPT-01,false,2026-08-28T18:29:43Z,\N,2026-09-30T09:31:12Z,\N,1,assert
acme:person:e001974~8de47a8a9328,person,acme,E001974,Noor Fontaine,Auditor,CC-0010,false,2026-08-30T03:32:49Z,\N,2026-10-01T05:57:32Z,\N,1,assert
acme:person:e002707~c0b456e65ac8,person,acme,E002707,Zara Castellanos,Manager,CC-0011,false,2026-08-23T12:16:08Z,\N,2026-10-01T11:50:55Z,\N,1,assert
acme:person:e002454~c107841f51ee,person,acme,\N,\N,\N,\N,\N,2025-04-26T05:34:53Z,\N,2026-10-03T21:05:00Z,\N,2,retract
acme:person:e002451~fee723b2ebf6,person,acme,E002451,Wen Santos,Engineer,DEPT-24,true,2026-09-19T09:30:45Z,\N,2026-10-04T03:38:59Z,\N,1,assert
acme:person:e002613~580be625a812,person,acme,E002613,Marcus Abbott,Engineer,DEPT-12,false,2026-09-22T11:38:57Z,\N,2026-10-04T18:59:30Z,\N,1,assert
acme:person:e000010~733fa0583c5f,person,acme,E000010,Tomas Kovac,Buyer,DEPT-02,false,2026-08-27T02:00:12Z,\N,2026-10-04T19:47:36Z,\N,1,assert
acme:person:e001636~234db0647822,person,acme,E001636,Anika Silvestri,Auditor,DEPT-08,false,2026-09-16T04:43:08Z,\N,2026-10-05T06:45:30Z,\N,1,assert
acme:person:e001756~52be6a68ec33,person,acme,E001756,Kwame Jablonski,Architect,DEPT-18,false,2026-09-21T03:11:03Z,\N,2026-10-05T13:21:39Z,\N,1,assert
acme:person:e001154~528b639e1c22,person,acme,E001154,Renata Fontaine,Technician,DEPT-18,false,2026-09-26T00:38:01Z,\N,2026-10-06T05:05:38Z,\N,1,assert
acme:person:e002509~72d7346ce3a8,person,acme,E002509,Bruno Tanaka,Architect,DEPT-02,false,2026-09-16T08:53:48Z,\N,2026-10-06T07:25:00Z,\N,1,assert
acme:person:e003474~524d874e8171,person,acme,E003474,Gita Santos,Analyst,DEPT-22,false,2026-09-14T05:20:20Z,\N,2026-10-06T04:37:23Z,\N,1,assert
acme:person:e002329~168c33dbc980,person,acme,\N,\N,\N,\N,\N,2023-11-15T17:21:45Z,\N,2026-10-06T19:46:00Z,\N,2,retract
acme:person:e002391~dcc23de214ae,person,acme,E002391,Nadia Zhang,Analyst,DEPT-10,false,2026-08-15T12:18:22Z,\N,2026-10-07T04:14:01Z,\N,1,assert
acme:person:e002608~571cace049a7,person,acme,E002608,Ursula Fontaine,Analyst,DEPT-24,false,2026-09-27T13:19:25Z,\N,2026-10-07T05:36:26Z,\N,1,assert
acme:person:e002396~f1fb19fbfd3d,person,acme,E002396,Tomas Ivanova,Manager,DEPT-24,false,2026-08-09T07:28:49Z,\N,2026-10-07T13:47:03Z,\N,1,assert
acme:person:e003395~9917e10f961e,person,acme,\N,\N,\N,\N,\N,2023-10-26T10:57:59Z,\N,2026-10-08T07:11:38Z,\N,2,retract
acme:person:e001842~121cfdda8f63,person,acme,\N,\N,\N,\N,\N,2023-05-30T16:18:38Z,\N,2026-10-08T21:13:50Z,\N,2,retract
acme:person:e000095~e0247e54942e,person,acme,E000095,Farid Eberhardt,Analyst,CC-0013,false,2026-09-18T20:33:51Z,\N,2026-10-08T23:27:17Z,\N,1,assert
acme:person:e000216~4e04998cd2c3,person,acme,E000216,Ada Abbott,Technician,DEPT-02,false,2026-08-31T22:37:59Z,\N,2026-10-08T08:17:52Z,\N,1,assert
acme:person:e000968~74386daf907e,person,acme,E000968,Quinn Jablonski,Analyst,CC-0011,false,2026-08-12T17:02:40Z,\N,2026-10-08T04:15:30Z,\N,1,assert
acme:person:e001808~553b33a269a6,person,acme,E001808,Tomas Abbott,Buyer,DEPT-15,false,2026-08-20T01:55:45Z,\N,2026-10-09T02:35:12Z,\N,1,assert
acme:person:e000127~186745c6f58f,person,acme,\N,\N,\N,\N,\N,2026-08-14T03:57:31Z,\N,2026-10-09T07:24:36Z,\N,2,retract
acme:person:e003559~ba02523635ab,person,acme,E003559,Amara Silvestri,Engineer,DEPT-20,false,2026-09-24T03:01:53Z,\N,2026-10-10T14:55:56Z,\N,1,assert
acme:person:e000357~28ccbd33f1c5,person,acme,E000357,Yara Marchetti,Auditor,DEPT-03,true,2026-09-05T21:11:06Z,2027-09-27T15:51:51Z,2026-10-10T23:14:16Z,\N,1,assert
acme:person:e000087~44a1e04687ea,person,acme,E000087,Paola Okonkwo,Analyst,DEPT-11,true,2026-08-16T00:01:41Z,2026-12-11T05:00:29Z,2026-10-11T02:40:30Z,\N,1,assert
acme:person:e003626~339387aea7ea,person,acme,E003626,Alan Eberhardt,Auditor,DEPT-08,false,2026-08-25T15:43:01Z,\N,2026-10-11T10:00:56Z,\N,1,assert
acme:person:e003955~90101fbbac7b,person,acme,E003955,Kwame Schneider,Auditor,CC-0012,false,2026-09-16T18:36:11Z,\N,2026-10-11T05:22:29Z,\N,1,assert
acme:person:e000630~976f7ddc44eb,person,acme,E000630,Keiko Fontaine,Analyst,DEPT-01,false,2026-08-14T02:25:15Z,\N,2026-10-12T00:20:09Z,\N,1,assert
acme:person:e001629~6136a67434b1,person,acme,E001629,Wen Silvestri,Analyst,CC-0007,false,2026-10-05T20:56:13Z,\N,2026-10-12T19:20:54Z,\N,1,assert
acme:person:e002585~bb9e9d491938,person,acme,E002585,Lucia Jablonski,Analyst,DEPT-10,false,2026-08-22T15:05:48Z,\N,2026-10-12T06:31:12Z,\N,1,assert
acme:person:e001787~9d7c5eb72a49,person,acme,E001787,Marcus Zhang,Auditor,CC-0006,false,2026-08-31T11:49:58Z,\N,2026-10-13T08:30:44Z,\N,1,assert
acme:person:e001997~718817aa1752,person,acme,E001997,Marcus Wagner,Engineer,CC-0004,false,2026-10-03T15:56:40Z,\N,2026-10-13T04:28:33Z,\N,1,assert
acme:person:e000735~3d011408a1be,person,acme,\N,\N,\N,\N,\N,2028-03-30T22:35:54Z,\N,2026-10-13T10:40:13Z,\N,2,retract
acme:person:e000464~313663c8bbad,person,acme,E000464,Paola Ueda,Architect,DEPT-14,false,2026-09-21T21:21:28Z,\N,2026-10-14T12:24:17Z,\N,1,assert
acme:person:e000779~2538daeb8643,person,acme,E000779,Yusuf Delacroix,Manager,DEPT-21,false,2026-09-21T21:39:47Z,\N,2026-10-14T12:28:17Z,\N,1,assert
acme:person:e001019~ef0a0307e42c,person,acme,E001019,Zoltan Eberhardt,Buyer,DEPT-04,false,2026-09-23T19:06:39Z,\N,2026-10-14T14:07:17Z,\N,1,assert
acme:person:e003040~ab82678ff095,person,acme,E003040,Ada Tanaka,Buyer,DIV-CORP,false,2026-09-24T15:42:33Z,\N,2026-10-14T14:55:13Z,\N,1,assert
acme:person:e001486~4d53d33f761d,person,acme,\N,\N,\N,\N,\N,2025-06-03T01:36:29Z,\N,2026-10-15T00:05:56Z,\N,2,retract
acme:person:e002364~9858342bce92,person,acme,E002364,Bruno Weiss,Technician,CC-0012,false,2026-08-16T13:19:26Z,\N,2026-10-15T16:41:30Z,\N,1,assert
acme:person:e002640~de37759c39b8,person,acme,E002640,Zoltan Schneider,Analyst,CC-0004,false,2026-08-30T19:20:58Z,\N,2026-10-15T17:35:10Z,\N,1,assert
acme:person:e000501~aacaa0654779,person,acme,E000501,Kwame Vaughan,Auditor,DEPT-09,true,2026-08-27T02:06:23Z,\N,2026-10-16T04:02:28Z,\N,1,assert
acme:person:e003915~5c67e23cac51,person,acme,\N,\N,\N,\N,\N,2026-09-01T13:53:49Z,\N,2026-10-16T12:46:26Z,\N,2,retract
acme:person:e000439~e525048a7100,person,acme,E000439,Mira Ueda,Architect,CC-0003,false,2026-08-28T14:42:03Z,\N,2026-10-16T20:40:28Z,\N,1,assert
acme:person:e002087~6e920a94356f,person,acme,E002087,Fatima Ivanova,Manager,DEPT-14,false,2026-09-04T03:26:08Z,\N,2026-10-17T00:26:17Z,\N,1,assert
acme:person:e002941~17147c9ca58f,person,acme,E002941,Sofia Marchetti,Engineer,DEPT-11,false,2026-09-07T13:21:25Z,\N,2026-10-17T20:29:14Z,\N,1,assert
acme:person:e001176~79b8e3ef1868,person,acme,E001176,Liam Zhang,Technician,DEPT-04,false,2026-09-19T18:47:35Z,\N,2026-10-18T18:42:07Z,\N,1,assert
acme:person:e001957~ddef7bb83fef,person,acme,E001957,Felix Jablonski,Buyer,CC-0003,false,2026-09-23T15:10:16Z,\N,2026-10-18T01:31:20Z,\N,1,assert
acme:person:e002426~6a7588edfe2e,person,acme,E002426,Carla Nakamura,Technician,DEPT-21,false,2026-10-13T07:33:31Z,\N,2026-10-18T06:53:24Z,\N,1,assert
acme:person:e002908~c13ea0cda6ae,person,acme,E002908,Nadia Thorsen,Technician,DEPT-14,false,2026-09-26T21:09:19Z,\N,2026-10-18T05:15:19Z,\N,1,assert
acme:person:e003539~041e864feac4,person,acme,E003539,Tomas Abbott,Technician,CC-0001,false,2026-10-11T16:46:10Z,\N,2026-10-18T10:35:10Z,\N,1,assert
acme:person:e000768~9ec236584cf7,person,acme,E000768,Leila Tanaka,Buyer,CC-0014,false,2026-10-16T17:58:11Z,\N,2026-10-20T22:05:12Z,\N,1,assert
acme:person:e000233~753329985d87,person,acme,E000233,Oliver Ivanova,Auditor,DEPT-18,false,2026-09-23T18:18:23Z,\N,2026-10-21T02:05:48Z,\N,1,assert
acme:person:e001855~9a10ce8b5f43,person,acme,E001855,Jonas Eberhardt,Analyst,DEPT-20,false,2026-09-08T02:43:23Z,\N,2026-10-21T02:22:05Z,\N,1,assert
acme:person:e001402~5b8cdc7d5969,person,acme,E001402,Quinn Kovac,Analyst,DEPT-24,false,2026-10-06T17:09:15Z,\N,2026-10-22T16:14:42Z,\N,1,assert
acme:person:e000782~74a717637316,person,acme,E000782,Xenia Zhang,Engineer,CC-0004,false,2026-09-14T15:49:27Z,\N,2026-10-23T01:53:24Z,\N,1,assert
acme:person:e002420~a044b394aa48,person,acme,E002420,Ingrid Abbott,Auditor,CC-0009,false,2026-08-29T08:04:39Z,\N,2026-10-23T07:36:02Z,\N,1,assert
acme:person:e002832~e951c9d6a6c5,person,acme,E002832,Xenia Oyelaran,Manager,DEPT-06,false,2026-09-04T08:41:14Z,\N,2026-10-23T15:31:39Z,\N,1,assert
acme:person:e000076~e0fcf42b3d02,person,acme,E000076,Jonas Oyelaran,Engineer,DEPT-15,false,2026-09-25T11:06:10Z,\N,2026-10-24T02:51:33Z,\N,1,assert
acme:person:e000101~bbc6275f13ce,person,acme,E000101,Rafael Lindqvist,Auditor,DEPT-09,false,2026-08-25T02:12:50Z,\N,2026-10-24T06:14:46Z,\N,1,assert
acme:person:e000434~e8705d048684,person,acme,E000434,Rafael Haddad,Auditor,DEPT-06,false,2026-09-22T18:11:21Z,\N,2026-10-24T22:50:04Z,\N,1,assert
acme:person:e000660~e9a9bec8ce94,person,acme,E000660,Xenia Chowdhury,Auditor,CC-0009,false,2026-10-20T10:20:14Z,\N,2026-10-24T03:41:29Z,\N,1,assert
acme:person:e001118~80e27935d48a,person,acme,E001118,Tomas Delacroix,Analyst,DEPT-09,false,2026-10-14T23:28:33Z,\N,2026-10-24T22:29:16Z,\N,1,assert
acme:person:e003648~90627b05880b,person,acme,E003648,Dmitri Okonkwo,Architect,CC-0001,false,2026-09-06T00:13:45Z,\N,2026-10-24T04:20:04Z,\N,1,assert
acme:person:e002128~6c405cd223bd,person,acme,E002128,Bruno Pereira,Analyst,DEPT-15,false,2026-09-23T12:48:46Z,\N,2026-10-25T17:20:24Z,\N,1,assert
acme:person:e000086~bb17247f8bf5,person,acme,E000086,Jonas Pereira,Technician,CC-0013,false,2026-09-24T04:06:51Z,\N,2026-10-25T22:18:30Z,\N,1,assert
acme:person:e002796~4837073fa6ee,person,acme,E002796,Yusuf Oyelaran,Technician,CC-0002,false,2026-09-02T04:44:53Z,\N,2026-10-25T16:38:13Z,\N,1,assert
acme:person:e003707~8705bd17f278,person,acme,E003707,Carla Haddad,Architect,CC-0003,false,2026-10-03T13:18:26Z,\N,2026-10-25T06:35:06Z,\N,1,assert
acme:person:e003612~638344006529,person,acme,\N,\N,\N,\N,\N,2026-03-22T09:25:18Z,\N,2026-10-26T02:05:16Z,\N,2,retract
acme:person:e000286~41026673ea2f,person,acme,E000286,Ada Silvestri,Engineer,DEPT-12,false,2026-10-24T22:06:23Z,\N,2026-10-26T05:42:02Z,\N,1,assert
acme:person:e001138~a70630c8b8c5,person,acme,E001138,Vikram Thorsen,Buyer,DEPT-24,false,2026-10-06T03:54:58Z,\N,2026-10-26T19:20:59Z,\N,1,assert
acme:person:e003140~21acb6c28706,person,acme,E003140,Dmitri Haddad,Buyer,CC-0006,false,2026-09-01T17:34:40Z,\N,2026-10-26T08:27:19Z,\N,1,assert
acme:person:e000148~982ee862b233,person,acme,E000148,Zara Zhang,Architect,DEPT-04,false,2026-10-19T01:15:02Z,\N,2026-10-27T18:29:18Z,\N,1,assert
acme:person:e002214~886d91d8fe6a,person,acme,E002214,Lucia Thorsen,Architect,DEPT-24,false,2026-10-09T10:52:58Z,\N,2026-10-27T10:12:52Z,\N,1,assert
acme:person:e003036~a2d31f299846,person,acme,E003036,Xenia Ivanova,Manager,DEPT-09,false,2026-10-02T13:35:58Z,\N,2026-10-27T21:10:22Z,\N,1,assert
acme:person:e002195~f7741befc507,person,acme,\N,\N,\N,\N,\N,2026-05-16T11:02:43Z,\N,2026-10-28T05:13:25Z,\N,2,retract
acme:person:e001579~ac4b508dd0c4,person,acme,E001579,Zoltan Zhang,Architect,CC-0009,false,2026-10-15T04:50:50Z,\N,2026-10-28T06:39:18Z,\N,1,assert
acme:person:e003960~1221f01c020a,person,acme,E003960,Kwame Baptiste,Architect,CC-0007,true,2026-10-28T08:21:06Z,2027-11-22T07:16:41Z,2026-10-28T08:21:06Z,\N,1,assert
acme:person:e000666~30d3cb7d0d17,person,acme,\N,\N,\N,\N,\N,2024-10-09T17:58:43Z,\N,2026-10-28T16:05:14Z,\N,2,retract
acme:person:e001900~10d8cf83af20,person,acme,E001900,Farid Castellanos,Auditor,CC-0010,false,2026-10-15T09:34:50Z,\N,2026-10-28T21:45:50Z,\N,1,assert
acme:person:e000334~611eb15fb942,person,acme,\N,\N,\N,\N,\N,2027-01-12T04:22:29Z,\N,2026-10-29T12:20:51Z,\N,2,retract
acme:person:e000255~fc66eba65906,person,acme,E000255,Hugo Bergstrom,Manager,CC-0003,false,2026-10-05T05:18:39Z,\N,2026-10-29T20:37:18Z,\N,1,assert
acme:person:e000802~cae2e0adbda4,person,acme,E000802,Anders Marchetti,Auditor,DEPT-05,false,2026-10-09T08:20:52Z,\N,2026-10-29T12:30:10Z,\N,1,assert
acme:person:e001454~84648797de2e,person,acme,E001454,Wen Gundersen,Technician,CC-0003,false,2026-09-26T11:06:32Z,\N,2026-10-29T13:07:02Z,\N,1,assert
acme:person:e003941~c15b427bf929,person,acme,E003941,Tomas Wagner,Buyer,DEPT-17,false,2026-09-25T06:28:58Z,\N,2026-10-29T06:03:38Z,\N,1,assert
acme:person:e000019~04dcb690b8d3,person,acme,E000019,Alan Silvestri,Analyst,DEPT-19,false,2026-10-14T08:07:04Z,\N,2026-10-30T11:47:57Z,\N,1,assert
acme:person:e001007~30f82b97d9ae,person,acme,E001007,Gita Oyelaran,Architect,CC-0010,false,2026-09-27T22:24:20Z,\N,2026-10-30T15:21:10Z,\N,1,assert
acme:person:e003752~5dbca5b8bc94,person,acme,E003752,Oliver Nakamura,Architect,DEPT-20,false,2026-09-10T16:39:46Z,\N,2026-10-30T02:52:52Z,\N,1,assert
acme:person:e002653~e4327b693458,person,acme,E002653,Kwame Yilmaz,Analyst,CC-0012,false,2026-10-16T15:15:39Z,\N,2026-10-31T13:12:57Z,\N,1,assert
acme:person:e003242~86ecb1cf533a,person,acme,E003242,Anders Yilmaz,Auditor,CC-0012,false,2026-09-12T20:46:52Z,\N,2026-10-31T18:01:08Z,\N,1,assert
acme:person:e002084~7c40646b7c0b,person,acme,E002084,Xenia Thorsen,Manager,DEPT-04,false,2026-10-04T02:53:11Z,\N,2026-11-01T12:42:14Z,\N,1,assert
acme:person:e003571~4a4ce03a9e5b,person,acme,E003571,Lars Rasmussen,Analyst,CC-0011,false,2026-09-15T13:12:46Z,\N,2026-11-01T13:36:20Z,\N,1,assert
acme:person:e003757~d2088ca0c13b,person,acme,E003757,Wen Thorsen,Buyer,CC-0007,false,2026-09-10T09:45:21Z,\N,2026-11-01T18:12:23Z,\N,1,assert
acme:person:e003293~6601720eedfb,person,acme,\N,\N,\N,\N,\N,2022-09-22T14:46:54Z,\N,2026-11-01T23:14:58Z,\N,2,retract
acme:person:e000300~4117210f1ce4,person,acme,E000300,Zara Yilmaz,Auditor,DEPT-24,false,2026-09-29T18:00:56Z,\N,2026-11-02T23:11:21Z,\N,1,assert
acme:person:e001968~fd91655469a7,person,acme,E001968,Ibrahim Novak,Architect,CC-0001,false,2026-10-20T06:44:03Z,\N,2026-11-02T05:09:58Z,\N,1,assert
acme:person:e002349~54d40fa6f7c6,person,acme,E002349,Yusuf Santos,Manager,DEPT-16,false,2026-09-06T11:15:35Z,\N,2026-11-02T03:18:44Z,\N,1,assert
acme:person:e002511~01ecb20c6a9d,person,acme,E002511,Alan Gallagher,Manager,CC-0007,false,2026-09-14T10:24:05Z,\N,2026-11-02T19:05:29Z,\N,1,assert
acme:person:e003233~508bf9c1d670,person,acme,E003233,Lucia Ueda,Technician,CC-0008,false,2026-10-07T10:12:16Z,\N,2026-11-02T15:13:33Z,\N,1,assert
acme:person:e001281~f48109b1c657,person,acme,E001281,Tomas Lindqvist,Technician,CC-0001,false,2026-10-21T14:35:06Z,\N,2026-11-03T12:46:29Z,\N,1,assert
acme:person:e003664~5e002dcebb77,person,acme,E003664,Elena Bergstrom,Manager,CC-0014,false,2026-09-06T12:36:16Z,\N,2026-11-03T01:10:47Z,\N,1,assert
acme:person:e001011~7e376f408527,person,acme,E001011,Wen Baptiste,Manager,CC-0005,false,2026-09-28T20:25:06Z,\N,2026-11-04T21:52:03Z,\N,1,assert
acme:person:e001262~b858240dd00c,person,acme,E001262,Xenia Eberhardt,Technician,CC-0007,false,2026-10-19T18:11:54Z,\N,2026-11-04T01:15:38Z,\N,1,assert
acme:person:e002219~2c489cbc4da8,person,acme,E002219,Sofia Novak,Manager,DEPT-23,false,2026-09-15T10:07:14Z,\N,2026-11-04T05:19:07Z,\N,1,assert
acme:person:e002497~79b7da8501e4,person,acme,E002497,Marcus Okonkwo,Analyst,DEPT-16,false,2026-10-13T13:22:31Z,\N,2026-11-04T02:40:20Z,\N,1,assert
acme:person:e002786~029ae563e691,person,acme,\N,\N,\N,\N,\N,2023-10-01T15:35:02Z,\N,2026-11-05T01:49:22Z,\N,2,retract
acme:person:e001813~f12fb0436042,person,acme,\N,\N,\N,\N,\N,2025-03-11T07:37:53Z,\N,2026-11-05T21:11:18Z,\N,2,retract
acme:person:e000653~b121044a05ea,person,acme,E000653,Samir Novak,Architect,CC-0012,false,2026-10-15T23:54:36Z,\N,2026-11-06T22:14:36Z,\N,1,assert
acme:person:e003131~709e16ad1b90,person,acme,E003131,Yara Oyelaran,Auditor,DEPT-07,false,2026-09-29T08:05:10Z,\N,2026-11-06T22:33:08Z,\N,1,assert
acme:person:e003761~cfd0bc990930,person,acme,E003761,Marcus Vaughan,Auditor,CC-0012,false,2026-09-29T12:58:57Z,\N,2026-11-06T14:12:47Z,\N,1,assert
acme:person:e003075~84d19f93a34f,person,acme,\N,\N,\N,\N,\N,2022-06-11T02:57:21Z,\N,2026-11-07T03:31:43Z,\N,2,retract
acme:person:e001273~f46410bbaac8,person,acme,E001273,Leila Pereira,Engineer,DIV-CORP,false,2026-10-15T06:09:03Z,\N,2026-11-07T05:29:40Z,\N,1,assert
acme:person:e003839~07f64c67d776,person,acme,E003839,Lucia Okonkwo,Analyst,DIV-CORP,false,2026-11-02T10:54:41Z,\N,2026-11-07T05:50:39Z,\N,1,assert
acme:person:e001722~30add9e3e00d,person,acme,E001722,Mira Jablonski,Auditor,DEPT-05,false,2026-09-25T07:38:43Z,\N,2026-11-07T20:33:09Z,\N,1,assert
acme:person:e003046~2bc2ef6c445d,person,acme,E003046,Yara Pereira,Analyst,DEPT-01,false,2026-09-11T06:52:25Z,\N,2026-11-07T22:02:46Z,\N,1,assert
acme:person:e001097~007a32014154,person,acme,E001097,Mira Mbatha,Technician,CC-0012,false,2026-10-23T05:15:50Z,\N,2026-11-08T11:51:12Z,\N,1,assert
acme:person:e000912~d15b06984874,person,acme,E000912,Marcus Ivanova,Buyer,CC-0005,true,2026-10-20T02:26:17Z,\N,2026-11-08T21:50:22Z,\N,1,assert
acme:person:e000009~87b1e14bfdc3,person,acme,E000009,Ursula Ueda,Analyst,CC-0007,false,2026-10-18T20:21:13Z,\N,2026-11-09T05:05:12Z,\N,1,assert
acme:person:e000706~f187030b5ff0,person,acme,E000706,Mira Bergstrom,Technician,DEPT-17,false,2026-11-01T08:04:42Z,\N,2026-11-09T00:29:24Z,\N,1,assert
acme:person:e002256~a8c920d31694,person,acme,E002256,Zoltan Bergstrom,Buyer,CC-0010,false,2026-10-25T22:58:57Z,\N,2026-11-09T14:33:06Z,\N,1,assert
acme:person:e003266~643bb545945d,person,acme,E003266,Ingrid Wagner,Technician,CC-0006,false,2026-09-19T11:24:19Z,\N,2026-11-09T06:26:12Z,\N,1,assert
acme:person:e003328~4fe363994a62,person,acme,E003328,Tomas Kovac,Manager,CC-0013,false,2026-09-17T17:02:46Z,\N,2026-11-09T17:36:59Z,\N,1,assert
acme:person:e000064~5297fe36c3ca,person,acme,E000064,Alan Quintero,Auditor,DEPT-12,false,2026-10-14T21:13:50Z,\N,2026-11-10T01:47:30Z,\N,1,assert
acme:person:e001631~e757005b4549,person,acme,E001631,Mira Rasmussen,Technician,DEPT-04,true,2026-10-07T19:05:07Z,\N,2026-11-10T01:50:05Z,\N,1,assert
acme:person:e000884~ad68a9424978,person,acme,E000884,Leila Oyelaran,Technician,DEPT-06,false,2026-09-23T09:02:40Z,\N,2026-11-10T06:31:29Z,\N,1,assert
acme:person:e001055~801be3f69cb7,person,acme,E001055,Zoltan Thorsen,Technician,CC-0013,false,2026-10-25T19:29:05Z,\N,2026-11-10T05:25:21Z,\N,1,assert
acme:person:e001149~85a66316ca4f,person,acme,E001149,Yara Abbott,Architect,DEPT-04,false,2026-10-06T02:17:57Z,\N,2026-11-10T03:09:15Z,\N,1,assert
acme:person:e001885~4169a0eef077,person,acme,E001885,Ursula Ueda,Auditor,DEPT-14,false,2026-10-09T08:13:34Z,\N,2026-11-10T07:26:38Z,\N,1,assert
acme:person:e002869~e0811bc28459,person,acme,E002869,Amara Chowdhury,Architect,DEPT-16,false,2026-09-23T00:52:38Z,\N,2026-11-10T05:09:46Z,\N,1,assert
acme:person:e001350~c070482bff83,person,acme,E001350,Felix Lindqvist,Buyer,CC-0001,true,2026-10-16T11:56:22Z,\N,2026-11-10T17:50:13Z,\N,1,assert
acme:person:e002549~dba1a389f54c,person,acme,\N,\N,\N,\N,\N,2024-05-30T15:30:29Z,\N,2026-11-10T19:52:20Z,\N,2,retract
acme:person:e000159~54b4b8285c69,person,acme,E000159,Tomas Ueda,Auditor,DEPT-16,false,2026-09-15T20:36:08Z,\N,2026-11-11T00:04:58Z,\N,1,assert
acme:person:e000229~026504f2bd7f,person,acme,E000229,Kwame Okonkwo,Architect,DEPT-10,false,2026-10-17T14:04:31Z,\N,2026-11-11T05:20:37Z,\N,1,assert
acme:person:e001822~daaa0490a4c0,person,acme,E001822,Noor Bergstrom,Technician,DEPT-06,false,2026-11-02T06:16:48Z,\N,2026-11-11T09:27:29Z,\N,1,assert
acme:person:e001359~437ee8506edd,person,acme,\N,\N,\N,\N,\N,2023-07-10T06:40:26Z,\N,2026-11-12T00:31:49Z,\N,2,retract
acme:person:e002841~3cbcf1739b38,person,acme,E002841,Renata Mbatha,Manager,CC-0003,false,2026-11-12T05:26:05Z,\N,2026-11-12T05:26:05Z,\N,1,assert
acme:person:e003347~937ce451e0fe,person,acme,E003347,Rafael Novak,Analyst,CC-0008,false,2026-11-09T21:38:01Z,\N,2026-11-12T16:17:57Z,\N,1,assert
acme:person:e001333~bed34f621b52,person,acme,E001333,Sofia Baptiste,Analyst,CC-0004,false,2026-09-19T22:04:01Z,\N,2026-11-13T15:14:35Z,\N,1,assert
acme:person:e003441~ed510527e0f4,person,acme,E003441,Hugo Kaminski,Auditor,DEPT-08,false,2026-11-07T22:18:10Z,\N,2026-11-13T12:22:45Z,\N,1,assert
acme:person:e001778~cea64701d38e,person,acme,E001778,Priya Yilmaz,Buyer,DEPT-05,false,2026-11-02T18:11:53Z,\N,2026-11-14T14:08:26Z,\N,1,assert
acme:person:e000997~81033f94f201,person,acme,E000997,Anders Ivanova,Architect,DEPT-20,false,2026-09-18T03:26:03Z,\N,2026-11-15T00:17:18Z,\N,1,assert
acme:person:e000559~7a5feddf2a86,person,acme,\N,\N,\N,\N,\N,2027-11-25T14:44:33Z,\N,2026-11-15T17:55:53Z,\N,2,retract
acme:person:e001522~f335de2669db,person,acme,E001522,Clara Ueda,Auditor,DEPT-10,false,2026-11-14T10:02:54Z,\N,2026-11-15T21:21:42Z,\N,1,assert
acme:person:e001983~e6ed27479286,person,acme,E001983,Ibrahim Oyelaran,Engineer,DEPT-04,false,2026-10-19T00:25:47Z,\N,2026-11-15T14:07:25Z,\N,1,assert
acme:person:e002158~c60637589223,person,acme,E002158,Priya Haddad,Analyst,CC-0009,false,2026-11-10T01:09:12Z,\N,2026-11-15T03:31:18Z,\N,1,assert
acme:person:e001641~6f67d086bbe9,person,acme,E001641,Anika Zhang,Manager,DEPT-23,false,2026-09-21T15:43:57Z,\N,2026-11-16T15:20:49Z,\N,1,assert
acme:person:e001745~c1d8fd6f27d8,person,acme,E001745,Yusuf Marchetti,Technician,CC-0007,false,2026-10-03T15:57:49Z,\N,2026-11-16T00:00:37Z,\N,1,assert
acme:person:e003949~6f2a14043d6f,person,acme,E003949,Vikram Weiss,Auditor,CC-0004,false,2026-10-07T06:03:22Z,\N,2026-11-16T05:58:46Z,\N,1,assert
acme:person:e000264~2ea942deae79,person,acme,E000264,Mira Fontaine,Auditor,DEPT-16,false,2026-10-18T04:20:54Z,\N,2026-11-17T06:22:42Z,\N,1,assert
acme:person:e002533~4cc7109be224,person,acme,\N,\N,\N,\N,\N,2025-07-14T16:57:18Z,\N,2026-11-18T10:33:47Z,\N,2,retract
acme:person:e001680~6e4ac1660508,person,acme,E001680,Yara Nakamura,Analyst,DEPT-11,false,2026-11-15T03:05:36Z,\N,2026-11-18T14:37:13Z,\N,1,assert
acme:person:e001409~f0b7becca7f7,person,acme,E001409,Lucia Delacroix,Architect,CC-0006,false,2026-10-04T00:04:13Z,\N,2026-11-19T02:45:06Z,\N,1,assert
acme:person:e002242~107923cdb309,person,acme,E002242,Renata Schneider,Manager,DEPT-08,false,2026-10-11T21:29:50Z,\N,2026-11-20T02:58:32Z,\N,1,assert
acme:person:e003482~33d549557669,person,acme,\N,\N,\N,\N,\N,2026-09-10T03:28:58Z,\N,2026-11-20T13:12:02Z,\N,2,retract
acme:person:e002779~886a2d3419b1,person,acme,E002779,Zoltan Zhang,Auditor,DEPT-10,false,2026-10-20T00:18:33Z,\N,2026-11-21T20:57:58Z,\N,1,assert
acme:person:e001523~b38896534567,person,acme,E001523,Tomas Chowdhury,Auditor,DEPT-19,false,2026-10-09T01:04:29Z,\N,2026-11-22T18:07:02Z,\N,1,assert
acme:person:e003749~be6a96c8ed12,person,acme,E003749,Lucia Eberhardt,Analyst,DEPT-15,false,2026-10-19T18:44:17Z,\N,2026-11-22T11:40:19Z,\N,1,assert
acme:person:e003863~f1ede7a10060,person,acme,E003863,Liam Ueda,Auditor,DEPT-02,false,2026-10-04T06:28:30Z,\N,2026-11-22T17:54:01Z,\N,1,assert
acme:person:e001128~ee353ed614f0,person,acme,E001128,Mira Chowdhury,Technician,CC-0006,false,2026-11-17T23:12:11Z,\N,2026-11-23T00:48:39Z,\N,1,assert
acme:person:e002125~3a48966bcf3c,person,acme,E002125,Kwame Nakamura,Architect,DEPT-02,true,2026-10-11T20:11:28Z,\N,2026-11-23T02:35:56Z,\N,1,assert
acme:person:e002556~ca1b4cd36f6c,person,acme,E002556,Oliver Nakamura,Architect,CC-0014,false,2026-11-15T09:20:04Z,\N,2026-11-23T11:52:01Z,\N,1,assert
acme:person:e003058~52bd0eeef5f2,person,acme,E003058,Fatima Pereira,Auditor,DEPT-22,false,2026-10-14T11:54:03Z,\N,2026-11-24T17:08:44Z,\N,1,assert
acme:person:e001345~eb192946a38b,person,acme,\N,\N,\N,\N,\N,2025-06-10T16:39:52Z,\N,2026-11-25T15:13:08Z,\N,2,retract
acme:person:e001458~1d6ce2085cf0,person,acme,\N,\N,\N,\N,\N,2026-05-06T14:36:31Z,\N,2026-11-25T19:18:18Z,\N,2,retract
acme:person:e000047~8d27cb13a65a,person,acme,E000047,Lars Haddad,Auditor,DEPT-11,false,2026-11-09T14:41:20Z,\N,2026-11-25T21:02:05Z,\N,1,assert
acme:person:e001323~0c158db2291f,person,acme,E001323,Bruno Gallagher,Technician,DEPT-12,false,2026-11-17T07:52:35Z,\N,2026-11-25T11:55:55Z,\N,1,assert
acme:person:e002266~c265c6a7ad5e,person,acme,E002266,Quinn Kaminski,Analyst,DEPT-10,false,2026-11-04T12:22:54Z,\N,2026-11-25T16:42:14Z,\N,1,assert
acme:person:e003461~87fcf8969804,person,acme,E003461,Ingrid Abbott,Manager,DEPT-02,false,2026-09-28T06:01:35Z,\N,2026-11-25T13:58:55Z,\N,1,assert
acme:person:e003464~2332ac4738fd,person,acme,E003464,Ada Delacroix,Manager,CC-0003,false,2026-11-22T17:12:31Z,\N,2026-11-25T23:41:09Z,\N,1,assert
acme:person:e000326~472a57550f20,person,acme,E000326,Noor Quintero,Manager,DEPT-18,false,2026-10-15T02:26:16Z,\N,2026-11-26T08:48:42Z,\N,1,assert
acme:person:e002996~c2f2d66c654e,person,acme,E002996,Vikram Yilmaz,Auditor,CC-0004,false,2026-10-06T17:27:30Z,\N,2026-11-26T21:44:53Z,\N,1,assert
acme:person:e003150~b10d34bfcc93,person,acme,E003150,Anika Eberhardt,Technician,DEPT-19,false,2026-10-21T10:10:35Z,\N,2026-11-26T22:29:55Z,\N,1,assert
acme:person:e003621~a8f7954ceeff,person,acme,E003621,Chidi Rasmussen,Manager,DEPT-06,false,2026-10-01T08:55:10Z,\N,2026-11-26T16:58:59Z,\N,1,assert
acme:person:e002092~d9a5b04f32cd,person,acme,E002092,Mira Marchetti,Technician,DEPT-10,true,2026-10-09T17:21:57Z,\N,2026-11-27T03:09:57Z,\N,1,assert
acme:person:e000171~4be62c623093,person,acme,E000171,Quinn Wagner,Auditor,CC-0012,false,2026-11-21T10:43:21Z,\N,2026-11-29T15:26:16Z,\N,1,assert
acme:person:e003082~100ce4eb16e6,person,acme,E003082,Tomas Rasmussen,Buyer,CC-0004,false,2026-10-12T11:50:18Z,\N,2026-11-29T23:21:29Z,\N,1,assert
acme:person:e003930~9fa1a61d60f1,person,acme,\N,\N,\N,\N,\N,2027-06-26T09:36:10Z,\N,2026-11-30T01:12:50Z,\N,2,retract
acme:person:e000974~bb0d466425c8,person,acme,E000974,Anika Gundersen,Analyst,DEPT-04,false,2026-11-11T09:00:33Z,\N,2026-11-30T16:29:54Z,\N,1,assert
acme:person:e000208~b998936918fb,person,acme,E000208,Kwame Yilmaz,Buyer,DEPT-20,false,2026-11-04T18:18:00Z,\N,2026-12-01T06:37:33Z,\N,1,assert
acme:person:e000560~ba101e769f55,person,acme,E000560,Xenia Silvestri,Technician,DEPT-24,false,2026-10-13T00:25:12Z,\N,2026-12-01T16:55:55Z,\N,1,assert
acme:person:e001684~e4bd9120fdeb,person,acme,E001684,Marcus Oyelaran,Technician,DEPT-15,false,2026-10-19T12:23:02Z,\N,2026-12-01T21:39:57Z,\N,1,assert
acme:person:e003199~8099ae8a2b9c,person,acme,E003199,Vikram Delacroix,Analyst,CC-0004,false,2026-10-22T04:46:26Z,\N,2026-12-01T10:39:12Z,\N,1,assert
acme:person:e000608~6d14fafb86ef,person,acme,\N,\N,\N,\N,\N,2023-09-19T05:04:35Z,\N,2026-12-01T23:00:39Z,\N,2,retract
acme:person:e000644~8accdbb0e536,person,acme,E000644,Liam Bergstrom,Buyer,DEPT-08,false,2026-11-26T22:44:23Z,\N,2026-12-02T13:50:06Z,\N,1,assert
acme:person:e003844~6ddb2fd49606,person,acme,E003844,Felix Nakamura,Technician,CC-0004,false,2026-11-07T03:21:19Z,\N,2026-12-02T15:53:56Z,\N,1,assert
acme:person:e001828~5cfec51eaca1,person,acme,\N,\N,\N,\N,\N,2024-04-28T20:28:40Z,\N,2026-12-04T19:11:37Z,\N,2,retract
acme:person:e001101~693547104629,person,acme,E001101,Paola Vaughan,Buyer,CC-0013,false,2026-11-13T12:11:16Z,\N,2026-12-04T19:39:50Z,\N,1,assert
acme:person:e003145~af30900800c7,person,acme,E003145,Amara Ueda,Auditor,CC-0001,false,2026-10-29T10:23:34Z,\N,2026-12-04T18:20:44Z,\N,1,assert
acme:person:e000320~011c8d50f609,person,acme,\N,\N,\N,\N,\N,2023-08-22T22:45:31Z,\N,2026-12-05T07:52:14Z,\N,2,retract
acme:person:e001459~cdcde34872dd,person,acme,E001459,Samir Quintero,Auditor,DEPT-19,true,2026-10-26T20:53:47Z,\N,2026-12-05T20:17:07Z,\N,1,assert
acme:person:e003122~8ca4f93f9088,person,acme,\N,\N,\N,\N,\N,2026-12-11T00:55:38Z,\N,2026-12-06T01:38:16Z,\N,2,retract
acme:person:e002088~ed517da46d08,person,acme,E002088,Paola Vaughan,Manager,DEPT-22,false,2026-10-18T23:01:19Z,\N,2026-12-06T17:58:48Z,\N,1,assert
acme:person:e003542~1d3e58a76f21,person,acme,E003542,Quinn Novak,Buyer,DEPT-15,false,2026-11-27T02:24:38Z,\N,2026-12-06T13:44:13Z,\N,1,assert
acme:person:e000541~65ab96ee4fb7,person,acme,E000541,Bruno Fontaine,Architect,CC-0013,false,2026-10-28T17:26:15Z,\N,2026-12-07T22:41:57Z,\N,1,assert
acme:person:e003960~1221f01c020a,person,acme,\N,\N,\N,\N,\N,2027-11-22T07:16:41Z,\N,2026-12-07T23:12:29Z,\N,2,retract
acme:person:e000815~e53ab9e9f97b,person,acme,E000815,Rafael Eberhardt,Engineer,CC-0013,false,2026-10-19T05:17:45Z,\N,2026-12-08T15:50:04Z,\N,1,assert
acme:person:e001476~27a68706f388,person,acme,E001476,Ingrid Wagner,Auditor,DEPT-01,false,2026-10-23T06:35:49Z,\N,2026-12-08T20:40:36Z,\N,1,assert
acme:person:e001557~5214c561a04a,person,acme,E001557,Alan Nakamura,Architect,DEPT-07,false,2026-10-24T17:07:11Z,\N,2026-12-08T21:12:58Z,\N,1,assert
acme:person:e003567~b083f9b78c31,person,acme,E003567,Hugo Wagner,Auditor,DEPT-17,false,2026-12-03T04:46:42Z,\N,2026-12-08T08:54:41Z,\N,1,assert
acme:person:e003951~3bfe02e8ea7f,person,acme,E003951,Zara Bergstrom,Manager,DEPT-12,false,2026-11-15T09:09:53Z,\N,2026-12-08T19:11:47Z,\N,1,assert
acme:person:e000125~09201b20125b,person,acme,E000125,Samir Abbott,Engineer,CC-0004,false,2026-11-13T20:48:08Z,\N,2026-12-09T12:56:18Z,\N,1,assert
acme:person:e000258~8a3aae38f4e5,person,acme,E000258,Priya Oyelaran,Buyer,DEPT-15,false,2026-11-21T21:04:50Z,\N,2026-12-09T10:20:51Z,\N,1,assert
acme:person:e002605~2c6173fdd662,person,acme,E002605,Jonas Ueda,Buyer,CC-0012,false,2026-11-19T01:46:02Z,\N,2026-12-09T00:20:52Z,\N,1,assert
acme:person:e003882~5e67eecf1ba2,person,acme,E003882,Mira Gundersen,Technician,CC-0011,false,2026-11-30T22:35:54Z,\N,2026-12-09T23:20:49Z,\N,1,assert
acme:person:e002864~27c613fa1371,person,acme,\N,\N,\N,\N,\N,2026-03-04T22:42:41Z,\N,2026-12-10T00:21:56Z,\N,2,retract
acme:person:e000327~e362b5b03d9b,person,acme,E000327,Zoltan Eberhardt,Technician,DEPT-20,false,2026-10-21T00:57:12Z,\N,2026-12-10T16:01:38Z,\N,1,assert
acme:person:e001147~78ca1bed7784,person,acme,E001147,Elena Kaminski,Architect,DEPT-22,false,2026-11-27T04:48:31Z,\N,2026-12-10T03:19:50Z,\N,1,assert
acme:person:e003651~72f4edb99033,person,acme,E003651,Sofia Novak,Analyst,DEPT-17,false,2026-12-03T01:03:46Z,\N,2026-12-10T08:29:17Z,\N,1,assert
acme:person:e002520~377d83158bcd,person,acme,E002520,Renata Abbott,Architect,DEPT-10,false,2026-11-12T11:43:29Z,\N,2026-12-11T00:04:31Z,\N,1,assert
acme:person:e002743~101a961cf1ff,person,acme,E002743,Liam Pereira,Auditor,DEPT-16,false,2026-11-20T02:31:18Z,\N,2026-12-11T16:44:27Z,\N,1,assert
acme:person:e002827~634d1b797568,person,acme,E002827,Anika Kovac,Manager,DEPT-05,false,2026-12-09T03:03:20Z,\N,2026-12-11T07:09:53Z,\N,1,assert
acme:person:e000730~500ae96f2cb1,person,acme,E000730,Vikram Nakamura,Technician,CC-0004,false,2026-10-15T04:05:48Z,\N,2026-12-12T06:29:45Z,\N,1,assert
acme:person:e001729~da0b858b5b76,person,acme,E001729,Gita Thorsen,Technician,DEPT-16,false,2026-10-22T00:35:42Z,\N,2026-12-12T23:02:06Z,\N,1,assert
acme:person:e003705~b311a40ebaaa,person,acme,E003705,Samir Baptiste,Manager,CC-0007,false,2026-11-13T09:38:54Z,\N,2026-12-12T01:59:50Z,\N,1,assert
acme:person:e000593~029de994128a,person,acme,E000593,Tomas Yilmaz,Engineer,DEPT-02,false,2026-11-22T16:40:48Z,\N,2026-12-13T18:51:18Z,\N,1,assert
acme:person:e002394~99ea34b9b563,person,acme,E002394,Leila Wagner,Buyer,CC-0011,false,2026-10-31T02:40:08Z,\N,2026-12-13T11:41:44Z,\N,1,assert
acme:person:e000696~2d105ac4d379,person,acme,E000696,Fatima Castellanos,Technician,DEPT-12,false,2026-10-19T13:54:04Z,\N,2026-12-14T00:16:40Z,\N,1,assert
acme:person:e000734~14c233e648aa,person,acme,E000734,Anders Gallagher,Auditor,CC-0009,false,2026-11-03T12:21:57Z,\N,2026-12-14T08:02:27Z,\N,1,assert
acme:person:e002462~d468f5efb904,person,acme,E002462,Alan Novak,Analyst,DEPT-08,false,2026-11-03T01:21:09Z,\N,2026-12-14T07:16:57Z,\N,1,assert
acme:person:e002820~2eb447409cb7,person,acme,E002820,Mira Santos,Engineer,CC-0012,false,2026-11-20T00:00:44Z,\N,2026-12-14T05:19:17Z,\N,1,assert
acme:person:e003551~68081b8ecb20,person,acme,E003551,Yara Nakamura,Analyst,CC-0012,false,2026-10-21T15:50:24Z,\N,2026-12-14T18:50:17Z,\N,1,assert
acme:person:e003579~1a257b522ba7,person,acme,E003579,Leila Gundersen,Manager,DEPT-12,false,2026-11-01T10:18:24Z,\N,2026-12-14T10:17:11Z,\N,1,assert
acme:person:e000344~70630e72bf5b,person,acme,E000344,Sofia Baptiste,Manager,CC-0001,false,2026-11-23T06:11:41Z,\N,2026-12-16T04:01:33Z,\N,1,assert
acme:person:e000460~c522d3de00d7,person,acme,E000460,Ada Pereira,Buyer,DEPT-18,false,2026-11-17T13:14:28Z,\N,2026-12-16T16:56:56Z,\N,1,assert
acme:person:e002765~9a8c7558c271,person,acme,E002765,Nadia Castellanos,Buyer,CC-0012,false,2026-12-14T16:07:40Z,\N,2026-12-16T12:44:37Z,\N,1,assert
acme:person:e001882~bbc11589d4e1,person,acme,E001882,Yusuf Weiss,Auditor,CC-0010,false,2026-10-22T23:36:30Z,\N,2026-12-17T06:30:23Z,\N,1,assert
acme:person:e000569~d5d0c7da450c,person,acme,E000569,Hugo Oyelaran,Buyer,DEPT-22,true,2026-12-02T23:01:22Z,2028-07-23T12:36:18Z,2026-12-17T10:26:41Z,\N,1,assert
acme:person:e003927~7ca917771693,person,acme,E003927,Marcus Bergstrom,Buyer,CC-0009,true,2026-11-20T21:42:51Z,\N,2026-12-18T07:28:37Z,\N,1,assert
acme:person:e001253~92605c05702b,person,acme,E001253,Sofia Delacroix,Architect,DEPT-11,false,2026-10-29T14:04:45Z,\N,2026-12-18T13:54:58Z,\N,1,assert
acme:person:e001708~916679821ac2,person,acme,E001708,Farid Gundersen,Buyer,DEPT-14,false,2026-11-28T08:34:38Z,\N,2026-12-18T14:02:36Z,\N,1,assert
acme:person:e001773~5dc8b8de9a4b,person,acme,E001773,Priya Pereira,Auditor,DEPT-20,false,2026-11-26T18:01:22Z,\N,2026-12-18T00:40:16Z,\N,1,assert
acme:person:e002649~19f9ab01c28d,person,acme,E002649,Yara Vaughan,Buyer,CC-0005,false,2026-12-10T09:22:53Z,\N,2026-12-18T00:21:26Z,\N,1,assert
acme:person:e003057~b2e2c841e0db,person,acme,E003057,Leila Santos,Engineer,DEPT-04,false,2026-12-17T06:55:26Z,\N,2026-12-18T05:51:18Z,\N,1,assert
acme:person:e002691~8abbb24025c9,person,acme,E002691,Leila Quintero,Analyst,CC-0001,true,2026-12-04T03:36:01Z,\N,2026-12-19T15:35:05Z,\N,1,assert
acme:person:e000432~92a3dcd53539,person,acme,E000432,Amara Oyelaran,Buyer,CC-0006,false,2026-10-22T20:21:40Z,\N,2026-12-19T18:49:07Z,\N,1,assert
acme:person:e002714~444d2f4f844b,person,acme,E002714,Carla Okonkwo,Auditor,DEPT-03,false,2026-11-15T04:59:50Z,\N,2026-12-19T04:21:34Z,\N,1,assert
acme:person:e001638~ff343a68bc7d,person,acme,\N,\N,\N,\N,\N,2023-08-19T05:50:31Z,\N,2026-12-21T15:27:24Z,\N,2,retract
acme:person:e001718~7e5a9d294bf9,person,acme,E001718,Oliver Chowdhury,Manager,DEPT-08,false,2026-11-16T12:39:04Z,\N,2026-12-21T16:03:55Z,\N,1,assert
acme:person:e001537~52651518905e,person,acme,E001537,Kwame Chowdhury,Manager,DEPT-05,false,2026-11-13T12:58:11Z,\N,2026-12-22T12:23:18Z,\N,1,assert
acme:person:e001804~b87057663da5,person,acme,E001804,Lars Ueda,Manager,CC-0007,true,2026-12-02T19:47:44Z,2027-01-05T11:03:43Z,2026-12-22T19:30:06Z,\N,1,assert
acme:person:e001358~152480acb06e,person,acme,E001358,Noor Gallagher,Auditor,DEPT-18,false,2026-11-26T20:53:45Z,\N,2026-12-24T02:59:32Z,\N,1,assert
acme:person:e000602~2504f18284ce,person,acme,E000602,Oliver Kovac,Buyer,DEPT-06,false,2026-10-28T02:41:04Z,\N,2026-12-25T14:09:42Z,\N,1,assert
acme:person:e001771~aaf80e7c0a81,person,acme,E001771,Wen Kovac,Architect,DEPT-23,false,2026-12-16T15:32:36Z,\N,2026-12-25T01:51:38Z,\N,1,assert
acme:person:e002097~30a0f5ef5e1b,person,acme,E002097,Samir Marchetti,Buyer,DEPT-10,false,2026-12-05T10:23:13Z,\N,2026-12-25T12:55:53Z,\N,1,assert
acme:person:e002250~6b1fb0803c2f,person,acme,E002250,Renata Pereira,Auditor,DEPT-17,false,2026-12-05T07:20:04Z,\N,2026-12-25T14:37:09Z,\N,1,assert
acme:person:e003869~a426128e821f,person,acme,E003869,Clara Delacroix,Buyer,CC-0002,false,2026-12-22T11:49:16Z,\N,2026-12-25T08:39:19Z,\N,1,assert
acme:person:e000654~b3e174018702,person,acme,\N,\N,\N,\N,\N,2027-09-07T22:56:33Z,\N,2026-12-27T01:17:52Z,\N,2,retract
acme:person:e002240~9b7a12c7d557,person,acme,E002240,Lucia Mbatha,Manager,DEPT-17,false,2026-12-25T15:28:28Z,\N,2026-12-27T18:41:07Z,\N,1,assert
acme:person:e002517~591910e62424,person,acme,E002517,Priya Pereira,Buyer,DEPT-09,false,2026-12-05T03:54:04Z,\N,2026-12-27T15:19:03Z,\N,1,assert
acme:person:e002566~5fb2ac9c3f7e,person,acme,E002566,Mira Bergstrom,Engineer,CC-0010,false,2026-11-30T12:24:17Z,\N,2026-12-27T10:06:34Z,\N,1,assert
acme:person:e001365~a3472af890ba,person,acme,\N,\N,\N,\N,\N,2025-10-13T21:07:09Z,\N,2026-12-28T20:02:35Z,\N,2,retract
acme:person:e001170~d678c317eaea,person,acme,E001170,Ingrid Ueda,Auditor,DEPT-03,false,2026-12-28T20:45:16Z,\N,2026-12-28T20:45:16Z,\N,1,assert
acme:person:e001802~5a17e72b37b2,person,acme,E001802,Leila Mbatha,Auditor,DEPT-09,false,2026-11-09T06:13:31Z,\N,2026-12-28T03:42:39Z,\N,1,assert
acme:person:e002344~136f8d076731,person,acme,E002344,Mira Schneider,Technician,CC-0013,false,2026-11-11T19:31:33Z,\N,2026-12-28T08:00:49Z,\N,1,assert
acme:person:e002624~4e11385f3218,person,acme,E002624,Ada Schneider,Buyer,DEPT-23,false,2026-12-13T20:41:55Z,\N,2026-12-28T06:33:43Z,\N,1,assert
acme:person:e001052~cc230992fc4b,person,acme,E001052,Fatima Santos,Analyst,CC-0008,true,2026-12-17T11:51:06Z,\N,2026-12-29T20:04:46Z,\N,1,assert
acme:person:e000601~0812f9b6b608,person,acme,E000601,Ada Chowdhury,Auditor,DEPT-10,true,2026-11-19T13:40:23Z,2028-08-11T13:50:38Z,2026-12-30T10:50:02Z,\N,1,assert
acme:person:e000291~d7a2701c530c,person,acme,E000291,Lars Pereira,Manager,CC-0006,false,2026-11-17T07:24:36Z,\N,2026-12-30T23:45:37Z,\N,1,assert
acme:person:e000835~ef2043302b17,person,acme,E000835,Amara Vaughan,Technician,DEPT-01,false,2026-11-17T06:17:44Z,\N,2026-12-30T19:18:29Z,\N,1,assert
acme:person:e001589~5519484dbc67,person,acme,E001589,Paola Okonkwo,Technician,DEPT-19,false,2026-11-27T19:40:32Z,\N,2026-12-30T08:57:21Z,\N,1,assert
acme:person:e002906~3f219190873f,person,acme,E002906,Kwame Chowdhury,Architect,CC-0010,false,2026-12-09T14:57:33Z,\N,2026-12-30T11:48:14Z,\N,1,assert
acme:person:e000380~bd6d1adb886a,person,acme,E000380,Paola Haddad,Auditor,CC-0013,false,2026-11-18T11:52:29Z,\N,2026-12-31T11:06:12Z,\N,1,assert
acme:person:e002409~e018b87993fb,person,acme,E002409,Nadia Nakamura,Buyer,DEPT-22,false,2026-12-04T21:30:23Z,\N,2026-12-31T17:06:51Z,\N,1,assert
acme:person:e001761~671388926587,person,acme,E001761,Yara Gallagher,Manager,DEPT-06,false,2026-12-18T15:09:37Z,\N,2027-01-01T08:25:08Z,\N,1,assert
acme:person:e003982~260e2be1dc17,person,acme,E003982,Ada Ueda,Engineer,DEPT-24,false,2027-01-01T07:24:56Z,\N,2027-01-01T07:24:56Z,\N,1,assert
acme:person:e004087~c3a74fb1156f,person,acme,E004087,Paola Kovac,Technician,DEPT-02,false,2027-01-01T11:05:55Z,\N,2027-01-01T11:05:55Z,\N,1,assert
acme:person:e004099~c54c27e6afa2,person,acme,E004099,Alan Yilmaz,Buyer,CC-0007,true,2027-01-01T12:02:59Z,\N,2027-01-01T12:02:59Z,\N,1,assert
acme:person:e003985~6544695672d7,person,acme,E003985,Alan Gundersen,Architect,CC-0002,false,2027-01-01T06:43:10Z,\N,2027-01-02T01:32:40Z,\N,1,assert
acme:person:e004066~05d4f003673e,person,acme,E004066,Gita Okonkwo,Manager,DEPT-10,false,2027-01-01T10:27:25Z,\N,2027-01-02T12:41:05Z,\N,1,assert
acme:person:e002806~fde40ab5b153,person,acme,E002806,Jonas Chowdhury,Architect,CC-0004,true,2026-12-28T03:16:37Z,\N,2027-01-02T14:46:58Z,\N,1,assert
acme:person:e004076~6957d8e67d92,person,acme,E004076,Farid Ivanova,Buyer,CC-0013,false,2027-01-01T10:50:23Z,\N,2027-01-02T17:30:12Z,\N,1,assert
acme:person:e004162~e5638f57dacb,person,acme,E004162,Carla Yilmaz,Technician,CC-0014,false,2027-01-01T01:29:20Z,\N,2027-01-02T17:15:04Z,\N,1,assert
acme:person:e000486~af736c8fcc9a,person,acme,E000486,Renata Marchetti,Engineer,DEPT-04,false,2027-01-03T00:10:40Z,\N,2027-01-03T00:10:40Z,\N,1,assert
acme:person:e001549~57befb852825,person,acme,E001549,Vikram Haddad,Manager,DEPT-17,false,2026-11-10T00:18:56Z,\N,2027-01-03T07:59:47Z,\N,1,assert
acme:person:e002732~c79e043082fa,person,acme,E002732,Anders Nakamura,Manager,CC-0013,false,2026-12-14T02:11:54Z,\N,2027-01-03T09:02:32Z,\N,1,assert
acme:person:e003021~71a8096f9e39,person,acme,E003021,Zoltan Rasmussen,Manager,CC-0010,false,2026-12-11T17:48:44Z,\N,2027-01-03T08:10:58Z,\N,1,assert
acme:person:e004170~5537f849d63c,person,acme,E004170,Priya Tanaka,Architect,CC-0014,false,2027-01-01T19:20:25Z,\N,2027-01-03T13:05:59Z,\N,1,assert
acme:person:e003987~1fb9c7869b78,person,acme,E003987,Carla Baptiste,Analyst,CC-0003,false,2027-01-01T12:09:22Z,\N,2027-01-03T16:20:41Z,\N,1,assert
acme:person:e001780~7f57b908f581,person,acme,E001780,Vikram Zhang,Engineer,DEPT-05,false,2026-11-10T07:23:04Z,\N,2027-01-04T02:22:47Z,\N,1,assert
acme:person:e002989~e0471cc9eeed,person,acme,E002989,Sofia Eberhardt,Technician,DEPT-10,false,2026-11-25T02:46:54Z,\N,2027-01-04T16:09:40Z,\N,1,assert
acme:person:e003080~4a270f3e7a69,person,acme,E003080,Amara Marchetti,Engineer,CC-0004,false,2026-12-12T10:42:15Z,\N,2027-01-04T02:29:34Z,\N,1,assert
acme:person:e003583~79ee6f5cb142,person,acme,E003583,Leila Kovac,Architect,DEPT-08,false,2026-12-06T17:45:41Z,\N,2027-01-04T20:50:59Z,\N,1,assert
acme:person:e003635~b0c6b4c41c1e,person,acme,E003635,Noor Zhang,Auditor,DEPT-09,false,2026-11-25T16:08:32Z,\N,2027-01-04T22:00:49Z,\N,1,assert
acme:person:e004021~8cde4a9d947a,person,acme,E004021,Elena Nakamura,Auditor,CC-0012,false,2027-01-01T19:58:57Z,\N,2027-01-04T00:38:36Z,\N,1,assert
acme:person:e004084~7cb02b8089d6,person,acme,E004084,Zoltan Castellanos,Technician,DEPT-15,false,2027-01-01T00:42:28Z,\N,2027-01-04T13:25:35Z,\N,1,assert
acme:person:e004102~5036fc41c795,person,acme,E004102,Bruno Schneider,Engineer,DEPT-16,false,2027-01-01T10:59:29Z,\N,2027-01-04T18:45:12Z,\N,1,assert
acme:person:e004134~53fcf2013bb9,person,acme,E004134,Xenia Nakamura,Buyer,DEPT-09,false,2027-01-01T13:41:20Z,\N,2027-01-04T03:30:08Z,\N,1,assert
acme:person:e000142~9a87c8b70ab8,person,acme,E000142,Hugo Pereira,Technician,DEPT-19,false,2026-11-29T03:46:02Z,\N,2027-01-05T20:07:24Z,\N,1,assert
acme:person:e002718~10435fb36380,person,acme,E002718,Samir Abbott,Technician,DEPT-24,false,2026-12-20T01:06:33Z,\N,2027-01-05T20:49:53Z,\N,1,assert
acme:person:e003994~351f5a097c4b,person,acme,E003994,Liam Thorsen,Architect,DEPT-05,false,2027-01-01T07:33:41Z,\N,2027-01-05T18:19:16Z,\N,1,assert
acme:person:e003995~ee7382d801e1,person,acme,E003995,Elena Nakamura,Buyer,CC-0007,false,2027-01-01T23:21:35Z,\N,2027-01-05T10:46:19Z,\N,1,assert
acme:person:e004004~9062074df6fd,person,acme,E004004,Carla Ueda,Manager,DEPT-02,false,2027-01-01T07:09:59Z,\N,2027-01-05T02:21:28Z,\N,1,assert
acme:person:e004081~025866f74de9,person,acme,E004081,Paola Weiss,Technician,CC-0003,false,2027-01-01T09:43:27Z,\N,2027-01-05T10:54:07Z,\N,1,assert
acme:person:e004158~1487f4265ecb,person,acme,E004158,Ursula Rasmussen,Engineer,DEPT-11,false,2027-01-01T06:39:34Z,\N,2027-01-05T17:20:08Z,\N,1,assert
acme:person:e004167~5b1f0c5c8350,person,acme,E004167,Anders Ueda,Architect,DEPT-24,false,2027-01-01T10:40:35Z,\N,2027-01-05T19:03:57Z,\N,1,assert
acme:person:e000040~a87faca467f2,person,acme,E000040,Hugo Marchetti,Architect,CC-0001,false,2027-01-03T17:12:48Z,\N,2027-01-06T12:53:30Z,\N,1,assert
acme:person:e004105~2fd10e86b1ac,person,acme,E004105,Quinn Tanaka,Manager,CC-0015,false,2027-01-01T19:13:06Z,\N,2027-01-06T13:26:11Z,\N,1,assert
acme:person:e001648~45b31074932d,person,acme,E001648,Zoltan Baptiste,Architect,DEPT-02,false,2026-11-18T21:24:43Z,\N,2027-01-06T19:06:01Z,\N,1,assert
acme:person:e002172~3292bdb506ea,person,acme,E002172,Samir Pereira,Manager,DEPT-17,false,2026-12-28T20:32:04Z,\N,2027-01-06T13:28:59Z,\N,1,assert
acme:person:e002359~43a89e341eb6,person,acme,E002359,Leila Wagner,Buyer,CC-0006,false,2026-12-03T10:52:39Z,\N,2027-01-06T02:07:01Z,\N,1,assert
acme:person:e003519~6eb544ba8e77,person,acme,E003519,Nadia Fontaine,Engineer,DEPT-02,false,2026-12-27T22:03:52Z,\N,2027-01-06T02:42:27Z,\N,1,assert
acme:person:e004063~862bdd16f03e,person,acme,E004063,Rafael Bergstrom,Analyst,CC-0012,false,2027-01-01T17:07:18Z,\N,2027-01-06T18:48:41Z,\N,1,assert
acme:person:e003196~5d36da31129e,person,acme,\N,\N,\N,\N,\N,2024-01-20T13:16:47Z,\N,2027-01-06T21:59:28Z,\N,2,retract
acme:person:e004093~35c1d56d7341,person,acme,E004093,Lucia Eberhardt,Manager,DEPT-07,false,2027-01-01T07:52:56Z,\N,2027-01-07T19:43:57Z,\N,1,assert
acme:person:e000862~ba519dcb872d,person,acme,E000862,Nadia Eberhardt,Technician,DEPT-21,false,2026-12-27T03:33:43Z,\N,2027-01-07T22:53:21Z,\N,1,assert
acme:person:e003997~cb74fa08b42e,person,acme,E003997,Samir Abbott,Analyst,DEPT-16,false,2027-01-01T05:23:58Z,\N,2027-01-07T21:15:48Z,\N,1,assert
acme:person:e004022~cf77f41ea10d,person,acme,E004022,Hugo Eberhardt,Auditor,CC-0010,false,2027-01-01T00:51:44Z,\N,2027-01-07T02:55:33Z,\N,1,assert
acme:person:e004023~1c1a37859711,person,acme,E004023,Wen Weiss,Technician,DEPT-22,false,2027-01-01T23:25:50Z,\N,2027-01-07T17:57:55Z,\N,1,assert
acme:person:e004047~ce02ac92850a,person,acme,E004047,Wen Fontaine,Buyer,CC-0015,false,2027-01-01T16:07:57Z,\N,2027-01-07T18:34:10Z,\N,1,assert
acme:person:e004067~f34798c00a74,person,acme,E004067,Xenia Gundersen,Buyer,DEPT-18,false,2027-01-01T19:51:18Z,\N,2027-01-07T13:45:41Z,\N,1,assert
acme:person:e004075~e12545ccfdda,person,acme,E004075,Sofia Kovac,Engineer,CC-0002,false,2027-01-01T17:31:51Z,\N,2027-01-07T23:35:41Z,\N,1,assert
acme:person:e004109~a46020984b2d,person,acme,E004109,Kwame Vaughan,Architect,DEPT-02,false,2027-01-01T07:18:36Z,\N,2027-01-07T15:10:30Z,\N,1,assert
acme:person:e004116~a4654ed11ca2,person,acme,E004116,Yara Jablonski,Auditor,DEPT-24,false,2027-01-01T10:00:35Z,\N,2027-01-07T16:21:06Z,\N,1,assert
acme:person:e004143~55a63f403122,person,acme,E004143,Lars Schneider,Architect,DEPT-02,false,2027-01-01T09:10:35Z,\N,2027-01-07T23:31:58Z,\N,1,assert
acme:person:e004156~3fb30f6b6cb3,person,acme,E004156,Marcus Baptiste,Technician,DEPT-10,false,2027-01-01T23:58:51Z,\N,2027-01-07T04:53:22Z,\N,1,assert
acme:person:e000270~318f061b0b84,person,acme,E000270,Anders Okonkwo,Architect,CC-0001,false,2026-11-26T03:58:38Z,\N,2027-01-08T23:11:19Z,\N,1,assert
acme:person:e000731~870d7c71ac5a,person,acme,E000731,Ibrahim Chowdhury,Buyer,DEPT-03,false,2027-01-08T06:31:16Z,\N,2027-01-08T06:31:16Z,\N,1,assert
acme:person:e002077~006708b17ec6,person,acme,E002077,Keiko Gundersen,Architect,DEPT-07,false,2026-12-19T17:42:31Z,\N,2027-01-08T02:26:16Z,\N,1,assert
acme:person:e002467~a9551572c316,person,acme,E002467,Anders Okonkwo,Technician,DEPT-06,false,2026-12-25T17:25:50Z,\N,2027-01-08T01:32:49Z,\N,1,assert
acme:person:e003281~6f11fa63ace7,person,acme,E003281,Ada Ivanova,Buyer,DEPT-11,false,2026-11-23T18:24:26Z,\N,2027-01-08T07:17:32Z,\N,1,assert
acme:person:e003893~bf0183397eac,person,acme,E003893,Fatima Schneider,Analyst,DEPT-19,false,2026-12-17T18:15:30Z,\N,2027-01-08T15:33:21Z,\N,1,assert
acme:person:e003973~53d6f2849b69,person,acme,E003973,Tomas Chowdhury,Engineer,DIV-CORP,false,2027-01-01T22:23:38Z,\N,2027-01-08T09:53:19Z,\N,1,assert
acme:person:e004036~d79001adaab1,person,acme,E004036,Quinn Eberhardt,Architect,CC-0008,false,2027-01-01T17:24:27Z,\N,2027-01-08T13:11:55Z,\N,1,assert
acme:person:e004089~b7f81e8532d5,person,acme,E004089,Zara Zhang,Architect,DEPT-15,false,2027-01-01T09:13:41Z,\N,2027-01-08T18:24:58Z,\N,1,assert
acme:person:e001581~98705b15be9f,person,acme,E001581,Alan Okonkwo,Architect,DEPT-06,false,2026-11-30T11:34:06Z,\N,2027-01-09T02:58:07Z,\N,1,assert
acme:person:e004016~d6baebf93a44,person,acme,E004016,Ada Ueda,Manager,DEPT-09,false,2027-01-01T16:14:34Z,\N,2027-01-09T20:44:42Z,\N,1,assert
acme:person:e004151~5bccb5466141,person,acme,E004151,Marcus Yilmaz,Auditor,CC-0002,false,2027-01-01T17:54:44Z,\N,2027-01-09T18:22:11Z,\N,1,assert
acme:person:e003881~6600eadd5d35,person,acme,E003881,Felix Gallagher,Architect,DEPT-08,false,2026-11-20T19:05:07Z,\N,2027-01-10T04:12:36Z,\N,1,assert
acme:person:e002527~270ebeb78426,person,acme,E002527,Samir Ivanova,Analyst,CC-0012,false,2026-11-29T05:53:04Z,\N,2027-01-10T17:31:56Z,\N,1,assert
acme:person:e004055~efc8f1345174,person,acme,E004055,Nadia Quintero,Engineer,CC-0004,false,2027-01-01T09:02:14Z,\N,2027-01-10T22:25:10Z,\N,1,assert
acme:person:e004078~1910d5797c27,person,acme,E004078,Keiko Delacroix,Analyst,CC-0011,false,2027-01-01T03:03:15Z,\N,2027-01-10T03:45:03Z,\N,1,assert
acme:person:e003248~20cd6ec05db2,person,acme,E003248,Amara Mbatha,Buyer,CC-0014,false,2026-12-03T04:36:43Z,\N,2027-01-11T10:06:42Z,\N,1,assert
acme:person:e003556~91e8109ac243,person,acme,E003556,Chidi Jablonski,Architect,CC-0011,false,2026-11-30T20:00:20Z,\N,2027-01-11T11:34:54Z,\N,1,assert
acme:person:e003690~60bf234932f9,person,acme,E003690,Xenia Delacroix,Analyst,DEPT-21,false,2026-12-19T04:11:19Z,\N,2027-01-11T06:02:00Z,\N,1,assert
acme:person:e003964~1871c4667b5f,person,acme,E003964,Elena Wagner,Technician,CC-0011,false,2027-01-01T00:31:05Z,\N,2027-01-11T12:32:59Z,\N,1,assert
acme:person:e004115~b61d587d3068,person,acme,E004115,Fatima Zhang,Architect,CC-0010,false,2027-01-01T02:29:55Z,\N,2027-01-11T20:46:44Z,\N,1,assert
acme:person:e004160~a1954e143140,person,acme,E004160,Noor Haddad,Buyer,DEPT-24,false,2027-01-01T23:02:50Z,\N,2027-01-11T14:37:43Z,\N,1,assert
acme:person:e004141~8aa4fa0c47e8,person,acme,E004141,Rafael Oyelaran,Buyer,DEPT-02,true,2027-01-01T03:59:46Z,\N,2027-01-12T09:28:34Z,\N,1,assert
acme:person:e000388~1280ed86f93b,person,acme,\N,\N,\N,\N,\N,2023-11-24T22:03:32Z,\N,2027-01-12T10:39:45Z,\N,2,retract
acme:person:e003295~f589d0cfa1f5,person,acme,E003295,Elena Gundersen,Auditor,CC-0014,false,2026-11-29T12:09:03Z,\N,2027-01-12T12:07:15Z,\N,1,assert
acme:person:e000138~f3dd283f22b1,person,acme,\N,\N,\N,\N,\N,2026-09-30T01:48:49Z,\N,2027-01-12T15:19:56Z,\N,2,retract
acme:person:e004012~793794113819,person,acme,E004012,Paola Bergstrom,Manager,DEPT-13,false,2027-01-01T11:12:14Z,\N,2027-01-12T21:14:03Z,\N,1,assert
acme:person:e004027~e22c010a6de8,person,acme,E004027,Carla Baptiste,Manager,DIV-CORP,false,2027-01-01T04:43:29Z,\N,2027-01-12T09:45:51Z,\N,1,assert
acme:person:e004025~d6639ce68085,person,acme,E004025,Zara Zhang,Technician,DEPT-04,false,2027-01-01T09:55:45Z,\N,2027-01-13T06:53:06Z,\N,1,assert
acme:person:e004058~49f3a1ea22e5,person,acme,E004058,Rafael Zhang,Technician,DEPT-15,false,2027-01-01T05:40:47Z,\N,2027-01-13T09:32:55Z,\N,1,assert
acme:person:e004080~ce1079620d62,person,acme,E004080,Sofia Jablonski,Architect,DEPT-21,false,2027-01-01T23:16:50Z,\N,2027-01-13T20:45:49Z,\N,1,assert
acme:person:e003326~9504c5d4bd5e,person,acme,\N,\N,\N,\N,\N,2024-12-30T18:22:13Z,\N,2027-01-14T06:42:12Z,\N,2,retract
acme:person:e000294~bd3705757adb,person,acme,E000294,Leila Silvestri,Analyst,CC-0006,false,2026-12-22T12:08:21Z,\N,2027-01-14T23:26:18Z,\N,1,assert
acme:person:e002593~d10bfb42de75,person,acme,E002593,Gita Oyelaran,Analyst,DEPT-12,false,2026-12-08T05:18:50Z,\N,2027-01-14T21:17:30Z,\N,1,assert
acme:person:e004119~824434efe966,person,acme,E004119,Bruno Castellanos,Auditor,DEPT-02,false,2027-01-01T02:53:57Z,\N,2027-01-14T14:57:43Z,\N,1,assert
acme:person:e004136~7d9a242c5ad4,person,acme,E004136,Alan Ueda,Engineer,CC-0002,false,2027-01-01T16:51:44Z,\N,2027-01-14T09:00:52Z,\N,1,assert
acme:person:e004145~aa5cf829a9c8,person,acme,E004145,Yara Lindqvist,Manager,DEPT-23,false,2027-01-01T07:15:27Z,\N,2027-01-14T10:43:00Z,\N,1,assert
acme:person:e001344~74aba2ed2470,person,acme,\N,\N,\N,\N,\N,2025-03-05T23:14:23Z,\N,2027-01-15T06:00:49Z,\N,2,retract
acme:person:e000766~6046058b366b,person,acme,E000766,Lucia Delacroix,Manager,CC-0015,false,2027-01-12T09:39:44Z,\N,2027-01-15T11:10:11Z,\N,1,assert
acme:person:e000829~a6d3fb80f710,person,acme,E000829,Anders Marchetti,Manager,DEPT-09,false,2026-11-28T15:55:22Z,\N,2027-01-15T20:46:37Z,\N,1,assert
acme:person:e001982~213aef7efc4b,person,acme,E001982,Vikram Baptiste,Technician,DEPT-09,false,2026-11-29T07:13:29Z,\N,2027-01-15T17:03:44Z,\N,1,assert
acme:person:e002226~056c6fd00553,person,acme,E002226,Priya Chowdhury,Technician,CC-0006,false,2026-11-21T06:27:13Z,\N,2027-01-15T21:35:22Z,\N,1,assert
acme:person:e002909~b0e773b6a49e,person,acme,E002909,Hugo Castellanos,Auditor,CC-0002,false,2026-11-27T00:52:23Z,\N,2027-01-15T17:48:28Z,\N,1,assert
acme:person:e003244~833decfc0764,person,acme,E003244,Alan Ueda,Buyer,CC-0009,false,2026-12-07T06:33:40Z,\N,2027-01-15T21:24:55Z,\N,1,assert
acme:person:e003965~e0811f837ac4,person,acme,E003965,Lucia Tanaka,Technician,CC-0004,false,2027-01-01T21:12:02Z,\N,2027-01-15T04:50:26Z,\N,1,assert
acme:person:e004090~aac7e2080bd0,person,acme,E004090,Clara Delacroix,Engineer,DEPT-07,false,2027-01-01T20:19:13Z,\N,2027-01-15T05:42:56Z,\N,1,assert
acme:person:e002965~1fd0517728ef,person,acme,E002965,Vikram Tanaka,Analyst,DEPT-20,false,2026-12-05T14:03:52Z,\N,2027-01-16T01:38:27Z,\N,1,assert
acme:person:e003321~ae522c860157,person,acme,\N,\N,\N,\N,\N,2026-09-09T16:53:09Z,\N,2027-01-16T10:50:27Z,\N,2,retract
acme:person:e003992~9cf61e48df6c,person,acme,E003992,Wen Baptiste,Buyer,DEPT-24,false,2027-01-01T12:31:25Z,\N,2027-01-16T12:02:04Z,\N,1,assert
acme:person:e004054~4254e66ab0c0,person,acme,E004054,Farid Yilmaz,Architect,DEPT-10,false,2027-01-01T10:42:34Z,\N,2027-01-16T21:43:21Z,\N,1,assert
acme:person:e004106~7fd623e22819,person,acme,E004106,Priya Ueda,Manager,CC-0006,false,2027-01-01T21:16:00Z,\N,2027-01-16T09:39:58Z,\N,1,assert
acme:person:e002144~cd029ce2186b,person,acme,E002144,Mira Ivanova,Engineer,DEPT-06,true,2026-12-02T21:10:35Z,\N,2027-01-16T22:43:04Z,\N,1,assert
acme:person:e004172~2df2af7031c6,person,acme,E004172,Ibrahim Marchetti,Analyst,CC-0001,false,2027-01-01T05:56:49Z,\N,2027-01-16T23:21:46Z,\N,1,assert
acme:person:e003966~ffa99d94e3d5,person,acme,E003966,Yara Bergstrom,Architect,DEPT-21,true,2027-01-01T12:56:59Z,\N,2027-01-17T01:25:15Z,\N,1,assert
acme:person:e002780~846bef2838bd,person,acme,E002780,Anders Santos,Manager,DEPT-01,false,2026-12-21T06:56:14Z,\N,2027-01-17T15:28:23Z,\N,1,assert
acme:person:e000333~3d67a32e230c,person,acme,E000333,Keiko Jablonski,Buyer,CC-0010,false,2026-12-27T14:13:29Z,\N,2027-01-17T23:54:16Z,\N,1,assert
acme:person:e002630~d3af917b7693,person,acme,E002630,Rafael Marchetti,Architect,CC-0013,false,2026-12-15T18:46:17Z,\N,2027-01-17T11:31:53Z,\N,1,assert
acme:person:e003991~695e20a9facc,person,acme,E003991,Mira Jablonski,Manager,DEPT-11,false,2027-01-01T14:56:18Z,\N,2027-01-17T13:11:05Z,\N,1,assert
acme:person:e004096~79b38af08b48,person,acme,E004096,Quinn Rasmussen,Auditor,CC-0001,false,2027-01-01T05:55:52Z,\N,2027-01-17T23:39:05Z,\N,1,assert
acme:person:e004120~4896226fe10e,person,acme,E004120,Keiko Marchetti,Buyer,CC-0011,false,2027-01-01T05:47:05Z,\N,2027-01-17T07:28:24Z,\N,1,assert
acme:person:e004150~19e994d051b0,person,acme,E004150,Leila Quintero,Technician,DEPT-11,false,2027-01-01T06:18:41Z,\N,2027-01-17T12:05:29Z,\N,1,assert
acme:person:e004163~d3712b5bd902,person,acme,E004163,Gita Haddad,Manager,DEPT-01,false,2027-01-01T21:20:54Z,\N,2027-01-17T20:12:34Z,\N,1,assert
acme:person:e004176~b84c6bbd3eb5,person,acme,E004176,Ingrid Delacroix,Analyst,CC-0008,false,2027-01-01T09:39:57Z,\N,2027-01-17T05:29:28Z,\N,1,assert
acme:person:e004083~83d3b40dc882,person,acme,E004083,Zara Bergstrom,Technician,DEPT-03,true,2027-01-01T23:49:39Z,\N,2027-01-18T11:55:50Z,\N,1,assert
acme:person:e000408~9de2ccb10039,person,acme,E000408,Wen Marchetti,Analyst,DEPT-03,false,2026-11-29T17:08:52Z,\N,2027-01-18T22:34:19Z,\N,1,assert
acme:person:e000622~5b37ac279352,person,acme,E000622,Zara Eberhardt,Architect,DIV-CORP,false,2026-12-10T01:29:18Z,\N,2027-01-18T06:22:02Z,\N,1,assert
acme:person:e003993~1c1f38c62318,person,acme,E003993,Jonas Chowdhury,Engineer,CC-0010,false,2027-01-01T22:11:42Z,\N,2027-01-18T18:06:57Z,\N,1,assert
acme:person:e004009~92fbcb712ca9,person,acme,E004009,Priya Tanaka,Auditor,DEPT-19,false,2027-01-01T18:31:17Z,\N,2027-01-18T18:54:57Z,\N,1,assert
acme:person:e004014~d6965312cd10,person,acme,E004014,Leila Baptiste,Auditor,CC-0001,false,2027-01-01T10:25:45Z,\N,2027-01-18T21:18:48Z,\N,1,assert
acme:person:e004061~b70cce216a78,person,acme,E004061,Vikram Schneider,Architect,CC-0008,false,2027-01-01T11:26:08Z,\N,2027-01-18T19:34:26Z,\N,1,assert
acme:person:e004069~bd3668e23a46,person,acme,E004069,Elena Kovac,Technician,DEPT-11,false,2027-01-01T04:33:12Z,\N,2027-01-18T16:55:31Z,\N,1,assert
acme:person:e004101~21726bfc174a,person,acme,E004101,Quinn Oyelaran,Technician,DEPT-23,false,2027-01-01T00:34:06Z,\N,2027-01-18T16:46:18Z,\N,1,assert
acme:person:e004169~b521375b67c1,person,acme,E004169,Gita Zhang,Technician,CC-0014,false,2027-01-01T01:02:15Z,\N,2027-01-18T04:27:26Z,\N,1,assert
acme:person:e002212~1868a6b6bb7b,person,acme,E002212,Samir Yilmaz,Manager,DEPT-12,false,2026-12-29T20:29:15Z,\N,2027-01-19T08:08:36Z,\N,1,assert
acme:person:e002541~939ed97d0205,person,acme,E002541,Marcus Novak,Analyst,DEPT-06,false,2026-12-19T17:33:19Z,\N,2027-01-19T07:04:41Z,\N,1,assert
acme:person:e002865~d1a784cf4c02,person,acme,E002865,Lucia Castellanos,Technician,DEPT-03,false,2026-12-08T16:27:45Z,\N,2027-01-19T23:29:31Z,\N,1,assert
acme:person:e003155~1ce5fb36321c,person,acme,E003155,Yara Weiss,Engineer,CC-0014,false,2026-11-29T08:23:17Z,\N,2027-01-19T14:47:21Z,\N,1,assert
acme:person:e004011~d6bc7a8d679c,person,acme,E004011,Priya Abbott,Buyer,DEPT-21,false,2027-01-01T14:19:53Z,\N,2027-01-19T23:12:23Z,\N,1,assert
acme:person:e004108~7caa83035c7e,person,acme,E004108,Keiko Rasmussen,Engineer,CC-0004,false,2027-01-01T07:57:34Z,\N,2027-01-19T16:08:42Z,\N,1,assert
acme:person:e004113~7c66803b209b,person,acme,E004113,Kwame Tanaka,Architect,DEPT-23,false,2027-01-01T19:15:57Z,\N,2027-01-19T17:22:10Z,\N,1,assert
acme:person:e004128~da8c2e525654,person,acme,E004128,Ursula Baptiste,Buyer,DEPT-20,false,2027-01-01T00:07:28Z,\N,2027-01-19T14:06:04Z,\N,1,assert
acme:person:e004164~c16b2e717fbd,person,acme,E004164,Bruno Abbott,Analyst,CC-0015,false,2027-01-01T22:10:20Z,\N,2027-01-19T07:38:03Z,\N,1,assert
acme:person:e004179~e90bac1fad51,person,acme,E004179,Alan Vaughan,Analyst,DEPT-05,false,2027-01-01T02:54:59Z,\N,2027-01-19T18:38:48Z,\N,1,assert
acme:person:e002385~090f0738f1b8,person,acme,E002385,Zoltan Yilmaz,Buyer,DEPT-02,false,2026-12-17T22:24:02Z,\N,2027-01-20T03:34:11Z,\N,1,assert
acme:person:e002939~9ee68b9efd0f,person,acme,E002939,Ada Kovac,Auditor,DEPT-13,false,2027-01-03T12:07:38Z,\N,2027-01-20T05:59:53Z,\N,1,assert
acme:person:e003978~26994978723a,person,acme,E003978,Clara Wagner,Buyer,DIV-CORP,false,2027-01-01T17:02:43Z,\N,2027-01-20T00:21:58Z,\N,1,assert
acme:person:e003300~83715716f706,person,acme,\N,\N,\N,\N,\N,2024-04-04T11:44:23Z,\N,2027-01-20T12:35:28Z,\N,2,retract
acme:person:e004013~38550fe105b7,person,acme,E004013,Leila Kaminski,Engineer,DEPT-20,false,2027-01-01T21:11:52Z,\N,2027-01-20T19:01:10Z,\N,1,assert
acme:person:e004018~5d42fe8e5e4c,person,acme,E004018,Ingrid Gallagher,Technician,CC-0014,false,2027-01-01T22:12:29Z,\N,2027-01-20T12:10:17Z,\N,1,assert
acme:person:e004149~33e7f7dbe7de,person,acme,E004149,Yara Haddad,Auditor,CC-0015,false,2027-01-01T00:26:30Z,\N,2027-01-20T04:04:57Z,\N,1,assert
acme:person:e004144~a81975b71c49,person,acme,E004144,Priya Oyelaran,Auditor,DEPT-09,false,2027-01-01T13:12:59Z,\N,2027-01-21T04:56:36Z,\N,1,assert
acme:person:e003989~6eb43e1b91b3,person,acme,E003989,Tomas Baptiste,Buyer,CC-0014,true,2027-01-01T07:27:30Z,\N,2027-01-22T04:11:59Z,\N,1,assert
acme:person:e000078~edbc50c4f071,person,acme,E000078,Ingrid Gundersen,Auditor,DEPT-19,true,2027-01-14T21:29:25Z,\N,2027-01-22T09:06:55Z,\N,1,assert
acme:person:e001151~3cf810f08d13,person,acme,E001151,Dmitri Okonkwo,Manager,DEPT-22,false,2027-01-17T16:29:07Z,\N,2027-01-22T10:00:51Z,\N,1,assert
acme:person:e002311~ceda556e35cb,person,acme,E002311,Felix Rasmussen,Architect,DEPT-11,false,2027-01-19T15:21:33Z,\N,2027-01-22T12:29:43Z,\N,1,assert
acme:person:e003967~977a79f5bdf2,person,acme,E003967,Oliver Wagner,Buyer,CC-0002,false,2027-01-01T06:08:37Z,\N,2027-01-22T15:34:04Z,\N,1,assert
acme:person:e003980~45b0804f410d,person,acme,E003980,Sofia Kaminski,Architect,CC-0008,false,2027-01-01T16:56:52Z,\N,2027-01-22T23:59:45Z,\N,1,assert
acme:person:e004031~bf41997b7068,person,acme,E004031,Ada Pereira,Manager,DEPT-17,false,2027-01-01T20:13:10Z,\N,2027-01-22T07:15:01Z,\N,1,assert
acme:person:e003962~fc3c8f549a1a,person,acme,E003962,Samir Pereira,Manager,CC-0009,false,2027-01-01T19:23:26Z,\N,2027-01-23T03:45:15Z,\N,1,assert
acme:person:e004024~3e1273c37366,person,acme,E004024,Jonas Vaughan,Architect,CC-0010,false,2027-01-01T04:00:33Z,\N,2027-01-23T15:04:52Z,\N,1,assert
acme:person:e004086~0a11b9b91a48,person,acme,E004086,Ibrahim Zhang,Engineer,DEPT-24,false,2027-01-01T00:29:01Z,\N,2027-01-23T11:23:00Z,\N,1,assert
acme:person:e002141~0de7cbad2c60,person,acme,E002141,Yara Jablonski,Technician,DEPT-03,false,2026-12-26T05:16:43Z,\N,2027-01-24T10:52:42Z,\N,1,assert
acme:person:e004095~322648c2aa9d,person,acme,E004095,Anders Lindqvist,Auditor,DEPT-18,false,2027-01-01T07:51:26Z,\N,2027-01-24T09:20:35Z,\N,1,assert
acme:person:e002264~40fa5ac65e4d,person,acme,E002264,Vikram Baptiste,Technician,DEPT-10,false,2026-12-28T06:29:22Z,\N,2027-01-25T01:59:25Z,\N,1,assert
acme:person:e003350~309312ea20db,person,acme,E003350,Leila Oyelaran,Analyst,CC-0006,false,2026-12-18T20:49:01Z,\N,2027-01-25T21:46:06Z,\N,1,assert
acme:person:e004015~0f4b00c94912,person,acme,E004015,Zoltan Silvestri,Buyer,DEPT-21,false,2027-01-01T01:28:54Z,\N,2027-01-25T17:50:47Z,\N,1,assert
acme:person:e004019~efc9caf7a9c5,person,acme,E004019,Alan Kaminski,Analyst,DEPT-11,false,2027-01-01T17:27:45Z,\N,2027-01-25T19:47:29Z,\N,1,assert
acme:person:e004079~2d2e6821bf3f,person,acme,E004079,Nadia Weiss,Buyer,DEPT-13,false,2027-01-01T05:54:06Z,\N,2027-01-25T23:32:28Z,\N,1,assert
acme:person:e004048~b8180e6b6155,person,acme,E004048,Fatima Kaminski,Manager,CC-0010,false,2027-01-01T11:09:27Z,\N,2027-01-26T14:54:53Z,\N,1,assert
acme:person:e004065~34ae1af40502,person,acme,E004065,Hugo Jablonski,Technician,DEPT-17,false,2027-01-01T06:21:39Z,\N,2027-01-26T00:12:32Z,\N,1,assert
acme:person:e004157~b8ce36cddd31,person,acme,E004157,Wen Novak,Buyer,DEPT-23,false,2027-01-01T09:44:59Z,\N,2027-01-26T08:02:13Z,\N,1,assert
acme:person:e003698~edf1e28d5924,person,acme,E003698,Anika Gundersen,Architect,DEPT-09,false,2026-12-14T17:32:34Z,\N,2027-01-27T01:42:15Z,\N,1,assert
acme:person:e001109~71f6546f6b8f,person,acme,\N,\N,\N,\N,\N,2022-08-20T07:42:59Z,\N,2027-01-27T08:21:09Z,\N,2,retract
acme:person:e000305~f4b0758f08a3,person,acme,E000305,Gita Marchetti,Technician,DEPT-18,false,2027-01-01T19:30:59Z,\N,2027-01-27T17:08:39Z,\N,1,assert
acme:person:e000573~873698ca725d,person,acme,E000573,Priya Ueda,Architect,CC-0007,false,2027-01-17T04:52:18Z,\N,2027-01-27T16:37:38Z,\N,1,assert
acme:person:e004049~d9d0fb008cb4,person,acme,E004049,Carla Santos,Engineer,DEPT-08,false,2027-01-01T15:50:12Z,\N,2027-01-27T07:46:57Z,\N,1,assert
acme:person:e004070~273d0708cdb0,person,acme,E004070,Priya Schneider,Analyst,DEPT-05,false,2027-01-01T10:40:27Z,\N,2027-01-27T20:59:16Z,\N,1,assert
acme:person:e004153~4151c63f07c9,person,acme,E004153,Leila Kaminski,Analyst,CC-0006,false,2027-01-01T05:46:26Z,\N,2027-01-27T17:35:23Z,\N,1,assert
acme:person:e004168~28e964f853e9,person,acme,E004168,Paola Marchetti,Architect,DEPT-13,false,2027-01-01T09:03:00Z,\N,2027-01-27T07:54:26Z,\N,1,assert
acme:person:e001326~d060ce7307be,person,acme,E001326,Ingrid Ueda,Manager,DEPT-06,true,2027-01-15T13:25:14Z,\N,2027-01-27T23:07:52Z,\N,1,assert
acme:person:e001753~b2449f0a3c47,person,acme,\N,\N,\N,\N,\N,2025-04-21T04:30:40Z,\N,2027-01-28T03:02:04Z,\N,2,retract
acme:person:e001566~8fa616c07863,person,acme,E001566,Vikram Abbott,Manager,CC-0011,false,2026-11-30T11:46:30Z,\N,2027-01-28T19:21:08Z,\N,1,assert
acme:person:e003192~510927a67953,person,acme,E003192,Oliver Gallagher,Analyst,CC-0013,false,2026-12-08T21:19:01Z,\N,2027-01-28T05:52:47Z,\N,1,assert
acme:person:e003263~ba5fa26009ac,person,acme,E003263,Noor Schneider,Auditor,DEPT-21,false,2027-01-16T08:09:26Z,\N,2027-01-28T18:04:22Z,\N,1,assert
acme:person:e004052~9fc92cb45157,person,acme,E004052,Gita Lindqvist,Engineer,DEPT-15,false,2027-01-01T06:10:30Z,\N,2027-01-28T04:46:03Z,\N,1,assert
acme:person:e004074~1b0cb1df4804,person,acme,E004074,Gita Delacroix,Manager,DEPT-20,false,2027-01-01T22:51:51Z,\N,2027-01-28T05:31:07Z,\N,1,assert
acme:person:e004104~4595e8b01eaf,person,acme,E004104,Anika Wagner,Buyer,CC-0011,false,2027-01-01T08:24:27Z,\N,2027-01-28T05:04:01Z,\N,1,assert
acme:person:e004127~3e74edf22ad5,person,acme,E004127,Paola Bergstrom,Analyst,DEPT-23,false,2027-01-01T07:50:41Z,\N,2027-01-28T17:34:35Z,\N,1,assert
acme:person:e004138~6d54019eb8f2,person,acme,E004138,Gita Haddad,Engineer,CC-0002,false,2027-01-01T01:55:50Z,\N,2027-01-28T05:50:41Z,\N,1,assert
acme:person:e004161~635eba349b84,person,acme,E004161,Xenia Gundersen,Manager,DEPT-22,false,2027-01-01T12:08:40Z,\N,2027-01-28T13:04:22Z,\N,1,assert
acme:person:e004177~a8e5b11a6754,person,acme,E004177,Jonas Gallagher,Architect,DEPT-11,false,2027-01-01T11:19:46Z,\N,2027-01-28T00:48:24Z,\N,1,assert
acme:person:e004044~3e2d2aab43a8,person,acme,E004044,Fatima Vaughan,Buyer,CC-0009,false,2027-01-01T13:40:37Z,\N,2027-01-29T06:45:08Z,\N,1,assert
acme:person:e002723~9b3bc95f4cb5,person,acme,E002723,Alan Quintero,Architect,DEPT-03,false,2026-12-29T02:09:49Z,\N,2027-01-29T20:05:49Z,\N,1,assert
acme:person:e003732~5dbee83f386a,person,acme,E003732,Vikram Baptiste,Analyst,CC-0010,false,2027-01-12T18:31:31Z,\N,2027-01-29T18:57:00Z,\N,1,assert
acme:person:e004038~a3ff1739f30c,person,acme,E004038,Yusuf Tanaka,Engineer,DEPT-20,false,2027-01-01T19:22:18Z,\N,2027-01-29T06:48:38Z,\N,1,assert
acme:person:e004068~131b587a7e41,person,acme,E004068,Ingrid Abbott,Architect,CC-0005,false,2027-01-01T13:33:49Z,\N,2027-01-29T09:54:08Z,\N,1,assert
acme:person:e004137~a5d362be081a,person,acme,E004137,Renata Fontaine,Buyer,CC-0002,false,2027-01-01T12:00:24Z,\N,2027-01-29T18:32:09Z,\N,1,assert
acme:person:e004147~e75283c0f427,person,acme,E004147,Farid Weiss,Engineer,DEPT-14,false,2027-01-01T12:38:20Z,\N,2027-01-29T12:03:36Z,\N,1,assert
acme:person:e004152~be0a2c9c9cb7,person,acme,E004152,Zoltan Kovac,Technician,CC-0002,false,2027-01-01T10:02:37Z,\N,2027-01-29T02:10:22Z,\N,1,assert
acme:person:e000107~0bc2291a95f5,person,acme,E000107,Yara Quintero,Manager,DEPT-05,false,2027-01-28T05:28:37Z,\N,2027-01-30T16:46:46Z,\N,1,assert
acme:person:e001377~35ea996fd394,person,acme,E001377,Noor Haddad,Technician,DEPT-19,false,2027-01-17T13:17:24Z,\N,2027-01-30T03:57:26Z,\N,1,assert
acme:person:e002001~ae163996bb77,person,acme,E002001,Nadia Delacroix,Buyer,CC-0001,false,2026-12-22T05:39:44Z,\N,2027-01-30T21:59:19Z,\N,1,assert
acme:person:e002970~143d9e396438,person,acme,E002970,Gita Vaughan,Analyst,DIV-CORP,false,2027-01-08T12:55:13Z,\N,2027-01-30T13:13:48Z,\N,1,assert
acme:person:e003216~d5085b325cea,person,acme,E003216,Chidi Pereira,Engineer,CC-0014,false,2027-01-11T04:25:09Z,\N,2027-01-30T12:39:21Z,\N,1,assert
acme:person:e004034~5ea085ad61b8,person,acme,E004034,Alan Weiss,Manager,CC-0004,false,2027-01-01T08:50:20Z,\N,2027-01-30T14:00:18Z,\N,1,assert
acme:person:e004053~b77ce3c01d2a,person,acme,E004053,Yusuf Thorsen,Manager,CC-0003,false,2027-01-01T19:50:22Z,\N,2027-01-30T19:02:35Z,\N,1,assert
acme:person:e004100~3023a678e0d5,person,acme,E004100,Mira Pereira,Buyer,DEPT-13,false,2027-01-01T11:15:57Z,\N,2027-01-30T14:03:51Z,\N,1,assert
acme:person:e000525~619b28a68452,person,acme,E000525,Priya Kovac,Technician,DEPT-15,false,2026-12-14T06:45:01Z,\N,2027-01-31T06:40:33Z,\N,1,assert
acme:person:e003417~02d851626c37,person,acme,\N,\N,\N,\N,\N,2025-01-07T01:08:22Z,\N,2027-01-31T15:44:50Z,\N,2,retract
acme:person:e000855~3693fd557f1c,person,acme,E000855,Anika Haddad,Technician,CC-0014,false,2026-12-08T05:27:45Z,\N,2027-01-31T22:03:38Z,\N,1,assert
acme:person:e001651~3e97f4602224,person,acme,E001651,Ada Thorsen,Manager,DEPT-21,false,2026-12-16T22:47:30Z,\N,2027-01-31T10:09:07Z,\N,1,assert
acme:person:e003968~332a4f45de6a,person,acme,E003968,Xenia Lindqvist,Engineer,CC-0004,false,2027-01-01T06:16:13Z,\N,2027-01-31T23:02:37Z,\N,1,assert
acme:person:e003969~05e40f118f4f,person,acme,E003969,Marcus Eberhardt,Technician,DEPT-11,false,2027-01-01T02:56:48Z,\N,2027-01-31T01:56:57Z,\N,1,assert
acme:person:e004026~ed54e24bdca9,person,acme,E004026,Kwame Pereira,Engineer,CC-0001,false,2027-01-01T01:20:17Z,\N,2027-01-31T21:31:32Z,\N,1,assert
acme:person:e004092~30dae08d3a36,person,acme,E004092,Elena Mbatha,Architect,DEPT-02,false,2027-01-01T15:50:41Z,\N,2027-01-31T11:10:58Z,\N,1,assert
acme:person:e004123~96940adab6ec,person,acme,E004123,Tomas Ivanova,Architect,CC-0013,false,2027-01-01T23:28:18Z,\N,2027-01-31T22:56:13Z,\N,1,assert
acme:person:e001024~177207178492,person,acme,E001024,Alan Weiss,Manager,DEPT-23,false,2026-12-14T05:34:04Z,\N,2027-02-01T22:23:43Z,\N,1,assert
acme:person:e003490~4f3bc0d66248,person,acme,E003490,Zoltan Ivanova,Architect,DEPT-03,false,2026-12-19T06:25:14Z,\N,2027-02-01T08:40:32Z,\N,1,assert
acme:person:e003704~0a6b2ac174f9,person,acme,E003704,Quinn Gallagher,Buyer,DEPT-02,false,2027-01-01T12:49:28Z,\N,2027-02-01T14:11:41Z,\N,1,assert
acme:person:e004051~ab370c6fcfb2,person,acme,E004051,Yara Novak,Manager,DEPT-05,false,2027-01-01T03:29:12Z,\N,2027-02-01T07:14:39Z,\N,1,assert
acme:person:e004117~393bd78fc328,person,acme,E004117,Paola Jablonski,Engineer,DEPT-11,false,2027-01-01T14:22:13Z,\N,2027-02-01T07:54:05Z,\N,1,assert
acme:person:e004146~b707fea3b056,person,acme,E004146,Quinn Kovac,Architect,CC-0012,false,2027-01-01T02:02:07Z,\N,2027-02-01T04:51:26Z,\N,1,assert
acme:person:e004173~faf0d844be39,person,acme,E004173,Carla Yilmaz,Engineer,DEPT-10,false,2027-01-01T17:46:38Z,\N,2027-02-01T12:32:49Z,\N,1,assert
acme:person:e002683~280fd0059b69,person,acme,\N,\N,\N,\N,\N,2024-07-16T12:56:47Z,\N,2027-02-01T23:40:51Z,\N,2,retract
acme:person:e000930~7b13b6da2ce8,person,acme,E000930,Wen Lindqvist,Technician,DEPT-17,false,2027-01-04T16:07:49Z,\N,2027-02-02T19:58:03Z,\N,1,assert
acme:person:e000985~d03464b72145,person,acme,E000985,Leila Delacroix,Technician,DEPT-02,false,2026-12-08T00:29:59Z,\N,2027-02-02T23:08:28Z,\N,1,assert
acme:person:e003473~a50b9849fe89,person,acme,E003473,Gita Fontaine,Engineer,DEPT-13,false,2026-12-27T00:26:08Z,\N,2027-02-02T10:11:19Z,\N,1,assert
acme:person:e003807~bc7bd00b960e,person,acme,E003807,Fatima Ivanova,Manager,DEPT-02,false,2027-01-19T09:39:00Z,\N,2027-02-02T08:56:22Z,\N,1,assert
acme:person:e003972~f54466218a88,person,acme,E003972,Xenia Zhang,Engineer,DEPT-16,false,2027-01-01T03:10:49Z,\N,2027-02-02T22:34:55Z,\N,1,assert
acme:person:e004097~7f6b915e1c9f,person,acme,E004097,Lars Schneider,Manager,DEPT-13,false,2027-01-01T09:28:55Z,\N,2027-02-02T11:26:12Z,\N,1,assert
acme:person:e004121~489561e00974,person,acme,E004121,Jonas Eberhardt,Engineer,DEPT-08,false,2027-01-01T12:43:04Z,\N,2027-02-02T14:24:54Z,\N,1,assert
acme:person:e004165~aea067935d04,person,acme,E004165,Anika Nakamura,Buyer,CC-0015,false,2027-01-01T17:46:26Z,\N,2027-02-02T15:28:55Z,\N,1,assert
acme:person:e004002~f14ef57ef1f6,person,acme,E004002,Gita Yilmaz,Manager,DEPT-04,false,2027-01-01T04:06:42Z,\N,2027-02-03T00:02:11Z,\N,1,assert
acme:person:e003821~04db08441972,person,acme,E003821,Elena Jablonski,Auditor,CC-0003,false,2027-01-29T11:33:52Z,\N,2027-02-03T17:17:48Z,\N,1,assert
acme:person:e004020~399911793f28,person,acme,E004020,Farid Haddad,Auditor,DEPT-13,false,2027-01-01T17:02:55Z,\N,2027-02-03T01:40:44Z,\N,1,assert
acme:person:e004110~8dccc6067657,person,acme,E004110,Zara Kovac,Manager,DEPT-07,false,2027-01-01T02:09:03Z,\N,2027-02-03T03:18:13Z,\N,1,assert
acme:person:e004111~7e1303359924,person,acme,E004111,Samir Jablonski,Buyer,DEPT-14,false,2027-01-01T09:39:49Z,\N,2027-02-03T10:45:45Z,\N,1,assert
acme:person:e004139~5a912dece479,person,acme,E004139,Oliver Nakamura,Technician,CC-0007,false,2027-01-01T21:52:50Z,\N,2027-02-03T13:46:41Z,\N,1,assert
acme:person:e004148~500c1b200b91,person,acme,E004148,Jonas Santos,Buyer,CC-0010,false,2027-01-01T03:07:52Z,\N,2027-02-04T09:02:51Z,\N,1,assert
acme:person:e004029~2b05fbd57f15,person,acme,E004029,Liam Tanaka,Auditor,DEPT-11,false,2027-01-01T17:54:39Z,\N,2027-02-04T16:50:53Z,\N,1,assert
acme:person:e003304~7db28b66fe8a,person,acme,\N,\N,\N,\N,\N,2026-03-10T22:38:19Z,\N,2027-02-04T17:45:11Z,\N,2,retract
acme:person:e004178~fc4dfb8fde4a,person,acme,E004178,Noor Thorsen,Auditor,CC-0013,false,2027-01-01T07:35:36Z,\N,2027-02-04T22:26:28Z,\N,1,assert
acme:person:e003848~f5810cba21b4,person,acme,\N,\N,\N,\N,\N,2025-08-18T06:29:05Z,\N,2027-02-05T02:17:09Z,\N,2,retract
acme:person:e003856~df1961c247d4,person,acme,\N,\N,\N,\N,\N,2023-09-11T14:05:41Z,\N,2027-02-05T08:34:08Z,\N,2,retract
acme:person:e000182~0750197f1dc3,person,acme,\N,\N,\N,\N,\N,2023-12-31T17:13:56Z,\N,2027-02-05T11:34:28Z,\N,2,retract
acme:person:e002584~def88adf72b7,person,acme,E002584,Clara Ivanova,Engineer,DEPT-24,false,2027-01-09T11:32:58Z,\N,2027-02-05T19:25:39Z,\N,1,assert
acme:person:e003049~6acd392d852d,person,acme,E003049,Paola Haddad,Manager,DEPT-15,false,2027-01-06T02:24:59Z,\N,2027-02-05T17:48:09Z,\N,1,assert
acme:person:e004035~d521c66dde34,person,acme,E004035,Marcus Yilmaz,Manager,CC-0014,false,2027-01-01T11:31:47Z,\N,2027-02-05T11:01:01Z,\N,1,assert
acme:person:e004059~3be1eec22158,person,acme,E004059,Nadia Fontaine,Auditor,CC-0012,false,2027-01-01T11:16:24Z,\N,2027-02-05T20:36:52Z,\N,1,assert
acme:person:e002161~14179e3a1afb,person,acme,\N,\N,\N,\N,\N,2025-08-22T14:35:47Z,\N,2027-02-06T13:03:17Z,\N,2,retract
acme:person:e003536~47f48750eab8,person,acme,E003536,Keiko Eberhardt,Auditor,DEPT-13,false,2027-01-24T19:28:51Z,\N,2027-02-06T22:03:33Z,\N,1,assert
acme:person:e004007~aab422bb00e5,person,acme,E004007,Lars Fontaine,Architect,CC-0011,false,2027-01-01T00:45:52Z,\N,2027-02-06T19:16:56Z,\N,1,assert
acme:person:e004060~679f40a53c34,person,acme,E004060,Lucia Abbott,Architect,DEPT-13,false,2027-01-01T23:30:01Z,\N,2027-02-06T09:52:47Z,\N,1,assert
acme:person:e004082~7518c27b1572,person,acme,E004082,Samir Novak,Buyer,DEPT-09,false,2027-01-01T09:25:59Z,\N,2027-02-06T09:08:00Z,\N,1,assert
acme:person:e004159~8b0343b30042,person,acme,E004159,Paola Eberhardt,Engineer,CC-0011,false,2027-01-01T09:51:32Z,\N,2027-02-06T19:56:51Z,\N,1,assert
acme:person:e000990~2374918ef9d6,person,acme,E000990,Rafael Vaughan,Buyer,DEPT-05,false,2027-01-12T23:59:56Z,\N,2027-02-07T09:19:28Z,\N,1,assert
acme:person:e003970~4adc07d956a8,person,acme,E003970,Fatima Bergstrom,Buyer,DEPT-17,false,2027-01-01T19:04:10Z,\N,2027-02-07T23:24:56Z,\N,1,assert
acme:person:e004118~767bc564e88e,person,acme,E004118,Rafael Castellanos,Analyst,DEPT-03,false,2027-01-01T10:55:09Z,\N,2027-02-07T13:47:45Z,\N,1,assert
acme:person:e001068~4cf2e3390d68,person,acme,E001068,Gita Baptiste,Analyst,DEPT-24,false,2027-01-29T09:31:12Z,\N,2027-02-08T03:04:04Z,\N,1,assert
acme:person:e003983~040a72ab8c9c,person,acme,E003983,Ada Lindqvist,Auditor,CC-0001,false,2027-01-01T10:12:11Z,\N,2027-02-08T05:38:27Z,\N,1,assert
acme:person:e003986~98116eed3b38,person,acme,E003986,Carla Ivanova,Technician,DEPT-06,false,2027-01-01T07:35:16Z,\N,2027-02-08T19:10:52Z,\N,1,assert
acme:person:e003996~d4446fae4410,person,acme,E003996,Liam Bergstrom,Architect,DEPT-17,false,2027-01-01T02:29:04Z,\N,2027-02-08T09:23:18Z,\N,1,assert
acme:person:e000088~72cb278a07a9,person,acme,E000088,Kwame Lindqvist,Buyer,DEPT-16,false,2027-01-10T20:00:03Z,\N,2027-02-09T15:56:36Z,\N,1,assert
acme:person:e001975~04169cb1e8d2,person,acme,E001975,Ursula Schneider,Architect,DEPT-11,false,2027-01-18T16:22:29Z,\N,2027-02-09T19:40:18Z,\N,1,assert
acme:person:e002734~628b081420da,person,acme,E002734,Ursula Haddad,Buyer,DEPT-23,false,2027-01-31T13:37:30Z,\N,2027-02-09T00:26:03Z,\N,1,assert
acme:person:e003984~30c674e657e0,person,acme,E003984,Ibrahim Weiss,Auditor,CC-0006,false,2027-01-01T08:13:43Z,\N,2027-02-09T05:35:19Z,\N,1,assert
acme:person:e003988~0aac53cbbda4,person,acme,E003988,Quinn Okonkwo,Engineer,DEPT-11,false,2027-01-01T12:12:53Z,\N,2027-02-09T01:42:27Z,\N,1,assert
acme:person:e004033~668eac49124c,person,acme,E004033,Sofia Haddad,Architect,CC-0005,false,2027-01-01T04:30:03Z,\N,2027-02-09T18:12:23Z,\N,1,assert
acme:person:e004057~dac14e3bdd0b,person,acme,E004057,Clara Haddad,Manager,CC-0002,false,2027-01-01T18:46:37Z,\N,2027-02-09T17:34:55Z,\N,1,assert
acme:person:e003501~d3dd653a3053,person,acme,E003501,Nadia Marchetti,Architect,DEPT-18,false,2027-02-10T03:14:58Z,\N,2027-02-10T03:14:58Z,\N,1,assert
acme:person:e004091~a63e08a8b879,person,acme,E004091,Yara Weiss,Auditor,DEPT-23,false,2027-01-01T12:43:55Z,\N,2027-02-10T02:32:55Z,\N,1,assert
acme:person:e000662~51a58d04b9ab,person,acme,\N,\N,\N,\N,\N,2025-08-28T23:10:07Z,\N,2027-02-10T08:29:41Z,\N,2,retract
acme:person:e002518~e6b8fea27755,person,acme,E002518,Zara Gallagher,Engineer,CC-0007,true,2026-12-17T01:46:17Z,\N,2027-02-10T17:22:57Z,\N,1,assert
acme:person:e004114~e602cf2e9c14,person,acme,E004114,Noor Ueda,Technician,CC-0004,false,2027-01-01T03:16:39Z,\N,2027-02-10T21:49:14Z,\N,1,assert
acme:person:e004142~26818f28a850,person,acme,E004142,Xenia Marchetti,Engineer,CC-0015,false,2027-01-01T04:16:16Z,\N,2027-02-10T03:15:34Z,\N,1,assert
acme:person:e004181~5cc2aaa4a636,person,acme,E004181,Anika Jablonski,Technician,CC-0003,false,2027-02-06T04:17:43Z,\N,2027-02-10T12:04:52Z,\N,1,assert
acme:person:e004184~977ea5f851f2,person,acme,E004184,Samir Nakamura,Technician,CC-0006,false,2027-02-09T16:31:02Z,\N,2027-02-10T18:32:57Z,\N,1,assert
acme:person:e000523~2cf18e5c4640,person,acme,E000523,Leila Wagner,Auditor,CC-0003,false,2027-02-04T14:57:50Z,\N,2027-02-11T07:57:42Z,\N,1,assert
acme:person:e000989~6dee68141b7b,person,acme,E000989,Nadia Bergstrom,Manager,CC-0008,false,2027-01-17T05:23:52Z,\N,2027-02-11T15:15:37Z,\N,1,assert
acme:person:e000993~029f43108d8f,person,acme,E000993,Chidi Castellanos,Engineer,DEPT-09,false,2027-01-23T19:40:30Z,\N,2027-02-11T21:23:16Z,\N,1,assert
acme:person:e004098~3d04f7506367,person,acme,E004098,Ingrid Ueda,Analyst,DEPT-06,false,2027-01-01T03:59:41Z,\N,2027-02-11T19:07:59Z,\N,1,assert
acme:person:e004032~8562d67b2e19,person,acme,E004032,Yusuf Fontaine,Auditor,DEPT-11,true,2027-01-01T15:34:15Z,\N,2027-02-11T22:52:02Z,\N,1,assert
acme:person:e001705~8a9cc5c81ccd,person,acme,E001705,Bruno Lindqvist,Architect,DEPT-21,false,2027-01-27T07:33:33Z,\N,2027-02-12T16:19:51Z,\N,1,assert
acme:person:e001740~655d5df09416,person,acme,E001740,Ursula Ueda,Manager,DEPT-11,false,2027-02-10T15:12:35Z,\N,2027-02-12T21:06:14Z,\N,1,assert
acme:person:e003243~50e450b8174a,person,acme,E003243,Alan Kovac,Architect,DEPT-20,false,2027-02-09T17:53:13Z,\N,2027-02-12T13:05:42Z,\N,1,assert
acme:person:e004085~83c60200b14b,person,acme,E004085,Lucia Fontaine,Auditor,DEPT-03,false,2027-01-01T15:46:43Z,\N,2027-02-12T12:16:33Z,\N,1,assert
acme:person:e004094~0db5f5236542,person,acme,E004094,Anika Okonkwo,Engineer,CC-0015,false,2027-01-01T01:12:23Z,\N,2027-02-12T04:21:45Z,\N,1,assert
acme:person:e004010~8a5f6b4efb1a,person,acme,E004010,Anika Wagner,Auditor,DEPT-07,true,2027-01-01T17:56:49Z,\N,2027-02-13T02:29:01Z,\N,1,assert
acme:person:e002030~7bcc157830bc,person,acme,E002030,Mira Lindqvist,Manager,DEPT-04,true,2026-12-30T09:06:11Z,\N,2027-02-13T06:09:11Z,\N,1,assert
acme:person:e000947~e891de2954fd,person,acme,E000947,Renata Gallagher,Buyer,DEPT-17,false,2026-12-19T07:09:42Z,\N,2027-02-13T12:12:06Z,\N,1,assert
acme:person:e003120~1adf2c23f277,person,acme,E003120,Chidi Lindqvist,Engineer,CC-0015,false,2026-12-24T23:27:06Z,\N,2027-02-13T07:26:34Z,\N,1,assert
acme:person:e003894~6d6ec37792db,person,acme,E003894,Wen Tanaka,Architect,DEPT-07,false,2027-01-26T02:42:04Z,\N,2027-02-13T14:11:20Z,\N,1,assert
acme:person:e003831~4ba4ea7e1423,person,acme,E003831,Fatima Ueda,Manager,CC-0001,true,2027-01-10T07:21:47Z,\N,2027-02-13T19:39:19Z,\N,1,assert
acme:person:e003963~1d3d2a191087,person,acme,E003963,Sofia Thorsen,Technician,DEPT-04,false,2027-01-01T11:42:18Z,\N,2027-02-13T20:01:17Z,\N,1,assert
acme:person:e004008~964ba6a6543c,person,acme,E004008,Noor Kaminski,Buyer,DEPT-17,false,2027-01-01T17:04:10Z,\N,2027-02-13T23:05:31Z,\N,1,assert
acme:person:e004132~8525748b8976,person,acme,E004132,Tomas Eberhardt,Buyer,CC-0012,false,2027-01-01T14:21:51Z,\N,2027-02-13T03:40:59Z,\N,1,assert
acme:person:e000905~13334d4b7c2e,person,acme,E000905,Noor Chowdhury,Technician,DEPT-01,false,2027-02-07T12:05:03Z,\N,2027-02-14T01:09:16Z,\N,1,assert
acme:person:e000242~3f9be95ff9b4,person,acme,\N,\N,\N,\N,\N,2025-11-25T07:58:45Z,\N,2027-02-14T08:25:14Z,\N,2,retract
acme:person:e002269~957fa110ea4f,person,acme,E002269,Jonas Novak,Buyer,DEPT-09,false,2027-01-29T21:02:48Z,\N,2027-02-14T21:52:17Z,\N,1,assert
acme:person:e003353~7d784b7ffae9,person,acme,E003353,Anika Weiss,Analyst,CC-0008,false,2027-01-09T05:11:30Z,\N,2027-02-14T06:09:19Z,\N,1,assert
acme:person:e003413~246153e7e0d4,person,acme,E003413,Jonas Mbatha,Architect,CC-0006,false,2026-12-24T00:41:22Z,\N,2027-02-14T20:58:04Z,\N,1,assert
acme:person:e003971~e2fc864616d4,person,acme,E003971,Anika Gundersen,Engineer,DEPT-12,false,2027-01-01T01:00:44Z,\N,2027-02-14T07:50:09Z,\N,1,assert
acme:person:e004037~0a30b43bd582,person,acme,E004037,Jonas Baptiste,Architect,DEPT-10,false,2027-01-01T04:21:09Z,\N,2027-02-14T00:36:49Z,\N,1,assert
acme:person:e004045~f40956f8ee9b,person,acme,E004045,Gita Zhang,Engineer,DIV-CORP,false,2027-01-01T07:00:04Z,\N,2027-02-14T15:00:26Z,\N,1,assert
acme:person:e004046~2cabe318afeb,person,acme,E004046,Ada Eberhardt,Buyer,CC-0002,false,2027-01-01T02:38:35Z,\N,2027-02-14T11:59:34Z,\N,1,assert
acme:person:e004122~9bc370472267,person,acme,E004122,Ada Weiss,Analyst,DEPT-22,false,2027-01-01T19:12:29Z,\N,2027-02-14T15:38:24Z,\N,1,assert
acme:person:e002196~d10ca153b210,person,acme,E002196,Ibrahim Kovac,Technician,CC-0004,false,2027-01-27T08:37:36Z,\N,2027-02-15T03:47:34Z,\N,1,assert
acme:person:e002532~80de19eb7047,person,acme,E002532,Zoltan Vaughan,Buyer,DIV-CORP,false,2027-01-21T15:58:38Z,\N,2027-02-15T08:40:27Z,\N,1,assert
acme:person:e004030~39ad72714a3f,person,acme,E004030,Anders Kaminski,Architect,DEPT-11,false,2027-01-01T20:18:29Z,\N,2027-02-15T16:32:13Z,\N,1,assert
acme:person:e004131~8f559cb09dd7,person,acme,E004131,Dmitri Mbatha,Buyer,DEPT-03,false,2027-01-01T05:14:25Z,\N,2027-02-15T08:20:35Z,\N,1,assert
acme:person:e002931~914ff68d8721,person,acme,E002931,Dmitri Kaminski,Manager,CC-0001,false,2027-01-04T17:03:31Z,\N,2027-02-16T19:12:44Z,\N,1,assert
acme:person:e003976~fbb6ad0e10f5,person,acme,E003976,Kwame Fontaine,Auditor,DEPT-02,false,2027-01-01T03:40:28Z,\N,2027-02-16T15:25:22Z,\N,1,assert
acme:person:e003999~669e160fbc01,person,acme,E003999,Dmitri Yilmaz,Engineer,CC-0001,false,2027-01-01T01:06:47Z,\N,2027-02-16T14:37:29Z,\N,1,assert
acme:person:e004001~027ee1a2e899,person,acme,E004001,Keiko Ivanova,Manager,CC-0009,false,2027-01-01T04:03:13Z,\N,2027-02-16T19:56:23Z,\N,1,assert
acme:person:e004040~1f1b9602653f,person,acme,E004040,Gita Chowdhury,Technician,DEPT-10,false,2027-01-01T14:18:10Z,\N,2027-02-16T14:00:00Z,\N,1,assert
acme:person:e004130~53e7155fc710,person,acme,E004130,Clara Vaughan,Analyst,CC-0014,false,2027-01-01T12:24:32Z,\N,2027-02-16T08:37:50Z,\N,1,assert
acme:person:e002716~d85187d1d662,person,acme,E002716,Liam Santos,Manager,DEPT-04,false,2026-12-28T20:53:33Z,\N,2027-02-16T20:44:27Z,\N,1,assert
acme:person:e004155~9e6cb23ad60a,person,acme,E004155,Vikram Gallagher,Architect,CC-0012,false,2027-01-01T16:15:01Z,\N,2027-02-16T20:51:51Z,\N,1,assert
acme:person:e001878~f6f950b7992b,person,acme,E001878,Noor Kaminski,Auditor,DEPT-21,false,2027-02-02T09:05:48Z,\N,2027-02-17T01:13:05Z,\N,1,assert
acme:person:e004017~f90e5784e4cc,person,acme,E004017,Zara Abbott,Architect,DEPT-11,false,2027-01-01T04:19:01Z,\N,2027-02-17T11:02:15Z,\N,1,assert
acme:person:e002886~fd3250b9bad7,person,acme,E002886,Leila Lindqvist,Engineer,CC-0011,false,2027-01-02T10:28:43Z,\N,2027-02-17T20:43:42Z,\N,1,assert
acme:person:e003179~8cf184d7a732,person,acme,E003179,Keiko Silvestri,Analyst,CC-0006,false,2027-02-06T20:14:57Z,\N,2027-02-17T17:50:31Z,\N,1,assert
acme:person:e003784~b9ae021d0ae4,person,acme,E003784,Paola Mbatha,Architect,DEPT-24,false,2026-12-31T04:39:38Z,\N,2027-02-17T09:32:38Z,\N,1,assert
acme:person:e003786~98c49a0829fe,person,acme,E003786,Ada Ueda,Manager,CC-0006,false,2026-12-21T23:28:08Z,\N,2027-02-17T01:01:37Z,\N,1,assert
acme:person:e004000~ebf2c928999a,person,acme,E004000,Felix Thorsen,Manager,CC-0013,false,2027-01-01T09:38:13Z,\N,2027-02-17T07:28:18Z,\N,1,assert
acme:person:e004043~966176360c46,person,acme,E004043,Noor Ueda,Architect,DEPT-18,false,2027-01-01T01:43:17Z,\N,2027-02-17T12:25:34Z,\N,1,assert
acme:person:e001602~ae94cb2637d9,person,acme,\N,\N,\N,\N,\N,2028-08-17T11:23:09Z,\N,2027-02-17T21:51:34Z,\N,2,retract
acme:person:e003961~427f5ac76b8d,person,acme,E003961,Noor Jablonski,Manager,DEPT-10,false,2027-01-01T13:20:13Z,\N,2027-02-18T23:21:20Z,\N,1,assert
acme:person:e004073~0eb8c7753a01,person,acme,E004073,Noor Marchetti,Engineer,DEPT-03,false,2027-01-01T12:42:01Z,\N,2027-02-18T23:51:12Z,\N,1,assert
acme:person:e004166~2bb36f59bd1d,person,acme,E004166,Elena Marchetti,Manager,DEPT-01,false,2027-01-01T17:36:33Z,\N,2027-02-18T08:30:17Z,\N,1,assert
acme:person:e004171~1dc2d2e07f0d,person,acme,E004171,Quinn Weiss,Analyst,DEPT-15,false,2027-01-01T01:59:35Z,\N,2027-02-18T01:44:20Z,\N,1,assert
acme:person:e000601~0812f9b6b608,person,acme,\N,\N,\N,\N,\N,2028-08-11T13:50:38Z,\N,2027-02-19T02:34:17Z,\N,2,retract
acme:person:e000975~d65ab73b0f52,person,acme,E000975,Yara Santos,Architect,DEPT-09,false,2027-02-14T21:31:34Z,\N,2027-02-19T07:43:51Z,\N,1,assert
acme:person:e001283~76aa8d6eebec,person,acme,E001283,Noor Ivanova,Engineer,DEPT-24,false,2027-02-04T16:20:55Z,\N,2027-02-19T15:21:28Z,\N,1,assert
acme:person:e001922~edb4951d26ed,person,acme,E001922,Sofia Tanaka,Manager,DEPT-07,false,2027-01-18T00:38:21Z,\N,2027-02-19T13:51:49Z,\N,1,assert
acme:person:e000777~c0210b59ddc8,person,acme,\N,\N,\N,\N,\N,2027-12-25T06:48:39Z,\N,2027-02-19T17:27:12Z,\N,2,retract
acme:person:e002840~67aaa16b1bdd,person,acme,E002840,Chidi Vaughan,Buyer,CC-0008,false,2027-01-20T04:52:43Z,\N,2027-02-19T19:21:40Z,\N,1,assert
acme:person:e003538~5529a5235364,person,acme,E003538,Ada Eberhardt,Technician,CC-0005,false,2026-12-25T03:29:09Z,\N,2027-02-19T15:56:35Z,\N,1,assert
acme:person:e003998~3ee411aca71e,person,acme,E003998,Paola Silvestri,Auditor,CC-0009,false,2027-01-01T13:58:43Z,\N,2027-02-19T06:44:10Z,\N,1,assert
acme:person:e004056~b587d80a00e6,person,acme,E004056,Fatima Okonkwo,Manager,DEPT-01,false,2027-01-01T23:13:45Z,\N,2027-02-19T02:27:07Z,\N,1,assert
acme:person:e004126~16364df04a1b,person,acme,E004126,Clara Gallagher,Architect,DEPT-21,false,2027-01-01T03:56:16Z,\N,2027-02-19T04:36:19Z,\N,1,assert
acme:person:e004182~81e52d7d79b7,person,acme,E004182,Rafael Jablonski,Analyst,DEPT-12,false,2027-02-07T14:49:06Z,\N,2027-02-19T23:15:09Z,\N,1,assert
acme:person:e001076~c84f5cfea813,person,acme,E001076,Clara Mbatha,Engineer,DEPT-18,false,2027-02-11T14:40:23Z,\N,2027-02-20T02:02:48Z,\N,1,assert
acme:person:e004154~c5778a301d0c,person,acme,E004154,Yara Eberhardt,Analyst,DEPT-17,false,2027-01-01T16:17:14Z,\N,2027-02-20T15:30:17Z,\N,1,assert
acme:person:e004185~6f6cf1c6d983,person,acme,E004185,Amara Fontaine,Engineer,DEPT-24,false,2027-02-10T00:27:02Z,\N,2027-02-20T07:19:54Z,\N,1,assert
acme:person:e000870~38d2a2d5bbe1,person,acme,E000870,Ingrid Kaminski,Architect,DIV-CORP,false,2027-01-26T09:59:31Z,\N,2027-02-21T07:46:07Z,\N,1,assert
acme:person:e002816~2c5123d8c286,person,acme,E002816,Elena Gundersen,Auditor,DEPT-07,false,2027-02-11T07:50:10Z,\N,2027-02-21T13:49:02Z,\N,1,assert
acme:person:e004003~a8b3392865c3,person,acme,E004003,Keiko Ivanova,Architect,DEPT-16,false,2027-01-01T17:46:37Z,\N,2027-02-21T01:42:16Z,\N,1,assert
acme:person:e004088~98c1081561df,person,acme,E004088,Ibrahim Yilmaz,Architect,DEPT-18,false,2027-01-01T12:37:19Z,\N,2027-02-21T12:00:19Z,\N,1,assert
acme:person:e004112~cafb183efb0b,person,acme,E004112,Quinn Eberhardt,Auditor,DEPT-06,false,2027-01-01T13:45:40Z,\N,2027-02-21T16:09:31Z,\N,1,assert
acme:person:e004174~159f7c67dde2,person,acme,E004174,Rafael Yilmaz,Engineer,DEPT-02,false,2027-01-01T14:44:15Z,\N,2027-02-21T13:10:19Z,\N,1,assert
acme:person:e004186~cce63b723153,person,acme,E004186,Lucia Fontaine,Buyer,DEPT-01,false,2027-02-11T18:53:48Z,\N,2027-02-21T09:24:35Z,\N,1,assert
acme:person:e004189~00f28da675dc,person,acme,E004189,Hugo Baptiste,Engineer,CC-0014,false,2027-02-14T21:31:19Z,\N,2027-02-21T13:33:17Z,\N,1,assert
acme:person:e001426~d3a4e926a4f6,person,acme,\N,\N,\N,\N,\N,2024-02-22T13:55:26Z,\N,2027-02-22T08:26:30Z,\N,2,retract
acme:person:e002828~bf63e12bb797,person,acme,E002828,Keiko Delacroix,Buyer,DEPT-09,false,2027-02-01T19:10:21Z,\N,2027-02-22T14:03:18Z,\N,1,assert
acme:person:e002949~e611a35ab260,person,acme,E002949,Lucia Chowdhury,Technician,DEPT-06,false,2027-02-04T23:10:30Z,\N,2027-02-22T02:05:28Z,\N,1,assert
acme:person:e003123~87cd86ba6603,person,acme,E003123,Bruno Thorsen,Manager,DEPT-07,false,2026-12-27T16:14:24Z,\N,2027-02-22T05:48:59Z,\N,1,assert
acme:person:e004041~5679e55e1b3c,person,acme,E004041,Liam Castellanos,Analyst,DEPT-19,false,2027-01-01T18:20:26Z,\N,2027-02-22T01:26:23Z,\N,1,assert
acme:person:e004107~021690d3e0df,person,acme,E004107,Zara Kovac,Architect,DEPT-13,false,2027-01-01T13:37:21Z,\N,2027-02-22T07:22:11Z,\N,1,assert
acme:person:e000569~d5d0c7da450c,person,acme,\N,\N,\N,\N,\N,2028-07-23T12:36:18Z,\N,2027-02-22T18:42:59Z,\N,2,retract
acme:person:e001120~7566319790a8,person,acme,E001120,Marcus Jablonski,Analyst,DEPT-07,false,2027-01-12T02:36:24Z,\N,2027-02-23T08:15:48Z,\N,1,assert
acme:person:e002078~26f182b5a2d7,person,acme,E002078,Mira Novak,Architect,CC-0011,false,2027-02-17T07:05:38Z,\N,2027-02-23T20:54:40Z,\N,1,assert
acme:person:e003975~39ec243c98df,person,acme,E003975,Farid Nakamura,Architect,DEPT-14,false,2027-01-01T05:51:14Z,\N,2027-02-23T22:05:36Z,\N,1,assert
acme:person:e004133~a3b1fc953e9e,person,acme,E004133,Dmitri Quintero,Manager,CC-0008,false,2027-01-01T12:04:44Z,\N,2027-02-23T09:04:55Z,\N,1,assert
acme:person:e004175~05c29fa0798b,person,acme,E004175,Noor Thorsen,Technician,DEPT-10,false,2027-01-01T23:02:50Z,\N,2027-02-23T22:43:50Z,\N,1,assert
acme:person:e001422~0aa62517ed47,person,acme,E001422,Clara Kaminski,Architect,DEPT-02,false,2027-01-22T04:26:58Z,\N,2027-02-24T13:37:13Z,\N,1,assert
acme:person:e000913~f8f54c13ace9,person,acme,E000913,Hugo Gundersen,Engineer,CC-0010,true,2027-02-23T09:39:00Z,\N,2027-02-24T16:09:28Z,\N,1,assert
acme:person:e004005~b8c6ae65d1c9,person,acme,E004005,Kwame Fontaine,Engineer,CC-0001,false,2027-01-01T20:26:54Z,\N,2027-02-24T20:39:55Z,\N,1,assert
acme:person:e004072~1e56d9232cce,person,acme,E004072,Dmitri Ivanova,Buyer,CC-0004,false,2027-01-01T16:50:59Z,\N,2027-02-24T04:19:16Z,\N,1,assert
acme:person:e004077~1f9263e846c8,person,acme,E004077,Keiko Ivanova,Auditor,CC-0004,false,2027-01-01T10:49:49Z,\N,2027-02-24T14:08:32Z,\N,1,assert
acme:person:e004183~70b3c2a1fce6,person,acme,E004183,Xenia Quintero,Analyst,CC-0006,false,2027-02-08T23:07:32Z,\N,2027-02-24T15:15:51Z,\N,1,assert
acme:person:e003977~f45fbcbbfb49,person,acme,E003977,Carla Novak,Analyst,DEPT-16,true,2027-01-01T14:36:04Z,\N,2027-02-25T07:07:48Z,\N,1,assert
acme:person:e002142~e017cefe7230,person,acme,E002142,Felix Silvestri,Manager,CC-0013,false,2027-01-12T05:43:54Z,\N,2027-02-25T21:28:01Z,\N,1,assert
acme:person:e004050~ceb3931b0f35,person,acme,E004050,Paola Silvestri,Architect,CC-0015,false,2027-01-01T10:20:05Z,\N,2027-02-25T05:05:21Z,\N,1,assert
acme:person:e004062~689ae8abc3c0,person,acme,E004062,Wen Wagner,Analyst,CC-0009,false,2027-01-01T11:38:33Z,\N,2027-02-25T10:42:10Z,\N,1,assert
acme:person:e004125~1d3090ef405a,person,acme,E004125,Keiko Pereira,Architect,CC-0009,false,2027-01-01T09:19:03Z,\N,2027-02-25T19:59:22Z,\N,1,assert
acme:person:e001569~8f361976fbee,person,acme,\N,\N,\N,\N,\N,2024-07-15T01:02:37Z,\N,2027-02-26T01:08:02Z,\N,2,retract
acme:person:e002658~88aae58a929c,person,acme,E002658,Yusuf Oyelaran,Engineer,DEPT-04,false,2027-01-21T02:05:28Z,\N,2027-02-26T13:51:05Z,\N,1,assert
acme:person:e003156~ba9917070f03,person,acme,E003156,Fatima Baptiste,Buyer,DEPT-05,false,2027-02-01T17:47:11Z,\N,2027-02-26T16:01:32Z,\N,1,assert
acme:person:e002524~7c472c7008d8,person,acme,E002524,Sofia Santos,Engineer,CC-0009,false,2027-02-04T15:44:32Z,\N,2027-02-27T12:43:57Z,\N,1,assert
acme:person:e003979~34e2cfaed6f8,person,acme,E003979,Elena Schneider,Buyer,DIV-CORP,false,2027-01-01T01:15:28Z,\N,2027-02-27T03:59:19Z,\N,1,assert
acme:person:e003981~991b3f97acac,person,acme,E003981,Alan Schneider,Manager,DEPT-08,false,2027-01-01T14:55:37Z,\N,2027-02-27T14:16:52Z,\N,1,assert
acme:person:e003990~e3964e51ab36,person,acme,E003990,Keiko Ivanova,Buyer,CC-0001,false,2027-01-01T00:47:07Z,\N,2027-02-27T08:38:19Z,\N,1,assert
acme:person:e004006~31f6adf8c586,person,acme,E004006,Renata Mbatha,Architect,DEPT-11,false,2027-01-01T00:16:22Z,\N,2027-02-27T03:11:36Z,\N,1,assert
acme:person:e004028~aeddd9562079,person,acme,E004028,Wen Gundersen,Engineer,CC-0003,false,2027-01-01T13:27:21Z,\N,2027-02-27T08:47:53Z,\N,1,assert
acme:person:e004042~97be1a40f9ba,person,acme,E004042,Tomas Abbott,Architect,DEPT-13,false,2027-01-01T06:58:07Z,\N,2027-02-27T13:43:38Z,\N,1,assert
acme:person:e004064~fbdd92276480,person,acme,E004064,Leila Eberhardt,Buyer,CC-0012,false,2027-01-01T18:55:28Z,\N,2027-02-27T19:27:12Z,\N,1,assert
acme:person:e004194~3d3ef55f526c,person,acme,E004194,Xenia Kovac,Engineer,DEPT-18,false,2027-02-19T12:12:45Z,\N,2027-02-27T07:43:14Z,\N,1,assert
acme:person:e002890~50eaac57a1bf,person,acme,\N,\N,\N,\N,\N,2024-06-22T05:33:47Z,\N,2027-02-27T23:34:58Z,\N,2,retract
acme:person:e002990~303fa4d426b2,person,acme,E002990,Fatima Castellanos,Architect,DEPT-20,false,2027-02-04T16:44:26Z,\N,2027-02-28T19:06:56Z,\N,1,assert
acme:person:e003218~71833265471a,person,acme,E003218,Anders Ivanova,Auditor,DEPT-09,false,2027-01-20T03:05:46Z,\N,2027-02-28T12:19:27Z,\N,1,assert
acme:person:e003652~edaaa33db88f,person,acme,E003652,Chidi Santos,Engineer,CC-0015,false,2027-01-01T07:47:07Z,\N,2027-02-28T11:27:36Z,\N,1,assert
acme:person:e002120~1750d3b12039,person,acme,E002120,Chidi Quintero,Manager,DEPT-15,false,2027-01-25T12:48:04Z,\N,2027-03-01T10:42:17Z,\N,1,assert
acme:person:e004103~ee8adbd7aae6,person,acme,E004103,Nadia Novak,Engineer,DEPT-24,false,2027-01-01T11:41:41Z,\N,2027-03-01T06:13:28Z,\N,1,assert
acme:person:e004124~88a26f280a42,person,acme,E004124,Lars Lindqvist,Architect,CC-0011,false,2027-01-01T03:25:59Z,\N,2027-03-01T12:34:11Z,\N,1,assert
acme:person:e004129~e9959c32ae65,person,acme,E004129,Liam Lindqvist,Manager,CC-0004,false,2027-01-01T13:18:00Z,\N,2027-03-01T15:25:55Z,\N,1,assert
acme:person:e004135~5d0d21bdf59c,person,acme,E004135,Ingrid Schneider,Technician,CC-0008,false,2027-01-01T02:02:13Z,\N,2027-03-01T10:58:43Z,\N,1,assert
acme:person:e002868~b462a5af64c7,person,acme,E002868,Lucia Zhang,Technician,CC-0008,true,2027-02-22T05:42:58Z,\N,2027-03-01T15:33:57Z,\N,1,assert
acme:person:e000116~4185b39d8dc1,person,acme,E000116,Keiko Okonkwo,Auditor,CC-0005,false,2027-01-18T05:27:55Z,\N,2027-03-02T14:42:39Z,\N,1,assert
acme:person:e001179~1fde5d05da6e,person,acme,E001179,Chidi Novak,Manager,DEPT-13,false,2027-02-01T04:46:12Z,\N,2027-03-02T19:17:55Z,\N,1,assert
acme:person:e003974~93069bfad959,person,acme,E003974,Fatima Castellanos,Engineer,DEPT-04,false,2027-01-01T16:18:50Z,\N,2027-03-02T12:46:40Z,\N,1,assert
acme:person:e004039~cf0669740ac1,person,acme,E004039,Ingrid Chowdhury,Buyer,CC-0002,false,2027-01-01T00:24:53Z,\N,2027-03-02T00:02:06Z,\N,1,assert
acme:person:e004071~b038b7283590,person,acme,E004071,Leila Mbatha,Buyer,CC-0012,false,2027-01-01T00:18:30Z,\N,2027-03-02T06:34:34Z,\N,1,assert
acme:person:e004140~0e7cb6d3b0a3,person,acme,E004140,Gita Yilmaz,Buyer,CC-0001,false,2027-01-01T10:41:56Z,\N,2027-03-02T13:34:17Z,\N,1,assert
acme:person:e004195~c264615400ff,person,acme,E004195,Xenia Schneider,Technician,CC-0001,false,2027-02-20T02:29:47Z,\N,2027-03-02T14:15:22Z,\N,1,assert
acme:person:e003944~0d8c3fe27b01,person,acme,E003944,Renata Oyelaran,Technician,DEPT-24,false,2027-01-14T19:07:26Z,\N,2027-03-03T13:16:50Z,\N,1,assert
acme:person:e001924~376622523d0f,person,acme,E001924,Marcus Quintero,Manager,DEPT-06,false,2027-01-19T01:06:28Z,\N,2027-03-04T21:51:28Z,\N,1,assert
acme:person:e002114~f7b9146a2ca7,person,acme,E002114,Noor Ivanova,Engineer,DEPT-22,false,2027-01-09T14:41:42Z,\N,2027-03-05T12:15:49Z,\N,1,assert
acme:person:e002337~59b41869b059,person,acme,E002337,Samir Gundersen,Buyer,DEPT-16,false,2027-02-16T16:18:29Z,\N,2027-03-05T09:02:10Z,\N,1,assert
acme:person:e004190~505c72aa838c,person,acme,E004190,Anders Zhang,Architect,DEPT-23,false,2027-02-15T04:07:57Z,\N,2027-03-05T04:15:26Z,\N,1,assert
acme:person:e004199~a97fd1eca887,person,acme,E004199,Lars Rasmussen,Manager,DEPT-03,false,2027-02-24T03:41:16Z,\N,2027-03-05T00:08:25Z,\N,1,assert
acme:person:e004187~154e20aebdb7,person,acme,E004187,Ursula Abbott,Architect,DEPT-16,false,2027-02-12T02:19:14Z,\N,2027-03-05T16:38:36Z,\N,1,assert
acme:person:e000355~5dd7aa0c3f4c,person,acme,E000355,Farid Bergstrom,Buyer,DEPT-14,false,2027-02-21T13:32:01Z,\N,2027-03-06T07:32:12Z,\N,1,assert
acme:person:e000319~4a27cae62ed2,person,acme,E000319,Jonas Santos,Technician,DEPT-15,false,2027-02-22T17:54:04Z,\N,2027-03-07T11:21:33Z,\N,1,assert
acme:person:e002398~601afa84922b,person,acme,E002398,Dmitri Oyelaran,Auditor,DEPT-20,false,2027-01-26T11:18:40Z,\N,2027-03-07T13:05:18Z,\N,1,assert
acme:person:e003284~db4481045c19,person,acme,\N,\N,\N,\N,\N,2027-08-26T16:17:36Z,\N,2027-03-07T23:01:22Z,\N,2,retract
acme:person:e000819~98a6241e58f4,person,acme,E000819,Tomas Baptiste,Engineer,DEPT-21,false,2027-02-20T22:24:28Z,\N,2027-03-08T00:25:35Z,\N,1,assert
acme:person:e002439~5d6bc13d9ab4,person,acme,E002439,Clara Chowdhury,Buyer,DEPT-18,false,2027-01-29T12:45:59Z,\N,2027-03-09T03:46:06Z,\N,1,assert
acme:person:e002553~05c7baaabceb,person,acme,\N,\N,\N,\N,\N,2026-05-20T10:00:56Z,\N,2027-03-09T10:50:32Z,\N,2,retract
acme:person:e002539~f9eaa938843b,person,acme,E002539,Vikram Schneider,Auditor,DEPT-15,false,2027-01-24T22:18:40Z,\N,2027-03-09T19:30:05Z,\N,1,assert
acme:person:e003631~c71a003074c6,person,acme,E003631,Ada Weiss,Buyer,CC-0015,false,2027-01-08T19:29:08Z,\N,2027-03-09T11:44:52Z,\N,1,assert
acme:person:e003870~80ad7e765309,person,acme,E003870,Yara Delacroix,Engineer,CC-0008,false,2027-01-28T19:41:07Z,\N,2027-03-10T22:56:49Z,\N,1,assert
acme:person:e001804~b87057663da5,person,acme,\N,\N,\N,\N,\N,2027-01-05T11:03:43Z,\N,2027-03-11T06:12:22Z,\N,2,retract
acme:person:e001998~eb062d6a5d02,person,acme,E001998,Hugo Yilmaz,Architect,CC-0001,false,2027-02-15T19:41:21Z,\N,2027-03-11T22:18:37Z,\N,1,assert
acme:person:e003858~babe17b335d8,person,acme,E003858,Tomas Pereira,Analyst,DEPT-05,false,2027-01-14T03:56:47Z,\N,2027-03-11T00:49:16Z,\N,1,assert
acme:person:e002781~88a7a4d2fefa,person,acme,E002781,Fatima Kovac,Technician,DEPT-08,false,2027-02-11T16:54:14Z,\N,2027-03-12T01:20:10Z,\N,1,assert
acme:person:e002709~a80b9b29edbf,person,acme,\N,\N,\N,\N,\N,2026-04-11T14:50:59Z,\N,2027-03-13T05:02:38Z,\N,2,retract
acme:person:e003121~1f88686a68a3,person,acme,E003121,Paola Tanaka,Engineer,DEPT-06,false,2027-02-04T02:18:15Z,\N,2027-03-14T18:46:59Z,\N,1,assert
acme:person:e002069~c385ebea31b6,person,acme,\N,\N,\N,\N,\N,2026-06-14T05:58:52Z,\N,2027-03-15T14:25:25Z,\N,2,retract
acme:person:e000357~28ccbd33f1c5,person,acme,\N,\N,\N,\N,\N,2027-09-27T15:51:51Z,\N,2027-03-15T22:58:32Z,\N,2,retract
acme:person:e001211~d21b242f738b,person,acme,E001211,Oliver Castellanos,Architect,DEPT-12,false,2027-02-12T02:35:11Z,\N,2027-03-15T23:01:37Z,\N,1,assert
acme:person:e002761~cabbe2f49624,person,acme,E002761,Kwame Bergstrom,Auditor,DIV-CORP,false,2027-02-06T21:50:56Z,\N,2027-03-16T09:52:27Z,\N,1,assert
acme:person:e002968~0cf7b47d70c3,person,acme,E002968,Sofia Rasmussen,Manager,DEPT-03,false,2027-02-21T17:04:09Z,\N,2027-03-17T02:47:32Z,\N,1,assert
acme:person:e003099~f8943337983d,person,acme,E003099,Oliver Abbott,Auditor,CC-0014,false,2027-02-13T11:16:53Z,\N,2027-03-17T22:15:00Z,\N,1,assert
acme:person:e003729~e64380ab1ec7,person,acme,\N,\N,\N,\N,\N,2024-05-01T19:44:14Z,\N,2027-03-18T08:27:43Z,\N,2,retract
acme:person:e002003~8fc841e5680e,person,acme,\N,\N,\N,\N,\N,2022-03-26T08:08:21Z,\N,2027-03-18T16:16:35Z,\N,2,retract
acme:person:e002967~d451196c9054,person,acme,E002967,Hugo Ivanova,Architect,DEPT-20,false,2027-02-11T16:41:29Z,\N,2027-03-19T09:27:30Z,\N,1,assert
acme:person:e004196~8d3c622c9fb8,person,acme,E004196,Yara Kovac,Auditor,CC-0008,false,2027-02-21T02:43:50Z,\N,2027-03-19T02:31:07Z,\N,1,assert
acme:person:e002343~df0b1af50bc7,person,acme,E002343,Fatima Novak,Technician,CC-0002,false,2027-02-03T15:24:44Z,\N,2027-03-20T11:58:28Z,\N,1,assert
acme:person:e002193~1c24d4ed975b,person,acme,\N,\N,\N,\N,\N,2022-04-10T03:50:36Z,\N,2027-03-20T16:42:23Z,\N,2,retract
acme:person:e001618~0f98e7490a1d,person,acme,E001618,Noor Delacroix,Analyst,DEPT-05,false,2027-02-11T08:42:08Z,\N,2027-03-21T01:45:38Z,\N,1,assert
acme:person:e002894~7c7d8cfce61b,person,acme,E002894,Zara Quintero,Architect,DEPT-06,true,2027-02-16T12:50:55Z,\N,2027-03-21T14:04:00Z,\N,1,assert
acme:person:e001799~d650a127755e,person,acme,E001799,Sofia Abbott,Analyst,CC-0012,false,2027-02-19T03:58:55Z,\N,2027-03-21T16:18:48Z,\N,1,assert
acme:person:e002310~544151c6c393,person,acme,E002310,Ursula Gallagher,Engineer,DEPT-14,false,2027-01-29T10:13:54Z,\N,2027-03-21T06:32:07Z,\N,1,assert
acme:person:e004188~67223e150e32,person,acme,E004188,Farid Okonkwo,Engineer,CC-0002,false,2027-02-13T13:55:27Z,\N,2027-03-21T19:51:25Z,\N,1,assert
acme:person:e003416~d094bc6e80b0,person,acme,\N,\N,\N,\N,\N,2027-10-31T19:51:54Z,\N,2027-03-22T18:33:05Z,\N,2,retract
acme:person:e000274~7a7888f39c06,person,acme,E000274,Ada Wagner,Technician,CC-0010,false,2027-02-19T13:03:40Z,\N,2027-03-22T19:05:20Z,\N,1,assert
acme:person:e001038~d3fd84ff2587,person,acme,E001038,Lars Okonkwo,Analyst,CC-0005,false,2027-01-25T18:57:32Z,\N,2027-03-22T00:48:53Z,\N,1,assert
acme:person:e002892~aee107ee9d4e,person,acme,E002892,Bruno Santos,Architect,CC-0008,false,2027-01-22T13:46:42Z,\N,2027-03-22T00:41:00Z,\N,1,assert
acme:person:e004197~e48c1e1554c3,person,acme,E004197,Elena Yilmaz,Analyst,CC-0010,false,2027-02-22T10:27:13Z,\N,2027-03-22T20:23:15Z,\N,1,assert
acme:person:e003452~c9244aaa6b85,person,acme,\N,\N,\N,\N,\N,2024-09-19T20:37:30Z,\N,2027-03-23T00:02:00Z,\N,2,retract
acme:person:e000545~06ab829355a0,person,acme,\N,\N,\N,\N,\N,2025-11-21T16:11:42Z,\N,2027-03-23T10:18:47Z,\N,2,retract
acme:person:e000890~9e96a35c438a,person,acme,\N,\N,\N,\N,\N,2028-09-26T16:42:40Z,\N,2027-03-23T13:06:42Z,\N,2,retract
acme:person:e004192~94e07fc707ef,person,acme,E004192,Jonas Schneider,Engineer,DEPT-08,false,2027-02-17T22:22:25Z,\N,2027-03-23T19:04:11Z,\N,1,assert
acme:person:e001268~436176b9f205,person,acme,E001268,Anders Chowdhury,Buyer,CC-0008,false,2027-02-15T23:33:51Z,\N,2027-03-24T01:40:01Z,\N,1,assert
acme:person:e001419~0777b9d87f91,person,acme,E001419,Wen Vaughan,Auditor,DEPT-09,false,2027-01-27T03:33:54Z,\N,2027-03-24T05:42:34Z,\N,1,assert
acme:person:e003724~35e3b46f8df7,person,acme,E003724,Nadia Pereira,Buyer,CC-0004,false,2027-02-16T02:20:53Z,\N,2027-03-25T05:42:19Z,\N,1,assert
acme:person:e003624~9a49e205033b,person,acme,E003624,Keiko Kaminski,Engineer,CC-0006,false,2027-02-10T01:05:12Z,\N,2027-03-26T04:10:32Z,\N,1,assert
acme:person:e003171~8646344ac1ca,person,acme,\N,\N,\N,\N,\N,2026-08-31T00:44:07Z,\N,2027-03-26T19:28:13Z,\N,2,retract
acme:person:e004198~2d232c9e5f7c,person,acme,E004198,Ursula Okonkwo,Engineer,DEPT-19,false,2027-02-23T08:12:31Z,\N,2027-03-26T21:12:29Z,\N,1,assert
acme:person:e002027~d1ce95357073,person,acme,E002027,Jonas Tanaka,Manager,DEPT-08,false,2027-02-17T23:52:00Z,\N,2027-03-28T17:01:41Z,\N,1,assert
acme:person:e003239~0fdab8c39717,person,acme,E003239,Samir Gundersen,Architect,DEPT-10,false,2027-02-20T12:49:02Z,\N,2027-03-28T14:02:15Z,\N,1,assert
acme:person:e003094~6e1579ef6e8d,person,acme,\N,\N,\N,\N,\N,2027-10-10T06:40:48Z,\N,2027-03-29T14:30:48Z,\N,2,retract
acme:person:e000087~44a1e04687ea,person,acme,\N,\N,\N,\N,\N,2026-12-11T05:00:29Z,\N,2027-03-30T02:52:59Z,\N,2,retract
acme:person:e000954~229e0a8305f5,person,acme,E000954,Lucia Ueda,Analyst,DEPT-21,false,2027-02-06T02:17:35Z,\N,2027-03-30T07:36:21Z,\N,1,assert
acme:person:e003670~704142453f1f,person,acme,E003670,Wen Thorsen,Technician,CC-0009,false,2027-02-13T14:11:04Z,\N,2027-03-30T04:15:14Z,\N,1,assert
acme:person:e000962~c2fd0e24375d,person,acme,\N,\N,\N,\N,\N,2024-09-06T02:54:09Z,\N,2027-03-31T12:47:09Z,\N,2,retract
acme:person:e000119~cd664fa88535,person,acme,E000119,Felix Chowdhury,Architect,DEPT-05,false,2027-02-16T15:05:00Z,\N,2027-03-31T19:47:56Z,\N,1,assert
acme:person:e001540~67c8a0dd7412,person,acme,\N,\N,\N,\N,\N,2028-06-07T16:18:22Z,\N,2027-04-01T00:49:33Z,\N,2,retract
acme:person:e003867~eef64a2fe65d,person,acme,\N,\N,\N,\N,\N,2023-05-21T01:10:02Z,\N,2027-04-01T12:18:15Z,\N,2,retract
acme:person:e000021~cbd775ecaa94,person,acme,\N,\N,\N,\N,\N,2022-10-02T21:35:34Z,\N,2027-04-01T21:34:14Z,\N,2,retract
acme:person:e002187~483a05a2b5f8,person,acme,\N,\N,\N,\N,\N,2024-10-27T18:16:56Z,\N,2027-04-02T04:45:11Z,\N,2,retract
acme:person:e002538~c1a5d0cbfc7d,person,acme,\N,\N,\N,\N,\N,2025-06-01T03:13:34Z,\N,2027-04-02T11:56:43Z,\N,2,retract
acme:person:e000657~8a7436e2eea6,person,acme,\N,\N,\N,\N,\N,2025-09-19T20:27:26Z,\N,2027-04-02T20:58:53Z,\N,2,retract
acme:person:e000024~c68dbf376e97,person,acme,\N,\N,\N,\N,\N,2022-06-12T08:18:15Z,\N,2027-04-03T15:51:29Z,\N,2,retract
acme:person:e004180~eae28ce4b3eb,person,acme,E004180,Renata Vaughan,Manager,DEPT-19,false,2027-02-05T10:13:51Z,\N,2027-04-04T03:38:50Z,\N,1,assert
acme:person:e001670~334ea3003d5e,person,acme,\N,\N,\N,\N,\N,2026-08-15T21:22:48Z,\N,2027-04-05T01:08:24Z,\N,2,retract
acme:person:e003753~fb17d8674b3d,person,acme,E003753,Chidi Lindqvist,Technician,DEPT-12,false,2027-02-22T21:02:21Z,\N,2027-04-06T05:15:08Z,\N,1,assert
acme:person:e004193~e5d29f17af4f,person,acme,E004193,Alan Chowdhury,Auditor,DEPT-19,false,2027-02-18T23:23:24Z,\N,2027-04-08T16:18:11Z,\N,1,assert
acme:person:e002131~7c1ee29aa382,person,acme,\N,\N,\N,\N,\N,2023-10-14T01:35:44Z,\N,2027-04-09T00:50:52Z,\N,2,retract
acme:person:e003045~b6577596d751,person,acme,E003045,Felix Yilmaz,Architect,CC-0003,false,2027-02-16T00:55:40Z,\N,2027-04-09T22:24:10Z,\N,1,assert
acme:person:e004191~19fc7d4ac63e,person,acme,E004191,Xenia Gallagher,Architect,DEPT-04,false,2027-02-16T05:26:45Z,\N,2027-04-11T18:27:14Z,\N,1,assert
acme:person:e000007~56dfe2528105,person,acme,\N,\N,\N,\N,\N,2023-07-23T01:54:16Z,\N,2027-04-16T00:10:20Z,\N,2,retract
acme:person:e000217~a8b91e9669c7,person,acme,\N,\N,\N,\N,\N,2023-03-05T17:02:58Z,\N,2027-04-20T01:34:46Z,\N,2,retract
acme:person:e003098~5b5eab3ee8cf,person,acme,\N,\N,\N,\N,\N,2025-05-20T03:07:45Z,\N,2027-04-20T02:47:17Z,\N,2,retract
acme:person:e003573~168266e876f4,person,acme,\N,\N,\N,\N,\N,2029-01-19T16:31:26Z,\N,2027-04-20T15:02:48Z,\N,2,retract
acme:person:e000025~6e0ecbaf9cf3,person,acme,\N,\N,\N,\N,\N,2026-08-17T12:08:55Z,\N,2027-04-21T08:47:00Z,\N,2,retract
acme:person:e000061~a6c30402826a,person,acme,\N,\N,\N,\N,\N,2026-01-02T01:18:45Z,\N,2027-04-22T16:01:00Z,\N,2,retract
