entity_id,entity_type,vendor_code,model_code,model_kind,model_name,latest_version,support_status,valid_from,valid_to,system_from,system_to,revision,operation
acme:product_model:v0025-ser-00000-service~3fb9e00c1d34,product_model,v0025,ser-00000,service,Kaminski service 0,9.11,supported,2021-01-02T02:35:13Z,\N,2021-01-02T02:35:13Z,\N,1,assert
acme:product_model:v0158-ser-00156-service~18cf205d8490,product_model,v0158,ser-00156,service,Thorsen service 156,15.4,supported,2021-01-02T02:46:13Z,2021-07-07T06:35:36Z,2021-01-02T02:46:13Z,\N,1,assert
acme:product_model:v0138-har-01103-hardware~06a7aeb559fa,product_model,v0138,har-01103,hardware,Ueda hardware 1103,11.0,supported,2021-01-02T06:11:59Z,2021-12-01T23:54:55Z,2021-01-02T06:11:59Z,\N,1,assert
acme:product_model:v0082-har-00847-hardware~84af62ed3c82,product_model,v0082,har-00847,hardware,Abbott hardware 847,17.9,supported,2021-01-02T09:19:43Z,\N,2021-01-02T09:19:43Z,2022-06-11T01:44:13Z,1,assert
acme:product_model:v0017-sof-01669-software~1e182e3a6323,product_model,v0017,sof-01669,software,Thorsen software 1669,14.10,unsupported,2021-01-02T09:40:22Z,2021-04-11T03:41:55Z,2021-01-02T09:40:22Z,\N,1,assert
acme:product_model:v0017-ser-00600-service~4c42b92a8689,product_model,v0017,ser-00600,service,Baptiste service 600,5.8,supported,2021-01-02T09:55:25Z,2021-08-20T15:23:08Z,2021-01-02T09:55:25Z,\N,1,assert
acme:product_model:v0059-sof-01361-software~329fc0be8087,product_model,v0059,sof-01361,software,Vaughan software 1361,4.0,supported,2021-01-02T13:32:05Z,2021-07-12T02:14:06Z,2021-01-02T13:32:05Z,\N,1,assert
acme:product_model:v0119-sof-00014-software~6dfb581dc4b0,product_model,v0119,sof-00014,software,Fontaine software 14,22.11,unknown,2021-01-02T13:44:14Z,\N,2021-01-02T13:44:14Z,\N,1,assert
acme:product_model:v0158-con-00020-consumable~028c8cad7cd9,product_model,v0158,con-00020,consumable,Quintero consumable 20,8.8,supported,2021-01-02T04:08:13Z,\N,2021-01-02T04:08:13Z,\N,1,assert
acme:product_model:v0048-ser-01056-service~27022b68ffd6,product_model,v0048,ser-01056,service,Bergstrom service 1056,8.7,supported,2021-01-02T13:44:33Z,2021-10-15T12:25:43Z,2021-01-02T13:44:33Z,\N,1,assert
acme:product_model:v0159-sof-01341-software~bc1635833b60,product_model,v0159,sof-01341,software,Abbott software 1341,11.1,eol,2021-01-02T14:16:43Z,2021-06-22T12:03:28Z,2021-01-02T14:16:43Z,\N,1,assert
acme:product_model:v0118-har-00240-hardware~fc066297a80a,product_model,v0118,har-00240,hardware,Thorsen hardware 240,6.3,eol,2021-01-02T15:53:52Z,2021-09-29T19:03:31Z,2021-01-02T15:53:52Z,\N,1,assert
acme:product_model:v0166-har-00103-hardware~9bbf69152bdb,product_model,v0166,har-00103,hardware,Castellanos hardware 103,5.0,supported,2021-01-02T19:58:59Z,2021-05-15T19:54:57Z,2021-01-02T19:58:59Z,\N,1,assert
acme:product_model:v0085-sof-00022-software~a8a68848fb05,product_model,v0085,sof-00022,software,Thorsen software 22,7.10,supported,2021-01-02T22:43:24Z,\N,2021-01-02T22:43:24Z,\N,1,assert
acme:product_model:v0152-sof-00025-software~0b98526d87cb,product_model,v0152,sof-00025,software,Ueda software 25,2.9,unsupported,2021-01-02T14:11:35Z,\N,2021-01-02T14:11:35Z,\N,1,assert
acme:product_model:v0074-sof-00028-software~3bd15c093773,product_model,v0074,sof-00028,software,Schneider software 28,20.10,supported,2021-01-02T21:44:14Z,\N,2021-01-02T21:44:14Z,\N,1,assert
acme:product_model:v0058-har-00031-hardware~441abd2a3e50,product_model,v0058,har-00031,hardware,Santos hardware 31,11.9,supported,2021-01-02T13:53:01Z,\N,2021-01-02T13:53:01Z,\N,1,assert
acme:product_model:v0144-ser-00037-service~670107909e5c,product_model,v0144,ser-00037,service,Schneider service 37,18.11,supported,2021-01-02T09:46:49Z,\N,2021-01-02T09:46:49Z,\N,1,assert
acme:product_model:v0031-sof-00046-software~c1a53f423e6f,product_model,v0031,sof-00046,software,Haddad software 46,20.4,eol,2021-01-02T16:16:28Z,\N,2021-01-02T16:16:28Z,\N,1,assert
acme:product_model:v0152-har-00051-hardware~01f09c83ba92,product_model,v0152,har-00051,hardware,Castellanos hardware 51,12.0,supported,2021-01-02T23:41:54Z,\N,2021-01-02T23:41:54Z,\N,1,assert
acme:product_model:v0164-sof-00052-software~448bfcbc0d2b,product_model,v0164,sof-00052,software,Marchetti software 52,2.0,supported,2021-01-02T18:14:36Z,\N,2021-01-02T18:14:36Z,\N,1,assert
acme:product_model:v0158-har-00061-hardware~ef452e34a679,product_model,v0158,har-00061,hardware,Weiss hardware 61,6.10,eol,2021-01-02T04:20:12Z,\N,2021-01-02T04:20:12Z,\N,1,assert
acme:product_model:v0144-sof-00064-software~463bcaaa1d13,product_model,v0144,sof-00064,software,Nakamura software 64,22.4,supported,2021-01-02T23:37:46Z,\N,2021-01-02T23:37:46Z,\N,1,assert
acme:product_model:v0152-ser-00067-service~4254cefeed4f,product_model,v0152,ser-00067,service,Ueda service 67,15.2,supported,2021-01-02T13:48:39Z,\N,2021-01-02T13:48:39Z,\N,1,assert
acme:product_model:v0017-sof-00074-software~6c04a9a951e2,product_model,v0017,sof-00074,software,Ivanova software 74,20.5,unsupported,2021-01-02T18:06:35Z,\N,2021-01-02T18:06:35Z,\N,1,assert
acme:product_model:v0170-ser-00080-service~736957c3fe1c,product_model,v0170,ser-00080,service,Eberhardt service 80,21.0,supported,2021-01-02T16:53:38Z,\N,2021-01-02T16:53:38Z,\N,1,assert
acme:product_model:v0118-sof-00081-software~5c04a1c65a60,product_model,v0118,sof-00081,software,Marchetti software 81,10.2,supported,2021-01-02T18:42:56Z,\N,2021-01-02T18:42:56Z,\N,1,assert
acme:product_model:v0144-har-00094-hardware~a709a3ea7026,product_model,v0144,har-00094,hardware,Fontaine hardware 94,5.1,supported,2021-01-02T13:08:19Z,\N,2021-01-02T13:08:19Z,\N,1,assert
acme:product_model:v0119-sof-00099-software~3b7f9738226d,product_model,v0119,sof-00099,software,Rasmussen software 99,22.7,unknown,2021-01-02T12:38:41Z,\N,2021-01-02T12:38:41Z,\N,1,assert
acme:product_model:v0118-sof-00102-software~466e6e0de3f2,product_model,v0118,sof-00102,software,Thorsen software 102,9.10,supported,2021-01-02T15:24:07Z,\N,2021-01-02T15:24:07Z,\N,1,assert
acme:product_model:v0076-har-00104-hardware~96fdd15b2c49,product_model,v0076,har-00104,hardware,Eberhardt hardware 104,23.3,supported,2021-01-02T03:15:52Z,\N,2021-01-02T03:15:52Z,\N,1,assert
acme:product_model:v0024-har-00117-hardware~8e23a07b5ba5,product_model,v0024,har-00117,hardware,Castellanos hardware 117,21.1,supported,2021-01-02T01:03:03Z,\N,2021-01-02T01:03:03Z,\N,1,assert
acme:product_model:v0124-sof-00118-software~5230f24d4363,product_model,v0124,sof-00118,software,Haddad software 118,16.4,eol,2021-01-02T17:43:24Z,\N,2021-01-02T17:43:24Z,\N,1,assert
acme:product_model:v0032-sof-00120-software~e49b9c7cb31c,product_model,v0032,sof-00120,software,Kovac software 120,12.11,eol,2021-01-02T05:15:29Z,\N,2021-01-02T05:15:29Z,\N,1,assert
acme:product_model:v0164-sof-00129-software~173d98804fcf,product_model,v0164,sof-00129,software,Vaughan software 129,2.2,unknown,2021-01-02T16:28:35Z,\N,2021-01-02T16:28:35Z,\N,1,assert
acme:product_model:v0032-sof-00138-software~e948d25dd50e,product_model,v0032,sof-00138,software,Gundersen software 138,18.2,unsupported,2021-01-02T15:26:08Z,\N,2021-01-02T15:26:08Z,\N,1,assert
acme:product_model:v0164-sof-00145-software~2849e72121b1,product_model,v0164,sof-00145,software,Mbatha software 145,3.11,supported,2021-01-02T04:51:23Z,\N,2021-01-02T04:51:23Z,\N,1,assert
acme:product_model:v0059-har-00151-hardware~74e93a14e413,product_model,v0059,har-00151,hardware,Nakamura hardware 151,2.4,supported,2021-01-02T01:02:24Z,\N,2021-01-02T01:02:24Z,\N,1,assert
acme:product_model:v0159-sof-00153-software~cdb9cb1ccfcd,product_model,v0159,sof-00153,software,Novak software 153,3.8,unsupported,2021-01-02T19:52:02Z,\N,2021-01-02T19:52:02Z,\N,1,assert
acme:product_model:v0138-har-00154-hardware~27f6978456cf,product_model,v0138,har-00154,hardware,Thorsen hardware 154,1.8,unknown,2021-01-02T13:30:56Z,\N,2021-01-02T13:30:56Z,\N,1,assert
acme:product_model:v0091-har-00157-hardware~033e5496250d,product_model,v0091,har-00157,hardware,Marchetti hardware 157,8.7,eol,2021-01-02T13:47:53Z,\N,2021-01-02T13:47:53Z,\N,1,assert
acme:product_model:v0140-sof-00166-software~6e7cdd4f2231,product_model,v0140,sof-00166,software,Nakamura software 166,18.1,supported,2021-01-02T06:03:55Z,\N,2021-01-02T06:03:55Z,\N,1,assert
acme:product_model:v0164-sof-00178-software~fbe832009063,product_model,v0164,sof-00178,software,Yilmaz software 178,10.3,unknown,2021-01-02T05:52:10Z,\N,2021-01-02T05:52:10Z,\N,1,assert
acme:product_model:v0091-sof-00179-software~6ca0c806a0e0,product_model,v0091,sof-00179,software,Abbott software 179,15.4,supported,2021-01-02T06:14:43Z,\N,2021-01-02T06:14:43Z,\N,1,assert
acme:product_model:v0065-sof-00181-software~7a185bed1dee,product_model,v0065,sof-00181,software,Jablonski software 181,23.9,unsupported,2021-01-02T19:41:01Z,\N,2021-01-02T19:41:01Z,\N,1,assert
acme:product_model:v0074-sof-00184-software~c2945a1326f6,product_model,v0074,sof-00184,software,Santos software 184,19.0,supported,2021-01-02T18:01:13Z,\N,2021-01-02T18:01:13Z,\N,1,assert
acme:product_model:v0109-sof-00186-software~05725222d07e,product_model,v0109,sof-00186,software,Tanaka software 186,8.7,unsupported,2021-01-02T06:14:46Z,\N,2021-01-02T06:14:46Z,\N,1,assert
acme:product_model:v0044-ser-00193-service~b0968a8edbaa,product_model,v0044,ser-00193,service,Wagner service 193,15.1,supported,2021-01-02T06:25:11Z,\N,2021-01-02T06:25:11Z,\N,1,assert
acme:product_model:v0164-ser-00195-service~372f66737455,product_model,v0164,ser-00195,service,Okonkwo service 195,7.1,supported,2021-01-02T15:26:34Z,\N,2021-01-02T15:26:34Z,\N,1,assert
acme:product_model:v0048-sof-00200-software~5966fbbb378f,product_model,v0048,sof-00200,software,Wagner software 200,18.2,supported,2021-01-02T13:58:34Z,\N,2021-01-02T13:58:34Z,\N,1,assert
acme:product_model:v0025-con-00204-consumable~d8e61365eaee,product_model,v0025,con-00204,consumable,Novak consumable 204,20.9,unsupported,2021-01-02T12:56:15Z,\N,2021-01-02T12:56:15Z,\N,1,assert
acme:product_model:v0144-har-00211-hardware~92b87038fd03,product_model,v0144,har-00211,hardware,Weiss hardware 211,20.0,supported,2021-01-02T20:12:03Z,\N,2021-01-02T20:12:03Z,\N,1,assert
acme:product_model:v0048-har-00212-hardware~fe02ab8a5c1e,product_model,v0048,har-00212,hardware,Oyelaran hardware 212,12.1,supported,2021-01-02T15:42:49Z,\N,2021-01-02T15:42:49Z,\N,1,assert
acme:product_model:v0159-sof-00218-software~75b9acd03884,product_model,v0159,sof-00218,software,Eberhardt software 218,6.11,unsupported,2021-01-02T23:51:42Z,\N,2021-01-02T23:51:42Z,\N,1,assert
acme:product_model:v0148-sof-00219-software~7b2b8ad93702,product_model,v0148,sof-00219,software,Silvestri software 219,8.11,supported,2021-01-02T05:22:27Z,\N,2021-01-02T05:22:27Z,\N,1,assert
acme:product_model:v0118-sof-00226-software~7bce13c4adb6,product_model,v0118,sof-00226,software,Jablonski software 226,3.4,unsupported,2021-01-02T11:30:46Z,\N,2021-01-02T11:30:46Z,\N,1,assert
acme:product_model:v0032-har-00233-hardware~f1bd8e596b97,product_model,v0032,har-00233,hardware,Abbott hardware 233,7.1,unsupported,2021-01-02T15:56:49Z,\N,2021-01-02T15:56:49Z,\N,1,assert
acme:product_model:v0025-har-00234-hardware~ff8907d6a0c1,product_model,v0025,har-00234,hardware,Abbott hardware 234,2.4,unsupported,2021-01-02T22:01:34Z,\N,2021-01-02T22:01:34Z,\N,1,assert
acme:product_model:v0120-har-00238-hardware~2f5c9192c2ec,product_model,v0120,har-00238,hardware,Fontaine hardware 238,2.10,supported,2021-01-02T08:46:04Z,\N,2021-01-02T08:46:04Z,\N,1,assert
acme:product_model:v0131-har-00242-hardware~693b52800af8,product_model,v0131,har-00242,hardware,Mbatha hardware 242,23.11,supported,2021-01-02T13:57:24Z,\N,2021-01-02T13:57:24Z,\N,1,assert
acme:product_model:v0124-ser-00249-service~1bd9434ba018,product_model,v0124,ser-00249,service,Silvestri service 249,7.2,unsupported,2021-01-02T03:24:46Z,\N,2021-01-02T03:24:46Z,\N,1,assert
acme:product_model:v0166-sof-00251-software~00c14863c8be,product_model,v0166,sof-00251,software,Nakamura software 251,18.0,supported,2021-01-02T15:56:44Z,\N,2021-01-02T15:56:44Z,\N,1,assert
acme:product_model:v0120-sof-00257-software~dc2649192b75,product_model,v0120,sof-00257,software,Zhang software 257,9.5,eol,2021-01-02T01:48:03Z,\N,2021-01-02T01:48:03Z,\N,1,assert
acme:product_model:v0158-sof-00261-software~79f2f7123bab,product_model,v0158,sof-00261,software,Nakamura software 261,4.2,unknown,2021-01-02T21:32:36Z,\N,2021-01-02T21:32:36Z,\N,1,assert
acme:product_model:v0091-har-00266-hardware~bfa4b515cc29,product_model,v0091,har-00266,hardware,Jablonski hardware 266,8.3,unsupported,2021-01-02T21:33:08Z,\N,2021-01-02T21:33:08Z,\N,1,assert
acme:product_model:v0119-sof-00272-software~5bf27b159ed8,product_model,v0119,sof-00272,software,Weiss software 272,8.0,eol,2021-01-02T14:16:26Z,\N,2021-01-02T14:16:26Z,\N,1,assert
acme:product_model:v0071-sof-00276-software~bead59435aff,product_model,v0071,sof-00276,software,Ivanova software 276,9.6,supported,2021-01-02T12:08:28Z,\N,2021-01-02T12:08:28Z,\N,1,assert
acme:product_model:v0055-ser-00279-service~1fb538b379ad,product_model,v0055,ser-00279,service,Bergstrom service 279,17.8,supported,2021-01-02T06:01:45Z,\N,2021-01-02T06:01:45Z,\N,1,assert
acme:product_model:v0059-ser-00282-service~0e25964e1311,product_model,v0059,ser-00282,service,Thorsen service 282,1.3,supported,2021-01-02T12:56:27Z,\N,2021-01-02T12:56:27Z,\N,1,assert
acme:product_model:v0034-har-00284-hardware~f7632257f44f,product_model,v0034,har-00284,hardware,Delacroix hardware 284,2.3,supported,2021-01-02T02:26:29Z,\N,2021-01-02T02:26:29Z,\N,1,assert
acme:product_model:v0085-har-00286-hardware~0998f0b5c841,product_model,v0085,har-00286,hardware,Lindqvist hardware 286,14.5,supported,2021-01-02T02:25:42Z,\N,2021-01-02T02:25:42Z,\N,1,assert
acme:product_model:v0071-ser-00291-service~d597ae7d540e,product_model,v0071,ser-00291,service,Chowdhury service 291,21.5,supported,2021-01-02T20:41:24Z,\N,2021-01-02T20:41:24Z,\N,1,assert
acme:product_model:v0059-sof-00294-software~9e4f89fa136d,product_model,v0059,sof-00294,software,Baptiste software 294,17.7,eol,2021-01-02T02:33:41Z,\N,2021-01-02T02:33:41Z,\N,1,assert
acme:product_model:v0091-har-00299-hardware~9a5130e31fb6,product_model,v0091,har-00299,hardware,Silvestri hardware 299,20.11,unknown,2021-01-02T02:48:27Z,\N,2021-01-02T02:48:27Z,\N,1,assert
acme:product_model:v0028-con-00301-consumable~76e32662f0cf,product_model,v0028,con-00301,consumable,Oyelaran consumable 301,2.2,eol,2021-01-02T23:50:19Z,\N,2021-01-02T23:50:19Z,\N,1,assert
acme:product_model:v0025-sof-00310-software~4def1a138b87,product_model,v0025,sof-00310,software,Nakamura software 310,14.9,supported,2021-01-02T10:43:56Z,\N,2021-01-02T10:43:56Z,\N,1,assert
acme:product_model:v0071-har-00318-hardware~c506850af7ac,product_model,v0071,har-00318,hardware,Weiss hardware 318,21.5,eol,2021-01-02T16:36:24Z,\N,2021-01-02T16:36:24Z,\N,1,assert
acme:product_model:v0071-ser-00323-service~74c8a1d6671b,product_model,v0071,ser-00323,service,Mbatha service 323,21.6,supported,2021-01-02T20:01:48Z,\N,2021-01-02T20:01:48Z,\N,1,assert
acme:product_model:v0140-sof-00326-software~9143d2826ae1,product_model,v0140,sof-00326,software,Eberhardt software 326,23.4,supported,2021-01-02T14:09:23Z,\N,2021-01-02T14:09:23Z,\N,1,assert
acme:product_model:v0034-sof-00328-software~69fc572761c4,product_model,v0034,sof-00328,software,Eberhardt software 328,17.8,supported,2021-01-02T19:57:04Z,\N,2021-01-02T19:57:04Z,\N,1,assert
acme:product_model:v0119-ser-00330-service~fc20c91ef55c,product_model,v0119,ser-00330,service,Oyelaran service 330,11.1,eol,2021-01-02T21:08:16Z,\N,2021-01-02T21:08:16Z,\N,1,assert
acme:product_model:v0131-har-00332-hardware~09544b39de3b,product_model,v0131,har-00332,hardware,Eberhardt hardware 332,20.7,supported,2021-01-02T11:10:46Z,\N,2021-01-02T11:10:46Z,\N,1,assert
acme:product_model:v0024-sof-00334-software~68723a4f9803,product_model,v0024,sof-00334,software,Mbatha software 334,6.7,eol,2021-01-02T01:46:13Z,\N,2021-01-02T01:46:13Z,\N,1,assert
acme:product_model:v0082-sof-00335-software~4c77cbb871bb,product_model,v0082,sof-00335,software,Zhang software 335,21.5,eol,2021-01-02T09:04:46Z,\N,2021-01-02T09:04:46Z,\N,1,assert
acme:product_model:v0124-sof-00336-software~7b30cd1467ac,product_model,v0124,sof-00336,software,Vaughan software 336,18.11,unsupported,2021-01-02T05:37:12Z,\N,2021-01-02T05:37:12Z,\N,1,assert
acme:product_model:v0140-ser-00338-service~de063da8092a,product_model,v0140,ser-00338,service,Delacroix service 338,12.1,eol,2021-01-02T20:03:48Z,\N,2021-01-02T20:03:48Z,\N,1,assert
acme:product_model:v0140-sof-00341-software~b0fe49012b52,product_model,v0140,sof-00341,software,Kovac software 341,4.3,supported,2021-01-02T22:53:22Z,\N,2021-01-02T22:53:22Z,\N,1,assert
acme:product_model:v0148-sof-00343-software~c293e1af6cc4,product_model,v0148,sof-00343,software,Castellanos software 343,7.4,supported,2021-01-02T20:20:09Z,\N,2021-01-02T20:20:09Z,\N,1,assert
acme:product_model:v0138-sof-00346-software~cdc92246a344,product_model,v0138,sof-00346,software,Chowdhury software 346,21.9,supported,2021-01-02T11:55:31Z,\N,2021-01-02T11:55:31Z,\N,1,assert
acme:product_model:v0144-sof-00353-software~00db93a04497,product_model,v0144,sof-00353,software,Bergstrom software 353,8.6,unsupported,2021-01-02T14:43:34Z,\N,2021-01-02T14:43:34Z,\N,1,assert
acme:product_model:v0044-ser-00355-service~34f13cdc5fa0,product_model,v0044,ser-00355,service,Chowdhury service 355,16.7,supported,2021-01-02T02:48:25Z,\N,2021-01-02T02:48:25Z,\N,1,assert
acme:product_model:v0144-sof-00370-software~f4fd56e84ff4,product_model,v0144,sof-00370,software,Silvestri software 370,11.2,supported,2021-01-02T07:23:59Z,\N,2021-01-02T07:23:59Z,\N,1,assert
acme:product_model:v0140-sof-00371-software~b4ba59c5eb41,product_model,v0140,sof-00371,software,Gallagher software 371,5.8,unsupported,2021-01-02T14:04:59Z,\N,2021-01-02T14:04:59Z,\N,1,assert
acme:product_model:v0152-sof-00372-software~dfbe1f5da412,product_model,v0152,sof-00372,software,Weiss software 372,12.4,supported,2021-01-02T04:56:55Z,\N,2021-01-02T04:56:55Z,\N,1,assert
acme:product_model:v0148-sof-00377-software~d48a0238017e,product_model,v0148,sof-00377,software,Thorsen software 377,18.4,unsupported,2021-01-02T21:24:58Z,\N,2021-01-02T21:24:58Z,\N,1,assert
acme:product_model:v0152-sof-00381-software~a43d15afef6f,product_model,v0152,sof-00381,software,Ueda software 381,17.10,supported,2021-01-02T18:51:06Z,\N,2021-01-02T18:51:06Z,\N,1,assert
acme:product_model:v0159-sof-00387-software~1d4cd3601d3d,product_model,v0159,sof-00387,software,Gallagher software 387,15.0,supported,2021-01-02T21:07:19Z,\N,2021-01-02T21:07:19Z,\N,1,assert
acme:product_model:v0131-har-00392-hardware~c489ffc47623,product_model,v0131,har-00392,hardware,Silvestri hardware 392,5.2,supported,2021-01-02T16:21:54Z,\N,2021-01-02T16:21:54Z,\N,1,assert
acme:product_model:v0170-har-00395-hardware~40c513e396f2,product_model,v0170,har-00395,hardware,Lindqvist hardware 395,9.0,eol,2021-01-02T23:29:28Z,\N,2021-01-02T23:29:28Z,\N,1,assert
acme:product_model:v0032-har-00400-hardware~3c0914ad7a3d,product_model,v0032,har-00400,hardware,Okonkwo hardware 400,15.6,supported,2021-01-02T13:23:15Z,\N,2021-01-02T13:23:15Z,\N,1,assert
acme:product_model:v0118-har-00402-hardware~763d62296139,product_model,v0118,har-00402,hardware,Yilmaz hardware 402,9.7,eol,2021-01-02T23:47:39Z,\N,2021-01-02T23:47:39Z,\N,1,assert
acme:product_model:v0071-sof-00409-software~29ed83661e79,product_model,v0071,sof-00409,software,Quintero software 409,10.9,supported,2021-01-02T21:24:55Z,\N,2021-01-02T21:24:55Z,\N,1,assert
acme:product_model:v0140-sof-00410-software~f4d2ea7f934b,product_model,v0140,sof-00410,software,Oyelaran software 410,23.8,supported,2021-01-02T22:16:25Z,\N,2021-01-02T22:16:25Z,\N,1,assert
acme:product_model:v0091-sof-00415-software~ded44df9cd19,product_model,v0091,sof-00415,software,Gundersen software 415,20.10,supported,2021-01-02T20:47:37Z,\N,2021-01-02T20:47:37Z,\N,1,assert
acme:product_model:v0118-sof-00416-software~bdfec053b34f,product_model,v0118,sof-00416,software,Fontaine software 416,8.3,eol,2021-01-02T14:19:50Z,\N,2021-01-02T14:19:50Z,\N,1,assert
acme:product_model:v0065-har-00419-hardware~4776bdaa6077,product_model,v0065,har-00419,hardware,Novak hardware 419,15.6,supported,2021-01-02T10:10:27Z,\N,2021-01-02T10:10:27Z,\N,1,assert
acme:product_model:v0120-ser-00436-service~c26d7f12d9f4,product_model,v0120,ser-00436,service,Vaughan service 436,19.3,eol,2021-01-02T12:09:15Z,\N,2021-01-02T12:09:15Z,\N,1,assert
acme:product_model:v0082-har-00437-hardware~f79a6025872f,product_model,v0082,har-00437,hardware,Eberhardt hardware 437,2.11,eol,2021-01-02T23:26:58Z,\N,2021-01-02T23:26:58Z,\N,1,assert
acme:product_model:v0167-sof-00445-software~cf66feb59fd0,product_model,v0167,sof-00445,software,Chowdhury software 445,8.9,eol,2021-01-02T12:45:53Z,\N,2021-01-02T12:45:53Z,\N,1,assert
acme:product_model:v0118-har-00447-hardware~1d91d01abcd5,product_model,v0118,har-00447,hardware,Mbatha hardware 447,14.8,unsupported,2021-01-02T11:00:26Z,\N,2021-01-02T11:00:26Z,\N,1,assert
acme:product_model:v0000-con-00448-consumable~aa2e59518d84,product_model,v0000,con-00448,consumable,Rasmussen consumable 448,23.5,eol,2021-01-02T17:59:37Z,\N,2021-01-02T17:59:37Z,\N,1,assert
acme:product_model:v0031-sof-00456-software~f878fc10aa8c,product_model,v0031,sof-00456,software,Bergstrom software 456,11.2,eol,2021-01-02T01:00:52Z,\N,2021-01-02T01:00:52Z,\N,1,assert
acme:product_model:v0164-sof-00464-software~446a99568b74,product_model,v0164,sof-00464,software,Ueda software 464,19.11,unknown,2021-01-02T06:52:44Z,\N,2021-01-02T06:52:44Z,\N,1,assert
acme:product_model:v0025-con-00482-consumable~1fc90375af4e,product_model,v0025,con-00482,consumable,Thorsen consumable 482,7.5,eol,2021-01-02T00:27:13Z,\N,2021-01-02T00:27:13Z,\N,1,assert
acme:product_model:v0158-sof-00485-software~19e16ef33f54,product_model,v0158,sof-00485,software,Kaminski software 485,20.1,supported,2021-01-02T23:10:07Z,\N,2021-01-02T23:10:07Z,\N,1,assert
acme:product_model:v0144-sof-00488-software~687d14422881,product_model,v0144,sof-00488,software,Ivanova software 488,23.2,supported,2021-01-02T11:02:08Z,\N,2021-01-02T11:02:08Z,\N,1,assert
acme:product_model:v0017-ser-00489-service~09bb124ceb07,product_model,v0017,ser-00489,service,Novak service 489,12.5,unsupported,2021-01-02T18:18:10Z,\N,2021-01-02T18:18:10Z,\N,1,assert
acme:product_model:v0085-sof-00495-software~dd60cf87931d,product_model,v0085,sof-00495,software,Rasmussen software 495,21.3,supported,2021-01-02T14:50:29Z,\N,2021-01-02T14:50:29Z,\N,1,assert
acme:product_model:v0091-sof-00517-software~aebddee19290,product_model,v0091,sof-00517,software,Kaminski software 517,6.5,unsupported,2021-01-02T13:33:02Z,\N,2021-01-02T13:33:02Z,\N,1,assert
acme:product_model:v0164-sof-00522-software~17cb3387c094,product_model,v0164,sof-00522,software,Baptiste software 522,13.1,eol,2021-01-02T01:58:54Z,\N,2021-01-02T01:58:54Z,\N,1,assert
acme:product_model:v0131-sof-00524-software~36fe3e63f27b,product_model,v0131,sof-00524,software,Ivanova software 524,14.5,supported,2021-01-02T09:10:53Z,\N,2021-01-02T09:10:53Z,\N,1,assert
acme:product_model:v0170-sof-00525-software~87ca3e73889a,product_model,v0170,sof-00525,software,Fontaine software 525,20.7,supported,2021-01-02T17:33:48Z,\N,2021-01-02T17:33:48Z,\N,1,assert
acme:product_model:v0109-sof-00536-software~b447ea85cc9e,product_model,v0109,sof-00536,software,Mbatha software 536,6.1,eol,2021-01-02T09:29:08Z,\N,2021-01-02T09:29:08Z,\N,1,assert
acme:product_model:v0166-har-00540-hardware~a069f5948a60,product_model,v0166,har-00540,hardware,Zhang hardware 540,11.5,supported,2021-01-02T05:34:15Z,\N,2021-01-02T05:34:15Z,\N,1,assert
acme:product_model:v0065-sof-00541-software~826233d1b8b6,product_model,v0065,sof-00541,software,Gallagher software 541,13.10,supported,2021-01-02T04:07:07Z,\N,2021-01-02T04:07:07Z,\N,1,assert
acme:product_model:v0144-sof-00543-software~031b2bf791f3,product_model,v0144,sof-00543,software,Quintero software 543,13.0,eol,2021-01-02T01:12:32Z,\N,2021-01-02T01:12:32Z,\N,1,assert
acme:product_model:v0055-sof-00546-software~50f116735d9b,product_model,v0055,sof-00546,software,Delacroix software 546,5.6,eol,2021-01-02T20:03:43Z,\N,2021-01-02T20:03:43Z,\N,1,assert
acme:product_model:v0140-har-00549-hardware~89e85e04d5ec,product_model,v0140,har-00549,hardware,Haddad hardware 549,4.0,unsupported,2021-01-02T03:54:43Z,\N,2021-01-02T03:54:43Z,\N,1,assert
acme:product_model:v0065-har-00555-hardware~5fc865fb4908,product_model,v0065,har-00555,hardware,Ueda hardware 555,9.2,unsupported,2021-01-02T12:27:11Z,\N,2021-01-02T12:27:11Z,\N,1,assert
acme:product_model:v0159-sof-00559-software~4175e4a55d9f,product_model,v0159,sof-00559,software,Oyelaran software 559,17.4,supported,2021-01-02T07:22:38Z,\N,2021-01-02T07:22:38Z,\N,1,assert
acme:product_model:v0034-har-00560-hardware~998626f4325a,product_model,v0034,har-00560,hardware,Baptiste hardware 560,2.1,supported,2021-01-02T11:19:24Z,\N,2021-01-02T11:19:24Z,\N,1,assert
acme:product_model:v0151-ser-00563-service~87c01c17a58a,product_model,v0151,ser-00563,service,Wagner service 563,3.0,eol,2021-01-02T11:00:22Z,\N,2021-01-02T11:00:22Z,\N,1,assert
acme:product_model:v0138-sof-00566-software~e46d78a0da6c,product_model,v0138,sof-00566,software,Tanaka software 566,10.6,supported,2021-01-02T14:04:40Z,\N,2021-01-02T14:04:40Z,\N,1,assert
acme:product_model:v0140-ser-00579-service~9a7e69459dac,product_model,v0140,ser-00579,service,Fontaine service 579,20.0,supported,2021-01-02T20:40:52Z,\N,2021-01-02T20:40:52Z,\N,1,assert
acme:product_model:v0152-har-00580-hardware~8d01fa83d0c8,product_model,v0152,har-00580,hardware,Bergstrom hardware 580,1.8,eol,2021-01-02T12:12:18Z,\N,2021-01-02T12:12:18Z,\N,1,assert
acme:product_model:v0109-sof-00586-software~da47631a9806,product_model,v0109,sof-00586,software,Fontaine software 586,16.1,supported,2021-01-02T13:28:44Z,\N,2021-01-02T13:28:44Z,\N,1,assert
acme:product_model:v0032-sof-00589-software~dd4655a2af6b,product_model,v0032,sof-00589,software,Kovac software 589,1.7,supported,2021-01-02T04:37:07Z,\N,2021-01-02T04:37:07Z,\N,1,assert
acme:product_model:v0144-sof-00591-software~a994ada04938,product_model,v0144,sof-00591,software,Abbott software 591,9.10,supported,2021-01-02T07:25:06Z,\N,2021-01-02T07:25:06Z,\N,1,assert
acme:product_model:v0085-har-00603-hardware~131c85a73152,product_model,v0085,har-00603,hardware,Novak hardware 603,12.1,supported,2021-01-02T03:50:23Z,\N,2021-01-02T03:50:23Z,\N,1,assert
acme:product_model:v0166-sof-00606-software~fdf2a23d74f5,product_model,v0166,sof-00606,software,Oyelaran software 606,9.0,eol,2021-01-02T17:28:18Z,\N,2021-01-02T17:28:18Z,\N,1,assert
acme:product_model:v0151-har-00608-hardware~ee3c3ad93f09,product_model,v0151,har-00608,hardware,Novak hardware 608,9.0,unsupported,2021-01-02T01:13:22Z,\N,2021-01-02T01:13:22Z,\N,1,assert
acme:product_model:v0044-ser-00609-service~080fd072d130,product_model,v0044,ser-00609,service,Bergstrom service 609,19.10,unknown,2021-01-02T22:41:23Z,\N,2021-01-02T22:41:23Z,\N,1,assert
acme:product_model:v0144-ser-00610-service~306fbe9fd771,product_model,v0144,ser-00610,service,Delacroix service 610,14.7,supported,2021-01-02T13:19:54Z,\N,2021-01-02T13:19:54Z,\N,1,assert
acme:product_model:v0065-sof-00612-software~302aa2955d09,product_model,v0065,sof-00612,software,Gundersen software 612,4.8,supported,2021-01-02T18:34:35Z,\N,2021-01-02T18:34:35Z,\N,1,assert
acme:product_model:v0028-sof-00613-software~4e61784c0391,product_model,v0028,sof-00613,software,Haddad software 613,3.10,supported,2021-01-02T20:05:03Z,\N,2021-01-02T20:05:03Z,\N,1,assert
acme:product_model:v0055-sof-00619-software~959fd4237838,product_model,v0055,sof-00619,software,Rasmussen software 619,21.6,unsupported,2021-01-02T17:20:10Z,\N,2021-01-02T17:20:10Z,\N,1,assert
acme:product_model:v0059-sof-00628-software~26b3eda2ab85,product_model,v0059,sof-00628,software,Wagner software 628,9.6,supported,2021-01-02T07:30:01Z,\N,2021-01-02T07:30:01Z,\N,1,assert
acme:product_model:v0059-con-00630-consumable~6450a3b10d0d,product_model,v0059,con-00630,consumable,Bergstrom consumable 630,5.11,eol,2021-01-02T15:49:22Z,\N,2021-01-02T15:49:22Z,\N,1,assert
acme:product_model:v0055-har-00642-hardware~9d55f2614ea0,product_model,v0055,har-00642,hardware,Thorsen hardware 642,17.0,supported,2021-01-02T15:38:18Z,\N,2021-01-02T15:38:18Z,\N,1,assert
acme:product_model:v0028-ser-00652-service~93a17b5b9621,product_model,v0028,ser-00652,service,Wagner service 652,15.5,supported,2021-01-02T17:44:47Z,\N,2021-01-02T17:44:47Z,\N,1,assert
acme:product_model:v0152-sof-00668-software~629dbf7997cc,product_model,v0152,sof-00668,software,Eberhardt software 668,12.2,eol,2021-01-02T23:08:40Z,\N,2021-01-02T23:08:40Z,\N,1,assert
acme:product_model:v0058-sof-00687-software~4b22f3260b43,product_model,v0058,sof-00687,software,Pereira software 687,23.8,eol,2021-01-02T04:52:55Z,\N,2021-01-02T04:52:55Z,\N,1,assert
acme:product_model:v0124-har-00690-hardware~5b6e94ffd1df,product_model,v0124,har-00690,hardware,Mbatha hardware 690,23.5,supported,2021-01-02T23:17:36Z,\N,2021-01-02T23:17:36Z,\N,1,assert
acme:product_model:v0118-sof-00692-software~1cbf6f31971a,product_model,v0118,sof-00692,software,Pereira software 692,16.8,supported,2021-01-02T01:00:58Z,\N,2021-01-02T01:00:58Z,\N,1,assert
acme:product_model:v0025-sof-00694-software~bfb3e27511f2,product_model,v0025,sof-00694,software,Bergstrom software 694,2.8,supported,2021-01-02T09:54:03Z,\N,2021-01-02T09:54:03Z,\N,1,assert
acme:product_model:v0124-sof-00697-software~e9a13ae21261,product_model,v0124,sof-00697,software,Haddad software 697,13.8,supported,2021-01-02T10:48:41Z,\N,2021-01-02T10:48:41Z,\N,1,assert
acme:product_model:v0148-ser-00701-service~d23eab0cdc74,product_model,v0148,ser-00701,service,Delacroix service 701,18.7,unsupported,2021-01-02T18:19:31Z,\N,2021-01-02T18:19:31Z,\N,1,assert
acme:product_model:v0131-sof-00720-software~e72e71fc16d3,product_model,v0131,sof-00720,software,Rasmussen software 720,14.10,unsupported,2021-01-02T16:07:27Z,\N,2021-01-02T16:07:27Z,\N,1,assert
acme:product_model:v0170-ser-00724-service~0a9598622016,product_model,v0170,ser-00724,service,Santos service 724,18.4,supported,2021-01-02T16:18:55Z,\N,2021-01-02T16:18:55Z,\N,1,assert
acme:product_model:v0085-sof-00725-software~bed7344f0be5,product_model,v0085,sof-00725,software,Schneider software 725,19.0,supported,2021-01-02T16:50:04Z,\N,2021-01-02T16:50:04Z,\N,1,assert
acme:product_model:v0032-sof-00734-software~7b926a30342f,product_model,v0032,sof-00734,software,Mbatha software 734,22.11,supported,2021-01-02T12:25:45Z,\N,2021-01-02T12:25:45Z,\N,1,assert
acme:product_model:v0034-sof-00736-software~02745dd761f1,product_model,v0034,sof-00736,software,Haddad software 736,15.10,supported,2021-01-02T01:49:31Z,\N,2021-01-02T01:49:31Z,\N,1,assert
acme:product_model:v0152-sof-00738-software~610cb46ddfe0,product_model,v0152,sof-00738,software,Santos software 738,17.9,unknown,2021-01-02T13:24:00Z,\N,2021-01-02T13:24:00Z,\N,1,assert
acme:product_model:v0140-ser-00744-service~5c41afba4858,product_model,v0140,ser-00744,service,Haddad service 744,6.3,supported,2021-01-02T08:17:53Z,\N,2021-01-02T08:17:53Z,\N,1,assert
acme:product_model:v0152-har-00751-hardware~4ac8c37914bf,product_model,v0152,har-00751,hardware,Fontaine hardware 751,15.1,eol,2021-01-02T09:46:30Z,\N,2021-01-02T09:46:30Z,\N,1,assert
acme:product_model:v0034-sof-00757-software~0272140cf6c5,product_model,v0034,sof-00757,software,Ivanova software 757,16.5,eol,2021-01-02T12:00:30Z,\N,2021-01-02T12:00:30Z,\N,1,assert
acme:product_model:v0024-sof-00769-software~a1f5659a651f,product_model,v0024,sof-00769,software,Marchetti software 769,13.4,supported,2021-01-02T14:31:40Z,\N,2021-01-02T14:31:40Z,\N,1,assert
acme:product_model:v0138-sof-00771-software~114fbafce16b,product_model,v0138,sof-00771,software,Jablonski software 771,16.9,unknown,2021-01-02T23:02:35Z,\N,2021-01-02T23:02:35Z,\N,1,assert
acme:product_model:v0158-sof-00772-software~03793d0d8a7d,product_model,v0158,sof-00772,software,Ivanova software 772,6.6,supported,2021-01-02T11:01:45Z,\N,2021-01-02T11:01:45Z,\N,1,assert
acme:product_model:v0028-sof-00773-software~fa9712b871ea,product_model,v0028,sof-00773,software,Ueda software 773,7.2,supported,2021-01-02T08:29:09Z,\N,2021-01-02T08:29:09Z,\N,1,assert
acme:product_model:v0024-sof-00774-software~6c98403eb07f,product_model,v0024,sof-00774,software,Wagner software 774,23.7,eol,2021-01-02T18:31:13Z,\N,2021-01-02T18:31:13Z,\N,1,assert
acme:product_model:v0059-har-00775-hardware~cd14780aca17,product_model,v0059,har-00775,hardware,Jablonski hardware 775,4.10,supported,2021-01-02T11:19:37Z,\N,2021-01-02T11:19:37Z,\N,1,assert
acme:product_model:v0000-ser-00784-service~c9a6ffb219a8,product_model,v0000,ser-00784,service,Zhang service 784,8.6,supported,2021-01-02T04:05:07Z,\N,2021-01-02T04:05:07Z,\N,1,assert
acme:product_model:v0148-sof-00789-software~bfea8ad22cbe,product_model,v0148,sof-00789,software,Nakamura software 789,22.0,supported,2021-01-02T01:42:49Z,\N,2021-01-02T01:42:49Z,\N,1,assert
acme:product_model:v0109-sof-00790-software~92029c817c9e,product_model,v0109,sof-00790,software,Ueda software 790,23.6,supported,2021-01-02T08:07:39Z,\N,2021-01-02T08:07:39Z,\N,1,assert
acme:product_model:v0170-sof-00793-software~d996585d37db,product_model,v0170,sof-00793,software,Zhang software 793,7.6,unsupported,2021-01-02T13:42:17Z,\N,2021-01-02T13:42:17Z,\N,1,assert
acme:product_model:v0058-har-00797-hardware~769a6c75de00,product_model,v0058,har-00797,hardware,Wagner hardware 797,17.8,supported,2021-01-02T07:42:32Z,\N,2021-01-02T07:42:32Z,\N,1,assert
acme:product_model:v0025-sof-00798-software~e4009417385f,product_model,v0025,sof-00798,software,Gundersen software 798,2.8,supported,2021-01-02T13:29:32Z,\N,2021-01-02T13:29:32Z,\N,1,assert
acme:product_model:v0025-ser-00804-service~7fa571344235,product_model,v0025,ser-00804,service,Ivanova service 804,2.0,supported,2021-01-02T18:02:42Z,\N,2021-01-02T18:02:42Z,\N,1,assert
acme:product_model:v0082-ser-00810-service~1ebb868bbdac,product_model,v0082,ser-00810,service,Lindqvist service 810,4.9,supported,2021-01-02T03:47:12Z,\N,2021-01-02T03:47:12Z,\N,1,assert
acme:product_model:v0028-sof-00813-software~e77d0b7e0b72,product_model,v0028,sof-00813,software,Oyelaran software 813,4.8,supported,2021-01-02T19:03:35Z,\N,2021-01-02T19:03:35Z,\N,1,assert
acme:product_model:v0017-sof-00819-software~6e873765f84f,product_model,v0017,sof-00819,software,Delacroix software 819,8.1,eol,2021-01-02T08:22:16Z,\N,2021-01-02T08:22:16Z,\N,1,assert
acme:product_model:v0082-har-00823-hardware~c578052c677a,product_model,v0082,har-00823,hardware,Weiss hardware 823,7.1,supported,2021-01-02T00:07:22Z,\N,2021-01-02T00:07:22Z,\N,1,assert
acme:product_model:v0166-sof-00826-software~ecf52c651502,product_model,v0166,sof-00826,software,Kovac software 826,20.10,eol,2021-01-02T21:24:17Z,\N,2021-01-02T21:24:17Z,\N,1,assert
acme:product_model:v0140-sof-00829-software~01bd03e5f934,product_model,v0140,sof-00829,software,Quintero software 829,5.7,supported,2021-01-02T19:42:48Z,\N,2021-01-02T19:42:48Z,\N,1,assert
acme:product_model:v0025-sof-00842-software~6e4532ff6f56,product_model,v0025,sof-00842,software,Ivanova software 842,14.3,supported,2021-01-02T00:47:26Z,\N,2021-01-02T00:47:26Z,\N,1,assert
acme:product_model:v0048-sof-00845-software~8be9fb61d19e,product_model,v0048,sof-00845,software,Eberhardt software 845,22.3,supported,2021-01-02T03:57:02Z,\N,2021-01-02T03:57:02Z,\N,1,assert
acme:product_model:v0131-sof-00854-software~07eab7077f62,product_model,v0131,sof-00854,software,Ueda software 854,7.9,supported,2021-01-02T13:36:35Z,\N,2021-01-02T13:36:35Z,\N,1,assert
acme:product_model:v0085-ser-00862-service~e90c96da2b56,product_model,v0085,ser-00862,service,Zhang service 862,12.2,supported,2021-01-02T17:08:33Z,\N,2021-01-02T17:08:33Z,\N,1,assert
acme:product_model:v0109-har-00869-hardware~44cdd4d9ddb4,product_model,v0109,har-00869,hardware,Oyelaran hardware 869,21.1,unsupported,2021-01-02T23:38:24Z,\N,2021-01-02T23:38:24Z,\N,1,assert
acme:product_model:v0166-sof-00878-software~500f9aaf751e,product_model,v0166,sof-00878,software,Lindqvist software 878,3.5,supported,2021-01-02T04:08:22Z,\N,2021-01-02T04:08:22Z,\N,1,assert
acme:product_model:v0164-sof-00888-software~ee51b60cb657,product_model,v0164,sof-00888,software,Abbott software 888,9.11,supported,2021-01-02T00:51:28Z,\N,2021-01-02T00:51:28Z,\N,1,assert
acme:product_model:v0152-sof-00897-software~4ab35da51a45,product_model,v0152,sof-00897,software,Santos software 897,12.11,unknown,2021-01-02T10:31:17Z,\N,2021-01-02T10:31:17Z,\N,1,assert
acme:product_model:v0170-har-00900-hardware~066f4cf37c88,product_model,v0170,har-00900,hardware,Zhang hardware 900,12.7,supported,2021-01-02T07:32:21Z,\N,2021-01-02T07:32:21Z,\N,1,assert
acme:product_model:v0085-har-00904-hardware~160cfb1c6c61,product_model,v0085,har-00904,hardware,Baptiste hardware 904,22.5,supported,2021-01-02T10:48:00Z,\N,2021-01-02T10:48:00Z,\N,1,assert
acme:product_model:v0024-sof-00917-software~814f5ec9a165,product_model,v0024,sof-00917,software,Pereira software 917,7.6,supported,2021-01-02T09:44:39Z,\N,2021-01-02T09:44:39Z,\N,1,assert
acme:product_model:v0058-sof-00919-software~238ec4b95e18,product_model,v0058,sof-00919,software,Ivanova software 919,22.9,supported,2021-01-02T19:13:54Z,\N,2021-01-02T19:13:54Z,\N,1,assert
acme:product_model:v0164-sof-00924-software~98d1b8f8c0e1,product_model,v0164,sof-00924,software,Jablonski software 924,14.1,supported,2021-01-02T23:21:29Z,\N,2021-01-02T23:21:29Z,\N,1,assert
acme:product_model:v0148-har-00932-hardware~b290473cb4f4,product_model,v0148,har-00932,hardware,Mbatha hardware 932,19.10,supported,2021-01-02T12:10:41Z,\N,2021-01-02T12:10:41Z,\N,1,assert
acme:product_model:v0119-har-00934-hardware~970582389ad2,product_model,v0119,har-00934,hardware,Delacroix hardware 934,15.5,unknown,2021-01-02T16:44:11Z,\N,2021-01-02T16:44:11Z,\N,1,assert
acme:product_model:v0118-har-00935-hardware~442132d7575f,product_model,v0118,har-00935,hardware,Kaminski hardware 935,3.5,supported,2021-01-02T17:51:03Z,\N,2021-01-02T17:51:03Z,\N,1,assert
acme:product_model:v0158-sof-00939-software~42fc2db52233,product_model,v0158,sof-00939,software,Chowdhury software 939,15.9,supported,2021-01-02T17:46:58Z,\N,2021-01-02T17:46:58Z,\N,1,assert
acme:product_model:v0074-ser-00940-service~3ea3f85600b4,product_model,v0074,ser-00940,service,Bergstrom service 940,14.8,supported,2021-01-02T21:40:46Z,\N,2021-01-02T21:40:46Z,\N,1,assert
acme:product_model:v0167-har-00941-hardware~306ec26b18ee,product_model,v0167,har-00941,hardware,Pereira hardware 941,7.9,supported,2021-01-02T07:59:21Z,\N,2021-01-02T07:59:21Z,\N,1,assert
acme:product_model:v0138-ser-00942-service~711a5fabc5e8,product_model,v0138,ser-00942,service,Ueda service 942,7.3,eol,2021-01-02T14:52:40Z,\N,2021-01-02T14:52:40Z,\N,1,assert
acme:product_model:v0170-har-00956-hardware~678e653817ca,product_model,v0170,har-00956,hardware,Marchetti hardware 956,12.11,eol,2021-01-02T03:18:05Z,\N,2021-01-02T03:18:05Z,\N,1,assert
acme:product_model:v0032-sof-00959-software~7111c98c04ec,product_model,v0032,sof-00959,software,Eberhardt software 959,23.4,supported,2021-01-02T22:51:58Z,\N,2021-01-02T22:51:58Z,\N,1,assert
acme:product_model:v0151-sof-00962-software~ab097a9dfa91,product_model,v0151,sof-00962,software,Nakamura software 962,17.1,eol,2021-01-02T09:08:52Z,\N,2021-01-02T09:08:52Z,\N,1,assert
acme:product_model:v0025-sof-00966-software~de6c63475945,product_model,v0025,sof-00966,software,Novak software 966,14.1,supported,2021-01-02T18:12:23Z,\N,2021-01-02T18:12:23Z,\N,1,assert
acme:product_model:v0076-sof-00970-software~9b06c77bb51a,product_model,v0076,sof-00970,software,Jablonski software 970,15.8,supported,2021-01-02T02:54:38Z,\N,2021-01-02T02:54:38Z,\N,1,assert
acme:product_model:v0159-ser-00984-service~63f6fc8e8e30,product_model,v0159,ser-00984,service,Abbott service 984,1.5,supported,2021-01-02T17:06:20Z,\N,2021-01-02T17:06:20Z,\N,1,assert
acme:product_model:v0148-sof-00986-software~623c71ccafed,product_model,v0148,sof-00986,software,Delacroix software 986,4.1,eol,2021-01-02T06:35:26Z,\N,2021-01-02T06:35:26Z,\N,1,assert
acme:product_model:v0025-har-00987-hardware~af64208ac5be,product_model,v0025,har-00987,hardware,Castellanos hardware 987,3.8,supported,2021-01-02T18:06:02Z,\N,2021-01-02T18:06:02Z,\N,1,assert
acme:product_model:v0000-sof-00990-software~93a09dd1a098,product_model,v0000,sof-00990,software,Jablonski software 990,12.1,supported,2021-01-02T08:34:00Z,\N,2021-01-02T08:34:00Z,\N,1,assert
acme:product_model:v0164-sof-00996-software~4d5e609e8e2d,product_model,v0164,sof-00996,software,Bergstrom software 996,3.10,eol,2021-01-02T14:29:51Z,\N,2021-01-02T14:29:51Z,\N,1,assert
acme:product_model:v0017-har-01001-hardware~c7e905f9a10a,product_model,v0017,har-01001,hardware,Tanaka hardware 1001,3.11,supported,2021-01-02T17:48:16Z,\N,2021-01-02T17:48:16Z,\N,1,assert
acme:product_model:v0148-har-01003-hardware~444859fe6c71,product_model,v0148,har-01003,hardware,Delacroix hardware 1003,11.2,supported,2021-01-02T00:22:58Z,\N,2021-01-02T00:22:58Z,\N,1,assert
acme:product_model:v0159-sof-01011-software~d4341eb04b87,product_model,v0159,sof-01011,software,Okonkwo software 1011,20.10,unknown,2021-01-02T10:42:16Z,\N,2021-01-02T10:42:16Z,\N,1,assert
acme:product_model:v0058-sof-01012-software~c3ec78d13d04,product_model,v0058,sof-01012,software,Eberhardt software 1012,11.9,supported,2021-01-02T19:12:11Z,\N,2021-01-02T19:12:11Z,\N,1,assert
acme:product_model:v0025-ser-01016-service~ce4c4df5c13a,product_model,v0025,ser-01016,service,Gallagher service 1016,12.8,eol,2021-01-02T17:25:59Z,\N,2021-01-02T17:25:59Z,\N,1,assert
acme:product_model:v0017-sof-01022-software~03549c3b3fff,product_model,v0017,sof-01022,software,Quintero software 1022,17.10,supported,2021-01-02T18:15:26Z,\N,2021-01-02T18:15:26Z,\N,1,assert
acme:product_model:v0159-sof-01029-software~a89614446ac3,product_model,v0159,sof-01029,software,Kovac software 1029,15.7,supported,2021-01-02T20:56:15Z,\N,2021-01-02T20:56:15Z,\N,1,assert
acme:product_model:v0120-sof-01032-software~c5c233e2046d,product_model,v0120,sof-01032,software,Gundersen software 1032,20.11,supported,2021-01-02T15:22:25Z,\N,2021-01-02T15:22:25Z,\N,1,assert
acme:product_model:v0034-sof-01036-software~df50b8952676,product_model,v0034,sof-01036,software,Okonkwo software 1036,23.2,eol,2021-01-02T19:07:16Z,\N,2021-01-02T19:07:16Z,\N,1,assert
acme:product_model:v0124-sof-01048-software~7f5e6cce3dd1,product_model,v0124,sof-01048,software,Ueda software 1048,21.4,unsupported,2021-01-02T02:56:10Z,\N,2021-01-02T02:56:10Z,\N,1,assert
acme:product_model:v0151-ser-01049-service~019b47c10c1c,product_model,v0151,ser-01049,service,Weiss service 1049,18.2,unknown,2021-01-02T14:52:28Z,\N,2021-01-02T14:52:28Z,\N,1,assert
acme:product_model:v0167-con-01051-consumable~a805f48cd2c5,product_model,v0167,con-01051,consumable,Bergstrom consumable 1051,13.10,supported,2021-01-02T00:21:43Z,\N,2021-01-02T00:21:43Z,\N,1,assert
acme:product_model:v0140-sof-01052-software~91411635078c,product_model,v0140,sof-01052,software,Haddad software 1052,8.0,supported,2021-01-02T10:02:00Z,\N,2021-01-02T10:02:00Z,\N,1,assert
acme:product_model:v0031-ser-01061-service~4a462ed99ec4,product_model,v0031,ser-01061,service,Silvestri service 1061,21.4,eol,2021-01-02T20:47:23Z,\N,2021-01-02T20:47:23Z,\N,1,assert
acme:product_model:v0119-sof-01075-software~e665e8bd9f1d,product_model,v0119,sof-01075,software,Fontaine software 1075,23.6,unsupported,2021-01-02T18:17:24Z,\N,2021-01-02T18:17:24Z,\N,1,assert
acme:product_model:v0109-har-01080-hardware~d6ed73300009,product_model,v0109,har-01080,hardware,Oyelaran hardware 1080,1.10,eol,2021-01-02T07:52:08Z,\N,2021-01-02T07:52:08Z,\N,1,assert
acme:product_model:v0074-sof-01090-software~f96b73b75cb2,product_model,v0074,sof-01090,software,Abbott software 1090,14.8,supported,2021-01-02T03:00:51Z,\N,2021-01-02T03:00:51Z,\N,1,assert
acme:product_model:v0048-har-01113-hardware~c2491308efb2,product_model,v0048,har-01113,hardware,Okonkwo hardware 1113,9.10,supported,2021-01-02T13:52:48Z,\N,2021-01-02T13:52:48Z,\N,1,assert
acme:product_model:v0118-ser-01114-service~5b37967d0da8,product_model,v0118,ser-01114,service,Lindqvist service 1114,15.1,eol,2021-01-02T13:35:44Z,\N,2021-01-02T13:35:44Z,\N,1,assert
acme:product_model:v0058-sof-01119-software~015df5dccb9c,product_model,v0058,sof-01119,software,Haddad software 1119,6.4,supported,2021-01-02T19:29:07Z,\N,2021-01-02T19:29:07Z,\N,1,assert
acme:product_model:v0152-har-01121-hardware~e6dc884d15aa,product_model,v0152,har-01121,hardware,Mbatha hardware 1121,19.2,supported,2021-01-02T09:59:36Z,\N,2021-01-02T09:59:36Z,\N,1,assert
acme:product_model:v0091-ser-01123-service~bbf0eae5b0ba,product_model,v0091,ser-01123,service,Mbatha service 1123,2.1,eol,2021-01-02T12:51:39Z,\N,2021-01-02T12:51:39Z,\N,1,assert
acme:product_model:v0082-sof-01127-software~2a21b39a126e,product_model,v0082,sof-01127,software,Kaminski software 1127,9.11,supported,2021-01-02T13:09:26Z,\N,2021-01-02T13:09:26Z,\N,1,assert
acme:product_model:v0148-sof-01130-software~592ca75d28c4,product_model,v0148,sof-01130,software,Wagner software 1130,14.10,supported,2021-01-02T02:07:52Z,\N,2021-01-02T02:07:52Z,\N,1,assert
acme:product_model:v0170-sof-01131-software~9014e9838e50,product_model,v0170,sof-01131,software,Haddad software 1131,13.9,unsupported,2021-01-02T01:56:29Z,\N,2021-01-02T01:56:29Z,\N,1,assert
acme:product_model:v0031-ser-01133-service~d9c05b5755a0,product_model,v0031,ser-01133,service,Delacroix service 1133,12.9,supported,2021-01-02T07:43:30Z,\N,2021-01-02T07:43:30Z,\N,1,assert
acme:product_model:v0048-ser-01138-service~98f03d3d309e,product_model,v0048,ser-01138,service,Quintero service 1138,5.0,eol,2021-01-02T11:43:23Z,\N,2021-01-02T11:43:23Z,\N,1,assert
acme:product_model:v0017-har-01139-hardware~87a8c47376a1,product_model,v0017,har-01139,hardware,Silvestri hardware 1139,16.2,unsupported,2021-01-02T00:34:17Z,\N,2021-01-02T00:34:17Z,\N,1,assert
acme:product_model:v0017-ser-01140-service~c3c0c918f1b3,product_model,v0017,ser-01140,service,Okonkwo service 1140,18.8,supported,2021-01-02T01:24:48Z,\N,2021-01-02T01:24:48Z,\N,1,assert
acme:product_model:v0028-sof-01142-software~55d738d66ba3,product_model,v0028,sof-01142,software,Eberhardt software 1142,2.0,unsupported,2021-01-02T05:35:33Z,\N,2021-01-02T05:35:33Z,\N,1,assert
acme:product_model:v0082-ser-01152-service~b5d030d7548d,product_model,v0082,ser-01152,service,Abbott service 1152,14.9,supported,2021-01-02T06:00:31Z,\N,2021-01-02T06:00:31Z,\N,1,assert
acme:product_model:v0034-sof-01155-software~a21c839d2088,product_model,v0034,sof-01155,software,Baptiste software 1155,16.2,supported,2021-01-02T21:04:04Z,\N,2021-01-02T21:04:04Z,\N,1,assert
acme:product_model:v0071-sof-01156-software~5a7216adb21d,product_model,v0071,sof-01156,software,Eberhardt software 1156,21.0,eol,2021-01-02T01:18:46Z,\N,2021-01-02T01:18:46Z,\N,1,assert
acme:product_model:v0144-ser-01158-service~e6e6ab789630,product_model,v0144,ser-01158,service,Wagner service 1158,9.5,supported,2021-01-02T12:47:02Z,\N,2021-01-02T12:47:02Z,\N,1,assert
acme:product_model:v0059-sof-01159-software~a5524f839e68,product_model,v0059,sof-01159,software,Kaminski software 1159,22.6,supported,2021-01-02T04:19:18Z,\N,2021-01-02T04:19:18Z,\N,1,assert
acme:product_model:v0055-har-01169-hardware~785eb4a7a6e5,product_model,v0055,har-01169,hardware,Kovac hardware 1169,3.2,eol,2021-01-02T00:41:22Z,\N,2021-01-02T00:41:22Z,\N,1,assert
acme:product_model:v0148-sof-01171-software~630ce4bde72a,product_model,v0148,sof-01171,software,Kaminski software 1171,15.4,eol,2021-01-02T09:46:10Z,\N,2021-01-02T09:46:10Z,\N,1,assert
acme:product_model:v0124-har-01183-hardware~7f52cb5f1994,product_model,v0124,har-01183,hardware,Jablonski hardware 1183,12.10,unsupported,2021-01-02T05:19:16Z,\N,2021-01-02T05:19:16Z,\N,1,assert
acme:product_model:v0059-har-01185-hardware~99a7cea5317f,product_model,v0059,har-01185,hardware,Novak hardware 1185,11.11,unsupported,2021-01-02T00:37:30Z,\N,2021-01-02T00:37:30Z,\N,1,assert
acme:product_model:v0044-ser-01187-service~89810511c1e2,product_model,v0044,ser-01187,service,Delacroix service 1187,17.3,eol,2021-01-02T09:28:19Z,\N,2021-01-02T09:28:19Z,\N,1,assert
acme:product_model:v0164-har-01191-hardware~e16fbf4b80b4,product_model,v0164,har-01191,hardware,Schneider hardware 1191,12.5,unsupported,2021-01-02T19:18:26Z,\N,2021-01-02T19:18:26Z,\N,1,assert
acme:product_model:v0028-sof-01195-software~bf43f176eb84,product_model,v0028,sof-01195,software,Kaminski software 1195,4.0,supported,2021-01-02T14:54:45Z,\N,2021-01-02T14:54:45Z,\N,1,assert
acme:product_model:v0025-ser-01197-service~31066ef8e08f,product_model,v0025,ser-01197,service,Gundersen service 1197,10.6,supported,2021-01-02T08:03:53Z,\N,2021-01-02T08:03:53Z,\N,1,assert
acme:product_model:v0024-sof-01201-software~1c796bee3a3e,product_model,v0024,sof-01201,software,Rasmussen software 1201,10.6,unknown,2021-01-02T12:39:39Z,\N,2021-01-02T12:39:39Z,\N,1,assert
acme:product_model:v0152-har-01208-hardware~416aa374ce29,product_model,v0152,har-01208,hardware,Tanaka hardware 1208,3.6,supported,2021-01-02T16:40:01Z,\N,2021-01-02T16:40:01Z,\N,1,assert
acme:product_model:v0059-sof-01213-software~caf9d258a41c,product_model,v0059,sof-01213,software,Wagner software 1213,7.3,supported,2021-01-02T17:36:23Z,\N,2021-01-02T17:36:23Z,\N,1,assert
acme:product_model:v0071-sof-01224-software~44f022358bc8,product_model,v0071,sof-01224,software,Vaughan software 1224,4.1,unknown,2021-01-02T03:29:36Z,\N,2021-01-02T03:29:36Z,\N,1,assert
acme:product_model:v0034-har-01227-hardware~fb57f5c9bee5,product_model,v0034,har-01227,hardware,Delacroix hardware 1227,15.9,supported,2021-01-02T16:46:11Z,\N,2021-01-02T16:46:11Z,\N,1,assert
acme:product_model:v0164-ser-01230-service~74aea2a70287,product_model,v0164,ser-01230,service,Gundersen service 1230,10.4,supported,2021-01-02T03:50:15Z,\N,2021-01-02T03:50:15Z,\N,1,assert
acme:product_model:v0032-ser-01231-service~1fa35f654848,product_model,v0032,ser-01231,service,Quintero service 1231,14.10,supported,2021-01-02T06:26:41Z,\N,2021-01-02T06:26:41Z,\N,1,assert
acme:product_model:v0025-ser-01239-service~6a895e944f70,product_model,v0025,ser-01239,service,Rasmussen service 1239,21.0,supported,2021-01-02T09:22:42Z,\N,2021-01-02T09:22:42Z,\N,1,assert
acme:product_model:v0025-sof-01241-software~cc654186522d,product_model,v0025,sof-01241,software,Gundersen software 1241,21.9,supported,2021-01-02T07:46:39Z,\N,2021-01-02T07:46:39Z,\N,1,assert
acme:product_model:v0017-har-01243-hardware~07654167bcae,product_model,v0017,har-01243,hardware,Haddad hardware 1243,23.9,supported,2021-01-02T03:44:19Z,\N,2021-01-02T03:44:19Z,\N,1,assert
acme:product_model:v0028-ser-01244-service~2c00e33adf6d,product_model,v0028,ser-01244,service,Ueda service 1244,15.5,eol,2021-01-02T04:53:32Z,\N,2021-01-02T04:53:32Z,\N,1,assert
acme:product_model:v0031-har-01250-hardware~d2e436e60e66,product_model,v0031,har-01250,hardware,Abbott hardware 1250,10.0,supported,2021-01-02T12:36:13Z,\N,2021-01-02T12:36:13Z,\N,1,assert
acme:product_model:v0028-sof-01254-software~05c1b2559fbc,product_model,v0028,sof-01254,software,Zhang software 1254,23.2,eol,2021-01-02T04:35:47Z,\N,2021-01-02T04:35:47Z,\N,1,assert
acme:product_model:v0071-sof-01260-software~b8fcc4ad961f,product_model,v0071,sof-01260,software,Abbott software 1260,20.8,unsupported,2021-01-02T13:29:54Z,\N,2021-01-02T13:29:54Z,\N,1,assert
acme:product_model:v0032-sof-01261-software~57f025949725,product_model,v0032,sof-01261,software,Kaminski software 1261,2.8,supported,2021-01-02T01:34:18Z,\N,2021-01-02T01:34:18Z,\N,1,assert
acme:product_model:v0055-ser-01264-service~1f1f3a267521,product_model,v0055,ser-01264,service,Vaughan service 1264,16.1,eol,2021-01-02T14:05:59Z,\N,2021-01-02T14:05:59Z,\N,1,assert
acme:product_model:v0044-har-01268-hardware~cb416d17f034,product_model,v0044,har-01268,hardware,Weiss hardware 1268,7.2,supported,2021-01-02T16:30:28Z,\N,2021-01-02T16:30:28Z,\N,1,assert
acme:product_model:v0159-ser-01271-service~25f5c57ffec5,product_model,v0159,ser-01271,service,Wagner service 1271,21.4,eol,2021-01-02T02:54:10Z,\N,2021-01-02T02:54:10Z,\N,1,assert
acme:product_model:v0148-sof-01291-software~2a9f06d01a9e,product_model,v0148,sof-01291,software,Yilmaz software 1291,17.4,eol,2021-01-02T08:06:24Z,\N,2021-01-02T08:06:24Z,\N,1,assert
acme:product_model:v0048-ser-01306-service~c353e422b255,product_model,v0048,ser-01306,service,Kovac service 1306,8.1,supported,2021-01-02T13:15:56Z,\N,2021-01-02T13:15:56Z,\N,1,assert
acme:product_model:v0048-con-01309-consumable~f0fa3f9ac50d,product_model,v0048,con-01309,consumable,Lindqvist consumable 1309,14.4,supported,2021-01-02T11:05:41Z,\N,2021-01-02T11:05:41Z,\N,1,assert
acme:product_model:v0074-ser-01310-service~c39d8188603d,product_model,v0074,ser-01310,service,Novak service 1310,8.1,supported,2021-01-02T02:55:48Z,\N,2021-01-02T02:55:48Z,\N,1,assert
acme:product_model:v0140-ser-01312-service~bbe4fd0f462e,product_model,v0140,ser-01312,service,Yilmaz service 1312,8.3,supported,2021-01-02T22:04:46Z,\N,2021-01-02T22:04:46Z,\N,1,assert
acme:product_model:v0055-sof-01313-software~8043070c32dc,product_model,v0055,sof-01313,software,Haddad software 1313,15.8,supported,2021-01-02T13:15:20Z,\N,2021-01-02T13:15:20Z,\N,1,assert
acme:product_model:v0032-sof-01314-software~59efa2874d0e,product_model,v0032,sof-01314,software,Lindqvist software 1314,7.0,supported,2021-01-02T10:26:04Z,\N,2021-01-02T10:26:04Z,\N,1,assert
acme:product_model:v0166-sof-01315-software~f0f11a6ff371,product_model,v0166,sof-01315,software,Castellanos software 1315,3.0,eol,2021-01-02T21:03:00Z,\N,2021-01-02T21:03:00Z,\N,1,assert
acme:product_model:v0082-sof-01321-software~03b9c4661189,product_model,v0082,sof-01321,software,Tanaka software 1321,18.4,supported,2021-01-02T13:07:17Z,\N,2021-01-02T13:07:17Z,\N,1,assert
acme:product_model:v0170-ser-01324-service~5c51e49e64e3,product_model,v0170,ser-01324,service,Kovac service 1324,1.1,supported,2021-01-02T07:19:52Z,\N,2021-01-02T07:19:52Z,\N,1,assert
acme:product_model:v0167-sof-01328-software~dcf0e9d6d973,product_model,v0167,sof-01328,software,Delacroix software 1328,19.9,unknown,2021-01-02T19:49:29Z,\N,2021-01-02T19:49:29Z,\N,1,assert
acme:product_model:v0151-ser-01336-service~ecc77d796107,product_model,v0151,ser-01336,service,Gundersen service 1336,23.1,supported,2021-01-02T00:26:52Z,\N,2021-01-02T00:26:52Z,\N,1,assert
acme:product_model:v0082-sof-01348-software~3ec6344cae29,product_model,v0082,sof-01348,software,Zhang software 1348,7.0,eol,2021-01-02T13:00:36Z,\N,2021-01-02T13:00:36Z,\N,1,assert
acme:product_model:v0144-sof-01357-software~d5e68602bd05,product_model,v0144,sof-01357,software,Silvestri software 1357,19.8,supported,2021-01-02T20:36:47Z,\N,2021-01-02T20:36:47Z,\N,1,assert
acme:product_model:v0166-sof-01362-software~65fc648a70ca,product_model,v0166,sof-01362,software,Bergstrom software 1362,5.10,supported,2021-01-02T15:58:39Z,\N,2021-01-02T15:58:39Z,\N,1,assert
acme:product_model:v0170-sof-01363-software~cf2f6985894b,product_model,v0170,sof-01363,software,Nakamura software 1363,10.10,eol,2021-01-02T13:09:49Z,\N,2021-01-02T13:09:49Z,\N,1,assert
acme:product_model:v0071-ser-01365-service~114a04ec1888,product_model,v0071,ser-01365,service,Ueda service 1365,8.0,supported,2021-01-02T22:49:08Z,\N,2021-01-02T22:49:08Z,\N,1,assert
acme:product_model:v0120-sof-01368-software~cf6965e94a42,product_model,v0120,sof-01368,software,Bergstrom software 1368,9.2,supported,2021-01-02T09:34:51Z,\N,2021-01-02T09:34:51Z,\N,1,assert
acme:product_model:v0152-ser-01369-service~622786b81b72,product_model,v0152,ser-01369,service,Weiss service 1369,10.9,supported,2021-01-02T01:06:27Z,\N,2021-01-02T01:06:27Z,\N,1,assert
acme:product_model:v0148-sof-01372-software~4fb39b53e347,product_model,v0148,sof-01372,software,Marchetti software 1372,17.1,supported,2021-01-02T20:51:01Z,\N,2021-01-02T20:51:01Z,\N,1,assert
acme:product_model:v0071-sof-01377-software~1f1b10c32712,product_model,v0071,sof-01377,software,Zhang software 1377,3.1,supported,2021-01-02T12:09:33Z,\N,2021-01-02T12:09:33Z,\N,1,assert
acme:product_model:v0082-sof-01383-software~b34290845e8b,product_model,v0082,sof-01383,software,Pereira software 1383,14.11,supported,2021-01-02T16:40:38Z,\N,2021-01-02T16:40:38Z,\N,1,assert
acme:product_model:v0076-sof-01391-software~720ec26f958b,product_model,v0076,sof-01391,software,Chowdhury software 1391,8.1,unsupported,2021-01-02T19:35:35Z,\N,2021-01-02T19:35:35Z,\N,1,assert
acme:product_model:v0119-sof-01392-software~36b096d76c00,product_model,v0119,sof-01392,software,Weiss software 1392,3.5,supported,2021-01-02T20:41:19Z,\N,2021-01-02T20:41:19Z,\N,1,assert
acme:product_model:v0140-sof-01393-software~0fb1ce48ad25,product_model,v0140,sof-01393,software,Bergstrom software 1393,9.6,supported,2021-01-02T19:55:16Z,\N,2021-01-02T19:55:16Z,\N,1,assert
acme:product_model:v0044-ser-01402-service~aca064155677,product_model,v0044,ser-01402,service,Ueda service 1402,16.3,eol,2021-01-02T07:33:59Z,\N,2021-01-02T07:33:59Z,\N,1,assert
acme:product_model:v0131-sof-01403-software~b8029d481e7f,product_model,v0131,sof-01403,software,Lindqvist software 1403,6.0,supported,2021-01-02T04:33:15Z,\N,2021-01-02T04:33:15Z,\N,1,assert
acme:product_model:v0144-ser-01410-service~02935b0dc84d,product_model,v0144,ser-01410,service,Rasmussen service 1410,6.3,supported,2021-01-02T17:06:08Z,\N,2021-01-02T17:06:08Z,\N,1,assert
acme:product_model:v0170-ser-01412-service~4b6549513565,product_model,v0170,ser-01412,service,Quintero service 1412,7.7,supported,2021-01-02T18:16:43Z,\N,2021-01-02T18:16:43Z,\N,1,assert
acme:product_model:v0109-sof-01420-software~7599fb636929,product_model,v0109,sof-01420,software,Zhang software 1420,10.9,supported,2021-01-02T00:02:43Z,\N,2021-01-02T00:02:43Z,\N,1,assert
acme:product_model:v0000-sof-01423-software~0e7ba637f9b4,product_model,v0000,sof-01423,software,Vaughan software 1423,19.9,supported,2021-01-02T19:52:34Z,\N,2021-01-02T19:52:34Z,\N,1,assert
acme:product_model:v0055-sof-01427-software~b262b76c2ca9,product_model,v0055,sof-01427,software,Quintero software 1427,1.10,unsupported,2021-01-02T11:51:46Z,\N,2021-01-02T11:51:46Z,\N,1,assert
acme:product_model:v0091-har-01438-hardware~8d615b2a44eb,product_model,v0091,har-01438,hardware,Yilmaz hardware 1438,3.9,supported,2021-01-02T13:05:30Z,\N,2021-01-02T13:05:30Z,\N,1,assert
acme:product_model:v0065-ser-01441-service~c924044cf8a6,product_model,v0065,ser-01441,service,Kovac service 1441,15.1,supported,2021-01-02T05:19:29Z,\N,2021-01-02T05:19:29Z,\N,1,assert
acme:product_model:v0025-sof-01444-software~a7c6397ed3f4,product_model,v0025,sof-01444,software,Gundersen software 1444,19.3,supported,2021-01-02T14:54:28Z,\N,2021-01-02T14:54:28Z,\N,1,assert
acme:product_model:v0071-sof-01455-software~8962f626399b,product_model,v0071,sof-01455,software,Schneider software 1455,20.3,eol,2021-01-02T02:43:11Z,\N,2021-01-02T02:43:11Z,\N,1,assert
acme:product_model:v0076-sof-01460-software~08805c5cc73c,product_model,v0076,sof-01460,software,Mbatha software 1460,7.7,eol,2021-01-02T23:40:43Z,\N,2021-01-02T23:40:43Z,\N,1,assert
acme:product_model:v0120-ser-01461-service~6be4686f4cab,product_model,v0120,ser-01461,service,Bergstrom service 1461,2.7,supported,2021-01-02T15:09:26Z,\N,2021-01-02T15:09:26Z,\N,1,assert
acme:product_model:v0124-ser-01464-service~091afa8e6fe6,product_model,v0124,ser-01464,service,Gallagher service 1464,7.4,supported,2021-01-02T00:24:11Z,\N,2021-01-02T00:24:11Z,\N,1,assert
acme:product_model:v0065-har-01473-hardware~1c86027f5e45,product_model,v0065,har-01473,hardware,Tanaka hardware 1473,13.7,supported,2021-01-02T21:36:33Z,\N,2021-01-02T21:36:33Z,\N,1,assert
acme:product_model:v0065-ser-01483-service~0b0f2e1961b3,product_model,v0065,ser-01483,service,Lindqvist service 1483,21.7,supported,2021-01-02T04:18:16Z,\N,2021-01-02T04:18:16Z,\N,1,assert
acme:product_model:v0120-har-01497-hardware~98caa92b641b,product_model,v0120,har-01497,hardware,Okonkwo hardware 1497,23.0,eol,2021-01-02T21:47:05Z,\N,2021-01-02T21:47:05Z,\N,1,assert
acme:product_model:v0119-ser-01502-service~e28260c2106f,product_model,v0119,ser-01502,service,Castellanos service 1502,7.0,supported,2021-01-02T15:54:45Z,\N,2021-01-02T15:54:45Z,\N,1,assert
acme:product_model:v0000-sof-01503-software~75c6691106c9,product_model,v0000,sof-01503,software,Kovac software 1503,3.1,supported,2021-01-02T14:04:45Z,\N,2021-01-02T14:04:45Z,\N,1,assert
acme:product_model:v0000-ser-01508-service~719cff0c76f7,product_model,v0000,ser-01508,service,Schneider service 1508,23.10,unsupported,2021-01-02T14:49:23Z,\N,2021-01-02T14:49:23Z,\N,1,assert
acme:product_model:v0166-har-01513-hardware~a9a73c7067f6,product_model,v0166,har-01513,hardware,Thorsen hardware 1513,23.1,supported,2021-01-02T15:53:32Z,\N,2021-01-02T15:53:32Z,\N,1,assert
acme:product_model:v0140-con-01514-consumable~6e6d0e4ee98e,product_model,v0140,con-01514,consumable,Ueda consumable 1514,2.2,supported,2021-01-02T07:00:27Z,\N,2021-01-02T07:00:27Z,\N,1,assert
acme:product_model:v0152-sof-01521-software~8c807643fab7,product_model,v0152,sof-01521,software,Eberhardt software 1521,4.3,supported,2021-01-02T16:07:03Z,\N,2021-01-02T16:07:03Z,\N,1,assert
acme:product_model:v0158-har-01530-hardware~023724db42f6,product_model,v0158,har-01530,hardware,Silvestri hardware 1530,12.4,supported,2021-01-02T08:36:31Z,\N,2021-01-02T08:36:31Z,\N,1,assert
acme:product_model:v0120-sof-01538-software~5027450719a5,product_model,v0120,sof-01538,software,Haddad software 1538,20.11,supported,2021-01-02T04:21:26Z,\N,2021-01-02T04:21:26Z,\N,1,assert
acme:product_model:v0170-har-01542-hardware~950d705ad8f5,product_model,v0170,har-01542,hardware,Marchetti hardware 1542,18.9,supported,2021-01-02T12:02:30Z,\N,2021-01-02T12:02:30Z,\N,1,assert
acme:product_model:v0158-ser-01545-service~84e27f3dd3eb,product_model,v0158,ser-01545,service,Zhang service 1545,12.4,supported,2021-01-02T23:59:36Z,\N,2021-01-02T23:59:36Z,\N,1,assert
acme:product_model:v0028-sof-01550-software~60b4b3d8edf6,product_model,v0028,sof-01550,software,Quintero software 1550,16.9,supported,2021-01-02T04:06:45Z,\N,2021-01-02T04:06:45Z,\N,1,assert
acme:product_model:v0119-sof-01551-software~afb64d6a635e,product_model,v0119,sof-01551,software,Ueda software 1551,4.4,supported,2021-01-02T23:21:32Z,\N,2021-01-02T23:21:32Z,\N,1,assert
acme:product_model:v0131-har-01562-hardware~d286696ef844,product_model,v0131,har-01562,hardware,Zhang hardware 1562,3.5,eol,2021-01-02T18:31:10Z,\N,2021-01-02T18:31:10Z,\N,1,assert
acme:product_model:v0158-sof-01568-software~8709947d46b6,product_model,v0158,sof-01568,software,Zhang software 1568,22.8,supported,2021-01-02T03:55:40Z,\N,2021-01-02T03:55:40Z,\N,1,assert
acme:product_model:v0166-har-01569-hardware~da264530b554,product_model,v0166,har-01569,hardware,Oyelaran hardware 1569,18.8,eol,2021-01-02T14:08:52Z,\N,2021-01-02T14:08:52Z,\N,1,assert
acme:product_model:v0159-sof-01585-software~7e6c205a5f95,product_model,v0159,sof-01585,software,Ueda software 1585,7.4,supported,2021-01-02T18:30:00Z,\N,2021-01-02T18:30:00Z,\N,1,assert
acme:product_model:v0164-sof-01597-software~d25f000a6b80,product_model,v0164,sof-01597,software,Weiss software 1597,8.1,supported,2021-01-02T03:55:34Z,\N,2021-01-02T03:55:34Z,\N,1,assert
acme:product_model:v0058-sof-01622-software~9df80d6ece84,product_model,v0058,sof-01622,software,Ivanova software 1622,3.2,supported,2021-01-02T00:57:34Z,\N,2021-01-02T00:57:34Z,\N,1,assert
acme:product_model:v0074-sof-01624-software~c817a15a2358,product_model,v0074,sof-01624,software,Castellanos software 1624,5.11,supported,2021-01-02T15:41:52Z,\N,2021-01-02T15:41:52Z,\N,1,assert
acme:product_model:v0170-har-01625-hardware~b6f6e92489fb,product_model,v0170,har-01625,hardware,Wagner hardware 1625,14.0,supported,2021-01-02T22:53:39Z,\N,2021-01-02T22:53:39Z,\N,1,assert
acme:product_model:v0131-sof-01628-software~a7fc0e95bd5f,product_model,v0131,sof-01628,software,Kovac software 1628,4.0,eol,2021-01-02T06:10:10Z,\N,2021-01-02T06:10:10Z,\N,1,assert
acme:product_model:v0119-sof-01631-software~af530affd430,product_model,v0119,sof-01631,software,Marchetti software 1631,6.7,supported,2021-01-02T10:48:48Z,\N,2021-01-02T10:48:48Z,\N,1,assert
acme:product_model:v0091-ser-01640-service~cc1c32580a7e,product_model,v0091,ser-01640,service,Fontaine service 1640,12.3,supported,2021-01-02T03:34:08Z,\N,2021-01-02T03:34:08Z,\N,1,assert
acme:product_model:v0119-sof-01649-software~1c69f657d060,product_model,v0119,sof-01649,software,Nakamura software 1649,8.9,supported,2021-01-02T13:36:57Z,\N,2021-01-02T13:36:57Z,\N,1,assert
acme:product_model:v0091-sof-01654-software~f24bb754f23f,product_model,v0091,sof-01654,software,Yilmaz software 1654,13.6,supported,2021-01-02T06:07:07Z,\N,2021-01-02T06:07:07Z,\N,1,assert
acme:product_model:v0074-sof-01658-software~a11643f4e760,product_model,v0074,sof-01658,software,Lindqvist software 1658,8.1,unsupported,2021-01-02T17:59:37Z,\N,2021-01-02T17:59:37Z,\N,1,assert
acme:product_model:v0167-ser-01660-service~d514a514a7a5,product_model,v0167,ser-01660,service,Oyelaran service 1660,14.8,unknown,2021-01-02T04:39:55Z,\N,2021-01-02T04:39:55Z,\N,1,assert
acme:product_model:v0158-ser-01662-service~944b560fda32,product_model,v0158,ser-01662,service,Oyelaran service 1662,2.3,supported,2021-01-02T17:48:33Z,\N,2021-01-02T17:48:33Z,\N,1,assert
acme:product_model:v0055-sof-01685-software~7893eeed0f4b,product_model,v0055,sof-01685,software,Vaughan software 1685,6.8,supported,2021-01-02T13:58:12Z,\N,2021-01-02T13:58:12Z,\N,1,assert
acme:product_model:v0044-ser-01691-service~9899d141201b,product_model,v0044,ser-01691,service,Silvestri service 1691,14.3,supported,2021-01-02T07:29:11Z,\N,2021-01-02T07:29:11Z,\N,1,assert
acme:product_model:v0055-sof-01698-software~6ed6ac2e1d2f,product_model,v0055,sof-01698,software,Silvestri software 1698,17.10,supported,2021-01-02T07:26:19Z,\N,2021-01-02T07:26:19Z,\N,1,assert
acme:product_model:v0017-ser-01701-service~6ecdce5076d7,product_model,v0017,ser-01701,service,Bergstrom service 1701,19.0,supported,2021-01-02T08:12:04Z,\N,2021-01-02T08:12:04Z,\N,1,assert
acme:product_model:v0076-ser-01708-service~c576f3438a14,product_model,v0076,ser-01708,service,Ueda service 1708,18.5,eol,2021-01-02T18:17:41Z,\N,2021-01-02T18:17:41Z,\N,1,assert
acme:product_model:v0151-sof-01717-software~26a4f013f64c,product_model,v0151,sof-01717,software,Eberhardt software 1717,10.6,supported,2021-01-02T16:48:23Z,\N,2021-01-02T16:48:23Z,\N,1,assert
acme:product_model:v0085-har-01719-hardware~d6161bffab93,product_model,v0085,har-01719,hardware,Abbott hardware 1719,19.4,eol,2021-01-02T23:04:46Z,\N,2021-01-02T23:04:46Z,\N,1,assert
acme:product_model:v0048-sof-01721-software~3ecb6d2c30df,product_model,v0048,sof-01721,software,Eberhardt software 1721,7.4,supported,2021-01-02T00:45:09Z,\N,2021-01-02T00:45:09Z,\N,1,assert
acme:product_model:v0131-sof-01723-software~41a565bcd7ee,product_model,v0131,sof-01723,software,Eberhardt software 1723,9.8,supported,2021-01-02T20:48:24Z,\N,2021-01-02T20:48:24Z,\N,1,assert
acme:product_model:v0144-har-01728-hardware~27f9b82de248,product_model,v0144,har-01728,hardware,Marchetti hardware 1728,16.7,eol,2021-01-02T03:20:31Z,\N,2021-01-02T03:20:31Z,\N,1,assert
acme:product_model:v0082-sof-01730-software~2fc1f461d62f,product_model,v0082,sof-01730,software,Pereira software 1730,17.3,eol,2021-01-02T19:47:14Z,\N,2021-01-02T19:47:14Z,\N,1,assert
acme:product_model:v0119-ser-01731-service~ff9213dfe859,product_model,v0119,ser-01731,service,Mbatha service 1731,6.0,eol,2021-01-02T02:49:30Z,\N,2021-01-02T02:49:30Z,\N,1,assert
acme:product_model:v0124-ser-01737-service~5f534003eff0,product_model,v0124,ser-01737,service,Gundersen service 1737,18.2,supported,2021-01-02T18:03:45Z,\N,2021-01-02T18:03:45Z,\N,1,assert
acme:product_model:v0059-sof-01740-software~d3e087e5eacd,product_model,v0059,sof-01740,software,Fontaine software 1740,14.4,eol,2021-01-02T18:10:22Z,\N,2021-01-02T18:10:22Z,\N,1,assert
acme:product_model:v0119-sof-01743-software~09c2e75a94fa,product_model,v0119,sof-01743,software,Okonkwo software 1743,12.3,supported,2021-01-02T21:14:14Z,\N,2021-01-02T21:14:14Z,\N,1,assert
acme:product_model:v0071-sof-01744-software~1de4736ee0a7,product_model,v0071,sof-01744,software,Eberhardt software 1744,20.11,supported,2021-01-02T01:59:36Z,\N,2021-01-02T01:59:36Z,\N,1,assert
acme:product_model:v0017-sof-01746-software~3760cc5465a5,product_model,v0017,sof-01746,software,Fontaine software 1746,4.9,supported,2021-01-02T16:17:19Z,\N,2021-01-02T16:17:19Z,\N,1,assert
acme:product_model:v0120-ser-01753-service~e89cb3d61315,product_model,v0120,ser-01753,service,Zhang service 1753,2.6,supported,2021-01-02T16:22:45Z,\N,2021-01-02T16:22:45Z,\N,1,assert
acme:product_model:v0024-sof-01767-software~eab4f35e828e,product_model,v0024,sof-01767,software,Vaughan software 1767,7.8,unknown,2021-01-02T22:50:05Z,\N,2021-01-02T22:50:05Z,\N,1,assert
acme:product_model:v0031-har-01768-hardware~daaebefe3cfa,product_model,v0031,har-01768,hardware,Novak hardware 1768,5.8,supported,2021-01-02T09:48:31Z,\N,2021-01-02T09:48:31Z,\N,1,assert
acme:product_model:v0025-har-01769-hardware~d3e5f2c1e5d5,product_model,v0025,har-01769,hardware,Schneider hardware 1769,13.8,supported,2021-01-02T20:15:52Z,\N,2021-01-02T20:15:52Z,\N,1,assert
acme:product_model:v0034-ser-01770-service~a1a50f1e1a2b,product_model,v0034,ser-01770,service,Ueda service 1770,11.6,supported,2021-01-02T12:35:36Z,\N,2021-01-02T12:35:36Z,\N,1,assert
acme:product_model:v0138-con-01774-consumable~a94d43aa5b3f,product_model,v0138,con-01774,consumable,Rasmussen consumable 1774,4.0,unknown,2021-01-02T17:25:32Z,\N,2021-01-02T17:25:32Z,\N,1,assert
acme:product_model:v0025-sof-01779-software~7a9f98a9c6fe,product_model,v0025,sof-01779,software,Novak software 1779,14.2,supported,2021-01-02T23:10:13Z,\N,2021-01-02T23:10:13Z,\N,1,assert
acme:product_model:v0109-sof-01784-software~897765197828,product_model,v0109,sof-01784,software,Delacroix software 1784,13.3,supported,2021-01-02T02:13:49Z,\N,2021-01-02T02:13:49Z,\N,1,assert
acme:product_model:v0118-har-01785-hardware~593faa1356d6,product_model,v0118,har-01785,hardware,Bergstrom hardware 1785,18.1,supported,2021-01-02T11:17:05Z,\N,2021-01-02T11:17:05Z,\N,1,assert
acme:product_model:v0120-con-01796-consumable~26b2b6c96429,product_model,v0120,con-01796,consumable,Santos consumable 1796,14.7,unknown,2021-01-02T17:58:14Z,\N,2021-01-02T17:58:14Z,\N,1,assert
acme:product_model:v0032-har-01803-hardware~aa0237f4a8dd,product_model,v0032,har-01803,hardware,Ivanova hardware 1803,18.3,supported,2021-01-02T00:24:36Z,\N,2021-01-02T00:24:36Z,\N,1,assert
acme:product_model:v0065-ser-01809-service~e101be4dfcff,product_model,v0065,ser-01809,service,Vaughan service 1809,2.11,eol,2021-01-02T10:38:31Z,\N,2021-01-02T10:38:31Z,\N,1,assert
acme:product_model:v0164-har-01810-hardware~d82b6a58c971,product_model,v0164,har-01810,hardware,Gallagher hardware 1810,21.10,supported,2021-01-02T22:53:31Z,\N,2021-01-02T22:53:31Z,\N,1,assert
acme:product_model:v0151-sof-01813-software~6be8a8b7a681,product_model,v0151,sof-01813,software,Pereira software 1813,15.3,supported,2021-01-02T08:26:43Z,\N,2021-01-02T08:26:43Z,\N,1,assert
acme:product_model:v0031-har-01831-hardware~e3aaf17b55a1,product_model,v0031,har-01831,hardware,Oyelaran hardware 1831,14.10,unsupported,2021-01-02T00:15:31Z,\N,2021-01-02T00:15:31Z,\N,1,assert
acme:product_model:v0138-sof-01839-software~637724ea3b10,product_model,v0138,sof-01839,software,Gallagher software 1839,4.9,supported,2021-01-02T11:50:33Z,\N,2021-01-02T11:50:33Z,\N,1,assert
acme:product_model:v0167-ser-01841-service~5e85cc362e20,product_model,v0167,ser-01841,service,Haddad service 1841,6.10,eol,2021-01-02T00:00:22Z,\N,2021-01-02T00:00:22Z,\N,1,assert
acme:product_model:v0032-sof-01844-software~5c550e3a854f,product_model,v0032,sof-01844,software,Quintero software 1844,3.10,eol,2021-01-02T00:53:01Z,\N,2021-01-02T00:53:01Z,\N,1,assert
acme:product_model:v0158-sof-01848-software~4de29a91b4c5,product_model,v0158,sof-01848,software,Delacroix software 1848,9.6,supported,2021-01-02T01:08:24Z,\N,2021-01-02T01:08:24Z,\N,1,assert
acme:product_model:v0119-ser-01851-service~2879c9953233,product_model,v0119,ser-01851,service,Chowdhury service 1851,11.1,supported,2021-01-02T04:23:38Z,\N,2021-01-02T04:23:38Z,\N,1,assert
acme:product_model:v0148-ser-01853-service~34400f6b1bdc,product_model,v0148,ser-01853,service,Wagner service 1853,20.5,eol,2021-01-02T03:46:48Z,\N,2021-01-02T03:46:48Z,\N,1,assert
acme:product_model:v0091-sof-01862-software~3b1741a116e5,product_model,v0091,sof-01862,software,Chowdhury software 1862,17.5,supported,2021-01-02T17:25:48Z,\N,2021-01-02T17:25:48Z,\N,1,assert
acme:product_model:v0000-sof-01879-software~edc6459df74f,product_model,v0000,sof-01879,software,Gallagher software 1879,14.1,supported,2021-01-02T21:31:58Z,\N,2021-01-02T21:31:58Z,\N,1,assert
acme:product_model:v0024-har-01881-hardware~f0aaf73fdef3,product_model,v0024,har-01881,hardware,Okonkwo hardware 1881,6.3,unsupported,2021-01-02T16:48:43Z,\N,2021-01-02T16:48:43Z,\N,1,assert
acme:product_model:v0055-sof-01885-software~729597450b9f,product_model,v0055,sof-01885,software,Baptiste software 1885,7.3,unknown,2021-01-02T16:24:12Z,\N,2021-01-02T16:24:12Z,\N,1,assert
acme:product_model:v0166-ser-01894-service~99425e14fdb6,product_model,v0166,ser-01894,service,Silvestri service 1894,12.8,unsupported,2021-01-02T05:45:29Z,\N,2021-01-02T05:45:29Z,\N,1,assert
acme:product_model:v0024-sof-01898-software~e6ea85f39f85,product_model,v0024,sof-01898,software,Thorsen software 1898,20.3,eol,2021-01-02T11:08:23Z,\N,2021-01-02T11:08:23Z,\N,1,assert
acme:product_model:v0159-har-01901-hardware~592c558cc17c,product_model,v0159,har-01901,hardware,Okonkwo hardware 1901,11.0,supported,2021-01-02T17:58:58Z,\N,2021-01-02T17:58:58Z,\N,1,assert
acme:product_model:v0017-sof-01907-software~2914ec2b0d30,product_model,v0017,sof-01907,software,Silvestri software 1907,9.10,supported,2021-01-02T13:22:45Z,\N,2021-01-02T13:22:45Z,\N,1,assert
acme:product_model:v0120-sof-01909-software~7f08a758c3f9,product_model,v0120,sof-01909,software,Chowdhury software 1909,14.11,unknown,2021-01-02T20:08:06Z,\N,2021-01-02T20:08:06Z,\N,1,assert
acme:product_model:v0076-sof-01927-software~f4c2f18aaf37,product_model,v0076,sof-01927,software,Wagner software 1927,5.5,supported,2021-01-02T03:27:00Z,\N,2021-01-02T03:27:00Z,\N,1,assert
acme:product_model:v0159-sof-01930-software~d9fd312a38e3,product_model,v0159,sof-01930,software,Nakamura software 1930,21.7,supported,2021-01-02T14:25:05Z,\N,2021-01-02T14:25:05Z,\N,1,assert
acme:product_model:v0055-har-01940-hardware~0b7ec891e90b,product_model,v0055,har-01940,hardware,Jablonski hardware 1940,15.0,supported,2021-01-02T15:50:47Z,\N,2021-01-02T15:50:47Z,\N,1,assert
acme:product_model:v0148-sof-01957-software~eafe2fcdbacc,product_model,v0148,sof-01957,software,Pereira software 1957,1.1,supported,2021-01-02T20:13:27Z,\N,2021-01-02T20:13:27Z,\N,1,assert
acme:product_model:v0140-ser-01964-service~822e4107e903,product_model,v0140,ser-01964,service,Chowdhury service 1964,20.7,supported,2021-01-02T21:00:46Z,\N,2021-01-02T21:00:46Z,\N,1,assert
acme:product_model:v0170-har-01966-hardware~3d7a46fda189,product_model,v0170,har-01966,hardware,Kovac hardware 1966,7.0,supported,2021-01-02T06:16:54Z,\N,2021-01-02T06:16:54Z,\N,1,assert
acme:product_model:v0091-ser-01968-service~71c60051fe09,product_model,v0091,ser-01968,service,Lindqvist service 1968,12.1,unsupported,2021-01-02T08:02:20Z,\N,2021-01-02T08:02:20Z,\N,1,assert
acme:product_model:v0058-sof-01970-software~bce94a2c8277,product_model,v0058,sof-01970,software,Zhang software 1970,4.2,supported,2021-01-02T23:21:22Z,\N,2021-01-02T23:21:22Z,\N,1,assert
acme:product_model:v0118-sof-01976-software~e5ec979df2ce,product_model,v0118,sof-01976,software,Kaminski software 1976,17.0,eol,2021-01-02T06:51:52Z,\N,2021-01-02T06:51:52Z,\N,1,assert
acme:product_model:v0131-sof-01986-software~c49c304e0b17,product_model,v0131,sof-01986,software,Gundersen software 1986,3.11,eol,2021-01-02T11:11:49Z,\N,2021-01-02T11:11:49Z,\N,1,assert
acme:product_model:v0148-sof-01991-software~f3c1417cf9ca,product_model,v0148,sof-01991,software,Zhang software 1991,5.0,supported,2021-01-02T15:20:31Z,\N,2021-01-02T15:20:31Z,\N,1,assert
acme:product_model:v0164-sof-01992-software~36a36209210e,product_model,v0164,sof-01992,software,Tanaka software 1992,16.11,supported,2021-01-02T21:57:16Z,\N,2021-01-02T21:57:16Z,\N,1,assert
acme:product_model:v0044-sof-02014-software~1579fec7f0c3,product_model,v0044,sof-02014,software,Fontaine software 2014,5.10,supported,2021-01-02T17:46:40Z,\N,2021-01-02T17:46:40Z,\N,1,assert
acme:product_model:v0091-sof-02016-software~0a9128107c5c,product_model,v0091,sof-02016,software,Abbott software 2016,13.3,unsupported,2021-01-02T15:45:03Z,\N,2021-01-02T15:45:03Z,\N,1,assert
acme:product_model:v0034-sof-02020-software~8c4a6b6b32af,product_model,v0034,sof-02020,software,Pereira software 2020,4.5,eol,2021-01-02T12:38:14Z,\N,2021-01-02T12:38:14Z,\N,1,assert
acme:product_model:v0025-har-02029-hardware~24cd81071c68,product_model,v0025,har-02029,hardware,Chowdhury hardware 2029,23.10,supported,2021-01-02T20:56:30Z,\N,2021-01-02T20:56:30Z,\N,1,assert
acme:product_model:v0000-con-02032-consumable~f8e5e537af55,product_model,v0000,con-02032,consumable,Silvestri consumable 2032,9.8,unknown,2021-01-02T17:34:35Z,\N,2021-01-02T17:34:35Z,\N,1,assert
acme:product_model:v0159-sof-02034-software~022295b0d127,product_model,v0159,sof-02034,software,Kovac software 2034,15.8,eol,2021-01-02T21:17:00Z,\N,2021-01-02T21:17:00Z,\N,1,assert
acme:product_model:v0000-sof-02044-software~167cadee4c8d,product_model,v0000,sof-02044,software,Yilmaz software 2044,18.8,eol,2021-01-02T23:26:24Z,\N,2021-01-02T23:26:24Z,\N,1,assert
acme:product_model:v0076-sof-02045-software~f8f244eb165b,product_model,v0076,sof-02045,software,Tanaka software 2045,7.6,unsupported,2021-01-02T00:34:08Z,\N,2021-01-02T00:34:08Z,\N,1,assert
acme:product_model:v0144-sof-02054-software~2c520988efe8,product_model,v0144,sof-02054,software,Baptiste software 2054,11.11,supported,2021-01-02T21:00:44Z,\N,2021-01-02T21:00:44Z,\N,1,assert
acme:product_model:v0144-sof-02059-software~136b3e1194c4,product_model,v0144,sof-02059,software,Nakamura software 2059,15.0,supported,2021-01-02T17:31:24Z,\N,2021-01-02T17:31:24Z,\N,1,assert
acme:product_model:v0055-sof-02062-software~7bcf380bb0dc,product_model,v0055,sof-02062,software,Mbatha software 2062,10.6,supported,2021-01-02T11:05:50Z,\N,2021-01-02T11:05:50Z,\N,1,assert
acme:product_model:v0091-har-02068-hardware~d05fe4429122,product_model,v0091,har-02068,hardware,Haddad hardware 2068,12.5,eol,2021-01-02T13:16:46Z,\N,2021-01-02T13:16:46Z,\N,1,assert
acme:product_model:v0000-har-02074-hardware~fd2a69ef2675,product_model,v0000,har-02074,hardware,Quintero hardware 2074,10.8,eol,2021-01-02T20:00:08Z,\N,2021-01-02T20:00:08Z,\N,1,assert
acme:product_model:v0109-har-02076-hardware~146c5990d66d,product_model,v0109,har-02076,hardware,Haddad hardware 2076,15.5,supported,2021-01-02T15:38:24Z,\N,2021-01-02T15:38:24Z,\N,1,assert
acme:product_model:v0119-sof-02080-software~51194d13d839,product_model,v0119,sof-02080,software,Yilmaz software 2080,4.4,supported,2021-01-02T01:11:11Z,\N,2021-01-02T01:11:11Z,\N,1,assert
acme:product_model:v0109-har-02087-hardware~ba41a2d47220,product_model,v0109,har-02087,hardware,Fontaine hardware 2087,3.10,unsupported,2021-01-02T06:45:02Z,\N,2021-01-02T06:45:02Z,\N,1,assert
acme:product_model:v0058-har-02093-hardware~19888a45d1be,product_model,v0058,har-02093,hardware,Santos hardware 2093,23.0,supported,2021-01-02T07:20:27Z,\N,2021-01-02T07:20:27Z,\N,1,assert
acme:product_model:v0118-sof-02108-software~ccb1abf17cac,product_model,v0118,sof-02108,software,Oyelaran software 2108,4.2,supported,2021-01-02T23:38:47Z,\N,2021-01-02T23:38:47Z,\N,1,assert
acme:product_model:v0124-sof-02110-software~83e00811b3cc,product_model,v0124,sof-02110,software,Ueda software 2110,11.7,supported,2021-01-02T15:41:32Z,\N,2021-01-02T15:41:32Z,\N,1,assert
acme:product_model:v0166-sof-02113-software~a6789b54b2b2,product_model,v0166,sof-02113,software,Mbatha software 2113,19.11,eol,2021-01-02T20:51:26Z,\N,2021-01-02T20:51:26Z,\N,1,assert
acme:product_model:v0170-sof-02114-software~7dc0db872ad8,product_model,v0170,sof-02114,software,Lindqvist software 2114,5.4,supported,2021-01-02T01:17:14Z,\N,2021-01-02T01:17:14Z,\N,1,assert
acme:product_model:v0151-sof-02115-software~2a99b4c0ef76,product_model,v0151,sof-02115,software,Fontaine software 2115,4.4,supported,2021-01-02T05:35:19Z,\N,2021-01-02T05:35:19Z,\N,1,assert
acme:product_model:v0076-sof-02125-software~4ae61051b215,product_model,v0076,sof-02125,software,Oyelaran software 2125,15.1,supported,2021-01-02T02:06:59Z,\N,2021-01-02T02:06:59Z,\N,1,assert
acme:product_model:v0048-ser-02126-service~b97f2d2e412b,product_model,v0048,ser-02126,service,Rasmussen service 2126,9.9,supported,2021-01-02T12:29:20Z,\N,2021-01-02T12:29:20Z,\N,1,assert
acme:product_model:v0024-har-02128-hardware~9eab109f1944,product_model,v0024,har-02128,hardware,Okonkwo hardware 2128,19.9,eol,2021-01-02T12:41:44Z,\N,2021-01-02T12:41:44Z,\N,1,assert
acme:product_model:v0124-sof-02132-software~67838d27f2c6,product_model,v0124,sof-02132,software,Abbott software 2132,20.8,supported,2021-01-02T19:40:15Z,\N,2021-01-02T19:40:15Z,\N,1,assert
acme:product_model:v0076-ser-02134-service~28ea7a3fc84c,product_model,v0076,ser-02134,service,Marchetti service 2134,8.3,unknown,2021-01-02T02:28:30Z,\N,2021-01-02T02:28:30Z,\N,1,assert
acme:product_model:v0024-sof-02136-software~97431f47bfcb,product_model,v0024,sof-02136,software,Novak software 2136,22.6,eol,2021-01-02T03:30:30Z,\N,2021-01-02T03:30:30Z,\N,1,assert
acme:product_model:v0159-sof-02140-software~ccfaf0e79139,product_model,v0159,sof-02140,software,Baptiste software 2140,1.4,supported,2021-01-02T11:24:46Z,\N,2021-01-02T11:24:46Z,\N,1,assert
acme:product_model:v0082-sof-02147-software~e5ce636a9691,product_model,v0082,sof-02147,software,Ueda software 2147,23.8,eol,2021-01-02T02:14:04Z,\N,2021-01-02T02:14:04Z,\N,1,assert
acme:product_model:v0167-ser-02149-service~9a512fe7fb54,product_model,v0167,ser-02149,service,Gundersen service 2149,21.1,unsupported,2021-01-02T05:42:39Z,\N,2021-01-02T05:42:39Z,\N,1,assert
acme:product_model:v0044-sof-02153-software~4c75131e8488,product_model,v0044,sof-02153,software,Tanaka software 2153,15.3,unknown,2021-01-02T18:02:54Z,\N,2021-01-02T18:02:54Z,\N,1,assert
acme:product_model:v0120-sof-02156-software~c4bd84e549ea,product_model,v0120,sof-02156,software,Pereira software 2156,21.6,eol,2021-01-02T08:31:24Z,\N,2021-01-02T08:31:24Z,\N,1,assert
acme:product_model:v0144-ser-02170-service~6b429f79e076,product_model,v0144,ser-02170,service,Marchetti service 2170,14.10,unsupported,2021-01-02T04:10:13Z,\N,2021-01-02T04:10:13Z,\N,1,assert
acme:product_model:v0076-sof-02173-software~01fd3d8c8473,product_model,v0076,sof-02173,software,Abbott software 2173,3.0,eol,2021-01-02T17:34:51Z,\N,2021-01-02T17:34:51Z,\N,1,assert
acme:product_model:v0148-sof-02175-software~f7bf426d8c30,product_model,v0148,sof-02175,software,Vaughan software 2175,10.4,supported,2021-01-02T18:28:56Z,\N,2021-01-02T18:28:56Z,\N,1,assert
acme:product_model:v0164-ser-02177-service~4cce2c999f25,product_model,v0164,ser-02177,service,Kovac service 2177,11.11,supported,2021-01-02T00:37:27Z,\N,2021-01-02T00:37:27Z,\N,1,assert
acme:product_model:v0151-sof-02182-software~03925ae233b8,product_model,v0151,sof-02182,software,Delacroix software 2182,19.2,supported,2021-01-02T13:36:07Z,\N,2021-01-02T13:36:07Z,\N,1,assert
acme:product_model:v0076-con-02187-consumable~a65e84a16135,product_model,v0076,con-02187,consumable,Santos consumable 2187,7.1,supported,2021-01-02T10:53:56Z,\N,2021-01-02T10:53:56Z,\N,1,assert
acme:product_model:v0144-sof-02190-software~527fe9f387df,product_model,v0144,sof-02190,software,Fontaine software 2190,10.7,supported,2021-01-02T20:54:57Z,\N,2021-01-02T20:54:57Z,\N,1,assert
acme:product_model:v0109-sof-02191-software~8e5589173511,product_model,v0109,sof-02191,software,Oyelaran software 2191,21.1,unknown,2021-01-02T06:36:40Z,\N,2021-01-02T06:36:40Z,\N,1,assert
acme:product_model:v0144-har-02195-hardware~e76fcb0f1fc0,product_model,v0144,har-02195,hardware,Pereira hardware 2195,20.2,supported,2021-01-02T12:55:43Z,\N,2021-01-02T12:55:43Z,\N,1,assert
acme:product_model:v0158-sof-02201-software~305fbda2c99f,product_model,v0158,sof-02201,software,Nakamura software 2201,5.0,supported,2021-01-02T18:30:58Z,\N,2021-01-02T18:30:58Z,\N,1,assert
acme:product_model:v0065-sof-02203-software~a6a1716411e0,product_model,v0065,sof-02203,software,Ivanova software 2203,19.1,supported,2021-01-02T13:20:00Z,\N,2021-01-02T13:20:00Z,\N,1,assert
acme:product_model:v0017-ser-02208-service~7bb0a4c2193d,product_model,v0017,ser-02208,service,Thorsen service 2208,23.4,supported,2021-01-02T11:29:31Z,\N,2021-01-02T11:29:31Z,\N,1,assert
acme:product_model:v0124-ser-02211-service~ce13dbc9bbb2,product_model,v0124,ser-02211,service,Yilmaz service 2211,23.4,supported,2021-01-02T23:13:10Z,\N,2021-01-02T23:13:10Z,\N,1,assert
acme:product_model:v0152-sof-02221-software~0f57924eb896,product_model,v0152,sof-02221,software,Fontaine software 2221,18.0,supported,2021-01-02T09:07:49Z,\N,2021-01-02T09:07:49Z,\N,1,assert
acme:product_model:v0058-sof-02227-software~e2c00a992d68,product_model,v0058,sof-02227,software,Baptiste software 2227,15.6,supported,2021-01-02T02:11:40Z,\N,2021-01-02T02:11:40Z,\N,1,assert
acme:product_model:v0166-sof-02250-software~eaf82af299ff,product_model,v0166,sof-02250,software,Ueda software 2250,10.0,eol,2021-01-02T15:17:28Z,\N,2021-01-02T15:17:28Z,\N,1,assert
acme:product_model:v0055-sof-02251-software~e1667bd019ca,product_model,v0055,sof-02251,software,Nakamura software 2251,19.1,supported,2021-01-02T04:18:04Z,\N,2021-01-02T04:18:04Z,\N,1,assert
acme:product_model:v0119-ser-02260-service~3f485b9d782c,product_model,v0119,ser-02260,service,Baptiste service 2260,11.4,unknown,2021-01-02T10:34:55Z,\N,2021-01-02T10:34:55Z,\N,1,assert
acme:product_model:v0082-con-02263-consumable~13503b74e5f6,product_model,v0082,con-02263,consumable,Silvestri consumable 2263,2.8,unsupported,2021-01-02T10:52:19Z,\N,2021-01-02T10:52:19Z,\N,1,assert
acme:product_model:v0119-ser-02265-service~43a4c9715e4b,product_model,v0119,ser-02265,service,Gallagher service 2265,3.11,supported,2021-01-02T15:51:07Z,\N,2021-01-02T15:51:07Z,\N,1,assert
acme:product_model:v0091-ser-02271-service~a36805cf08e1,product_model,v0091,ser-02271,service,Santos service 2271,13.0,supported,2021-01-02T10:35:20Z,\N,2021-01-02T10:35:20Z,\N,1,assert
acme:product_model:v0044-sof-02280-software~a535d604fcdf,product_model,v0044,sof-02280,software,Jablonski software 2280,8.5,unsupported,2021-01-02T23:10:29Z,\N,2021-01-02T23:10:29Z,\N,1,assert
acme:product_model:v0034-sof-02287-software~0a565fde0e71,product_model,v0034,sof-02287,software,Yilmaz software 2287,20.0,unknown,2021-01-02T11:40:03Z,\N,2021-01-02T11:40:03Z,\N,1,assert
acme:product_model:v0065-sof-02290-software~d2b5f1cd4e07,product_model,v0065,sof-02290,software,Santos software 2290,7.10,supported,2021-01-02T21:09:24Z,\N,2021-01-02T21:09:24Z,\N,1,assert
acme:product_model:v0152-har-02291-hardware~2270d1fd031b,product_model,v0152,har-02291,hardware,Castellanos hardware 2291,11.10,unknown,2021-01-02T11:56:17Z,\N,2021-01-02T11:56:17Z,\N,1,assert
acme:product_model:v0065-sof-02293-software~d57115bdaccf,product_model,v0065,sof-02293,software,Bergstrom software 2293,23.7,supported,2021-01-02T08:55:56Z,\N,2021-01-02T08:55:56Z,\N,1,assert
acme:product_model:v0144-har-02305-hardware~e6070c0799ad,product_model,v0144,har-02305,hardware,Marchetti hardware 2305,7.6,supported,2021-01-02T22:52:39Z,\N,2021-01-02T22:52:39Z,\N,1,assert
acme:product_model:v0025-sof-02306-software~12acefb13480,product_model,v0025,sof-02306,software,Oyelaran software 2306,21.11,unsupported,2021-01-02T08:25:16Z,\N,2021-01-02T08:25:16Z,\N,1,assert
acme:product_model:v0158-con-02309-consumable~27ded185f695,product_model,v0158,con-02309,consumable,Gallagher consumable 2309,14.7,eol,2021-01-02T18:39:28Z,\N,2021-01-02T18:39:28Z,\N,1,assert
acme:product_model:v0131-ser-02314-service~7670d0a528f4,product_model,v0131,ser-02314,service,Pereira service 2314,19.0,supported,2021-01-02T21:12:04Z,\N,2021-01-02T21:12:04Z,\N,1,assert
acme:product_model:v0032-ser-02316-service~4e410026aa2d,product_model,v0032,ser-02316,service,Gundersen service 2316,21.6,unsupported,2021-01-02T19:44:51Z,\N,2021-01-02T19:44:51Z,\N,1,assert
acme:product_model:v0082-sof-02327-software~fece29d86854,product_model,v0082,sof-02327,software,Jablonski software 2327,15.2,supported,2021-01-02T20:12:16Z,\N,2021-01-02T20:12:16Z,\N,1,assert
acme:product_model:v0076-ser-02333-service~e52b1bc7878c,product_model,v0076,ser-02333,service,Quintero service 2333,22.7,unsupported,2021-01-02T09:23:10Z,\N,2021-01-02T09:23:10Z,\N,1,assert
acme:product_model:v0159-ser-02341-service~c263a189e988,product_model,v0159,ser-02341,service,Gundersen service 2341,9.10,eol,2021-01-02T05:22:42Z,\N,2021-01-02T05:22:42Z,\N,1,assert
acme:product_model:v0119-sof-02344-software~9cf0a3e44be2,product_model,v0119,sof-02344,software,Delacroix software 2344,20.10,supported,2021-01-02T11:59:48Z,\N,2021-01-02T11:59:48Z,\N,1,assert
acme:product_model:v0024-sof-02355-software~faf9ad6968dd,product_model,v0024,sof-02355,software,Baptiste software 2355,6.10,supported,2021-01-02T14:50:11Z,\N,2021-01-02T14:50:11Z,\N,1,assert
acme:product_model:v0091-sof-02360-software~eb9deace246d,product_model,v0091,sof-02360,software,Thorsen software 2360,10.6,supported,2021-01-02T19:27:59Z,\N,2021-01-02T19:27:59Z,\N,1,assert
acme:product_model:v0124-sof-02367-software~446fd88126ef,product_model,v0124,sof-02367,software,Thorsen software 2367,8.4,supported,2021-01-02T16:01:22Z,\N,2021-01-02T16:01:22Z,\N,1,assert
acme:product_model:v0082-sof-02370-software~e5f25f817815,product_model,v0082,sof-02370,software,Baptiste software 2370,13.5,supported,2021-01-02T00:42:06Z,\N,2021-01-02T00:42:06Z,\N,1,assert
acme:product_model:v0032-sof-02371-software~0d828f114ac5,product_model,v0032,sof-02371,software,Silvestri software 2371,1.9,supported,2021-01-02T11:04:49Z,\N,2021-01-02T11:04:49Z,\N,1,assert
acme:product_model:v0071-sof-02373-software~2e1b64539a40,product_model,v0071,sof-02373,software,Lindqvist software 2373,12.8,supported,2021-01-02T13:22:55Z,\N,2021-01-02T13:22:55Z,\N,1,assert
acme:product_model:v0048-ser-02375-service~cfe90199ec3c,product_model,v0048,ser-02375,service,Nakamura service 2375,16.11,unknown,2021-01-02T00:57:17Z,\N,2021-01-02T00:57:17Z,\N,1,assert
acme:product_model:v0140-sof-02378-software~3c40d72f753a,product_model,v0140,sof-02378,software,Mbatha software 2378,17.6,unsupported,2021-01-02T11:46:09Z,\N,2021-01-02T11:46:09Z,\N,1,assert
acme:product_model:v0131-sof-02379-software~fe5e71b2ecd4,product_model,v0131,sof-02379,software,Delacroix software 2379,23.6,supported,2021-01-02T17:31:09Z,\N,2021-01-02T17:31:09Z,\N,1,assert
acme:product_model:v0164-sof-02390-software~258818638f85,product_model,v0164,sof-02390,software,Pereira software 2390,22.1,supported,2021-01-02T10:09:18Z,\N,2021-01-02T10:09:18Z,\N,1,assert
acme:product_model:v0055-har-02394-hardware~61f809b4b7ce,product_model,v0055,har-02394,hardware,Zhang hardware 2394,16.3,eol,2021-01-02T07:20:46Z,\N,2021-01-02T07:20:46Z,\N,1,assert
acme:product_model:v0071-har-02396-hardware~1efe042b9305,product_model,v0071,har-02396,hardware,Rasmussen hardware 2396,14.9,unsupported,2021-01-02T07:56:57Z,\N,2021-01-02T07:56:57Z,\N,1,assert
acme:product_model:v0085-sof-00229-software~01055fbccad4,product_model,v0085,sof-00229,software,Gallagher software 229,5.2,supported,2021-01-03T04:02:27Z,\N,2021-01-03T04:02:27Z,2023-08-13T00:10:20Z,1,assert
acme:product_model:v0159-sof-00965-software~d3b3a55eac77,product_model,v0159,sof-00965,software,Lindqvist software 965,4.3,eol,2021-01-03T06:00:31Z,2021-07-17T09:43:34Z,2021-01-03T06:00:31Z,\N,1,assert
acme:product_model:v0164-har-00765-hardware~e55aa15667cf,product_model,v0164,har-00765,hardware,Gundersen hardware 765,13.11,supported,2021-01-03T07:33:16Z,\N,2021-01-03T07:33:16Z,2021-12-11T04:25:34Z,1,assert
acme:product_model:v0109-sof-00085-software~6e1fe9bef167,product_model,v0109,sof-00085,software,Lindqvist software 85,18.6,eol,2021-01-03T08:09:54Z,2021-04-28T01:18:58Z,2021-01-03T08:09:54Z,\N,1,assert
acme:product_model:v0017-sof-01666-software~f1f98ed114b6,product_model,v0017,sof-01666,software,Oyelaran software 1666,11.0,eol,2021-01-03T08:50:54Z,2021-04-09T04:52:02Z,2021-01-03T08:50:54Z,\N,1,assert
acme:product_model:v0139-sof-00496-software~1d968b7670ef,product_model,v0139,sof-00496,software,Lindqvist software 496,9.2,supported,2021-01-03T09:17:58Z,\N,2021-01-03T09:17:58Z,2024-01-06T15:28:24Z,1,assert
acme:product_model:v0043-har-02363-hardware~be8bb4ed0a91,product_model,v0043,har-02363,hardware,Gallagher hardware 2363,1.11,unsupported,2021-01-03T09:28:53Z,\N,2021-01-03T09:28:53Z,2024-04-30T22:07:47Z,1,assert
acme:product_model:v0059-sof-01893-software~84486a632a0d,product_model,v0059,sof-01893,software,Oyelaran software 1893,14.0,supported,2021-01-03T09:41:24Z,\N,2021-01-03T09:41:24Z,2026-08-31T10:09:10Z,1,assert
acme:product_model:v0097-sof-00324-software~040c7df3536b,product_model,v0097,sof-00324,software,Jablonski software 324,9.7,eol,2021-01-03T10:11:13Z,2021-12-23T02:33:54Z,2021-01-03T10:11:13Z,\N,1,assert
acme:product_model:v0097-sof-01994-software~0d9f53af2141,product_model,v0097,sof-01994,software,Schneider software 1994,16.3,supported,2021-01-03T13:43:30Z,2022-03-03T14:54:06Z,2021-01-03T13:43:30Z,\N,1,assert
acme:product_model:v0000-sof-01228-software~b6e2fa6be6d2,product_model,v0000,sof-01228,software,Bergstrom software 1228,5.8,supported,2021-01-03T19:20:49Z,2021-03-02T05:54:41Z,2021-01-03T19:20:49Z,\N,1,assert
acme:product_model:v0011-sof-02166-software~73a6775b9458,product_model,v0011,sof-02166,software,Novak software 2166,22.1,unsupported,2021-01-03T19:27:25Z,2021-07-18T15:23:08Z,2021-01-03T19:27:25Z,\N,1,assert
acme:product_model:v0065-ser-00001-service~66fea0551409,product_model,v0065,ser-00001,service,Nakamura service 1,4.9,supported,2021-01-03T22:31:42Z,\N,2021-01-03T22:31:42Z,\N,1,assert
acme:product_model:v0044-sof-00005-software~b0983002645d,product_model,v0044,sof-00005,software,Nakamura software 5,7.11,unknown,2021-01-03T12:20:59Z,\N,2021-01-03T12:20:59Z,\N,1,assert
acme:product_model:v0011-sof-00007-software~98fb176e37b3,product_model,v0011,sof-00007,software,Gallagher software 7,5.3,supported,2021-01-03T15:53:50Z,\N,2021-01-03T15:53:50Z,\N,1,assert
acme:product_model:v0076-ser-00012-service~fce9e1667d7e,product_model,v0076,ser-00012,service,Santos service 12,22.3,supported,2021-01-03T15:36:02Z,\N,2021-01-03T15:36:02Z,\N,1,assert
acme:product_model:v0071-har-00013-hardware~dfed0067239e,product_model,v0071,har-00013,hardware,Santos hardware 13,8.4,eol,2021-01-03T21:57:29Z,\N,2021-01-03T21:57:29Z,\N,1,assert
acme:product_model:v0118-sof-00021-software~1b284bf9453b,product_model,v0118,sof-00021,software,Santos software 21,8.11,supported,2021-01-03T16:04:02Z,\N,2021-01-03T16:04:02Z,\N,1,assert
acme:product_model:v0109-sof-00027-software~1e1520c3e868,product_model,v0109,sof-00027,software,Gundersen software 27,12.8,supported,2021-01-03T22:47:29Z,\N,2021-01-03T22:47:29Z,\N,1,assert
acme:product_model:v0119-sof-00035-software~bf8a434cc069,product_model,v0119,sof-00035,software,Delacroix software 35,7.7,supported,2021-01-03T11:03:53Z,\N,2021-01-03T11:03:53Z,\N,1,assert
acme:product_model:v0030-con-00036-consumable~f3de55f47ccc,product_model,v0030,con-00036,consumable,Gundersen consumable 36,19.4,supported,2021-01-03T09:02:37Z,\N,2021-01-03T09:02:37Z,\N,1,assert
acme:product_model:v0088-sof-00040-software~c5c7f4854e87,product_model,v0088,sof-00040,software,Silvestri software 40,8.9,supported,2021-01-03T23:27:29Z,\N,2021-01-03T23:27:29Z,\N,1,assert
acme:product_model:v0088-sof-00045-software~250703e79871,product_model,v0088,sof-00045,software,Fontaine software 45,12.5,supported,2021-01-03T18:35:11Z,\N,2021-01-03T18:35:11Z,\N,1,assert
acme:product_model:v0121-con-00048-consumable~6d3326c1645f,product_model,v0121,con-00048,consumable,Eberhardt consumable 48,5.4,unsupported,2021-01-03T16:30:29Z,\N,2021-01-03T16:30:29Z,\N,1,assert
acme:product_model:v0074-har-00050-hardware~4951408ed488,product_model,v0074,har-00050,hardware,Wagner hardware 50,23.0,eol,2021-01-03T14:18:56Z,\N,2021-01-03T14:18:56Z,\N,1,assert
acme:product_model:v0098-sof-00056-software~d5ca9f1de607,product_model,v0098,sof-00056,software,Fontaine software 56,10.6,eol,2021-01-03T18:25:07Z,\N,2021-01-03T18:25:07Z,\N,1,assert
acme:product_model:v0169-sof-00060-software~ed10073beacb,product_model,v0169,sof-00060,software,Oyelaran software 60,22.3,eol,2021-01-03T19:32:08Z,\N,2021-01-03T19:32:08Z,\N,1,assert
acme:product_model:v0173-har-00063-hardware~fca53b93ea44,product_model,v0173,har-00063,hardware,Marchetti hardware 63,9.6,unsupported,2021-01-03T16:03:06Z,\N,2021-01-03T16:03:06Z,\N,1,assert
acme:product_model:v0028-sof-00068-software~19b7d68caefc,product_model,v0028,sof-00068,software,Quintero software 68,4.1,supported,2021-01-03T06:31:55Z,\N,2021-01-03T06:31:55Z,\N,1,assert
acme:product_model:v0166-sof-00069-software~ff11b0de3556,product_model,v0166,sof-00069,software,Weiss software 69,11.4,supported,2021-01-03T02:26:04Z,\N,2021-01-03T02:26:04Z,\N,1,assert
acme:product_model:v0109-har-00082-hardware~9fa0950d666d,product_model,v0109,har-00082,hardware,Bergstrom hardware 82,4.1,supported,2021-01-03T09:29:32Z,\N,2021-01-03T09:29:32Z,\N,1,assert
acme:product_model:v0070-sof-00083-software~01ad52771a96,product_model,v0070,sof-00083,software,Kaminski software 83,4.2,eol,2021-01-03T12:56:29Z,\N,2021-01-03T12:56:29Z,\N,1,assert
acme:product_model:v0158-ser-00084-service~8ade09548ffd,product_model,v0158,ser-00084,service,Haddad service 84,17.4,eol,2021-01-03T03:47:58Z,\N,2021-01-03T03:47:58Z,\N,1,assert
acme:product_model:v0098-sof-00096-software~30a358ef1604,product_model,v0098,sof-00096,software,Eberhardt software 96,6.11,supported,2021-01-03T15:23:08Z,\N,2021-01-03T15:23:08Z,\N,1,assert
acme:product_model:v0151-ser-00100-service~77273ef37e92,product_model,v0151,ser-00100,service,Gallagher service 100,16.2,eol,2021-01-03T20:05:53Z,\N,2021-01-03T20:05:53Z,\N,1,assert
acme:product_model:v0088-sof-00116-software~0cbc2d0e81dd,product_model,v0088,sof-00116,software,Yilmaz software 116,3.3,supported,2021-01-03T23:18:09Z,\N,2021-01-03T23:18:09Z,\N,1,assert
acme:product_model:v0043-sof-00119-software~463d91a6f124,product_model,v0043,sof-00119,software,Chowdhury software 119,22.1,supported,2021-01-03T05:49:27Z,\N,2021-01-03T05:49:27Z,\N,1,assert
acme:product_model:v0095-sof-00122-software~1b6247cb5d89,product_model,v0095,sof-00122,software,Silvestri software 122,14.11,eol,2021-01-03T18:00:29Z,\N,2021-01-03T18:00:29Z,\N,1,assert
acme:product_model:v0139-sof-00124-software~11fe77961c64,product_model,v0139,sof-00124,software,Vaughan software 124,15.9,eol,2021-01-03T11:13:29Z,\N,2021-01-03T11:13:29Z,\N,1,assert
acme:product_model:v0036-sof-00131-software~f771857bb284,product_model,v0036,sof-00131,software,Kaminski software 131,15.7,supported,2021-01-03T00:33:10Z,\N,2021-01-03T00:33:10Z,\N,1,assert
acme:product_model:v0119-con-00132-consumable~887ae42fb138,product_model,v0119,con-00132,consumable,Okonkwo consumable 132,9.7,eol,2021-01-03T08:19:39Z,\N,2021-01-03T08:19:39Z,\N,1,assert
acme:product_model:v0148-sof-00136-software~c9155bb77562,product_model,v0148,sof-00136,software,Ueda software 136,16.8,supported,2021-01-03T03:01:11Z,\N,2021-01-03T03:01:11Z,\N,1,assert
acme:product_model:v0170-ser-00146-service~5ca19de0e8b3,product_model,v0170,ser-00146,service,Wagner service 146,12.11,supported,2021-01-03T03:50:07Z,\N,2021-01-03T03:50:07Z,\N,1,assert
acme:product_model:v0070-har-00150-hardware~b0f8e45d78fe,product_model,v0070,har-00150,hardware,Rasmussen hardware 150,5.4,supported,2021-01-03T00:27:13Z,\N,2021-01-03T00:27:13Z,\N,1,assert
acme:product_model:v0055-ser-00159-service~11d9dbc30f61,product_model,v0055,ser-00159,service,Schneider service 159,15.7,supported,2021-01-03T06:54:55Z,\N,2021-01-03T06:54:55Z,\N,1,assert
acme:product_model:v0140-sof-00168-software~d6f53c546958,product_model,v0140,sof-00168,software,Abbott software 168,12.0,unknown,2021-01-03T18:03:53Z,\N,2021-01-03T18:03:53Z,\N,1,assert
acme:product_model:v0006-sof-00170-software~7025baa9effb,product_model,v0006,sof-00170,software,Haddad software 170,15.4,supported,2021-01-03T09:22:27Z,\N,2021-01-03T09:22:27Z,\N,1,assert
acme:product_model:v0006-sof-00177-software~894ce6610d7e,product_model,v0006,sof-00177,software,Schneider software 177,12.0,unsupported,2021-01-03T11:14:59Z,\N,2021-01-03T11:14:59Z,\N,1,assert
acme:product_model:v0167-sof-00180-software~9dc68a34130d,product_model,v0167,sof-00180,software,Zhang software 180,8.1,supported,2021-01-03T02:16:01Z,\N,2021-01-03T02:16:01Z,\N,1,assert
acme:product_model:v0031-har-00196-hardware~717d124b243d,product_model,v0031,har-00196,hardware,Abbott hardware 196,1.6,supported,2021-01-03T03:27:27Z,\N,2021-01-03T03:27:27Z,\N,1,assert
acme:product_model:v0034-sof-00199-software~b7f3937e449b,product_model,v0034,sof-00199,software,Santos software 199,1.4,supported,2021-01-03T01:41:49Z,\N,2021-01-03T01:41:49Z,\N,1,assert
acme:product_model:v0153-sof-00201-software~ec76a790d24f,product_model,v0153,sof-00201,software,Nakamura software 201,20.1,eol,2021-01-03T07:01:05Z,\N,2021-01-03T07:01:05Z,\N,1,assert
acme:product_model:v0017-ser-00206-service~2d702ae8ecb5,product_model,v0017,ser-00206,service,Delacroix service 206,12.7,eol,2021-01-03T10:29:39Z,\N,2021-01-03T10:29:39Z,\N,1,assert
acme:product_model:v0007-sof-00208-software~09b6437b3d6f,product_model,v0007,sof-00208,software,Tanaka software 208,8.5,supported,2021-01-03T01:00:44Z,\N,2021-01-03T01:00:44Z,\N,1,assert
acme:product_model:v0005-ser-00209-service~514809cc4a12,product_model,v0005,ser-00209,service,Santos service 209,9.3,unsupported,2021-01-03T13:18:32Z,\N,2021-01-03T13:18:32Z,\N,1,assert
acme:product_model:v0038-sof-00227-software~49be1c466e14,product_model,v0038,sof-00227,software,Ivanova software 227,6.7,supported,2021-01-03T08:23:52Z,\N,2021-01-03T08:23:52Z,\N,1,assert
acme:product_model:v0144-har-00231-hardware~6453234fe6df,product_model,v0144,har-00231,hardware,Silvestri hardware 231,13.1,unknown,2021-01-03T00:46:39Z,\N,2021-01-03T00:46:39Z,\N,1,assert
acme:product_model:v0033-sof-00241-software~4b957ab73a09,product_model,v0033,sof-00241,software,Ueda software 241,18.3,eol,2021-01-03T12:14:02Z,\N,2021-01-03T12:14:02Z,\N,1,assert
acme:product_model:v0152-sof-00247-software~58749f173be3,product_model,v0152,sof-00247,software,Chowdhury software 247,15.5,eol,2021-01-03T19:19:06Z,\N,2021-01-03T19:19:06Z,\N,1,assert
acme:product_model:v0176-sof-00259-software~4f93a1ab4c7f,product_model,v0176,sof-00259,software,Okonkwo software 259,5.0,supported,2021-01-03T18:57:34Z,\N,2021-01-03T18:57:34Z,\N,1,assert
acme:product_model:v0031-sof-00264-software~3de6e77dcc29,product_model,v0031,sof-00264,software,Jablonski software 264,8.8,supported,2021-01-03T06:23:51Z,\N,2021-01-03T06:23:51Z,\N,1,assert
acme:product_model:v0064-ser-00278-service~888b3ac1de8d,product_model,v0064,ser-00278,service,Novak service 278,8.0,supported,2021-01-03T06:00:33Z,\N,2021-01-03T06:00:33Z,\N,1,assert
acme:product_model:v0048-ser-00280-service~bc64d97df6ce,product_model,v0048,ser-00280,service,Schneider service 280,2.1,supported,2021-01-03T11:08:39Z,\N,2021-01-03T11:08:39Z,\N,1,assert
acme:product_model:v0083-ser-00283-service~a0ca78be1606,product_model,v0083,ser-00283,service,Eberhardt service 283,15.6,supported,2021-01-03T18:42:28Z,\N,2021-01-03T18:42:28Z,\N,1,assert
acme:product_model:v0109-har-00285-hardware~0d7fc434272b,product_model,v0109,har-00285,hardware,Abbott hardware 285,8.10,eol,2021-01-03T01:55:43Z,\N,2021-01-03T01:55:43Z,\N,1,assert
acme:product_model:v0152-sof-00288-software~0d19e30d7088,product_model,v0152,sof-00288,software,Gundersen software 288,14.10,supported,2021-01-03T12:00:02Z,\N,2021-01-03T12:00:02Z,\N,1,assert
acme:product_model:v0025-har-00292-hardware~49c7e73958b2,product_model,v0025,har-00292,hardware,Okonkwo hardware 292,23.8,unsupported,2021-01-03T23:42:31Z,\N,2021-01-03T23:42:31Z,\N,1,assert
acme:product_model:v0055-har-00295-hardware~ebb8616627cb,product_model,v0055,har-00295,hardware,Jablonski hardware 295,9.3,supported,2021-01-03T15:08:12Z,\N,2021-01-03T15:08:12Z,\N,1,assert
acme:product_model:v0079-har-00298-hardware~0feaaf31a160,product_model,v0079,har-00298,hardware,Kaminski hardware 298,13.1,eol,2021-01-03T21:55:33Z,\N,2021-01-03T21:55:33Z,\N,1,assert
acme:product_model:v0060-sof-00304-software~e15028c7d7c7,product_model,v0060,sof-00304,software,Fontaine software 304,21.9,eol,2021-01-03T21:21:48Z,\N,2021-01-03T21:21:48Z,\N,1,assert
acme:product_model:v0065-har-00321-hardware~68571761d690,product_model,v0065,har-00321,hardware,Santos hardware 321,7.3,supported,2021-01-03T22:21:32Z,\N,2021-01-03T22:21:32Z,\N,1,assert
acme:product_model:v0144-sof-00322-software~52c42a5e71f1,product_model,v0144,sof-00322,software,Yilmaz software 322,16.2,supported,2021-01-03T10:51:34Z,\N,2021-01-03T10:51:34Z,\N,1,assert
acme:product_model:v0169-sof-00329-software~0b8cd8922ff2,product_model,v0169,sof-00329,software,Oyelaran software 329,5.11,eol,2021-01-03T23:11:50Z,\N,2021-01-03T23:11:50Z,\N,1,assert
acme:product_model:v0134-sof-00342-software~2ebfae6aef19,product_model,v0134,sof-00342,software,Yilmaz software 342,15.0,unsupported,2021-01-03T09:42:28Z,\N,2021-01-03T09:42:28Z,\N,1,assert
acme:product_model:v0060-har-00344-hardware~161a05bdf916,product_model,v0060,har-00344,hardware,Oyelaran hardware 344,2.6,supported,2021-01-03T23:07:24Z,\N,2021-01-03T23:07:24Z,\N,1,assert
acme:product_model:v0148-sof-00345-software~f3aff6dd66cd,product_model,v0148,sof-00345,software,Marchetti software 345,8.2,supported,2021-01-03T05:36:56Z,\N,2021-01-03T05:36:56Z,\N,1,assert
acme:product_model:v0139-har-00347-hardware~fe27b01ede80,product_model,v0139,har-00347,hardware,Ivanova hardware 347,4.4,supported,2021-01-03T04:57:25Z,\N,2021-01-03T04:57:25Z,\N,1,assert
acme:product_model:v0148-sof-00350-software~d1a1f7aa18e8,product_model,v0148,sof-00350,software,Ueda software 350,23.4,supported,2021-01-03T16:50:02Z,\N,2021-01-03T16:50:02Z,\N,1,assert
acme:product_model:v0048-har-00357-hardware~18ced2f1af8b,product_model,v0048,har-00357,hardware,Lindqvist hardware 357,11.8,supported,2021-01-03T14:58:34Z,\N,2021-01-03T14:58:34Z,\N,1,assert
acme:product_model:v0062-sof-00361-software~b84fd29565ab,product_model,v0062,sof-00361,software,Schneider software 361,4.3,supported,2021-01-03T03:58:17Z,\N,2021-01-03T03:58:17Z,\N,1,assert
acme:product_model:v0095-sof-00363-software~bd0b3ac77b40,product_model,v0095,sof-00363,software,Tanaka software 363,5.9,eol,2021-01-03T18:19:22Z,\N,2021-01-03T18:19:22Z,\N,1,assert
acme:product_model:v0083-sof-00365-software~c3bd40d35df8,product_model,v0083,sof-00365,software,Schneider software 365,11.10,supported,2021-01-03T08:42:42Z,\N,2021-01-03T08:42:42Z,\N,1,assert
acme:product_model:v0032-sof-00375-software~a564dd03b562,product_model,v0032,sof-00375,software,Mbatha software 375,8.4,supported,2021-01-03T12:59:23Z,\N,2021-01-03T12:59:23Z,\N,1,assert
acme:product_model:v0164-sof-00378-software~384ef8165b43,product_model,v0164,sof-00378,software,Yilmaz software 378,14.2,supported,2021-01-03T23:34:51Z,\N,2021-01-03T23:34:51Z,\N,1,assert
acme:product_model:v0120-sof-00380-software~b1529ed3edca,product_model,v0120,sof-00380,software,Kaminski software 380,11.3,supported,2021-01-03T13:29:07Z,\N,2021-01-03T13:29:07Z,\N,1,assert
acme:product_model:v0167-har-00385-hardware~8bfca6daeb7f,product_model,v0167,har-00385,hardware,Schneider hardware 385,21.4,supported,2021-01-03T21:51:03Z,\N,2021-01-03T21:51:03Z,\N,1,assert
acme:product_model:v0091-har-00396-hardware~c170b716e2a3,product_model,v0091,har-00396,hardware,Wagner hardware 396,13.2,supported,2021-01-03T13:06:29Z,\N,2021-01-03T13:06:29Z,\N,1,assert
acme:product_model:v0091-sof-00397-software~ca0c83c47b7a,product_model,v0091,sof-00397,software,Mbatha software 397,8.4,supported,2021-01-03T18:55:34Z,\N,2021-01-03T18:55:34Z,\N,1,assert
acme:product_model:v0095-sof-00398-software~138a94d213eb,product_model,v0095,sof-00398,software,Mbatha software 398,18.3,unknown,2021-01-03T06:11:25Z,\N,2021-01-03T06:11:25Z,\N,1,assert
acme:product_model:v0119-sof-00399-software~b5ea2cc306ab,product_model,v0119,sof-00399,software,Ueda software 399,14.0,supported,2021-01-03T03:43:44Z,\N,2021-01-03T03:43:44Z,\N,1,assert
acme:product_model:v0166-sof-00407-software~82b2979edb5c,product_model,v0166,sof-00407,software,Zhang software 407,4.1,eol,2021-01-03T05:22:09Z,\N,2021-01-03T05:22:09Z,\N,1,assert
acme:product_model:v0059-sof-00417-software~765c83121aa4,product_model,v0059,sof-00417,software,Kovac software 417,8.10,eol,2021-01-03T23:37:52Z,\N,2021-01-03T23:37:52Z,\N,1,assert
acme:product_model:v0076-sof-00427-software~69db90c15d69,product_model,v0076,sof-00427,software,Gallagher software 427,23.3,supported,2021-01-03T06:30:27Z,\N,2021-01-03T06:30:27Z,\N,1,assert
acme:product_model:v0013-har-00434-hardware~f26cb48f6399,product_model,v0013,har-00434,hardware,Gallagher hardware 434,15.1,unknown,2021-01-03T10:57:48Z,\N,2021-01-03T10:57:48Z,\N,1,assert
acme:product_model:v0173-sof-00443-software~b319f687e9e4,product_model,v0173,sof-00443,software,Thorsen software 443,5.3,supported,2021-01-03T03:16:09Z,\N,2021-01-03T03:16:09Z,\N,1,assert
acme:product_model:v0065-har-00446-hardware~1bc02a3b91a3,product_model,v0065,har-00446,hardware,Mbatha hardware 446,23.4,supported,2021-01-03T05:41:05Z,\N,2021-01-03T05:41:05Z,\N,1,assert
acme:product_model:v0033-con-00449-consumable~ec8dce955e65,product_model,v0033,con-00449,consumable,Gallagher consumable 449,17.2,supported,2021-01-03T00:55:07Z,\N,2021-01-03T00:55:07Z,\N,1,assert
acme:product_model:v0006-ser-00452-service~601362c0852b,product_model,v0006,ser-00452,service,Oyelaran service 452,16.3,supported,2021-01-03T21:17:54Z,\N,2021-01-03T21:17:54Z,\N,1,assert
acme:product_model:v0003-sof-00453-software~97949377fc3e,product_model,v0003,sof-00453,software,Fontaine software 453,1.1,eol,2021-01-03T02:43:43Z,\N,2021-01-03T02:43:43Z,\N,1,assert
acme:product_model:v0158-sof-00458-software~881445806855,product_model,v0158,sof-00458,software,Santos software 458,2.8,supported,2021-01-03T22:32:59Z,\N,2021-01-03T22:32:59Z,\N,1,assert
acme:product_model:v0091-sof-00460-software~0ee322ed9fe0,product_model,v0091,sof-00460,software,Chowdhury software 460,3.2,unsupported,2021-01-03T04:56:58Z,\N,2021-01-03T04:56:58Z,\N,1,assert
acme:product_model:v0065-sof-00463-software~168e0c979640,product_model,v0065,sof-00463,software,Tanaka software 463,21.7,supported,2021-01-03T21:34:03Z,\N,2021-01-03T21:34:03Z,\N,1,assert
acme:product_model:v0033-ser-00471-service~d26da36cebf4,product_model,v0033,ser-00471,service,Bergstrom service 471,1.4,eol,2021-01-03T12:58:29Z,\N,2021-01-03T12:58:29Z,\N,1,assert
acme:product_model:v0159-sof-00472-software~27f258d641ba,product_model,v0159,sof-00472,software,Mbatha software 472,11.2,supported,2021-01-03T14:47:53Z,\N,2021-01-03T14:47:53Z,\N,1,assert
acme:product_model:v0031-con-00477-consumable~11336976b8fc,product_model,v0031,con-00477,consumable,Kaminski consumable 477,18.10,supported,2021-01-03T16:07:28Z,\N,2021-01-03T16:07:28Z,\N,1,assert
acme:product_model:v0115-sof-00480-software~2ef9f1483b0c,product_model,v0115,sof-00480,software,Abbott software 480,5.4,supported,2021-01-03T10:00:06Z,\N,2021-01-03T10:00:06Z,\N,1,assert
acme:product_model:v0098-har-00484-hardware~3767d194f5e1,product_model,v0098,har-00484,hardware,Gundersen hardware 484,13.2,supported,2021-01-03T04:46:01Z,\N,2021-01-03T04:46:01Z,\N,1,assert
acme:product_model:v0028-con-00486-consumable~aae8335baec9,product_model,v0028,con-00486,consumable,Delacroix consumable 486,14.1,supported,2021-01-03T22:28:04Z,\N,2021-01-03T22:28:04Z,\N,1,assert
acme:product_model:v0048-sof-00487-software~fd4586774c77,product_model,v0048,sof-00487,software,Pereira software 487,23.3,supported,2021-01-03T02:10:07Z,\N,2021-01-03T02:10:07Z,\N,1,assert
acme:product_model:v0120-har-00491-hardware~19059f6bb7a1,product_model,v0120,har-00491,hardware,Haddad hardware 491,2.10,eol,2021-01-03T07:31:48Z,\N,2021-01-03T07:31:48Z,\N,1,assert
acme:product_model:v0178-sof-00498-software~61475b9ea6df,product_model,v0178,sof-00498,software,Wagner software 498,11.1,supported,2021-01-03T19:12:54Z,\N,2021-01-03T19:12:54Z,\N,1,assert
acme:product_model:v0097-ser-00503-service~0cc6301ab02b,product_model,v0097,ser-00503,service,Oyelaran service 503,4.9,supported,2021-01-03T23:38:13Z,\N,2021-01-03T23:38:13Z,\N,1,assert
acme:product_model:v0068-ser-00504-service~37c587275fbb,product_model,v0068,ser-00504,service,Novak service 504,13.11,unsupported,2021-01-03T15:12:18Z,\N,2021-01-03T15:12:18Z,\N,1,assert
acme:product_model:v0031-sof-00509-software~60a90ccf2865,product_model,v0031,sof-00509,software,Castellanos software 509,23.10,eol,2021-01-03T15:27:29Z,\N,2021-01-03T15:27:29Z,\N,1,assert
acme:product_model:v0068-har-00516-hardware~c366e08d9c44,product_model,v0068,har-00516,hardware,Santos hardware 516,11.5,supported,2021-01-03T01:48:33Z,\N,2021-01-03T01:48:33Z,\N,1,assert
acme:product_model:v0134-ser-00520-service~ee9aa4e540ac,product_model,v0134,ser-00520,service,Castellanos service 520,3.9,supported,2021-01-03T22:33:14Z,\N,2021-01-03T22:33:14Z,\N,1,assert
acme:product_model:v0109-har-00521-hardware~f93aea22cd65,product_model,v0109,har-00521,hardware,Rasmussen hardware 521,8.8,supported,2021-01-03T11:01:19Z,\N,2021-01-03T11:01:19Z,\N,1,assert
acme:product_model:v0033-ser-00529-service~36595d04ace3,product_model,v0033,ser-00529,service,Okonkwo service 529,16.9,unsupported,2021-01-03T00:55:24Z,\N,2021-01-03T00:55:24Z,\N,1,assert
acme:product_model:v0109-har-00530-hardware~fee76858b409,product_model,v0109,har-00530,hardware,Jablonski hardware 530,19.10,supported,2021-01-03T16:26:52Z,\N,2021-01-03T16:26:52Z,\N,1,assert
acme:product_model:v0098-ser-00533-service~a47ec9909e4c,product_model,v0098,ser-00533,service,Abbott service 533,1.1,eol,2021-01-03T02:22:51Z,\N,2021-01-03T02:22:51Z,\N,1,assert
acme:product_model:v0076-sof-00537-software~891bdde13535,product_model,v0076,sof-00537,software,Bergstrom software 537,9.9,unsupported,2021-01-03T06:53:19Z,\N,2021-01-03T06:53:19Z,\N,1,assert
acme:product_model:v0031-har-00545-hardware~70708c32ced9,product_model,v0031,har-00545,hardware,Lindqvist hardware 545,18.9,supported,2021-01-03T21:25:45Z,\N,2021-01-03T21:25:45Z,\N,1,assert
acme:product_model:v0152-har-00550-hardware~6cca4d32244d,product_model,v0152,har-00550,hardware,Nakamura hardware 550,14.10,supported,2021-01-03T03:46:51Z,\N,2021-01-03T03:46:51Z,\N,1,assert
acme:product_model:v0120-har-00558-hardware~334ede39400d,product_model,v0120,har-00558,hardware,Novak hardware 558,5.1,supported,2021-01-03T23:06:23Z,\N,2021-01-03T23:06:23Z,\N,1,assert
acme:product_model:v0074-ser-00571-service~25ff304288d2,product_model,v0074,ser-00571,service,Novak service 571,14.8,eol,2021-01-03T04:37:19Z,\N,2021-01-03T04:37:19Z,\N,1,assert
acme:product_model:v0119-ser-00573-service~ecd576ae263d,product_model,v0119,ser-00573,service,Eberhardt service 573,14.5,supported,2021-01-03T11:57:57Z,\N,2021-01-03T11:57:57Z,\N,1,assert
acme:product_model:v0060-sof-00581-software~51e4bfa43b20,product_model,v0060,sof-00581,software,Wagner software 581,12.0,supported,2021-01-03T00:16:17Z,\N,2021-01-03T00:16:17Z,\N,1,assert
acme:product_model:v0000-sof-00584-software~ac787b92d91f,product_model,v0000,sof-00584,software,Yilmaz software 584,14.1,supported,2021-01-03T15:45:51Z,\N,2021-01-03T15:45:51Z,\N,1,assert
acme:product_model:v0048-con-00593-consumable~6b1d902b1114,product_model,v0048,con-00593,consumable,Vaughan consumable 593,22.11,supported,2021-01-03T19:36:18Z,\N,2021-01-03T19:36:18Z,\N,1,assert
acme:product_model:v0007-ser-00597-service~4fe308daf7a3,product_model,v0007,ser-00597,service,Ueda service 597,2.8,supported,2021-01-03T10:48:48Z,\N,2021-01-03T10:48:48Z,\N,1,assert
acme:product_model:v0159-har-00602-hardware~3d61ebb39a04,product_model,v0159,har-00602,hardware,Zhang hardware 602,23.0,supported,2021-01-03T01:40:49Z,\N,2021-01-03T01:40:49Z,\N,1,assert
acme:product_model:v0166-ser-00611-service~4892a15f3076,product_model,v0166,ser-00611,service,Haddad service 611,10.9,eol,2021-01-03T02:19:22Z,\N,2021-01-03T02:19:22Z,\N,1,assert
acme:product_model:v0119-har-00622-hardware~315d2fc49e9a,product_model,v0119,har-00622,hardware,Oyelaran hardware 622,15.10,supported,2021-01-03T04:20:32Z,\N,2021-01-03T04:20:32Z,\N,1,assert
acme:product_model:v0095-sof-00623-software~2be533bdebca,product_model,v0095,sof-00623,software,Weiss software 623,19.9,unsupported,2021-01-03T23:09:53Z,\N,2021-01-03T23:09:53Z,\N,1,assert
acme:product_model:v0098-sof-00635-software~e34ca38db13c,product_model,v0098,sof-00635,software,Abbott software 635,10.9,supported,2021-01-03T17:57:07Z,\N,2021-01-03T17:57:07Z,\N,1,assert
acme:product_model:v0095-ser-00643-service~e7b4fda01c05,product_model,v0095,ser-00643,service,Quintero service 643,12.3,supported,2021-01-03T09:00:15Z,\N,2021-01-03T09:00:15Z,\N,1,assert
acme:product_model:v0169-sof-00644-software~e87f478a0322,product_model,v0169,sof-00644,software,Eberhardt software 644,23.2,unknown,2021-01-03T16:00:04Z,\N,2021-01-03T16:00:04Z,\N,1,assert
acme:product_model:v0072-sof-00646-software~c0d7e731e5b3,product_model,v0072,sof-00646,software,Mbatha software 646,18.7,supported,2021-01-03T18:50:50Z,\N,2021-01-03T18:50:50Z,\N,1,assert
acme:product_model:v0060-har-00647-hardware~31c7eab87888,product_model,v0060,har-00647,hardware,Rasmussen hardware 647,17.6,supported,2021-01-03T05:36:51Z,\N,2021-01-03T05:36:51Z,\N,1,assert
acme:product_model:v0109-ser-00664-service~43028d66350c,product_model,v0109,ser-00664,service,Kaminski service 664,4.7,eol,2021-01-03T01:25:43Z,\N,2021-01-03T01:25:43Z,\N,1,assert
acme:product_model:v0153-har-00673-hardware~4e260c2fc737,product_model,v0153,har-00673,hardware,Kovac hardware 673,4.0,unsupported,2021-01-03T13:01:21Z,\N,2021-01-03T13:01:21Z,\N,1,assert
acme:product_model:v0024-har-00676-hardware~7c2dd8c4677d,product_model,v0024,har-00676,hardware,Vaughan hardware 676,17.10,unsupported,2021-01-03T23:16:39Z,\N,2021-01-03T23:16:39Z,\N,1,assert
acme:product_model:v0166-ser-00681-service~c0563b40d105,product_model,v0166,ser-00681,service,Quintero service 681,7.10,eol,2021-01-03T11:59:05Z,\N,2021-01-03T11:59:05Z,\N,1,assert
acme:product_model:v0011-har-00683-hardware~f115713565b3,product_model,v0011,har-00683,hardware,Ivanova hardware 683,2.5,supported,2021-01-03T21:37:49Z,\N,2021-01-03T21:37:49Z,\N,1,assert
acme:product_model:v0055-har-00695-hardware~d63711740384,product_model,v0055,har-00695,hardware,Gallagher hardware 695,13.6,supported,2021-01-03T02:01:03Z,\N,2021-01-03T02:01:03Z,\N,1,assert
acme:product_model:v0083-sof-00703-software~3a0bee80d37c,product_model,v0083,sof-00703,software,Quintero software 703,9.0,unknown,2021-01-03T22:54:43Z,\N,2021-01-03T22:54:43Z,\N,1,assert
acme:product_model:v0119-sof-00709-software~0b5f59d3568a,product_model,v0119,sof-00709,software,Kaminski software 709,10.8,supported,2021-01-03T14:01:30Z,\N,2021-01-03T14:01:30Z,\N,1,assert
acme:product_model:v0000-sof-00721-software~4545f5fcfd8d,product_model,v0000,sof-00721,software,Wagner software 721,2.7,unknown,2021-01-03T07:27:01Z,\N,2021-01-03T07:27:01Z,\N,1,assert
acme:product_model:v0085-sof-00723-software~2825cf176da5,product_model,v0085,sof-00723,software,Bergstrom software 723,10.2,supported,2021-01-03T10:07:04Z,\N,2021-01-03T10:07:04Z,\N,1,assert
acme:product_model:v0072-sof-00727-software~4bb284fc3329,product_model,v0072,sof-00727,software,Pereira software 727,17.9,supported,2021-01-03T04:34:39Z,\N,2021-01-03T04:34:39Z,\N,1,assert
acme:product_model:v0176-sof-00731-software~57596e6b896f,product_model,v0176,sof-00731,software,Eberhardt software 731,6.10,supported,2021-01-03T16:39:29Z,\N,2021-01-03T16:39:29Z,\N,1,assert
acme:product_model:v0060-con-00739-consumable~0ae0842e350d,product_model,v0060,con-00739,consumable,Jablonski consumable 739,14.2,supported,2021-01-03T02:52:15Z,\N,2021-01-03T02:52:15Z,\N,1,assert
acme:product_model:v0124-sof-00741-software~64bc08abc023,product_model,v0124,sof-00741,software,Weiss software 741,7.5,eol,2021-01-03T15:18:12Z,\N,2021-01-03T15:18:12Z,\N,1,assert
acme:product_model:v0151-ser-00742-service~27cb235e1c22,product_model,v0151,ser-00742,service,Ivanova service 742,9.4,supported,2021-01-03T06:47:36Z,\N,2021-01-03T06:47:36Z,\N,1,assert
acme:product_model:v0097-sof-00745-software~9b002a10434d,product_model,v0097,sof-00745,software,Schneider software 745,22.8,supported,2021-01-03T00:44:34Z,\N,2021-01-03T00:44:34Z,\N,1,assert
acme:product_model:v0164-sof-00766-software~0381e24458be,product_model,v0164,sof-00766,software,Oyelaran software 766,9.0,supported,2021-01-03T14:26:42Z,\N,2021-01-03T14:26:42Z,\N,1,assert
acme:product_model:v0001-sof-00767-software~9ce928c1fb69,product_model,v0001,sof-00767,software,Wagner software 767,10.8,supported,2021-01-03T19:02:27Z,\N,2021-01-03T19:02:27Z,\N,1,assert
acme:product_model:v0046-har-00770-hardware~9cab9a55d9e7,product_model,v0046,har-00770,hardware,Castellanos hardware 770,14.3,supported,2021-01-03T03:54:17Z,\N,2021-01-03T03:54:17Z,\N,1,assert
acme:product_model:v0082-sof-00776-software~d7cc5b55d343,product_model,v0082,sof-00776,software,Mbatha software 776,8.1,supported,2021-01-03T09:16:29Z,\N,2021-01-03T09:16:29Z,\N,1,assert
acme:product_model:v0169-sof-00777-software~b80793faffb0,product_model,v0169,sof-00777,software,Ueda software 777,16.4,supported,2021-01-03T21:48:22Z,\N,2021-01-03T21:48:22Z,\N,1,assert
acme:product_model:v0068-sof-00780-software~65b0a9412c8c,product_model,v0068,sof-00780,software,Chowdhury software 780,15.8,unsupported,2021-01-03T19:24:55Z,\N,2021-01-03T19:24:55Z,\N,1,assert
acme:product_model:v0164-har-00800-hardware~dc46cae952e6,product_model,v0164,har-00800,hardware,Okonkwo hardware 800,8.0,supported,2021-01-03T09:05:24Z,\N,2021-01-03T09:05:24Z,\N,1,assert
acme:product_model:v0017-sof-00802-software~b04f93cee86c,product_model,v0017,sof-00802,software,Kovac software 802,5.7,unsupported,2021-01-03T07:55:45Z,\N,2021-01-03T07:55:45Z,\N,1,assert
acme:product_model:v0034-sof-00814-software~178e640ce179,product_model,v0034,sof-00814,software,Wagner software 814,7.11,supported,2021-01-03T05:28:53Z,\N,2021-01-03T05:28:53Z,\N,1,assert
acme:product_model:v0104-ser-00817-service~b615ec28d217,product_model,v0104,ser-00817,service,Yilmaz service 817,9.9,supported,2021-01-03T17:54:15Z,\N,2021-01-03T17:54:15Z,\N,1,assert
acme:product_model:v0048-sof-00820-software~9c847d96da3f,product_model,v0048,sof-00820,software,Ivanova software 820,19.4,supported,2021-01-03T03:08:48Z,\N,2021-01-03T03:08:48Z,\N,1,assert
acme:product_model:v0076-har-00825-hardware~e1896d94f604,product_model,v0076,har-00825,hardware,Baptiste hardware 825,1.8,supported,2021-01-03T09:19:20Z,\N,2021-01-03T09:19:20Z,\N,1,assert
acme:product_model:v0115-sof-00827-software~28900cdfeb47,product_model,v0115,sof-00827,software,Okonkwo software 827,18.3,eol,2021-01-03T22:22:46Z,\N,2021-01-03T22:22:46Z,\N,1,assert
acme:product_model:v0091-har-00830-hardware~7fbf42ee6ee0,product_model,v0091,har-00830,hardware,Gundersen hardware 830,3.11,supported,2021-01-03T04:39:20Z,\N,2021-01-03T04:39:20Z,\N,1,assert
acme:product_model:v0168-sof-00834-software~7c16b2389075,product_model,v0168,sof-00834,software,Quintero software 834,10.3,unknown,2021-01-03T10:39:57Z,\N,2021-01-03T10:39:57Z,\N,1,assert
acme:product_model:v0079-har-00840-hardware~de7bc08931c4,product_model,v0079,har-00840,hardware,Okonkwo hardware 840,18.11,supported,2021-01-03T13:27:42Z,\N,2021-01-03T13:27:42Z,\N,1,assert
acme:product_model:v0085-ser-00841-service~a76b062e69d4,product_model,v0085,ser-00841,service,Ueda service 841,18.11,supported,2021-01-03T12:31:01Z,\N,2021-01-03T12:31:01Z,\N,1,assert
acme:product_model:v0072-har-00848-hardware~191edaf72a26,product_model,v0072,har-00848,hardware,Nakamura hardware 848,10.7,eol,2021-01-03T17:57:14Z,\N,2021-01-03T17:57:14Z,\N,1,assert
acme:product_model:v0148-ser-00849-service~a0139b805206,product_model,v0148,ser-00849,service,Mbatha service 849,20.10,unknown,2021-01-03T23:45:45Z,\N,2021-01-03T23:45:45Z,\N,1,assert
acme:product_model:v0153-ser-00865-service~47db885c6974,product_model,v0153,ser-00865,service,Marchetti service 865,23.11,supported,2021-01-03T22:40:41Z,\N,2021-01-03T22:40:41Z,\N,1,assert
acme:product_model:v0019-har-00875-hardware~b85e18f01d0a,product_model,v0019,har-00875,hardware,Lindqvist hardware 875,2.0,supported,2021-01-03T15:51:16Z,\N,2021-01-03T15:51:16Z,\N,1,assert
acme:product_model:v0005-har-00889-hardware~0fa28cd9bf97,product_model,v0005,har-00889,hardware,Weiss hardware 889,15.0,eol,2021-01-03T10:56:08Z,\N,2021-01-03T10:56:08Z,\N,1,assert
acme:product_model:v0077-sof-00891-software~d9284f0e18e4,product_model,v0077,sof-00891,software,Bergstrom software 891,2.11,supported,2021-01-03T01:48:19Z,\N,2021-01-03T01:48:19Z,\N,1,assert
acme:product_model:v0109-sof-00892-software~4274deb3be08,product_model,v0109,sof-00892,software,Silvestri software 892,18.1,supported,2021-01-03T05:57:38Z,\N,2021-01-03T05:57:38Z,\N,1,assert
acme:product_model:v0000-sof-00893-software~844b0325bab0,product_model,v0000,sof-00893,software,Gallagher software 893,6.7,supported,2021-01-03T16:38:07Z,\N,2021-01-03T16:38:07Z,\N,1,assert
acme:product_model:v0082-har-00898-hardware~09bd7d071ffa,product_model,v0082,har-00898,hardware,Bergstrom hardware 898,2.1,eol,2021-01-03T17:17:34Z,\N,2021-01-03T17:17:34Z,\N,1,assert
acme:product_model:v0120-ser-00901-service~4dd8fb70b2c2,product_model,v0120,ser-00901,service,Nakamura service 901,16.5,unsupported,2021-01-03T08:31:16Z,\N,2021-01-03T08:31:16Z,\N,1,assert
acme:product_model:v0036-sof-00902-software~f08c13345111,product_model,v0036,sof-00902,software,Nakamura software 902,1.11,eol,2021-01-03T15:38:57Z,\N,2021-01-03T15:38:57Z,\N,1,assert
acme:product_model:v0034-sof-00905-software~ab5993cae32e,product_model,v0034,sof-00905,software,Quintero software 905,23.3,eol,2021-01-03T07:33:49Z,\N,2021-01-03T07:33:49Z,\N,1,assert
acme:product_model:v0138-har-00907-hardware~e7ef67139048,product_model,v0138,har-00907,hardware,Lindqvist hardware 907,7.0,unsupported,2021-01-03T18:43:50Z,\N,2021-01-03T18:43:50Z,\N,1,assert
acme:product_model:v0148-ser-00910-service~3aa952cb1d39,product_model,v0148,ser-00910,service,Okonkwo service 910,16.8,eol,2021-01-03T18:54:39Z,\N,2021-01-03T18:54:39Z,\N,1,assert
acme:product_model:v0065-sof-00914-software~1f950636a2e2,product_model,v0065,sof-00914,software,Santos software 914,16.10,supported,2021-01-03T01:36:34Z,\N,2021-01-03T01:36:34Z,\N,1,assert
acme:product_model:v0082-har-00915-hardware~3d7203dcd180,product_model,v0082,har-00915,hardware,Okonkwo hardware 915,20.0,supported,2021-01-03T22:23:05Z,\N,2021-01-03T22:23:05Z,\N,1,assert
acme:product_model:v0068-har-00920-hardware~d80a0d51c1d6,product_model,v0068,har-00920,hardware,Mbatha hardware 920,22.7,supported,2021-01-03T23:24:09Z,\N,2021-01-03T23:24:09Z,\N,1,assert
acme:product_model:v0115-ser-00933-service~f166e046ba56,product_model,v0115,ser-00933,service,Oyelaran service 933,4.6,supported,2021-01-03T01:11:01Z,\N,2021-01-03T01:11:01Z,\N,1,assert
acme:product_model:v0167-ser-00938-service~4370a6f7c9ab,product_model,v0167,ser-00938,service,Delacroix service 938,19.6,supported,2021-01-03T06:09:18Z,\N,2021-01-03T06:09:18Z,\N,1,assert
acme:product_model:v0159-ser-00946-service~04f643d773e6,product_model,v0159,ser-00946,service,Haddad service 946,7.9,eol,2021-01-03T16:40:17Z,\N,2021-01-03T16:40:17Z,\N,1,assert
acme:product_model:v0158-har-00951-hardware~4e5905bdcb72,product_model,v0158,har-00951,hardware,Ueda hardware 951,8.10,supported,2021-01-03T12:51:57Z,\N,2021-01-03T12:51:57Z,\N,1,assert
acme:product_model:v0158-con-00953-consumable~26c5873f28a4,product_model,v0158,con-00953,consumable,Kovac consumable 953,2.3,eol,2021-01-03T17:35:04Z,\N,2021-01-03T17:35:04Z,\N,1,assert
acme:product_model:v0059-har-00961-hardware~d0926e1c2e2c,product_model,v0059,har-00961,hardware,Weiss hardware 961,21.0,supported,2021-01-03T08:08:39Z,\N,2021-01-03T08:08:39Z,\N,1,assert
acme:product_model:v0001-con-00964-consumable~dd93ef75b1ac,product_model,v0001,con-00964,consumable,Nakamura consumable 964,7.1,eol,2021-01-03T14:51:00Z,\N,2021-01-03T14:51:00Z,\N,1,assert
acme:product_model:v0025-ser-00971-service~cb89b00f79ca,product_model,v0025,ser-00971,service,Quintero service 971,14.1,supported,2021-01-03T07:15:04Z,\N,2021-01-03T07:15:04Z,\N,1,assert
acme:product_model:v0082-sof-00977-software~3748ef131af1,product_model,v0082,sof-00977,software,Eberhardt software 977,9.7,supported,2021-01-03T20:52:30Z,\N,2021-01-03T20:52:30Z,\N,1,assert
acme:product_model:v0059-ser-00978-service~337b94a1fd88,product_model,v0059,ser-00978,service,Nakamura service 978,7.0,supported,2021-01-03T14:08:06Z,\N,2021-01-03T14:08:06Z,\N,1,assert
acme:product_model:v0071-sof-00982-software~a2e1c93b820f,product_model,v0071,sof-00982,software,Weiss software 982,2.1,supported,2021-01-03T23:57:59Z,\N,2021-01-03T23:57:59Z,\N,1,assert
acme:product_model:v0034-sof-00985-software~18e828ad2eef,product_model,v0034,sof-00985,software,Pereira software 985,8.4,supported,2021-01-03T16:44:10Z,\N,2021-01-03T16:44:10Z,\N,1,assert
acme:product_model:v0013-sof-00992-software~a6eec0b21f24,product_model,v0013,sof-00992,software,Tanaka software 992,20.8,eol,2021-01-03T14:44:14Z,\N,2021-01-03T14:44:14Z,\N,1,assert
acme:product_model:v0044-sof-00993-software~7d9e02bafa16,product_model,v0044,sof-00993,software,Zhang software 993,5.2,supported,2021-01-03T20:23:26Z,\N,2021-01-03T20:23:26Z,\N,1,assert
acme:product_model:v0060-sof-01009-software~87a6fc86e65c,product_model,v0060,sof-01009,software,Quintero software 1009,8.6,unknown,2021-01-03T05:46:56Z,\N,2021-01-03T05:46:56Z,\N,1,assert
acme:product_model:v0106-sof-01023-software~73b046615b15,product_model,v0106,sof-01023,software,Baptiste software 1023,14.8,supported,2021-01-03T06:23:03Z,\N,2021-01-03T06:23:03Z,\N,1,assert
acme:product_model:v0060-sof-01037-software~3b6fef6d901f,product_model,v0060,sof-01037,software,Ueda software 1037,13.5,unsupported,2021-01-03T21:00:25Z,\N,2021-01-03T21:00:25Z,\N,1,assert
acme:product_model:v0167-sof-01039-software~913d8dec3c55,product_model,v0167,sof-01039,software,Pereira software 1039,7.11,supported,2021-01-03T12:05:52Z,\N,2021-01-03T12:05:52Z,\N,1,assert
acme:product_model:v0059-sof-01045-software~873b75351dad,product_model,v0059,sof-01045,software,Marchetti software 1045,4.7,eol,2021-01-03T01:50:43Z,\N,2021-01-03T01:50:43Z,\N,1,assert
acme:product_model:v0017-sof-01071-software~51fbf21e3b5a,product_model,v0017,sof-01071,software,Wagner software 1071,16.11,unsupported,2021-01-03T14:26:08Z,\N,2021-01-03T14:26:08Z,\N,1,assert
acme:product_model:v0173-sof-01073-software~d4a0b4b94338,product_model,v0173,sof-01073,software,Pereira software 1073,3.8,eol,2021-01-03T10:23:14Z,\N,2021-01-03T10:23:14Z,\N,1,assert
acme:product_model:v0000-har-01081-hardware~d3863d3e668a,product_model,v0000,har-01081,hardware,Pereira hardware 1081,9.5,eol,2021-01-03T16:52:00Z,\N,2021-01-03T16:52:00Z,\N,1,assert
acme:product_model:v0120-ser-01082-service~a256f079332a,product_model,v0120,ser-01082,service,Zhang service 1082,5.10,supported,2021-01-03T17:26:13Z,\N,2021-01-03T17:26:13Z,\N,1,assert
acme:product_model:v0070-sof-01096-software~2f3e0687d49c,product_model,v0070,sof-01096,software,Haddad software 1096,8.8,eol,2021-01-03T08:49:59Z,\N,2021-01-03T08:49:59Z,\N,1,assert
acme:product_model:v0170-sof-01097-software~2db2a5a1cda0,product_model,v0170,sof-01097,software,Oyelaran software 1097,10.6,supported,2021-01-03T09:31:55Z,\N,2021-01-03T09:31:55Z,\N,1,assert
acme:product_model:v0064-har-01104-hardware~34b269994579,product_model,v0064,har-01104,hardware,Jablonski hardware 1104,9.9,supported,2021-01-03T10:14:13Z,\N,2021-01-03T10:14:13Z,\N,1,assert
acme:product_model:v0176-con-01109-consumable~a6695775a219,product_model,v0176,con-01109,consumable,Nakamura consumable 1109,9.8,supported,2021-01-03T05:11:11Z,\N,2021-01-03T05:11:11Z,\N,1,assert
acme:product_model:v0082-sof-01111-software~9ad336bc6667,product_model,v0082,sof-01111,software,Thorsen software 1111,7.10,supported,2021-01-03T03:14:55Z,\N,2021-01-03T03:14:55Z,\N,1,assert
acme:product_model:v0173-har-01115-hardware~da440686ea22,product_model,v0173,har-01115,hardware,Baptiste hardware 1115,18.2,supported,2021-01-03T14:37:37Z,\N,2021-01-03T14:37:37Z,\N,1,assert
acme:product_model:v0104-ser-01126-service~803044abb6bf,product_model,v0104,ser-01126,service,Novak service 1126,12.6,unsupported,2021-01-03T12:40:36Z,\N,2021-01-03T12:40:36Z,\N,1,assert
acme:product_model:v0000-har-01136-hardware~6246ecb81970,product_model,v0000,har-01136,hardware,Abbott hardware 1136,21.7,supported,2021-01-03T07:18:06Z,\N,2021-01-03T07:18:06Z,\N,1,assert
acme:product_model:v0121-ser-01137-service~c32803135567,product_model,v0121,ser-01137,service,Kaminski service 1137,13.4,supported,2021-01-03T19:43:36Z,\N,2021-01-03T19:43:36Z,\N,1,assert
acme:product_model:v0025-ser-01157-service~d325e03b655c,product_model,v0025,ser-01157,service,Kaminski service 1157,3.7,eol,2021-01-03T05:08:15Z,\N,2021-01-03T05:08:15Z,\N,1,assert
acme:product_model:v0006-har-01162-hardware~1e5c1590674e,product_model,v0006,har-01162,hardware,Tanaka hardware 1162,19.7,eol,2021-01-03T02:16:15Z,\N,2021-01-03T02:16:15Z,\N,1,assert
acme:product_model:v0148-sof-01165-software~4115d426750a,product_model,v0148,sof-01165,software,Marchetti software 1165,5.8,unsupported,2021-01-03T09:20:35Z,\N,2021-01-03T09:20:35Z,\N,1,assert
acme:product_model:v0019-sof-01168-software~4adcf7899cb7,product_model,v0019,sof-01168,software,Abbott software 1168,3.5,supported,2021-01-03T02:34:15Z,\N,2021-01-03T02:34:15Z,\N,1,assert
acme:product_model:v0028-ser-01178-service~2bf129f168f9,product_model,v0028,ser-01178,service,Ueda service 1178,22.5,supported,2021-01-03T11:42:39Z,\N,2021-01-03T11:42:39Z,\N,1,assert
acme:product_model:v0030-ser-01193-service~0e0876669486,product_model,v0030,ser-01193,service,Oyelaran service 1193,9.5,eol,2021-01-03T11:50:35Z,\N,2021-01-03T11:50:35Z,\N,1,assert
acme:product_model:v0138-sof-01196-software~e3b35a8f964d,product_model,v0138,sof-01196,software,Haddad software 1196,23.10,supported,2021-01-03T03:25:59Z,\N,2021-01-03T03:25:59Z,\N,1,assert
acme:product_model:v0158-sof-01199-software~4fbb14f5bc16,product_model,v0158,sof-01199,software,Novak software 1199,20.7,supported,2021-01-03T20:14:39Z,\N,2021-01-03T20:14:39Z,\N,1,assert
acme:product_model:v0134-sof-01210-software~5e31f619a04a,product_model,v0134,sof-01210,software,Baptiste software 1210,10.0,unsupported,2021-01-03T20:53:28Z,\N,2021-01-03T20:53:28Z,\N,1,assert
acme:product_model:v0044-sof-01212-software~43d045e34e85,product_model,v0044,sof-01212,software,Lindqvist software 1212,18.9,eol,2021-01-03T17:57:32Z,\N,2021-01-03T17:57:32Z,\N,1,assert
acme:product_model:v0097-sof-01233-software~cc8383f28e9c,product_model,v0097,sof-01233,software,Okonkwo software 1233,5.4,supported,2021-01-03T18:33:36Z,\N,2021-01-03T18:33:36Z,\N,1,assert
acme:product_model:v0038-sof-01242-software~22a91e14ae7d,product_model,v0038,sof-01242,software,Gundersen software 1242,16.1,supported,2021-01-03T17:39:00Z,\N,2021-01-03T17:39:00Z,\N,1,assert
acme:product_model:v0098-har-01246-hardware~fdc67e6332ec,product_model,v0098,har-01246,hardware,Quintero hardware 1246,9.5,supported,2021-01-03T08:00:57Z,\N,2021-01-03T08:00:57Z,\N,1,assert
acme:product_model:v0169-sof-01256-software~313e28686019,product_model,v0169,sof-01256,software,Novak software 1256,5.1,eol,2021-01-03T21:41:21Z,\N,2021-01-03T21:41:21Z,\N,1,assert
acme:product_model:v0167-sof-01263-software~a2f1116e4557,product_model,v0167,sof-01263,software,Kaminski software 1263,5.11,supported,2021-01-03T15:59:46Z,\N,2021-01-03T15:59:46Z,\N,1,assert
acme:product_model:v0176-sof-01265-software~7f41aaabbcb6,product_model,v0176,sof-01265,software,Eberhardt software 1265,3.6,supported,2021-01-03T19:39:47Z,\N,2021-01-03T19:39:47Z,\N,1,assert
acme:product_model:v0083-har-01269-hardware~44936ed422f5,product_model,v0083,har-01269,hardware,Pereira hardware 1269,7.9,supported,2021-01-03T21:57:35Z,\N,2021-01-03T21:57:35Z,\N,1,assert
acme:product_model:v0120-ser-01281-service~80d9c1010b90,product_model,v0120,ser-01281,service,Abbott service 1281,18.6,unknown,2021-01-03T00:17:15Z,\N,2021-01-03T00:17:15Z,\N,1,assert
acme:product_model:v0013-sof-01292-software~18ace6385ccd,product_model,v0013,sof-01292,software,Novak software 1292,20.0,supported,2021-01-03T09:49:47Z,\N,2021-01-03T09:49:47Z,\N,1,assert
acme:product_model:v0095-sof-01294-software~9e7d69204bee,product_model,v0095,sof-01294,software,Schneider software 1294,2.7,unsupported,2021-01-03T23:24:45Z,\N,2021-01-03T23:24:45Z,\N,1,assert
acme:product_model:v0074-con-01301-consumable~b650c18b3086,product_model,v0074,con-01301,consumable,Haddad consumable 1301,14.2,supported,2021-01-03T06:03:10Z,\N,2021-01-03T06:03:10Z,\N,1,assert
acme:product_model:v0131-ser-01308-service~f9f5830460e0,product_model,v0131,ser-01308,service,Abbott service 1308,5.11,supported,2021-01-03T09:59:46Z,\N,2021-01-03T09:59:46Z,\N,1,assert
acme:product_model:v0058-sof-01317-software~972769802630,product_model,v0058,sof-01317,software,Santos software 1317,18.3,eol,2021-01-03T11:16:12Z,\N,2021-01-03T11:16:12Z,\N,1,assert
acme:product_model:v0001-sof-01327-software~aa8586708d82,product_model,v0001,sof-01327,software,Quintero software 1327,3.7,supported,2021-01-03T01:34:00Z,\N,2021-01-03T01:34:00Z,\N,1,assert
acme:product_model:v0091-sof-01332-software~5a85ccb7c143,product_model,v0091,sof-01332,software,Novak software 1332,12.1,eol,2021-01-03T14:29:05Z,\N,2021-01-03T14:29:05Z,\N,1,assert
acme:product_model:v0142-sof-01333-software~6ee42017dee2,product_model,v0142,sof-01333,software,Haddad software 1333,19.1,unsupported,2021-01-03T06:18:14Z,\N,2021-01-03T06:18:14Z,\N,1,assert
acme:product_model:v0153-sof-01335-software~c3bd543c8581,product_model,v0153,sof-01335,software,Kaminski software 1335,19.3,supported,2021-01-03T15:31:05Z,\N,2021-01-03T15:31:05Z,\N,1,assert
acme:product_model:v0148-ser-01338-service~d5a21c41e3e0,product_model,v0148,ser-01338,service,Abbott service 1338,17.2,supported,2021-01-03T02:26:19Z,\N,2021-01-03T02:26:19Z,\N,1,assert
acme:product_model:v0121-sof-01339-software~36166adfba6a,product_model,v0121,sof-01339,software,Weiss software 1339,9.9,supported,2021-01-03T13:55:47Z,\N,2021-01-03T13:55:47Z,\N,1,assert
acme:product_model:v0025-ser-01344-service~aff18e3c7efc,product_model,v0025,ser-01344,service,Tanaka service 1344,10.4,unknown,2021-01-03T06:37:43Z,\N,2021-01-03T06:37:43Z,\N,1,assert
acme:product_model:v0106-sof-01356-software~0135168ec56c,product_model,v0106,sof-01356,software,Tanaka software 1356,9.3,supported,2021-01-03T04:07:40Z,\N,2021-01-03T04:07:40Z,\N,1,assert
acme:product_model:v0074-sof-01360-software~28aa3fa19018,product_model,v0074,sof-01360,software,Weiss software 1360,20.9,supported,2021-01-03T01:57:10Z,\N,2021-01-03T01:57:10Z,\N,1,assert
acme:product_model:v0001-sof-01367-software~6a2a21e63369,product_model,v0001,sof-01367,software,Pereira software 1367,5.6,supported,2021-01-03T17:18:48Z,\N,2021-01-03T17:18:48Z,\N,1,assert
acme:product_model:v0124-har-01370-hardware~06c3faf2d64c,product_model,v0124,har-01370,hardware,Oyelaran hardware 1370,14.10,supported,2021-01-03T14:42:13Z,\N,2021-01-03T14:42:13Z,\N,1,assert
acme:product_model:v0169-sof-01371-software~b247c7611eb0,product_model,v0169,sof-01371,software,Castellanos software 1371,3.8,supported,2021-01-03T21:47:02Z,\N,2021-01-03T21:47:02Z,\N,1,assert
acme:product_model:v0036-con-01380-consumable~eba75cda34e8,product_model,v0036,con-01380,consumable,Haddad consumable 1380,7.7,eol,2021-01-03T09:44:31Z,\N,2021-01-03T09:44:31Z,\N,1,assert
acme:product_model:v0070-sof-01399-software~cf1a370d3685,product_model,v0070,sof-01399,software,Schneider software 1399,18.0,supported,2021-01-03T09:32:26Z,\N,2021-01-03T09:32:26Z,\N,1,assert
acme:product_model:v0028-har-01400-hardware~b6951d6c7f05,product_model,v0028,har-01400,hardware,Haddad hardware 1400,15.5,supported,2021-01-03T07:18:26Z,\N,2021-01-03T07:18:26Z,\N,1,assert
acme:product_model:v0139-sof-01405-software~2ecbc7add806,product_model,v0139,sof-01405,software,Kovac software 1405,5.3,eol,2021-01-03T21:18:39Z,\N,2021-01-03T21:18:39Z,\N,1,assert
acme:product_model:v0072-sof-01411-software~f1ec551a070f,product_model,v0072,sof-01411,software,Santos software 1411,5.11,supported,2021-01-03T22:44:36Z,\N,2021-01-03T22:44:36Z,\N,1,assert
acme:product_model:v0158-sof-01421-software~197a43b5ba39,product_model,v0158,sof-01421,software,Santos software 1421,19.11,eol,2021-01-03T10:32:41Z,\N,2021-01-03T10:32:41Z,\N,1,assert
acme:product_model:v0036-sof-01428-software~d4a9a3d6113a,product_model,v0036,sof-01428,software,Okonkwo software 1428,2.8,eol,2021-01-03T04:19:51Z,\N,2021-01-03T04:19:51Z,\N,1,assert
acme:product_model:v0055-sof-01432-software~eeb61092f534,product_model,v0055,sof-01432,software,Delacroix software 1432,19.0,supported,2021-01-03T04:11:51Z,\N,2021-01-03T04:11:51Z,\N,1,assert
acme:product_model:v0151-ser-01433-service~6bf56888b8df,product_model,v0151,ser-01433,service,Quintero service 1433,17.10,unsupported,2021-01-03T12:27:11Z,\N,2021-01-03T12:27:11Z,\N,1,assert
acme:product_model:v0082-ser-01434-service~b5c1fb99eed9,product_model,v0082,ser-01434,service,Marchetti service 1434,8.4,supported,2021-01-03T15:45:14Z,\N,2021-01-03T15:45:14Z,\N,1,assert
acme:product_model:v0038-sof-01435-software~80f990967d22,product_model,v0038,sof-01435,software,Marchetti software 1435,22.0,eol,2021-01-03T03:34:21Z,\N,2021-01-03T03:34:21Z,\N,1,assert
acme:product_model:v0173-sof-01440-software~623edb58366b,product_model,v0173,sof-01440,software,Bergstrom software 1440,3.6,unsupported,2021-01-03T03:03:10Z,\N,2021-01-03T03:03:10Z,\N,1,assert
acme:product_model:v0124-har-01449-hardware~a00eda854a78,product_model,v0124,har-01449,hardware,Quintero hardware 1449,16.3,eol,2021-01-03T16:20:43Z,\N,2021-01-03T16:20:43Z,\N,1,assert
acme:product_model:v0000-sof-01454-software~a101e3a2014f,product_model,v0000,sof-01454,software,Fontaine software 1454,1.0,supported,2021-01-03T06:32:54Z,\N,2021-01-03T06:32:54Z,\N,1,assert
acme:product_model:v0158-sof-01458-software~00d8aa7762f9,product_model,v0158,sof-01458,software,Weiss software 1458,22.1,supported,2021-01-03T09:47:12Z,\N,2021-01-03T09:47:12Z,\N,1,assert
acme:product_model:v0054-sof-01463-software~f940fe31bda2,product_model,v0054,sof-01463,software,Yilmaz software 1463,13.9,supported,2021-01-03T09:58:03Z,\N,2021-01-03T09:58:03Z,\N,1,assert
acme:product_model:v0170-har-01466-hardware~ef0ddbc2ca11,product_model,v0170,har-01466,hardware,Silvestri hardware 1466,8.2,supported,2021-01-03T15:10:10Z,\N,2021-01-03T15:10:10Z,\N,1,assert
acme:product_model:v0059-sof-01472-software~355b5ff0af4a,product_model,v0059,sof-01472,software,Schneider software 1472,8.3,supported,2021-01-03T13:16:33Z,\N,2021-01-03T13:16:33Z,\N,1,assert
acme:product_model:v0032-ser-01480-service~e5742ddf79c6,product_model,v0032,ser-01480,service,Zhang service 1480,8.5,supported,2021-01-03T19:40:23Z,\N,2021-01-03T19:40:23Z,\N,1,assert
acme:product_model:v0059-sof-01490-software~53f3cf0fe5f0,product_model,v0059,sof-01490,software,Kaminski software 1490,7.10,supported,2021-01-03T11:38:28Z,\N,2021-01-03T11:38:28Z,\N,1,assert
acme:product_model:v0013-ser-01506-service~7105bfb9c889,product_model,v0013,ser-01506,service,Zhang service 1506,14.5,supported,2021-01-03T19:07:15Z,\N,2021-01-03T19:07:15Z,\N,1,assert
acme:product_model:v0000-sof-01522-software~95181120a46f,product_model,v0000,sof-01522,software,Mbatha software 1522,13.4,supported,2021-01-03T12:41:11Z,\N,2021-01-03T12:41:11Z,\N,1,assert
acme:product_model:v0121-sof-01537-software~42cd8fbae805,product_model,v0121,sof-01537,software,Novak software 1537,7.1,unsupported,2021-01-03T06:34:46Z,\N,2021-01-03T06:34:46Z,\N,1,assert
acme:product_model:v0176-har-01541-hardware~bf49bd0a0d6a,product_model,v0176,har-01541,hardware,Fontaine hardware 1541,13.4,unsupported,2021-01-03T21:06:34Z,\N,2021-01-03T21:06:34Z,\N,1,assert
acme:product_model:v0043-sof-01543-software~6e757ae94ca6,product_model,v0043,sof-01543,software,Oyelaran software 1543,3.10,supported,2021-01-03T04:27:30Z,\N,2021-01-03T04:27:30Z,\N,1,assert
acme:product_model:v0062-har-01544-hardware~1bee7147acef,product_model,v0062,har-01544,hardware,Silvestri hardware 1544,5.2,supported,2021-01-03T00:41:18Z,\N,2021-01-03T00:41:18Z,\N,1,assert
acme:product_model:v0176-ser-01547-service~875fa1a377be,product_model,v0176,ser-01547,service,Haddad service 1547,22.9,eol,2021-01-03T22:35:01Z,\N,2021-01-03T22:35:01Z,\N,1,assert
acme:product_model:v0076-har-01548-hardware~a092112d3b02,product_model,v0076,har-01548,hardware,Quintero hardware 1548,3.11,unsupported,2021-01-03T02:50:08Z,\N,2021-01-03T02:50:08Z,\N,1,assert
acme:product_model:v0013-ser-01553-service~63da6ffdcfbb,product_model,v0013,ser-01553,service,Ueda service 1553,13.8,supported,2021-01-03T20:01:46Z,\N,2021-01-03T20:01:46Z,\N,1,assert
acme:product_model:v0140-har-01554-hardware~1eae51d9e85c,product_model,v0140,har-01554,hardware,Ivanova hardware 1554,5.10,supported,2021-01-03T15:17:51Z,\N,2021-01-03T15:17:51Z,\N,1,assert
acme:product_model:v0001-sof-01558-software~c1d715605cb2,product_model,v0001,sof-01558,software,Thorsen software 1558,5.10,supported,2021-01-03T19:24:11Z,\N,2021-01-03T19:24:11Z,\N,1,assert
acme:product_model:v0167-ser-01559-service~fc168883b4d0,product_model,v0167,ser-01559,service,Haddad service 1559,17.7,eol,2021-01-03T17:27:04Z,\N,2021-01-03T17:27:04Z,\N,1,assert
acme:product_model:v0038-sof-01560-software~e91992f822db,product_model,v0038,sof-01560,software,Kaminski software 1560,1.4,supported,2021-01-03T19:35:46Z,\N,2021-01-03T19:35:46Z,\N,1,assert
acme:product_model:v0120-sof-01563-software~5235caaffe49,product_model,v0120,sof-01563,software,Jablonski software 1563,16.10,unknown,2021-01-03T19:22:26Z,\N,2021-01-03T19:22:26Z,\N,1,assert
acme:product_model:v0000-sof-01564-software~6f5fc84fd8a8,product_model,v0000,sof-01564,software,Kovac software 1564,1.8,supported,2021-01-03T05:49:39Z,\N,2021-01-03T05:49:39Z,\N,1,assert
acme:product_model:v0167-sof-01565-software~6cb296d2ca1b,product_model,v0167,sof-01565,software,Baptiste software 1565,23.3,supported,2021-01-03T04:07:17Z,\N,2021-01-03T04:07:17Z,\N,1,assert
acme:product_model:v0074-sof-01567-software~6dbb14fb9c67,product_model,v0074,sof-01567,software,Ivanova software 1567,12.4,unsupported,2021-01-03T11:21:31Z,\N,2021-01-03T11:21:31Z,\N,1,assert
acme:product_model:v0152-sof-01576-software~a7d52b577780,product_model,v0152,sof-01576,software,Ivanova software 1576,4.3,supported,2021-01-03T10:55:53Z,\N,2021-01-03T10:55:53Z,\N,1,assert
acme:product_model:v0005-sof-01582-software~dcf4767a44c8,product_model,v0005,sof-01582,software,Rasmussen software 1582,18.4,supported,2021-01-03T11:13:29Z,\N,2021-01-03T11:13:29Z,\N,1,assert
acme:product_model:v0091-ser-01592-service~0428f7a40252,product_model,v0091,ser-01592,service,Gundersen service 1592,11.1,supported,2021-01-03T13:00:01Z,\N,2021-01-03T13:00:01Z,\N,1,assert
acme:product_model:v0065-har-01594-hardware~4288bda92094,product_model,v0065,har-01594,hardware,Zhang hardware 1594,10.5,eol,2021-01-03T00:01:45Z,\N,2021-01-03T00:01:45Z,\N,1,assert
acme:product_model:v0124-har-01595-hardware~9ae64046673b,product_model,v0124,har-01595,hardware,Delacroix hardware 1595,21.11,supported,2021-01-03T10:42:35Z,\N,2021-01-03T10:42:35Z,\N,1,assert
acme:product_model:v0120-sof-01596-software~1676da6cf133,product_model,v0120,sof-01596,software,Vaughan software 1596,8.5,supported,2021-01-03T19:15:41Z,\N,2021-01-03T19:15:41Z,\N,1,assert
acme:product_model:v0046-har-01606-hardware~41322610646b,product_model,v0046,har-01606,hardware,Haddad hardware 1606,13.8,unsupported,2021-01-03T15:44:06Z,\N,2021-01-03T15:44:06Z,\N,1,assert
acme:product_model:v0005-ser-01613-service~87c4b76ab204,product_model,v0005,ser-01613,service,Kaminski service 1613,10.11,unsupported,2021-01-03T18:20:42Z,\N,2021-01-03T18:20:42Z,\N,1,assert
acme:product_model:v0085-har-01615-hardware~a17f915bb61a,product_model,v0085,har-01615,hardware,Mbatha hardware 1615,7.5,supported,2021-01-03T21:22:54Z,\N,2021-01-03T21:22:54Z,\N,1,assert
acme:product_model:v0164-ser-01618-service~0d5238b8d754,product_model,v0164,ser-01618,service,Tanaka service 1618,3.6,unknown,2021-01-03T14:19:49Z,\N,2021-01-03T14:19:49Z,\N,1,assert
acme:product_model:v0176-sof-01619-software~5100a0341719,product_model,v0176,sof-01619,software,Mbatha software 1619,2.0,eol,2021-01-03T19:33:38Z,\N,2021-01-03T19:33:38Z,\N,1,assert
acme:product_model:v0025-ser-01630-service~37ae58b13e0f,product_model,v0025,ser-01630,service,Santos service 1630,22.5,unsupported,2021-01-03T22:53:10Z,\N,2021-01-03T22:53:10Z,\N,1,assert
acme:product_model:v0167-sof-01635-software~66032c85bee6,product_model,v0167,sof-01635,software,Chowdhury software 1635,20.9,supported,2021-01-03T08:54:16Z,\N,2021-01-03T08:54:16Z,\N,1,assert
acme:product_model:v0031-sof-01636-software~2434eb766272,product_model,v0031,sof-01636,software,Schneider software 1636,13.3,supported,2021-01-03T16:40:34Z,\N,2021-01-03T16:40:34Z,\N,1,assert
acme:product_model:v0072-sof-01637-software~da2933e9a377,product_model,v0072,sof-01637,software,Nakamura software 1637,14.9,supported,2021-01-03T15:46:51Z,\N,2021-01-03T15:46:51Z,\N,1,assert
acme:product_model:v0140-sof-01645-software~81c7f627781d,product_model,v0140,sof-01645,software,Zhang software 1645,5.8,eol,2021-01-03T11:43:07Z,\N,2021-01-03T11:43:07Z,\N,1,assert
acme:product_model:v0159-sof-01653-software~9d34dd3f310f,product_model,v0159,sof-01653,software,Schneider software 1653,21.1,supported,2021-01-03T11:58:04Z,\N,2021-01-03T11:58:04Z,\N,1,assert
acme:product_model:v0070-sof-01663-software~e1caca736565,product_model,v0070,sof-01663,software,Eberhardt software 1663,9.7,supported,2021-01-03T06:12:48Z,\N,2021-01-03T06:12:48Z,\N,1,assert
acme:product_model:v0064-sof-01671-software~34abe5b4e1f9,product_model,v0064,sof-01671,software,Zhang software 1671,7.6,supported,2021-01-03T16:47:42Z,\N,2021-01-03T16:47:42Z,\N,1,assert
acme:product_model:v0070-ser-01674-service~abdfb8310321,product_model,v0070,ser-01674,service,Haddad service 1674,20.8,unsupported,2021-01-03T08:18:09Z,\N,2021-01-03T08:18:09Z,\N,1,assert
acme:product_model:v0153-ser-01675-service~1e9593af08fa,product_model,v0153,ser-01675,service,Delacroix service 1675,1.2,supported,2021-01-03T20:25:18Z,\N,2021-01-03T20:25:18Z,\N,1,assert
acme:product_model:v0060-sof-01678-software~a0bce13872ec,product_model,v0060,sof-01678,software,Delacroix software 1678,17.11,eol,2021-01-03T02:51:27Z,\N,2021-01-03T02:51:27Z,\N,1,assert
acme:product_model:v0034-sof-01682-software~d6a1616bc320,product_model,v0034,sof-01682,software,Novak software 1682,9.0,supported,2021-01-03T21:19:22Z,\N,2021-01-03T21:19:22Z,\N,1,assert
acme:product_model:v0054-sof-01692-software~cf74b64cd6b1,product_model,v0054,sof-01692,software,Nakamura software 1692,22.9,supported,2021-01-03T20:35:21Z,\N,2021-01-03T20:35:21Z,\N,1,assert
acme:product_model:v0164-sof-01704-software~1e7e7bb8b9e2,product_model,v0164,sof-01704,software,Fontaine software 1704,1.11,eol,2021-01-03T03:47:49Z,\N,2021-01-03T03:47:49Z,\N,1,assert
acme:product_model:v0095-har-01709-hardware~785ca074b7f0,product_model,v0095,har-01709,hardware,Pereira hardware 1709,22.1,eol,2021-01-03T20:39:05Z,\N,2021-01-03T20:39:05Z,\N,1,assert
acme:product_model:v0043-sof-01713-software~0062e4d07dc9,product_model,v0043,sof-01713,software,Castellanos software 1713,7.11,eol,2021-01-03T19:04:15Z,\N,2021-01-03T19:04:15Z,\N,1,assert
acme:product_model:v0115-sof-01722-software~7341301c1210,product_model,v0115,sof-01722,software,Gundersen software 1722,13.6,supported,2021-01-03T18:24:57Z,\N,2021-01-03T18:24:57Z,\N,1,assert
acme:product_model:v0048-sof-01725-software~e13e270f1bf8,product_model,v0048,sof-01725,software,Vaughan software 1725,11.10,unsupported,2021-01-03T22:14:28Z,\N,2021-01-03T22:14:28Z,\N,1,assert
acme:product_model:v0000-har-01729-hardware~d44bbb18afb0,product_model,v0000,har-01729,hardware,Mbatha hardware 1729,9.10,supported,2021-01-03T12:24:31Z,\N,2021-01-03T12:24:31Z,\N,1,assert
acme:product_model:v0025-sof-01732-software~faf0b8c1a8e4,product_model,v0025,sof-01732,software,Oyelaran software 1732,7.11,supported,2021-01-03T05:25:25Z,\N,2021-01-03T05:25:25Z,\N,1,assert
acme:product_model:v0030-ser-01736-service~8c6f2649fa2f,product_model,v0030,ser-01736,service,Kovac service 1736,15.9,supported,2021-01-03T08:03:33Z,\N,2021-01-03T08:03:33Z,\N,1,assert
acme:product_model:v0098-har-01739-hardware~49e4b3a10813,product_model,v0098,har-01739,hardware,Kovac hardware 1739,2.2,supported,2021-01-03T05:25:44Z,\N,2021-01-03T05:25:44Z,\N,1,assert
acme:product_model:v0109-sof-01741-software~bb44cbfbd8d4,product_model,v0109,sof-01741,software,Vaughan software 1741,11.5,supported,2021-01-03T00:11:11Z,\N,2021-01-03T00:11:11Z,\N,1,assert
acme:product_model:v0046-sof-01751-software~27e451672d56,product_model,v0046,sof-01751,software,Chowdhury software 1751,17.11,unsupported,2021-01-03T17:47:33Z,\N,2021-01-03T17:47:33Z,\N,1,assert
acme:product_model:v0044-ser-01759-service~fe84a8b02015,product_model,v0044,ser-01759,service,Ivanova service 1759,22.10,supported,2021-01-03T16:53:33Z,\N,2021-01-03T16:53:33Z,\N,1,assert
acme:product_model:v0120-sof-01760-software~252ca692ad00,product_model,v0120,sof-01760,software,Novak software 1760,22.0,supported,2021-01-03T17:16:48Z,\N,2021-01-03T17:16:48Z,\N,1,assert
acme:product_model:v0038-sof-01763-software~e7651804c2c8,product_model,v0038,sof-01763,software,Mbatha software 1763,1.0,supported,2021-01-03T04:41:59Z,\N,2021-01-03T04:41:59Z,\N,1,assert
acme:product_model:v0166-sof-01766-software~ad1979327065,product_model,v0166,sof-01766,software,Abbott software 1766,20.9,supported,2021-01-03T09:36:08Z,\N,2021-01-03T09:36:08Z,\N,1,assert
acme:product_model:v0046-sof-01772-software~3055525773c9,product_model,v0046,sof-01772,software,Gallagher software 1772,7.2,supported,2021-01-03T18:52:13Z,\N,2021-01-03T18:52:13Z,\N,1,assert
acme:product_model:v0033-sof-01778-software~6b1479eacbec,product_model,v0033,sof-01778,software,Mbatha software 1778,21.5,eol,2021-01-03T10:46:20Z,\N,2021-01-03T10:46:20Z,\N,1,assert
acme:product_model:v0001-sof-01780-software~454a3d8e21f8,product_model,v0001,sof-01780,software,Nakamura software 1780,12.8,supported,2021-01-03T20:06:09Z,\N,2021-01-03T20:06:09Z,\N,1,assert
acme:product_model:v0148-ser-01795-service~a59797adad11,product_model,v0148,ser-01795,service,Gundersen service 1795,22.7,supported,2021-01-03T18:20:40Z,\N,2021-01-03T18:20:40Z,\N,1,assert
acme:product_model:v0011-sof-01798-software~3c22bec52cbe,product_model,v0011,sof-01798,software,Delacroix software 1798,18.9,eol,2021-01-03T11:06:01Z,\N,2021-01-03T11:06:01Z,\N,1,assert
acme:product_model:v0144-sof-01807-software~4948e7bdd9e0,product_model,v0144,sof-01807,software,Baptiste software 1807,10.8,unsupported,2021-01-03T21:31:10Z,\N,2021-01-03T21:31:10Z,\N,1,assert
acme:product_model:v0076-sof-01808-software~282451ee85a4,product_model,v0076,sof-01808,software,Chowdhury software 1808,13.6,supported,2021-01-03T11:40:25Z,\N,2021-01-03T11:40:25Z,\N,1,assert
acme:product_model:v0079-sof-01812-software~b8e077b1be24,product_model,v0079,sof-01812,software,Abbott software 1812,10.9,eol,2021-01-03T00:02:09Z,\N,2021-01-03T00:02:09Z,\N,1,assert
acme:product_model:v0097-con-01823-consumable~2c7d6498a134,product_model,v0097,con-01823,consumable,Schneider consumable 1823,2.7,supported,2021-01-03T08:59:21Z,\N,2021-01-03T08:59:21Z,\N,1,assert
acme:product_model:v0070-har-01825-hardware~2262ddbc2cc0,product_model,v0070,har-01825,hardware,Nakamura hardware 1825,10.2,supported,2021-01-03T19:16:55Z,\N,2021-01-03T19:16:55Z,\N,1,assert
acme:product_model:v0098-sof-01830-software~e26007ab1075,product_model,v0098,sof-01830,software,Yilmaz software 1830,10.8,unsupported,2021-01-03T11:25:56Z,\N,2021-01-03T11:25:56Z,\N,1,assert
acme:product_model:v0064-sof-01832-software~69a3f216286b,product_model,v0064,sof-01832,software,Novak software 1832,17.8,eol,2021-01-03T05:14:10Z,\N,2021-01-03T05:14:10Z,\N,1,assert
acme:product_model:v0097-har-01833-hardware~b4bd1cfef34e,product_model,v0097,har-01833,hardware,Schneider hardware 1833,23.10,supported,2021-01-03T04:29:39Z,\N,2021-01-03T04:29:39Z,\N,1,assert
acme:product_model:v0109-con-01836-consumable~ce53e1077251,product_model,v0109,con-01836,consumable,Kaminski consumable 1836,16.9,supported,2021-01-03T20:36:07Z,\N,2021-01-03T20:36:07Z,\N,1,assert
acme:product_model:v0007-sof-01837-software~9d1315de8102,product_model,v0007,sof-01837,software,Silvestri software 1837,9.1,supported,2021-01-03T16:59:24Z,\N,2021-01-03T16:59:24Z,\N,1,assert
acme:product_model:v0158-ser-01859-service~e19bb1afa8a6,product_model,v0158,ser-01859,service,Bergstrom service 1859,21.2,supported,2021-01-03T01:05:47Z,\N,2021-01-03T01:05:47Z,\N,1,assert
acme:product_model:v0046-sof-01874-software~2e8fa65035f2,product_model,v0046,sof-01874,software,Ivanova software 1874,12.10,eol,2021-01-03T09:33:48Z,\N,2021-01-03T09:33:48Z,\N,1,assert
acme:product_model:v0176-sof-01875-software~ea4a1d94833b,product_model,v0176,sof-01875,software,Chowdhury software 1875,4.7,supported,2021-01-03T17:00:45Z,\N,2021-01-03T17:00:45Z,\N,1,assert
acme:product_model:v0032-sof-01876-software~2f9c66e69650,product_model,v0032,sof-01876,software,Pereira software 1876,2.6,supported,2021-01-03T08:39:56Z,\N,2021-01-03T08:39:56Z,\N,1,assert
acme:product_model:v0173-har-01884-hardware~8bc4719dd246,product_model,v0173,har-01884,hardware,Lindqvist hardware 1884,15.6,supported,2021-01-03T18:10:37Z,\N,2021-01-03T18:10:37Z,\N,1,assert
acme:product_model:v0065-har-01890-hardware~e10b63c8b661,product_model,v0065,har-01890,hardware,Tanaka hardware 1890,8.3,supported,2021-01-03T08:35:57Z,\N,2021-01-03T08:35:57Z,\N,1,assert
acme:product_model:v0030-sof-01892-software~871692b39797,product_model,v0030,sof-01892,software,Zhang software 1892,9.9,unsupported,2021-01-03T05:25:43Z,\N,2021-01-03T05:25:43Z,\N,1,assert
acme:product_model:v0082-ser-01895-service~6536f03f813d,product_model,v0082,ser-01895,service,Santos service 1895,22.2,supported,2021-01-03T22:10:23Z,\N,2021-01-03T22:10:23Z,\N,1,assert
acme:product_model:v0031-sof-01897-software~78e7c3742703,product_model,v0031,sof-01897,software,Abbott software 1897,9.8,supported,2021-01-03T17:06:31Z,\N,2021-01-03T17:06:31Z,\N,1,assert
acme:product_model:v0176-sof-01902-software~dc9c79ca77ca,product_model,v0176,sof-01902,software,Marchetti software 1902,18.10,supported,2021-01-03T03:56:38Z,\N,2021-01-03T03:56:38Z,\N,1,assert
acme:product_model:v0070-sof-01915-software~7706df116297,product_model,v0070,sof-01915,software,Abbott software 1915,12.11,supported,2021-01-03T04:33:32Z,\N,2021-01-03T04:33:32Z,\N,1,assert
acme:product_model:v0038-har-01916-hardware~a46065cd7852,product_model,v0038,har-01916,hardware,Quintero hardware 1916,11.3,unknown,2021-01-03T16:47:38Z,\N,2021-01-03T16:47:38Z,\N,1,assert
acme:product_model:v0176-sof-01917-software~43c8835c9ce2,product_model,v0176,sof-01917,software,Thorsen software 1917,13.8,supported,2021-01-03T17:25:12Z,\N,2021-01-03T17:25:12Z,\N,1,assert
acme:product_model:v0055-har-01928-hardware~3d4cbc48c4c4,product_model,v0055,har-01928,hardware,Delacroix hardware 1928,17.5,supported,2021-01-03T21:37:42Z,\N,2021-01-03T21:37:42Z,\N,1,assert
acme:product_model:v0098-sof-01929-software~ef669698303a,product_model,v0098,sof-01929,software,Marchetti software 1929,6.11,supported,2021-01-03T03:27:54Z,\N,2021-01-03T03:27:54Z,\N,1,assert
acme:product_model:v0082-sof-01932-software~244ba9ee816b,product_model,v0082,sof-01932,software,Kovac software 1932,10.10,supported,2021-01-03T20:13:30Z,\N,2021-01-03T20:13:30Z,\N,1,assert
acme:product_model:v0054-sof-01933-software~6963701bd228,product_model,v0054,sof-01933,software,Abbott software 1933,16.6,supported,2021-01-03T19:47:04Z,\N,2021-01-03T19:47:04Z,\N,1,assert
acme:product_model:v0058-sof-01938-software~6cc5b0da6f36,product_model,v0058,sof-01938,software,Kovac software 1938,4.6,supported,2021-01-03T22:12:47Z,\N,2021-01-03T22:12:47Z,\N,1,assert
acme:product_model:v0060-har-01942-hardware~eb81772663b9,product_model,v0060,har-01942,hardware,Yilmaz hardware 1942,20.11,supported,2021-01-03T21:13:04Z,\N,2021-01-03T21:13:04Z,\N,1,assert
acme:product_model:v0076-sof-01943-software~fd0b7d2bc31a,product_model,v0076,sof-01943,software,Wagner software 1943,7.1,supported,2021-01-03T07:05:49Z,\N,2021-01-03T07:05:49Z,\N,1,assert
acme:product_model:v0044-har-01944-hardware~7b840b9b2134,product_model,v0044,har-01944,hardware,Oyelaran hardware 1944,8.7,supported,2021-01-03T13:06:43Z,\N,2021-01-03T13:06:43Z,\N,1,assert
acme:product_model:v0068-sof-01949-software~d8f373115c8b,product_model,v0068,sof-01949,software,Castellanos software 1949,3.2,supported,2021-01-03T19:07:30Z,\N,2021-01-03T19:07:30Z,\N,1,assert
acme:product_model:v0176-ser-01951-service~eaeafa7eda0d,product_model,v0176,ser-01951,service,Ueda service 1951,9.6,supported,2021-01-03T22:37:24Z,\N,2021-01-03T22:37:24Z,\N,1,assert
acme:product_model:v0032-sof-01954-software~049cab42f2d8,product_model,v0032,sof-01954,software,Rasmussen software 1954,7.10,supported,2021-01-03T08:44:28Z,\N,2021-01-03T08:44:28Z,\N,1,assert
acme:product_model:v0088-sof-01956-software~2c6beaac259d,product_model,v0088,sof-01956,software,Lindqvist software 1956,15.4,unknown,2021-01-03T17:59:55Z,\N,2021-01-03T17:59:55Z,\N,1,assert
acme:product_model:v0173-sof-01958-software~455ea334b016,product_model,v0173,sof-01958,software,Baptiste software 1958,4.2,unsupported,2021-01-03T02:06:10Z,\N,2021-01-03T02:06:10Z,\N,1,assert
acme:product_model:v0088-sof-01960-software~06f0e6c42d94,product_model,v0088,sof-01960,software,Quintero software 1960,2.2,supported,2021-01-03T02:40:57Z,\N,2021-01-03T02:40:57Z,\N,1,assert
acme:product_model:v0097-ser-01977-service~9dcba011996b,product_model,v0097,ser-01977,service,Baptiste service 1977,3.5,unsupported,2021-01-03T01:19:09Z,\N,2021-01-03T01:19:09Z,\N,1,assert
acme:product_model:v0095-sof-01981-software~d4b0e358dea5,product_model,v0095,sof-01981,software,Abbott software 1981,4.5,supported,2021-01-03T16:37:23Z,\N,2021-01-03T16:37:23Z,\N,1,assert
acme:product_model:v0028-sof-01988-software~d3c08a6990a7,product_model,v0028,sof-01988,software,Nakamura software 1988,11.9,unknown,2021-01-03T01:03:48Z,\N,2021-01-03T01:03:48Z,\N,1,assert
acme:product_model:v0104-sof-01996-software~de53c7b6bf4d,product_model,v0104,sof-01996,software,Marchetti software 1996,5.0,unsupported,2021-01-03T19:41:39Z,\N,2021-01-03T19:41:39Z,\N,1,assert
acme:product_model:v0030-sof-02003-software~47ffe261ab38,product_model,v0030,sof-02003,software,Pereira software 2003,17.11,unsupported,2021-01-03T03:34:09Z,\N,2021-01-03T03:34:09Z,\N,1,assert
acme:product_model:v0060-sof-02004-software~ddf683bf7ee7,product_model,v0060,sof-02004,software,Pereira software 2004,8.10,supported,2021-01-03T22:58:14Z,\N,2021-01-03T22:58:14Z,\N,1,assert
acme:product_model:v0082-har-02011-hardware~bcf97f9f3389,product_model,v0082,har-02011,hardware,Rasmussen hardware 2011,12.4,supported,2021-01-03T18:35:45Z,\N,2021-01-03T18:35:45Z,\N,1,assert
acme:product_model:v0074-har-02021-hardware~9b9d3b4c3eb1,product_model,v0074,har-02021,hardware,Mbatha hardware 2021,19.10,supported,2021-01-03T20:24:47Z,\N,2021-01-03T20:24:47Z,\N,1,assert
acme:product_model:v0124-sof-02024-software~5d348cf9a48d,product_model,v0124,sof-02024,software,Tanaka software 2024,12.0,supported,2021-01-03T13:55:18Z,\N,2021-01-03T13:55:18Z,\N,1,assert
acme:product_model:v0006-sof-02030-software~3aa53854c5cf,product_model,v0006,sof-02030,software,Fontaine software 2030,7.11,supported,2021-01-03T06:17:35Z,\N,2021-01-03T06:17:35Z,\N,1,assert
acme:product_model:v0079-ser-02033-service~906fa1620e03,product_model,v0079,ser-02033,service,Okonkwo service 2033,16.11,supported,2021-01-03T08:28:31Z,\N,2021-01-03T08:28:31Z,\N,1,assert
acme:product_model:v0005-sof-02035-software~fafed1c01304,product_model,v0005,sof-02035,software,Delacroix software 2035,2.11,supported,2021-01-03T01:33:54Z,\N,2021-01-03T01:33:54Z,\N,1,assert
acme:product_model:v0074-sof-02036-software~bf6df062a6e6,product_model,v0074,sof-02036,software,Tanaka software 2036,17.9,supported,2021-01-03T19:21:24Z,\N,2021-01-03T19:21:24Z,\N,1,assert
acme:product_model:v0043-har-02039-hardware~974dd5cc36b7,product_model,v0043,har-02039,hardware,Nakamura hardware 2039,10.9,unsupported,2021-01-03T14:16:51Z,\N,2021-01-03T14:16:51Z,\N,1,assert
acme:product_model:v0048-sof-02042-software~2b896dac12ef,product_model,v0048,sof-02042,software,Oyelaran software 2042,2.4,supported,2021-01-03T03:20:56Z,\N,2021-01-03T03:20:56Z,\N,1,assert
acme:product_model:v0138-har-02052-hardware~0689978fb26c,product_model,v0138,har-02052,hardware,Quintero hardware 2052,6.7,supported,2021-01-03T13:41:30Z,\N,2021-01-03T13:41:30Z,\N,1,assert
acme:product_model:v0070-har-02053-hardware~4f053b2ca9a5,product_model,v0070,har-02053,hardware,Tanaka hardware 2053,8.0,eol,2021-01-03T08:13:42Z,\N,2021-01-03T08:13:42Z,\N,1,assert
acme:product_model:v0048-har-02067-hardware~96dbb1aae862,product_model,v0048,har-02067,hardware,Rasmussen hardware 2067,13.7,eol,2021-01-03T00:51:36Z,\N,2021-01-03T00:51:36Z,\N,1,assert
acme:product_model:v0013-sof-02069-software~942147d40812,product_model,v0013,sof-02069,software,Fontaine software 2069,23.9,supported,2021-01-03T09:09:38Z,\N,2021-01-03T09:09:38Z,\N,1,assert
acme:product_model:v0169-sof-02072-software~7f57326d1ccc,product_model,v0169,sof-02072,software,Gundersen software 2072,3.10,unsupported,2021-01-03T03:50:44Z,\N,2021-01-03T03:50:44Z,\N,1,assert
acme:product_model:v0153-sof-02091-software~840b6dde68c1,product_model,v0153,sof-02091,software,Weiss software 2091,14.7,unsupported,2021-01-03T16:49:35Z,\N,2021-01-03T16:49:35Z,\N,1,assert
acme:product_model:v0032-ser-02101-service~25441fa0d680,product_model,v0032,ser-02101,service,Vaughan service 2101,15.9,supported,2021-01-03T21:26:03Z,\N,2021-01-03T21:26:03Z,\N,1,assert
acme:product_model:v0104-har-02103-hardware~b1fb4f3212a0,product_model,v0104,har-02103,hardware,Haddad hardware 2103,2.6,supported,2021-01-03T01:03:56Z,\N,2021-01-03T01:03:56Z,\N,1,assert
acme:product_model:v0169-ser-02109-service~410d7955859d,product_model,v0169,ser-02109,service,Thorsen service 2109,19.9,eol,2021-01-03T17:15:04Z,\N,2021-01-03T17:15:04Z,\N,1,assert
acme:product_model:v0060-sof-02119-software~6260228c72b8,product_model,v0060,sof-02119,software,Wagner software 2119,6.9,supported,2021-01-03T04:29:08Z,\N,2021-01-03T04:29:08Z,\N,1,assert
acme:product_model:v0038-sof-02121-software~2864f9ff7839,product_model,v0038,sof-02121,software,Ivanova software 2121,18.8,unknown,2021-01-03T21:23:58Z,\N,2021-01-03T21:23:58Z,\N,1,assert
acme:product_model:v0159-har-02130-hardware~35a5098691e1,product_model,v0159,har-02130,hardware,Lindqvist hardware 2130,4.8,unsupported,2021-01-03T07:48:04Z,\N,2021-01-03T07:48:04Z,\N,1,assert
acme:product_model:v0138-sof-02133-software~3c6ead7e9136,product_model,v0138,sof-02133,software,Baptiste software 2133,16.6,supported,2021-01-03T06:08:00Z,\N,2021-01-03T06:08:00Z,\N,1,assert
acme:product_model:v0115-har-02137-hardware~5fa5cf0358ea,product_model,v0115,har-02137,hardware,Zhang hardware 2137,23.7,supported,2021-01-03T04:25:59Z,\N,2021-01-03T04:25:59Z,\N,1,assert
acme:product_model:v0158-ser-02138-service~a3e883d339bc,product_model,v0158,ser-02138,service,Tanaka service 2138,23.4,supported,2021-01-03T10:03:41Z,\N,2021-01-03T10:03:41Z,\N,1,assert
acme:product_model:v0059-sof-02139-software~8fc50fbee18e,product_model,v0059,sof-02139,software,Gundersen software 2139,7.0,supported,2021-01-03T07:18:57Z,\N,2021-01-03T07:18:57Z,\N,1,assert
acme:product_model:v0048-sof-02143-software~fc4b0aac13f2,product_model,v0048,sof-02143,software,Thorsen software 2143,3.2,unsupported,2021-01-03T11:33:02Z,\N,2021-01-03T11:33:02Z,\N,1,assert
acme:product_model:v0178-sof-02144-software~275103b60f6e,product_model,v0178,sof-02144,software,Santos software 2144,11.5,unsupported,2021-01-03T02:38:37Z,\N,2021-01-03T02:38:37Z,\N,1,assert
acme:product_model:v0017-sof-02146-software~c25f84f1c692,product_model,v0017,sof-02146,software,Nakamura software 2146,8.5,supported,2021-01-03T05:26:49Z,\N,2021-01-03T05:26:49Z,\N,1,assert
acme:product_model:v0030-sof-02148-software~df3ff00ca3d2,product_model,v0030,sof-02148,software,Nakamura software 2148,3.3,eol,2021-01-03T09:43:18Z,\N,2021-01-03T09:43:18Z,\N,1,assert
acme:product_model:v0070-har-02161-hardware~8260af0fed27,product_model,v0070,har-02161,hardware,Gundersen hardware 2161,16.1,supported,2021-01-03T12:02:37Z,\N,2021-01-03T12:02:37Z,\N,1,assert
acme:product_model:v0030-sof-02164-software~444a900ced67,product_model,v0030,sof-02164,software,Ivanova software 2164,10.3,supported,2021-01-03T12:22:50Z,\N,2021-01-03T12:22:50Z,\N,1,assert
acme:product_model:v0001-sof-02174-software~e0017fce4cb0,product_model,v0001,sof-02174,software,Novak software 2174,10.5,supported,2021-01-03T00:57:39Z,\N,2021-01-03T00:57:39Z,\N,1,assert
acme:product_model:v0055-sof-02179-software~7e930bb2d6f6,product_model,v0055,sof-02179,software,Oyelaran software 2179,13.4,eol,2021-01-03T01:55:57Z,\N,2021-01-03T01:55:57Z,\N,1,assert
acme:product_model:v0025-har-02180-hardware~87caf0a30536,product_model,v0025,har-02180,hardware,Jablonski hardware 2180,21.6,unsupported,2021-01-03T11:29:54Z,\N,2021-01-03T11:29:54Z,\N,1,assert
acme:product_model:v0062-sof-02183-software~1f782993497e,product_model,v0062,sof-02183,software,Oyelaran software 2183,13.2,supported,2021-01-03T20:44:04Z,\N,2021-01-03T20:44:04Z,\N,1,assert
acme:product_model:v0024-con-02184-consumable~e1180e31756e,product_model,v0024,con-02184,consumable,Gallagher consumable 2184,19.4,supported,2021-01-03T11:40:39Z,\N,2021-01-03T11:40:39Z,\N,1,assert
acme:product_model:v0082-har-02186-hardware~0df5eb1f23cd,product_model,v0082,har-02186,hardware,Kovac hardware 2186,7.7,supported,2021-01-03T20:33:20Z,\N,2021-01-03T20:33:20Z,\N,1,assert
acme:product_model:v0071-ser-02189-service~0b1dab4ebcbd,product_model,v0071,ser-02189,service,Haddad service 2189,18.2,supported,2021-01-03T17:53:59Z,\N,2021-01-03T17:53:59Z,\N,1,assert
acme:product_model:v0142-sof-02197-software~b99ec87e47ad,product_model,v0142,sof-02197,software,Marchetti software 2197,6.7,eol,2021-01-03T13:49:00Z,\N,2021-01-03T13:49:00Z,\N,1,assert
acme:product_model:v0091-sof-02200-software~ea8bd0d9ac4e,product_model,v0091,sof-02200,software,Mbatha software 2200,9.10,supported,2021-01-03T01:44:28Z,\N,2021-01-03T01:44:28Z,\N,1,assert
acme:product_model:v0164-har-02202-hardware~f4b4d8ed9cd6,product_model,v0164,har-02202,hardware,Eberhardt hardware 2202,7.2,unknown,2021-01-03T09:42:05Z,\N,2021-01-03T09:42:05Z,\N,1,assert
acme:product_model:v0118-sof-02204-software~e3bbc479be12,product_model,v0118,sof-02204,software,Yilmaz software 2204,2.11,supported,2021-01-03T19:18:12Z,\N,2021-01-03T19:18:12Z,\N,1,assert
acme:product_model:v0062-har-02209-hardware~7c4982d513ab,product_model,v0062,har-02209,hardware,Baptiste hardware 2209,1.11,unsupported,2021-01-03T13:48:50Z,\N,2021-01-03T13:48:50Z,\N,1,assert
acme:product_model:v0062-sof-02212-software~97b3885a6922,product_model,v0062,sof-02212,software,Rasmussen software 2212,18.1,eol,2021-01-03T08:40:28Z,\N,2021-01-03T08:40:28Z,\N,1,assert
acme:product_model:v0019-sof-02213-software~9d05c445f76b,product_model,v0019,sof-02213,software,Zhang software 2213,4.6,eol,2021-01-03T03:47:00Z,\N,2021-01-03T03:47:00Z,\N,1,assert
acme:product_model:v0055-har-02225-hardware~3cd24db13667,product_model,v0055,har-02225,hardware,Ueda hardware 2225,6.5,supported,2021-01-03T00:37:55Z,\N,2021-01-03T00:37:55Z,\N,1,assert
acme:product_model:v0072-sof-02233-software~a8f4fcaa877a,product_model,v0072,sof-02233,software,Kaminski software 2233,5.5,unsupported,2021-01-03T03:45:51Z,\N,2021-01-03T03:45:51Z,\N,1,assert
acme:product_model:v0044-sof-02234-software~4b0a56bdb85e,product_model,v0044,sof-02234,software,Gundersen software 2234,13.8,supported,2021-01-03T18:30:04Z,\N,2021-01-03T18:30:04Z,\N,1,assert
acme:product_model:v0144-sof-02235-software~a7af62a3a745,product_model,v0144,sof-02235,software,Haddad software 2235,7.7,eol,2021-01-03T23:59:10Z,\N,2021-01-03T23:59:10Z,\N,1,assert
acme:product_model:v0044-har-02236-hardware~4ed86f1c7d22,product_model,v0044,har-02236,hardware,Tanaka hardware 2236,23.8,supported,2021-01-03T10:25:14Z,\N,2021-01-03T10:25:14Z,\N,1,assert
acme:product_model:v0065-ser-02237-service~62084c5b1845,product_model,v0065,ser-02237,service,Pereira service 2237,1.6,supported,2021-01-03T09:29:37Z,\N,2021-01-03T09:29:37Z,\N,1,assert
acme:product_model:v0046-har-02243-hardware~07df0296c1b8,product_model,v0046,har-02243,hardware,Jablonski hardware 2243,20.2,unsupported,2021-01-03T18:05:13Z,\N,2021-01-03T18:05:13Z,\N,1,assert
acme:product_model:v0028-har-02254-hardware~da7aec850073,product_model,v0028,har-02254,hardware,Yilmaz hardware 2254,10.10,unsupported,2021-01-03T16:32:16Z,\N,2021-01-03T16:32:16Z,\N,1,assert
acme:product_model:v0121-sof-02256-software~7359e10c50d1,product_model,v0121,sof-02256,software,Vaughan software 2256,16.10,unsupported,2021-01-03T01:08:58Z,\N,2021-01-03T01:08:58Z,\N,1,assert
acme:product_model:v0178-con-02258-consumable~3ec660ad7051,product_model,v0178,con-02258,consumable,Jablonski consumable 2258,4.3,unknown,2021-01-03T20:11:07Z,\N,2021-01-03T20:11:07Z,\N,1,assert
acme:product_model:v0178-har-02266-hardware~88c39c16c0f1,product_model,v0178,har-02266,hardware,Fontaine hardware 2266,12.4,supported,2021-01-03T13:49:35Z,\N,2021-01-03T13:49:35Z,\N,1,assert
acme:product_model:v0158-sof-02269-software~7215e645c50d,product_model,v0158,sof-02269,software,Schneider software 2269,17.9,unknown,2021-01-03T16:33:51Z,\N,2021-01-03T16:33:51Z,\N,1,assert
acme:product_model:v0140-sof-02273-software~5156422893ad,product_model,v0140,sof-02273,software,Santos software 2273,6.5,supported,2021-01-03T00:26:00Z,\N,2021-01-03T00:26:00Z,\N,1,assert
acme:product_model:v0013-sof-02275-software~f85657310326,product_model,v0013,sof-02275,software,Ivanova software 2275,4.8,unsupported,2021-01-03T22:37:39Z,\N,2021-01-03T22:37:39Z,\N,1,assert
acme:product_model:v0152-sof-02276-software~b95d48a14550,product_model,v0152,sof-02276,software,Santos software 2276,13.7,supported,2021-01-03T20:40:46Z,\N,2021-01-03T20:40:46Z,\N,1,assert
acme:product_model:v0119-sof-02278-software~3619d4a327e1,product_model,v0119,sof-02278,software,Marchetti software 2278,4.5,supported,2021-01-03T03:13:05Z,\N,2021-01-03T03:13:05Z,\N,1,assert
acme:product_model:v0088-sof-02283-software~e5a877d0fcb0,product_model,v0088,sof-02283,software,Oyelaran software 2283,18.1,eol,2021-01-03T14:40:29Z,\N,2021-01-03T14:40:29Z,\N,1,assert
acme:product_model:v0054-sof-02284-software~cbdeebb0e28f,product_model,v0054,sof-02284,software,Kovac software 2284,16.10,supported,2021-01-03T05:46:01Z,\N,2021-01-03T05:46:01Z,\N,1,assert
acme:product_model:v0083-sof-02288-software~710b07312545,product_model,v0083,sof-02288,software,Bergstrom software 2288,1.0,supported,2021-01-03T22:56:48Z,\N,2021-01-03T22:56:48Z,\N,1,assert
acme:product_model:v0046-sof-02289-software~c7005cf4379b,product_model,v0046,sof-02289,software,Thorsen software 2289,20.3,unsupported,2021-01-03T02:01:47Z,\N,2021-01-03T02:01:47Z,\N,1,assert
acme:product_model:v0138-sof-02298-software~48ef195924c1,product_model,v0138,sof-02298,software,Santos software 2298,3.1,supported,2021-01-03T07:32:01Z,\N,2021-01-03T07:32:01Z,\N,1,assert
acme:product_model:v0152-ser-02300-service~acb9cb6d9fc9,product_model,v0152,ser-02300,service,Tanaka service 2300,6.10,unsupported,2021-01-03T06:15:18Z,\N,2021-01-03T06:15:18Z,\N,1,assert
acme:product_model:v0173-har-02301-hardware~fc681764b573,product_model,v0173,har-02301,hardware,Santos hardware 2301,3.8,unknown,2021-01-03T01:39:18Z,\N,2021-01-03T01:39:18Z,\N,1,assert
acme:product_model:v0164-har-02308-hardware~059f1b8eaece,product_model,v0164,har-02308,hardware,Zhang hardware 2308,22.6,unsupported,2021-01-03T21:22:44Z,\N,2021-01-03T21:22:44Z,\N,1,assert
acme:product_model:v0064-ser-02319-service~52ae9d2a59f4,product_model,v0064,ser-02319,service,Eberhardt service 2319,18.2,supported,2021-01-03T00:58:44Z,\N,2021-01-03T00:58:44Z,\N,1,assert
acme:product_model:v0170-ser-02323-service~420dff62c4a3,product_model,v0170,ser-02323,service,Silvestri service 2323,23.4,eol,2021-01-03T05:06:18Z,\N,2021-01-03T05:06:18Z,\N,1,assert
acme:product_model:v0077-sof-02324-software~909cfc2ccd0c,product_model,v0077,sof-02324,software,Lindqvist software 2324,22.7,supported,2021-01-03T01:18:22Z,\N,2021-01-03T01:18:22Z,\N,1,assert
acme:product_model:v0059-har-02326-hardware~17d3674c199c,product_model,v0059,har-02326,hardware,Weiss hardware 2326,9.7,eol,2021-01-03T10:33:23Z,\N,2021-01-03T10:33:23Z,\N,1,assert
acme:product_model:v0013-sof-02329-software~f183bcab7c36,product_model,v0013,sof-02329,software,Baptiste software 2329,14.4,unsupported,2021-01-03T20:26:11Z,\N,2021-01-03T20:26:11Z,\N,1,assert
acme:product_model:v0074-sof-02332-software~620c3d337d43,product_model,v0074,sof-02332,software,Ivanova software 2332,5.11,unsupported,2021-01-03T21:47:25Z,\N,2021-01-03T21:47:25Z,\N,1,assert
acme:product_model:v0151-sof-02335-software~365bf8734267,product_model,v0151,sof-02335,software,Bergstrom software 2335,12.10,supported,2021-01-03T07:26:43Z,\N,2021-01-03T07:26:43Z,\N,1,assert
acme:product_model:v0001-sof-02336-software~b258a5c83773,product_model,v0001,sof-02336,software,Marchetti software 2336,15.3,supported,2021-01-03T12:26:30Z,\N,2021-01-03T12:26:30Z,\N,1,assert
acme:product_model:v0170-sof-02343-software~39062b01bbe6,product_model,v0170,sof-02343,software,Vaughan software 2343,3.9,unsupported,2021-01-03T22:34:21Z,\N,2021-01-03T22:34:21Z,\N,1,assert
acme:product_model:v0134-har-02348-hardware~b9e012016314,product_model,v0134,har-02348,hardware,Wagner hardware 2348,20.8,unknown,2021-01-03T05:42:51Z,\N,2021-01-03T05:42:51Z,\N,1,assert
acme:product_model:v0151-har-02349-hardware~edf749fa49a8,product_model,v0151,har-02349,hardware,Ivanova hardware 2349,19.6,supported,2021-01-03T21:23:09Z,\N,2021-01-03T21:23:09Z,\N,1,assert
acme:product_model:v0134-con-02362-consumable~3251beb8a43a,product_model,v0134,con-02362,consumable,Ueda consumable 2362,2.0,unsupported,2021-01-03T05:29:15Z,\N,2021-01-03T05:29:15Z,\N,1,assert
acme:product_model:v0095-sof-02364-software~9848f6a4cf61,product_model,v0095,sof-02364,software,Vaughan software 2364,18.5,supported,2021-01-03T05:14:47Z,\N,2021-01-03T05:14:47Z,\N,1,assert
acme:product_model:v0109-har-02365-hardware~c526420010ff,product_model,v0109,har-02365,hardware,Vaughan hardware 2365,17.2,supported,2021-01-03T17:58:18Z,\N,2021-01-03T17:58:18Z,\N,1,assert
acme:product_model:v0033-har-02368-hardware~864cc4fcef05,product_model,v0033,har-02368,hardware,Wagner hardware 2368,7.10,eol,2021-01-03T15:41:33Z,\N,2021-01-03T15:41:33Z,\N,1,assert
acme:product_model:v0079-har-02380-hardware~b9377d85c551,product_model,v0079,har-02380,hardware,Haddad hardware 2380,16.11,supported,2021-01-03T16:30:35Z,\N,2021-01-03T16:30:35Z,\N,1,assert
acme:product_model:v0011-ser-02381-service~0fdbcf828f9c,product_model,v0011,ser-02381,service,Novak service 2381,19.0,unknown,2021-01-03T18:10:43Z,\N,2021-01-03T18:10:43Z,\N,1,assert
acme:product_model:v0077-sof-02383-software~24c893124a52,product_model,v0077,sof-02383,software,Kaminski software 2383,6.0,supported,2021-01-03T03:54:37Z,\N,2021-01-03T03:54:37Z,\N,1,assert
acme:product_model:v0079-har-02384-hardware~4766448adda6,product_model,v0079,har-02384,hardware,Gundersen hardware 2384,6.9,supported,2021-01-03T20:13:53Z,\N,2021-01-03T20:13:53Z,\N,1,assert
acme:product_model:v0115-har-02385-hardware~9cd98412b937,product_model,v0115,har-02385,hardware,Novak hardware 2385,3.10,supported,2021-01-03T22:54:18Z,\N,2021-01-03T22:54:18Z,\N,1,assert
acme:product_model:v0152-sof-02387-software~cc7f9bb47168,product_model,v0152,sof-02387,software,Ueda software 2387,7.3,supported,2021-01-03T16:31:11Z,\N,2021-01-03T16:31:11Z,\N,1,assert
acme:product_model:v0126-ser-00394-service~e0dd258eb3ee,product_model,v0126,ser-00394,service,Fontaine service 394,10.11,unknown,2021-01-04T00:09:46Z,\N,2021-01-04T00:09:46Z,2024-11-14T08:50:32Z,1,assert
acme:product_model:v0072-sof-01672-software~d663843747c3,product_model,v0072,sof-01672,software,Rasmussen software 1672,11.7,supported,2021-01-04T02:20:13Z,2021-04-16T08:48:54Z,2021-01-04T02:20:13Z,\N,1,assert
acme:product_model:v0065-har-01716-hardware~0430eaf7b03a,product_model,v0065,har-01716,hardware,Mbatha hardware 1716,15.9,supported,2021-01-04T02:31:07Z,2021-05-30T17:26:16Z,2021-01-04T02:31:07Z,\N,1,assert
acme:product_model:v0140-sof-01329-software~8b5997b2eaa3,product_model,v0140,sof-01329,software,Abbott software 1329,23.5,supported,2021-01-04T04:48:37Z,2021-06-12T08:08:52Z,2021-01-04T04:48:37Z,\N,1,assert
acme:product_model:v0036-har-01801-hardware~0f34697c1ac1,product_model,v0036,har-01801,hardware,Lindqvist hardware 1801,2.5,supported,2021-01-04T05:00:43Z,2021-08-23T11:30:31Z,2021-01-04T05:00:43Z,\N,1,assert
acme:product_model:v0151-har-00360-hardware~7e37096bd9c1,product_model,v0151,har-00360,hardware,Abbott hardware 360,8.9,supported,2021-01-04T05:27:00Z,2022-01-29T01:31:45Z,2021-01-04T05:27:00Z,\N,1,assert
acme:product_model:v0089-con-02354-consumable~01a456de2abc,product_model,v0089,con-02354,consumable,Fontaine consumable 2354,2.0,eol,2021-01-04T06:53:49Z,2022-01-23T07:09:59Z,2021-01-04T06:53:49Z,\N,1,assert
acme:product_model:v0148-sof-02206-software~09165ec5576d,product_model,v0148,sof-02206,software,Abbott software 2206,3.9,eol,2021-01-04T08:15:14Z,2021-08-28T17:39:30Z,2021-01-04T08:15:14Z,\N,1,assert
acme:product_model:v0034-sof-00811-software~ac1c52266578,product_model,v0034,sof-00811,software,Baptiste software 811,19.11,eol,2021-01-04T09:40:52Z,\N,2021-01-04T09:40:52Z,2024-06-05T08:03:22Z,1,assert
acme:product_model:v0142-sof-01920-software~9d939113951a,product_model,v0142,sof-01920,software,Tanaka software 1920,11.6,eol,2021-01-04T10:01:22Z,2021-12-20T10:31:59Z,2021-01-04T10:01:22Z,\N,1,assert
acme:product_model:v0176-sof-00853-software~ecb4d8062406,product_model,v0176,sof-00853,software,Abbott software 853,23.6,supported,2021-01-04T12:46:23Z,\N,2021-01-04T12:46:23Z,2022-01-16T11:00:21Z,1,assert
acme:product_model:v0002-ser-01431-service~30de205341a5,product_model,v0002,ser-01431,service,Weiss service 1431,18.4,supported,2021-01-04T12:50:22Z,2021-09-22T13:59:11Z,2021-01-04T12:50:22Z,\N,1,assert
acme:product_model:v0083-har-01457-hardware~bbedd1039a02,product_model,v0083,har-01457,hardware,Kovac hardware 1457,9.5,supported,2021-01-04T14:58:51Z,\N,2021-01-04T14:58:51Z,2024-03-05T03:57:01Z,1,assert
acme:product_model:v0000-sof-00002-software~61ff0803e0b2,product_model,v0000,sof-00002,software,Bergstrom software 2,4.1,supported,2021-01-04T20:38:06Z,\N,2021-01-04T20:38:06Z,\N,1,assert
acme:product_model:v0011-sof-00010-software~94ef417f5eaa,product_model,v0011,sof-00010,software,Yilmaz software 10,11.10,supported,2021-01-04T21:06:31Z,\N,2021-01-04T21:06:31Z,\N,1,assert
acme:product_model:v0065-sof-00011-software~b03957a50816,product_model,v0065,sof-00011,software,Mbatha software 11,2.7,supported,2021-01-04T14:33:12Z,\N,2021-01-04T14:33:12Z,\N,1,assert
acme:product_model:v0169-sof-00019-software~0c99e907d378,product_model,v0169,sof-00019,software,Gallagher software 19,15.0,supported,2021-01-04T09:56:28Z,\N,2021-01-04T09:56:28Z,\N,1,assert
acme:product_model:v0098-har-00023-hardware~3a37406986e2,product_model,v0098,har-00023,hardware,Jablonski hardware 23,13.9,supported,2021-01-04T08:44:20Z,\N,2021-01-04T08:44:20Z,\N,1,assert
acme:product_model:v0001-ser-00029-service~ebfb438842a0,product_model,v0001,ser-00029,service,Pereira service 29,7.5,supported,2021-01-04T02:03:46Z,\N,2021-01-04T02:03:46Z,\N,1,assert
acme:product_model:v0040-har-00032-hardware~2f1b91d13f70,product_model,v0040,har-00032,hardware,Santos hardware 32,2.1,unsupported,2021-01-04T04:04:16Z,\N,2021-01-04T04:04:16Z,\N,1,assert
acme:product_model:v0083-sof-00039-software~9625c345c181,product_model,v0083,sof-00039,software,Castellanos software 39,13.1,unsupported,2021-01-04T14:26:39Z,\N,2021-01-04T14:26:39Z,\N,1,assert
acme:product_model:v0058-har-00041-hardware~8456dfd19d4b,product_model,v0058,har-00041,hardware,Thorsen hardware 41,17.0,eol,2021-01-04T21:56:13Z,\N,2021-01-04T21:56:13Z,\N,1,assert
acme:product_model:v0106-sof-00049-software~69f9fd7629eb,product_model,v0106,sof-00049,software,Rasmussen software 49,10.5,supported,2021-01-04T14:11:33Z,\N,2021-01-04T14:11:33Z,\N,1,assert
acme:product_model:v0106-sof-00053-software~acac45663346,product_model,v0106,sof-00053,software,Chowdhury software 53,7.1,unknown,2021-01-04T10:05:22Z,\N,2021-01-04T10:05:22Z,\N,1,assert
acme:product_model:v0115-sof-00057-software~ee1a10e830d8,product_model,v0115,sof-00057,software,Oyelaran software 57,1.5,supported,2021-01-04T03:05:53Z,\N,2021-01-04T03:05:53Z,\N,1,assert
acme:product_model:v0177-har-00058-hardware~319a241c6773,product_model,v0177,har-00058,hardware,Nakamura hardware 58,12.11,unsupported,2021-01-04T20:18:35Z,\N,2021-01-04T20:18:35Z,\N,1,assert
acme:product_model:v0145-sof-00059-software~e2ba01c6a62c,product_model,v0145,sof-00059,software,Nakamura software 59,2.2,eol,2021-01-04T10:48:55Z,\N,2021-01-04T10:48:55Z,\N,1,assert
acme:product_model:v0133-har-00075-hardware~51eef1bdecb3,product_model,v0133,har-00075,hardware,Zhang hardware 75,16.11,supported,2021-01-04T07:28:05Z,\N,2021-01-04T07:28:05Z,\N,1,assert
acme:product_model:v0159-sof-00077-software~26a5a5581330,product_model,v0159,sof-00077,software,Ivanova software 77,1.2,eol,2021-01-04T18:46:23Z,\N,2021-01-04T18:46:23Z,\N,1,assert
acme:product_model:v0017-har-00086-hardware~1c44101d4cc9,product_model,v0017,har-00086,hardware,Quintero hardware 86,1.2,supported,2021-01-04T10:02:47Z,\N,2021-01-04T10:02:47Z,\N,1,assert
acme:product_model:v0083-har-00088-hardware~d9dc0ab7ebdb,product_model,v0083,har-00088,hardware,Chowdhury hardware 88,7.10,eol,2021-01-04T13:21:03Z,\N,2021-01-04T13:21:03Z,\N,1,assert
acme:product_model:v0003-sof-00089-software~815c50971b4c,product_model,v0003,sof-00089,software,Chowdhury software 89,14.9,unsupported,2021-01-04T02:25:45Z,\N,2021-01-04T02:25:45Z,\N,1,assert
acme:product_model:v0059-ser-00095-service~1941e8fc7aa5,product_model,v0059,ser-00095,service,Ueda service 95,5.0,unsupported,2021-01-04T07:27:16Z,\N,2021-01-04T07:27:16Z,\N,1,assert
acme:product_model:v0089-sof-00097-software~b6c21cd38473,product_model,v0089,sof-00097,software,Pereira software 97,11.7,unsupported,2021-01-04T15:09:37Z,\N,2021-01-04T15:09:37Z,\N,1,assert
acme:product_model:v0003-har-00107-hardware~a9541c0bfa42,product_model,v0003,har-00107,hardware,Fontaine hardware 107,6.11,supported,2021-01-04T04:46:41Z,\N,2021-01-04T04:46:41Z,\N,1,assert
acme:product_model:v0028-ser-00137-service~9d3248bcd394,product_model,v0028,ser-00137,service,Novak service 137,22.0,supported,2021-01-04T17:10:44Z,\N,2021-01-04T17:10:44Z,\N,1,assert
acme:product_model:v0028-ser-00139-service~43881eea77ea,product_model,v0028,ser-00139,service,Silvestri service 139,14.2,unknown,2021-01-04T11:59:08Z,\N,2021-01-04T11:59:08Z,\N,1,assert
acme:product_model:v0076-sof-00142-software~c4e245e64c4c,product_model,v0076,sof-00142,software,Oyelaran software 142,20.11,supported,2021-01-04T09:24:56Z,\N,2021-01-04T09:24:56Z,\N,1,assert
acme:product_model:v0077-sof-00163-software~8ed6c820dced,product_model,v0077,sof-00163,software,Mbatha software 163,18.2,supported,2021-01-04T13:13:00Z,\N,2021-01-04T13:13:00Z,\N,1,assert
acme:product_model:v0074-sof-00164-software~bc65b9191696,product_model,v0074,sof-00164,software,Fontaine software 164,1.1,supported,2021-01-04T20:51:12Z,\N,2021-01-04T20:51:12Z,\N,1,assert
acme:product_model:v0168-har-00167-hardware~e97b1d77cb08,product_model,v0168,har-00167,hardware,Zhang hardware 167,2.0,supported,2021-01-04T01:20:10Z,\N,2021-01-04T01:20:10Z,\N,1,assert
acme:product_model:v0009-sof-00169-software~40205fc89033,product_model,v0009,sof-00169,software,Yilmaz software 169,12.11,unsupported,2021-01-04T04:51:42Z,\N,2021-01-04T04:51:42Z,\N,1,assert
acme:product_model:v0124-sof-00175-software~55887d1aeb5c,product_model,v0124,sof-00175,software,Wagner software 175,10.3,supported,2021-01-04T11:09:39Z,\N,2021-01-04T11:09:39Z,\N,1,assert
acme:product_model:v0065-sof-00176-software~bc5409463273,product_model,v0065,sof-00176,software,Zhang software 176,7.11,supported,2021-01-04T10:21:30Z,\N,2021-01-04T10:21:30Z,\N,1,assert
acme:product_model:v0032-ser-00183-service~cb9b96922c76,product_model,v0032,ser-00183,service,Marchetti service 183,18.5,eol,2021-01-04T13:02:47Z,\N,2021-01-04T13:02:47Z,\N,1,assert
acme:product_model:v0158-ser-00185-service~1b62a2ab8815,product_model,v0158,ser-00185,service,Baptiste service 185,11.2,supported,2021-01-04T03:04:11Z,\N,2021-01-04T03:04:11Z,\N,1,assert
acme:product_model:v0001-har-00197-hardware~7746ae4aa2a3,product_model,v0001,har-00197,hardware,Fontaine hardware 197,17.4,supported,2021-01-04T05:18:03Z,\N,2021-01-04T05:18:03Z,\N,1,assert
acme:product_model:v0142-har-00213-hardware~ec38993003bb,product_model,v0142,har-00213,hardware,Schneider hardware 213,11.8,unsupported,2021-01-04T00:07:22Z,\N,2021-01-04T00:07:22Z,\N,1,assert
acme:product_model:v0036-sof-00220-software~4f17746717e3,product_model,v0036,sof-00220,software,Tanaka software 220,23.2,supported,2021-01-04T21:12:46Z,\N,2021-01-04T21:12:46Z,\N,1,assert
acme:product_model:v0118-ser-00225-service~024c51cf44bf,product_model,v0118,ser-00225,service,Abbott service 225,13.7,supported,2021-01-04T15:36:03Z,\N,2021-01-04T15:36:03Z,\N,1,assert
acme:product_model:v0072-sof-00232-software~8f7c27ba082b,product_model,v0072,sof-00232,software,Kovac software 232,23.11,supported,2021-01-04T05:10:46Z,\N,2021-01-04T05:10:46Z,\N,1,assert
acme:product_model:v0113-sof-00235-software~067078f0a135,product_model,v0113,sof-00235,software,Fontaine software 235,4.2,supported,2021-01-04T20:28:46Z,\N,2021-01-04T20:28:46Z,\N,1,assert
acme:product_model:v0145-con-00237-consumable~661ae8e41035,product_model,v0145,con-00237,consumable,Fontaine consumable 237,12.7,eol,2021-01-04T12:22:06Z,\N,2021-01-04T12:22:06Z,\N,1,assert
acme:product_model:v0055-sof-00248-software~e7326c566c30,product_model,v0055,sof-00248,software,Okonkwo software 248,11.10,unsupported,2021-01-04T00:07:25Z,\N,2021-01-04T00:07:25Z,\N,1,assert
acme:product_model:v0087-sof-00252-software~faf43068b75f,product_model,v0087,sof-00252,software,Wagner software 252,5.9,unsupported,2021-01-04T00:08:43Z,\N,2021-01-04T00:08:43Z,\N,1,assert
acme:product_model:v0014-sof-00512-software~8d200bdbaa4b,product_model,v0014,sof-00512,software,Novak software 512,6.1,supported,2021-01-04T21:59:19Z,\N,2021-01-04T21:59:19Z,2021-06-05T16:49:03Z,1,assert
acme:product_model:v0159-har-00255-hardware~da9045cd83c3,product_model,v0159,har-00255,hardware,Silvestri hardware 255,11.9,supported,2021-01-04T22:02:03Z,\N,2021-01-04T22:02:03Z,\N,1,assert
acme:product_model:v0139-har-00256-hardware~fb44106d3f77,product_model,v0139,har-00256,hardware,Eberhardt hardware 256,9.2,eol,2021-01-04T12:50:07Z,\N,2021-01-04T12:50:07Z,\N,1,assert
acme:product_model:v0088-sof-00260-software~4074f9fea037,product_model,v0088,sof-00260,software,Gallagher software 260,23.7,supported,2021-01-04T08:28:25Z,\N,2021-01-04T08:28:25Z,\N,1,assert
acme:product_model:v0124-har-00262-hardware~11924498e964,product_model,v0124,har-00262,hardware,Pereira hardware 262,12.8,unsupported,2021-01-04T19:33:18Z,\N,2021-01-04T19:33:18Z,\N,1,assert
acme:product_model:v0040-ser-00263-service~9ef409a5e6cf,product_model,v0040,ser-00263,service,Eberhardt service 263,4.7,eol,2021-01-04T16:47:59Z,\N,2021-01-04T16:47:59Z,\N,1,assert
acme:product_model:v0043-sof-00265-software~90524430790c,product_model,v0043,sof-00265,software,Fontaine software 265,8.1,eol,2021-01-04T20:18:16Z,\N,2021-01-04T20:18:16Z,\N,1,assert
acme:product_model:v0173-sof-00267-software~06bad4ca9a95,product_model,v0173,sof-00267,software,Delacroix software 267,19.7,eol,2021-01-04T11:06:09Z,\N,2021-01-04T11:06:09Z,\N,1,assert
acme:product_model:v0027-con-00268-consumable~0446bca92dd9,product_model,v0027,con-00268,consumable,Silvestri consumable 268,18.6,supported,2021-01-04T10:02:15Z,\N,2021-01-04T10:02:15Z,\N,1,assert
acme:product_model:v0131-ser-00275-service~54df9aefcde2,product_model,v0131,ser-00275,service,Abbott service 275,9.5,supported,2021-01-04T03:06:27Z,\N,2021-01-04T03:06:27Z,\N,1,assert
acme:product_model:v0002-sof-00287-software~79a5ca09266d,product_model,v0002,sof-00287,software,Silvestri software 287,6.11,unsupported,2021-01-04T01:47:43Z,\N,2021-01-04T01:47:43Z,\N,1,assert
acme:product_model:v0019-sof-00289-software~93c5f9964616,product_model,v0019,sof-00289,software,Silvestri software 289,4.10,eol,2021-01-04T17:41:24Z,\N,2021-01-04T17:41:24Z,\N,1,assert
acme:product_model:v0068-har-00293-hardware~f713e96c16bf,product_model,v0068,har-00293,hardware,Gallagher hardware 293,17.6,supported,2021-01-04T05:11:16Z,\N,2021-01-04T05:11:16Z,\N,1,assert
acme:product_model:v0134-sof-00033-software~10cfd51df2bb,product_model,v0134,sof-00033,software,Ueda software 33,19.9,supported,2021-01-04T23:01:38Z,2021-03-08T00:27:44Z,2021-01-04T23:01:38Z,\N,1,assert
acme:product_model:v0144-har-00300-hardware~9293fe6500e3,product_model,v0144,har-00300,hardware,Santos hardware 300,6.7,unsupported,2021-01-04T23:32:18Z,\N,2021-01-04T23:32:18Z,\N,1,assert
acme:product_model:v0166-har-00306-hardware~3b178bdcd651,product_model,v0166,har-00306,hardware,Wagner hardware 306,2.1,supported,2021-01-04T19:28:06Z,\N,2021-01-04T19:28:06Z,\N,1,assert
acme:product_model:v0177-ser-00309-service~5b5e9f01edc9,product_model,v0177,ser-00309,service,Silvestri service 309,5.6,supported,2021-01-04T08:29:35Z,\N,2021-01-04T08:29:35Z,\N,1,assert
acme:product_model:v0038-sof-00316-software~975f334230ed,product_model,v0038,sof-00316,software,Novak software 316,2.7,eol,2021-01-04T18:14:54Z,\N,2021-01-04T18:14:54Z,\N,1,assert
acme:product_model:v0077-sof-00319-software~3881f41669c2,product_model,v0077,sof-00319,software,Fontaine software 319,16.4,eol,2021-01-04T10:07:39Z,\N,2021-01-04T10:07:39Z,\N,1,assert
acme:product_model:v0150-ser-00327-service~f63f5943c96c,product_model,v0150,ser-00327,service,Eberhardt service 327,8.5,supported,2021-01-04T00:59:46Z,\N,2021-01-04T00:59:46Z,\N,1,assert
acme:product_model:v0059-har-00339-hardware~aba93984fcf1,product_model,v0059,har-00339,hardware,Yilmaz hardware 339,6.10,eol,2021-01-04T07:55:24Z,\N,2021-01-04T07:55:24Z,\N,1,assert
acme:product_model:v0159-ser-00349-service~8820c86be452,product_model,v0159,ser-00349,service,Gallagher service 349,20.9,supported,2021-01-04T18:50:00Z,\N,2021-01-04T18:50:00Z,\N,1,assert
acme:product_model:v0028-sof-00358-software~0cd1f796977a,product_model,v0028,sof-00358,software,Gallagher software 358,1.6,unsupported,2021-01-04T00:06:50Z,\N,2021-01-04T00:06:50Z,\N,1,assert
acme:product_model:v0114-har-00367-hardware~a5b711a1288a,product_model,v0114,har-00367,hardware,Oyelaran hardware 367,14.11,supported,2021-01-04T15:16:27Z,\N,2021-01-04T15:16:27Z,\N,1,assert
acme:product_model:v0010-ser-00369-service~968962ca77fc,product_model,v0010,ser-00369,service,Weiss service 369,11.3,supported,2021-01-04T05:02:38Z,\N,2021-01-04T05:02:38Z,\N,1,assert
acme:product_model:v0072-con-00374-consumable~d546a4a8230a,product_model,v0072,con-00374,consumable,Gallagher consumable 374,2.11,supported,2021-01-04T11:38:39Z,\N,2021-01-04T11:38:39Z,\N,1,assert
acme:product_model:v0040-sof-00376-software~d000a39fcc2e,product_model,v0040,sof-00376,software,Bergstrom software 376,12.4,supported,2021-01-04T18:34:39Z,\N,2021-01-04T18:34:39Z,\N,1,assert
acme:product_model:v0043-sof-00379-software~0d0ee420b2b3,product_model,v0043,sof-00379,software,Lindqvist software 379,10.1,supported,2021-01-04T01:51:08Z,\N,2021-01-04T01:51:08Z,\N,1,assert
acme:product_model:v0006-ser-00386-service~c19c28ac1204,product_model,v0006,ser-00386,service,Quintero service 386,12.1,supported,2021-01-04T13:07:39Z,\N,2021-01-04T13:07:39Z,\N,1,assert
acme:product_model:v0027-sof-00391-software~f9f111680fa2,product_model,v0027,sof-00391,software,Ueda software 391,5.6,unknown,2021-01-04T03:26:05Z,\N,2021-01-04T03:26:05Z,\N,1,assert
acme:product_model:v0028-sof-00393-software~afd2ed759d95,product_model,v0028,sof-00393,software,Ueda software 393,4.4,supported,2021-01-04T21:35:50Z,\N,2021-01-04T21:35:50Z,\N,1,assert
acme:product_model:v0166-har-00406-hardware~9cfd2b30c044,product_model,v0166,har-00406,hardware,Abbott hardware 406,1.4,supported,2021-01-04T21:14:05Z,\N,2021-01-04T21:14:05Z,\N,1,assert
acme:product_model:v0119-sof-00411-software~6492d537c351,product_model,v0119,sof-00411,software,Gallagher software 411,2.0,supported,2021-01-04T05:07:54Z,\N,2021-01-04T05:07:54Z,\N,1,assert
acme:product_model:v0013-sof-00413-software~3c7b1b6a69dd,product_model,v0013,sof-00413,software,Ivanova software 413,13.6,supported,2021-01-04T07:39:48Z,\N,2021-01-04T07:39:48Z,\N,1,assert
acme:product_model:v0014-ser-00414-service~e894032db121,product_model,v0014,ser-00414,service,Castellanos service 414,1.3,unsupported,2021-01-04T18:20:49Z,\N,2021-01-04T18:20:49Z,\N,1,assert
acme:product_model:v0028-sof-00422-software~c024700517d7,product_model,v0028,sof-00422,software,Eberhardt software 422,11.4,unsupported,2021-01-04T11:25:41Z,\N,2021-01-04T11:25:41Z,\N,1,assert
acme:product_model:v0060-har-00424-hardware~860b376a6bd1,product_model,v0060,har-00424,hardware,Nakamura hardware 424,17.11,unsupported,2021-01-04T10:00:31Z,\N,2021-01-04T10:00:31Z,\N,1,assert
acme:product_model:v0145-har-00425-hardware~0aaf80b6b727,product_model,v0145,har-00425,hardware,Mbatha hardware 425,10.4,supported,2021-01-04T06:24:00Z,\N,2021-01-04T06:24:00Z,\N,1,assert
acme:product_model:v0031-ser-00426-service~356dec4e194c,product_model,v0031,ser-00426,service,Wagner service 426,20.9,supported,2021-01-04T03:55:17Z,\N,2021-01-04T03:55:17Z,\N,1,assert
acme:product_model:v0068-har-00429-hardware~07c26fdede48,product_model,v0068,har-00429,hardware,Novak hardware 429,12.2,supported,2021-01-04T03:15:27Z,\N,2021-01-04T03:15:27Z,\N,1,assert
acme:product_model:v0131-sof-00431-software~43c2b20ac736,product_model,v0131,sof-00431,software,Okonkwo software 431,2.2,unknown,2021-01-04T03:40:00Z,\N,2021-01-04T03:40:00Z,\N,1,assert
acme:product_model:v0175-sof-00432-software~40d3b862c56e,product_model,v0175,sof-00432,software,Castellanos software 432,23.5,eol,2021-01-04T09:08:08Z,\N,2021-01-04T09:08:08Z,\N,1,assert
acme:product_model:v0031-con-00433-consumable~6ef9a8688594,product_model,v0031,con-00433,consumable,Gallagher consumable 433,20.5,supported,2021-01-04T04:23:29Z,\N,2021-01-04T04:23:29Z,\N,1,assert
acme:product_model:v0059-har-00441-hardware~906de5aa8dab,product_model,v0059,har-00441,hardware,Bergstrom hardware 441,10.7,eol,2021-01-04T00:49:27Z,\N,2021-01-04T00:49:27Z,\N,1,assert
acme:product_model:v0033-sof-00450-software~785687e7105d,product_model,v0033,sof-00450,software,Gundersen software 450,21.4,supported,2021-01-04T13:39:23Z,\N,2021-01-04T13:39:23Z,\N,1,assert
acme:product_model:v0028-ser-00462-service~5cecb95f4054,product_model,v0028,ser-00462,service,Abbott service 462,12.9,eol,2021-01-04T10:27:36Z,\N,2021-01-04T10:27:36Z,\N,1,assert
acme:product_model:v0134-har-00465-hardware~3af85669da3d,product_model,v0134,har-00465,hardware,Fontaine hardware 465,5.10,eol,2021-01-04T20:15:48Z,\N,2021-01-04T20:15:48Z,\N,1,assert
acme:product_model:v0106-sof-00466-software~37d490027511,product_model,v0106,sof-00466,software,Baptiste software 466,3.1,supported,2021-01-04T23:03:04Z,\N,2021-01-04T23:03:04Z,\N,1,assert
acme:product_model:v0048-sof-00467-software~fd0b8527dd30,product_model,v0048,sof-00467,software,Eberhardt software 467,12.6,supported,2021-01-04T15:01:32Z,\N,2021-01-04T15:01:32Z,\N,1,assert
acme:product_model:v0033-sof-00474-software~dfd5aea78dd1,product_model,v0033,sof-00474,software,Marchetti software 474,14.8,eol,2021-01-04T05:50:02Z,\N,2021-01-04T05:50:02Z,\N,1,assert
acme:product_model:v0124-ser-00481-service~c47a1e87ecc3,product_model,v0124,ser-00481,service,Chowdhury service 481,20.3,supported,2021-01-04T15:42:29Z,\N,2021-01-04T15:42:29Z,\N,1,assert
acme:product_model:v0027-ser-00501-service~d120aa79f758,product_model,v0027,ser-00501,service,Novak service 501,9.1,eol,2021-01-04T00:25:14Z,\N,2021-01-04T00:25:14Z,\N,1,assert
acme:product_model:v0077-sof-00506-software~c189ca391c1e,product_model,v0077,sof-00506,software,Weiss software 506,22.10,unsupported,2021-01-04T05:32:11Z,\N,2021-01-04T05:32:11Z,\N,1,assert
acme:product_model:v0104-har-00508-hardware~3f6e0b8be2ec,product_model,v0104,har-00508,hardware,Tanaka hardware 508,23.10,supported,2021-01-04T17:21:52Z,\N,2021-01-04T17:21:52Z,\N,1,assert
acme:product_model:v0150-sof-00518-software~ea592773ecb8,product_model,v0150,sof-00518,software,Quintero software 518,20.4,supported,2021-01-04T10:35:11Z,\N,2021-01-04T10:35:11Z,\N,1,assert
acme:product_model:v0040-har-00528-hardware~055c31f23b17,product_model,v0040,har-00528,hardware,Silvestri hardware 528,11.7,supported,2021-01-04T19:15:39Z,\N,2021-01-04T19:15:39Z,\N,1,assert
acme:product_model:v0120-har-00534-hardware~a555e61009c8,product_model,v0120,har-00534,hardware,Quintero hardware 534,17.3,supported,2021-01-04T05:40:43Z,\N,2021-01-04T05:40:43Z,\N,1,assert
acme:product_model:v0064-sof-00548-software~2762b9b6ebf7,product_model,v0064,sof-00548,software,Jablonski software 548,6.2,unsupported,2021-01-04T00:53:30Z,\N,2021-01-04T00:53:30Z,\N,1,assert
acme:product_model:v0169-ser-00556-service~3c2803cd9ee3,product_model,v0169,ser-00556,service,Yilmaz service 556,4.4,unsupported,2021-01-04T06:22:13Z,\N,2021-01-04T06:22:13Z,\N,1,assert
acme:product_model:v0014-ser-00557-service~e74d62b062d5,product_model,v0014,ser-00557,service,Kovac service 557,8.3,supported,2021-01-04T09:19:58Z,\N,2021-01-04T09:19:58Z,\N,1,assert
acme:product_model:v0027-sof-00561-software~26d15adbcbde,product_model,v0027,sof-00561,software,Rasmussen software 561,19.10,supported,2021-01-04T01:08:54Z,\N,2021-01-04T01:08:54Z,\N,1,assert
acme:product_model:v0003-sof-00569-software~e7c3936f1e92,product_model,v0003,sof-00569,software,Gallagher software 569,5.1,eol,2021-01-04T22:18:22Z,\N,2021-01-04T22:18:22Z,\N,1,assert
acme:product_model:v0091-sof-00577-software~015268285b5c,product_model,v0091,sof-00577,software,Gallagher software 577,5.11,eol,2021-01-04T05:19:44Z,\N,2021-01-04T05:19:44Z,\N,1,assert
acme:product_model:v0159-har-00588-hardware~712f51343e4f,product_model,v0159,har-00588,hardware,Haddad hardware 588,11.11,supported,2021-01-04T02:34:29Z,\N,2021-01-04T02:34:29Z,\N,1,assert
acme:product_model:v0093-sof-00592-software~70efa0eb22ac,product_model,v0093,sof-00592,software,Zhang software 592,19.7,supported,2021-01-04T21:06:57Z,\N,2021-01-04T21:06:57Z,\N,1,assert
acme:product_model:v0089-sof-00595-software~b954b0517de6,product_model,v0089,sof-00595,software,Kovac software 595,9.8,supported,2021-01-04T08:23:46Z,\N,2021-01-04T08:23:46Z,\N,1,assert
acme:product_model:v0006-har-00598-hardware~1257951399d4,product_model,v0006,har-00598,hardware,Gallagher hardware 598,6.10,supported,2021-01-04T18:09:02Z,\N,2021-01-04T18:09:02Z,\N,1,assert
acme:product_model:v0113-ser-00599-service~c363bb8c05c9,product_model,v0113,ser-00599,service,Nakamura service 599,14.10,supported,2021-01-04T10:20:27Z,\N,2021-01-04T10:20:27Z,\N,1,assert
acme:product_model:v0031-sof-00604-software~d43147813c54,product_model,v0031,sof-00604,software,Pereira software 604,18.11,unsupported,2021-01-04T11:15:33Z,\N,2021-01-04T11:15:33Z,\N,1,assert
acme:product_model:v0124-ser-00605-service~93df363fd16b,product_model,v0124,ser-00605,service,Tanaka service 605,14.3,eol,2021-01-04T20:44:46Z,\N,2021-01-04T20:44:46Z,\N,1,assert
acme:product_model:v0118-sof-00616-software~8a83acb836b4,product_model,v0118,sof-00616,software,Rasmussen software 616,6.2,supported,2021-01-04T15:59:07Z,\N,2021-01-04T15:59:07Z,\N,1,assert
acme:product_model:v0033-sof-00618-software~5152b6d0c5d0,product_model,v0033,sof-00618,software,Quintero software 618,19.10,eol,2021-01-04T17:10:42Z,\N,2021-01-04T17:10:42Z,\N,1,assert
acme:product_model:v0014-ser-00626-service~3ee48a150115,product_model,v0014,ser-00626,service,Gallagher service 626,7.0,unsupported,2021-01-04T18:29:56Z,\N,2021-01-04T18:29:56Z,\N,1,assert
acme:product_model:v0176-sof-00631-software~9fe208379771,product_model,v0176,sof-00631,software,Bergstrom software 631,11.0,eol,2021-01-04T17:50:25Z,\N,2021-01-04T17:50:25Z,\N,1,assert
acme:product_model:v0030-har-00633-hardware~0a7f835086f3,product_model,v0030,har-00633,hardware,Quintero hardware 633,14.11,eol,2021-01-04T05:34:06Z,\N,2021-01-04T05:34:06Z,\N,1,assert
acme:product_model:v0043-sof-00639-software~471a44c04196,product_model,v0043,sof-00639,software,Okonkwo software 639,23.5,supported,2021-01-04T14:09:01Z,\N,2021-01-04T14:09:01Z,\N,1,assert
acme:product_model:v0164-har-00640-hardware~ca43ae9927b5,product_model,v0164,har-00640,hardware,Novak hardware 640,21.8,supported,2021-01-04T19:37:51Z,\N,2021-01-04T19:37:51Z,\N,1,assert
acme:product_model:v0145-sof-00650-software~715c02d47275,product_model,v0145,sof-00650,software,Castellanos software 650,3.9,supported,2021-01-04T17:45:23Z,\N,2021-01-04T17:45:23Z,\N,1,assert
acme:product_model:v0030-sof-00653-software~5966094ff0a3,product_model,v0030,sof-00653,software,Quintero software 653,2.4,eol,2021-01-04T00:48:26Z,\N,2021-01-04T00:48:26Z,\N,1,assert
acme:product_model:v0120-sof-00655-software~011610e46cbe,product_model,v0120,sof-00655,software,Lindqvist software 655,12.2,supported,2021-01-04T19:47:02Z,\N,2021-01-04T19:47:02Z,\N,1,assert
acme:product_model:v0120-sof-00657-software~fba625aed2eb,product_model,v0120,sof-00657,software,Haddad software 657,17.4,supported,2021-01-04T08:09:15Z,\N,2021-01-04T08:09:15Z,\N,1,assert
acme:product_model:v0000-sof-00658-software~71a4b79f7031,product_model,v0000,sof-00658,software,Okonkwo software 658,3.8,unsupported,2021-01-04T21:12:01Z,\N,2021-01-04T21:12:01Z,\N,1,assert
acme:product_model:v0115-sof-00663-software~08b2bcc5b357,product_model,v0115,sof-00663,software,Quintero software 663,17.7,supported,2021-01-04T16:23:03Z,\N,2021-01-04T16:23:03Z,\N,1,assert
acme:product_model:v0010-ser-00667-service~93f50f777e36,product_model,v0010,ser-00667,service,Weiss service 667,13.1,supported,2021-01-04T13:06:16Z,\N,2021-01-04T13:06:16Z,\N,1,assert
acme:product_model:v0148-har-00675-hardware~b628b0efc20a,product_model,v0148,har-00675,hardware,Schneider hardware 675,22.8,supported,2021-01-04T06:47:05Z,\N,2021-01-04T06:47:05Z,\N,1,assert
acme:product_model:v0064-har-00677-hardware~8a1b269a9bc2,product_model,v0064,har-00677,hardware,Lindqvist hardware 677,1.10,unsupported,2021-01-04T02:03:29Z,\N,2021-01-04T02:03:29Z,\N,1,assert
acme:product_model:v0014-sof-00679-software~d77dc74f3e23,product_model,v0014,sof-00679,software,Marchetti software 679,19.3,unsupported,2021-01-04T00:50:02Z,\N,2021-01-04T00:50:02Z,\N,1,assert
acme:product_model:v0014-sof-00682-software~ac9adb47914c,product_model,v0014,sof-00682,software,Fontaine software 682,5.10,supported,2021-01-04T03:13:59Z,\N,2021-01-04T03:13:59Z,\N,1,assert
acme:product_model:v0036-sof-00686-software~283ad952f08c,product_model,v0036,sof-00686,software,Mbatha software 686,17.1,supported,2021-01-04T04:15:24Z,\N,2021-01-04T04:15:24Z,\N,1,assert
acme:product_model:v0088-sof-00693-software~7e1af7d5aefc,product_model,v0088,sof-00693,software,Baptiste software 693,20.11,unsupported,2021-01-04T06:05:29Z,\N,2021-01-04T06:05:29Z,\N,1,assert
acme:product_model:v0038-sof-00699-software~2ee99fe2e027,product_model,v0038,sof-00699,software,Zhang software 699,19.8,supported,2021-01-04T05:42:56Z,\N,2021-01-04T05:42:56Z,\N,1,assert
acme:product_model:v0138-har-00700-hardware~794613758417,product_model,v0138,har-00700,hardware,Lindqvist hardware 700,9.7,eol,2021-01-04T18:15:20Z,\N,2021-01-04T18:15:20Z,\N,1,assert
acme:product_model:v0048-har-00702-hardware~f94fc4a52f70,product_model,v0048,har-00702,hardware,Marchetti hardware 702,9.5,supported,2021-01-04T04:27:48Z,\N,2021-01-04T04:27:48Z,\N,1,assert
acme:product_model:v0109-sof-00704-software~4c6eab072ee0,product_model,v0109,sof-00704,software,Ueda software 704,16.4,unsupported,2021-01-04T03:56:10Z,\N,2021-01-04T03:56:10Z,\N,1,assert
acme:product_model:v0167-sof-00707-software~59f15868fa4e,product_model,v0167,sof-00707,software,Castellanos software 707,7.11,supported,2021-01-04T07:31:01Z,\N,2021-01-04T07:31:01Z,\N,1,assert
acme:product_model:v0121-sof-00718-software~57d391fedbba,product_model,v0121,sof-00718,software,Marchetti software 718,22.0,supported,2021-01-04T07:06:01Z,\N,2021-01-04T07:06:01Z,\N,1,assert
acme:product_model:v0139-con-00719-consumable~7ca9c4c2d74c,product_model,v0139,con-00719,consumable,Nakamura consumable 719,20.7,eol,2021-01-04T01:22:56Z,\N,2021-01-04T01:22:56Z,\N,1,assert
acme:product_model:v0104-har-00726-hardware~fd651249e390,product_model,v0104,har-00726,hardware,Castellanos hardware 726,13.2,supported,2021-01-04T12:51:07Z,\N,2021-01-04T12:51:07Z,\N,1,assert
acme:product_model:v0134-sof-00728-software~fd82dafc72ff,product_model,v0134,sof-00728,software,Tanaka software 728,8.6,supported,2021-01-04T06:25:38Z,\N,2021-01-04T06:25:38Z,\N,1,assert
acme:product_model:v0025-sof-00730-software~3cfb15e4ae2c,product_model,v0025,sof-00730,software,Oyelaran software 730,7.0,eol,2021-01-04T06:13:11Z,\N,2021-01-04T06:13:11Z,\N,1,assert
acme:product_model:v0082-har-00732-hardware~0512545cb67f,product_model,v0082,har-00732,hardware,Gundersen hardware 732,20.9,supported,2021-01-04T07:39:36Z,\N,2021-01-04T07:39:36Z,\N,1,assert
acme:product_model:v0068-sof-00740-software~95de9920269e,product_model,v0068,sof-00740,software,Quintero software 740,5.11,supported,2021-01-04T08:23:14Z,\N,2021-01-04T08:23:14Z,\N,1,assert
acme:product_model:v0054-sof-00747-software~58a80d2d062d,product_model,v0054,sof-00747,software,Ueda software 747,17.7,supported,2021-01-04T14:28:27Z,\N,2021-01-04T14:28:27Z,\N,1,assert
acme:product_model:v0000-sof-00761-software~ca13f1c0394a,product_model,v0000,sof-00761,software,Bergstrom software 761,6.8,supported,2021-01-04T04:01:50Z,\N,2021-01-04T04:01:50Z,\N,1,assert
acme:product_model:v0089-ser-00763-service~1a9c8398bc76,product_model,v0089,ser-00763,service,Bergstrom service 763,23.0,unknown,2021-01-04T10:30:20Z,\N,2021-01-04T10:30:20Z,\N,1,assert
acme:product_model:v0139-har-00779-hardware~cc49ee4277c2,product_model,v0139,har-00779,hardware,Thorsen hardware 779,11.9,supported,2021-01-04T07:46:41Z,\N,2021-01-04T07:46:41Z,\N,1,assert
acme:product_model:v0104-sof-00782-software~27419b06ad61,product_model,v0104,sof-00782,software,Gallagher software 782,6.10,supported,2021-01-04T10:19:02Z,\N,2021-01-04T10:19:02Z,\N,1,assert
acme:product_model:v0144-har-00808-hardware~62d058e76b27,product_model,v0144,har-00808,hardware,Marchetti hardware 808,21.6,supported,2021-01-04T19:48:28Z,\N,2021-01-04T19:48:28Z,\N,1,assert
acme:product_model:v0054-har-00818-hardware~9ef1bd36b41e,product_model,v0054,har-00818,hardware,Kaminski hardware 818,8.9,unsupported,2021-01-04T05:01:12Z,\N,2021-01-04T05:01:12Z,\N,1,assert
acme:product_model:v0092-sof-00833-software~1033435c51cf,product_model,v0092,sof-00833,software,Yilmaz software 833,4.11,supported,2021-01-04T02:30:42Z,\N,2021-01-04T02:30:42Z,\N,1,assert
acme:product_model:v0082-sof-00836-software~d2ae3768cc1d,product_model,v0082,sof-00836,software,Ueda software 836,14.10,supported,2021-01-04T05:08:22Z,\N,2021-01-04T05:08:22Z,\N,1,assert
acme:product_model:v0064-har-00839-hardware~ab44ea29538a,product_model,v0064,har-00839,hardware,Nakamura hardware 839,18.6,supported,2021-01-04T10:51:10Z,\N,2021-01-04T10:51:10Z,\N,1,assert
acme:product_model:v0083-sof-00850-software~7424128dde5f,product_model,v0083,sof-00850,software,Novak software 850,6.6,supported,2021-01-04T12:46:31Z,\N,2021-01-04T12:46:31Z,\N,1,assert
acme:product_model:v0089-har-00856-hardware~5dcd1ed648ba,product_model,v0089,har-00856,hardware,Castellanos hardware 856,5.6,supported,2021-01-04T20:32:05Z,\N,2021-01-04T20:32:05Z,\N,1,assert
acme:product_model:v0014-ser-00863-service~1b0e074ea001,product_model,v0014,ser-00863,service,Schneider service 863,14.9,supported,2021-01-04T13:48:59Z,\N,2021-01-04T13:48:59Z,\N,1,assert
acme:product_model:v0050-har-00866-hardware~b8db84111827,product_model,v0050,har-00866,hardware,Vaughan hardware 866,19.3,eol,2021-01-04T02:50:00Z,\N,2021-01-04T02:50:00Z,\N,1,assert
acme:product_model:v0034-ser-00871-service~f323a3b94677,product_model,v0034,ser-00871,service,Tanaka service 871,23.10,eol,2021-01-04T21:11:00Z,\N,2021-01-04T21:11:00Z,\N,1,assert
acme:product_model:v0032-sof-00880-software~777f4c3bd369,product_model,v0032,sof-00880,software,Rasmussen software 880,2.5,supported,2021-01-04T04:43:46Z,\N,2021-01-04T04:43:46Z,\N,1,assert
acme:product_model:v0058-ser-00883-service~3968d4ad2abc,product_model,v0058,ser-00883,service,Vaughan service 883,12.7,supported,2021-01-04T03:04:55Z,\N,2021-01-04T03:04:55Z,\N,1,assert
acme:product_model:v0025-ser-00884-service~4554eda1e3a1,product_model,v0025,ser-00884,service,Lindqvist service 884,12.5,unsupported,2021-01-04T16:59:47Z,\N,2021-01-04T16:59:47Z,\N,1,assert
acme:product_model:v0142-sof-00885-software~2174e5ba4256,product_model,v0142,sof-00885,software,Tanaka software 885,1.0,eol,2021-01-04T22:07:12Z,\N,2021-01-04T22:07:12Z,\N,1,assert
acme:product_model:v0033-har-00886-hardware~d06fe58075f3,product_model,v0033,har-00886,hardware,Weiss hardware 886,7.10,supported,2021-01-04T03:55:08Z,\N,2021-01-04T03:55:08Z,\N,1,assert
acme:product_model:v0104-sof-00887-software~ad0b8c69282d,product_model,v0104,sof-00887,software,Yilmaz software 887,21.6,supported,2021-01-04T15:42:19Z,\N,2021-01-04T15:42:19Z,\N,1,assert
acme:product_model:v0087-sof-00890-software~3c6129fc4e97,product_model,v0087,sof-00890,software,Vaughan software 890,21.2,supported,2021-01-04T17:49:14Z,\N,2021-01-04T17:49:14Z,\N,1,assert
acme:product_model:v0044-ser-00895-service~fe4ed0fd0f8d,product_model,v0044,ser-00895,service,Fontaine service 895,5.7,supported,2021-01-04T13:38:05Z,\N,2021-01-04T13:38:05Z,\N,1,assert
acme:product_model:v0076-sof-00896-software~e56f4ab5c2fa,product_model,v0076,sof-00896,software,Kaminski software 896,1.2,supported,2021-01-04T18:23:03Z,\N,2021-01-04T18:23:03Z,\N,1,assert
acme:product_model:v0070-ser-00899-service~2dc201a8cfd1,product_model,v0070,ser-00899,service,Vaughan service 899,19.7,eol,2021-01-04T17:30:50Z,\N,2021-01-04T17:30:50Z,\N,1,assert
acme:product_model:v0028-har-00916-hardware~027b93889a81,product_model,v0028,har-00916,hardware,Zhang hardware 916,22.8,eol,2021-01-04T10:54:14Z,\N,2021-01-04T10:54:14Z,\N,1,assert
acme:product_model:v0176-sof-00918-software~d680e4ac6cf7,product_model,v0176,sof-00918,software,Fontaine software 918,20.5,supported,2021-01-04T16:03:14Z,\N,2021-01-04T16:03:14Z,\N,1,assert
acme:product_model:v0067-har-00921-hardware~7c11448ef029,product_model,v0067,har-00921,hardware,Mbatha hardware 921,10.7,supported,2021-01-04T14:40:36Z,\N,2021-01-04T14:40:36Z,\N,1,assert
acme:product_model:v0082-sof-00925-software~237dcabed14d,product_model,v0082,sof-00925,software,Schneider software 925,4.4,supported,2021-01-04T00:29:04Z,\N,2021-01-04T00:29:04Z,\N,1,assert
acme:product_model:v0032-sof-00930-software~f2cbd8ce750c,product_model,v0032,sof-00930,software,Marchetti software 930,2.7,supported,2021-01-04T15:53:54Z,\N,2021-01-04T15:53:54Z,\N,1,assert
acme:product_model:v0019-sof-00931-software~1c85c37192b0,product_model,v0019,sof-00931,software,Wagner software 931,14.10,eol,2021-01-04T11:33:44Z,\N,2021-01-04T11:33:44Z,\N,1,assert
acme:product_model:v0014-sof-00937-software~8fb8d5524108,product_model,v0014,sof-00937,software,Silvestri software 937,12.8,supported,2021-01-04T11:26:25Z,\N,2021-01-04T11:26:25Z,\N,1,assert
acme:product_model:v0002-ser-00947-service~335f7a974bcb,product_model,v0002,ser-00947,service,Schneider service 947,18.10,unknown,2021-01-04T15:40:22Z,\N,2021-01-04T15:40:22Z,\N,1,assert
acme:product_model:v0119-sof-00948-software~7a70421c04f4,product_model,v0119,sof-00948,software,Chowdhury software 948,19.9,supported,2021-01-04T08:36:00Z,\N,2021-01-04T08:36:00Z,\N,1,assert
acme:product_model:v0097-ser-00949-service~46685c2387df,product_model,v0097,ser-00949,service,Fontaine service 949,11.5,supported,2021-01-04T07:17:13Z,\N,2021-01-04T07:17:13Z,\N,1,assert
acme:product_model:v0115-sof-00950-software~56af148f06e7,product_model,v0115,sof-00950,software,Quintero software 950,6.10,supported,2021-01-04T20:51:50Z,\N,2021-01-04T20:51:50Z,\N,1,assert
acme:product_model:v0087-har-00952-hardware~3e0aeff0b6a7,product_model,v0087,har-00952,hardware,Weiss hardware 952,23.4,supported,2021-01-04T05:44:14Z,\N,2021-01-04T05:44:14Z,\N,1,assert
acme:product_model:v0168-sof-00960-software~0f44084fca38,product_model,v0168,sof-00960,software,Kovac software 960,15.11,supported,2021-01-04T13:46:31Z,\N,2021-01-04T13:46:31Z,\N,1,assert
acme:product_model:v0121-sof-00979-software~ae6f4639f765,product_model,v0121,sof-00979,software,Fontaine software 979,14.9,unknown,2021-01-04T11:05:56Z,\N,2021-01-04T11:05:56Z,\N,1,assert
acme:product_model:v0032-sof-00980-software~509002c84599,product_model,v0032,sof-00980,software,Kovac software 980,18.0,eol,2021-01-04T15:59:21Z,\N,2021-01-04T15:59:21Z,\N,1,assert
acme:product_model:v0144-ser-00981-service~3757f5ff268b,product_model,v0144,ser-00981,service,Mbatha service 981,4.3,supported,2021-01-04T04:13:08Z,\N,2021-01-04T04:13:08Z,\N,1,assert
acme:product_model:v0150-sof-00988-software~eddfa01dfadf,product_model,v0150,sof-00988,software,Thorsen software 988,21.2,eol,2021-01-04T00:32:24Z,\N,2021-01-04T00:32:24Z,\N,1,assert
acme:product_model:v0085-sof-01002-software~8630c00025eb,product_model,v0085,sof-01002,software,Rasmussen software 1002,15.6,eol,2021-01-04T14:48:06Z,\N,2021-01-04T14:48:06Z,\N,1,assert
acme:product_model:v0151-sof-01013-software~d532ee2d7a46,product_model,v0151,sof-01013,software,Abbott software 1013,11.8,supported,2021-01-04T15:12:45Z,\N,2021-01-04T15:12:45Z,\N,1,assert
acme:product_model:v0014-sof-01014-software~42b8a9946f6e,product_model,v0014,sof-01014,software,Yilmaz software 1014,23.2,supported,2021-01-04T04:03:50Z,\N,2021-01-04T04:03:50Z,\N,1,assert
acme:product_model:v0003-ser-01020-service~e428c5f69589,product_model,v0003,ser-01020,service,Fontaine service 1020,7.5,unsupported,2021-01-04T18:22:57Z,\N,2021-01-04T18:22:57Z,\N,1,assert
acme:product_model:v0098-ser-01034-service~faea0d970126,product_model,v0098,ser-01034,service,Okonkwo service 1034,15.5,eol,2021-01-04T07:56:37Z,\N,2021-01-04T07:56:37Z,\N,1,assert
acme:product_model:v0092-ser-01042-service~3d21cc275dc0,product_model,v0092,ser-01042,service,Haddad service 1042,10.8,supported,2021-01-04T11:38:07Z,\N,2021-01-04T11:38:07Z,\N,1,assert
acme:product_model:v0178-sof-01053-software~24e32ce7be51,product_model,v0178,sof-01053,software,Ueda software 1053,17.5,supported,2021-01-04T23:14:26Z,\N,2021-01-04T23:14:26Z,\N,1,assert
acme:product_model:v0104-sof-01055-software~3919c9a00bbe,product_model,v0104,sof-01055,software,Rasmussen software 1055,22.8,eol,2021-01-04T22:05:22Z,\N,2021-01-04T22:05:22Z,\N,1,assert
acme:product_model:v0060-con-01063-consumable~7a09ebd676a0,product_model,v0060,con-01063,consumable,Rasmussen consumable 1063,3.11,eol,2021-01-04T22:31:05Z,\N,2021-01-04T22:31:05Z,\N,1,assert
acme:product_model:v0014-ser-01066-service~63f2aa97bc23,product_model,v0014,ser-01066,service,Abbott service 1066,12.9,unsupported,2021-01-04T23:56:55Z,\N,2021-01-04T23:56:55Z,\N,1,assert
acme:product_model:v0093-sof-01074-software~c2215b818745,product_model,v0093,sof-01074,software,Quintero software 1074,9.0,supported,2021-01-04T08:56:13Z,\N,2021-01-04T08:56:13Z,\N,1,assert
acme:product_model:v0124-har-01077-hardware~0e1981cfd6af,product_model,v0124,har-01077,hardware,Baptiste hardware 1077,15.0,supported,2021-01-04T19:12:47Z,\N,2021-01-04T19:12:47Z,\N,1,assert
acme:product_model:v0082-sof-01083-software~d90d07bec725,product_model,v0082,sof-01083,software,Ueda software 1083,23.10,eol,2021-01-04T11:26:51Z,\N,2021-01-04T11:26:51Z,\N,1,assert
acme:product_model:v0045-sof-01084-software~307d48b5e31d,product_model,v0045,sof-01084,software,Rasmussen software 1084,7.5,supported,2021-01-04T05:15:24Z,\N,2021-01-04T05:15:24Z,\N,1,assert
acme:product_model:v0144-ser-01086-service~da21cda6c363,product_model,v0144,ser-01086,service,Schneider service 1086,22.10,supported,2021-01-04T05:40:14Z,\N,2021-01-04T05:40:14Z,\N,1,assert
acme:product_model:v0006-sof-01092-software~f2801a6ca342,product_model,v0006,sof-01092,software,Oyelaran software 1092,17.3,supported,2021-01-04T01:43:04Z,\N,2021-01-04T01:43:04Z,\N,1,assert
acme:product_model:v0002-sof-01102-software~b055f286463d,product_model,v0002,sof-01102,software,Ivanova software 1102,23.3,eol,2021-01-04T08:39:16Z,\N,2021-01-04T08:39:16Z,\N,1,assert
acme:product_model:v0031-sof-01105-software~51e9b5af2236,product_model,v0031,sof-01105,software,Thorsen software 1105,22.2,supported,2021-01-04T19:11:41Z,\N,2021-01-04T19:11:41Z,\N,1,assert
acme:product_model:v0085-sof-01106-software~7f75c773b7d3,product_model,v0085,sof-01106,software,Gallagher software 1106,8.9,supported,2021-01-04T11:08:46Z,\N,2021-01-04T11:08:46Z,\N,1,assert
acme:product_model:v0167-sof-01107-software~7bdd744fe219,product_model,v0167,sof-01107,software,Delacroix software 1107,15.11,supported,2021-01-04T23:38:40Z,\N,2021-01-04T23:38:40Z,\N,1,assert
acme:product_model:v0097-sof-01110-software~84a2671588b9,product_model,v0097,sof-01110,software,Santos software 1110,1.2,unknown,2021-01-04T06:26:10Z,\N,2021-01-04T06:26:10Z,\N,1,assert
acme:product_model:v0064-har-01112-hardware~54858008994f,product_model,v0064,har-01112,hardware,Lindqvist hardware 1112,16.1,supported,2021-01-04T23:51:28Z,\N,2021-01-04T23:51:28Z,\N,1,assert
acme:product_model:v0097-sof-01117-software~d5e003047591,product_model,v0097,sof-01117,software,Ivanova software 1117,8.2,supported,2021-01-04T00:20:47Z,\N,2021-01-04T00:20:47Z,\N,1,assert
acme:product_model:v0045-ser-01120-service~a0a11d4a0a80,product_model,v0045,ser-01120,service,Okonkwo service 1120,19.8,supported,2021-01-04T09:34:21Z,\N,2021-01-04T09:34:21Z,\N,1,assert
acme:product_model:v0126-sof-01122-software~1672dbff8933,product_model,v0126,sof-01122,software,Schneider software 1122,12.4,supported,2021-01-04T17:53:04Z,\N,2021-01-04T17:53:04Z,\N,1,assert
acme:product_model:v0178-sof-01132-software~f90d25b02f9c,product_model,v0178,sof-01132,software,Ueda software 1132,18.9,eol,2021-01-04T16:36:16Z,\N,2021-01-04T16:36:16Z,\N,1,assert
acme:product_model:v0065-har-01134-hardware~8ee4c9a4957f,product_model,v0065,har-01134,hardware,Ueda hardware 1134,12.5,unsupported,2021-01-04T05:58:02Z,\N,2021-01-04T05:58:02Z,\N,1,assert
acme:product_model:v0091-sof-01141-software~69e2828ff743,product_model,v0091,sof-01141,software,Wagner software 1141,19.6,supported,2021-01-04T20:18:20Z,\N,2021-01-04T20:18:20Z,\N,1,assert
acme:product_model:v0098-har-01143-hardware~0ac84ae62a4e,product_model,v0098,har-01143,hardware,Baptiste hardware 1143,17.3,eol,2021-01-04T22:19:30Z,\N,2021-01-04T22:19:30Z,\N,1,assert
acme:product_model:v0120-sof-01145-software~a62b760a2636,product_model,v0120,sof-01145,software,Bergstrom software 1145,10.2,unsupported,2021-01-04T05:44:51Z,\N,2021-01-04T05:44:51Z,\N,1,assert
acme:product_model:v0059-sof-01146-software~fbf3e83be570,product_model,v0059,sof-01146,software,Delacroix software 1146,11.1,supported,2021-01-04T06:31:37Z,\N,2021-01-04T06:31:37Z,\N,1,assert
acme:product_model:v0118-har-01151-hardware~2922fb282216,product_model,v0118,har-01151,hardware,Schneider hardware 1151,3.1,supported,2021-01-04T21:35:24Z,\N,2021-01-04T21:35:24Z,\N,1,assert
acme:product_model:v0109-ser-01167-service~baddac56b0ba,product_model,v0109,ser-01167,service,Vaughan service 1167,15.3,unknown,2021-01-04T07:20:34Z,\N,2021-01-04T07:20:34Z,\N,1,assert
acme:product_model:v0060-sof-01172-software~b411ba17252b,product_model,v0060,sof-01172,software,Chowdhury software 1172,15.6,supported,2021-01-04T21:30:37Z,\N,2021-01-04T21:30:37Z,\N,1,assert
acme:product_model:v0077-ser-01173-service~043c942c92b0,product_model,v0077,ser-01173,service,Castellanos service 1173,16.10,supported,2021-01-04T20:32:49Z,\N,2021-01-04T20:32:49Z,\N,1,assert
acme:product_model:v0126-ser-01177-service~23b7f2117479,product_model,v0126,ser-01177,service,Wagner service 1177,16.8,unsupported,2021-01-04T02:28:32Z,\N,2021-01-04T02:28:32Z,\N,1,assert
acme:product_model:v0113-sof-01179-software~f405c6133176,product_model,v0113,sof-01179,software,Thorsen software 1179,20.0,supported,2021-01-04T19:45:11Z,\N,2021-01-04T19:45:11Z,\N,1,assert
acme:product_model:v0062-sof-01182-software~d1d6612ea95b,product_model,v0062,sof-01182,software,Thorsen software 1182,23.0,supported,2021-01-04T05:32:30Z,\N,2021-01-04T05:32:30Z,\N,1,assert
acme:product_model:v0169-ser-01186-service~a9eaaddd7de5,product_model,v0169,ser-01186,service,Fontaine service 1186,21.5,supported,2021-01-04T05:10:45Z,\N,2021-01-04T05:10:45Z,\N,1,assert
acme:product_model:v0019-sof-01206-software~95ed8e813d39,product_model,v0019,sof-01206,software,Delacroix software 1206,1.2,supported,2021-01-04T10:22:59Z,\N,2021-01-04T10:22:59Z,\N,1,assert
acme:product_model:v0082-sof-01211-software~a9a9f4c98fbd,product_model,v0082,sof-01211,software,Fontaine software 1211,22.7,supported,2021-01-04T04:42:03Z,\N,2021-01-04T04:42:03Z,\N,1,assert
acme:product_model:v0007-ser-01214-service~0ba48cc7480f,product_model,v0007,ser-01214,service,Gundersen service 1214,2.6,supported,2021-01-04T18:13:26Z,\N,2021-01-04T18:13:26Z,\N,1,assert
acme:product_model:v0168-sof-01216-software~181aa83f3291,product_model,v0168,sof-01216,software,Santos software 1216,21.10,unknown,2021-01-04T03:19:42Z,\N,2021-01-04T03:19:42Z,\N,1,assert
acme:product_model:v0160-har-01218-hardware~04d8effd175c,product_model,v0160,har-01218,hardware,Nakamura hardware 1218,23.6,eol,2021-01-04T17:49:18Z,\N,2021-01-04T17:49:18Z,\N,1,assert
acme:product_model:v0170-ser-01222-service~c9f9318fbfd8,product_model,v0170,ser-01222,service,Bergstrom service 1222,5.9,supported,2021-01-04T00:35:31Z,\N,2021-01-04T00:35:31Z,\N,1,assert
acme:product_model:v0006-har-01226-hardware~985ac426578b,product_model,v0006,har-01226,hardware,Ivanova hardware 1226,12.1,eol,2021-01-04T05:49:00Z,\N,2021-01-04T05:49:00Z,\N,1,assert
acme:product_model:v0139-sof-01232-software~74a0764bdd95,product_model,v0139,sof-01232,software,Wagner software 1232,11.4,unknown,2021-01-04T23:12:43Z,\N,2021-01-04T23:12:43Z,\N,1,assert
acme:product_model:v0133-sof-01236-software~a63eba29208d,product_model,v0133,sof-01236,software,Santos software 1236,22.8,eol,2021-01-04T05:30:43Z,\N,2021-01-04T05:30:43Z,\N,1,assert
acme:product_model:v0124-sof-01238-software~edcdd47f682a,product_model,v0124,sof-01238,software,Jablonski software 1238,10.8,supported,2021-01-04T21:49:55Z,\N,2021-01-04T21:49:55Z,\N,1,assert
acme:product_model:v0089-sof-01245-software~0ad367192c58,product_model,v0089,sof-01245,software,Mbatha software 1245,18.4,supported,2021-01-04T04:48:04Z,\N,2021-01-04T04:48:04Z,\N,1,assert
acme:product_model:v0098-har-01247-hardware~25b42c3b735d,product_model,v0098,har-01247,hardware,Kaminski hardware 1247,7.7,supported,2021-01-04T07:09:08Z,\N,2021-01-04T07:09:08Z,\N,1,assert
acme:product_model:v0027-sof-01252-software~4ac5965e8c91,product_model,v0027,sof-01252,software,Thorsen software 1252,22.5,supported,2021-01-04T00:35:10Z,\N,2021-01-04T00:35:10Z,\N,1,assert
acme:product_model:v0104-sof-01257-software~f1932b605a98,product_model,v0104,sof-01257,software,Eberhardt software 1257,2.3,supported,2021-01-04T10:21:11Z,\N,2021-01-04T10:21:11Z,\N,1,assert
acme:product_model:v0138-ser-01259-service~b108134b8040,product_model,v0138,ser-01259,service,Mbatha service 1259,19.1,supported,2021-01-04T00:20:15Z,\N,2021-01-04T00:20:15Z,\N,1,assert
acme:product_model:v0142-sof-01262-software~fa25112c3e56,product_model,v0142,sof-01262,software,Thorsen software 1262,14.1,supported,2021-01-04T02:10:02Z,\N,2021-01-04T02:10:02Z,\N,1,assert
acme:product_model:v0054-sof-01266-software~89479bbe7d84,product_model,v0054,sof-01266,software,Marchetti software 1266,6.1,supported,2021-01-04T02:14:40Z,\N,2021-01-04T02:14:40Z,\N,1,assert
acme:product_model:v0087-ser-01267-service~ad6a49dee79a,product_model,v0087,ser-01267,service,Schneider service 1267,21.7,unsupported,2021-01-04T00:37:06Z,\N,2021-01-04T00:37:06Z,\N,1,assert
acme:product_model:v0062-ser-01270-service~9537843f3647,product_model,v0062,ser-01270,service,Thorsen service 1270,9.1,eol,2021-01-04T19:13:03Z,\N,2021-01-04T19:13:03Z,\N,1,assert
acme:product_model:v0113-sof-01277-software~c3a2b6f2b5c0,product_model,v0113,sof-01277,software,Gallagher software 1277,4.8,supported,2021-01-04T14:39:21Z,\N,2021-01-04T14:39:21Z,\N,1,assert
acme:product_model:v0115-ser-01279-service~f32b0697049a,product_model,v0115,ser-01279,service,Baptiste service 1279,14.3,supported,2021-01-04T13:42:48Z,\N,2021-01-04T13:42:48Z,\N,1,assert
acme:product_model:v0153-con-01287-consumable~f924ff4811da,product_model,v0153,con-01287,consumable,Marchetti consumable 1287,9.10,supported,2021-01-04T22:32:18Z,\N,2021-01-04T22:32:18Z,\N,1,assert
acme:product_model:v0062-har-01288-hardware~6e4ed0144a72,product_model,v0062,har-01288,hardware,Castellanos hardware 1288,10.4,supported,2021-01-04T09:43:45Z,\N,2021-01-04T09:43:45Z,\N,1,assert
acme:product_model:v0116-sof-01290-software~34d9d8832512,product_model,v0116,sof-01290,software,Castellanos software 1290,12.11,supported,2021-01-04T18:25:47Z,\N,2021-01-04T18:25:47Z,\N,1,assert
acme:product_model:v0154-con-01293-consumable~38799e6d5450,product_model,v0154,con-01293,consumable,Fontaine consumable 1293,2.2,unsupported,2021-01-04T15:58:31Z,\N,2021-01-04T15:58:31Z,\N,1,assert
acme:product_model:v0043-sof-01297-software~a07afdd39543,product_model,v0043,sof-01297,software,Eberhardt software 1297,21.9,eol,2021-01-04T13:15:14Z,\N,2021-01-04T13:15:14Z,\N,1,assert
acme:product_model:v0085-sof-01298-software~30abc4d2cd1e,product_model,v0085,sof-01298,software,Weiss software 1298,3.1,eol,2021-01-04T05:19:44Z,\N,2021-01-04T05:19:44Z,\N,1,assert
acme:product_model:v0160-sof-01302-software~62e902622661,product_model,v0160,sof-01302,software,Chowdhury software 1302,16.2,supported,2021-01-04T06:16:12Z,\N,2021-01-04T06:16:12Z,\N,1,assert
acme:product_model:v0028-har-01307-hardware~5c7602ce27cd,product_model,v0028,har-01307,hardware,Oyelaran hardware 1307,2.4,supported,2021-01-04T17:07:10Z,\N,2021-01-04T17:07:10Z,\N,1,assert
acme:product_model:v0005-sof-01320-software~ea97b0c23244,product_model,v0005,sof-01320,software,Kaminski software 1320,10.9,supported,2021-01-04T05:29:20Z,\N,2021-01-04T05:29:20Z,\N,1,assert
acme:product_model:v0164-har-01325-hardware~5f4dee0aa268,product_model,v0164,har-01325,hardware,Nakamura hardware 1325,14.10,supported,2021-01-04T23:53:37Z,\N,2021-01-04T23:53:37Z,\N,1,assert
acme:product_model:v0144-sof-01326-software~700449f66216,product_model,v0144,sof-01326,software,Pereira software 1326,22.4,unsupported,2021-01-04T04:03:00Z,\N,2021-01-04T04:03:00Z,\N,1,assert
acme:product_model:v0024-sof-01337-software~8ed263958c37,product_model,v0024,sof-01337,software,Ivanova software 1337,8.8,supported,2021-01-04T14:06:51Z,\N,2021-01-04T14:06:51Z,\N,1,assert
acme:product_model:v0068-har-01342-hardware~5b2b1d33bdc2,product_model,v0068,har-01342,hardware,Thorsen hardware 1342,16.3,supported,2021-01-04T08:30:07Z,\N,2021-01-04T08:30:07Z,\N,1,assert
acme:product_model:v0057-sof-01345-software~4f73403f9fbf,product_model,v0057,sof-01345,software,Ivanova software 1345,4.11,supported,2021-01-04T03:23:10Z,\N,2021-01-04T03:23:10Z,\N,1,assert
acme:product_model:v0087-ser-01346-service~cb0d14ee76ac,product_model,v0087,ser-01346,service,Baptiste service 1346,6.1,unsupported,2021-01-04T03:36:40Z,\N,2021-01-04T03:36:40Z,\N,1,assert
acme:product_model:v0044-ser-01347-service~07dc90d3db27,product_model,v0044,ser-01347,service,Bergstrom service 1347,23.10,supported,2021-01-04T00:15:28Z,\N,2021-01-04T00:15:28Z,\N,1,assert
acme:product_model:v0121-con-01354-consumable~e91331e61b4f,product_model,v0121,con-01354,consumable,Vaughan consumable 1354,11.8,unknown,2021-01-04T13:36:50Z,\N,2021-01-04T13:36:50Z,\N,1,assert
acme:product_model:v0076-ser-01359-service~f8a58d6e68cd,product_model,v0076,ser-01359,service,Delacroix service 1359,8.5,supported,2021-01-04T02:10:45Z,\N,2021-01-04T02:10:45Z,\N,1,assert
acme:product_model:v0014-sof-01364-software~88a1fa0996c3,product_model,v0014,sof-01364,software,Lindqvist software 1364,21.1,eol,2021-01-04T06:09:02Z,\N,2021-01-04T06:09:02Z,\N,1,assert
acme:product_model:v0032-ser-01366-service~f040d36be470,product_model,v0032,ser-01366,service,Chowdhury service 1366,16.4,unknown,2021-01-04T01:18:42Z,\N,2021-01-04T01:18:42Z,\N,1,assert
acme:product_model:v0168-har-01374-hardware~3b99624489a2,product_model,v0168,har-01374,hardware,Bergstrom hardware 1374,8.2,supported,2021-01-04T16:42:47Z,\N,2021-01-04T16:42:47Z,\N,1,assert
acme:product_model:v0064-sof-01376-software~c06aae7d5f56,product_model,v0064,sof-01376,software,Chowdhury software 1376,19.3,supported,2021-01-04T08:47:26Z,\N,2021-01-04T08:47:26Z,\N,1,assert
acme:product_model:v0120-ser-01378-service~0917383310b9,product_model,v0120,ser-01378,service,Eberhardt service 1378,2.11,eol,2021-01-04T17:45:10Z,\N,2021-01-04T17:45:10Z,\N,1,assert
acme:product_model:v0068-har-01381-hardware~23b82243153d,product_model,v0068,har-01381,hardware,Nakamura hardware 1381,17.4,supported,2021-01-04T17:51:21Z,\N,2021-01-04T17:51:21Z,\N,1,assert
acme:product_model:v0178-sof-01382-software~15b5a9dbe853,product_model,v0178,sof-01382,software,Nakamura software 1382,5.11,supported,2021-01-04T12:59:28Z,\N,2021-01-04T12:59:28Z,\N,1,assert
acme:product_model:v0158-sof-01387-software~b9d76b3bc7f8,product_model,v0158,sof-01387,software,Rasmussen software 1387,3.7,unsupported,2021-01-04T08:17:56Z,\N,2021-01-04T08:17:56Z,\N,1,assert
acme:product_model:v0028-sof-01394-software~8382214e6aea,product_model,v0028,sof-01394,software,Thorsen software 1394,22.0,supported,2021-01-04T16:21:27Z,\N,2021-01-04T16:21:27Z,\N,1,assert
acme:product_model:v0011-sof-01395-software~f8bbc40028aa,product_model,v0011,sof-01395,software,Abbott software 1395,13.3,eol,2021-01-04T12:31:04Z,\N,2021-01-04T12:31:04Z,\N,1,assert
acme:product_model:v0160-ser-01397-service~e30301bd7aa5,product_model,v0160,ser-01397,service,Bergstrom service 1397,10.6,eol,2021-01-04T11:14:27Z,\N,2021-01-04T11:14:27Z,\N,1,assert
acme:product_model:v0114-sof-01401-software~83c4809ea262,product_model,v0114,sof-01401,software,Delacroix software 1401,12.4,eol,2021-01-04T20:54:01Z,\N,2021-01-04T20:54:01Z,\N,1,assert
acme:product_model:v0033-ser-01406-service~1af8c7cb20ab,product_model,v0033,ser-01406,service,Eberhardt service 1406,15.6,supported,2021-01-04T04:27:41Z,\N,2021-01-04T04:27:41Z,\N,1,assert
acme:product_model:v0109-ser-01407-service~0db858bb18e3,product_model,v0109,ser-01407,service,Wagner service 1407,5.4,supported,2021-01-04T20:12:14Z,\N,2021-01-04T20:12:14Z,\N,1,assert
acme:product_model:v0169-sof-01408-software~4e086b193423,product_model,v0169,sof-01408,software,Bergstrom software 1408,21.10,supported,2021-01-04T18:59:45Z,\N,2021-01-04T18:59:45Z,\N,1,assert
acme:product_model:v0030-sof-01424-software~459890fd679d,product_model,v0030,sof-01424,software,Nakamura software 1424,3.6,supported,2021-01-04T14:52:48Z,\N,2021-01-04T14:52:48Z,\N,1,assert
acme:product_model:v0140-sof-01425-software~6b78893e6c5f,product_model,v0140,sof-01425,software,Kovac software 1425,3.3,supported,2021-01-04T03:21:36Z,\N,2021-01-04T03:21:36Z,\N,1,assert
acme:product_model:v0006-sof-01429-software~725815089436,product_model,v0006,sof-01429,software,Marchetti software 1429,14.0,supported,2021-01-04T12:20:56Z,\N,2021-01-04T12:20:56Z,\N,1,assert
acme:product_model:v0145-ser-01430-service~0abc80eee1c7,product_model,v0145,ser-01430,service,Chowdhury service 1430,8.5,supported,2021-01-04T21:21:30Z,\N,2021-01-04T21:21:30Z,\N,1,assert
acme:product_model:v0153-har-01443-hardware~caeb42fc795d,product_model,v0153,har-01443,hardware,Pereira hardware 1443,11.8,supported,2021-01-04T12:53:26Z,\N,2021-01-04T12:53:26Z,\N,1,assert
acme:product_model:v0158-har-01450-hardware~77ec8e2e6d7d,product_model,v0158,har-01450,hardware,Novak hardware 1450,1.10,supported,2021-01-04T06:02:52Z,\N,2021-01-04T06:02:52Z,\N,1,assert
acme:product_model:v0046-sof-01471-software~c64194afb654,product_model,v0046,sof-01471,software,Vaughan software 1471,19.3,eol,2021-01-04T07:35:17Z,\N,2021-01-04T07:35:17Z,\N,1,assert
acme:product_model:v0176-sof-01475-software~c0ce0367606c,product_model,v0176,sof-01475,software,Silvestri software 1475,15.5,eol,2021-01-04T13:34:49Z,\N,2021-01-04T13:34:49Z,\N,1,assert
acme:product_model:v0126-ser-01479-service~37ac19d3e3a7,product_model,v0126,ser-01479,service,Wagner service 1479,5.6,eol,2021-01-04T18:49:08Z,\N,2021-01-04T18:49:08Z,\N,1,assert
acme:product_model:v0176-sof-01485-software~e8b7dfba69ae,product_model,v0176,sof-01485,software,Eberhardt software 1485,22.1,supported,2021-01-04T15:52:34Z,\N,2021-01-04T15:52:34Z,\N,1,assert
acme:product_model:v0057-har-01487-hardware~6ae94b360a6c,product_model,v0057,har-01487,hardware,Vaughan hardware 1487,12.6,eol,2021-01-04T15:30:20Z,\N,2021-01-04T15:30:20Z,\N,1,assert
acme:product_model:v0178-sof-01492-software~e5dfb823f1e7,product_model,v0178,sof-01492,software,Oyelaran software 1492,15.9,supported,2021-01-04T03:38:54Z,\N,2021-01-04T03:38:54Z,\N,1,assert
acme:product_model:v0082-sof-01494-software~decd341fcdba,product_model,v0082,sof-01494,software,Castellanos software 1494,3.3,supported,2021-01-04T21:58:46Z,\N,2021-01-04T21:58:46Z,\N,1,assert
acme:product_model:v0134-sof-01496-software~b2ca5b6b2e4d,product_model,v0134,sof-01496,software,Silvestri software 1496,2.1,unknown,2021-01-04T11:07:20Z,\N,2021-01-04T11:07:20Z,\N,1,assert
acme:product_model:v0148-sof-01504-software~454da6a58556,product_model,v0148,sof-01504,software,Eberhardt software 1504,4.10,supported,2021-01-04T02:15:53Z,\N,2021-01-04T02:15:53Z,\N,1,assert
acme:product_model:v0124-har-01505-hardware~2328a474faf7,product_model,v0124,har-01505,hardware,Yilmaz hardware 1505,23.5,supported,2021-01-04T09:11:16Z,\N,2021-01-04T09:11:16Z,\N,1,assert
acme:product_model:v0151-har-01511-hardware~8100ad096350,product_model,v0151,har-01511,hardware,Silvestri hardware 1511,1.11,supported,2021-01-04T22:59:37Z,\N,2021-01-04T22:59:37Z,\N,1,assert
acme:product_model:v0115-har-01512-hardware~18a753a9f2af,product_model,v0115,har-01512,hardware,Abbott hardware 1512,3.8,supported,2021-01-04T07:32:00Z,\N,2021-01-04T07:32:00Z,\N,1,assert
acme:product_model:v0019-ser-01516-service~42adc0114d29,product_model,v0019,ser-01516,service,Baptiste service 1516,4.4,supported,2021-01-04T09:51:52Z,\N,2021-01-04T09:51:52Z,\N,1,assert
acme:product_model:v0000-sof-01519-software~b653f0aefc56,product_model,v0000,sof-01519,software,Delacroix software 1519,20.11,unsupported,2021-01-04T22:51:01Z,\N,2021-01-04T22:51:01Z,\N,1,assert
acme:product_model:v0014-sof-01524-software~08553ce8982e,product_model,v0014,sof-01524,software,Kaminski software 1524,8.0,unsupported,2021-01-04T08:21:08Z,\N,2021-01-04T08:21:08Z,\N,1,assert
acme:product_model:v0148-sof-01525-software~1c0e07b6a7c5,product_model,v0148,sof-01525,software,Kovac software 1525,7.2,supported,2021-01-04T12:33:27Z,\N,2021-01-04T12:33:27Z,\N,1,assert
acme:product_model:v0176-har-01527-hardware~9a9e05e34516,product_model,v0176,har-01527,hardware,Wagner hardware 1527,15.1,eol,2021-01-04T12:38:45Z,\N,2021-01-04T12:38:45Z,\N,1,assert
acme:product_model:v0095-sof-01546-software~f8e0849d97bf,product_model,v0095,sof-01546,software,Delacroix software 1546,4.0,supported,2021-01-04T09:35:05Z,\N,2021-01-04T09:35:05Z,\N,1,assert
acme:product_model:v0114-sof-01556-software~f1574d00c810,product_model,v0114,sof-01556,software,Weiss software 1556,23.8,supported,2021-01-04T02:49:39Z,\N,2021-01-04T02:49:39Z,\N,1,assert
acme:product_model:v0074-har-01557-hardware~c93733f4e215,product_model,v0074,har-01557,hardware,Castellanos hardware 1557,19.6,eol,2021-01-04T02:54:02Z,\N,2021-01-04T02:54:02Z,\N,1,assert
acme:product_model:v0134-sof-01561-software~a7e5bed253f5,product_model,v0134,sof-01561,software,Haddad software 1561,15.2,supported,2021-01-04T08:04:26Z,\N,2021-01-04T08:04:26Z,\N,1,assert
acme:product_model:v0033-har-01571-hardware~fb7ba6790ad6,product_model,v0033,har-01571,hardware,Wagner hardware 1571,2.4,eol,2021-01-04T04:14:43Z,\N,2021-01-04T04:14:43Z,\N,1,assert
acme:product_model:v0097-har-01573-hardware~57269e9b3f4d,product_model,v0097,har-01573,hardware,Yilmaz hardware 1573,10.5,eol,2021-01-04T12:00:00Z,\N,2021-01-04T12:00:00Z,\N,1,assert
acme:product_model:v0126-ser-01574-service~7d52d944b210,product_model,v0126,ser-01574,service,Nakamura service 1574,11.9,supported,2021-01-04T07:20:04Z,\N,2021-01-04T07:20:04Z,\N,1,assert
acme:product_model:v0028-sof-01577-software~699d4d84bb46,product_model,v0028,sof-01577,software,Nakamura software 1577,13.6,eol,2021-01-04T22:01:40Z,\N,2021-01-04T22:01:40Z,\N,1,assert
acme:product_model:v0058-har-01578-hardware~8489f4543ef4,product_model,v0058,har-01578,hardware,Haddad hardware 1578,18.4,supported,2021-01-04T21:55:06Z,\N,2021-01-04T21:55:06Z,\N,1,assert
acme:product_model:v0115-sof-01579-software~52e4276a7ee5,product_model,v0115,sof-01579,software,Marchetti software 1579,22.2,supported,2021-01-04T12:17:43Z,\N,2021-01-04T12:17:43Z,\N,1,assert
acme:product_model:v0071-con-01586-consumable~61ed88c1bd49,product_model,v0071,con-01586,consumable,Nakamura consumable 1586,19.6,supported,2021-01-04T10:48:34Z,\N,2021-01-04T10:48:34Z,\N,1,assert
acme:product_model:v0079-sof-01587-software~0e867692bef6,product_model,v0079,sof-01587,software,Novak software 1587,19.9,supported,2021-01-04T16:01:45Z,\N,2021-01-04T16:01:45Z,\N,1,assert
acme:product_model:v0173-sof-01589-software~bf076527c6e8,product_model,v0173,sof-01589,software,Santos software 1589,23.8,supported,2021-01-04T11:45:38Z,\N,2021-01-04T11:45:38Z,\N,1,assert
acme:product_model:v0115-har-01591-hardware~c970cfb1b60c,product_model,v0115,har-01591,hardware,Oyelaran hardware 1591,19.8,supported,2021-01-04T15:54:48Z,\N,2021-01-04T15:54:48Z,\N,1,assert
acme:product_model:v0028-sof-01598-software~03d0cb5f50c6,product_model,v0028,sof-01598,software,Thorsen software 1598,5.7,supported,2021-01-04T23:46:11Z,\N,2021-01-04T23:46:11Z,\N,1,assert
acme:product_model:v0150-har-01600-hardware~717f868ff84b,product_model,v0150,har-01600,hardware,Mbatha hardware 1600,3.0,supported,2021-01-04T22:43:42Z,\N,2021-01-04T22:43:42Z,\N,1,assert
acme:product_model:v0098-ser-01602-service~64e5880c16f3,product_model,v0098,ser-01602,service,Vaughan service 1602,6.6,unsupported,2021-01-04T22:54:21Z,\N,2021-01-04T22:54:21Z,\N,1,assert
acme:product_model:v0133-ser-01610-service~7ee2f89b9322,product_model,v0133,ser-01610,service,Castellanos service 1610,5.2,supported,2021-01-04T04:05:47Z,\N,2021-01-04T04:05:47Z,\N,1,assert
acme:product_model:v0005-ser-01620-service~7a22071e4890,product_model,v0005,ser-01620,service,Weiss service 1620,17.3,unsupported,2021-01-04T19:31:19Z,\N,2021-01-04T19:31:19Z,\N,1,assert
acme:product_model:v0059-sof-01623-software~9f06c07cf15a,product_model,v0059,sof-01623,software,Oyelaran software 1623,5.9,supported,2021-01-04T23:37:51Z,\N,2021-01-04T23:37:51Z,\N,1,assert
acme:product_model:v0072-sof-01633-software~7ac3c485e5f8,product_model,v0072,sof-01633,software,Mbatha software 1633,19.2,eol,2021-01-04T11:45:43Z,\N,2021-01-04T11:45:43Z,\N,1,assert
acme:product_model:v0010-sof-01638-software~e172dd11c4e9,product_model,v0010,sof-01638,software,Weiss software 1638,6.7,unsupported,2021-01-04T22:30:47Z,\N,2021-01-04T22:30:47Z,\N,1,assert
acme:product_model:v0024-ser-01639-service~b7bd22676c09,product_model,v0024,ser-01639,service,Ivanova service 1639,19.8,eol,2021-01-04T11:01:56Z,\N,2021-01-04T11:01:56Z,\N,1,assert
acme:product_model:v0057-sof-01657-software~73a5b5f8ed3d,product_model,v0057,sof-01657,software,Ueda software 1657,9.4,supported,2021-01-04T20:52:16Z,\N,2021-01-04T20:52:16Z,\N,1,assert
acme:product_model:v0054-sof-01661-software~d47c997c99c2,product_model,v0054,sof-01661,software,Zhang software 1661,12.7,unsupported,2021-01-04T00:25:50Z,\N,2021-01-04T00:25:50Z,\N,1,assert
acme:product_model:v0116-sof-01670-software~0de4ee576073,product_model,v0116,sof-01670,software,Gundersen software 1670,1.6,supported,2021-01-04T21:59:28Z,\N,2021-01-04T21:59:28Z,\N,1,assert
acme:product_model:v0115-sof-01677-software~5abfc20dd4b3,product_model,v0115,sof-01677,software,Yilmaz software 1677,14.0,unsupported,2021-01-04T18:16:46Z,\N,2021-01-04T18:16:46Z,\N,1,assert
acme:product_model:v0059-har-01680-hardware~46d7d1ecac3f,product_model,v0059,har-01680,hardware,Zhang hardware 1680,3.1,supported,2021-01-04T15:32:17Z,\N,2021-01-04T15:32:17Z,\N,1,assert
acme:product_model:v0104-ser-01687-service~5bf5ad8630c5,product_model,v0104,ser-01687,service,Delacroix service 1687,15.0,unknown,2021-01-04T20:41:52Z,\N,2021-01-04T20:41:52Z,\N,1,assert
acme:product_model:v0055-ser-01688-service~879ccc37a03d,product_model,v0055,ser-01688,service,Nakamura service 1688,16.3,eol,2021-01-04T10:38:47Z,\N,2021-01-04T10:38:47Z,\N,1,assert
acme:product_model:v0089-sof-01690-software~62d8f30c4482,product_model,v0089,sof-01690,software,Quintero software 1690,13.0,eol,2021-01-04T11:57:21Z,\N,2021-01-04T11:57:21Z,\N,1,assert
acme:product_model:v0166-sof-01694-software~c9902ccb5ca3,product_model,v0166,sof-01694,software,Weiss software 1694,14.4,supported,2021-01-04T19:32:23Z,\N,2021-01-04T19:32:23Z,\N,1,assert
acme:product_model:v0044-har-01695-hardware~3c6cd78578cb,product_model,v0044,har-01695,hardware,Kaminski hardware 1695,19.11,supported,2021-01-04T17:59:50Z,\N,2021-01-04T17:59:50Z,\N,1,assert
acme:product_model:v0013-sof-01705-software~2591e0355a0e,product_model,v0013,sof-01705,software,Jablonski software 1705,22.11,supported,2021-01-04T01:35:21Z,\N,2021-01-04T01:35:21Z,\N,1,assert
acme:product_model:v0027-sof-01712-software~16055f3d8207,product_model,v0027,sof-01712,software,Ueda software 1712,19.3,supported,2021-01-04T01:52:01Z,\N,2021-01-04T01:52:01Z,\N,1,assert
acme:product_model:v0144-sof-01726-software~7ec808cbe5c5,product_model,v0144,sof-01726,software,Zhang software 1726,18.6,supported,2021-01-04T00:33:42Z,\N,2021-01-04T00:33:42Z,\N,1,assert
acme:product_model:v0038-har-01734-hardware~a84c063fc6ae,product_model,v0038,har-01734,hardware,Novak hardware 1734,19.3,supported,2021-01-04T20:35:04Z,\N,2021-01-04T20:35:04Z,\N,1,assert
acme:product_model:v0148-har-01735-hardware~5325fff12006,product_model,v0148,har-01735,hardware,Santos hardware 1735,17.2,eol,2021-01-04T19:13:15Z,\N,2021-01-04T19:13:15Z,\N,1,assert
acme:product_model:v0019-sof-01742-software~2f2b5296138d,product_model,v0019,sof-01742,software,Zhang software 1742,10.3,supported,2021-01-04T07:25:29Z,\N,2021-01-04T07:25:29Z,\N,1,assert
acme:product_model:v0082-ser-01755-service~65d956e773bf,product_model,v0082,ser-01755,service,Fontaine service 1755,23.6,unsupported,2021-01-04T01:24:25Z,\N,2021-01-04T01:24:25Z,\N,1,assert
acme:product_model:v0082-ser-01757-service~590e79f62494,product_model,v0082,ser-01757,service,Delacroix service 1757,5.10,supported,2021-01-04T04:50:17Z,\N,2021-01-04T04:50:17Z,\N,1,assert
acme:product_model:v0072-ser-01773-service~6212b1f91753,product_model,v0072,ser-01773,service,Nakamura service 1773,23.6,supported,2021-01-04T04:52:16Z,\N,2021-01-04T04:52:16Z,\N,1,assert
acme:product_model:v0002-sof-01777-software~bca2d3f8386e,product_model,v0002,sof-01777,software,Castellanos software 1777,23.1,supported,2021-01-04T00:57:11Z,\N,2021-01-04T00:57:11Z,\N,1,assert
acme:product_model:v0028-con-01792-consumable~938185d9557a,product_model,v0028,con-01792,consumable,Quintero consumable 1792,2.5,eol,2021-01-04T09:02:18Z,\N,2021-01-04T09:02:18Z,\N,1,assert
acme:product_model:v0044-ser-01816-service~71b043344912,product_model,v0044,ser-01816,service,Oyelaran service 1816,9.0,supported,2021-01-04T23:09:29Z,\N,2021-01-04T23:09:29Z,\N,1,assert
acme:product_model:v0159-sof-01817-software~058e9d8ed841,product_model,v0159,sof-01817,software,Mbatha software 1817,20.3,supported,2021-01-04T11:33:49Z,\N,2021-01-04T11:33:49Z,\N,1,assert
acme:product_model:v0133-sof-01819-software~1935106a7aff,product_model,v0133,sof-01819,software,Gallagher software 1819,23.6,supported,2021-01-04T23:43:11Z,\N,2021-01-04T23:43:11Z,\N,1,assert
acme:product_model:v0159-sof-01820-software~d5e9360e5455,product_model,v0159,sof-01820,software,Tanaka software 1820,12.4,eol,2021-01-04T18:27:15Z,\N,2021-01-04T18:27:15Z,\N,1,assert
acme:product_model:v0027-har-01822-hardware~5feeeac2598c,product_model,v0027,har-01822,hardware,Vaughan hardware 1822,2.6,supported,2021-01-04T10:07:45Z,\N,2021-01-04T10:07:45Z,\N,1,assert
acme:product_model:v0044-sof-01835-software~2e0ca071f813,product_model,v0044,sof-01835,software,Marchetti software 1835,18.5,eol,2021-01-04T06:09:01Z,\N,2021-01-04T06:09:01Z,\N,1,assert
acme:product_model:v0050-sof-01838-software~42bbe3ae487b,product_model,v0050,sof-01838,software,Yilmaz software 1838,9.3,supported,2021-01-04T11:24:58Z,\N,2021-01-04T11:24:58Z,\N,1,assert
acme:product_model:v0114-sof-01846-software~0a51bdb58fde,product_model,v0114,sof-01846,software,Chowdhury software 1846,20.11,unsupported,2021-01-04T00:55:21Z,\N,2021-01-04T00:55:21Z,\N,1,assert
acme:product_model:v0032-sof-01856-software~d031d1c6dbad,product_model,v0032,sof-01856,software,Ivanova software 1856,7.2,unknown,2021-01-04T10:30:22Z,\N,2021-01-04T10:30:22Z,\N,1,assert
acme:product_model:v0142-har-01858-hardware~907dbe691c89,product_model,v0142,har-01858,hardware,Thorsen hardware 1858,23.3,supported,2021-01-04T15:12:38Z,\N,2021-01-04T15:12:38Z,\N,1,assert
acme:product_model:v0154-har-01860-hardware~14a3999c83e3,product_model,v0154,har-01860,hardware,Kaminski hardware 1860,9.1,supported,2021-01-04T00:26:20Z,\N,2021-01-04T00:26:20Z,\N,1,assert
acme:product_model:v0036-sof-01868-software~02990cc1cb0a,product_model,v0036,sof-01868,software,Wagner software 1868,3.9,eol,2021-01-04T04:59:01Z,\N,2021-01-04T04:59:01Z,\N,1,assert
acme:product_model:v0152-sof-01870-software~7378a755c507,product_model,v0152,sof-01870,software,Jablonski software 1870,20.0,unsupported,2021-01-04T14:51:53Z,\N,2021-01-04T14:51:53Z,\N,1,assert
acme:product_model:v0038-sof-01877-software~5e4f006e7c76,product_model,v0038,sof-01877,software,Marchetti software 1877,14.0,eol,2021-01-04T17:43:19Z,\N,2021-01-04T17:43:19Z,\N,1,assert
acme:product_model:v0170-ser-01880-service~44e83a350a75,product_model,v0170,ser-01880,service,Rasmussen service 1880,3.3,supported,2021-01-04T04:11:23Z,\N,2021-01-04T04:11:23Z,\N,1,assert
acme:product_model:v0098-sof-01883-software~6bf12b5b8d64,product_model,v0098,sof-01883,software,Yilmaz software 1883,19.5,eol,2021-01-04T22:55:29Z,\N,2021-01-04T22:55:29Z,\N,1,assert
acme:product_model:v0006-con-01887-consumable~12d3b29a018f,product_model,v0006,con-01887,consumable,Delacroix consumable 1887,9.10,supported,2021-01-04T02:16:22Z,\N,2021-01-04T02:16:22Z,\N,1,assert
acme:product_model:v0017-ser-01888-service~27685feac4a6,product_model,v0017,ser-01888,service,Abbott service 1888,2.3,eol,2021-01-04T21:26:01Z,\N,2021-01-04T21:26:01Z,\N,1,assert
acme:product_model:v0054-har-01906-hardware~cf233c4ea490,product_model,v0054,har-01906,hardware,Zhang hardware 1906,17.4,eol,2021-01-04T20:59:53Z,\N,2021-01-04T20:59:53Z,\N,1,assert
acme:product_model:v0028-har-01910-hardware~e91fc9c0d99b,product_model,v0028,har-01910,hardware,Baptiste hardware 1910,20.4,eol,2021-01-04T07:05:49Z,\N,2021-01-04T07:05:49Z,\N,1,assert
acme:product_model:v0034-har-01922-hardware~3824a9915134,product_model,v0034,har-01922,hardware,Abbott hardware 1922,4.7,unsupported,2021-01-04T10:48:57Z,\N,2021-01-04T10:48:57Z,\N,1,assert
acme:product_model:v0177-ser-01926-service~e8c765f1e97b,product_model,v0177,ser-01926,service,Castellanos service 1926,7.8,supported,2021-01-04T07:43:46Z,\N,2021-01-04T07:43:46Z,\N,1,assert
acme:product_model:v0060-sof-01931-software~326cacf2e0e8,product_model,v0060,sof-01931,software,Jablonski software 1931,23.2,unsupported,2021-01-04T04:19:47Z,\N,2021-01-04T04:19:47Z,\N,1,assert
acme:product_model:v0077-sof-01936-software~573cf29b5018,product_model,v0077,sof-01936,software,Nakamura software 1936,3.7,supported,2021-01-04T12:07:27Z,\N,2021-01-04T12:07:27Z,\N,1,assert
acme:product_model:v0166-sof-01939-software~ade754708714,product_model,v0166,sof-01939,software,Lindqvist software 1939,9.6,eol,2021-01-04T18:26:29Z,\N,2021-01-04T18:26:29Z,\N,1,assert
acme:product_model:v0089-sof-01945-software~be10e733d3d7,product_model,v0089,sof-01945,software,Vaughan software 1945,19.3,supported,2021-01-04T13:27:27Z,\N,2021-01-04T13:27:27Z,\N,1,assert
acme:product_model:v0131-ser-01950-service~511ca5547bdc,product_model,v0131,ser-01950,service,Tanaka service 1950,17.6,unknown,2021-01-04T09:11:17Z,\N,2021-01-04T09:11:17Z,\N,1,assert
acme:product_model:v0118-ser-01952-service~e6acd21fffaa,product_model,v0118,ser-01952,service,Castellanos service 1952,13.0,unsupported,2021-01-04T04:03:59Z,\N,2021-01-04T04:03:59Z,\N,1,assert
acme:product_model:v0138-har-01953-hardware~cd78116bfee9,product_model,v0138,har-01953,hardware,Mbatha hardware 1953,20.3,eol,2021-01-04T03:03:16Z,\N,2021-01-04T03:03:16Z,\N,1,assert
acme:product_model:v0044-ser-01959-service~8bf59a060ab1,product_model,v0044,ser-01959,service,Baptiste service 1959,22.5,supported,2021-01-04T20:54:30Z,\N,2021-01-04T20:54:30Z,\N,1,assert
acme:product_model:v0106-ser-01974-service~42c93184f4f4,product_model,v0106,ser-01974,service,Kaminski service 1974,16.7,supported,2021-01-04T07:46:31Z,\N,2021-01-04T07:46:31Z,\N,1,assert
acme:product_model:v0034-sof-01979-software~c64d3e30fa79,product_model,v0034,sof-01979,software,Rasmussen software 1979,14.8,supported,2021-01-04T07:14:46Z,\N,2021-01-04T07:14:46Z,\N,1,assert
acme:product_model:v0178-har-01980-hardware~8bc4522a5ac3,product_model,v0178,har-01980,hardware,Gallagher hardware 1980,1.6,supported,2021-01-04T00:53:34Z,\N,2021-01-04T00:53:34Z,\N,1,assert
acme:product_model:v0033-sof-01983-software~bd792d25a553,product_model,v0033,sof-01983,software,Bergstrom software 1983,17.10,unsupported,2021-01-04T23:26:59Z,\N,2021-01-04T23:26:59Z,\N,1,assert
acme:product_model:v0164-sof-01987-software~e0b6c57eab8c,product_model,v0164,sof-01987,software,Jablonski software 1987,14.9,eol,2021-01-04T16:17:37Z,\N,2021-01-04T16:17:37Z,\N,1,assert
acme:product_model:v0038-sof-01993-software~8fdd97d511ae,product_model,v0038,sof-01993,software,Delacroix software 1993,17.2,supported,2021-01-04T03:17:04Z,\N,2021-01-04T03:17:04Z,\N,1,assert
acme:product_model:v0046-con-02001-consumable~b30380ba07bd,product_model,v0046,con-02001,consumable,Eberhardt consumable 2001,3.9,supported,2021-01-04T06:40:25Z,\N,2021-01-04T06:40:25Z,\N,1,assert
acme:product_model:v0106-sof-02005-software~6f9ad2202882,product_model,v0106,sof-02005,software,Novak software 2005,13.3,supported,2021-01-04T01:58:22Z,\N,2021-01-04T01:58:22Z,\N,1,assert
acme:product_model:v0040-har-02006-hardware~d8ac9812c9e3,product_model,v0040,har-02006,hardware,Weiss hardware 2006,20.7,eol,2021-01-04T01:02:54Z,\N,2021-01-04T01:02:54Z,\N,1,assert
acme:product_model:v0104-har-02007-hardware~3f06353f9310,product_model,v0104,har-02007,hardware,Zhang hardware 2007,1.10,supported,2021-01-04T06:03:55Z,\N,2021-01-04T06:03:55Z,\N,1,assert
acme:product_model:v0166-sof-02009-software~6bb025f1c1c1,product_model,v0166,sof-02009,software,Chowdhury software 2009,10.6,supported,2021-01-04T05:00:54Z,\N,2021-01-04T05:00:54Z,\N,1,assert
acme:product_model:v0076-har-02013-hardware~efddaad67c06,product_model,v0076,har-02013,hardware,Abbott hardware 2013,16.3,supported,2021-01-04T17:11:36Z,\N,2021-01-04T17:11:36Z,\N,1,assert
acme:product_model:v0114-sof-02015-software~e46aca1384ab,product_model,v0114,sof-02015,software,Okonkwo software 2015,12.0,supported,2021-01-04T17:26:57Z,\N,2021-01-04T17:26:57Z,\N,1,assert
acme:product_model:v0140-ser-02019-service~406d0c09bbed,product_model,v0140,ser-02019,service,Silvestri service 2019,21.9,unknown,2021-01-04T21:15:48Z,\N,2021-01-04T21:15:48Z,\N,1,assert
acme:product_model:v0000-sof-02022-software~e9f166d932af,product_model,v0000,sof-02022,software,Ivanova software 2022,9.0,supported,2021-01-04T17:47:42Z,\N,2021-01-04T17:47:42Z,\N,1,assert
acme:product_model:v0076-sof-02026-software~1c55b996a87b,product_model,v0076,sof-02026,software,Gallagher software 2026,10.3,eol,2021-01-04T22:24:37Z,\N,2021-01-04T22:24:37Z,\N,1,assert
acme:product_model:v0072-con-02037-consumable~479b6424cfc7,product_model,v0072,con-02037,consumable,Lindqvist consumable 2037,11.3,supported,2021-01-04T15:16:19Z,\N,2021-01-04T15:16:19Z,\N,1,assert
acme:product_model:v0013-sof-02048-software~ce90396f60c9,product_model,v0013,sof-02048,software,Baptiste software 2048,15.8,eol,2021-01-04T06:07:38Z,\N,2021-01-04T06:07:38Z,\N,1,assert
acme:product_model:v0067-sof-02049-software~cb736dbf45e0,product_model,v0067,sof-02049,software,Gundersen software 2049,2.2,supported,2021-01-04T23:41:03Z,\N,2021-01-04T23:41:03Z,\N,1,assert
acme:product_model:v0013-con-02058-consumable~4500f1bdf753,product_model,v0013,con-02058,consumable,Mbatha consumable 2058,22.6,unsupported,2021-01-04T18:43:30Z,\N,2021-01-04T18:43:30Z,\N,1,assert
acme:product_model:v0060-sof-02061-software~7f890eea0602,product_model,v0060,sof-02061,software,Baptiste software 2061,15.2,supported,2021-01-04T21:10:54Z,\N,2021-01-04T21:10:54Z,\N,1,assert
acme:product_model:v0055-ser-02064-service~be72db354126,product_model,v0055,ser-02064,service,Bergstrom service 2064,4.3,eol,2021-01-04T09:07:52Z,\N,2021-01-04T09:07:52Z,\N,1,assert
acme:product_model:v0089-har-02065-hardware~ce1cda232eee,product_model,v0089,har-02065,hardware,Schneider hardware 2065,20.9,unsupported,2021-01-04T13:51:53Z,\N,2021-01-04T13:51:53Z,\N,1,assert
acme:product_model:v0048-har-02071-hardware~4d7461d13aab,product_model,v0048,har-02071,hardware,Yilmaz hardware 2071,20.5,supported,2021-01-04T09:25:08Z,\N,2021-01-04T09:25:08Z,\N,1,assert
acme:product_model:v0121-sof-02075-software~43f16d949ca8,product_model,v0121,sof-02075,software,Schneider software 2075,20.8,supported,2021-01-04T14:14:57Z,\N,2021-01-04T14:14:57Z,\N,1,assert
acme:product_model:v0013-sof-02078-software~18c8c781e87d,product_model,v0013,sof-02078,software,Eberhardt software 2078,23.6,eol,2021-01-04T05:11:15Z,\N,2021-01-04T05:11:15Z,\N,1,assert
acme:product_model:v0082-sof-02082-software~9ddbd3354a7b,product_model,v0082,sof-02082,software,Pereira software 2082,19.4,supported,2021-01-04T18:24:46Z,\N,2021-01-04T18:24:46Z,\N,1,assert
acme:product_model:v0058-har-02089-hardware~dd64ade57ca4,product_model,v0058,har-02089,hardware,Novak hardware 2089,7.5,supported,2021-01-04T03:28:23Z,\N,2021-01-04T03:28:23Z,\N,1,assert
acme:product_model:v0050-har-02092-hardware~164ccb902c39,product_model,v0050,har-02092,hardware,Kaminski hardware 2092,19.1,unsupported,2021-01-04T02:57:12Z,\N,2021-01-04T02:57:12Z,\N,1,assert
acme:product_model:v0050-sof-02096-software~56862d040a3b,product_model,v0050,sof-02096,software,Zhang software 2096,12.7,supported,2021-01-04T15:14:12Z,\N,2021-01-04T15:14:12Z,\N,1,assert
acme:product_model:v0082-sof-02099-software~24d569bb99a0,product_model,v0082,sof-02099,software,Eberhardt software 2099,7.2,unsupported,2021-01-04T05:23:40Z,\N,2021-01-04T05:23:40Z,\N,1,assert
acme:product_model:v0139-har-02104-hardware~68439f2e96f9,product_model,v0139,har-02104,hardware,Ivanova hardware 2104,5.2,eol,2021-01-04T06:05:17Z,\N,2021-01-04T06:05:17Z,\N,1,assert
acme:product_model:v0079-har-02106-hardware~84c3ecb4013c,product_model,v0079,har-02106,hardware,Eberhardt hardware 2106,19.9,supported,2021-01-04T07:27:57Z,\N,2021-01-04T07:27:57Z,\N,1,assert
acme:product_model:v0031-sof-02107-software~5754c7bfc786,product_model,v0031,sof-02107,software,Kaminski software 2107,3.9,supported,2021-01-04T23:25:03Z,\N,2021-01-04T23:25:03Z,\N,1,assert
acme:product_model:v0118-har-02111-hardware~e9d7a59deaf2,product_model,v0118,har-02111,hardware,Jablonski hardware 2111,12.8,supported,2021-01-04T07:30:44Z,\N,2021-01-04T07:30:44Z,\N,1,assert
acme:product_model:v0144-con-02141-consumable~eeda2019d90d,product_model,v0144,con-02141,consumable,Weiss consumable 2141,14.1,supported,2021-01-04T02:54:59Z,\N,2021-01-04T02:54:59Z,\N,1,assert
acme:product_model:v0062-sof-02142-software~132c231904df,product_model,v0062,sof-02142,software,Zhang software 2142,7.9,unsupported,2021-01-04T06:25:27Z,\N,2021-01-04T06:25:27Z,\N,1,assert
acme:product_model:v0025-sof-02150-software~c7048e4ee777,product_model,v0025,sof-02150,software,Rasmussen software 2150,12.4,supported,2021-01-04T12:27:55Z,\N,2021-01-04T12:27:55Z,\N,1,assert
acme:product_model:v0087-sof-02151-software~4d2a10e692fb,product_model,v0087,sof-02151,software,Nakamura software 2151,18.0,supported,2021-01-04T06:31:24Z,\N,2021-01-04T06:31:24Z,\N,1,assert
acme:product_model:v0079-sof-02154-software~82294fcd8b92,product_model,v0079,sof-02154,software,Delacroix software 2154,13.7,supported,2021-01-04T06:55:13Z,\N,2021-01-04T06:55:13Z,\N,1,assert
acme:product_model:v0036-ser-02160-service~c77318ffe6ea,product_model,v0036,ser-02160,service,Lindqvist service 2160,22.9,supported,2021-01-04T09:21:40Z,\N,2021-01-04T09:21:40Z,\N,1,assert
acme:product_model:v0070-har-02168-hardware~5b2068ca27c3,product_model,v0070,har-02168,hardware,Haddad hardware 2168,4.11,supported,2021-01-04T22:15:18Z,\N,2021-01-04T22:15:18Z,\N,1,assert
acme:product_model:v0017-con-02171-consumable~58b33d2006a9,product_model,v0017,con-02171,consumable,Schneider consumable 2171,2.9,supported,2021-01-04T10:23:15Z,\N,2021-01-04T10:23:15Z,\N,1,assert
acme:product_model:v0007-sof-02185-software~07e54b29d6b7,product_model,v0007,sof-02185,software,Lindqvist software 2185,21.2,eol,2021-01-04T02:53:07Z,\N,2021-01-04T02:53:07Z,\N,1,assert
acme:product_model:v0054-ser-02205-service~032347adc235,product_model,v0054,ser-02205,service,Abbott service 2205,21.1,eol,2021-01-04T06:43:12Z,\N,2021-01-04T06:43:12Z,\N,1,assert
acme:product_model:v0168-sof-02207-software~a8394c130f6b,product_model,v0168,sof-02207,software,Gundersen software 2207,18.2,supported,2021-01-04T19:37:07Z,\N,2021-01-04T19:37:07Z,\N,1,assert
acme:product_model:v0034-sof-02216-software~bd872f6ac384,product_model,v0034,sof-02216,software,Okonkwo software 2216,13.11,eol,2021-01-04T18:53:58Z,\N,2021-01-04T18:53:58Z,\N,1,assert
acme:product_model:v0176-sof-02217-software~fc7e6f86f6a0,product_model,v0176,sof-02217,software,Novak software 2217,16.2,supported,2021-01-04T04:53:34Z,\N,2021-01-04T04:53:34Z,\N,1,assert
acme:product_model:v0082-sof-02226-software~526520c8cc2f,product_model,v0082,sof-02226,software,Abbott software 2226,6.10,eol,2021-01-04T02:17:12Z,\N,2021-01-04T02:17:12Z,\N,1,assert
acme:product_model:v0159-sof-02229-software~75837b71ce71,product_model,v0159,sof-02229,software,Weiss software 2229,5.10,unsupported,2021-01-04T15:53:43Z,\N,2021-01-04T15:53:43Z,\N,1,assert
acme:product_model:v0058-sof-02231-software~e4463c0095e6,product_model,v0058,sof-02231,software,Castellanos software 2231,8.3,supported,2021-01-04T11:05:17Z,\N,2021-01-04T11:05:17Z,\N,1,assert
acme:product_model:v0142-har-02232-hardware~b51148394397,product_model,v0142,har-02232,hardware,Jablonski hardware 2232,17.10,supported,2021-01-04T14:00:49Z,\N,2021-01-04T14:00:49Z,\N,1,assert
acme:product_model:v0175-ser-02238-service~f503245b61a2,product_model,v0175,ser-02238,service,Quintero service 2238,6.11,eol,2021-01-04T11:36:08Z,\N,2021-01-04T11:36:08Z,\N,1,assert
acme:product_model:v0030-sof-02244-software~785dece0e85d,product_model,v0030,sof-02244,software,Zhang software 2244,22.6,supported,2021-01-04T20:37:37Z,\N,2021-01-04T20:37:37Z,\N,1,assert
acme:product_model:v0160-har-02247-hardware~9ab413309627,product_model,v0160,har-02247,hardware,Santos hardware 2247,10.8,unknown,2021-01-04T10:30:43Z,\N,2021-01-04T10:30:43Z,\N,1,assert
acme:product_model:v0034-sof-02252-software~1650180980e3,product_model,v0034,sof-02252,software,Baptiste software 2252,3.4,unsupported,2021-01-04T04:41:03Z,\N,2021-01-04T04:41:03Z,\N,1,assert
acme:product_model:v0091-sof-02255-software~0392df784458,product_model,v0091,sof-02255,software,Yilmaz software 2255,2.6,supported,2021-01-04T04:39:05Z,\N,2021-01-04T04:39:05Z,\N,1,assert
acme:product_model:v0176-sof-02259-software~f90dbbbf026c,product_model,v0176,sof-02259,software,Haddad software 2259,3.6,unknown,2021-01-04T10:07:20Z,\N,2021-01-04T10:07:20Z,\N,1,assert
acme:product_model:v0013-sof-02267-software~abff313a5d65,product_model,v0013,sof-02267,software,Quintero software 2267,10.8,supported,2021-01-04T13:31:05Z,\N,2021-01-04T13:31:05Z,\N,1,assert
acme:product_model:v0033-ser-02277-service~63b03384e034,product_model,v0033,ser-02277,service,Gallagher service 2277,15.2,supported,2021-01-04T17:32:12Z,\N,2021-01-04T17:32:12Z,\N,1,assert
acme:product_model:v0091-sof-02279-software~4b1cd2859cd7,product_model,v0091,sof-02279,software,Nakamura software 2279,13.9,unknown,2021-01-04T17:15:33Z,\N,2021-01-04T17:15:33Z,\N,1,assert
acme:product_model:v0068-har-02281-hardware~9f1055c82239,product_model,v0068,har-02281,hardware,Ivanova hardware 2281,3.9,supported,2021-01-04T01:38:42Z,\N,2021-01-04T01:38:42Z,\N,1,assert
acme:product_model:v0083-har-02282-hardware~5f5b1adb1ed8,product_model,v0083,har-02282,hardware,Nakamura hardware 2282,12.4,supported,2021-01-04T18:56:47Z,\N,2021-01-04T18:56:47Z,\N,1,assert
acme:product_model:v0120-ser-02285-service~643d1f44dcd1,product_model,v0120,ser-02285,service,Vaughan service 2285,12.8,supported,2021-01-04T07:34:36Z,\N,2021-01-04T07:34:36Z,\N,1,assert
acme:product_model:v0092-sof-02303-software~e3ed93f35d75,product_model,v0092,sof-02303,software,Mbatha software 2303,1.7,supported,2021-01-04T21:51:42Z,\N,2021-01-04T21:51:42Z,\N,1,assert
acme:product_model:v0079-sof-02311-software~8675a34afa69,product_model,v0079,sof-02311,software,Chowdhury software 2311,15.6,eol,2021-01-04T02:31:02Z,\N,2021-01-04T02:31:02Z,\N,1,assert
acme:product_model:v0013-sof-02315-software~69b7cf001ea8,product_model,v0013,sof-02315,software,Baptiste software 2315,16.9,eol,2021-01-04T16:14:57Z,\N,2021-01-04T16:14:57Z,\N,1,assert
acme:product_model:v0154-sof-02321-software~816b1d381da1,product_model,v0154,sof-02321,software,Eberhardt software 2321,11.0,supported,2021-01-04T23:45:42Z,\N,2021-01-04T23:45:42Z,\N,1,assert
acme:product_model:v0140-har-02339-hardware~2b6516c2992d,product_model,v0140,har-02339,hardware,Silvestri hardware 2339,2.7,supported,2021-01-04T09:02:08Z,\N,2021-01-04T09:02:08Z,\N,1,assert
acme:product_model:v0060-sof-02340-software~c04b1ba29ebe,product_model,v0060,sof-02340,software,Jablonski software 2340,21.8,supported,2021-01-04T16:55:12Z,\N,2021-01-04T16:55:12Z,\N,1,assert
acme:product_model:v0095-ser-02342-service~e32bf58b3ae8,product_model,v0095,ser-02342,service,Mbatha service 2342,22.3,supported,2021-01-04T20:14:56Z,\N,2021-01-04T20:14:56Z,\N,1,assert
acme:product_model:v0143-har-02346-hardware~bc2b374d73bb,product_model,v0143,har-02346,hardware,Schneider hardware 2346,5.8,supported,2021-01-04T05:36:55Z,\N,2021-01-04T05:36:55Z,\N,1,assert
acme:product_model:v0028-sof-02347-software~60bcee3b4c45,product_model,v0028,sof-02347,software,Schneider software 2347,17.8,unsupported,2021-01-04T14:22:01Z,\N,2021-01-04T14:22:01Z,\N,1,assert
acme:product_model:v0119-har-02372-hardware~4a41bfc73209,product_model,v0119,har-02372,hardware,Yilmaz hardware 2372,14.8,supported,2021-01-04T07:13:06Z,\N,2021-01-04T07:13:06Z,\N,1,assert
acme:product_model:v0143-ser-02376-service~f7b7d001a44c,product_model,v0143,ser-02376,service,Santos service 2376,18.9,supported,2021-01-04T22:54:50Z,\N,2021-01-04T22:54:50Z,\N,1,assert
acme:product_model:v0013-ser-02377-service~747c5f71c0ab,product_model,v0013,ser-02377,service,Fontaine service 2377,15.5,supported,2021-01-04T16:11:21Z,\N,2021-01-04T16:11:21Z,\N,1,assert
acme:product_model:v0040-har-02388-hardware~b4bdef821427,product_model,v0040,har-02388,hardware,Yilmaz hardware 2388,15.11,supported,2021-01-04T15:58:58Z,\N,2021-01-04T15:58:58Z,\N,1,assert
acme:product_model:v0034-ser-02392-service~822f359b597f,product_model,v0034,ser-02392,service,Oyelaran service 2392,17.7,supported,2021-01-04T11:36:14Z,\N,2021-01-04T11:36:14Z,\N,1,assert
acme:product_model:v0010-sof-02397-software~a2e9c065b541,product_model,v0010,sof-02397,software,Oyelaran software 2397,2.0,supported,2021-01-04T09:38:36Z,\N,2021-01-04T09:38:36Z,\N,1,assert
acme:product_model:v0167-sof-02399-software~a8ca10da3d31,product_model,v0167,sof-02399,software,Castellanos software 2399,16.6,supported,2021-01-04T17:00:11Z,\N,2021-01-04T17:00:11Z,\N,1,assert
acme:product_model:v0167-ser-00852-service~30674816d306,product_model,v0167,ser-00852,service,Delacroix service 852,17.6,supported,2021-01-04T23:59:16Z,\N,2021-01-04T23:59:16Z,2021-10-21T12:00:47Z,1,assert
acme:product_model:v0040-sof-02135-software~42c075753f63,product_model,v0040,sof-02135,software,Rasmussen software 2135,15.8,supported,2021-01-05T00:35:18Z,2021-06-19T03:36:05Z,2021-01-05T00:35:18Z,\N,1,assert
acme:product_model:v0079-har-01481-hardware~4f17c8c07a8a,product_model,v0079,har-01481,hardware,Delacroix hardware 1481,4.6,supported,2021-01-05T01:46:21Z,2021-11-12T01:33:22Z,2021-01-05T01:46:21Z,\N,1,assert
acme:product_model:v0103-sof-00958-software~0eb25edf6d2b,product_model,v0103,sof-00958,software,Quintero software 958,7.7,supported,2021-01-05T02:19:02Z,2021-07-12T22:15:53Z,2021-01-05T02:19:02Z,\N,1,assert
acme:product_model:v0152-sof-00160-software~59806c766be6,product_model,v0152,sof-00160,software,Baptiste software 160,18.6,supported,2021-01-05T02:36:39Z,\N,2021-01-05T02:36:39Z,2021-06-07T09:53:07Z,1,assert
acme:product_model:v0136-ser-02112-service~7d154783f63f,product_model,v0136,ser-02112,service,Bergstrom service 2112,6.5,supported,2021-01-05T03:25:40Z,2021-05-27T18:41:10Z,2021-01-05T03:25:40Z,\N,1,assert
acme:product_model:v0079-har-00003-hardware~4c3fb942676d,product_model,v0079,har-00003,hardware,Nakamura hardware 3,9.10,supported,2021-01-05T09:04:12Z,\N,2021-01-05T09:04:12Z,\N,1,assert
acme:product_model:v0177-ser-00017-service~101ee2c1201a,product_model,v0177,ser-00017,service,Mbatha service 17,16.1,eol,2021-01-05T08:57:33Z,\N,2021-01-05T08:57:33Z,\N,1,assert
acme:product_model:v0169-sof-00026-software~feacceba548f,product_model,v0169,sof-00026,software,Lindqvist software 26,14.2,supported,2021-01-05T05:58:20Z,\N,2021-01-05T05:58:20Z,\N,1,assert
acme:product_model:v0028-sof-01989-software~b8c7240dce15,product_model,v0028,sof-01989,software,Okonkwo software 1989,3.4,supported,2021-01-05T10:24:27Z,\N,2021-01-05T10:24:27Z,2024-05-28T02:40:15Z,1,assert
acme:product_model:v0036-sof-00030-software~89baa508171f,product_model,v0036,sof-00030,software,Bergstrom software 30,11.4,supported,2021-01-05T13:18:08Z,\N,2021-01-05T13:18:08Z,\N,1,assert
acme:product_model:v0151-har-00034-hardware~6102551efd60,product_model,v0151,har-00034,hardware,Delacroix hardware 34,21.2,supported,2021-01-05T12:50:21Z,\N,2021-01-05T12:50:21Z,\N,1,assert
acme:product_model:v0106-sof-01418-software~52d458c60981,product_model,v0106,sof-01418,software,Kovac software 1418,1.4,eol,2021-01-05T16:15:45Z,2021-09-10T01:17:25Z,2021-01-05T16:15:45Z,\N,1,assert
acme:product_model:v0047-sof-00038-software~9f4389e182c7,product_model,v0047,sof-00038,software,Schneider software 38,6.11,supported,2021-01-05T16:26:37Z,\N,2021-01-05T16:26:37Z,\N,1,assert
acme:product_model:v0178-ser-00043-service~7308686ea651,product_model,v0178,ser-00043,service,Kovac service 43,3.10,supported,2021-01-05T15:03:26Z,\N,2021-01-05T15:03:26Z,\N,1,assert
acme:product_model:v0023-har-00054-hardware~fce8b02b86ab,product_model,v0023,har-00054,hardware,Silvestri hardware 54,18.9,supported,2021-01-05T13:10:21Z,\N,2021-01-05T13:10:21Z,\N,1,assert
acme:product_model:v0175-ser-01456-service~d9a262a2b03f,product_model,v0175,ser-01456,service,Baptiste service 1456,21.8,supported,2021-01-05T16:48:17Z,\N,2021-01-05T16:48:17Z,2021-03-17T02:43:04Z,1,assert
acme:product_model:v0011-sof-00998-software~a5d0efe6accf,product_model,v0011,sof-00998,software,Chowdhury software 998,6.10,supported,2021-01-05T17:45:06Z,2021-08-21T08:51:54Z,2021-01-05T17:45:06Z,\N,1,assert
acme:product_model:v0000-sof-02159-software~f82c0432a3f1,product_model,v0000,sof-02159,software,Okonkwo software 2159,1.8,supported,2021-01-05T19:04:46Z,\N,2021-01-05T19:04:46Z,2022-07-06T20:07:55Z,1,assert
acme:product_model:v0030-sof-01849-software~99938a223eb4,product_model,v0030,sof-01849,software,Schneider software 1849,17.0,supported,2021-01-05T20:15:30Z,2021-10-11T11:47:48Z,2021-01-05T20:15:30Z,\N,1,assert
acme:product_model:v0118-sof-01873-software~8d915298a502,product_model,v0118,sof-01873,software,Jablonski software 1873,15.10,supported,2021-01-05T21:27:05Z,2021-11-04T20:12:19Z,2021-01-05T21:27:05Z,\N,1,assert
acme:product_model:v0086-ser-00070-service~3b1bb52fe525,product_model,v0086,ser-00070,service,Jablonski service 70,9.7,unsupported,2021-01-05T23:07:41Z,\N,2021-01-05T23:07:41Z,\N,1,assert
acme:product_model:v0024-sof-00071-software~9b334046db0b,product_model,v0024,sof-00071,software,Jablonski software 71,7.4,unsupported,2021-01-05T20:54:59Z,\N,2021-01-05T20:54:59Z,\N,1,assert
acme:product_model:v0005-har-00072-hardware~987cfe8e478a,product_model,v0005,har-00072,hardware,Zhang hardware 72,9.4,unsupported,2021-01-05T21:32:07Z,\N,2021-01-05T21:32:07Z,\N,1,assert
acme:product_model:v0029-sof-00073-software~bb111187a452,product_model,v0029,sof-00073,software,Haddad software 73,15.4,supported,2021-01-05T07:16:09Z,\N,2021-01-05T07:16:09Z,\N,1,assert
acme:product_model:v0005-har-00076-hardware~78b1ccb01f48,product_model,v0005,har-00076,hardware,Delacroix hardware 76,3.10,eol,2021-01-05T03:11:11Z,\N,2021-01-05T03:11:11Z,\N,1,assert
acme:product_model:v0033-ser-00079-service~98f80e68e594,product_model,v0033,ser-00079,service,Rasmussen service 79,12.3,supported,2021-01-05T07:14:09Z,\N,2021-01-05T07:14:09Z,\N,1,assert
acme:product_model:v0045-har-00091-hardware~04dd0dc8e413,product_model,v0045,har-00091,hardware,Lindqvist hardware 91,10.8,eol,2021-01-05T10:00:24Z,\N,2021-01-05T10:00:24Z,\N,1,assert
acme:product_model:v0104-har-00093-hardware~46688a00ffd1,product_model,v0104,har-00093,hardware,Fontaine hardware 93,18.1,supported,2021-01-05T00:54:21Z,\N,2021-01-05T00:54:21Z,\N,1,assert
acme:product_model:v0064-sof-00101-software~05f14b927ef2,product_model,v0064,sof-00101,software,Baptiste software 101,21.8,eol,2021-01-05T13:20:24Z,\N,2021-01-05T13:20:24Z,\N,1,assert
acme:product_model:v0091-sof-00105-software~45afd875f370,product_model,v0091,sof-00105,software,Fontaine software 105,22.2,eol,2021-01-05T01:10:51Z,\N,2021-01-05T01:10:51Z,\N,1,assert
acme:product_model:v0023-har-00108-hardware~464b856b7c95,product_model,v0023,har-00108,hardware,Yilmaz hardware 108,19.5,supported,2021-01-05T22:52:27Z,\N,2021-01-05T22:52:27Z,\N,1,assert
acme:product_model:v0178-ser-00111-service~a93dac354941,product_model,v0178,ser-00111,service,Okonkwo service 111,22.6,unknown,2021-01-05T05:57:18Z,\N,2021-01-05T05:57:18Z,\N,1,assert
acme:product_model:v0036-ser-00113-service~e0a5626c88d1,product_model,v0036,ser-00113,service,Rasmussen service 113,9.8,supported,2021-01-05T00:22:56Z,\N,2021-01-05T00:22:56Z,\N,1,assert
acme:product_model:v0024-sof-00114-software~e73c9c60c14d,product_model,v0024,sof-00114,software,Marchetti software 114,22.7,eol,2021-01-05T09:16:35Z,\N,2021-01-05T09:16:35Z,\N,1,assert
acme:product_model:v0147-sof-00115-software~a083b1a78ce6,product_model,v0147,sof-00115,software,Baptiste software 115,19.5,unsupported,2021-01-05T18:12:30Z,\N,2021-01-05T18:12:30Z,\N,1,assert
acme:product_model:v0113-har-00121-hardware~fdb44dad6b2b,product_model,v0113,har-00121,hardware,Castellanos hardware 121,4.6,supported,2021-01-05T01:38:04Z,\N,2021-01-05T01:38:04Z,\N,1,assert
acme:product_model:v0164-sof-00126-software~3fcfb9fcb3e4,product_model,v0164,sof-00126,software,Fontaine software 126,22.1,supported,2021-01-05T06:22:01Z,\N,2021-01-05T06:22:01Z,\N,1,assert
acme:product_model:v0160-sof-00130-software~fe0372a49008,product_model,v0160,sof-00130,software,Chowdhury software 130,17.11,supported,2021-01-05T20:16:23Z,\N,2021-01-05T20:16:23Z,\N,1,assert
acme:product_model:v0033-sof-00134-software~a41a7b9a5cee,product_model,v0033,sof-00134,software,Ueda software 134,18.10,supported,2021-01-05T00:38:49Z,\N,2021-01-05T00:38:49Z,\N,1,assert
acme:product_model:v0001-sof-00141-software~5e3451397afe,product_model,v0001,sof-00141,software,Eberhardt software 141,2.5,eol,2021-01-05T03:10:11Z,\N,2021-01-05T03:10:11Z,\N,1,assert
acme:product_model:v0142-sof-00148-software~c436326ae1cd,product_model,v0142,sof-00148,software,Novak software 148,21.0,supported,2021-01-05T08:36:23Z,\N,2021-01-05T08:36:23Z,\N,1,assert
acme:product_model:v0072-har-00149-hardware~29b7053b9f6f,product_model,v0072,har-00149,hardware,Baptiste hardware 149,17.5,unsupported,2021-01-05T11:12:41Z,\N,2021-01-05T11:12:41Z,\N,1,assert
acme:product_model:v0130-sof-00152-software~5fef2bda21e0,product_model,v0130,sof-00152,software,Castellanos software 152,8.5,supported,2021-01-05T15:30:41Z,\N,2021-01-05T15:30:41Z,\N,1,assert
acme:product_model:v0100-sof-00155-software~4abc5f8e0b25,product_model,v0100,sof-00155,software,Gallagher software 155,5.1,unknown,2021-01-05T23:47:39Z,\N,2021-01-05T23:47:39Z,\N,1,assert
acme:product_model:v0145-sof-00172-software~efcb261c26c2,product_model,v0145,sof-00172,software,Gallagher software 172,16.8,supported,2021-01-05T05:22:23Z,\N,2021-01-05T05:22:23Z,\N,1,assert
acme:product_model:v0077-sof-00173-software~d8d22339ab13,product_model,v0077,sof-00173,software,Kaminski software 173,1.1,eol,2021-01-05T10:02:01Z,\N,2021-01-05T10:02:01Z,\N,1,assert
acme:product_model:v0001-ser-00182-service~caa621a02a26,product_model,v0001,ser-00182,service,Marchetti service 182,6.11,eol,2021-01-05T12:07:38Z,\N,2021-01-05T12:07:38Z,\N,1,assert
acme:product_model:v0129-sof-00188-software~d0d9e8b7c33d,product_model,v0129,sof-00188,software,Bergstrom software 188,22.11,supported,2021-01-05T14:02:48Z,\N,2021-01-05T14:02:48Z,\N,1,assert
acme:product_model:v0097-har-00189-hardware~9c983a61e8ac,product_model,v0097,har-00189,hardware,Gundersen hardware 189,16.6,supported,2021-01-05T00:21:00Z,\N,2021-01-05T00:21:00Z,\N,1,assert
acme:product_model:v0096-har-00192-hardware~473105f53497,product_model,v0096,har-00192,hardware,Zhang hardware 192,2.3,supported,2021-01-05T12:47:34Z,\N,2021-01-05T12:47:34Z,\N,1,assert
acme:product_model:v0149-har-00203-hardware~68ece28d8019,product_model,v0149,har-00203,hardware,Castellanos hardware 203,19.3,supported,2021-01-05T23:56:06Z,\N,2021-01-05T23:56:06Z,\N,1,assert
acme:product_model:v0061-sof-00207-software~45dc17911afd,product_model,v0061,sof-00207,software,Gallagher software 207,20.0,unsupported,2021-01-05T15:49:13Z,\N,2021-01-05T15:49:13Z,\N,1,assert
acme:product_model:v0124-sof-00216-software~177d0bf9a674,product_model,v0124,sof-00216,software,Chowdhury software 216,11.2,supported,2021-01-05T06:42:38Z,\N,2021-01-05T06:42:38Z,\N,1,assert
acme:product_model:v0007-sof-00222-software~1bf5db9f676b,product_model,v0007,sof-00222,software,Tanaka software 222,18.6,supported,2021-01-05T04:25:40Z,\N,2021-01-05T04:25:40Z,\N,1,assert
acme:product_model:v0033-sof-00224-software~e38819543984,product_model,v0033,sof-00224,software,Thorsen software 224,21.9,supported,2021-01-05T15:31:04Z,\N,2021-01-05T15:31:04Z,\N,1,assert
acme:product_model:v0054-sof-00230-software~436b43489fc0,product_model,v0054,sof-00230,software,Nakamura software 230,15.0,supported,2021-01-05T12:17:29Z,\N,2021-01-05T12:17:29Z,\N,1,assert
acme:product_model:v0017-sof-00236-software~1f249792c62f,product_model,v0017,sof-00236,software,Mbatha software 236,15.4,unsupported,2021-01-05T07:57:31Z,\N,2021-01-05T07:57:31Z,\N,1,assert
acme:product_model:v0129-sof-00243-software~35445647e578,product_model,v0129,sof-00243,software,Tanaka software 243,1.10,eol,2021-01-05T15:18:12Z,\N,2021-01-05T15:18:12Z,\N,1,assert
acme:product_model:v0168-sof-00245-software~e5d8f64f3236,product_model,v0168,sof-00245,software,Weiss software 245,14.2,supported,2021-01-05T02:53:26Z,\N,2021-01-05T02:53:26Z,\N,1,assert
acme:product_model:v0160-har-00253-hardware~9309eefc373a,product_model,v0160,har-00253,hardware,Marchetti hardware 253,23.11,eol,2021-01-05T03:00:41Z,\N,2021-01-05T03:00:41Z,\N,1,assert
acme:product_model:v0147-har-00254-hardware~0f05d5981c41,product_model,v0147,har-00254,hardware,Marchetti hardware 254,8.9,supported,2021-01-05T10:18:17Z,\N,2021-01-05T10:18:17Z,\N,1,assert
acme:product_model:v0131-har-00258-hardware~f1fb42c5937c,product_model,v0131,har-00258,hardware,Wagner hardware 258,20.7,eol,2021-01-05T04:40:51Z,\N,2021-01-05T04:40:51Z,\N,1,assert
acme:product_model:v0167-ser-00270-service~ca8eaa4dc6f5,product_model,v0167,ser-00270,service,Tanaka service 270,21.5,supported,2021-01-05T01:13:24Z,\N,2021-01-05T01:13:24Z,\N,1,assert
acme:product_model:v0067-har-00271-hardware~15fcc55a48d5,product_model,v0067,har-00271,hardware,Ueda hardware 271,14.8,supported,2021-01-05T20:34:54Z,\N,2021-01-05T20:34:54Z,\N,1,assert
acme:product_model:v0021-sof-00274-software~661988b33358,product_model,v0021,sof-00274,software,Wagner software 274,15.4,supported,2021-01-05T12:14:40Z,\N,2021-01-05T12:14:40Z,\N,1,assert
acme:product_model:v0054-har-00281-hardware~5ccdca5d64c6,product_model,v0054,har-00281,hardware,Novak hardware 281,18.7,supported,2021-01-05T11:10:51Z,\N,2021-01-05T11:10:51Z,\N,1,assert
acme:product_model:v0091-har-00302-hardware~b0376cedcb02,product_model,v0091,har-00302,hardware,Weiss hardware 302,4.0,unsupported,2021-01-05T03:45:03Z,\N,2021-01-05T03:45:03Z,\N,1,assert
acme:product_model:v0164-con-00307-consumable~690dfd9143b5,product_model,v0164,con-00307,consumable,Marchetti consumable 307,20.9,unsupported,2021-01-05T23:21:21Z,\N,2021-01-05T23:21:21Z,\N,1,assert
acme:product_model:v0144-sof-00311-software~9d2cea6bd13a,product_model,v0144,sof-00311,software,Rasmussen software 311,21.11,supported,2021-01-05T15:33:33Z,\N,2021-01-05T15:33:33Z,\N,1,assert
acme:product_model:v0079-ser-00314-service~6a4dd594199e,product_model,v0079,ser-00314,service,Santos service 314,21.9,supported,2021-01-05T13:25:14Z,\N,2021-01-05T13:25:14Z,\N,1,assert
acme:product_model:v0140-sof-00325-software~0cab88eb85d2,product_model,v0140,sof-00325,software,Wagner software 325,4.3,supported,2021-01-05T08:47:51Z,\N,2021-01-05T08:47:51Z,\N,1,assert
acme:product_model:v0170-har-00331-hardware~dcec8160a0ef,product_model,v0170,har-00331,hardware,Bergstrom hardware 331,21.11,unknown,2021-01-05T04:38:52Z,\N,2021-01-05T04:38:52Z,\N,1,assert
acme:product_model:v0114-har-00340-hardware~6ae3bf928b1f,product_model,v0114,har-00340,hardware,Nakamura hardware 340,22.7,unsupported,2021-01-05T05:48:14Z,\N,2021-01-05T05:48:14Z,\N,1,assert
acme:product_model:v0057-sof-00348-software~bb65b78ec60a,product_model,v0057,sof-00348,software,Silvestri software 348,6.0,unsupported,2021-01-05T15:17:57Z,\N,2021-01-05T15:17:57Z,\N,1,assert
acme:product_model:v0121-ser-00352-service~2b560ecf9163,product_model,v0121,ser-00352,service,Nakamura service 352,20.5,supported,2021-01-05T23:28:45Z,\N,2021-01-05T23:28:45Z,\N,1,assert
acme:product_model:v0138-sof-00362-software~69426d9118c5,product_model,v0138,sof-00362,software,Rasmussen software 362,19.3,unknown,2021-01-05T00:12:10Z,\N,2021-01-05T00:12:10Z,\N,1,assert
acme:product_model:v0005-har-00366-hardware~754f562777b4,product_model,v0005,har-00366,hardware,Santos hardware 366,17.11,supported,2021-01-05T00:46:30Z,\N,2021-01-05T00:46:30Z,\N,1,assert
acme:product_model:v0091-har-00368-hardware~a61ad8d30030,product_model,v0091,har-00368,hardware,Thorsen hardware 368,20.6,supported,2021-01-05T04:04:34Z,\N,2021-01-05T04:04:34Z,\N,1,assert
acme:product_model:v0139-sof-00388-software~f90a6e85a7d1,product_model,v0139,sof-00388,software,Chowdhury software 388,14.1,supported,2021-01-05T14:22:17Z,\N,2021-01-05T14:22:17Z,\N,1,assert
acme:product_model:v0044-har-00389-hardware~1887bd9db108,product_model,v0044,har-00389,hardware,Pereira hardware 389,5.0,unsupported,2021-01-05T09:00:26Z,\N,2021-01-05T09:00:26Z,\N,1,assert
acme:product_model:v0057-sof-00390-software~450cf2e3b484,product_model,v0057,sof-00390,software,Gallagher software 390,9.2,eol,2021-01-05T17:08:46Z,\N,2021-01-05T17:08:46Z,\N,1,assert
acme:product_model:v0030-sof-00403-software~109815eb987e,product_model,v0030,sof-00403,software,Fontaine software 403,19.8,supported,2021-01-05T02:36:42Z,\N,2021-01-05T02:36:42Z,\N,1,assert
acme:product_model:v0096-sof-00404-software~d32af06852d8,product_model,v0096,sof-00404,software,Bergstrom software 404,2.9,unsupported,2021-01-05T03:55:01Z,\N,2021-01-05T03:55:01Z,\N,1,assert
acme:product_model:v0029-har-00405-hardware~79caef730be4,product_model,v0029,har-00405,hardware,Chowdhury hardware 405,13.10,supported,2021-01-05T08:50:31Z,\N,2021-01-05T08:50:31Z,\N,1,assert
acme:product_model:v0025-sof-00408-software~63fd1085f249,product_model,v0025,sof-00408,software,Ivanova software 408,11.9,eol,2021-01-05T03:51:04Z,\N,2021-01-05T03:51:04Z,\N,1,assert
acme:product_model:v0076-sof-00423-software~ee1fc7a12f6f,product_model,v0076,sof-00423,software,Jablonski software 423,15.2,supported,2021-01-05T09:53:34Z,\N,2021-01-05T09:53:34Z,\N,1,assert
acme:product_model:v0029-ser-00438-service~687926ddca9b,product_model,v0029,ser-00438,service,Pereira service 438,14.5,supported,2021-01-05T22:55:45Z,\N,2021-01-05T22:55:45Z,\N,1,assert
acme:product_model:v0014-sof-00444-software~1a814955e40c,product_model,v0014,sof-00444,software,Quintero software 444,3.1,unsupported,2021-01-05T08:10:00Z,\N,2021-01-05T08:10:00Z,\N,1,assert
acme:product_model:v0086-sof-00454-software~ef6f8f1b6228,product_model,v0086,sof-00454,software,Marchetti software 454,7.2,supported,2021-01-05T11:26:02Z,\N,2021-01-05T11:26:02Z,\N,1,assert
acme:product_model:v0098-sof-00468-software~3a74b43e8fd2,product_model,v0098,sof-00468,software,Bergstrom software 468,15.5,supported,2021-01-05T19:52:10Z,\N,2021-01-05T19:52:10Z,\N,1,assert
acme:product_model:v0163-sof-00469-software~7aa9cd2815fe,product_model,v0163,sof-00469,software,Thorsen software 469,8.3,unsupported,2021-01-05T07:44:26Z,\N,2021-01-05T07:44:26Z,\N,1,assert
acme:product_model:v0033-sof-00473-software~55f070a9dbd9,product_model,v0033,sof-00473,software,Marchetti software 473,1.3,supported,2021-01-05T10:31:38Z,\N,2021-01-05T10:31:38Z,\N,1,assert
acme:product_model:v0163-sof-00478-software~336a4d0dcecf,product_model,v0163,sof-00478,software,Lindqvist software 478,16.4,supported,2021-01-05T05:06:33Z,\N,2021-01-05T05:06:33Z,\N,1,assert
acme:product_model:v0054-sof-00479-software~fc7ecae970ab,product_model,v0054,sof-00479,software,Kovac software 479,6.6,supported,2021-01-05T07:43:17Z,\N,2021-01-05T07:43:17Z,\N,1,assert
acme:product_model:v0001-ser-00483-service~e564b1891251,product_model,v0001,ser-00483,service,Bergstrom service 483,6.6,supported,2021-01-05T12:59:25Z,\N,2021-01-05T12:59:25Z,\N,1,assert
acme:product_model:v0089-sof-00494-software~02de293af563,product_model,v0089,sof-00494,software,Wagner software 494,10.8,supported,2021-01-05T17:01:43Z,\N,2021-01-05T17:01:43Z,\N,1,assert
acme:product_model:v0036-sof-00497-software~12602c21c1fa,product_model,v0036,sof-00497,software,Nakamura software 497,18.6,eol,2021-01-05T16:54:15Z,\N,2021-01-05T16:54:15Z,\N,1,assert
acme:product_model:v0178-sof-00499-software~7033174d35da,product_model,v0178,sof-00499,software,Castellanos software 499,19.11,supported,2021-01-05T09:24:55Z,\N,2021-01-05T09:24:55Z,\N,1,assert
acme:product_model:v0031-sof-00500-software~d8d8fed48f67,product_model,v0031,sof-00500,software,Novak software 500,15.3,eol,2021-01-05T17:03:48Z,\N,2021-01-05T17:03:48Z,\N,1,assert
acme:product_model:v0095-har-00511-hardware~e896c4bdf552,product_model,v0095,har-00511,hardware,Baptiste hardware 511,20.0,supported,2021-01-05T14:39:03Z,\N,2021-01-05T14:39:03Z,\N,1,assert
acme:product_model:v0045-ser-00513-service~88a8e0e77186,product_model,v0045,ser-00513,service,Oyelaran service 513,8.1,supported,2021-01-05T02:20:23Z,\N,2021-01-05T02:20:23Z,\N,1,assert
acme:product_model:v0151-ser-00519-service~f10823bca15d,product_model,v0151,ser-00519,service,Ivanova service 519,11.8,supported,2021-01-05T19:04:27Z,\N,2021-01-05T19:04:27Z,\N,1,assert
acme:product_model:v0013-har-00523-hardware~acdd28cb0df3,product_model,v0013,har-00523,hardware,Rasmussen hardware 523,16.8,supported,2021-01-05T12:01:53Z,\N,2021-01-05T12:01:53Z,\N,1,assert
acme:product_model:v0170-sof-00526-software~d974a9153d6f,product_model,v0170,sof-00526,software,Mbatha software 526,1.11,supported,2021-01-05T23:27:14Z,\N,2021-01-05T23:27:14Z,\N,1,assert
acme:product_model:v0027-sof-00532-software~be22900e6373,product_model,v0027,sof-00532,software,Yilmaz software 532,7.9,supported,2021-01-05T04:49:47Z,\N,2021-01-05T04:49:47Z,\N,1,assert
acme:product_model:v0089-sof-00535-software~9831a788d9db,product_model,v0089,sof-00535,software,Thorsen software 535,2.6,eol,2021-01-05T10:39:35Z,\N,2021-01-05T10:39:35Z,\N,1,assert
acme:product_model:v0011-har-00544-hardware~df7ed308b09b,product_model,v0011,har-00544,hardware,Lindqvist hardware 544,3.2,supported,2021-01-05T13:12:29Z,\N,2021-01-05T13:12:29Z,\N,1,assert
acme:product_model:v0048-sof-00552-software~12ffc80e268e,product_model,v0048,sof-00552,software,Castellanos software 552,3.10,supported,2021-01-05T21:46:40Z,\N,2021-01-05T21:46:40Z,\N,1,assert
acme:product_model:v0169-har-00554-hardware~adc780eaf73f,product_model,v0169,har-00554,hardware,Yilmaz hardware 554,23.7,supported,2021-01-05T23:41:45Z,\N,2021-01-05T23:41:45Z,\N,1,assert
acme:product_model:v0118-har-00564-hardware~4b45df5b3300,product_model,v0118,har-00564,hardware,Vaughan hardware 564,2.5,supported,2021-01-05T19:44:56Z,\N,2021-01-05T19:44:56Z,\N,1,assert
acme:product_model:v0010-sof-00567-software~dbfd44367023,product_model,v0010,sof-00567,software,Schneider software 567,12.0,unsupported,2021-01-05T10:05:57Z,\N,2021-01-05T10:05:57Z,\N,1,assert
acme:product_model:v0068-sof-00568-software~110cc510110c,product_model,v0068,sof-00568,software,Oyelaran software 568,9.2,unsupported,2021-01-05T12:12:00Z,\N,2021-01-05T12:12:00Z,\N,1,assert
acme:product_model:v0149-sof-00572-software~4da9b0e4cdfa,product_model,v0149,sof-00572,software,Gallagher software 572,18.11,eol,2021-01-05T02:48:55Z,\N,2021-01-05T02:48:55Z,\N,1,assert
acme:product_model:v0067-har-00578-hardware~9657598d9180,product_model,v0067,har-00578,hardware,Rasmussen hardware 578,19.10,unsupported,2021-01-05T06:23:37Z,\N,2021-01-05T06:23:37Z,\N,1,assert
acme:product_model:v0096-sof-00582-software~de11a531ba10,product_model,v0096,sof-00582,software,Abbott software 582,7.9,supported,2021-01-05T15:08:58Z,\N,2021-01-05T15:08:58Z,\N,1,assert
acme:product_model:v0058-sof-00585-software~420be82087f4,product_model,v0058,sof-00585,software,Yilmaz software 585,4.6,unsupported,2021-01-05T05:10:54Z,\N,2021-01-05T05:10:54Z,\N,1,assert
acme:product_model:v0057-har-00587-hardware~cfc942ca13ce,product_model,v0057,har-00587,hardware,Ivanova hardware 587,10.11,supported,2021-01-05T09:54:21Z,\N,2021-01-05T09:54:21Z,\N,1,assert
acme:product_model:v0091-sof-00601-software~60697d32290f,product_model,v0091,sof-00601,software,Marchetti software 601,15.6,unsupported,2021-01-05T05:43:24Z,\N,2021-01-05T05:43:24Z,\N,1,assert
acme:product_model:v0164-ser-00607-service~deeea478eb6b,product_model,v0164,ser-00607,service,Oyelaran service 607,3.5,supported,2021-01-05T06:01:08Z,\N,2021-01-05T06:01:08Z,\N,1,assert
acme:product_model:v0041-sof-00617-software~4e9966dbfc82,product_model,v0041,sof-00617,software,Novak software 617,22.3,supported,2021-01-05T01:58:42Z,\N,2021-01-05T01:58:42Z,\N,1,assert
acme:product_model:v0161-sof-00620-software~4cce3634698b,product_model,v0161,sof-00620,software,Pereira software 620,11.10,eol,2021-01-05T12:20:34Z,\N,2021-01-05T12:20:34Z,\N,1,assert
acme:product_model:v0041-sof-00621-software~82db712a7877,product_model,v0041,sof-00621,software,Lindqvist software 621,5.3,supported,2021-01-05T13:38:50Z,\N,2021-01-05T13:38:50Z,\N,1,assert
acme:product_model:v0167-sof-00624-software~f2af5a1e7038,product_model,v0167,sof-00624,software,Delacroix software 624,14.11,supported,2021-01-05T03:14:24Z,\N,2021-01-05T03:14:24Z,\N,1,assert
acme:product_model:v0136-con-00625-consumable~9d012420900a,product_model,v0136,con-00625,consumable,Tanaka consumable 625,21.9,supported,2021-01-05T09:37:43Z,\N,2021-01-05T09:37:43Z,\N,1,assert
acme:product_model:v0086-ser-00627-service~c809dd5e9df6,product_model,v0086,ser-00627,service,Nakamura service 627,9.7,eol,2021-01-05T19:26:37Z,\N,2021-01-05T19:26:37Z,\N,1,assert
acme:product_model:v0118-sof-00632-software~5648913727b8,product_model,v0118,sof-00632,software,Thorsen software 632,12.10,supported,2021-01-05T08:47:12Z,\N,2021-01-05T08:47:12Z,\N,1,assert
acme:product_model:v0038-har-00634-hardware~822ccb8a187a,product_model,v0038,har-00634,hardware,Castellanos hardware 634,14.10,supported,2021-01-05T23:48:47Z,\N,2021-01-05T23:48:47Z,\N,1,assert
acme:product_model:v0076-sof-00636-software~57404379d59e,product_model,v0076,sof-00636,software,Abbott software 636,16.8,supported,2021-01-05T21:14:52Z,\N,2021-01-05T21:14:52Z,\N,1,assert
acme:product_model:v0121-con-00637-consumable~17b7c51fa075,product_model,v0121,con-00637,consumable,Mbatha consumable 637,13.10,unsupported,2021-01-05T17:40:09Z,\N,2021-01-05T17:40:09Z,\N,1,assert
acme:product_model:v0033-sof-00641-software~18f1d61e72d1,product_model,v0033,sof-00641,software,Marchetti software 641,20.11,supported,2021-01-05T21:08:57Z,\N,2021-01-05T21:08:57Z,\N,1,assert
acme:product_model:v0095-har-00649-hardware~01ca7b4c5bd4,product_model,v0095,har-00649,hardware,Castellanos hardware 649,3.2,supported,2021-01-05T12:15:32Z,\N,2021-01-05T12:15:32Z,\N,1,assert
acme:product_model:v0002-ser-00654-service~1d38eb8ccf72,product_model,v0002,ser-00654,service,Santos service 654,2.6,eol,2021-01-05T15:32:22Z,\N,2021-01-05T15:32:22Z,\N,1,assert
acme:product_model:v0096-sof-00656-software~2279039a5461,product_model,v0096,sof-00656,software,Chowdhury software 656,19.10,supported,2021-01-05T06:50:51Z,\N,2021-01-05T06:50:51Z,\N,1,assert
acme:product_model:v0059-ser-00659-service~b710d4a05b3a,product_model,v0059,ser-00659,service,Lindqvist service 659,15.10,supported,2021-01-05T16:34:32Z,\N,2021-01-05T16:34:32Z,\N,1,assert
acme:product_model:v0019-har-00665-hardware~740434f3eac2,product_model,v0019,har-00665,hardware,Ivanova hardware 665,23.2,supported,2021-01-05T21:09:49Z,\N,2021-01-05T21:09:49Z,\N,1,assert
acme:product_model:v0167-sof-00669-software~1a915736ca94,product_model,v0167,sof-00669,software,Nakamura software 669,11.8,supported,2021-01-05T06:03:09Z,\N,2021-01-05T06:03:09Z,\N,1,assert
acme:product_model:v0098-har-00671-hardware~c4844a708256,product_model,v0098,har-00671,hardware,Abbott hardware 671,12.10,supported,2021-01-05T15:35:37Z,\N,2021-01-05T15:35:37Z,\N,1,assert
acme:product_model:v0109-sof-00674-software~54bec657772f,product_model,v0109,sof-00674,software,Abbott software 674,5.4,supported,2021-01-05T16:12:00Z,\N,2021-01-05T16:12:00Z,\N,1,assert
acme:product_model:v0005-ser-00680-service~80d7deab270a,product_model,v0005,ser-00680,service,Okonkwo service 680,15.5,unknown,2021-01-05T20:33:58Z,\N,2021-01-05T20:33:58Z,\N,1,assert
acme:product_model:v0169-sof-00685-software~14fb16316d3d,product_model,v0169,sof-00685,software,Santos software 685,11.9,supported,2021-01-05T09:21:10Z,\N,2021-01-05T09:21:10Z,\N,1,assert
acme:product_model:v0023-con-00698-consumable~ee09f010e105,product_model,v0023,con-00698,consumable,Baptiste consumable 698,7.4,supported,2021-01-05T23:04:59Z,\N,2021-01-05T23:04:59Z,\N,1,assert
acme:product_model:v0017-sof-00708-software~8ba253f7d7e6,product_model,v0017,sof-00708,software,Fontaine software 708,4.2,unsupported,2021-01-05T22:10:20Z,\N,2021-01-05T22:10:20Z,\N,1,assert
acme:product_model:v0177-har-00711-hardware~318edd41380a,product_model,v0177,har-00711,hardware,Fontaine hardware 711,22.11,supported,2021-01-05T13:52:35Z,\N,2021-01-05T13:52:35Z,\N,1,assert
acme:product_model:v0047-sof-00712-software~fa7db9b36ced,product_model,v0047,sof-00712,software,Eberhardt software 712,18.8,supported,2021-01-05T21:45:12Z,\N,2021-01-05T21:45:12Z,\N,1,assert
acme:product_model:v0119-sof-00717-software~3de6fc6beffa,product_model,v0119,sof-00717,software,Marchetti software 717,5.10,eol,2021-01-05T20:55:13Z,\N,2021-01-05T20:55:13Z,\N,1,assert
acme:product_model:v0169-sof-00722-software~7c154939cd94,product_model,v0169,sof-00722,software,Pereira software 722,10.8,supported,2021-01-05T20:58:41Z,\N,2021-01-05T20:58:41Z,\N,1,assert
acme:product_model:v0113-sof-00729-software~3b37ee0d89dd,product_model,v0113,sof-00729,software,Okonkwo software 729,6.11,supported,2021-01-05T12:54:48Z,\N,2021-01-05T12:54:48Z,\N,1,assert
acme:product_model:v0126-sof-00735-software~f2edc68a9b4b,product_model,v0126,sof-00735,software,Rasmussen software 735,4.11,supported,2021-01-05T18:39:14Z,\N,2021-01-05T18:39:14Z,\N,1,assert
acme:product_model:v0017-sof-00743-software~098d02abe574,product_model,v0017,sof-00743,software,Nakamura software 743,10.9,supported,2021-01-05T18:49:52Z,\N,2021-01-05T18:49:52Z,\N,1,assert
acme:product_model:v0067-con-00748-consumable~7a64c9e7deed,product_model,v0067,con-00748,consumable,Novak consumable 748,5.7,unsupported,2021-01-05T19:07:20Z,\N,2021-01-05T19:07:20Z,\N,1,assert
acme:product_model:v0029-sof-00750-software~ea25d85d7d67,product_model,v0029,sof-00750,software,Thorsen software 750,17.5,supported,2021-01-05T11:30:37Z,\N,2021-01-05T11:30:37Z,\N,1,assert
acme:product_model:v0167-har-00752-hardware~aaaf259fc7a3,product_model,v0167,har-00752,hardware,Tanaka hardware 752,23.11,unknown,2021-01-05T11:19:40Z,\N,2021-01-05T11:19:40Z,\N,1,assert
acme:product_model:v0043-har-00753-hardware~b62b9ceee656,product_model,v0043,har-00753,hardware,Silvestri hardware 753,23.8,supported,2021-01-05T13:23:50Z,\N,2021-01-05T13:23:50Z,\N,1,assert
acme:product_model:v0176-ser-00754-service~9fe2c7d1fd92,product_model,v0176,ser-00754,service,Eberhardt service 754,16.8,supported,2021-01-05T09:16:35Z,\N,2021-01-05T09:16:35Z,\N,1,assert
acme:product_model:v0103-sof-00755-software~6628f908fbe6,product_model,v0103,sof-00755,software,Pereira software 755,3.8,unknown,2021-01-05T09:22:23Z,\N,2021-01-05T09:22:23Z,\N,1,assert
acme:product_model:v0068-har-00762-hardware~9ea055f50671,product_model,v0068,har-00762,hardware,Thorsen hardware 762,9.7,supported,2021-01-05T04:20:21Z,\N,2021-01-05T04:20:21Z,\N,1,assert
acme:product_model:v0025-sof-00764-software~d2b3adb6b046,product_model,v0025,sof-00764,software,Wagner software 764,10.10,supported,2021-01-05T00:57:54Z,\N,2021-01-05T00:57:54Z,\N,1,assert
acme:product_model:v0029-sof-00768-software~0eb2fa961348,product_model,v0029,sof-00768,software,Abbott software 768,1.5,eol,2021-01-05T09:54:48Z,\N,2021-01-05T09:54:48Z,\N,1,assert
acme:product_model:v0045-sof-00786-software~7e9981582065,product_model,v0045,sof-00786,software,Zhang software 786,4.6,supported,2021-01-05T06:38:36Z,\N,2021-01-05T06:38:36Z,\N,1,assert
acme:product_model:v0147-ser-00791-service~4f26f8351b95,product_model,v0147,ser-00791,service,Baptiste service 791,16.1,unknown,2021-01-05T12:31:07Z,\N,2021-01-05T12:31:07Z,\N,1,assert
acme:product_model:v0017-sof-00803-software~cb92f94f734d,product_model,v0017,sof-00803,software,Bergstrom software 803,6.1,supported,2021-01-05T21:09:55Z,\N,2021-01-05T21:09:55Z,\N,1,assert
acme:product_model:v0061-sof-00805-software~ae8e9a3ce453,product_model,v0061,sof-00805,software,Haddad software 805,5.3,unsupported,2021-01-05T09:16:14Z,\N,2021-01-05T09:16:14Z,\N,1,assert
acme:product_model:v0099-sof-00807-software~4a6aa710a490,product_model,v0099,sof-00807,software,Rasmussen software 807,6.0,supported,2021-01-05T13:11:53Z,\N,2021-01-05T13:11:53Z,\N,1,assert
acme:product_model:v0009-sof-00809-software~242fdff14a6c,product_model,v0009,sof-00809,software,Tanaka software 809,7.6,supported,2021-01-05T12:28:56Z,\N,2021-01-05T12:28:56Z,\N,1,assert
acme:product_model:v0005-har-00828-hardware~19be17a07f8f,product_model,v0005,har-00828,hardware,Gundersen hardware 828,6.7,supported,2021-01-05T17:59:44Z,\N,2021-01-05T17:59:44Z,\N,1,assert
acme:product_model:v0148-sof-00831-software~970d7060d8b2,product_model,v0148,sof-00831,software,Baptiste software 831,9.6,unknown,2021-01-05T22:12:18Z,\N,2021-01-05T22:12:18Z,\N,1,assert
acme:product_model:v0158-sof-00832-software~9da8d6b204cc,product_model,v0158,sof-00832,software,Schneider software 832,13.10,eol,2021-01-05T09:29:54Z,\N,2021-01-05T09:29:54Z,\N,1,assert
acme:product_model:v0168-ser-00837-service~64dbe7c09c6f,product_model,v0168,ser-00837,service,Marchetti service 837,2.5,supported,2021-01-05T02:00:24Z,\N,2021-01-05T02:00:24Z,\N,1,assert
acme:product_model:v0145-ser-00838-service~5bc41d9b84e3,product_model,v0145,ser-00838,service,Schneider service 838,19.1,eol,2021-01-05T15:31:05Z,\N,2021-01-05T15:31:05Z,\N,1,assert
acme:product_model:v0098-har-00843-hardware~eb98a5808a36,product_model,v0098,har-00843,hardware,Bergstrom hardware 843,14.3,eol,2021-01-05T20:30:17Z,\N,2021-01-05T20:30:17Z,\N,1,assert
acme:product_model:v0173-har-00844-hardware~27ef7f6a7087,product_model,v0173,har-00844,hardware,Baptiste hardware 844,6.5,unknown,2021-01-05T03:57:47Z,\N,2021-01-05T03:57:47Z,\N,1,assert
acme:product_model:v0095-sof-00846-software~55fd348eb342,product_model,v0095,sof-00846,software,Abbott software 846,6.8,supported,2021-01-05T06:27:42Z,\N,2021-01-05T06:27:42Z,\N,1,assert
acme:product_model:v0098-sof-00858-software~947e389cef87,product_model,v0098,sof-00858,software,Thorsen software 858,16.4,unknown,2021-01-05T05:46:56Z,\N,2021-01-05T05:46:56Z,\N,1,assert
acme:product_model:v0103-ser-00859-service~4ee68669acc3,product_model,v0103,ser-00859,service,Jablonski service 859,23.7,supported,2021-01-05T07:04:47Z,\N,2021-01-05T07:04:47Z,\N,1,assert
acme:product_model:v0176-sof-00861-software~34e114ee51d2,product_model,v0176,sof-00861,software,Novak software 861,8.8,supported,2021-01-05T18:03:08Z,\N,2021-01-05T18:03:08Z,\N,1,assert
acme:product_model:v0048-har-00864-hardware~b69921ff4e5e,product_model,v0048,har-00864,hardware,Tanaka hardware 864,15.7,supported,2021-01-05T03:18:34Z,\N,2021-01-05T03:18:34Z,\N,1,assert
acme:product_model:v0116-ser-00868-service~2b195932969a,product_model,v0116,ser-00868,service,Kaminski service 868,15.8,supported,2021-01-05T11:21:59Z,\N,2021-01-05T11:21:59Z,\N,1,assert
acme:product_model:v0117-har-00873-hardware~1e073f330a68,product_model,v0117,har-00873,hardware,Kovac hardware 873,16.9,supported,2021-01-05T08:41:49Z,\N,2021-01-05T08:41:49Z,\N,1,assert
acme:product_model:v0064-har-00877-hardware~6993de281193,product_model,v0064,har-00877,hardware,Kaminski hardware 877,11.0,unsupported,2021-01-05T13:56:00Z,\N,2021-01-05T13:56:00Z,\N,1,assert
acme:product_model:v0095-sof-00881-software~7d1627fe851d,product_model,v0095,sof-00881,software,Jablonski software 881,19.0,supported,2021-01-05T21:57:10Z,\N,2021-01-05T21:57:10Z,\N,1,assert
acme:product_model:v0104-sof-00894-software~120839847c74,product_model,v0104,sof-00894,software,Silvestri software 894,2.1,supported,2021-01-05T02:43:18Z,\N,2021-01-05T02:43:18Z,\N,1,assert
acme:product_model:v0087-sof-00903-software~77b21e14701e,product_model,v0087,sof-00903,software,Oyelaran software 903,23.4,eol,2021-01-05T16:59:13Z,\N,2021-01-05T16:59:13Z,\N,1,assert
acme:product_model:v0113-sof-00908-software~b8a5b69d10e4,product_model,v0113,sof-00908,software,Kaminski software 908,13.11,supported,2021-01-05T23:05:48Z,\N,2021-01-05T23:05:48Z,\N,1,assert
acme:product_model:v0027-ser-00909-service~7f392154794b,product_model,v0027,ser-00909,service,Weiss service 909,13.0,supported,2021-01-05T09:11:37Z,\N,2021-01-05T09:11:37Z,\N,1,assert
acme:product_model:v0167-sof-00912-software~a4dc1d2807a2,product_model,v0167,sof-00912,software,Kovac software 912,8.2,supported,2021-01-05T04:10:15Z,\N,2021-01-05T04:10:15Z,\N,1,assert
acme:product_model:v0027-con-00913-consumable~fcfd3a3c20e6,product_model,v0027,con-00913,consumable,Ueda consumable 913,14.7,eol,2021-01-05T00:43:34Z,\N,2021-01-05T00:43:34Z,\N,1,assert
acme:product_model:v0158-har-00922-hardware~3c86ea634da1,product_model,v0158,har-00922,hardware,Oyelaran hardware 922,17.11,supported,2021-01-05T15:23:15Z,\N,2021-01-05T15:23:15Z,\N,1,assert
acme:product_model:v0005-ser-00927-service~486b4178d1a6,product_model,v0005,ser-00927,service,Pereira service 927,20.2,supported,2021-01-05T10:30:12Z,\N,2021-01-05T10:30:12Z,\N,1,assert
acme:product_model:v0057-sof-00929-software~b71e47952751,product_model,v0057,sof-00929,software,Chowdhury software 929,20.10,supported,2021-01-05T23:53:30Z,\N,2021-01-05T23:53:30Z,\N,1,assert
acme:product_model:v0104-ser-00936-service~6af70656e653,product_model,v0104,ser-00936,service,Chowdhury service 936,12.0,supported,2021-01-05T19:25:20Z,\N,2021-01-05T19:25:20Z,\N,1,assert
acme:product_model:v0006-sof-00943-software~04fc5ab19a27,product_model,v0006,sof-00943,software,Baptiste software 943,7.10,supported,2021-01-05T23:29:29Z,\N,2021-01-05T23:29:29Z,\N,1,assert
acme:product_model:v0150-har-00944-hardware~2e46761d6604,product_model,v0150,har-00944,hardware,Schneider hardware 944,4.10,supported,2021-01-05T14:20:56Z,\N,2021-01-05T14:20:56Z,\N,1,assert
acme:product_model:v0068-sof-00945-software~766522eacded,product_model,v0068,sof-00945,software,Chowdhury software 945,7.1,eol,2021-01-05T01:04:39Z,\N,2021-01-05T01:04:39Z,\N,1,assert
acme:product_model:v0171-sof-00955-software~e7f5a560fa95,product_model,v0171,sof-00955,software,Weiss software 955,19.0,unsupported,2021-01-05T00:01:03Z,\N,2021-01-05T00:01:03Z,\N,1,assert
acme:product_model:v0031-sof-00957-software~69280b403a7e,product_model,v0031,sof-00957,software,Pereira software 957,5.5,supported,2021-01-05T23:26:29Z,\N,2021-01-05T23:26:29Z,\N,1,assert
acme:product_model:v0062-sof-00963-software~8ae7a3224845,product_model,v0062,sof-00963,software,Eberhardt software 963,4.7,eol,2021-01-05T09:33:06Z,\N,2021-01-05T09:33:06Z,\N,1,assert
acme:product_model:v0079-sof-00967-software~df3f29b0a1a6,product_model,v0079,sof-00967,software,Yilmaz software 967,22.10,supported,2021-01-05T00:58:53Z,\N,2021-01-05T00:58:53Z,\N,1,assert
acme:product_model:v0176-ser-00972-service~e1badecfdabb,product_model,v0176,ser-00972,service,Bergstrom service 972,23.1,supported,2021-01-05T22:17:07Z,\N,2021-01-05T22:17:07Z,\N,1,assert
acme:product_model:v0098-sof-00973-software~80aa0ba2b78f,product_model,v0098,sof-00973,software,Thorsen software 973,6.0,supported,2021-01-05T02:47:39Z,\N,2021-01-05T02:47:39Z,\N,1,assert
acme:product_model:v0117-har-00975-hardware~9766a5e51f3c,product_model,v0117,har-00975,hardware,Castellanos hardware 975,17.11,supported,2021-01-05T03:17:38Z,\N,2021-01-05T03:17:38Z,\N,1,assert
acme:product_model:v0138-har-00983-hardware~55df28282c46,product_model,v0138,har-00983,hardware,Fontaine hardware 983,23.8,supported,2021-01-05T01:38:16Z,\N,2021-01-05T01:38:16Z,\N,1,assert
acme:product_model:v0161-ser-00989-service~e8c1f38749af,product_model,v0161,ser-00989,service,Weiss service 989,13.8,eol,2021-01-05T09:51:26Z,\N,2021-01-05T09:51:26Z,\N,1,assert
acme:product_model:v0006-har-00991-hardware~d74ab922d99e,product_model,v0006,har-00991,hardware,Fontaine hardware 991,10.1,supported,2021-01-05T05:39:31Z,\N,2021-01-05T05:39:31Z,\N,1,assert
acme:product_model:v0054-sof-00994-software~902699bab576,product_model,v0054,sof-00994,software,Ivanova software 994,21.0,supported,2021-01-05T00:43:03Z,\N,2021-01-05T00:43:03Z,\N,1,assert
acme:product_model:v0072-har-00995-hardware~01fd569c70b7,product_model,v0072,har-00995,hardware,Lindqvist hardware 995,4.2,supported,2021-01-05T20:09:54Z,\N,2021-01-05T20:09:54Z,\N,1,assert
acme:product_model:v0152-sof-00997-software~7cc4edfe6261,product_model,v0152,sof-00997,software,Castellanos software 997,7.2,unknown,2021-01-05T19:44:59Z,\N,2021-01-05T19:44:59Z,\N,1,assert
acme:product_model:v0134-ser-01000-service~46a6d9b28d61,product_model,v0134,ser-01000,service,Kovac service 1000,12.2,supported,2021-01-05T14:17:18Z,\N,2021-01-05T14:17:18Z,\N,1,assert
acme:product_model:v0164-har-01007-hardware~e554601fa1f4,product_model,v0164,har-01007,hardware,Castellanos hardware 1007,13.10,supported,2021-01-05T23:48:25Z,\N,2021-01-05T23:48:25Z,\N,1,assert
acme:product_model:v0040-har-01008-hardware~f9ca47f29de3,product_model,v0040,har-01008,hardware,Abbott hardware 1008,13.3,supported,2021-01-05T16:59:51Z,\N,2021-01-05T16:59:51Z,\N,1,assert
acme:product_model:v0007-ser-01015-service~0bb1f10fc37d,product_model,v0007,ser-01015,service,Tanaka service 1015,8.9,supported,2021-01-05T18:00:08Z,\N,2021-01-05T18:00:08Z,\N,1,assert
acme:product_model:v0130-sof-01017-software~f58ccfcb4676,product_model,v0130,sof-01017,software,Kaminski software 1017,8.11,supported,2021-01-05T01:16:38Z,\N,2021-01-05T01:16:38Z,\N,1,assert
acme:product_model:v0099-ser-01019-service~49f0a5b110ca,product_model,v0099,ser-01019,service,Gundersen service 1019,14.11,supported,2021-01-05T22:24:41Z,\N,2021-01-05T22:24:41Z,\N,1,assert
acme:product_model:v0060-sof-01021-software~a3263b8643d5,product_model,v0060,sof-01021,software,Fontaine software 1021,6.8,eol,2021-01-05T10:38:42Z,\N,2021-01-05T10:38:42Z,\N,1,assert
acme:product_model:v0068-sof-01024-software~c2224f7d37ec,product_model,v0068,sof-01024,software,Yilmaz software 1024,4.11,supported,2021-01-05T18:07:55Z,\N,2021-01-05T18:07:55Z,\N,1,assert
acme:product_model:v0095-sof-01025-software~aa908eb80f87,product_model,v0095,sof-01025,software,Yilmaz software 1025,6.10,eol,2021-01-05T11:20:07Z,\N,2021-01-05T11:20:07Z,\N,1,assert
acme:product_model:v0018-sof-01027-software~fa4dfb2ba8b3,product_model,v0018,sof-01027,software,Delacroix software 1027,11.2,unsupported,2021-01-05T20:11:00Z,\N,2021-01-05T20:11:00Z,\N,1,assert
acme:product_model:v0018-har-01030-hardware~5c3693925509,product_model,v0018,har-01030,hardware,Jablonski hardware 1030,19.2,supported,2021-01-05T21:49:32Z,\N,2021-01-05T21:49:32Z,\N,1,assert
acme:product_model:v0112-sof-01035-software~bab26bf9bbb6,product_model,v0112,sof-01035,software,Castellanos software 1035,5.10,eol,2021-01-05T11:09:55Z,\N,2021-01-05T11:09:55Z,\N,1,assert
acme:product_model:v0060-sof-01043-software~91f269e09544,product_model,v0060,sof-01043,software,Chowdhury software 1043,9.10,supported,2021-01-05T16:25:08Z,\N,2021-01-05T16:25:08Z,\N,1,assert
acme:product_model:v0043-ser-01046-service~b03e8369f07f,product_model,v0043,ser-01046,service,Gallagher service 1046,8.6,unsupported,2021-01-05T19:37:24Z,\N,2021-01-05T19:37:24Z,\N,1,assert
acme:product_model:v0009-sof-01047-software~dc942b7072b6,product_model,v0009,sof-01047,software,Baptiste software 1047,19.1,unsupported,2021-01-05T01:14:12Z,\N,2021-01-05T01:14:12Z,\N,1,assert
acme:product_model:v0033-sof-01050-software~00b1e4003e7c,product_model,v0033,sof-01050,software,Abbott software 1050,2.3,eol,2021-01-05T08:51:36Z,\N,2021-01-05T08:51:36Z,\N,1,assert
acme:product_model:v0093-sof-01062-software~59b9d9d341f3,product_model,v0093,sof-01062,software,Gallagher software 1062,9.10,supported,2021-01-05T20:32:08Z,\N,2021-01-05T20:32:08Z,\N,1,assert
acme:product_model:v0021-har-01068-hardware~7464161e856b,product_model,v0021,har-01068,hardware,Thorsen hardware 1068,5.2,eol,2021-01-05T04:10:05Z,\N,2021-01-05T04:10:05Z,\N,1,assert
acme:product_model:v0129-har-01069-hardware~7fc50cf75494,product_model,v0129,har-01069,hardware,Fontaine hardware 1069,1.3,supported,2021-01-05T05:38:12Z,\N,2021-01-05T05:38:12Z,\N,1,assert
acme:product_model:v0002-ser-01070-service~5d0549d115bf,product_model,v0002,ser-01070,service,Kovac service 1070,5.2,supported,2021-01-05T23:40:30Z,\N,2021-01-05T23:40:30Z,\N,1,assert
acme:product_model:v0000-sof-01076-software~4edd363ccdf0,product_model,v0000,sof-01076,software,Baptiste software 1076,23.11,unsupported,2021-01-05T12:28:08Z,\N,2021-01-05T12:28:08Z,\N,1,assert
acme:product_model:v0177-ser-01078-service~ebf44965b428,product_model,v0177,ser-01078,service,Ivanova service 1078,2.0,supported,2021-01-05T09:37:44Z,\N,2021-01-05T09:37:44Z,\N,1,assert
acme:product_model:v0061-ser-01085-service~f4aad8aa88f8,product_model,v0061,ser-01085,service,Delacroix service 1085,6.2,eol,2021-01-05T19:07:01Z,\N,2021-01-05T19:07:01Z,\N,1,assert
acme:product_model:v0067-har-01088-hardware~ef6980c6978a,product_model,v0067,har-01088,hardware,Lindqvist hardware 1088,18.2,supported,2021-01-05T18:15:28Z,\N,2021-01-05T18:15:28Z,\N,1,assert
acme:product_model:v0151-sof-01089-software~1cd8e50e5bab,product_model,v0151,sof-01089,software,Oyelaran software 1089,2.11,eol,2021-01-05T17:15:49Z,\N,2021-01-05T17:15:49Z,\N,1,assert
acme:product_model:v0002-sof-01101-software~d68c15599c22,product_model,v0002,sof-01101,software,Rasmussen software 1101,16.8,supported,2021-01-05T04:32:35Z,\N,2021-01-05T04:32:35Z,\N,1,assert
acme:product_model:v0140-sof-01116-software~0dd60ab523d4,product_model,v0140,sof-01116,software,Nakamura software 1116,19.8,supported,2021-01-05T21:52:52Z,\N,2021-01-05T21:52:52Z,\N,1,assert
acme:product_model:v0040-har-01129-hardware~0a2e6e61efd7,product_model,v0040,har-01129,hardware,Castellanos hardware 1129,15.2,supported,2021-01-05T02:23:07Z,\N,2021-01-05T02:23:07Z,\N,1,assert
acme:product_model:v0031-sof-01147-software~e56d312165e4,product_model,v0031,sof-01147,software,Tanaka software 1147,3.2,eol,2021-01-05T19:58:32Z,\N,2021-01-05T19:58:32Z,\N,1,assert
acme:product_model:v0036-sof-01149-software~507cd1bae16a,product_model,v0036,sof-01149,software,Castellanos software 1149,5.8,supported,2021-01-05T01:19:41Z,\N,2021-01-05T01:19:41Z,\N,1,assert
acme:product_model:v0143-sof-01150-software~e35c99ef8115,product_model,v0143,sof-01150,software,Fontaine software 1150,2.6,unsupported,2021-01-05T11:50:09Z,\N,2021-01-05T11:50:09Z,\N,1,assert
acme:product_model:v0112-sof-01154-software~ad3207033058,product_model,v0112,sof-01154,software,Vaughan software 1154,21.7,supported,2021-01-05T01:14:33Z,\N,2021-01-05T01:14:33Z,\N,1,assert
acme:product_model:v0035-sof-01161-software~a7194f74c821,product_model,v0035,sof-01161,software,Baptiste software 1161,15.8,supported,2021-01-05T21:26:39Z,\N,2021-01-05T21:26:39Z,\N,1,assert
acme:product_model:v0087-har-01174-hardware~db7b3b050aeb,product_model,v0087,har-01174,hardware,Vaughan hardware 1174,10.9,eol,2021-01-05T21:26:21Z,\N,2021-01-05T21:26:21Z,\N,1,assert
acme:product_model:v0134-sof-01180-software~467bb701a308,product_model,v0134,sof-01180,software,Nakamura software 1180,8.9,supported,2021-01-05T01:07:39Z,\N,2021-01-05T01:07:39Z,\N,1,assert
acme:product_model:v0104-sof-01181-software~0d41f142c9db,product_model,v0104,sof-01181,software,Schneider software 1181,13.2,unsupported,2021-01-05T12:22:13Z,\N,2021-01-05T12:22:13Z,\N,1,assert
acme:product_model:v0117-ser-01184-service~39c72bb0e744,product_model,v0117,ser-01184,service,Kaminski service 1184,16.10,supported,2021-01-05T12:53:11Z,\N,2021-01-05T12:53:11Z,\N,1,assert
acme:product_model:v0071-sof-01189-software~190844c8f4ad,product_model,v0071,sof-01189,software,Wagner software 1189,7.6,supported,2021-01-05T11:34:40Z,\N,2021-01-05T11:34:40Z,\N,1,assert
acme:product_model:v0065-har-01190-hardware~89271e87ee20,product_model,v0065,har-01190,hardware,Thorsen hardware 1190,19.1,eol,2021-01-05T03:27:43Z,\N,2021-01-05T03:27:43Z,\N,1,assert
acme:product_model:v0132-sof-01202-software~b432cc4d7075,product_model,v0132,sof-01202,software,Novak software 1202,13.6,supported,2021-01-05T14:28:18Z,\N,2021-01-05T14:28:18Z,\N,1,assert
acme:product_model:v0109-sof-01204-software~ab9e98d5c902,product_model,v0109,sof-01204,software,Gallagher software 1204,3.1,supported,2021-01-05T02:08:03Z,\N,2021-01-05T02:08:03Z,\N,1,assert
acme:product_model:v0117-sof-01205-software~c152d6f44017,product_model,v0117,sof-01205,software,Marchetti software 1205,18.6,unsupported,2021-01-05T05:11:20Z,\N,2021-01-05T05:11:20Z,\N,1,assert
acme:product_model:v0010-ser-01207-service~4c0549223eb0,product_model,v0010,ser-01207,service,Nakamura service 1207,13.5,supported,2021-01-05T15:12:34Z,\N,2021-01-05T15:12:34Z,\N,1,assert
acme:product_model:v0093-sof-01215-software~0390e45f24f6,product_model,v0093,sof-01215,software,Gundersen software 1215,11.9,unsupported,2021-01-05T13:29:39Z,\N,2021-01-05T13:29:39Z,\N,1,assert
acme:product_model:v0011-har-01220-hardware~6ac051cf2a44,product_model,v0011,har-01220,hardware,Haddad hardware 1220,4.9,supported,2021-01-05T16:57:46Z,\N,2021-01-05T16:57:46Z,\N,1,assert
acme:product_model:v0024-sof-01221-software~3fbd7eaee0ba,product_model,v0024,sof-01221,software,Tanaka software 1221,20.4,unsupported,2021-01-05T03:49:42Z,\N,2021-01-05T03:49:42Z,\N,1,assert
acme:product_model:v0149-sof-01223-software~7f9f4ee0476b,product_model,v0149,sof-01223,software,Mbatha software 1223,8.4,unknown,2021-01-05T18:35:20Z,\N,2021-01-05T18:35:20Z,\N,1,assert
acme:product_model:v0025-har-01225-hardware~e48a7b481523,product_model,v0025,har-01225,hardware,Mbatha hardware 1225,16.7,supported,2021-01-05T21:28:18Z,\N,2021-01-05T21:28:18Z,\N,1,assert
acme:product_model:v0046-sof-01229-software~45113dbaf68e,product_model,v0046,sof-01229,software,Tanaka software 1229,4.10,supported,2021-01-05T11:50:19Z,\N,2021-01-05T11:50:19Z,\N,1,assert
acme:product_model:v0025-sof-01234-software~1450d5af678c,product_model,v0025,sof-01234,software,Oyelaran software 1234,3.8,supported,2021-01-05T04:30:35Z,\N,2021-01-05T04:30:35Z,\N,1,assert
acme:product_model:v0104-har-01235-hardware~7970e440559a,product_model,v0104,har-01235,hardware,Kovac hardware 1235,1.3,supported,2021-01-05T15:22:08Z,\N,2021-01-05T15:22:08Z,\N,1,assert
acme:product_model:v0017-sof-01237-software~dc1375056b7f,product_model,v0017,sof-01237,software,Novak software 1237,18.4,supported,2021-01-05T18:04:21Z,\N,2021-01-05T18:04:21Z,\N,1,assert
acme:product_model:v0065-sof-01240-software~6ad4d122a766,product_model,v0065,sof-01240,software,Schneider software 1240,19.10,eol,2021-01-05T10:07:45Z,\N,2021-01-05T10:07:45Z,\N,1,assert
acme:product_model:v0139-con-01272-consumable~f95e5f573100,product_model,v0139,con-01272,consumable,Abbott consumable 1272,9.0,eol,2021-01-05T11:09:47Z,\N,2021-01-05T11:09:47Z,\N,1,assert
acme:product_model:v0176-har-01273-hardware~e83a54fbd7e1,product_model,v0176,har-01273,hardware,Fontaine hardware 1273,2.0,supported,2021-01-05T07:53:14Z,\N,2021-01-05T07:53:14Z,\N,1,assert
acme:product_model:v0074-sof-01274-software~ddf3eb703cf9,product_model,v0074,sof-01274,software,Ivanova software 1274,9.5,unknown,2021-01-05T10:13:51Z,\N,2021-01-05T10:13:51Z,\N,1,assert
acme:product_model:v0166-ser-01275-service~f25a8f9fb81f,product_model,v0166,ser-01275,service,Mbatha service 1275,6.9,supported,2021-01-05T18:22:23Z,\N,2021-01-05T18:22:23Z,\N,1,assert
acme:product_model:v0054-sof-01278-software~8459b7e227f8,product_model,v0054,sof-01278,software,Ueda software 1278,2.11,supported,2021-01-05T03:50:07Z,\N,2021-01-05T03:50:07Z,\N,1,assert
acme:product_model:v0060-sof-01284-software~c7470261de4f,product_model,v0060,sof-01284,software,Ueda software 1284,14.9,supported,2021-01-05T00:31:59Z,\N,2021-01-05T00:31:59Z,\N,1,assert
acme:product_model:v0040-har-01289-hardware~b6b5632bc19f,product_model,v0040,har-01289,hardware,Marchetti hardware 1289,16.1,eol,2021-01-05T04:42:16Z,\N,2021-01-05T04:42:16Z,\N,1,assert
acme:product_model:v0055-sof-01295-software~811c39715d79,product_model,v0055,sof-01295,software,Tanaka software 1295,8.0,supported,2021-01-05T04:13:23Z,\N,2021-01-05T04:13:23Z,\N,1,assert
acme:product_model:v0074-har-01296-hardware~18d8dfe7413c,product_model,v0074,har-01296,hardware,Pereira hardware 1296,21.11,eol,2021-01-05T08:27:43Z,\N,2021-01-05T08:27:43Z,\N,1,assert
acme:product_model:v0043-sof-01299-software~a603da675ce4,product_model,v0043,sof-01299,software,Eberhardt software 1299,1.3,supported,2021-01-05T19:59:57Z,\N,2021-01-05T19:59:57Z,\N,1,assert
acme:product_model:v0138-sof-01316-software~664fdac5b4ab,product_model,v0138,sof-01316,software,Baptiste software 1316,8.7,supported,2021-01-05T00:08:55Z,\N,2021-01-05T00:08:55Z,\N,1,assert
acme:product_model:v0034-sof-01318-software~2256aec6702d,product_model,v0034,sof-01318,software,Haddad software 1318,12.5,eol,2021-01-05T11:20:45Z,\N,2021-01-05T11:20:45Z,\N,1,assert
acme:product_model:v0067-sof-01323-software~7808e1cdcd23,product_model,v0067,sof-01323,software,Castellanos software 1323,8.9,supported,2021-01-05T17:53:28Z,\N,2021-01-05T17:53:28Z,\N,1,assert
acme:product_model:v0142-har-01330-hardware~7ec21b264404,product_model,v0142,har-01330,hardware,Jablonski hardware 1330,16.4,eol,2021-01-05T20:16:03Z,\N,2021-01-05T20:16:03Z,\N,1,assert
acme:product_model:v0062-ser-01340-service~2490101c456f,product_model,v0062,ser-01340,service,Quintero service 1340,21.10,unsupported,2021-01-05T07:57:30Z,\N,2021-01-05T07:57:30Z,\N,1,assert
acme:product_model:v0007-sof-01349-software~5b0bb65af61e,product_model,v0007,sof-01349,software,Santos software 1349,19.7,eol,2021-01-05T17:18:54Z,\N,2021-01-05T17:18:54Z,\N,1,assert
acme:product_model:v0152-ser-01352-service~3f860832cb8b,product_model,v0152,ser-01352,service,Baptiste service 1352,22.6,supported,2021-01-05T19:31:40Z,\N,2021-01-05T19:31:40Z,\N,1,assert
acme:product_model:v0006-sof-01358-software~e233db7ee614,product_model,v0006,sof-01358,software,Gallagher software 1358,4.1,unknown,2021-01-05T13:49:37Z,\N,2021-01-05T13:49:37Z,\N,1,assert
acme:product_model:v0082-ser-01375-service~7bb4bac2dfa1,product_model,v0082,ser-01375,service,Novak service 1375,21.11,supported,2021-01-05T17:03:02Z,\N,2021-01-05T17:03:02Z,\N,1,assert
acme:product_model:v0100-sof-01384-software~66a8f6ae4cc1,product_model,v0100,sof-01384,software,Nakamura software 1384,21.2,supported,2021-01-05T20:22:52Z,\N,2021-01-05T20:22:52Z,\N,1,assert
acme:product_model:v0014-har-01385-hardware~8817c745c0d4,product_model,v0014,har-01385,hardware,Wagner hardware 1385,22.9,eol,2021-01-05T17:22:02Z,\N,2021-01-05T17:22:02Z,\N,1,assert
acme:product_model:v0160-ser-01388-service~1637374b6501,product_model,v0160,ser-01388,service,Quintero service 1388,23.3,unsupported,2021-01-05T09:53:55Z,\N,2021-01-05T09:53:55Z,\N,1,assert
acme:product_model:v0015-sof-01390-software~7653db7411dc,product_model,v0015,sof-01390,software,Weiss software 1390,20.3,supported,2021-01-05T10:13:35Z,\N,2021-01-05T10:13:35Z,\N,1,assert
acme:product_model:v0124-sof-01396-software~70efd67ca7bd,product_model,v0124,sof-01396,software,Thorsen software 1396,3.10,eol,2021-01-05T09:46:22Z,\N,2021-01-05T09:46:22Z,\N,1,assert
acme:product_model:v0169-har-01404-hardware~654f12d8c4cd,product_model,v0169,har-01404,hardware,Haddad hardware 1404,17.10,supported,2021-01-05T15:41:19Z,\N,2021-01-05T15:41:19Z,\N,1,assert
acme:product_model:v0027-ser-01413-service~51f9ed9f1976,product_model,v0027,ser-01413,service,Delacroix service 1413,16.6,unsupported,2021-01-05T06:48:36Z,\N,2021-01-05T06:48:36Z,\N,1,assert
acme:product_model:v0103-sof-01414-software~0f8376e89a03,product_model,v0103,sof-01414,software,Delacroix software 1414,13.11,supported,2021-01-05T04:10:21Z,\N,2021-01-05T04:10:21Z,\N,1,assert
acme:product_model:v0077-sof-01416-software~6b7227fa912e,product_model,v0077,sof-01416,software,Novak software 1416,13.6,unsupported,2021-01-05T12:09:26Z,\N,2021-01-05T12:09:26Z,\N,1,assert
acme:product_model:v0159-har-01422-hardware~1761ef5eebbf,product_model,v0159,har-01422,hardware,Zhang hardware 1422,4.6,supported,2021-01-05T17:30:13Z,\N,2021-01-05T17:30:13Z,\N,1,assert
acme:product_model:v0154-sof-01426-software~f958cd0a381a,product_model,v0154,sof-01426,software,Weiss software 1426,23.5,eol,2021-01-05T04:43:42Z,\N,2021-01-05T04:43:42Z,\N,1,assert
acme:product_model:v0006-sof-01436-software~165ca26eac52,product_model,v0006,sof-01436,software,Baptiste software 1436,22.10,supported,2021-01-05T06:04:15Z,\N,2021-01-05T06:04:15Z,\N,1,assert
acme:product_model:v0036-con-01437-consumable~c93d1a99f3b3,product_model,v0036,con-01437,consumable,Tanaka consumable 1437,5.0,supported,2021-01-05T19:42:09Z,\N,2021-01-05T19:42:09Z,\N,1,assert
acme:product_model:v0018-sof-01442-software~55d39e3f4b98,product_model,v0018,sof-01442,software,Mbatha software 1442,9.1,unsupported,2021-01-05T13:26:01Z,\N,2021-01-05T13:26:01Z,\N,1,assert
acme:product_model:v0057-har-01445-hardware~02d2cdcc0545,product_model,v0057,har-01445,hardware,Ueda hardware 1445,7.1,supported,2021-01-05T17:23:08Z,\N,2021-01-05T17:23:08Z,\N,1,assert
acme:product_model:v0104-con-01447-consumable~1f5134c49aa7,product_model,v0104,con-01447,consumable,Castellanos consumable 1447,12.3,supported,2021-01-05T09:19:10Z,\N,2021-01-05T09:19:10Z,\N,1,assert
acme:product_model:v0087-sof-01448-software~9a1e5e1d5579,product_model,v0087,sof-01448,software,Mbatha software 1448,9.8,supported,2021-01-05T22:06:30Z,\N,2021-01-05T22:06:30Z,\N,1,assert
acme:product_model:v0041-sof-01451-software~0fd72adb739a,product_model,v0041,sof-01451,software,Weiss software 1451,5.8,unsupported,2021-01-05T09:44:30Z,\N,2021-01-05T09:44:30Z,\N,1,assert
acme:product_model:v0157-sof-01452-software~292df0ab779f,product_model,v0157,sof-01452,software,Kovac software 1452,9.0,eol,2021-01-05T08:24:58Z,\N,2021-01-05T08:24:58Z,\N,1,assert
acme:product_model:v0065-sof-01465-software~d7ee648e2a12,product_model,v0065,sof-01465,software,Okonkwo software 1465,1.11,eol,2021-01-05T23:36:33Z,\N,2021-01-05T23:36:33Z,\N,1,assert
acme:product_model:v0117-sof-01467-software~f94086146405,product_model,v0117,sof-01467,software,Fontaine software 1467,12.7,eol,2021-01-05T02:51:19Z,\N,2021-01-05T02:51:19Z,\N,1,assert
acme:product_model:v0158-har-01468-hardware~8177249c7c3c,product_model,v0158,har-01468,hardware,Baptiste hardware 1468,21.2,supported,2021-01-05T14:01:49Z,\N,2021-01-05T14:01:49Z,\N,1,assert
acme:product_model:v0070-ser-01469-service~6efd82c14de9,product_model,v0070,ser-01469,service,Wagner service 1469,4.1,supported,2021-01-05T01:13:08Z,\N,2021-01-05T01:13:08Z,\N,1,assert
acme:product_model:v0158-sof-01474-software~fccced5a4435,product_model,v0158,sof-01474,software,Abbott software 1474,14.11,supported,2021-01-05T11:23:05Z,\N,2021-01-05T11:23:05Z,\N,1,assert
acme:product_model:v0121-har-01477-hardware~5557f797ec8f,product_model,v0121,har-01477,hardware,Bergstrom hardware 1477,10.1,eol,2021-01-05T21:53:42Z,\N,2021-01-05T21:53:42Z,\N,1,assert
acme:product_model:v0019-sof-01482-software~b671dbc4ce12,product_model,v0019,sof-01482,software,Zhang software 1482,2.8,supported,2021-01-05T21:58:51Z,\N,2021-01-05T21:58:51Z,\N,1,assert
acme:product_model:v0121-sof-01495-software~6f745f0c43d5,product_model,v0121,sof-01495,software,Wagner software 1495,13.3,eol,2021-01-05T07:57:53Z,\N,2021-01-05T07:57:53Z,\N,1,assert
acme:product_model:v0134-con-01499-consumable~d94d06c9c2e3,product_model,v0134,con-01499,consumable,Gundersen consumable 1499,23.8,supported,2021-01-05T03:07:38Z,\N,2021-01-05T03:07:38Z,\N,1,assert
acme:product_model:v0176-con-01500-consumable~d94ebe92bcc4,product_model,v0176,con-01500,consumable,Yilmaz consumable 1500,1.7,supported,2021-01-05T11:50:27Z,\N,2021-01-05T11:50:27Z,\N,1,assert
acme:product_model:v0030-sof-01507-software~d58411bada46,product_model,v0030,sof-01507,software,Mbatha software 1507,6.2,unknown,2021-01-05T01:53:50Z,\N,2021-01-05T01:53:50Z,\N,1,assert
acme:product_model:v0014-sof-01509-software~74109f698f89,product_model,v0014,sof-01509,software,Baptiste software 1509,18.10,supported,2021-01-05T13:10:24Z,\N,2021-01-05T13:10:24Z,\N,1,assert
acme:product_model:v0032-sof-01517-software~2ce8285742cd,product_model,v0032,sof-01517,software,Weiss software 1517,1.1,unsupported,2021-01-05T22:55:59Z,\N,2021-01-05T22:55:59Z,\N,1,assert
acme:product_model:v0076-sof-01518-software~212317359ba9,product_model,v0076,sof-01518,software,Mbatha software 1518,22.11,eol,2021-01-05T05:51:58Z,\N,2021-01-05T05:51:58Z,\N,1,assert
acme:product_model:v0103-sof-01528-software~6a52cdab72d3,product_model,v0103,sof-01528,software,Eberhardt software 1528,8.3,supported,2021-01-05T23:30:56Z,\N,2021-01-05T23:30:56Z,\N,1,assert
acme:product_model:v0144-ser-01529-service~323b142539c4,product_model,v0144,ser-01529,service,Gallagher service 1529,8.5,supported,2021-01-05T01:02:57Z,\N,2021-01-05T01:02:57Z,\N,1,assert
acme:product_model:v0133-sof-01531-software~4b2b26ceeb78,product_model,v0133,sof-01531,software,Jablonski software 1531,2.6,supported,2021-01-05T08:08:29Z,\N,2021-01-05T08:08:29Z,\N,1,assert
acme:product_model:v0033-sof-01534-software~3f4d23141f91,product_model,v0033,sof-01534,software,Chowdhury software 1534,8.2,supported,2021-01-05T09:28:11Z,\N,2021-01-05T09:28:11Z,\N,1,assert
acme:product_model:v0120-sof-01539-software~8bb2729fa129,product_model,v0120,sof-01539,software,Vaughan software 1539,5.7,supported,2021-01-05T15:33:23Z,\N,2021-01-05T15:33:23Z,\N,1,assert
acme:product_model:v0134-ser-01549-service~7c6ad94ee8f6,product_model,v0134,ser-01549,service,Nakamura service 1549,15.5,eol,2021-01-05T13:32:31Z,\N,2021-01-05T13:32:31Z,\N,1,assert
acme:product_model:v0044-sof-01552-software~d79b98947e3e,product_model,v0044,sof-01552,software,Zhang software 1552,18.8,unknown,2021-01-05T00:25:15Z,\N,2021-01-05T00:25:15Z,\N,1,assert
acme:product_model:v0075-sof-01566-software~4ecfa57bc4f7,product_model,v0075,sof-01566,software,Schneider software 1566,12.9,unsupported,2021-01-05T20:32:16Z,\N,2021-01-05T20:32:16Z,\N,1,assert
acme:product_model:v0134-sof-01572-software~65d8dd33ddad,product_model,v0134,sof-01572,software,Thorsen software 1572,12.2,unsupported,2021-01-05T00:27:03Z,\N,2021-01-05T00:27:03Z,\N,1,assert
acme:product_model:v0130-sof-01584-software~c3e339f7fd2d,product_model,v0130,sof-01584,software,Lindqvist software 1584,7.4,unknown,2021-01-05T05:11:23Z,\N,2021-01-05T05:11:23Z,\N,1,assert
acme:product_model:v0148-sof-01601-software~8e9636211e6c,product_model,v0148,sof-01601,software,Nakamura software 1601,19.10,supported,2021-01-05T19:20:45Z,\N,2021-01-05T19:20:45Z,\N,1,assert
acme:product_model:v0065-sof-01603-software~745c56f6eb07,product_model,v0065,sof-01603,software,Kaminski software 1603,12.0,supported,2021-01-05T01:11:16Z,\N,2021-01-05T01:11:16Z,\N,1,assert
acme:product_model:v0100-sof-01609-software~150a6a055922,product_model,v0100,sof-01609,software,Gundersen software 1609,2.7,supported,2021-01-05T11:08:34Z,\N,2021-01-05T11:08:34Z,\N,1,assert
acme:product_model:v0031-ser-01611-service~a5614f2e1a2f,product_model,v0031,ser-01611,service,Castellanos service 1611,3.7,supported,2021-01-05T22:55:05Z,\N,2021-01-05T22:55:05Z,\N,1,assert
acme:product_model:v0044-har-01621-hardware~9ae83f996fca,product_model,v0044,har-01621,hardware,Chowdhury hardware 1621,3.5,supported,2021-01-05T14:16:35Z,\N,2021-01-05T14:16:35Z,\N,1,assert
acme:product_model:v0006-con-01634-consumable~00d340674a8a,product_model,v0006,con-01634,consumable,Silvestri consumable 1634,20.5,supported,2021-01-05T02:42:18Z,\N,2021-01-05T02:42:18Z,\N,1,assert
acme:product_model:v0064-har-01642-hardware~cedcc862645f,product_model,v0064,har-01642,hardware,Thorsen hardware 1642,17.5,unsupported,2021-01-05T04:08:41Z,\N,2021-01-05T04:08:41Z,\N,1,assert
acme:product_model:v0018-sof-01643-software~839e01e2972e,product_model,v0018,sof-01643,software,Silvestri software 1643,10.0,unsupported,2021-01-05T07:52:03Z,\N,2021-01-05T07:52:03Z,\N,1,assert
acme:product_model:v0116-con-01644-consumable~baf32fa68295,product_model,v0116,con-01644,consumable,Jablonski consumable 1644,6.7,supported,2021-01-05T15:45:09Z,\N,2021-01-05T15:45:09Z,\N,1,assert
acme:product_model:v0030-sof-01650-software~7e015caafadb,product_model,v0030,sof-01650,software,Castellanos software 1650,14.2,eol,2021-01-05T23:41:04Z,\N,2021-01-05T23:41:04Z,\N,1,assert
acme:product_model:v0154-sof-01651-software~eebfe74a568c,product_model,v0154,sof-01651,software,Quintero software 1651,4.9,supported,2021-01-05T01:10:35Z,\N,2021-01-05T01:10:35Z,\N,1,assert
acme:product_model:v0019-sof-01659-software~33d33656e79a,product_model,v0019,sof-01659,software,Jablonski software 1659,4.5,supported,2021-01-05T12:02:47Z,\N,2021-01-05T12:02:47Z,\N,1,assert
acme:product_model:v0133-sof-01667-software~cb0dfc847def,product_model,v0133,sof-01667,software,Delacroix software 1667,3.0,eol,2021-01-05T05:52:29Z,\N,2021-01-05T05:52:29Z,\N,1,assert
acme:product_model:v0071-ser-01668-service~99df43b0ae8b,product_model,v0071,ser-01668,service,Thorsen service 1668,16.4,supported,2021-01-05T10:34:49Z,\N,2021-01-05T10:34:49Z,\N,1,assert
acme:product_model:v0019-sof-01673-software~a74e73a023e7,product_model,v0019,sof-01673,software,Zhang software 1673,14.6,unknown,2021-01-05T15:55:57Z,\N,2021-01-05T15:55:57Z,\N,1,assert
acme:product_model:v0173-sof-01679-software~b88bf180c35e,product_model,v0173,sof-01679,software,Abbott software 1679,21.5,eol,2021-01-05T15:53:58Z,\N,2021-01-05T15:53:58Z,\N,1,assert
acme:product_model:v0079-sof-01683-software~ced79eabe7eb,product_model,v0079,sof-01683,software,Kovac software 1683,6.6,unsupported,2021-01-05T22:34:12Z,\N,2021-01-05T22:34:12Z,\N,1,assert
acme:product_model:v0152-har-01684-hardware~a57e158f7c21,product_model,v0152,har-01684,hardware,Kaminski hardware 1684,14.11,supported,2021-01-05T14:46:59Z,\N,2021-01-05T14:46:59Z,\N,1,assert
acme:product_model:v0140-con-01689-consumable~c3cd720b44fd,product_model,v0140,con-01689,consumable,Mbatha consumable 1689,14.0,eol,2021-01-05T10:04:41Z,\N,2021-01-05T10:04:41Z,\N,1,assert
acme:product_model:v0088-har-01693-hardware~fd7576d23c2d,product_model,v0088,har-01693,hardware,Weiss hardware 1693,1.2,supported,2021-01-05T11:43:06Z,\N,2021-01-05T11:43:06Z,\N,1,assert
acme:product_model:v0033-con-01700-consumable~9425cb8c5c53,product_model,v0033,con-01700,consumable,Tanaka consumable 1700,11.6,unsupported,2021-01-05T22:52:10Z,\N,2021-01-05T22:52:10Z,\N,1,assert
acme:product_model:v0021-sof-01710-software~a8dff5eabf22,product_model,v0021,sof-01710,software,Silvestri software 1710,7.4,supported,2021-01-05T22:18:40Z,\N,2021-01-05T22:18:40Z,\N,1,assert
acme:product_model:v0143-sof-01711-software~c83dcd101d11,product_model,v0143,sof-01711,software,Oyelaran software 1711,1.7,supported,2021-01-05T07:36:26Z,\N,2021-01-05T07:36:26Z,\N,1,assert
acme:product_model:v0077-sof-01714-software~b1fa1864494f,product_model,v0077,sof-01714,software,Mbatha software 1714,9.9,supported,2021-01-05T17:45:45Z,\N,2021-01-05T17:45:45Z,\N,1,assert
acme:product_model:v0144-sof-01720-software~d18e61b39596,product_model,v0144,sof-01720,software,Ueda software 1720,1.5,supported,2021-01-05T16:18:52Z,\N,2021-01-05T16:18:52Z,\N,1,assert
acme:product_model:v0014-sof-01727-software~42ad5d1f8472,product_model,v0014,sof-01727,software,Wagner software 1727,7.2,unsupported,2021-01-05T19:14:01Z,\N,2021-01-05T19:14:01Z,\N,1,assert
acme:product_model:v0067-sof-01738-software~290d83b5cc9b,product_model,v0067,sof-01738,software,Kaminski software 1738,15.9,supported,2021-01-05T10:02:03Z,\N,2021-01-05T10:02:03Z,\N,1,assert
acme:product_model:v0006-sof-01745-software~45b26ea8cad3,product_model,v0006,sof-01745,software,Weiss software 1745,18.3,eol,2021-01-05T20:45:34Z,\N,2021-01-05T20:45:34Z,\N,1,assert
acme:product_model:v0072-ser-01754-service~215979183f7e,product_model,v0072,ser-01754,service,Marchetti service 1754,12.9,supported,2021-01-05T15:30:29Z,\N,2021-01-05T15:30:29Z,\N,1,assert
acme:product_model:v0069-sof-01756-software~7d84ca2c6865,product_model,v0069,sof-01756,software,Pereira software 1756,9.9,eol,2021-01-05T16:29:37Z,\N,2021-01-05T16:29:37Z,\N,1,assert
acme:product_model:v0171-sof-01761-software~2796cb433515,product_model,v0171,sof-01761,software,Vaughan software 1761,22.8,unsupported,2021-01-05T17:39:11Z,\N,2021-01-05T17:39:11Z,\N,1,assert
acme:product_model:v0035-ser-01765-service~bf75b19cc315,product_model,v0035,ser-01765,service,Jablonski service 1765,6.3,eol,2021-01-05T13:37:12Z,\N,2021-01-05T13:37:12Z,\N,1,assert
acme:product_model:v0117-sof-01771-software~03ce1c2a6030,product_model,v0117,sof-01771,software,Thorsen software 1771,3.0,supported,2021-01-05T18:18:49Z,\N,2021-01-05T18:18:49Z,\N,1,assert
acme:product_model:v0046-sof-01782-software~8f8c5c3eac4a,product_model,v0046,sof-01782,software,Abbott software 1782,12.1,eol,2021-01-05T10:53:51Z,\N,2021-01-05T10:53:51Z,\N,1,assert
acme:product_model:v0082-har-01783-hardware~db03b8399673,product_model,v0082,har-01783,hardware,Castellanos hardware 1783,9.6,unsupported,2021-01-05T10:20:57Z,\N,2021-01-05T10:20:57Z,\N,1,assert
acme:product_model:v0171-sof-01786-software~d1223ceee09c,product_model,v0171,sof-01786,software,Haddad software 1786,14.9,supported,2021-01-05T17:22:29Z,\N,2021-01-05T17:22:29Z,\N,1,assert
acme:product_model:v0115-sof-01791-software~0293ecfd9b1d,product_model,v0115,sof-01791,software,Chowdhury software 1791,11.9,unsupported,2021-01-05T14:49:22Z,\N,2021-01-05T14:49:22Z,\N,1,assert
acme:product_model:v0149-har-01800-hardware~4c00495bf446,product_model,v0149,har-01800,hardware,Schneider hardware 1800,23.5,eol,2021-01-05T05:13:32Z,\N,2021-01-05T05:13:32Z,\N,1,assert
acme:product_model:v0087-sof-01802-software~48a7b3f8d736,product_model,v0087,sof-01802,software,Jablonski software 1802,16.11,supported,2021-01-05T17:35:45Z,\N,2021-01-05T17:35:45Z,\N,1,assert
acme:product_model:v0158-sof-01806-software~b5c983dbcf21,product_model,v0158,sof-01806,software,Thorsen software 1806,15.6,supported,2021-01-05T04:01:52Z,\N,2021-01-05T04:01:52Z,\N,1,assert
acme:product_model:v0147-har-01811-hardware~66ac19e3a5e4,product_model,v0147,har-01811,hardware,Baptiste hardware 1811,18.11,supported,2021-01-05T21:27:57Z,\N,2021-01-05T21:27:57Z,\N,1,assert
acme:product_model:v0050-sof-01814-software~3e8dba7d08b5,product_model,v0050,sof-01814,software,Lindqvist software 1814,1.7,eol,2021-01-05T17:36:07Z,\N,2021-01-05T17:36:07Z,\N,1,assert
acme:product_model:v0002-sof-01821-software~10aa75083134,product_model,v0002,sof-01821,software,Marchetti software 1821,12.2,supported,2021-01-05T00:28:30Z,\N,2021-01-05T00:28:30Z,\N,1,assert
acme:product_model:v0103-ser-01826-service~69f396c63e56,product_model,v0103,ser-01826,service,Santos service 1826,23.8,eol,2021-01-05T10:28:11Z,\N,2021-01-05T10:28:11Z,\N,1,assert
acme:product_model:v0130-sof-01840-software~397ac6a7a687,product_model,v0130,sof-01840,software,Fontaine software 1840,5.10,supported,2021-01-05T22:38:12Z,\N,2021-01-05T22:38:12Z,\N,1,assert
acme:product_model:v0171-ser-01843-service~8b2d3a749681,product_model,v0171,ser-01843,service,Yilmaz service 1843,18.5,unknown,2021-01-05T11:25:08Z,\N,2021-01-05T11:25:08Z,\N,1,assert
acme:product_model:v0076-sof-01845-software~06d0c4c51fcf,product_model,v0076,sof-01845,software,Chowdhury software 1845,23.8,supported,2021-01-05T09:38:05Z,\N,2021-01-05T09:38:05Z,\N,1,assert
acme:product_model:v0048-sof-01847-software~27d4beeec64c,product_model,v0048,sof-01847,software,Chowdhury software 1847,1.2,supported,2021-01-05T07:49:08Z,\N,2021-01-05T07:49:08Z,\N,1,assert
acme:product_model:v0129-sof-01852-software~6f6c4c8184cb,product_model,v0129,sof-01852,software,Gundersen software 1852,13.3,unknown,2021-01-05T11:24:42Z,\N,2021-01-05T11:24:42Z,\N,1,assert
acme:product_model:v0027-har-01857-hardware~7f50ba72c251,product_model,v0027,har-01857,hardware,Ueda hardware 1857,6.1,eol,2021-01-05T00:26:15Z,\N,2021-01-05T00:26:15Z,\N,1,assert
acme:product_model:v0139-sof-01861-software~432add5a7ade,product_model,v0139,sof-01861,software,Yilmaz software 1861,3.9,unsupported,2021-01-05T23:34:09Z,\N,2021-01-05T23:34:09Z,\N,1,assert
acme:product_model:v0168-har-01866-hardware~2684985fe9ea,product_model,v0168,har-01866,hardware,Zhang hardware 1866,14.1,supported,2021-01-05T22:07:17Z,\N,2021-01-05T22:07:17Z,\N,1,assert
acme:product_model:v0044-sof-01867-software~1b20060de7c6,product_model,v0044,sof-01867,software,Marchetti software 1867,17.5,supported,2021-01-05T18:59:26Z,\N,2021-01-05T18:59:26Z,\N,1,assert
acme:product_model:v0059-har-01871-hardware~e933dd149cdd,product_model,v0059,har-01871,hardware,Bergstrom hardware 1871,20.5,eol,2021-01-05T08:58:27Z,\N,2021-01-05T08:58:27Z,\N,1,assert
acme:product_model:v0134-har-01886-hardware~114ca1c3d307,product_model,v0134,har-01886,hardware,Ueda hardware 1886,16.9,supported,2021-01-05T10:41:17Z,\N,2021-01-05T10:41:17Z,\N,1,assert
acme:product_model:v0031-sof-01889-software~a9b73b84c0c1,product_model,v0031,sof-01889,software,Haddad software 1889,18.0,supported,2021-01-05T21:04:23Z,\N,2021-01-05T21:04:23Z,\N,1,assert
acme:product_model:v0178-sof-01896-software~1ceea3f5b80a,product_model,v0178,sof-01896,software,Silvestri software 1896,18.1,supported,2021-01-05T09:09:08Z,\N,2021-01-05T09:09:08Z,\N,1,assert
acme:product_model:v0088-sof-01900-software~2fbad0f04951,product_model,v0088,sof-01900,software,Abbott software 1900,15.6,supported,2021-01-05T02:52:04Z,\N,2021-01-05T02:52:04Z,\N,1,assert
acme:product_model:v0082-har-01903-hardware~e33e021e7e2d,product_model,v0082,har-01903,hardware,Ivanova hardware 1903,6.8,supported,2021-01-05T09:55:48Z,\N,2021-01-05T09:55:48Z,\N,1,assert
acme:product_model:v0097-har-01908-hardware~9f107c0d44d1,product_model,v0097,har-01908,hardware,Okonkwo hardware 1908,11.9,supported,2021-01-05T00:13:33Z,\N,2021-01-05T00:13:33Z,\N,1,assert
acme:product_model:v0170-ser-01912-service~08d6dd30c316,product_model,v0170,ser-01912,service,Gallagher service 1912,23.4,supported,2021-01-05T02:23:35Z,\N,2021-01-05T02:23:35Z,\N,1,assert
acme:product_model:v0048-sof-01919-software~52049c10c954,product_model,v0048,sof-01919,software,Silvestri software 1919,16.10,supported,2021-01-05T00:12:46Z,\N,2021-01-05T00:12:46Z,\N,1,assert
acme:product_model:v0027-sof-01921-software~bda9520c2112,product_model,v0027,sof-01921,software,Gundersen software 1921,12.2,eol,2021-01-05T09:29:55Z,\N,2021-01-05T09:29:55Z,\N,1,assert
acme:product_model:v0078-ser-01924-service~034b69c73fc3,product_model,v0078,ser-01924,service,Eberhardt service 1924,4.6,eol,2021-01-05T23:20:15Z,\N,2021-01-05T23:20:15Z,\N,1,assert
acme:product_model:v0032-ser-01941-service~b42039818aca,product_model,v0032,ser-01941,service,Thorsen service 1941,3.10,supported,2021-01-05T13:54:40Z,\N,2021-01-05T13:54:40Z,\N,1,assert
acme:product_model:v0088-har-01955-hardware~f479228d0d09,product_model,v0088,har-01955,hardware,Haddad hardware 1955,1.7,supported,2021-01-05T12:25:22Z,\N,2021-01-05T12:25:22Z,\N,1,assert
acme:product_model:v0099-sof-01961-software~faa8c703f163,product_model,v0099,sof-01961,software,Bergstrom software 1961,8.9,supported,2021-01-05T16:20:47Z,\N,2021-01-05T16:20:47Z,\N,1,assert
acme:product_model:v0158-har-01965-hardware~39ce2a31fd03,product_model,v0158,har-01965,hardware,Novak hardware 1965,21.3,supported,2021-01-05T02:46:50Z,\N,2021-01-05T02:46:50Z,\N,1,assert
acme:product_model:v0118-sof-01971-software~47b54b340eac,product_model,v0118,sof-01971,software,Eberhardt software 1971,11.9,supported,2021-01-05T09:37:47Z,\N,2021-01-05T09:37:47Z,\N,1,assert
acme:product_model:v0006-con-01972-consumable~34399d622c0e,product_model,v0006,con-01972,consumable,Kovac consumable 1972,20.3,supported,2021-01-05T08:52:11Z,\N,2021-01-05T08:52:11Z,\N,1,assert
acme:product_model:v0103-sof-01978-software~01a2699d34fc,product_model,v0103,sof-01978,software,Tanaka software 1978,16.6,unsupported,2021-01-05T04:14:24Z,\N,2021-01-05T04:14:24Z,\N,1,assert
acme:product_model:v0096-sof-01982-software~4925aa9a2e43,product_model,v0096,sof-01982,software,Lindqvist software 1982,8.11,supported,2021-01-05T20:23:45Z,\N,2021-01-05T20:23:45Z,\N,1,assert
acme:product_model:v0114-ser-01984-service~f2c273767524,product_model,v0114,ser-01984,service,Wagner service 1984,23.3,supported,2021-01-05T18:47:51Z,\N,2021-01-05T18:47:51Z,\N,1,assert
acme:product_model:v0064-sof-01990-software~bb6bef9fc4d7,product_model,v0064,sof-01990,software,Jablonski software 1990,6.1,eol,2021-01-05T03:54:42Z,\N,2021-01-05T03:54:42Z,\N,1,assert
acme:product_model:v0088-sof-01997-software~ab824f6e0370,product_model,v0088,sof-01997,software,Ueda software 1997,2.11,supported,2021-01-05T19:26:28Z,\N,2021-01-05T19:26:28Z,\N,1,assert
acme:product_model:v0041-har-01999-hardware~40a753f4e581,product_model,v0041,har-01999,hardware,Delacroix hardware 1999,1.10,unsupported,2021-01-05T15:58:39Z,\N,2021-01-05T15:58:39Z,\N,1,assert
acme:product_model:v0115-har-02008-hardware~8def2519f526,product_model,v0115,har-02008,hardware,Kaminski hardware 2008,16.7,supported,2021-01-05T23:31:20Z,\N,2021-01-05T23:31:20Z,\N,1,assert
acme:product_model:v0041-sof-02012-software~8f969c246312,product_model,v0041,sof-02012,software,Pereira software 2012,2.3,supported,2021-01-05T15:36:41Z,\N,2021-01-05T15:36:41Z,\N,1,assert
acme:product_model:v0029-ser-02017-service~b9e279ce0946,product_model,v0029,ser-02017,service,Baptiste service 2017,18.6,supported,2021-01-05T17:13:10Z,\N,2021-01-05T17:13:10Z,\N,1,assert
acme:product_model:v0071-sof-02018-software~a6e5f49a2e49,product_model,v0071,sof-02018,software,Santos software 2018,9.10,unsupported,2021-01-05T22:11:50Z,\N,2021-01-05T22:11:50Z,\N,1,assert
acme:product_model:v0043-sof-02031-software~4e9e207c84d6,product_model,v0043,sof-02031,software,Haddad software 2031,19.8,supported,2021-01-05T14:37:29Z,\N,2021-01-05T14:37:29Z,\N,1,assert
acme:product_model:v0116-sof-02038-software~6f57e26b4be3,product_model,v0116,sof-02038,software,Tanaka software 2038,23.4,unsupported,2021-01-05T10:37:30Z,\N,2021-01-05T10:37:30Z,\N,1,assert
acme:product_model:v0140-ser-02040-service~394e8b3540a5,product_model,v0140,ser-02040,service,Santos service 2040,4.5,supported,2021-01-05T16:58:28Z,\N,2021-01-05T16:58:28Z,\N,1,assert
acme:product_model:v0035-har-02043-hardware~e4f7f29a7cfa,product_model,v0035,har-02043,hardware,Silvestri hardware 2043,9.0,eol,2021-01-05T16:58:26Z,\N,2021-01-05T16:58:26Z,\N,1,assert
acme:product_model:v0114-sof-02046-software~d4ace2030485,product_model,v0114,sof-02046,software,Santos software 2046,12.3,supported,2021-01-05T11:46:38Z,\N,2021-01-05T11:46:38Z,\N,1,assert
acme:product_model:v0118-con-02047-consumable~ab7c59335e5a,product_model,v0118,con-02047,consumable,Jablonski consumable 2047,17.11,supported,2021-01-05T22:51:52Z,\N,2021-01-05T22:51:52Z,\N,1,assert
acme:product_model:v0153-sof-02050-software~4615b280031a,product_model,v0153,sof-02050,software,Gallagher software 2050,13.11,supported,2021-01-05T15:57:43Z,\N,2021-01-05T15:57:43Z,\N,1,assert
acme:product_model:v0097-har-02057-hardware~fece67134221,product_model,v0097,har-02057,hardware,Rasmussen hardware 2057,3.3,supported,2021-01-05T10:45:49Z,\N,2021-01-05T10:45:49Z,\N,1,assert
acme:product_model:v0000-con-02066-consumable~904602aa33a3,product_model,v0000,con-02066,consumable,Eberhardt consumable 2066,1.6,supported,2021-01-05T23:33:55Z,\N,2021-01-05T23:33:55Z,\N,1,assert
acme:product_model:v0072-sof-02081-software~36556c843c07,product_model,v0072,sof-02081,software,Wagner software 2081,16.3,unsupported,2021-01-05T17:05:39Z,\N,2021-01-05T17:05:39Z,\N,1,assert
acme:product_model:v0087-har-02084-hardware~8793518a6508,product_model,v0087,har-02084,hardware,Yilmaz hardware 2084,13.7,supported,2021-01-05T03:16:40Z,\N,2021-01-05T03:16:40Z,\N,1,assert
acme:product_model:v0069-sof-02085-software~54e671b2661c,product_model,v0069,sof-02085,software,Mbatha software 2085,5.3,unknown,2021-01-05T23:28:54Z,\N,2021-01-05T23:28:54Z,\N,1,assert
acme:product_model:v0097-con-02088-consumable~7df7225b3764,product_model,v0097,con-02088,consumable,Yilmaz consumable 2088,20.3,supported,2021-01-05T20:34:24Z,\N,2021-01-05T20:34:24Z,\N,1,assert
acme:product_model:v0126-sof-02090-software~f24c3a83cd0f,product_model,v0126,sof-02090,software,Abbott software 2090,16.1,supported,2021-01-05T10:06:49Z,\N,2021-01-05T10:06:49Z,\N,1,assert
acme:product_model:v0145-ser-02094-service~a58a0500bc59,product_model,v0145,ser-02094,service,Jablonski service 2094,7.2,supported,2021-01-05T12:20:07Z,\N,2021-01-05T12:20:07Z,\N,1,assert
acme:product_model:v0009-sof-02097-software~9c2f3d504274,product_model,v0009,sof-02097,software,Thorsen software 2097,1.5,supported,2021-01-05T21:17:03Z,\N,2021-01-05T21:17:03Z,\N,1,assert
acme:product_model:v0151-sof-02100-software~0be1bc57ebff,product_model,v0151,sof-02100,software,Okonkwo software 2100,2.2,eol,2021-01-05T16:48:41Z,\N,2021-01-05T16:48:41Z,\N,1,assert
acme:product_model:v0171-sof-02105-software~1c115bdb8b24,product_model,v0171,sof-02105,software,Ueda software 2105,5.0,supported,2021-01-05T12:14:05Z,\N,2021-01-05T12:14:05Z,\N,1,assert
acme:product_model:v0032-sof-02117-software~3d95008e3c57,product_model,v0032,sof-02117,software,Novak software 2117,10.5,eol,2021-01-05T23:07:51Z,\N,2021-01-05T23:07:51Z,\N,1,assert
acme:product_model:v0140-har-02118-hardware~96a631e5b510,product_model,v0140,har-02118,hardware,Bergstrom hardware 2118,9.7,supported,2021-01-05T22:43:29Z,\N,2021-01-05T22:43:29Z,\N,1,assert
acme:product_model:v0084-sof-02123-software~1443942689c1,product_model,v0084,sof-02123,software,Chowdhury software 2123,6.9,unsupported,2021-01-05T22:22:44Z,\N,2021-01-05T22:22:44Z,\N,1,assert
acme:product_model:v0145-sof-02124-software~bc85bbe5063f,product_model,v0145,sof-02124,software,Pereira software 2124,15.3,supported,2021-01-05T02:42:39Z,\N,2021-01-05T02:42:39Z,\N,1,assert
acme:product_model:v0038-ser-02127-service~c37afde7876f,product_model,v0038,ser-02127,service,Okonkwo service 2127,3.5,supported,2021-01-05T19:03:10Z,\N,2021-01-05T19:03:10Z,\N,1,assert
acme:product_model:v0009-sof-02131-software~fddeefedfe60,product_model,v0009,sof-02131,software,Oyelaran software 2131,23.4,unsupported,2021-01-05T15:17:39Z,\N,2021-01-05T15:17:39Z,\N,1,assert
acme:product_model:v0150-har-02145-hardware~0fbecb9d45af,product_model,v0150,har-02145,hardware,Novak hardware 2145,14.8,supported,2021-01-05T15:12:28Z,\N,2021-01-05T15:12:28Z,\N,1,assert
acme:product_model:v0076-sof-02157-software~315600cf813e,product_model,v0076,sof-02157,software,Quintero software 2157,5.2,supported,2021-01-05T22:08:46Z,\N,2021-01-05T22:08:46Z,\N,1,assert
acme:product_model:v0173-har-02163-hardware~aa80da49f559,product_model,v0173,har-02163,hardware,Pereira hardware 2163,22.3,supported,2021-01-05T22:39:45Z,\N,2021-01-05T22:39:45Z,\N,1,assert
acme:product_model:v0050-sof-02165-software~2802adcc170b,product_model,v0050,sof-02165,software,Kovac software 2165,10.1,unsupported,2021-01-05T02:55:09Z,\N,2021-01-05T02:55:09Z,\N,1,assert
acme:product_model:v0019-sof-02172-software~8c34d282fc5c,product_model,v0019,sof-02172,software,Thorsen software 2172,17.7,unsupported,2021-01-05T17:58:43Z,\N,2021-01-05T17:58:43Z,\N,1,assert
acme:product_model:v0151-sof-02176-software~2a99ba91ed7b,product_model,v0151,sof-02176,software,Okonkwo software 2176,6.7,supported,2021-01-05T09:05:31Z,\N,2021-01-05T09:05:31Z,\N,1,assert
acme:product_model:v0059-sof-02181-software~728b01070eef,product_model,v0059,sof-02181,software,Ivanova software 2181,1.4,supported,2021-01-05T18:09:20Z,\N,2021-01-05T18:09:20Z,\N,1,assert
acme:product_model:v0013-sof-02196-software~1ba3eec024fd,product_model,v0013,sof-02196,software,Weiss software 2196,2.9,supported,2021-01-05T17:05:08Z,\N,2021-01-05T17:05:08Z,\N,1,assert
acme:product_model:v0159-sof-02198-software~1b400a331076,product_model,v0159,sof-02198,software,Nakamura software 2198,6.10,supported,2021-01-05T13:03:36Z,\N,2021-01-05T13:03:36Z,\N,1,assert
acme:product_model:v0083-ser-02215-service~aeb9f8a9f471,product_model,v0083,ser-02215,service,Abbott service 2215,2.8,supported,2021-01-05T09:25:21Z,\N,2021-01-05T09:25:21Z,\N,1,assert
acme:product_model:v0082-har-02219-hardware~61347923ea97,product_model,v0082,har-02219,hardware,Tanaka hardware 2219,21.0,eol,2021-01-05T00:59:35Z,\N,2021-01-05T00:59:35Z,\N,1,assert
acme:product_model:v0057-ser-02222-service~8d2a07ba04a0,product_model,v0057,ser-02222,service,Kovac service 2222,6.3,eol,2021-01-05T04:39:20Z,\N,2021-01-05T04:39:20Z,\N,1,assert
acme:product_model:v0124-har-02223-hardware~7e8d4dcd6175,product_model,v0124,har-02223,hardware,Silvestri hardware 2223,16.9,unsupported,2021-01-05T02:04:58Z,\N,2021-01-05T02:04:58Z,\N,1,assert
acme:product_model:v0158-ser-02228-service~83626b12d70a,product_model,v0158,ser-02228,service,Tanaka service 2228,4.3,supported,2021-01-05T13:16:54Z,\N,2021-01-05T13:16:54Z,\N,1,assert
acme:product_model:v0036-sof-02239-software~396a5527521a,product_model,v0036,sof-02239,software,Chowdhury software 2239,11.2,supported,2021-01-05T00:41:36Z,\N,2021-01-05T00:41:36Z,\N,1,assert
acme:product_model:v0027-ser-02241-service~a0c66c8c0b45,product_model,v0027,ser-02241,service,Nakamura service 2241,18.5,supported,2021-01-05T08:20:18Z,\N,2021-01-05T08:20:18Z,\N,1,assert
acme:product_model:v0159-ser-02248-service~e04848fbe4f2,product_model,v0159,ser-02248,service,Kovac service 2248,16.8,unknown,2021-01-05T10:26:43Z,\N,2021-01-05T10:26:43Z,\N,1,assert
acme:product_model:v0017-sof-02257-software~d5683ccffb08,product_model,v0017,sof-02257,software,Weiss software 2257,16.9,supported,2021-01-05T15:59:23Z,\N,2021-01-05T15:59:23Z,\N,1,assert
acme:product_model:v0168-sof-02264-software~4d6ad71e5916,product_model,v0168,sof-02264,software,Weiss software 2264,8.11,supported,2021-01-05T17:34:45Z,\N,2021-01-05T17:34:45Z,\N,1,assert
acme:product_model:v0059-sof-02270-software~d87a6b80ea5c,product_model,v0059,sof-02270,software,Wagner software 2270,19.10,supported,2021-01-05T01:50:48Z,\N,2021-01-05T01:50:48Z,\N,1,assert
acme:product_model:v0030-sof-02286-software~7c25e41e0d4b,product_model,v0030,sof-02286,software,Abbott software 2286,6.1,supported,2021-01-05T08:00:35Z,\N,2021-01-05T08:00:35Z,\N,1,assert
acme:product_model:v0077-ser-02292-service~a2c35d0edbf3,product_model,v0077,ser-02292,service,Wagner service 2292,13.4,supported,2021-01-05T03:23:02Z,\N,2021-01-05T03:23:02Z,\N,1,assert
acme:product_model:v0173-har-02294-hardware~a28f9e94b7eb,product_model,v0173,har-02294,hardware,Weiss hardware 2294,7.10,supported,2021-01-05T17:49:36Z,\N,2021-01-05T17:49:36Z,\N,1,assert
acme:product_model:v0001-sof-02297-software~fdcb5c6ac0a5,product_model,v0001,sof-02297,software,Mbatha software 2297,23.1,supported,2021-01-05T00:11:38Z,\N,2021-01-05T00:11:38Z,\N,1,assert
acme:product_model:v0010-sof-02299-software~c3abfdbccb3b,product_model,v0010,sof-02299,software,Vaughan software 2299,1.5,unknown,2021-01-05T20:39:19Z,\N,2021-01-05T20:39:19Z,\N,1,assert
acme:product_model:v0119-sof-02304-software~d50054492ad0,product_model,v0119,sof-02304,software,Eberhardt software 2304,4.3,supported,2021-01-05T08:35:07Z,\N,2021-01-05T08:35:07Z,\N,1,assert
acme:product_model:v0032-har-02307-hardware~d34e3d0ca882,product_model,v0032,har-02307,hardware,Gundersen hardware 2307,14.5,supported,2021-01-05T01:31:32Z,\N,2021-01-05T01:31:32Z,\N,1,assert
acme:product_model:v0117-sof-02310-software~af8830ca840c,product_model,v0117,sof-02310,software,Pereira software 2310,16.8,supported,2021-01-05T23:17:57Z,\N,2021-01-05T23:17:57Z,\N,1,assert
acme:product_model:v0113-ser-02312-service~99bef8d41cec,product_model,v0113,ser-02312,service,Haddad service 2312,12.8,supported,2021-01-05T06:21:06Z,\N,2021-01-05T06:21:06Z,\N,1,assert
acme:product_model:v0092-har-02313-hardware~89f7abbaaa27,product_model,v0092,har-02313,hardware,Kovac hardware 2313,11.0,supported,2021-01-05T03:11:07Z,\N,2021-01-05T03:11:07Z,\N,1,assert
acme:product_model:v0130-sof-02320-software~d32e6d0e4be6,product_model,v0130,sof-02320,software,Baptiste software 2320,19.3,supported,2021-01-05T05:04:29Z,\N,2021-01-05T05:04:29Z,\N,1,assert
acme:product_model:v0044-har-02322-hardware~6ecbf3fb5c76,product_model,v0044,har-02322,hardware,Santos hardware 2322,2.9,supported,2021-01-05T10:53:44Z,\N,2021-01-05T10:53:44Z,\N,1,assert
acme:product_model:v0015-har-02328-hardware~0fde3be39942,product_model,v0015,har-02328,hardware,Quintero hardware 2328,4.1,unsupported,2021-01-05T02:42:15Z,\N,2021-01-05T02:42:15Z,\N,1,assert
acme:product_model:v0113-har-02331-hardware~19be3a336612,product_model,v0113,har-02331,hardware,Nakamura hardware 2331,12.8,supported,2021-01-05T01:21:49Z,\N,2021-01-05T01:21:49Z,\N,1,assert
acme:product_model:v0142-ser-02334-service~0396a2ac3262,product_model,v0142,ser-02334,service,Rasmussen service 2334,4.2,supported,2021-01-05T12:10:01Z,\N,2021-01-05T12:10:01Z,\N,1,assert
acme:product_model:v0163-sof-02338-software~0f0308653a5d,product_model,v0163,sof-02338,software,Delacroix software 2338,19.8,supported,2021-01-05T20:54:26Z,\N,2021-01-05T20:54:26Z,\N,1,assert
acme:product_model:v0166-sof-02351-software~83df92d9bfcb,product_model,v0166,sof-02351,software,Kaminski software 2351,8.0,supported,2021-01-05T19:07:10Z,\N,2021-01-05T19:07:10Z,\N,1,assert
acme:product_model:v0031-sof-02352-software~add4a4e41b31,product_model,v0031,sof-02352,software,Oyelaran software 2352,12.5,unsupported,2021-01-05T02:20:52Z,\N,2021-01-05T02:20:52Z,\N,1,assert
acme:product_model:v0159-sof-02353-software~5e420b3d3acc,product_model,v0159,sof-02353,software,Ivanova software 2353,12.3,supported,2021-01-05T09:45:28Z,\N,2021-01-05T09:45:28Z,\N,1,assert
acme:product_model:v0059-sof-02359-software~32e61029bb67,product_model,v0059,sof-02359,software,Gundersen software 2359,13.8,supported,2021-01-05T21:13:04Z,\N,2021-01-05T21:13:04Z,\N,1,assert
acme:product_model:v0103-har-02361-hardware~010b6bf800ce,product_model,v0103,har-02361,hardware,Jablonski hardware 2361,13.3,supported,2021-01-05T15:21:46Z,\N,2021-01-05T15:21:46Z,\N,1,assert
acme:product_model:v0142-sof-02369-software~cf27d8850a0c,product_model,v0142,sof-02369,software,Ivanova software 2369,4.8,supported,2021-01-05T20:36:48Z,\N,2021-01-05T20:36:48Z,\N,1,assert
acme:product_model:v0100-har-02374-hardware~d04793342fe6,product_model,v0100,har-02374,hardware,Haddad hardware 2374,12.10,unsupported,2021-01-05T03:06:55Z,\N,2021-01-05T03:06:55Z,\N,1,assert
acme:product_model:v0040-har-02382-hardware~cfd5c7897f9c,product_model,v0040,har-02382,hardware,Fontaine hardware 2382,14.4,supported,2021-01-05T21:20:33Z,\N,2021-01-05T21:20:33Z,\N,1,assert
acme:product_model:v0097-sof-02391-software~d8b00d595616,product_model,v0097,sof-02391,software,Fontaine software 2391,16.11,supported,2021-01-05T01:22:18Z,\N,2021-01-05T01:22:18Z,\N,1,assert
acme:product_model:v0009-sof-02393-software~b35d8fecb529,product_model,v0009,sof-02393,software,Santos software 2393,5.6,supported,2021-01-05T01:57:11Z,\N,2021-01-05T01:57:11Z,\N,1,assert
acme:product_model:v0148-har-02395-hardware~4d744a74036c,product_model,v0148,har-02395,hardware,Rasmussen hardware 2395,5.11,supported,2021-01-05T21:10:51Z,\N,2021-01-05T21:10:51Z,\N,1,assert
acme:product_model:v0072-sof-02398-software~03f10eccad4a,product_model,v0072,sof-02398,software,Gundersen software 2398,14.3,supported,2021-01-05T15:42:54Z,\N,2021-01-05T15:42:54Z,\N,1,assert
acme:product_model:v0150-ser-00004-service~6d290803a653,product_model,v0150,ser-00004,service,Silvestri service 4,1.3,supported,2021-01-06T00:50:09Z,\N,2021-01-06T00:50:09Z,\N,1,assert
acme:product_model:v0006-sof-00066-software~2ad3708390a7,product_model,v0006,sof-00066,software,Wagner software 66,6.2,supported,2021-01-06T02:04:27Z,2021-04-12T04:03:31Z,2021-01-06T02:04:27Z,\N,1,assert
acme:product_model:v0124-sof-01439-software~1e7a6f0a6b98,product_model,v0124,sof-01439,software,Delacroix software 1439,12.0,supported,2021-01-06T02:06:40Z,2021-10-02T18:23:48Z,2021-01-06T02:06:40Z,\N,1,assert
acme:product_model:v0027-har-01164-hardware~736ea06a6466,product_model,v0027,har-01164,hardware,Jablonski hardware 1164,3.8,supported,2021-01-06T02:20:22Z,\N,2021-01-06T02:20:22Z,2023-10-10T15:12:55Z,1,assert
acme:product_model:v0107-sof-01386-software~467c585987cd,product_model,v0107,sof-01386,software,Nakamura software 1386,13.7,supported,2021-01-06T02:24:32Z,\N,2021-01-06T02:24:32Z,2022-07-29T13:46:53Z,1,assert
acme:product_model:v0018-sof-00672-software~56f728df5741,product_model,v0018,sof-00672,software,Schneider software 672,18.3,supported,2021-01-06T04:04:20Z,2021-11-04T20:09:56Z,2021-01-06T04:04:20Z,\N,1,assert
acme:product_model:v0165-har-01588-hardware~d3430bcd6c23,product_model,v0165,har-01588,hardware,Novak hardware 1588,15.11,supported,2021-01-06T04:30:54Z,2022-02-28T00:20:50Z,2021-01-06T04:30:54Z,\N,1,assert
acme:product_model:v0021-sof-01776-software~26566605d519,product_model,v0021,sof-01776,software,Oyelaran software 1776,3.0,supported,2021-01-06T06:23:14Z,\N,2021-01-06T06:23:14Z,2026-11-10T11:20:01Z,1,assert
acme:product_model:v0167-sof-00420-software~d46aaf2ea34f,product_model,v0167,sof-00420,software,Weiss software 420,16.8,supported,2021-01-06T07:08:57Z,2021-02-25T03:31:16Z,2021-01-06T07:08:57Z,\N,1,assert
acme:product_model:v0164-sof-01176-software~3e1ad1497df3,product_model,v0164,sof-01176,software,Oyelaran software 1176,16.5,eol,2021-01-06T09:46:53Z,\N,2021-01-06T09:46:53Z,2024-01-03T18:26:17Z,1,assert
acme:product_model:v0022-ser-01665-service~964c4785c709,product_model,v0022,ser-01665,service,Silvestri service 1665,15.0,supported,2021-01-06T12:00:12Z,2021-04-11T01:38:04Z,2021-01-06T12:00:12Z,\N,1,assert
acme:product_model:v0142-sof-01681-software~3248dd95bdac,product_model,v0142,sof-01681,software,Kovac software 1681,7.2,eol,2021-01-06T12:49:08Z,2021-04-27T08:12:54Z,2021-01-06T12:49:08Z,\N,1,assert
acme:product_model:v0002-har-01878-hardware~711add749ed9,product_model,v0002,har-01878,hardware,Jablonski hardware 1878,3.10,eol,2021-01-06T12:51:19Z,2021-11-10T21:56:31Z,2021-01-06T12:51:19Z,\N,1,assert
acme:product_model:v0160-con-01286-consumable~64ffa37593f2,product_model,v0160,con-01286,consumable,Quintero consumable 1286,8.3,unsupported,2021-01-06T12:55:29Z,\N,2021-01-06T12:55:29Z,2026-04-16T05:26:25Z,1,assert
acme:product_model:v0129-sof-01904-software~8e516a90e41c,product_model,v0129,sof-01904,software,Silvestri software 1904,10.7,supported,2021-01-06T14:11:32Z,2021-12-06T05:03:30Z,2021-01-06T14:11:32Z,\N,1,assert
acme:product_model:v0018-sof-01353-software~c662fe8d76a4,product_model,v0018,sof-01353,software,Wagner software 1353,7.9,eol,2021-01-06T14:48:39Z,\N,2021-01-06T14:48:39Z,2022-10-07T23:20:26Z,1,assert
acme:product_model:v0001-sof-02083-software~be6e443443ae,product_model,v0001,sof-02083,software,Santos software 2083,18.2,eol,2021-01-06T15:34:07Z,2021-04-29T09:10:59Z,2021-01-06T15:34:07Z,\N,1,assert
acme:product_model:v0067-har-00801-hardware~f0670a21ea3c,product_model,v0067,har-00801,hardware,Wagner hardware 801,14.9,supported,2021-01-06T16:58:29Z,2021-02-06T01:56:22Z,2021-01-06T16:58:29Z,\N,1,assert
acme:product_model:v0015-har-00128-hardware~018f9600c5c4,product_model,v0015,har-00128,hardware,Jablonski hardware 128,13.6,supported,2021-01-06T17:19:30Z,2021-06-13T20:30:20Z,2021-01-06T17:19:30Z,\N,1,assert
acme:product_model:v0140-ser-00867-service~a8a7da302f78,product_model,v0140,ser-00867,service,Silvestri service 867,10.5,eol,2021-01-06T18:00:01Z,\N,2021-01-06T18:00:01Z,2023-05-21T04:01:22Z,1,assert
acme:product_model:v0100-har-01828-hardware~62c777ef201d,product_model,v0100,har-01828,hardware,Oyelaran hardware 1828,20.2,supported,2021-01-06T19:05:43Z,\N,2021-01-06T19:05:43Z,2021-10-21T10:35:10Z,1,assert
acme:product_model:v0095-har-00006-hardware~b6972e805a24,product_model,v0095,har-00006,hardware,Baptiste hardware 6,16.8,supported,2021-01-06T20:25:38Z,\N,2021-01-06T20:25:38Z,\N,1,assert
acme:product_model:v0131-sof-00008-software~6aea96bf8186,product_model,v0131,sof-00008,software,Quintero software 8,20.6,supported,2021-01-06T20:14:48Z,\N,2021-01-06T20:14:48Z,\N,1,assert
acme:product_model:v0139-sof-01175-software~63502691e657,product_model,v0139,sof-01175,software,Yilmaz software 1175,11.4,eol,2021-01-06T22:34:53Z,2022-02-15T00:36:48Z,2021-01-06T22:34:53Z,\N,1,assert
acme:product_model:v0032-sof-00009-software~c4c6cf5a934d,product_model,v0032,sof-00009,software,Thorsen software 9,8.2,supported,2021-01-06T22:52:57Z,\N,2021-01-06T22:52:57Z,\N,1,assert
acme:product_model:v0143-sof-00015-software~301398107337,product_model,v0143,sof-00015,software,Oyelaran software 15,14.10,eol,2021-01-06T11:59:41Z,\N,2021-01-06T11:59:41Z,\N,1,assert
acme:product_model:v0156-sof-00016-software~b6efd4b14f8d,product_model,v0156,sof-00016,software,Baptiste software 16,17.5,eol,2021-01-06T19:08:09Z,\N,2021-01-06T19:08:09Z,\N,1,assert
acme:product_model:v0066-sof-00018-software~a26e4463bbce,product_model,v0066,sof-00018,software,Eberhardt software 18,1.8,eol,2021-01-06T18:54:41Z,\N,2021-01-06T18:54:41Z,\N,1,assert
acme:product_model:v0048-sof-00024-software~cd54e7073a7b,product_model,v0048,sof-00024,software,Jablonski software 24,14.6,eol,2021-01-06T13:02:45Z,\N,2021-01-06T13:02:45Z,\N,1,assert
acme:product_model:v0089-sof-00042-software~f8775e113fea,product_model,v0089,sof-00042,software,Santos software 42,19.8,unsupported,2021-01-06T16:20:34Z,\N,2021-01-06T16:20:34Z,\N,1,assert
acme:product_model:v0179-sof-00044-software~a01e9bb02ee8,product_model,v0179,sof-00044,software,Haddad software 44,8.8,eol,2021-01-06T14:52:15Z,\N,2021-01-06T14:52:15Z,\N,1,assert
acme:product_model:v0043-ser-00047-service~549cf5827f13,product_model,v0043,ser-00047,service,Eberhardt service 47,8.3,supported,2021-01-06T07:27:39Z,\N,2021-01-06T07:27:39Z,\N,1,assert
acme:product_model:v0135-ser-00055-service~ff25e18f45ca,product_model,v0135,ser-00055,service,Nakamura service 55,2.3,supported,2021-01-06T02:55:11Z,\N,2021-01-06T02:55:11Z,\N,1,assert
acme:product_model:v0161-sof-00062-software~26710ec3ba5d,product_model,v0161,sof-00062,software,Santos software 62,11.11,supported,2021-01-06T18:25:45Z,\N,2021-01-06T18:25:45Z,\N,1,assert
acme:product_model:v0160-sof-00065-software~1e0c180c8860,product_model,v0160,sof-00065,software,Tanaka software 65,15.11,supported,2021-01-06T13:54:20Z,\N,2021-01-06T13:54:20Z,\N,1,assert
acme:product_model:v0090-sof-00078-software~a2372e1fc1a4,product_model,v0090,sof-00078,software,Jablonski software 78,12.9,supported,2021-01-06T05:51:27Z,\N,2021-01-06T05:51:27Z,\N,1,assert
acme:product_model:v0065-ser-00087-service~6db1086def45,product_model,v0065,ser-00087,service,Quintero service 87,21.4,supported,2021-01-06T20:40:07Z,\N,2021-01-06T20:40:07Z,\N,1,assert
acme:product_model:v0122-sof-00090-software~ab71acec0bdc,product_model,v0122,sof-00090,software,Rasmussen software 90,9.1,supported,2021-01-06T02:09:19Z,\N,2021-01-06T02:09:19Z,\N,1,assert
acme:product_model:v0148-sof-00092-software~00307533d444,product_model,v0148,sof-00092,software,Silvestri software 92,8.9,supported,2021-01-06T10:42:06Z,\N,2021-01-06T10:42:06Z,\N,1,assert
acme:product_model:v0012-sof-00098-software~7328b78a1364,product_model,v0012,sof-00098,software,Castellanos software 98,2.4,unsupported,2021-01-06T08:30:33Z,\N,2021-01-06T08:30:33Z,\N,1,assert
acme:product_model:v0138-har-00106-hardware~72e678d0fc5e,product_model,v0138,har-00106,hardware,Kovac hardware 106,11.4,supported,2021-01-06T02:23:53Z,\N,2021-01-06T02:23:53Z,\N,1,assert
acme:product_model:v0051-sof-00109-software~21782b013dfd,product_model,v0051,sof-00109,software,Ivanova software 109,18.7,supported,2021-01-06T07:48:35Z,\N,2021-01-06T07:48:35Z,\N,1,assert
acme:product_model:v0074-sof-00110-software~40b0b75e380e,product_model,v0074,sof-00110,software,Marchetti software 110,19.5,supported,2021-01-06T12:32:08Z,\N,2021-01-06T12:32:08Z,\N,1,assert
acme:product_model:v0063-har-00112-hardware~7941436afa88,product_model,v0063,har-00112,hardware,Zhang hardware 112,17.3,eol,2021-01-06T14:37:43Z,\N,2021-01-06T14:37:43Z,\N,1,assert
acme:product_model:v0048-har-00123-hardware~f8edacc69d55,product_model,v0048,har-00123,hardware,Weiss hardware 123,1.6,eol,2021-01-06T10:34:38Z,\N,2021-01-06T10:34:38Z,\N,1,assert
acme:product_model:v0043-sof-00125-software~922c1b86f198,product_model,v0043,sof-00125,software,Rasmussen software 125,23.5,unsupported,2021-01-06T13:54:22Z,\N,2021-01-06T13:54:22Z,\N,1,assert
acme:product_model:v0166-har-00127-hardware~80ba295876e8,product_model,v0166,har-00127,hardware,Bergstrom hardware 127,4.5,unsupported,2021-01-06T19:24:34Z,\N,2021-01-06T19:24:34Z,\N,1,assert
acme:product_model:v0010-sof-00133-software~1616105f9a37,product_model,v0010,sof-00133,software,Vaughan software 133,16.3,supported,2021-01-06T20:09:32Z,\N,2021-01-06T20:09:32Z,\N,1,assert
acme:product_model:v0047-ser-00135-service~bc1023b7e671,product_model,v0047,ser-00135,service,Chowdhury service 135,23.6,supported,2021-01-06T01:25:47Z,\N,2021-01-06T01:25:47Z,\N,1,assert
acme:product_model:v0162-sof-00140-software~0152de720db4,product_model,v0162,sof-00140,software,Kaminski software 140,3.1,eol,2021-01-06T14:23:32Z,\N,2021-01-06T14:23:32Z,\N,1,assert
acme:product_model:v0170-har-00143-hardware~e19035247da5,product_model,v0170,har-00143,hardware,Delacroix hardware 143,7.4,supported,2021-01-06T09:50:27Z,\N,2021-01-06T09:50:27Z,\N,1,assert
acme:product_model:v0086-ser-00144-service~8e8c103bffc0,product_model,v0086,ser-00144,service,Chowdhury service 144,21.8,supported,2021-01-06T16:20:31Z,\N,2021-01-06T16:20:31Z,\N,1,assert
acme:product_model:v0102-sof-00147-software~894ee26a1faf,product_model,v0102,sof-00147,software,Pereira software 147,15.6,eol,2021-01-06T08:14:17Z,\N,2021-01-06T08:14:17Z,\N,1,assert
acme:product_model:v0166-ser-00158-service~da67cf32f1fc,product_model,v0166,ser-00158,service,Schneider service 158,1.10,supported,2021-01-06T15:17:04Z,\N,2021-01-06T15:17:04Z,\N,1,assert
acme:product_model:v0178-con-00161-consumable~19ba9b704f86,product_model,v0178,con-00161,consumable,Schneider consumable 161,13.6,supported,2021-01-06T09:58:47Z,\N,2021-01-06T09:58:47Z,\N,1,assert
acme:product_model:v0079-har-00162-hardware~e74bdfff4514,product_model,v0079,har-00162,hardware,Marchetti hardware 162,23.0,supported,2021-01-06T02:29:52Z,\N,2021-01-06T02:29:52Z,\N,1,assert
acme:product_model:v0100-har-00165-hardware~7c7ca2f07a7c,product_model,v0100,har-00165,hardware,Santos hardware 165,23.4,supported,2021-01-06T04:41:54Z,\N,2021-01-06T04:41:54Z,\N,1,assert
acme:product_model:v0050-con-00171-consumable~e814ccea8388,product_model,v0050,con-00171,consumable,Weiss consumable 171,4.11,supported,2021-01-06T06:32:35Z,\N,2021-01-06T06:32:35Z,\N,1,assert
acme:product_model:v0055-sof-00174-software~16131fac5ee5,product_model,v0055,sof-00174,software,Santos software 174,5.10,supported,2021-01-06T20:26:16Z,\N,2021-01-06T20:26:16Z,\N,1,assert
acme:product_model:v0060-sof-00187-software~470e9ed556b4,product_model,v0060,sof-00187,software,Quintero software 187,6.5,supported,2021-01-06T00:56:42Z,\N,2021-01-06T00:56:42Z,\N,1,assert
acme:product_model:v0065-sof-00190-software~53c1f13945d6,product_model,v0065,sof-00190,software,Bergstrom software 190,5.10,unknown,2021-01-06T20:32:54Z,\N,2021-01-06T20:32:54Z,\N,1,assert
acme:product_model:v0123-har-00191-hardware~4f38997d73d5,product_model,v0123,har-00191,hardware,Lindqvist hardware 191,21.0,eol,2021-01-06T00:32:13Z,\N,2021-01-06T00:32:13Z,\N,1,assert
acme:product_model:v0025-sof-00194-software~5932bf2e9445,product_model,v0025,sof-00194,software,Quintero software 194,20.3,supported,2021-01-06T04:53:22Z,\N,2021-01-06T04:53:22Z,\N,1,assert
acme:product_model:v0017-har-00198-hardware~bd72787c8b36,product_model,v0017,har-00198,hardware,Eberhardt hardware 198,7.8,unsupported,2021-01-06T06:45:44Z,\N,2021-01-06T06:45:44Z,\N,1,assert
acme:product_model:v0014-sof-00202-software~5588045016e8,product_model,v0014,sof-00202,software,Delacroix software 202,21.11,supported,2021-01-06T16:42:17Z,\N,2021-01-06T16:42:17Z,\N,1,assert
acme:product_model:v0051-har-00205-hardware~6bd3713363e1,product_model,v0051,har-00205,hardware,Weiss hardware 205,3.4,eol,2021-01-06T13:59:07Z,\N,2021-01-06T13:59:07Z,\N,1,assert
acme:product_model:v0066-ser-00210-service~6a06e3eb3777,product_model,v0066,ser-00210,service,Delacroix service 210,13.4,unsupported,2021-01-06T18:14:16Z,\N,2021-01-06T18:14:16Z,\N,1,assert
acme:product_model:v0073-ser-00214-service~10f0aaf1265a,product_model,v0073,ser-00214,service,Novak service 214,19.10,supported,2021-01-06T14:15:03Z,\N,2021-01-06T14:15:03Z,\N,1,assert
acme:product_model:v0080-sof-00215-software~aca4bfa5492f,product_model,v0080,sof-00215,software,Wagner software 215,23.2,supported,2021-01-06T09:32:51Z,\N,2021-01-06T09:32:51Z,\N,1,assert
acme:product_model:v0057-sof-00217-software~c482500542fa,product_model,v0057,sof-00217,software,Delacroix software 217,2.6,supported,2021-01-06T10:45:28Z,\N,2021-01-06T10:45:28Z,\N,1,assert
acme:product_model:v0008-har-00221-hardware~6ea540a37668,product_model,v0008,har-00221,hardware,Wagner hardware 221,22.6,supported,2021-01-06T07:13:45Z,\N,2021-01-06T07:13:45Z,\N,1,assert
acme:product_model:v0107-ser-00223-service~f3f87b8f890f,product_model,v0107,ser-00223,service,Vaughan service 223,17.8,supported,2021-01-06T12:05:01Z,\N,2021-01-06T12:05:01Z,\N,1,assert
acme:product_model:v0033-sof-00228-software~c3ef13575cd0,product_model,v0033,sof-00228,software,Haddad software 228,14.0,eol,2021-01-06T08:23:38Z,\N,2021-01-06T08:23:38Z,\N,1,assert
acme:product_model:v0008-sof-00239-software~63ff1ec23575,product_model,v0008,sof-00239,software,Santos software 239,8.9,unknown,2021-01-06T03:33:34Z,\N,2021-01-06T03:33:34Z,\N,1,assert
acme:product_model:v0151-sof-00244-software~73aa679c1c4f,product_model,v0151,sof-00244,software,Jablonski software 244,16.4,supported,2021-01-06T21:51:51Z,\N,2021-01-06T21:51:51Z,\N,1,assert
acme:product_model:v0174-sof-00246-software~57ff0cf53f41,product_model,v0174,sof-00246,software,Okonkwo software 246,5.5,unsupported,2021-01-06T16:59:05Z,\N,2021-01-06T16:59:05Z,\N,1,assert
acme:product_model:v0029-sof-00250-software~486e7a45d60b,product_model,v0029,sof-00250,software,Gundersen software 250,2.7,supported,2021-01-06T03:01:38Z,\N,2021-01-06T03:01:38Z,\N,1,assert
acme:product_model:v0103-sof-00269-software~8bff08020856,product_model,v0103,sof-00269,software,Wagner software 269,9.8,supported,2021-01-06T03:29:35Z,\N,2021-01-06T03:29:35Z,\N,1,assert
acme:product_model:v0133-har-00273-hardware~dc171f712c10,product_model,v0133,har-00273,hardware,Ivanova hardware 273,9.11,eol,2021-01-06T13:05:32Z,\N,2021-01-06T13:05:32Z,\N,1,assert
acme:product_model:v0000-har-00277-hardware~46faa31fa56b,product_model,v0000,har-00277,hardware,Mbatha hardware 277,11.8,eol,2021-01-06T06:05:09Z,\N,2021-01-06T06:05:09Z,\N,1,assert
acme:product_model:v0138-har-00290-hardware~5f8e330eb95e,product_model,v0138,har-00290,hardware,Okonkwo hardware 290,22.3,supported,2021-01-06T14:59:03Z,\N,2021-01-06T14:59:03Z,\N,1,assert
acme:product_model:v0162-har-00296-hardware~26432c729489,product_model,v0162,har-00296,hardware,Novak hardware 296,5.2,eol,2021-01-06T14:05:52Z,\N,2021-01-06T14:05:52Z,\N,1,assert
acme:product_model:v0046-sof-00297-software~d5cb86aafc18,product_model,v0046,sof-00297,software,Marchetti software 297,9.3,supported,2021-01-06T01:09:31Z,\N,2021-01-06T01:09:31Z,\N,1,assert
acme:product_model:v0058-sof-00303-software~825d90a4f192,product_model,v0058,sof-00303,software,Chowdhury software 303,23.10,unsupported,2021-01-06T15:20:49Z,\N,2021-01-06T15:20:49Z,\N,1,assert
acme:product_model:v0145-sof-00305-software~e3226b98144a,product_model,v0145,sof-00305,software,Gallagher software 305,4.5,unknown,2021-01-06T15:30:17Z,\N,2021-01-06T15:30:17Z,\N,1,assert
acme:product_model:v0076-sof-00308-software~b933aaf97574,product_model,v0076,sof-00308,software,Quintero software 308,2.11,supported,2021-01-06T23:01:25Z,\N,2021-01-06T23:01:25Z,\N,1,assert
acme:product_model:v0081-sof-00312-software~1836b75150dc,product_model,v0081,sof-00312,software,Lindqvist software 312,8.10,supported,2021-01-06T07:17:18Z,\N,2021-01-06T07:17:18Z,\N,1,assert
acme:product_model:v0010-sof-00313-software~facd72a96fe8,product_model,v0010,sof-00313,software,Ueda software 313,17.8,supported,2021-01-06T04:02:16Z,\N,2021-01-06T04:02:16Z,\N,1,assert
acme:product_model:v0091-sof-00315-software~097257cf94aa,product_model,v0091,sof-00315,software,Baptiste software 315,3.1,supported,2021-01-06T20:16:26Z,\N,2021-01-06T20:16:26Z,\N,1,assert
acme:product_model:v0137-sof-00317-software~fe491fac8090,product_model,v0137,sof-00317,software,Haddad software 317,9.7,supported,2021-01-06T13:07:11Z,\N,2021-01-06T13:07:11Z,\N,1,assert
acme:product_model:v0160-sof-00320-software~06dddc3b79d9,product_model,v0160,sof-00320,software,Bergstrom software 320,6.6,eol,2021-01-06T15:03:15Z,\N,2021-01-06T15:03:15Z,\N,1,assert
acme:product_model:v0118-sof-00333-software~7e419d4fa413,product_model,v0118,sof-00333,software,Marchetti software 333,3.1,supported,2021-01-06T00:03:50Z,\N,2021-01-06T00:03:50Z,\N,1,assert
acme:product_model:v0133-ser-00337-service~83ccf29a3b45,product_model,v0133,ser-00337,service,Haddad service 337,23.0,supported,2021-01-06T21:50:24Z,\N,2021-01-06T21:50:24Z,\N,1,assert
acme:product_model:v0057-sof-00351-software~8b2616edf25b,product_model,v0057,sof-00351,software,Ivanova software 351,5.0,eol,2021-01-06T12:40:04Z,\N,2021-01-06T12:40:04Z,\N,1,assert
acme:product_model:v0136-sof-00354-software~08f7a1394c05,product_model,v0136,sof-00354,software,Marchetti software 354,10.0,supported,2021-01-06T18:26:17Z,\N,2021-01-06T18:26:17Z,\N,1,assert
acme:product_model:v0077-sof-00356-software~086f241b09d9,product_model,v0077,sof-00356,software,Bergstrom software 356,18.2,supported,2021-01-06T18:19:29Z,\N,2021-01-06T18:19:29Z,\N,1,assert
acme:product_model:v0111-ser-00359-service~ea8327180c96,product_model,v0111,ser-00359,service,Nakamura service 359,6.4,supported,2021-01-06T01:53:39Z,\N,2021-01-06T01:53:39Z,\N,1,assert
acme:product_model:v0036-sof-00364-software~91f6e2447ab9,product_model,v0036,sof-00364,software,Jablonski software 364,21.1,supported,2021-01-06T04:46:10Z,\N,2021-01-06T04:46:10Z,\N,1,assert
acme:product_model:v0146-sof-00373-software~6c0c81d94cde,product_model,v0146,sof-00373,software,Fontaine software 373,5.3,supported,2021-01-06T04:10:30Z,\N,2021-01-06T04:10:30Z,\N,1,assert
acme:product_model:v0062-sof-00382-software~9b2d7c44b44b,product_model,v0062,sof-00382,software,Oyelaran software 382,22.10,unsupported,2021-01-06T02:43:17Z,\N,2021-01-06T02:43:17Z,\N,1,assert
acme:product_model:v0081-har-00383-hardware~c9c3fa725ee3,product_model,v0081,har-00383,hardware,Kovac hardware 383,13.10,supported,2021-01-06T00:52:50Z,\N,2021-01-06T00:52:50Z,\N,1,assert
acme:product_model:v0126-sof-00384-software~8ced0dbb35d7,product_model,v0126,sof-00384,software,Chowdhury software 384,23.0,eol,2021-01-06T04:14:15Z,\N,2021-01-06T04:14:15Z,\N,1,assert
acme:product_model:v0081-ser-00401-service~0f0431cd1f84,product_model,v0081,ser-00401,service,Lindqvist service 401,22.3,supported,2021-01-06T18:38:23Z,\N,2021-01-06T18:38:23Z,\N,1,assert
acme:product_model:v0122-har-01869-hardware~8381046eedb1,product_model,v0122,har-01869,hardware,Zhang hardware 1869,22.5,unsupported,2021-01-06T23:30:54Z,2021-11-01T18:18:34Z,2021-01-06T23:30:54Z,\N,1,assert
acme:product_model:v0074-ser-00412-service~14d13612e569,product_model,v0074,ser-00412,service,Fontaine service 412,8.9,supported,2021-01-06T23:47:19Z,\N,2021-01-06T23:47:19Z,\N,1,assert
acme:product_model:v0052-har-00418-hardware~1cab29700779,product_model,v0052,har-00418,hardware,Gundersen hardware 418,3.1,eol,2021-01-06T23:16:22Z,\N,2021-01-06T23:16:22Z,\N,1,assert
acme:product_model:v0075-sof-00421-software~d91cb85c7e7b,product_model,v0075,sof-00421,software,Bergstrom software 421,10.10,unknown,2021-01-06T00:10:51Z,\N,2021-01-06T00:10:51Z,\N,1,assert
acme:product_model:v0034-sof-00428-software~a14d27f06947,product_model,v0034,sof-00428,software,Silvestri software 428,3.3,supported,2021-01-06T23:19:18Z,\N,2021-01-06T23:19:18Z,\N,1,assert
acme:product_model:v0096-sof-00430-software~62e9d4915924,product_model,v0096,sof-00430,software,Kovac software 430,7.0,supported,2021-01-06T08:06:52Z,\N,2021-01-06T08:06:52Z,\N,1,assert
acme:product_model:v0066-con-00435-consumable~c4a57812a077,product_model,v0066,con-00435,consumable,Schneider consumable 435,20.4,unsupported,2021-01-06T08:58:22Z,\N,2021-01-06T08:58:22Z,\N,1,assert
acme:product_model:v0032-ser-00439-service~040a76041a1f,product_model,v0032,ser-00439,service,Kovac service 439,16.3,supported,2021-01-06T16:29:16Z,\N,2021-01-06T16:29:16Z,\N,1,assert
acme:product_model:v0170-har-00440-hardware~054970efd0a0,product_model,v0170,har-00440,hardware,Silvestri hardware 440,7.8,eol,2021-01-06T12:17:55Z,\N,2021-01-06T12:17:55Z,\N,1,assert
acme:product_model:v0090-ser-00442-service~7155448f3c4c,product_model,v0090,ser-00442,service,Thorsen service 442,20.9,eol,2021-01-06T03:18:18Z,\N,2021-01-06T03:18:18Z,\N,1,assert
acme:product_model:v0151-con-00451-consumable~97f41d34ef13,product_model,v0151,con-00451,consumable,Schneider consumable 451,17.1,eol,2021-01-06T19:35:59Z,\N,2021-01-06T19:35:59Z,\N,1,assert
acme:product_model:v0094-sof-00455-software~e304004ff201,product_model,v0094,sof-00455,software,Novak software 455,8.5,eol,2021-01-06T11:26:20Z,\N,2021-01-06T11:26:20Z,\N,1,assert
acme:product_model:v0093-sof-00457-software~3296004f92f4,product_model,v0093,sof-00457,software,Weiss software 457,18.0,supported,2021-01-06T18:08:31Z,\N,2021-01-06T18:08:31Z,\N,1,assert
acme:product_model:v0157-ser-00459-service~8170c28a52fe,product_model,v0157,ser-00459,service,Nakamura service 459,12.3,supported,2021-01-06T16:12:50Z,\N,2021-01-06T16:12:50Z,\N,1,assert
acme:product_model:v0178-har-00461-hardware~83634e3acebe,product_model,v0178,har-00461,hardware,Gallagher hardware 461,5.0,eol,2021-01-06T02:51:54Z,\N,2021-01-06T02:51:54Z,\N,1,assert
acme:product_model:v0119-sof-00470-software~8f63fb674466,product_model,v0119,sof-00470,software,Weiss software 470,11.8,unsupported,2021-01-06T14:25:01Z,\N,2021-01-06T14:25:01Z,\N,1,assert
acme:product_model:v0060-sof-00475-software~1f447a903793,product_model,v0060,sof-00475,software,Tanaka software 475,9.11,supported,2021-01-06T16:17:19Z,\N,2021-01-06T16:17:19Z,\N,1,assert
acme:product_model:v0008-ser-00476-service~fa94ce883a42,product_model,v0008,ser-00476,service,Kaminski service 476,12.2,unsupported,2021-01-06T01:23:44Z,\N,2021-01-06T01:23:44Z,\N,1,assert
acme:product_model:v0020-sof-00490-software~4e8703405d77,product_model,v0020,sof-00490,software,Gundersen software 490,19.1,eol,2021-01-06T05:07:10Z,\N,2021-01-06T05:07:10Z,\N,1,assert
acme:product_model:v0087-har-00492-hardware~278c20e84982,product_model,v0087,har-00492,hardware,Pereira hardware 492,16.0,supported,2021-01-06T22:07:24Z,\N,2021-01-06T22:07:24Z,\N,1,assert
acme:product_model:v0030-sof-00493-software~ebfb9f63cefb,product_model,v0030,sof-00493,software,Kovac software 493,23.0,supported,2021-01-06T07:04:08Z,\N,2021-01-06T07:04:08Z,\N,1,assert
acme:product_model:v0122-sof-00502-software~4e577dcb7f1a,product_model,v0122,sof-00502,software,Ivanova software 502,14.11,unsupported,2021-01-06T17:41:04Z,\N,2021-01-06T17:41:04Z,\N,1,assert
acme:product_model:v0090-har-00505-hardware~f12e88f4c8a1,product_model,v0090,har-00505,hardware,Kaminski hardware 505,13.6,supported,2021-01-06T05:21:39Z,\N,2021-01-06T05:21:39Z,\N,1,assert
acme:product_model:v0076-sof-00507-software~fdc44a2e5267,product_model,v0076,sof-00507,software,Ueda software 507,23.10,supported,2021-01-06T12:29:48Z,\N,2021-01-06T12:29:48Z,\N,1,assert
acme:product_model:v0034-har-00510-hardware~65c647bd81c3,product_model,v0034,har-00510,hardware,Chowdhury hardware 510,1.8,supported,2021-01-06T01:01:32Z,\N,2021-01-06T01:01:32Z,\N,1,assert
acme:product_model:v0155-ser-00514-service~9d7080dbd1ac,product_model,v0155,ser-00514,service,Tanaka service 514,7.1,supported,2021-01-06T16:38:46Z,\N,2021-01-06T16:38:46Z,\N,1,assert
acme:product_model:v0091-sof-00515-software~af23a189b144,product_model,v0091,sof-00515,software,Okonkwo software 515,7.9,supported,2021-01-06T04:34:52Z,\N,2021-01-06T04:34:52Z,\N,1,assert
acme:product_model:v0161-ser-00527-service~2ad05c2983be,product_model,v0161,ser-00527,service,Vaughan service 527,1.7,eol,2021-01-06T19:26:21Z,\N,2021-01-06T19:26:21Z,\N,1,assert
acme:product_model:v0060-ser-00531-service~01f8e7bfe333,product_model,v0060,ser-00531,service,Bergstrom service 531,14.6,supported,2021-01-06T09:48:29Z,\N,2021-01-06T09:48:29Z,\N,1,assert
acme:product_model:v0016-con-00538-consumable~ddc055420578,product_model,v0016,con-00538,consumable,Ivanova consumable 538,18.7,supported,2021-01-06T05:19:58Z,\N,2021-01-06T05:19:58Z,\N,1,assert
acme:product_model:v0113-ser-00539-service~75643519fa83,product_model,v0113,ser-00539,service,Nakamura service 539,12.2,unsupported,2021-01-06T07:52:47Z,\N,2021-01-06T07:52:47Z,\N,1,assert
acme:product_model:v0050-sof-00542-software~c22ddf36f118,product_model,v0050,sof-00542,software,Schneider software 542,19.1,supported,2021-01-06T23:56:25Z,\N,2021-01-06T23:56:25Z,\N,1,assert
acme:product_model:v0142-sof-00547-software~51f303ae18da,product_model,v0142,sof-00547,software,Okonkwo software 547,10.0,eol,2021-01-06T15:24:33Z,\N,2021-01-06T15:24:33Z,\N,1,assert
acme:product_model:v0057-sof-00551-software~ea9b77181499,product_model,v0057,sof-00551,software,Santos software 551,14.7,unsupported,2021-01-06T00:56:40Z,\N,2021-01-06T00:56:40Z,\N,1,assert
acme:product_model:v0093-sof-00553-software~e5ef8c319118,product_model,v0093,sof-00553,software,Gundersen software 553,3.11,supported,2021-01-06T09:57:30Z,\N,2021-01-06T09:57:30Z,\N,1,assert
acme:product_model:v0149-har-00562-hardware~ea8a01d85daa,product_model,v0149,har-00562,hardware,Yilmaz hardware 562,1.8,supported,2021-01-06T18:12:17Z,\N,2021-01-06T18:12:17Z,\N,1,assert
acme:product_model:v0177-har-00565-hardware~86884c424183,product_model,v0177,har-00565,hardware,Oyelaran hardware 565,13.10,supported,2021-01-06T02:45:10Z,\N,2021-01-06T02:45:10Z,\N,1,assert
acme:product_model:v0053-con-00570-consumable~6c7f8f9d4f0f,product_model,v0053,con-00570,consumable,Gundersen consumable 570,9.5,supported,2021-01-06T07:04:09Z,\N,2021-01-06T07:04:09Z,\N,1,assert
acme:product_model:v0130-har-00574-hardware~d814c414fb49,product_model,v0130,har-00574,hardware,Oyelaran hardware 574,20.0,eol,2021-01-06T04:19:07Z,\N,2021-01-06T04:19:07Z,\N,1,assert
acme:product_model:v0131-sof-00575-software~f86978dd188b,product_model,v0131,sof-00575,software,Baptiste software 575,13.4,supported,2021-01-06T11:14:29Z,\N,2021-01-06T11:14:29Z,\N,1,assert
acme:product_model:v0121-sof-00576-software~3c7f5aba25ec,product_model,v0121,sof-00576,software,Gundersen software 576,15.11,supported,2021-01-06T19:48:54Z,\N,2021-01-06T19:48:54Z,\N,1,assert
acme:product_model:v0159-sof-00583-software~2bb58b0f1878,product_model,v0159,sof-00583,software,Lindqvist software 583,19.8,eol,2021-01-06T10:03:11Z,\N,2021-01-06T10:03:11Z,\N,1,assert
acme:product_model:v0037-har-00590-hardware~25dc06856fdb,product_model,v0037,har-00590,hardware,Bergstrom hardware 590,18.8,supported,2021-01-06T13:19:53Z,\N,2021-01-06T13:19:53Z,\N,1,assert
acme:product_model:v0087-ser-00594-service~912e4f41bd60,product_model,v0087,ser-00594,service,Haddad service 594,6.4,eol,2021-01-06T23:49:47Z,\N,2021-01-06T23:49:47Z,\N,1,assert
acme:product_model:v0022-har-00596-hardware~857eeb08bc96,product_model,v0022,har-00596,hardware,Schneider hardware 596,19.11,supported,2021-01-06T12:00:35Z,\N,2021-01-06T12:00:35Z,\N,1,assert
acme:product_model:v0007-har-00614-hardware~3a3510707a9c,product_model,v0007,har-00614,hardware,Schneider hardware 614,22.5,supported,2021-01-06T14:43:35Z,\N,2021-01-06T14:43:35Z,\N,1,assert
acme:product_model:v0169-sof-00615-software~a33ee0737007,product_model,v0169,sof-00615,software,Jablonski software 615,17.8,unsupported,2021-01-06T05:09:59Z,\N,2021-01-06T05:09:59Z,\N,1,assert
acme:product_model:v0089-har-00629-hardware~a2cca4c7b364,product_model,v0089,har-00629,hardware,Rasmussen hardware 629,4.6,unsupported,2021-01-06T09:36:32Z,\N,2021-01-06T09:36:32Z,\N,1,assert
acme:product_model:v0169-sof-00638-software~a6f17e47fa53,product_model,v0169,sof-00638,software,Quintero software 638,10.4,supported,2021-01-06T09:24:38Z,\N,2021-01-06T09:24:38Z,\N,1,assert
acme:product_model:v0100-har-00645-hardware~57315b9351d1,product_model,v0100,har-00645,hardware,Abbott hardware 645,6.6,supported,2021-01-06T11:27:06Z,\N,2021-01-06T11:27:06Z,\N,1,assert
acme:product_model:v0107-sof-00648-software~59519b6873e8,product_model,v0107,sof-00648,software,Mbatha software 648,9.4,supported,2021-01-06T11:45:39Z,\N,2021-01-06T11:45:39Z,\N,1,assert
acme:product_model:v0039-sof-00651-software~dfc3a544097d,product_model,v0039,sof-00651,software,Bergstrom software 651,13.4,supported,2021-01-06T08:53:09Z,\N,2021-01-06T08:53:09Z,\N,1,assert
acme:product_model:v0072-sof-00660-software~41868646ae55,product_model,v0072,sof-00660,software,Chowdhury software 660,11.9,eol,2021-01-06T10:04:08Z,\N,2021-01-06T10:04:08Z,\N,1,assert
acme:product_model:v0069-har-00661-hardware~68cad7a1278a,product_model,v0069,har-00661,hardware,Lindqvist hardware 661,8.7,supported,2021-01-06T00:46:51Z,\N,2021-01-06T00:46:51Z,\N,1,assert
acme:product_model:v0086-sof-00662-software~fa93bb256a90,product_model,v0086,sof-00662,software,Zhang software 662,1.6,supported,2021-01-06T09:41:30Z,\N,2021-01-06T09:41:30Z,\N,1,assert
acme:product_model:v0174-sof-00666-software~4eed418a04fe,product_model,v0174,sof-00666,software,Jablonski software 666,15.5,unsupported,2021-01-06T01:57:16Z,\N,2021-01-06T01:57:16Z,\N,1,assert
acme:product_model:v0065-ser-00670-service~6d29d79cefa6,product_model,v0065,ser-00670,service,Ueda service 670,2.0,supported,2021-01-06T14:09:17Z,\N,2021-01-06T14:09:17Z,\N,1,assert
acme:product_model:v0005-sof-00678-software~5fb7a416edb2,product_model,v0005,sof-00678,software,Delacroix software 678,8.5,eol,2021-01-06T02:41:34Z,\N,2021-01-06T02:41:34Z,\N,1,assert
acme:product_model:v0126-har-00684-hardware~51a7b70ee405,product_model,v0126,har-00684,hardware,Chowdhury hardware 684,3.7,supported,2021-01-06T02:31:11Z,\N,2021-01-06T02:31:11Z,\N,1,assert
acme:product_model:v0157-sof-00688-software~f6fee21f3ba7,product_model,v0157,sof-00688,software,Marchetti software 688,3.7,supported,2021-01-06T06:31:15Z,\N,2021-01-06T06:31:15Z,\N,1,assert
acme:product_model:v0067-sof-00689-software~ac57ed88c8d3,product_model,v0067,sof-00689,software,Fontaine software 689,7.2,supported,2021-01-06T13:50:11Z,\N,2021-01-06T13:50:11Z,\N,1,assert
acme:product_model:v0177-sof-00691-software~b04a35dae4cf,product_model,v0177,sof-00691,software,Nakamura software 691,21.8,supported,2021-01-06T08:20:38Z,\N,2021-01-06T08:20:38Z,\N,1,assert
acme:product_model:v0004-ser-00696-service~281b49e5428e,product_model,v0004,ser-00696,service,Quintero service 696,11.1,supported,2021-01-06T21:08:49Z,\N,2021-01-06T21:08:49Z,\N,1,assert
acme:product_model:v0122-ser-00705-service~5b4b4a9d227a,product_model,v0122,ser-00705,service,Quintero service 705,6.6,unknown,2021-01-06T23:03:09Z,\N,2021-01-06T23:03:09Z,\N,1,assert
acme:product_model:v0121-ser-00706-service~817b6ddc59a8,product_model,v0121,ser-00706,service,Ivanova service 706,2.2,eol,2021-01-06T08:09:03Z,\N,2021-01-06T08:09:03Z,\N,1,assert
acme:product_model:v0099-sof-00710-software~7cffc996d612,product_model,v0099,sof-00710,software,Vaughan software 710,12.2,supported,2021-01-06T06:56:25Z,\N,2021-01-06T06:56:25Z,\N,1,assert
acme:product_model:v0038-con-00713-consumable~824936823cc6,product_model,v0038,con-00713,consumable,Gundersen consumable 713,11.3,unknown,2021-01-06T06:21:00Z,\N,2021-01-06T06:21:00Z,\N,1,assert
acme:product_model:v0041-con-00714-consumable~37e5828ce800,product_model,v0041,con-00714,consumable,Santos consumable 714,10.5,unsupported,2021-01-06T19:16:27Z,\N,2021-01-06T19:16:27Z,\N,1,assert
acme:product_model:v0116-sof-00715-software~2a74b1c3db67,product_model,v0116,sof-00715,software,Tanaka software 715,11.6,supported,2021-01-06T21:30:00Z,\N,2021-01-06T21:30:00Z,\N,1,assert
acme:product_model:v0140-sof-00716-software~8df3ea242f67,product_model,v0140,sof-00716,software,Gundersen software 716,13.5,eol,2021-01-06T10:48:32Z,\N,2021-01-06T10:48:32Z,\N,1,assert
acme:product_model:v0081-ser-00733-service~676ae96c2df5,product_model,v0081,ser-00733,service,Ueda service 733,13.4,unsupported,2021-01-06T16:05:04Z,\N,2021-01-06T16:05:04Z,\N,1,assert
acme:product_model:v0109-sof-00737-software~0d958f5f70a1,product_model,v0109,sof-00737,software,Nakamura software 737,21.0,eol,2021-01-06T03:24:23Z,\N,2021-01-06T03:24:23Z,\N,1,assert
acme:product_model:v0084-sof-00746-software~d2b5346cd137,product_model,v0084,sof-00746,software,Abbott software 746,4.6,supported,2021-01-06T10:17:07Z,\N,2021-01-06T10:17:07Z,\N,1,assert
acme:product_model:v0115-ser-00749-service~f88719c72c54,product_model,v0115,ser-00749,service,Kovac service 749,22.3,eol,2021-01-06T02:41:04Z,\N,2021-01-06T02:41:04Z,\N,1,assert
acme:product_model:v0177-sof-00756-software~85c130581b45,product_model,v0177,sof-00756,software,Haddad software 756,5.2,supported,2021-01-06T09:58:43Z,\N,2021-01-06T09:58:43Z,\N,1,assert
acme:product_model:v0149-sof-00758-software~b01d70eddb11,product_model,v0149,sof-00758,software,Baptiste software 758,8.5,eol,2021-01-06T08:12:58Z,\N,2021-01-06T08:12:58Z,\N,1,assert
acme:product_model:v0062-har-00759-hardware~0f6202696d89,product_model,v0062,har-00759,hardware,Abbott hardware 759,15.1,eol,2021-01-06T08:33:25Z,\N,2021-01-06T08:33:25Z,\N,1,assert
acme:product_model:v0062-sof-00760-software~76231a73cd9b,product_model,v0062,sof-00760,software,Tanaka software 760,18.0,supported,2021-01-06T01:01:57Z,\N,2021-01-06T01:01:57Z,\N,1,assert
acme:product_model:v0082-sof-00778-software~5e50fcc81f5d,product_model,v0082,sof-00778,software,Abbott software 778,10.9,unknown,2021-01-06T15:42:27Z,\N,2021-01-06T15:42:27Z,\N,1,assert
acme:product_model:v0055-sof-00781-software~315458dbc1b2,product_model,v0055,sof-00781,software,Fontaine software 781,23.7,supported,2021-01-06T05:27:44Z,\N,2021-01-06T05:27:44Z,\N,1,assert
acme:product_model:v0161-sof-00783-software~2f19b4ade226,product_model,v0161,sof-00783,software,Lindqvist software 783,10.8,eol,2021-01-06T17:05:49Z,\N,2021-01-06T17:05:49Z,\N,1,assert
acme:product_model:v0110-sof-00785-software~0d480d5383da,product_model,v0110,sof-00785,software,Haddad software 785,13.8,unsupported,2021-01-06T13:56:23Z,\N,2021-01-06T13:56:23Z,\N,1,assert
acme:product_model:v0160-ser-00787-service~2752716a084f,product_model,v0160,ser-00787,service,Vaughan service 787,17.5,supported,2021-01-06T04:09:00Z,\N,2021-01-06T04:09:00Z,\N,1,assert
acme:product_model:v0138-sof-00788-software~04714889a343,product_model,v0138,sof-00788,software,Castellanos software 788,1.3,supported,2021-01-06T06:00:20Z,\N,2021-01-06T06:00:20Z,\N,1,assert
acme:product_model:v0114-sof-00792-software~4bc60119e36a,product_model,v0114,sof-00792,software,Tanaka software 792,10.6,supported,2021-01-06T17:39:43Z,\N,2021-01-06T17:39:43Z,\N,1,assert
acme:product_model:v0017-sof-00794-software~3e7b0c04550f,product_model,v0017,sof-00794,software,Nakamura software 794,11.3,supported,2021-01-06T02:58:04Z,\N,2021-01-06T02:58:04Z,\N,1,assert
acme:product_model:v0131-sof-00795-software~93413784aaa0,product_model,v0131,sof-00795,software,Santos software 795,23.11,unsupported,2021-01-06T22:24:46Z,\N,2021-01-06T22:24:46Z,\N,1,assert
acme:product_model:v0155-sof-00796-software~6efc113df3be,product_model,v0155,sof-00796,software,Okonkwo software 796,10.11,supported,2021-01-06T03:11:42Z,\N,2021-01-06T03:11:42Z,\N,1,assert
acme:product_model:v0143-sof-00799-software~554cc3a69220,product_model,v0143,sof-00799,software,Gundersen software 799,12.0,supported,2021-01-06T18:33:52Z,\N,2021-01-06T18:33:52Z,\N,1,assert
acme:product_model:v0019-sof-00806-software~3d4c5f9839bb,product_model,v0019,sof-00806,software,Novak software 806,18.8,supported,2021-01-06T17:15:23Z,\N,2021-01-06T17:15:23Z,\N,1,assert
acme:product_model:v0177-ser-00812-service~861e1a3c6f9e,product_model,v0177,ser-00812,service,Nakamura service 812,3.7,supported,2021-01-06T01:49:08Z,\N,2021-01-06T01:49:08Z,\N,1,assert
acme:product_model:v0079-har-00815-hardware~91f7c01eedba,product_model,v0079,har-00815,hardware,Santos hardware 815,6.10,eol,2021-01-06T01:50:47Z,\N,2021-01-06T01:50:47Z,\N,1,assert
acme:product_model:v0173-sof-00816-software~c8c71cb52992,product_model,v0173,sof-00816,software,Quintero software 816,5.8,supported,2021-01-06T16:02:08Z,\N,2021-01-06T16:02:08Z,\N,1,assert
acme:product_model:v0057-sof-00821-software~0c8a35886cc0,product_model,v0057,sof-00821,software,Santos software 821,7.1,eol,2021-01-06T21:57:57Z,\N,2021-01-06T21:57:57Z,\N,1,assert
acme:product_model:v0029-sof-00822-software~64d0e03bd3d5,product_model,v0029,sof-00822,software,Abbott software 822,23.2,supported,2021-01-06T00:53:57Z,\N,2021-01-06T00:53:57Z,\N,1,assert
acme:product_model:v0066-sof-00824-software~54a11f4d3d08,product_model,v0066,sof-00824,software,Haddad software 824,3.2,supported,2021-01-06T07:51:46Z,\N,2021-01-06T07:51:46Z,\N,1,assert
acme:product_model:v0005-ser-00835-service~076617699f0b,product_model,v0005,ser-00835,service,Novak service 835,13.11,unsupported,2021-01-06T00:41:26Z,\N,2021-01-06T00:41:26Z,\N,1,assert
acme:product_model:v0099-sof-00851-software~0606cea22852,product_model,v0099,sof-00851,software,Baptiste software 851,12.5,eol,2021-01-06T16:13:44Z,\N,2021-01-06T16:13:44Z,\N,1,assert
acme:product_model:v0069-sof-00855-software~a262e6855621,product_model,v0069,sof-00855,software,Oyelaran software 855,4.3,supported,2021-01-06T16:31:13Z,\N,2021-01-06T16:31:13Z,\N,1,assert
acme:product_model:v0061-sof-00857-software~042815e93b6f,product_model,v0061,sof-00857,software,Kovac software 857,14.1,eol,2021-01-06T19:00:01Z,\N,2021-01-06T19:00:01Z,\N,1,assert
acme:product_model:v0145-sof-00860-software~0d741da40ff8,product_model,v0145,sof-00860,software,Chowdhury software 860,23.10,supported,2021-01-06T05:36:45Z,\N,2021-01-06T05:36:45Z,\N,1,assert
acme:product_model:v0152-har-00870-hardware~b8bfcd6ca400,product_model,v0152,har-00870,hardware,Marchetti hardware 870,5.2,eol,2021-01-06T12:36:57Z,\N,2021-01-06T12:36:57Z,\N,1,assert
acme:product_model:v0108-sof-00872-software~ddec65952fbf,product_model,v0108,sof-00872,software,Thorsen software 872,8.8,supported,2021-01-06T14:28:11Z,\N,2021-01-06T14:28:11Z,\N,1,assert
acme:product_model:v0112-sof-00874-software~a3450cf40221,product_model,v0112,sof-00874,software,Kaminski software 874,22.9,eol,2021-01-06T11:15:31Z,\N,2021-01-06T11:15:31Z,\N,1,assert
acme:product_model:v0089-har-00876-hardware~778cfb607b0d,product_model,v0089,har-00876,hardware,Eberhardt hardware 876,19.8,supported,2021-01-06T12:17:56Z,\N,2021-01-06T12:17:56Z,\N,1,assert
acme:product_model:v0179-sof-00879-software~4f99b50f9105,product_model,v0179,sof-00879,software,Weiss software 879,2.5,unsupported,2021-01-06T16:57:55Z,\N,2021-01-06T16:57:55Z,\N,1,assert
acme:product_model:v0154-sof-00882-software~9756a0c16ac1,product_model,v0154,sof-00882,software,Rasmussen software 882,15.10,unsupported,2021-01-06T21:31:21Z,\N,2021-01-06T21:31:21Z,\N,1,assert
acme:product_model:v0115-sof-00906-software~6bd57187b5c9,product_model,v0115,sof-00906,software,Kovac software 906,13.2,unsupported,2021-01-06T17:46:22Z,\N,2021-01-06T17:46:22Z,\N,1,assert
acme:product_model:v0025-ser-00911-service~6bc173c0e8c1,product_model,v0025,ser-00911,service,Tanaka service 911,7.10,supported,2021-01-06T14:06:44Z,\N,2021-01-06T14:06:44Z,\N,1,assert
acme:product_model:v0023-har-00923-hardware~b21430c2cbcf,product_model,v0023,har-00923,hardware,Ivanova hardware 923,13.7,unknown,2021-01-06T11:58:35Z,\N,2021-01-06T11:58:35Z,\N,1,assert
acme:product_model:v0064-ser-00926-service~03756e9bf5b6,product_model,v0064,ser-00926,service,Castellanos service 926,18.3,supported,2021-01-06T20:18:29Z,\N,2021-01-06T20:18:29Z,\N,1,assert
acme:product_model:v0172-sof-00928-software~434414bf00ca,product_model,v0172,sof-00928,software,Silvestri software 928,1.1,unsupported,2021-01-06T05:07:32Z,\N,2021-01-06T05:07:32Z,\N,1,assert
acme:product_model:v0148-ser-00954-service~12eabf507044,product_model,v0148,ser-00954,service,Pereira service 954,8.6,supported,2021-01-06T05:26:24Z,\N,2021-01-06T05:26:24Z,\N,1,assert
acme:product_model:v0123-sof-00968-software~042bc0fcba4e,product_model,v0123,sof-00968,software,Fontaine software 968,4.8,unknown,2021-01-06T13:04:03Z,\N,2021-01-06T13:04:03Z,\N,1,assert
acme:product_model:v0041-sof-00969-software~98e1d8a61b1d,product_model,v0041,sof-00969,software,Marchetti software 969,23.9,supported,2021-01-06T06:01:04Z,\N,2021-01-06T06:01:04Z,\N,1,assert
acme:product_model:v0060-har-00974-hardware~defdaeb8500f,product_model,v0060,har-00974,hardware,Schneider hardware 974,2.9,supported,2021-01-06T15:51:44Z,\N,2021-01-06T15:51:44Z,\N,1,assert
acme:product_model:v0177-har-00976-hardware~63cb7bab78d4,product_model,v0177,har-00976,hardware,Mbatha hardware 976,16.9,supported,2021-01-06T19:58:26Z,\N,2021-01-06T19:58:26Z,\N,1,assert
acme:product_model:v0068-sof-00999-software~9d6518ad39b1,product_model,v0068,sof-00999,software,Kaminski software 999,3.6,supported,2021-01-06T04:46:39Z,\N,2021-01-06T04:46:39Z,\N,1,assert
acme:product_model:v0028-sof-01004-software~77a5780144ad,product_model,v0028,sof-01004,software,Ivanova software 1004,16.11,supported,2021-01-06T12:58:56Z,\N,2021-01-06T12:58:56Z,\N,1,assert
acme:product_model:v0087-har-01005-hardware~e69a0f99adff,product_model,v0087,har-01005,hardware,Mbatha hardware 1005,16.3,supported,2021-01-06T07:40:26Z,\N,2021-01-06T07:40:26Z,\N,1,assert
acme:product_model:v0037-ser-01006-service~d51dad378c42,product_model,v0037,ser-01006,service,Oyelaran service 1006,16.2,unsupported,2021-01-06T13:46:11Z,\N,2021-01-06T13:46:11Z,\N,1,assert
acme:product_model:v0066-ser-01010-service~ffa1391efb8e,product_model,v0066,ser-01010,service,Bergstrom service 1010,7.6,unsupported,2021-01-06T06:38:39Z,\N,2021-01-06T06:38:39Z,\N,1,assert
acme:product_model:v0112-sof-01018-software~768ee5766ea3,product_model,v0112,sof-01018,software,Yilmaz software 1018,16.7,eol,2021-01-06T21:54:13Z,\N,2021-01-06T21:54:13Z,\N,1,assert
acme:product_model:v0052-sof-01026-software~0d4a8bc0fdaa,product_model,v0052,sof-01026,software,Kovac software 1026,12.10,eol,2021-01-06T15:30:13Z,\N,2021-01-06T15:30:13Z,\N,1,assert
acme:product_model:v0144-har-01028-hardware~9f88eae78a0e,product_model,v0144,har-01028,hardware,Rasmussen hardware 1028,9.6,eol,2021-01-06T02:55:32Z,\N,2021-01-06T02:55:32Z,\N,1,assert
acme:product_model:v0083-ser-01031-service~19897223b832,product_model,v0083,ser-01031,service,Ueda service 1031,17.2,eol,2021-01-06T19:24:25Z,\N,2021-01-06T19:24:25Z,\N,1,assert
acme:product_model:v0159-sof-01033-software~0c25943315d2,product_model,v0159,sof-01033,software,Ivanova software 1033,9.1,eol,2021-01-06T18:30:27Z,\N,2021-01-06T18:30:27Z,\N,1,assert
acme:product_model:v0083-ser-01038-service~37d9147033e0,product_model,v0083,ser-01038,service,Jablonski service 1038,15.8,eol,2021-01-06T11:33:13Z,\N,2021-01-06T11:33:13Z,\N,1,assert
acme:product_model:v0035-sof-01040-software~b0a8130a638f,product_model,v0035,sof-01040,software,Kaminski software 1040,7.1,unsupported,2021-01-06T01:07:25Z,\N,2021-01-06T01:07:25Z,\N,1,assert
acme:product_model:v0168-sof-01041-software~ad4af51a6f5e,product_model,v0168,sof-01041,software,Yilmaz software 1041,5.7,supported,2021-01-06T16:10:46Z,\N,2021-01-06T16:10:46Z,\N,1,assert
acme:product_model:v0154-sof-01044-software~87437e0b1a86,product_model,v0154,sof-01044,software,Bergstrom software 1044,19.4,eol,2021-01-06T08:01:30Z,\N,2021-01-06T08:01:30Z,\N,1,assert
acme:product_model:v0062-sof-01054-software~6f5037ceb64f,product_model,v0062,sof-01054,software,Bergstrom software 1054,14.8,supported,2021-01-06T13:35:51Z,\N,2021-01-06T13:35:51Z,\N,1,assert
acme:product_model:v0117-sof-01057-software~527507258258,product_model,v0117,sof-01057,software,Abbott software 1057,13.4,supported,2021-01-06T00:49:36Z,\N,2021-01-06T00:49:36Z,\N,1,assert
acme:product_model:v0032-sof-01058-software~c6b3140a39c2,product_model,v0032,sof-01058,software,Kaminski software 1058,11.10,eol,2021-01-06T21:27:36Z,\N,2021-01-06T21:27:36Z,\N,1,assert
acme:product_model:v0122-har-01059-hardware~27d582c81fc3,product_model,v0122,har-01059,hardware,Haddad hardware 1059,1.0,eol,2021-01-06T06:10:07Z,\N,2021-01-06T06:10:07Z,\N,1,assert
acme:product_model:v0135-sof-01060-software~fbdbc3f07d79,product_model,v0135,sof-01060,software,Okonkwo software 1060,4.7,supported,2021-01-06T07:04:34Z,\N,2021-01-06T07:04:34Z,\N,1,assert
acme:product_model:v0077-sof-01064-software~7a954b0900d4,product_model,v0077,sof-01064,software,Gallagher software 1064,17.0,eol,2021-01-06T20:40:40Z,\N,2021-01-06T20:40:40Z,\N,1,assert
acme:product_model:v0041-ser-01065-service~c68a382e6036,product_model,v0041,ser-01065,service,Mbatha service 1065,10.8,supported,2021-01-06T17:44:28Z,\N,2021-01-06T17:44:28Z,\N,1,assert
acme:product_model:v0146-sof-01067-software~a9aca9f0581e,product_model,v0146,sof-01067,software,Quintero software 1067,2.11,supported,2021-01-06T00:31:06Z,\N,2021-01-06T00:31:06Z,\N,1,assert
acme:product_model:v0139-har-01072-hardware~c19adc4100c0,product_model,v0139,har-01072,hardware,Haddad hardware 1072,1.6,supported,2021-01-06T03:29:01Z,\N,2021-01-06T03:29:01Z,\N,1,assert
acme:product_model:v0081-sof-01079-software~012c1b547fcc,product_model,v0081,sof-01079,software,Novak software 1079,11.11,supported,2021-01-06T10:18:30Z,\N,2021-01-06T10:18:30Z,\N,1,assert
acme:product_model:v0045-ser-01087-service~78c86a362ded,product_model,v0045,ser-01087,service,Ivanova service 1087,4.1,supported,2021-01-06T15:49:00Z,\N,2021-01-06T15:49:00Z,\N,1,assert
acme:product_model:v0141-har-01091-hardware~33fca6e8183f,product_model,v0141,har-01091,hardware,Ueda hardware 1091,17.0,eol,2021-01-06T08:56:30Z,\N,2021-01-06T08:56:30Z,\N,1,assert
acme:product_model:v0103-sof-01093-software~539edf7b1539,product_model,v0103,sof-01093,software,Weiss software 1093,9.8,supported,2021-01-06T00:10:28Z,\N,2021-01-06T00:10:28Z,\N,1,assert
acme:product_model:v0093-sof-01094-software~a1a0993f861d,product_model,v0093,sof-01094,software,Okonkwo software 1094,11.9,supported,2021-01-06T09:05:54Z,\N,2021-01-06T09:05:54Z,\N,1,assert
acme:product_model:v0116-har-01095-hardware~8c3eda658cb6,product_model,v0116,har-01095,hardware,Okonkwo hardware 1095,2.0,supported,2021-01-06T07:26:01Z,\N,2021-01-06T07:26:01Z,\N,1,assert
acme:product_model:v0117-sof-01098-software~b00d50ede3b7,product_model,v0117,sof-01098,software,Tanaka software 1098,19.7,supported,2021-01-06T23:20:28Z,\N,2021-01-06T23:20:28Z,\N,1,assert
acme:product_model:v0068-ser-01099-service~37d20e6dea66,product_model,v0068,ser-01099,service,Kovac service 1099,13.8,unsupported,2021-01-06T06:32:55Z,\N,2021-01-06T06:32:55Z,\N,1,assert
acme:product_model:v0168-har-01100-hardware~e7931faecf2b,product_model,v0168,har-01100,hardware,Baptiste hardware 1100,20.3,supported,2021-01-06T14:44:12Z,\N,2021-01-06T14:44:12Z,\N,1,assert
acme:product_model:v0175-ser-01108-service~f3d5da7bb1e8,product_model,v0175,ser-01108,service,Rasmussen service 1108,8.3,supported,2021-01-06T04:56:59Z,\N,2021-01-06T04:56:59Z,\N,1,assert
acme:product_model:v0102-sof-01118-software~eefd6464947f,product_model,v0102,sof-01118,software,Gundersen software 1118,1.8,unknown,2021-01-06T13:00:41Z,\N,2021-01-06T13:00:41Z,\N,1,assert
acme:product_model:v0116-sof-01124-software~c58f4aa073ca,product_model,v0116,sof-01124,software,Kovac software 1124,6.6,supported,2021-01-06T04:37:59Z,\N,2021-01-06T04:37:59Z,\N,1,assert
acme:product_model:v0002-sof-01125-software~d7520cf77db3,product_model,v0002,sof-01125,software,Oyelaran software 1125,20.1,supported,2021-01-06T01:32:34Z,\N,2021-01-06T01:32:34Z,\N,1,assert
acme:product_model:v0039-har-01128-hardware~2773893b78d3,product_model,v0039,har-01128,hardware,Ivanova hardware 1128,10.9,eol,2021-01-06T10:04:38Z,\N,2021-01-06T10:04:38Z,\N,1,assert
acme:product_model:v0114-ser-01135-service~adb58f62dc63,product_model,v0114,ser-01135,service,Thorsen service 1135,23.5,supported,2021-01-06T15:59:59Z,\N,2021-01-06T15:59:59Z,\N,1,assert
acme:product_model:v0110-har-01144-hardware~989de89a506a,product_model,v0110,har-01144,hardware,Gallagher hardware 1144,21.3,supported,2021-01-06T14:32:50Z,\N,2021-01-06T14:32:50Z,\N,1,assert
acme:product_model:v0156-sof-01148-software~4851392b4256,product_model,v0156,sof-01148,software,Marchetti software 1148,4.5,eol,2021-01-06T17:36:26Z,\N,2021-01-06T17:36:26Z,\N,1,assert
acme:product_model:v0101-sof-01153-software~9a893a4680b2,product_model,v0101,sof-01153,software,Gallagher software 1153,17.0,supported,2021-01-06T11:04:34Z,\N,2021-01-06T11:04:34Z,\N,1,assert
acme:product_model:v0172-sof-01160-software~95b415c5f2b6,product_model,v0172,sof-01160,software,Nakamura software 1160,14.5,supported,2021-01-06T11:45:59Z,\N,2021-01-06T11:45:59Z,\N,1,assert
acme:product_model:v0023-sof-01163-software~7fa6d00bdd39,product_model,v0023,sof-01163,software,Kovac software 1163,4.6,supported,2021-01-06T23:14:46Z,\N,2021-01-06T23:14:46Z,\N,1,assert
acme:product_model:v0029-con-01166-consumable~39e216615c79,product_model,v0029,con-01166,consumable,Oyelaran consumable 1166,5.7,supported,2021-01-06T02:38:22Z,\N,2021-01-06T02:38:22Z,\N,1,assert
acme:product_model:v0003-con-01170-consumable~389f98445a18,product_model,v0003,con-01170,consumable,Kaminski consumable 1170,2.8,eol,2021-01-06T16:38:45Z,\N,2021-01-06T16:38:45Z,\N,1,assert
acme:product_model:v0034-con-01188-consumable~dfa8701d6d59,product_model,v0034,con-01188,consumable,Vaughan consumable 1188,15.6,supported,2021-01-06T07:56:33Z,\N,2021-01-06T07:56:33Z,\N,1,assert
acme:product_model:v0158-sof-01192-software~de5206b068ae,product_model,v0158,sof-01192,software,Gallagher software 1192,4.1,supported,2021-01-06T18:28:34Z,\N,2021-01-06T18:28:34Z,\N,1,assert
acme:product_model:v0077-ser-01194-service~a361e64a453d,product_model,v0077,ser-01194,service,Bergstrom service 1194,14.1,supported,2021-01-06T19:12:09Z,\N,2021-01-06T19:12:09Z,\N,1,assert
acme:product_model:v0165-sof-01198-software~e6e26b160a57,product_model,v0165,sof-01198,software,Jablonski software 1198,20.3,supported,2021-01-06T02:21:00Z,\N,2021-01-06T02:21:00Z,\N,1,assert
acme:product_model:v0147-sof-01200-software~076913c803be,product_model,v0147,sof-01200,software,Chowdhury software 1200,3.4,unsupported,2021-01-06T08:55:54Z,\N,2021-01-06T08:55:54Z,\N,1,assert
acme:product_model:v0073-sof-01203-software~8e2f4151948b,product_model,v0073,sof-01203,software,Kaminski software 1203,17.8,unknown,2021-01-06T03:56:14Z,\N,2021-01-06T03:56:14Z,\N,1,assert
acme:product_model:v0093-ser-01209-service~2e03519f78d9,product_model,v0093,ser-01209,service,Eberhardt service 1209,2.4,supported,2021-01-06T11:59:14Z,\N,2021-01-06T11:59:14Z,\N,1,assert
acme:product_model:v0147-con-01217-consumable~244a3f4ad427,product_model,v0147,con-01217,consumable,Ivanova consumable 1217,19.7,supported,2021-01-06T13:31:07Z,\N,2021-01-06T13:31:07Z,\N,1,assert
acme:product_model:v0116-har-01219-hardware~6ff6b9656ba5,product_model,v0116,har-01219,hardware,Jablonski hardware 1219,15.6,supported,2021-01-06T17:01:22Z,\N,2021-01-06T17:01:22Z,\N,1,assert
acme:product_model:v0012-sof-01248-software~20e3b21bfb7c,product_model,v0012,sof-01248,software,Santos software 1248,5.10,eol,2021-01-06T18:06:03Z,\N,2021-01-06T18:06:03Z,\N,1,assert
acme:product_model:v0112-sof-01249-software~0045f110e734,product_model,v0112,sof-01249,software,Abbott software 1249,5.7,eol,2021-01-06T11:47:21Z,\N,2021-01-06T11:47:21Z,\N,1,assert
acme:product_model:v0164-sof-01251-software~d2bf1be682f9,product_model,v0164,sof-01251,software,Ueda software 1251,5.1,eol,2021-01-06T01:50:42Z,\N,2021-01-06T01:50:42Z,\N,1,assert
acme:product_model:v0163-sof-01253-software~ca4b4f4d5815,product_model,v0163,sof-01253,software,Oyelaran software 1253,7.3,unsupported,2021-01-06T23:29:01Z,\N,2021-01-06T23:29:01Z,\N,1,assert
acme:product_model:v0011-sof-01255-software~2b35f1b7ce4f,product_model,v0011,sof-01255,software,Pereira software 1255,3.7,supported,2021-01-06T04:18:53Z,\N,2021-01-06T04:18:53Z,\N,1,assert
acme:product_model:v0013-har-01258-hardware~cfdac6084161,product_model,v0013,har-01258,hardware,Baptiste hardware 1258,6.1,unsupported,2021-01-06T12:52:54Z,\N,2021-01-06T12:52:54Z,\N,1,assert
acme:product_model:v0011-sof-01276-software~96122535c6a9,product_model,v0011,sof-01276,software,Abbott software 1276,23.0,supported,2021-01-06T06:13:49Z,\N,2021-01-06T06:13:49Z,\N,1,assert
acme:product_model:v0162-har-01280-hardware~84882102a313,product_model,v0162,har-01280,hardware,Lindqvist hardware 1280,3.10,supported,2021-01-06T09:18:26Z,\N,2021-01-06T09:18:26Z,\N,1,assert
acme:product_model:v0149-sof-01282-software~08a9f804998e,product_model,v0149,sof-01282,software,Silvestri software 1282,17.9,unsupported,2021-01-06T09:39:17Z,\N,2021-01-06T09:39:17Z,\N,1,assert
acme:product_model:v0060-sof-01283-software~163d99c74356,product_model,v0060,sof-01283,software,Weiss software 1283,14.10,eol,2021-01-06T16:21:51Z,\N,2021-01-06T16:21:51Z,\N,1,assert
acme:product_model:v0149-sof-01285-software~4a5b522b9134,product_model,v0149,sof-01285,software,Wagner software 1285,14.10,unsupported,2021-01-06T15:45:06Z,\N,2021-01-06T15:45:06Z,\N,1,assert
acme:product_model:v0097-sof-01300-software~bb2c5bfc437b,product_model,v0097,sof-01300,software,Delacroix software 1300,10.7,supported,2021-01-06T15:01:13Z,\N,2021-01-06T15:01:13Z,\N,1,assert
acme:product_model:v0036-sof-01303-software~aa8a78c14816,product_model,v0036,sof-01303,software,Castellanos software 1303,20.0,supported,2021-01-06T03:21:22Z,\N,2021-01-06T03:21:22Z,\N,1,assert
acme:product_model:v0159-sof-01304-software~57ae04895f91,product_model,v0159,sof-01304,software,Thorsen software 1304,15.1,supported,2021-01-06T10:27:45Z,\N,2021-01-06T10:27:45Z,\N,1,assert
acme:product_model:v0074-ser-01305-service~d03ec54dc38e,product_model,v0074,ser-01305,service,Novak service 1305,6.4,supported,2021-01-06T13:27:33Z,\N,2021-01-06T13:27:33Z,\N,1,assert
acme:product_model:v0166-har-01311-hardware~7b0e3dce29de,product_model,v0166,har-01311,hardware,Fontaine hardware 1311,10.8,supported,2021-01-06T20:36:47Z,\N,2021-01-06T20:36:47Z,\N,1,assert
acme:product_model:v0144-sof-01319-software~0a6f025143cb,product_model,v0144,sof-01319,software,Lindqvist software 1319,8.3,supported,2021-01-06T12:03:12Z,\N,2021-01-06T12:03:12Z,\N,1,assert
acme:product_model:v0132-ser-01322-service~3bac3557dfb8,product_model,v0132,ser-01322,service,Oyelaran service 1322,20.6,supported,2021-01-06T03:14:01Z,\N,2021-01-06T03:14:01Z,\N,1,assert
acme:product_model:v0137-ser-01331-service~287da68823ae,product_model,v0137,ser-01331,service,Ivanova service 1331,14.9,eol,2021-01-06T11:12:11Z,\N,2021-01-06T11:12:11Z,\N,1,assert
acme:product_model:v0052-ser-01334-service~e38be57c384a,product_model,v0052,ser-01334,service,Delacroix service 1334,4.3,supported,2021-01-06T04:38:40Z,\N,2021-01-06T04:38:40Z,\N,1,assert
acme:product_model:v0017-sof-01343-software~39a8f73e8cd7,product_model,v0017,sof-01343,software,Kovac software 1343,13.0,supported,2021-01-06T20:56:12Z,\N,2021-01-06T20:56:12Z,\N,1,assert
acme:product_model:v0062-ser-01350-service~691f209beeb6,product_model,v0062,ser-01350,service,Baptiste service 1350,13.6,supported,2021-01-06T11:22:04Z,\N,2021-01-06T11:22:04Z,\N,1,assert
acme:product_model:v0164-sof-01351-software~3359373d68aa,product_model,v0164,sof-01351,software,Vaughan software 1351,5.6,unsupported,2021-01-06T12:20:31Z,\N,2021-01-06T12:20:31Z,\N,1,assert
acme:product_model:v0042-ser-01355-service~8a6b4282a843,product_model,v0042,ser-01355,service,Baptiste service 1355,5.0,supported,2021-01-06T05:36:52Z,\N,2021-01-06T05:36:52Z,\N,1,assert
acme:product_model:v0098-ser-01373-service~b0161f714c4f,product_model,v0098,ser-01373,service,Bergstrom service 1373,3.5,unsupported,2021-01-06T17:06:51Z,\N,2021-01-06T17:06:51Z,\N,1,assert
acme:product_model:v0012-ser-01379-service~5e50b7539100,product_model,v0012,ser-01379,service,Castellanos service 1379,1.1,supported,2021-01-06T16:07:43Z,\N,2021-01-06T16:07:43Z,\N,1,assert
acme:product_model:v0086-sof-01389-software~2ede5e5530f5,product_model,v0086,sof-01389,software,Fontaine software 1389,5.11,supported,2021-01-06T08:34:05Z,\N,2021-01-06T08:34:05Z,\N,1,assert
acme:product_model:v0036-sof-01398-software~bcfb5847ea0d,product_model,v0036,sof-01398,software,Nakamura software 1398,1.10,unsupported,2021-01-06T17:28:34Z,\N,2021-01-06T17:28:34Z,\N,1,assert
acme:product_model:v0177-ser-01409-service~c0817b17c353,product_model,v0177,ser-01409,service,Gundersen service 1409,10.7,supported,2021-01-06T08:08:59Z,\N,2021-01-06T08:08:59Z,\N,1,assert
acme:product_model:v0002-sof-01415-software~caa7bfd9dbcf,product_model,v0002,sof-01415,software,Tanaka software 1415,2.9,supported,2021-01-06T02:21:22Z,\N,2021-01-06T02:21:22Z,\N,1,assert
acme:product_model:v0034-har-01417-hardware~6cbc6c26425a,product_model,v0034,har-01417,hardware,Mbatha hardware 1417,6.7,supported,2021-01-06T04:59:34Z,\N,2021-01-06T04:59:34Z,\N,1,assert
acme:product_model:v0041-har-01419-hardware~6a1d6e9ce5b4,product_model,v0041,har-01419,hardware,Bergstrom hardware 1419,6.10,eol,2021-01-06T18:54:41Z,\N,2021-01-06T18:54:41Z,\N,1,assert
acme:product_model:v0150-har-01446-hardware~27539319bc3c,product_model,v0150,har-01446,hardware,Novak hardware 1446,21.5,unknown,2021-01-06T08:18:11Z,\N,2021-01-06T08:18:11Z,\N,1,assert
acme:product_model:v0083-sof-01453-software~9e9b2d3413f5,product_model,v0083,sof-01453,software,Lindqvist software 1453,15.8,eol,2021-01-06T21:34:12Z,\N,2021-01-06T21:34:12Z,\N,1,assert
acme:product_model:v0160-sof-01459-software~be8122a0591f,product_model,v0160,sof-01459,software,Ivanova software 1459,8.1,unsupported,2021-01-06T03:25:31Z,\N,2021-01-06T03:25:31Z,\N,1,assert
acme:product_model:v0049-har-01462-hardware~4fadf4bd4e75,product_model,v0049,har-01462,hardware,Bergstrom hardware 1462,12.6,supported,2021-01-06T00:34:12Z,\N,2021-01-06T00:34:12Z,\N,1,assert
acme:product_model:v0065-sof-01470-software~4f4b03ff89a8,product_model,v0065,sof-01470,software,Eberhardt software 1470,23.6,eol,2021-01-06T15:57:42Z,\N,2021-01-06T15:57:42Z,\N,1,assert
acme:product_model:v0056-har-01476-hardware~c693f30adef4,product_model,v0056,har-01476,hardware,Vaughan hardware 1476,22.5,eol,2021-01-06T15:43:11Z,\N,2021-01-06T15:43:11Z,\N,1,assert
acme:product_model:v0084-sof-01478-software~32bfd1f21115,product_model,v0084,sof-01478,software,Bergstrom software 1478,4.3,supported,2021-01-06T20:02:17Z,\N,2021-01-06T20:02:17Z,\N,1,assert
acme:product_model:v0027-sof-01484-software~56c9d78fa7c7,product_model,v0027,sof-01484,software,Ueda software 1484,2.0,supported,2021-01-06T10:17:52Z,\N,2021-01-06T10:17:52Z,\N,1,assert
acme:product_model:v0080-ser-01486-service~a8175c6aa1fc,product_model,v0080,ser-01486,service,Quintero service 1486,6.9,eol,2021-01-06T03:54:19Z,\N,2021-01-06T03:54:19Z,\N,1,assert
acme:product_model:v0161-sof-01488-software~b81a8e6289ec,product_model,v0161,sof-01488,software,Quintero software 1488,3.10,unknown,2021-01-06T06:48:24Z,\N,2021-01-06T06:48:24Z,\N,1,assert
acme:product_model:v0053-sof-01489-software~fbc73afc5f7d,product_model,v0053,sof-01489,software,Yilmaz software 1489,1.4,supported,2021-01-06T08:57:44Z,\N,2021-01-06T08:57:44Z,\N,1,assert
acme:product_model:v0107-sof-01491-software~65ac9315f0b8,product_model,v0107,sof-01491,software,Gallagher software 1491,12.4,supported,2021-01-06T16:03:10Z,\N,2021-01-06T16:03:10Z,\N,1,assert
acme:product_model:v0075-sof-01493-software~d19b74549413,product_model,v0075,sof-01493,software,Thorsen software 1493,18.2,supported,2021-01-06T19:08:47Z,\N,2021-01-06T19:08:47Z,\N,1,assert
acme:product_model:v0100-har-01498-hardware~a3e5e40eea66,product_model,v0100,har-01498,hardware,Vaughan hardware 1498,2.8,supported,2021-01-06T06:28:46Z,\N,2021-01-06T06:28:46Z,\N,1,assert
acme:product_model:v0101-har-01501-hardware~ffea9e0a35b5,product_model,v0101,har-01501,hardware,Ueda hardware 1501,16.1,supported,2021-01-06T09:24:26Z,\N,2021-01-06T09:24:26Z,\N,1,assert
acme:product_model:v0030-con-01510-consumable~6a1a185447d5,product_model,v0030,con-01510,consumable,Tanaka consumable 1510,17.4,unsupported,2021-01-06T06:05:03Z,\N,2021-01-06T06:05:03Z,\N,1,assert
acme:product_model:v0081-ser-01515-service~dec5b90541aa,product_model,v0081,ser-01515,service,Quintero service 1515,11.7,supported,2021-01-06T05:41:16Z,\N,2021-01-06T05:41:16Z,\N,1,assert
acme:product_model:v0067-sof-01520-software~9c1173313c0c,product_model,v0067,sof-01520,software,Gallagher software 1520,22.3,eol,2021-01-06T13:29:54Z,\N,2021-01-06T13:29:54Z,\N,1,assert
acme:product_model:v0020-sof-01523-software~b1fa2b76676e,product_model,v0020,sof-01523,software,Rasmussen software 1523,15.1,unknown,2021-01-06T05:49:43Z,\N,2021-01-06T05:49:43Z,\N,1,assert
acme:product_model:v0033-har-01526-hardware~8f7acb73063b,product_model,v0033,har-01526,hardware,Yilmaz hardware 1526,12.7,supported,2021-01-06T08:23:46Z,\N,2021-01-06T08:23:46Z,\N,1,assert
acme:product_model:v0158-sof-01532-software~8f6765e50223,product_model,v0158,sof-01532,software,Pereira software 1532,17.1,supported,2021-01-06T05:33:23Z,\N,2021-01-06T05:33:23Z,\N,1,assert
acme:product_model:v0029-sof-01533-software~7df7081796e2,product_model,v0029,sof-01533,software,Fontaine software 1533,21.1,eol,2021-01-06T12:31:04Z,\N,2021-01-06T12:31:04Z,\N,1,assert
acme:product_model:v0145-sof-01535-software~d4aeff00270b,product_model,v0145,sof-01535,software,Schneider software 1535,18.3,supported,2021-01-06T15:52:36Z,\N,2021-01-06T15:52:36Z,\N,1,assert
acme:product_model:v0097-har-01536-hardware~cfe4d599c288,product_model,v0097,har-01536,hardware,Novak hardware 1536,19.0,eol,2021-01-06T02:19:22Z,\N,2021-01-06T02:19:22Z,\N,1,assert
acme:product_model:v0134-har-01540-hardware~3c898673de2a,product_model,v0134,har-01540,hardware,Kaminski hardware 1540,16.7,unsupported,2021-01-06T01:24:01Z,\N,2021-01-06T01:24:01Z,\N,1,assert
acme:product_model:v0056-har-01555-hardware~951f5d8f3bed,product_model,v0056,har-01555,hardware,Castellanos hardware 1555,22.3,eol,2021-01-06T04:03:25Z,\N,2021-01-06T04:03:25Z,\N,1,assert
acme:product_model:v0104-har-01570-hardware~36dc8cf502a0,product_model,v0104,har-01570,hardware,Fontaine hardware 1570,22.5,eol,2021-01-06T00:30:44Z,\N,2021-01-06T00:30:44Z,\N,1,assert
acme:product_model:v0088-har-01575-hardware~e6e728f00918,product_model,v0088,har-01575,hardware,Oyelaran hardware 1575,18.10,supported,2021-01-06T23:22:38Z,\N,2021-01-06T23:22:38Z,\N,1,assert
acme:product_model:v0090-ser-01580-service~8fa245053a8f,product_model,v0090,ser-01580,service,Kovac service 1580,8.1,unsupported,2021-01-06T14:45:18Z,\N,2021-01-06T14:45:18Z,\N,1,assert
acme:product_model:v0121-sof-01581-software~355f24353b1c,product_model,v0121,sof-01581,software,Pereira software 1581,19.7,supported,2021-01-06T00:15:54Z,\N,2021-01-06T00:15:54Z,\N,1,assert
acme:product_model:v0174-har-01583-hardware~bf2a3bec9783,product_model,v0174,har-01583,hardware,Kaminski hardware 1583,20.2,supported,2021-01-06T14:38:13Z,\N,2021-01-06T14:38:13Z,\N,1,assert
acme:product_model:v0127-ser-01590-service~f9658e2911b2,product_model,v0127,ser-01590,service,Haddad service 1590,10.11,supported,2021-01-06T07:20:33Z,\N,2021-01-06T07:20:33Z,\N,1,assert
acme:product_model:v0071-ser-01593-service~c65651ebd17b,product_model,v0071,ser-01593,service,Nakamura service 1593,20.10,supported,2021-01-06T10:27:33Z,\N,2021-01-06T10:27:33Z,\N,1,assert
acme:product_model:v0117-har-01599-hardware~55c40ac92180,product_model,v0117,har-01599,hardware,Mbatha hardware 1599,5.3,unsupported,2021-01-06T22:54:08Z,\N,2021-01-06T22:54:08Z,\N,1,assert
acme:product_model:v0096-har-01604-hardware~ea7490b849bf,product_model,v0096,har-01604,hardware,Gallagher hardware 1604,5.11,supported,2021-01-06T03:00:06Z,\N,2021-01-06T03:00:06Z,\N,1,assert
acme:product_model:v0089-sof-01605-software~1b9cd86d5e2b,product_model,v0089,sof-01605,software,Wagner software 1605,13.7,eol,2021-01-06T01:47:01Z,\N,2021-01-06T01:47:01Z,\N,1,assert
acme:product_model:v0108-sof-01607-software~5d7cc8eaaa71,product_model,v0108,sof-01607,software,Nakamura software 1607,4.9,supported,2021-01-06T16:38:25Z,\N,2021-01-06T16:38:25Z,\N,1,assert
acme:product_model:v0013-sof-01608-software~a93b4eb493a8,product_model,v0013,sof-01608,software,Gundersen software 1608,21.6,supported,2021-01-06T10:21:13Z,\N,2021-01-06T10:21:13Z,\N,1,assert
acme:product_model:v0169-sof-01612-software~deff0143ccbd,product_model,v0169,sof-01612,software,Zhang software 1612,8.7,supported,2021-01-06T22:16:31Z,\N,2021-01-06T22:16:31Z,\N,1,assert
acme:product_model:v0006-sof-01614-software~9bea90f0ab0f,product_model,v0006,sof-01614,software,Santos software 1614,17.3,supported,2021-01-06T17:41:44Z,\N,2021-01-06T17:41:44Z,\N,1,assert
acme:product_model:v0007-sof-01616-software~572c66c9cbe4,product_model,v0007,sof-01616,software,Delacroix software 1616,22.8,eol,2021-01-06T22:55:43Z,\N,2021-01-06T22:55:43Z,\N,1,assert
acme:product_model:v0119-sof-01617-software~4c661885c266,product_model,v0119,sof-01617,software,Yilmaz software 1617,7.4,supported,2021-01-06T13:14:20Z,\N,2021-01-06T13:14:20Z,\N,1,assert
acme:product_model:v0069-ser-01626-service~2a9829faf6d1,product_model,v0069,ser-01626,service,Gallagher service 1626,20.6,eol,2021-01-06T08:04:30Z,\N,2021-01-06T08:04:30Z,\N,1,assert
acme:product_model:v0121-sof-01627-software~738755718fea,product_model,v0121,sof-01627,software,Abbott software 1627,22.1,unknown,2021-01-06T07:11:01Z,\N,2021-01-06T07:11:01Z,\N,1,assert
acme:product_model:v0037-sof-01629-software~d5c9ee19ad99,product_model,v0037,sof-01629,software,Oyelaran software 1629,9.8,eol,2021-01-06T02:56:13Z,\N,2021-01-06T02:56:13Z,\N,1,assert
acme:product_model:v0131-sof-01632-software~2fbf98e59045,product_model,v0131,sof-01632,software,Nakamura software 1632,22.6,supported,2021-01-06T02:11:11Z,\N,2021-01-06T02:11:11Z,\N,1,assert
acme:product_model:v0066-sof-01641-software~53638acfcb61,product_model,v0066,sof-01641,software,Kovac software 1641,9.6,eol,2021-01-06T03:41:50Z,\N,2021-01-06T03:41:50Z,\N,1,assert
acme:product_model:v0054-ser-01646-service~981510d69af4,product_model,v0054,ser-01646,service,Silvestri service 1646,17.1,supported,2021-01-06T18:20:15Z,\N,2021-01-06T18:20:15Z,\N,1,assert
acme:product_model:v0094-sof-01647-software~461a963af3f8,product_model,v0094,sof-01647,software,Mbatha software 1647,11.3,unsupported,2021-01-06T05:43:24Z,\N,2021-01-06T05:43:24Z,\N,1,assert
acme:product_model:v0174-har-01648-hardware~57addbd1658a,product_model,v0174,har-01648,hardware,Kovac hardware 1648,21.8,supported,2021-01-06T23:36:52Z,\N,2021-01-06T23:36:52Z,\N,1,assert
acme:product_model:v0107-har-01652-hardware~6d1b00a4443c,product_model,v0107,har-01652,hardware,Bergstrom hardware 1652,10.2,supported,2021-01-06T03:09:57Z,\N,2021-01-06T03:09:57Z,\N,1,assert
acme:product_model:v0127-sof-01655-software~ef21aa2e6d00,product_model,v0127,sof-01655,software,Novak software 1655,7.11,supported,2021-01-06T20:53:47Z,\N,2021-01-06T20:53:47Z,\N,1,assert
acme:product_model:v0006-ser-01656-service~29c3de107c8d,product_model,v0006,ser-01656,service,Gundersen service 1656,4.2,supported,2021-01-06T22:57:06Z,\N,2021-01-06T22:57:06Z,\N,1,assert
acme:product_model:v0048-con-01664-consumable~83460c6d1a50,product_model,v0048,con-01664,consumable,Kovac consumable 1664,21.5,supported,2021-01-06T22:49:11Z,\N,2021-01-06T22:49:11Z,\N,1,assert
acme:product_model:v0060-sof-01676-software~953ed33c593b,product_model,v0060,sof-01676,software,Wagner software 1676,22.7,unsupported,2021-01-06T13:46:52Z,\N,2021-01-06T13:46:52Z,\N,1,assert
acme:product_model:v0019-ser-01686-service~25068f3853e5,product_model,v0019,ser-01686,service,Thorsen service 1686,8.3,eol,2021-01-06T19:16:04Z,\N,2021-01-06T19:16:04Z,\N,1,assert
acme:product_model:v0000-con-01696-consumable~ec90a3727079,product_model,v0000,con-01696,consumable,Gundersen consumable 1696,4.9,supported,2021-01-06T19:10:32Z,\N,2021-01-06T19:10:32Z,\N,1,assert
acme:product_model:v0091-sof-01697-software~ca8866e9a886,product_model,v0091,sof-01697,software,Fontaine software 1697,7.7,supported,2021-01-06T23:14:29Z,\N,2021-01-06T23:14:29Z,\N,1,assert
acme:product_model:v0141-sof-01699-software~fb4c890a7d79,product_model,v0141,sof-01699,software,Schneider software 1699,20.6,supported,2021-01-06T10:21:58Z,\N,2021-01-06T10:21:58Z,\N,1,assert
acme:product_model:v0161-sof-01702-software~b795b16e7152,product_model,v0161,sof-01702,software,Jablonski software 1702,5.2,supported,2021-01-06T20:25:57Z,\N,2021-01-06T20:25:57Z,\N,1,assert
acme:product_model:v0103-sof-01703-software~f358315fe404,product_model,v0103,sof-01703,software,Tanaka software 1703,17.8,unsupported,2021-01-06T06:03:06Z,\N,2021-01-06T06:03:06Z,\N,1,assert
acme:product_model:v0129-sof-01706-software~1add116599cf,product_model,v0129,sof-01706,software,Zhang software 1706,12.4,supported,2021-01-06T20:15:11Z,\N,2021-01-06T20:15:11Z,\N,1,assert
acme:product_model:v0151-sof-01707-software~72cbb4a915f8,product_model,v0151,sof-01707,software,Vaughan software 1707,6.3,supported,2021-01-06T02:08:47Z,\N,2021-01-06T02:08:47Z,\N,1,assert
acme:product_model:v0027-sof-01715-software~3ba6ef128b47,product_model,v0027,sof-01715,software,Gallagher software 1715,4.6,unsupported,2021-01-06T00:07:20Z,\N,2021-01-06T00:07:20Z,\N,1,assert
acme:product_model:v0011-sof-01718-software~0819acb671eb,product_model,v0011,sof-01718,software,Eberhardt software 1718,10.8,eol,2021-01-06T14:27:52Z,\N,2021-01-06T14:27:52Z,\N,1,assert
acme:product_model:v0144-ser-01724-service~d028991e1778,product_model,v0144,ser-01724,service,Novak service 1724,22.6,eol,2021-01-06T21:10:31Z,\N,2021-01-06T21:10:31Z,\N,1,assert
acme:product_model:v0040-sof-01733-software~5b9b419f5a50,product_model,v0040,sof-01733,software,Yilmaz software 1733,18.1,eol,2021-01-06T08:17:13Z,\N,2021-01-06T08:17:13Z,\N,1,assert
acme:product_model:v0048-sof-01747-software~f564ce61f1d2,product_model,v0048,sof-01747,software,Kovac software 1747,5.0,supported,2021-01-06T08:41:11Z,\N,2021-01-06T08:41:11Z,\N,1,assert
acme:product_model:v0179-sof-01748-software~9e8b7897e8b3,product_model,v0179,sof-01748,software,Kaminski software 1748,9.7,supported,2021-01-06T18:44:36Z,\N,2021-01-06T18:44:36Z,\N,1,assert
acme:product_model:v0079-sof-01749-software~696cd27eec45,product_model,v0079,sof-01749,software,Gundersen software 1749,11.10,supported,2021-01-06T14:09:08Z,\N,2021-01-06T14:09:08Z,\N,1,assert
acme:product_model:v0101-sof-01750-software~9dd0a006bdd4,product_model,v0101,sof-01750,software,Novak software 1750,11.7,unknown,2021-01-06T09:29:40Z,\N,2021-01-06T09:29:40Z,\N,1,assert
acme:product_model:v0084-ser-01752-service~70101bf24ccc,product_model,v0084,ser-01752,service,Tanaka service 1752,6.2,supported,2021-01-06T21:38:56Z,\N,2021-01-06T21:38:56Z,\N,1,assert
acme:product_model:v0164-ser-01758-service~cb71f772f7d0,product_model,v0164,ser-01758,service,Lindqvist service 1758,11.5,supported,2021-01-06T16:59:26Z,\N,2021-01-06T16:59:26Z,\N,1,assert
acme:product_model:v0137-ser-01762-service~8ee454233616,product_model,v0137,ser-01762,service,Novak service 1762,9.11,supported,2021-01-06T09:19:18Z,\N,2021-01-06T09:19:18Z,\N,1,assert
acme:product_model:v0057-har-01764-hardware~3f78149ac784,product_model,v0057,har-01764,hardware,Eberhardt hardware 1764,18.8,supported,2021-01-06T16:26:16Z,\N,2021-01-06T16:26:16Z,\N,1,assert
acme:product_model:v0038-sof-01775-software~d4f85acae0d2,product_model,v0038,sof-01775,software,Marchetti software 1775,13.6,supported,2021-01-06T12:41:15Z,\N,2021-01-06T12:41:15Z,\N,1,assert
acme:product_model:v0159-har-01781-hardware~d46d2d3f7cef,product_model,v0159,har-01781,hardware,Tanaka hardware 1781,2.2,eol,2021-01-06T02:59:15Z,\N,2021-01-06T02:59:15Z,\N,1,assert
acme:product_model:v0179-ser-01787-service~ceb3211fdd7a,product_model,v0179,ser-01787,service,Schneider service 1787,20.4,supported,2021-01-06T13:43:40Z,\N,2021-01-06T13:43:40Z,\N,1,assert
acme:product_model:v0020-sof-01788-software~dfdb1b8d9e4b,product_model,v0020,sof-01788,software,Gallagher software 1788,14.9,supported,2021-01-06T04:03:10Z,\N,2021-01-06T04:03:10Z,\N,1,assert
acme:product_model:v0132-sof-01789-software~dac80922b69a,product_model,v0132,sof-01789,software,Yilmaz software 1789,3.3,supported,2021-01-06T07:55:46Z,\N,2021-01-06T07:55:46Z,\N,1,assert
acme:product_model:v0021-ser-01790-service~1fcd120a3328,product_model,v0021,ser-01790,service,Silvestri service 1790,8.9,unsupported,2021-01-06T06:42:37Z,\N,2021-01-06T06:42:37Z,\N,1,assert
acme:product_model:v0030-sof-01793-software~3c2c61e82821,product_model,v0030,sof-01793,software,Schneider software 1793,3.2,supported,2021-01-06T02:59:51Z,\N,2021-01-06T02:59:51Z,\N,1,assert
acme:product_model:v0057-sof-01794-software~472989a49ee9,product_model,v0057,sof-01794,software,Novak software 1794,4.7,supported,2021-01-06T03:50:08Z,\N,2021-01-06T03:50:08Z,\N,1,assert
acme:product_model:v0064-har-01797-hardware~290f379f3100,product_model,v0064,har-01797,hardware,Gallagher hardware 1797,22.8,supported,2021-01-06T22:41:19Z,\N,2021-01-06T22:41:19Z,\N,1,assert
acme:product_model:v0162-sof-01799-software~a910b1fb29f7,product_model,v0162,sof-01799,software,Yilmaz software 1799,1.8,supported,2021-01-06T00:25:11Z,\N,2021-01-06T00:25:11Z,\N,1,assert
acme:product_model:v0172-ser-01804-service~07112a2468ff,product_model,v0172,ser-01804,service,Marchetti service 1804,5.4,supported,2021-01-06T10:41:20Z,\N,2021-01-06T10:41:20Z,\N,1,assert
acme:product_model:v0144-sof-01805-software~ac11b691ce5f,product_model,v0144,sof-01805,software,Novak software 1805,17.2,supported,2021-01-06T12:57:24Z,\N,2021-01-06T12:57:24Z,\N,1,assert
acme:product_model:v0166-har-01815-hardware~1b471743cb78,product_model,v0166,har-01815,hardware,Baptiste hardware 1815,2.9,supported,2021-01-06T08:49:36Z,\N,2021-01-06T08:49:36Z,\N,1,assert
acme:product_model:v0076-sof-01818-software~9da013102caa,product_model,v0076,sof-01818,software,Pereira software 1818,6.10,supported,2021-01-06T01:23:57Z,\N,2021-01-06T01:23:57Z,\N,1,assert
acme:product_model:v0050-ser-01824-service~79fd38d637f6,product_model,v0050,ser-01824,service,Oyelaran service 1824,15.3,supported,2021-01-06T15:51:15Z,\N,2021-01-06T15:51:15Z,\N,1,assert
acme:product_model:v0007-sof-01827-software~46b391fd9535,product_model,v0007,sof-01827,software,Mbatha software 1827,5.5,supported,2021-01-06T12:25:48Z,\N,2021-01-06T12:25:48Z,\N,1,assert
acme:product_model:v0012-sof-01829-software~8c2df90c3ecd,product_model,v0012,sof-01829,software,Silvestri software 1829,22.3,unsupported,2021-01-06T13:18:15Z,\N,2021-01-06T13:18:15Z,\N,1,assert
acme:product_model:v0168-har-01834-hardware~5c3981c79aa6,product_model,v0168,har-01834,hardware,Rasmussen hardware 1834,4.10,supported,2021-01-06T10:32:06Z,\N,2021-01-06T10:32:06Z,\N,1,assert
acme:product_model:v0108-har-01842-hardware~d93aff24200e,product_model,v0108,har-01842,hardware,Castellanos hardware 1842,22.7,unsupported,2021-01-06T12:41:58Z,\N,2021-01-06T12:41:58Z,\N,1,assert
acme:product_model:v0007-sof-01850-software~84adb8e8710e,product_model,v0007,sof-01850,software,Gallagher software 1850,13.7,supported,2021-01-06T08:28:30Z,\N,2021-01-06T08:28:30Z,\N,1,assert
acme:product_model:v0025-har-01854-hardware~261682808df9,product_model,v0025,har-01854,hardware,Nakamura hardware 1854,12.8,supported,2021-01-06T03:22:15Z,\N,2021-01-06T03:22:15Z,\N,1,assert
acme:product_model:v0100-har-01855-hardware~298d579bc2f6,product_model,v0100,har-01855,hardware,Yilmaz hardware 1855,18.11,eol,2021-01-06T10:47:53Z,\N,2021-01-06T10:47:53Z,\N,1,assert
acme:product_model:v0140-har-01863-hardware~2e01916c8591,product_model,v0140,har-01863,hardware,Silvestri hardware 1863,5.3,supported,2021-01-06T13:01:43Z,\N,2021-01-06T13:01:43Z,\N,1,assert
acme:product_model:v0076-sof-01864-software~fe2df1b3b003,product_model,v0076,sof-01864,software,Kovac software 1864,19.2,eol,2021-01-06T15:25:18Z,\N,2021-01-06T15:25:18Z,\N,1,assert
acme:product_model:v0099-har-01865-hardware~45ff4d660ae1,product_model,v0099,har-01865,hardware,Jablonski hardware 1865,23.7,supported,2021-01-06T23:20:54Z,\N,2021-01-06T23:20:54Z,\N,1,assert
acme:product_model:v0028-har-01872-hardware~bc69887bd4b5,product_model,v0028,har-01872,hardware,Tanaka hardware 1872,9.3,supported,2021-01-06T10:00:42Z,\N,2021-01-06T10:00:42Z,\N,1,assert
acme:product_model:v0019-ser-01882-service~f77ee2bf9fe4,product_model,v0019,ser-01882,service,Ueda service 1882,18.1,supported,2021-01-06T05:34:39Z,\N,2021-01-06T05:34:39Z,\N,1,assert
acme:product_model:v0037-ser-01891-service~ae1603b1b621,product_model,v0037,ser-01891,service,Kovac service 1891,1.9,supported,2021-01-06T05:14:52Z,\N,2021-01-06T05:14:52Z,\N,1,assert
acme:product_model:v0089-sof-01899-software~8a9dd3cef35f,product_model,v0089,sof-01899,software,Santos software 1899,6.1,supported,2021-01-06T12:43:29Z,\N,2021-01-06T12:43:29Z,\N,1,assert
acme:product_model:v0009-sof-01905-software~40b88a915950,product_model,v0009,sof-01905,software,Fontaine software 1905,19.6,supported,2021-01-06T19:47:15Z,\N,2021-01-06T19:47:15Z,\N,1,assert
acme:product_model:v0125-sof-01911-software~0f54e8e10ea5,product_model,v0125,sof-01911,software,Delacroix software 1911,6.2,eol,2021-01-06T20:35:36Z,\N,2021-01-06T20:35:36Z,\N,1,assert
acme:product_model:v0026-sof-01913-software~008b2582318c,product_model,v0026,sof-01913,software,Abbott software 1913,17.11,eol,2021-01-06T05:56:39Z,\N,2021-01-06T05:56:39Z,\N,1,assert
acme:product_model:v0036-sof-01914-software~bc0186f9ea68,product_model,v0036,sof-01914,software,Zhang software 1914,2.9,supported,2021-01-06T01:48:37Z,\N,2021-01-06T01:48:37Z,\N,1,assert
acme:product_model:v0118-har-01918-hardware~d344ad4a82a9,product_model,v0118,har-01918,hardware,Schneider hardware 1918,13.10,unsupported,2021-01-06T06:30:53Z,\N,2021-01-06T06:30:53Z,\N,1,assert
acme:product_model:v0051-sof-01923-software~18c9a61f0ad2,product_model,v0051,sof-01923,software,Pereira software 1923,13.1,supported,2021-01-06T18:00:14Z,\N,2021-01-06T18:00:14Z,\N,1,assert
acme:product_model:v0005-ser-01925-service~f37f3af38020,product_model,v0005,ser-01925,service,Baptiste service 1925,4.4,unsupported,2021-01-06T18:31:02Z,\N,2021-01-06T18:31:02Z,\N,1,assert
acme:product_model:v0042-sof-01934-software~3dd8d9c1806e,product_model,v0042,sof-01934,software,Baptiste software 1934,4.4,supported,2021-01-06T18:31:44Z,\N,2021-01-06T18:31:44Z,\N,1,assert
acme:product_model:v0101-sof-01935-software~4af969380e71,product_model,v0101,sof-01935,software,Weiss software 1935,15.8,eol,2021-01-06T08:28:18Z,\N,2021-01-06T08:28:18Z,\N,1,assert
acme:product_model:v0155-har-01937-hardware~e059e7995c7a,product_model,v0155,har-01937,hardware,Wagner hardware 1937,5.3,eol,2021-01-06T04:17:53Z,\N,2021-01-06T04:17:53Z,\N,1,assert
acme:product_model:v0092-ser-01946-service~36e709fb9bd8,product_model,v0092,ser-01946,service,Oyelaran service 1946,20.6,supported,2021-01-06T15:22:24Z,\N,2021-01-06T15:22:24Z,\N,1,assert
acme:product_model:v0120-ser-01947-service~4bef8053c497,product_model,v0120,ser-01947,service,Quintero service 1947,21.4,eol,2021-01-06T12:04:24Z,\N,2021-01-06T12:04:24Z,\N,1,assert
acme:product_model:v0002-har-01948-hardware~5f9b33a732d9,product_model,v0002,har-01948,hardware,Quintero hardware 1948,16.4,eol,2021-01-06T07:34:50Z,\N,2021-01-06T07:34:50Z,\N,1,assert
acme:product_model:v0136-sof-01962-software~6d03cfe5b5e9,product_model,v0136,sof-01962,software,Wagner software 1962,8.4,eol,2021-01-06T07:58:03Z,\N,2021-01-06T07:58:03Z,\N,1,assert
acme:product_model:v0123-sof-01963-software~7c2c4c0aee53,product_model,v0123,sof-01963,software,Chowdhury software 1963,19.9,supported,2021-01-06T03:39:11Z,\N,2021-01-06T03:39:11Z,\N,1,assert
acme:product_model:v0098-sof-01967-software~ed9faa978a78,product_model,v0098,sof-01967,software,Wagner software 1967,18.1,supported,2021-01-06T06:26:25Z,\N,2021-01-06T06:26:25Z,\N,1,assert
acme:product_model:v0079-ser-01969-service~3d710c7e6310,product_model,v0079,ser-01969,service,Kaminski service 1969,15.0,unsupported,2021-01-06T05:49:37Z,\N,2021-01-06T05:49:37Z,\N,1,assert
acme:product_model:v0052-sof-01973-software~147d2d687562,product_model,v0052,sof-01973,software,Marchetti software 1973,13.7,supported,2021-01-06T15:30:08Z,\N,2021-01-06T15:30:08Z,\N,1,assert
acme:product_model:v0128-har-01975-hardware~27034f49cc2a,product_model,v0128,har-01975,hardware,Fontaine hardware 1975,17.10,supported,2021-01-06T09:03:30Z,\N,2021-01-06T09:03:30Z,\N,1,assert
acme:product_model:v0078-sof-01985-software~d8f7b6a1a0e6,product_model,v0078,sof-01985,software,Nakamura software 1985,16.0,eol,2021-01-06T04:34:31Z,\N,2021-01-06T04:34:31Z,\N,1,assert
acme:product_model:v0162-sof-01995-software~82b3c2784863,product_model,v0162,sof-01995,software,Jablonski software 1995,15.8,supported,2021-01-06T02:30:36Z,\N,2021-01-06T02:30:36Z,\N,1,assert
acme:product_model:v0064-sof-01998-software~3b52ac422a9b,product_model,v0064,sof-01998,software,Abbott software 1998,21.3,unknown,2021-01-06T15:16:03Z,\N,2021-01-06T15:16:03Z,\N,1,assert
acme:product_model:v0118-ser-02000-service~8ae081926878,product_model,v0118,ser-02000,service,Fontaine service 2000,19.0,unsupported,2021-01-06T18:10:15Z,\N,2021-01-06T18:10:15Z,\N,1,assert
acme:product_model:v0176-sof-02002-software~800efc067701,product_model,v0176,sof-02002,software,Mbatha software 2002,22.6,eol,2021-01-06T20:23:00Z,\N,2021-01-06T20:23:00Z,\N,1,assert
acme:product_model:v0171-sof-02010-software~93928c57bdb6,product_model,v0171,sof-02010,software,Abbott software 2010,16.5,supported,2021-01-06T15:48:18Z,\N,2021-01-06T15:48:18Z,\N,1,assert
acme:product_model:v0076-sof-02023-software~7dcf7899723f,product_model,v0076,sof-02023,software,Schneider software 2023,12.10,unsupported,2021-01-06T19:34:05Z,\N,2021-01-06T19:34:05Z,\N,1,assert
acme:product_model:v0022-har-02025-hardware~3d96fc5bf375,product_model,v0022,har-02025,hardware,Delacroix hardware 2025,21.7,supported,2021-01-06T23:14:36Z,\N,2021-01-06T23:14:36Z,\N,1,assert
acme:product_model:v0013-sof-02027-software~c07fb688e977,product_model,v0013,sof-02027,software,Okonkwo software 2027,1.7,supported,2021-01-06T19:01:22Z,\N,2021-01-06T19:01:22Z,\N,1,assert
acme:product_model:v0042-sof-02028-software~d9037c849003,product_model,v0042,sof-02028,software,Castellanos software 2028,15.10,supported,2021-01-06T00:57:06Z,\N,2021-01-06T00:57:06Z,\N,1,assert
acme:product_model:v0065-ser-02041-service~8eec370c3384,product_model,v0065,ser-02041,service,Wagner service 2041,21.10,eol,2021-01-06T19:50:22Z,\N,2021-01-06T19:50:22Z,\N,1,assert
acme:product_model:v0080-har-02051-hardware~f1618c82c9a2,product_model,v0080,har-02051,hardware,Nakamura hardware 2051,11.7,supported,2021-01-06T22:53:06Z,\N,2021-01-06T22:53:06Z,\N,1,assert
acme:product_model:v0019-sof-02055-software~dc494553d514,product_model,v0019,sof-02055,software,Tanaka software 2055,2.4,supported,2021-01-06T15:01:55Z,\N,2021-01-06T15:01:55Z,\N,1,assert
acme:product_model:v0160-sof-02056-software~8ad533b27761,product_model,v0160,sof-02056,software,Lindqvist software 2056,22.11,supported,2021-01-06T15:13:29Z,\N,2021-01-06T15:13:29Z,\N,1,assert
acme:product_model:v0177-har-02060-hardware~5954ec157b8c,product_model,v0177,har-02060,hardware,Quintero hardware 2060,11.4,supported,2021-01-06T10:39:28Z,\N,2021-01-06T10:39:28Z,\N,1,assert
acme:product_model:v0016-sof-02063-software~fc4ca277a137,product_model,v0016,sof-02063,software,Yilmaz software 2063,2.9,supported,2021-01-06T16:51:32Z,\N,2021-01-06T16:51:32Z,\N,1,assert
acme:product_model:v0041-sof-02070-software~f804d4169bd4,product_model,v0041,sof-02070,software,Jablonski software 2070,5.0,supported,2021-01-06T16:52:25Z,\N,2021-01-06T16:52:25Z,\N,1,assert
acme:product_model:v0007-sof-02073-software~3da7f2c917bd,product_model,v0007,sof-02073,software,Castellanos software 2073,15.1,supported,2021-01-06T03:50:16Z,\N,2021-01-06T03:50:16Z,\N,1,assert
acme:product_model:v0124-har-02077-hardware~9b0b245f1418,product_model,v0124,har-02077,hardware,Bergstrom hardware 2077,11.9,unsupported,2021-01-06T08:54:24Z,\N,2021-01-06T08:54:24Z,\N,1,assert
acme:product_model:v0179-sof-02079-software~6fb9476d9e77,product_model,v0179,sof-02079,software,Chowdhury software 2079,7.6,supported,2021-01-06T03:45:38Z,\N,2021-01-06T03:45:38Z,\N,1,assert
acme:product_model:v0101-sof-02086-software~8eddca4616ec,product_model,v0101,sof-02086,software,Thorsen software 2086,1.5,supported,2021-01-06T20:27:10Z,\N,2021-01-06T20:27:10Z,\N,1,assert
acme:product_model:v0096-sof-02095-software~579bce8b75fd,product_model,v0096,sof-02095,software,Bergstrom software 2095,13.0,supported,2021-01-06T09:29:40Z,\N,2021-01-06T09:29:40Z,\N,1,assert
acme:product_model:v0137-sof-02098-software~4be65a76a956,product_model,v0137,sof-02098,software,Abbott software 2098,21.0,unsupported,2021-01-06T08:07:27Z,\N,2021-01-06T08:07:27Z,\N,1,assert
acme:product_model:v0170-ser-02102-service~df29f4a073ed,product_model,v0170,ser-02102,service,Yilmaz service 2102,17.10,supported,2021-01-06T01:38:53Z,\N,2021-01-06T01:38:53Z,\N,1,assert
acme:product_model:v0038-sof-02116-software~418344d6211a,product_model,v0038,sof-02116,software,Kovac software 2116,15.9,supported,2021-01-06T14:30:59Z,\N,2021-01-06T14:30:59Z,\N,1,assert
acme:product_model:v0030-sof-02120-software~f10c28263207,product_model,v0030,sof-02120,software,Quintero software 2120,11.0,unsupported,2021-01-06T22:57:24Z,\N,2021-01-06T22:57:24Z,\N,1,assert
acme:product_model:v0061-har-02122-hardware~7800283005c7,product_model,v0061,har-02122,hardware,Gallagher hardware 2122,6.0,unsupported,2021-01-06T20:43:45Z,\N,2021-01-06T20:43:45Z,\N,1,assert
acme:product_model:v0139-ser-02129-service~bfef25c9a281,product_model,v0139,ser-02129,service,Abbott service 2129,14.5,supported,2021-01-06T12:44:12Z,\N,2021-01-06T12:44:12Z,\N,1,assert
acme:product_model:v0114-sof-02152-software~8abb585533a4,product_model,v0114,sof-02152,software,Schneider software 2152,22.1,supported,2021-01-06T12:05:51Z,\N,2021-01-06T12:05:51Z,\N,1,assert
acme:product_model:v0005-sof-02155-software~5e48f7d11998,product_model,v0005,sof-02155,software,Silvestri software 2155,8.7,supported,2021-01-06T10:14:27Z,\N,2021-01-06T10:14:27Z,\N,1,assert
acme:product_model:v0079-ser-02158-service~7b019e25368c,product_model,v0079,ser-02158,service,Eberhardt service 2158,11.1,supported,2021-01-06T22:22:50Z,\N,2021-01-06T22:22:50Z,\N,1,assert
acme:product_model:v0173-sof-02162-software~f8c5c0bd7601,product_model,v0173,sof-02162,software,Jablonski software 2162,18.8,supported,2021-01-06T18:58:20Z,\N,2021-01-06T18:58:20Z,\N,1,assert
acme:product_model:v0134-sof-02167-software~5cf8b1501697,product_model,v0134,sof-02167,software,Wagner software 2167,3.0,unsupported,2021-01-06T22:46:09Z,\N,2021-01-06T22:46:09Z,\N,1,assert
acme:product_model:v0114-sof-02169-software~83a051d29ec9,product_model,v0114,sof-02169,software,Kaminski software 2169,20.4,supported,2021-01-06T14:34:40Z,\N,2021-01-06T14:34:40Z,\N,1,assert
acme:product_model:v0050-har-02178-hardware~5db115fbdf8e,product_model,v0050,har-02178,hardware,Mbatha hardware 2178,17.10,supported,2021-01-06T16:11:48Z,\N,2021-01-06T16:11:48Z,\N,1,assert
acme:product_model:v0175-har-02188-hardware~4d3c3fb2dd2a,product_model,v0175,har-02188,hardware,Novak hardware 2188,7.0,supported,2021-01-06T03:28:59Z,\N,2021-01-06T03:28:59Z,\N,1,assert
acme:product_model:v0066-ser-02192-service~78c90354acac,product_model,v0066,ser-02192,service,Okonkwo service 2192,10.11,supported,2021-01-06T02:08:44Z,\N,2021-01-06T02:08:44Z,\N,1,assert
acme:product_model:v0168-ser-02193-service~915f688a39d5,product_model,v0168,ser-02193,service,Weiss service 2193,10.8,eol,2021-01-06T19:34:56Z,\N,2021-01-06T19:34:56Z,\N,1,assert
acme:product_model:v0084-har-02194-hardware~8a8dc798c636,product_model,v0084,har-02194,hardware,Nakamura hardware 2194,16.7,supported,2021-01-06T16:11:54Z,\N,2021-01-06T16:11:54Z,\N,1,assert
acme:product_model:v0091-sof-02199-software~b9c19d5d61bd,product_model,v0091,sof-02199,software,Baptiste software 2199,3.11,unsupported,2021-01-06T05:18:35Z,\N,2021-01-06T05:18:35Z,\N,1,assert
acme:product_model:v0005-con-02210-consumable~deb48ac2df9c,product_model,v0005,con-02210,consumable,Santos consumable 2210,17.10,supported,2021-01-06T06:29:44Z,\N,2021-01-06T06:29:44Z,\N,1,assert
acme:product_model:v0053-con-02214-consumable~ffd7e3c201be,product_model,v0053,con-02214,consumable,Wagner consumable 2214,3.8,eol,2021-01-06T06:25:13Z,\N,2021-01-06T06:25:13Z,\N,1,assert
acme:product_model:v0044-har-02218-hardware~c7229738bd69,product_model,v0044,har-02218,hardware,Pereira hardware 2218,5.3,eol,2021-01-06T02:08:41Z,\N,2021-01-06T02:08:41Z,\N,1,assert
acme:product_model:v0175-sof-02220-software~a0e8f7a68c66,product_model,v0175,sof-02220,software,Okonkwo software 2220,7.4,unsupported,2021-01-06T17:33:45Z,\N,2021-01-06T17:33:45Z,\N,1,assert
acme:product_model:v0021-har-02224-hardware~c90ce51e873b,product_model,v0021,har-02224,hardware,Abbott hardware 2224,15.2,supported,2021-01-06T02:19:27Z,\N,2021-01-06T02:19:27Z,\N,1,assert
acme:product_model:v0014-sof-02230-software~df9086bd312b,product_model,v0014,sof-02230,software,Marchetti software 2230,2.11,supported,2021-01-06T23:41:50Z,\N,2021-01-06T23:41:50Z,\N,1,assert
acme:product_model:v0161-sof-02240-software~ccda7f92d5a7,product_model,v0161,sof-02240,software,Tanaka software 2240,19.9,supported,2021-01-06T11:42:59Z,\N,2021-01-06T11:42:59Z,\N,1,assert
acme:product_model:v0159-sof-02242-software~d4cb17bc2844,product_model,v0159,sof-02242,software,Eberhardt software 2242,8.4,unsupported,2021-01-06T15:51:03Z,\N,2021-01-06T15:51:03Z,\N,1,assert
acme:product_model:v0092-sof-02245-software~2526beaaa611,product_model,v0092,sof-02245,software,Jablonski software 2245,21.1,supported,2021-01-06T19:34:38Z,\N,2021-01-06T19:34:38Z,\N,1,assert
acme:product_model:v0102-ser-02246-service~e617a3d4802f,product_model,v0102,ser-02246,service,Castellanos service 2246,17.11,eol,2021-01-06T08:39:22Z,\N,2021-01-06T08:39:22Z,\N,1,assert
acme:product_model:v0085-sof-02249-software~071f5b8f6e86,product_model,v0085,sof-02249,software,Ivanova software 2249,6.5,eol,2021-01-06T13:59:17Z,\N,2021-01-06T13:59:17Z,\N,1,assert
acme:product_model:v0022-har-02253-hardware~522ec298bdf8,product_model,v0022,har-02253,hardware,Castellanos hardware 2253,4.6,supported,2021-01-06T21:56:46Z,\N,2021-01-06T21:56:46Z,\N,1,assert
acme:product_model:v0096-sof-02261-software~04a7e10540bd,product_model,v0096,sof-02261,software,Tanaka software 2261,8.6,supported,2021-01-06T08:32:27Z,\N,2021-01-06T08:32:27Z,\N,1,assert
acme:product_model:v0060-sof-02262-software~2a8a8b5df69f,product_model,v0060,sof-02262,software,Lindqvist software 2262,2.3,supported,2021-01-06T18:29:08Z,\N,2021-01-06T18:29:08Z,\N,1,assert
acme:product_model:v0179-ser-02268-service~a2d12975c84c,product_model,v0179,ser-02268,service,Haddad service 2268,21.5,supported,2021-01-06T17:44:14Z,\N,2021-01-06T17:44:14Z,\N,1,assert
acme:product_model:v0058-sof-02272-software~62f8d4b41bc5,product_model,v0058,sof-02272,software,Castellanos software 2272,3.9,supported,2021-01-06T00:19:01Z,\N,2021-01-06T00:19:01Z,\N,1,assert
acme:product_model:v0047-sof-02274-software~35a1dd037948,product_model,v0047,sof-02274,software,Abbott software 2274,16.10,supported,2021-01-06T02:18:55Z,\N,2021-01-06T02:18:55Z,\N,1,assert
acme:product_model:v0009-sof-02295-software~03664750e5d4,product_model,v0009,sof-02295,software,Marchetti software 2295,21.2,eol,2021-01-06T21:40:04Z,\N,2021-01-06T21:40:04Z,\N,1,assert
acme:product_model:v0129-har-02296-hardware~5c760cb617fa,product_model,v0129,har-02296,hardware,Marchetti hardware 2296,12.3,eol,2021-01-06T22:44:31Z,\N,2021-01-06T22:44:31Z,\N,1,assert
acme:product_model:v0071-har-02302-hardware~206562211b7a,product_model,v0071,har-02302,hardware,Gallagher hardware 2302,15.0,supported,2021-01-06T13:32:08Z,\N,2021-01-06T13:32:08Z,\N,1,assert
acme:product_model:v0048-sof-02317-software~04ab3919732e,product_model,v0048,sof-02317,software,Silvestri software 2317,18.1,unsupported,2021-01-06T00:53:11Z,\N,2021-01-06T00:53:11Z,\N,1,assert
acme:product_model:v0169-ser-02318-service~dcfbc12fe028,product_model,v0169,ser-02318,service,Tanaka service 2318,3.9,eol,2021-01-06T18:08:16Z,\N,2021-01-06T18:08:16Z,\N,1,assert
acme:product_model:v0085-sof-02325-software~cefb0fcc3274,product_model,v0085,sof-02325,software,Gallagher software 2325,5.3,unsupported,2021-01-06T08:22:10Z,\N,2021-01-06T08:22:10Z,\N,1,assert
acme:product_model:v0069-sof-02330-software~3014f0bb8a9c,product_model,v0069,sof-02330,software,Zhang software 2330,9.1,supported,2021-01-06T13:08:28Z,\N,2021-01-06T13:08:28Z,\N,1,assert
acme:product_model:v0136-con-02337-consumable~5c1eaff08170,product_model,v0136,con-02337,consumable,Lindqvist consumable 2337,22.0,supported,2021-01-06T04:38:43Z,\N,2021-01-06T04:38:43Z,\N,1,assert
acme:product_model:v0156-sof-02345-software~70555873d9db,product_model,v0156,sof-02345,software,Tanaka software 2345,15.2,eol,2021-01-06T23:11:19Z,\N,2021-01-06T23:11:19Z,\N,1,assert
acme:product_model:v0119-har-02350-hardware~feaf1d4cfe71,product_model,v0119,har-02350,hardware,Rasmussen hardware 2350,12.1,supported,2021-01-06T01:37:07Z,\N,2021-01-06T01:37:07Z,\N,1,assert
acme:product_model:v0112-sof-02356-software~67dead5a5949,product_model,v0112,sof-02356,software,Jablonski software 2356,18.2,eol,2021-01-06T01:08:20Z,\N,2021-01-06T01:08:20Z,\N,1,assert
acme:product_model:v0021-sof-02357-software~ace694ce5166,product_model,v0021,sof-02357,software,Ueda software 2357,12.6,eol,2021-01-06T16:30:29Z,\N,2021-01-06T16:30:29Z,\N,1,assert
acme:product_model:v0128-sof-02358-software~928fbbf95788,product_model,v0128,sof-02358,software,Silvestri software 2358,7.10,supported,2021-01-06T17:37:58Z,\N,2021-01-06T17:37:58Z,\N,1,assert
acme:product_model:v0119-sof-02366-software~d1213f3bc0da,product_model,v0119,sof-02366,software,Delacroix software 2366,23.0,supported,2021-01-06T14:26:54Z,\N,2021-01-06T14:26:54Z,\N,1,assert
acme:product_model:v0093-ser-02386-service~9bcbefd07f5e,product_model,v0093,ser-02386,service,Thorsen service 2386,6.4,supported,2021-01-06T16:52:41Z,\N,2021-01-06T16:52:41Z,\N,1,assert
acme:product_model:v0112-sof-02389-software~62fc2b0efcd4,product_model,v0112,sof-02389,software,Kaminski software 2389,11.7,supported,2021-01-06T06:19:13Z,\N,2021-01-06T06:19:13Z,\N,1,assert
acme:product_model:v0175-ser-01456-service~d9a262a2b03f,product_model,v0175,ser-01456,service,Baptiste service 1456,supported,supported,2021-01-05T16:48:17Z,\N,2021-03-17T02:43:04Z,\N,2,assert
acme:product_model:v0014-sof-00512-software~8d200bdbaa4b,product_model,v0014,sof-00512,software,Novak software 512,supported,supported,2021-01-04T21:59:19Z,\N,2021-06-05T16:49:03Z,\N,2,assert
acme:product_model:v0152-sof-00160-software~59806c766be6,product_model,v0152,sof-00160,software,Baptiste software 160,supported,supported,2021-01-05T02:36:39Z,\N,2021-06-07T09:53:07Z,\N,2,assert
acme:product_model:v0100-har-01828-hardware~62c777ef201d,product_model,v0100,har-01828,hardware,Oyelaran hardware 1828,supported,supported,2021-01-06T19:05:43Z,\N,2021-10-21T10:35:10Z,\N,2,assert
acme:product_model:v0167-ser-00852-service~30674816d306,product_model,v0167,ser-00852,service,Delacroix service 852,supported,supported,2021-01-04T23:59:16Z,\N,2021-10-21T12:00:47Z,\N,2,assert
acme:product_model:v0164-har-00765-hardware~e55aa15667cf,product_model,v0164,har-00765,hardware,Gundersen hardware 765,supported,supported,2021-01-03T07:33:16Z,\N,2021-12-11T04:25:34Z,\N,2,assert
acme:product_model:v0176-sof-00853-software~ecb4d8062406,product_model,v0176,sof-00853,software,Abbott software 853,supported,supported,2021-01-04T12:46:23Z,\N,2022-01-16T11:00:21Z,\N,2,assert
acme:product_model:v0082-har-00847-hardware~84af62ed3c82,product_model,v0082,har-00847,hardware,Abbott hardware 847,supported,supported,2021-01-02T09:19:43Z,\N,2022-06-11T01:44:13Z,\N,2,assert
acme:product_model:v0000-sof-02159-software~f82c0432a3f1,product_model,v0000,sof-02159,software,Okonkwo software 2159,supported,supported,2021-01-05T19:04:46Z,\N,2022-07-06T20:07:55Z,\N,2,assert
acme:product_model:v0107-sof-01386-software~467c585987cd,product_model,v0107,sof-01386,software,Nakamura software 1386,supported,supported,2021-01-06T02:24:32Z,\N,2022-07-29T13:46:53Z,\N,2,assert
acme:product_model:v0018-sof-01353-software~c662fe8d76a4,product_model,v0018,sof-01353,software,Wagner software 1353,supported,eol,2021-01-06T14:48:39Z,\N,2022-10-07T23:20:26Z,\N,2,assert
acme:product_model:v0140-ser-00867-service~a8a7da302f78,product_model,v0140,ser-00867,service,Silvestri service 867,supported,eol,2021-01-06T18:00:01Z,\N,2023-05-21T04:01:22Z,\N,2,assert
acme:product_model:v0085-sof-00229-software~01055fbccad4,product_model,v0085,sof-00229,software,Gallagher software 229,supported,supported,2021-01-03T04:02:27Z,\N,2023-08-13T00:10:20Z,\N,2,assert
acme:product_model:v0027-har-01164-hardware~736ea06a6466,product_model,v0027,har-01164,hardware,Jablonski hardware 1164,supported,supported,2021-01-06T02:20:22Z,\N,2023-10-10T15:12:55Z,\N,2,assert
acme:product_model:v0164-sof-01176-software~3e1ad1497df3,product_model,v0164,sof-01176,software,Oyelaran software 1176,supported,eol,2021-01-06T09:46:53Z,\N,2024-01-03T18:26:17Z,\N,2,assert
acme:product_model:v0139-sof-00496-software~1d968b7670ef,product_model,v0139,sof-00496,software,Lindqvist software 496,supported,supported,2021-01-03T09:17:58Z,\N,2024-01-06T15:28:24Z,\N,2,assert
acme:product_model:v0083-har-01457-hardware~bbedd1039a02,product_model,v0083,har-01457,hardware,Kovac hardware 1457,supported,supported,2021-01-04T14:58:51Z,\N,2024-03-05T03:57:01Z,\N,2,assert
acme:product_model:v0043-har-02363-hardware~be8bb4ed0a91,product_model,v0043,har-02363,hardware,Gallagher hardware 2363,supported,unsupported,2021-01-03T09:28:53Z,\N,2024-04-30T22:07:47Z,\N,2,assert
acme:product_model:v0028-sof-01989-software~b8c7240dce15,product_model,v0028,sof-01989,software,Okonkwo software 1989,supported,supported,2021-01-05T10:24:27Z,\N,2024-05-28T02:40:15Z,\N,2,assert
acme:product_model:v0034-sof-00811-software~ac1c52266578,product_model,v0034,sof-00811,software,Baptiste software 811,supported,eol,2021-01-04T09:40:52Z,\N,2024-06-05T08:03:22Z,\N,2,assert
acme:product_model:v0126-ser-00394-service~e0dd258eb3ee,product_model,v0126,ser-00394,service,Fontaine service 394,supported,unknown,2021-01-04T00:09:46Z,\N,2024-11-14T08:50:32Z,\N,2,assert
acme:product_model:v0072-sof-01672-software~d663843747c3,product_model,\N,\N,\N,\N,\N,\N,2021-04-16T08:48:54Z,\N,2026-01-13T11:01:05Z,\N,2,retract
acme:product_model:v0103-sof-00958-software~0eb25edf6d2b,product_model,\N,\N,\N,\N,\N,\N,2021-07-12T22:15:53Z,\N,2026-02-05T10:22:15Z,\N,2,retract
acme:product_model:v0017-ser-00600-service~4c42b92a8689,product_model,\N,\N,\N,\N,\N,\N,2021-08-20T15:23:08Z,\N,2026-02-12T15:28:25Z,\N,2,retract
acme:product_model:v0002-ser-01431-service~30de205341a5,product_model,\N,\N,\N,\N,\N,\N,2021-09-22T13:59:11Z,\N,2026-02-19T01:04:21Z,\N,2,retract
acme:product_model:v0017-sof-01669-software~1e182e3a6323,product_model,\N,\N,\N,\N,\N,\N,2021-04-11T03:41:55Z,\N,2026-02-20T16:36:22Z,\N,2,retract
acme:product_model:v0124-sof-01439-software~1e7a6f0a6b98,product_model,\N,\N,\N,\N,\N,\N,2021-10-02T18:23:48Z,\N,2026-03-01T22:56:15Z,\N,2,retract
acme:product_model:v0022-ser-01665-service~964c4785c709,product_model,\N,\N,\N,\N,\N,\N,2021-04-11T01:38:04Z,\N,2026-03-28T05:40:09Z,\N,2,retract
acme:product_model:v0165-har-01588-hardware~d3430bcd6c23,product_model,\N,\N,\N,\N,\N,\N,2022-02-28T00:20:50Z,\N,2026-04-05T23:46:57Z,\N,2,retract
acme:product_model:v0001-sof-02083-software~be6e443443ae,product_model,\N,\N,\N,\N,\N,\N,2021-04-29T09:10:59Z,\N,2026-04-07T04:15:18Z,\N,2,retract
acme:product_model:v0159-sof-01341-software~bc1635833b60,product_model,\N,\N,\N,\N,\N,\N,2021-06-22T12:03:28Z,\N,2026-04-15T08:11:42Z,\N,2,retract
acme:product_model:v0160-con-01286-consumable~64ffa37593f2,product_model,v0160,con-01286,consumable,Quintero consumable 1286,supported,unsupported,2021-01-06T12:55:29Z,\N,2026-04-16T05:26:25Z,\N,2,assert
acme:product_model:v0118-sof-01873-software~8d915298a502,product_model,\N,\N,\N,\N,\N,\N,2021-11-04T20:12:19Z,\N,2026-04-25T18:17:08Z,\N,2,retract
acme:product_model:v0142-sof-01920-software~9d939113951a,product_model,\N,\N,\N,\N,\N,\N,2021-12-20T10:31:59Z,\N,2026-05-06T20:57:57Z,\N,2,retract
acme:product_model:v0006-sof-00066-software~2ad3708390a7,product_model,\N,\N,\N,\N,\N,\N,2021-04-12T04:03:31Z,\N,2026-05-10T16:14:11Z,\N,2,retract
acme:product_model:v0002-har-01878-hardware~711add749ed9,product_model,\N,\N,\N,\N,\N,\N,2021-11-10T21:56:31Z,\N,2026-05-17T22:51:35Z,\N,2,retract
acme:product_model:v0097-sof-01994-software~0d9f53af2141,product_model,\N,\N,\N,\N,\N,\N,2022-03-03T14:54:06Z,\N,2026-05-26T19:59:37Z,\N,2,retract
acme:product_model:v0011-sof-00998-software~a5d0efe6accf,product_model,\N,\N,\N,\N,\N,\N,2021-08-21T08:51:54Z,\N,2026-06-25T00:24:17Z,\N,2,retract
acme:product_model:v0140-sof-01329-software~8b5997b2eaa3,product_model,\N,\N,\N,\N,\N,\N,2021-06-12T08:08:52Z,\N,2026-06-25T13:38:38Z,\N,2,retract
acme:product_model:v0040-sof-02135-software~42c075753f63,product_model,\N,\N,\N,\N,\N,\N,2021-06-19T03:36:05Z,\N,2026-07-07T21:47:44Z,\N,2,retract
acme:product_model:v0030-sof-01849-software~99938a223eb4,product_model,\N,\N,\N,\N,\N,\N,2021-10-11T11:47:48Z,\N,2026-07-16T00:17:38Z,\N,2,retract
acme:product_model:v0151-har-00360-hardware~7e37096bd9c1,product_model,\N,\N,\N,\N,\N,\N,2022-01-29T01:31:45Z,\N,2026-07-17T17:17:29Z,\N,2,retract
acme:product_model:v0018-sof-00672-software~56f728df5741,product_model,\N,\N,\N,\N,\N,\N,2021-11-04T20:09:56Z,\N,2026-08-02T14:46:25Z,\N,2,retract
acme:product_model:v0067-har-00801-hardware~f0670a21ea3c,product_model,\N,\N,\N,\N,\N,\N,2021-02-06T01:56:22Z,\N,2026-08-15T23:02:17Z,\N,2,retract
acme:product_model:v0048-ser-01056-service~27022b68ffd6,product_model,\N,\N,\N,\N,\N,\N,2021-10-15T12:25:43Z,\N,2026-08-21T23:54:09Z,\N,2,retract
acme:product_model:v0059-sof-01893-software~84486a632a0d,product_model,v0059,sof-01893,software,Oyelaran software 1893,supported,supported,2021-01-03T09:41:24Z,\N,2026-08-31T10:09:10Z,\N,2,assert
acme:product_model:v0089-con-02354-consumable~01a456de2abc,product_model,\N,\N,\N,\N,\N,\N,2022-01-23T07:09:59Z,\N,2026-09-01T17:06:35Z,\N,2,retract
acme:product_model:v0138-har-01103-hardware~06a7aeb559fa,product_model,\N,\N,\N,\N,\N,\N,2021-12-01T23:54:55Z,\N,2026-09-13T02:52:25Z,\N,2,retract
acme:product_model:v0011-sof-02166-software~73a6775b9458,product_model,\N,\N,\N,\N,\N,\N,2021-07-18T15:23:08Z,\N,2026-09-25T15:58:24Z,\N,2,retract
acme:product_model:v0148-sof-02206-software~09165ec5576d,product_model,\N,\N,\N,\N,\N,\N,2021-08-28T17:39:30Z,\N,2026-10-15T05:47:21Z,\N,2,retract
acme:product_model:v0136-ser-02112-service~7d154783f63f,product_model,\N,\N,\N,\N,\N,\N,2021-05-27T18:41:10Z,\N,2026-10-28T11:33:32Z,\N,2,retract
acme:product_model:v0158-ser-00156-service~18cf205d8490,product_model,\N,\N,\N,\N,\N,\N,2021-07-07T06:35:36Z,\N,2026-10-29T11:02:47Z,\N,2,retract
acme:product_model:v0015-har-00128-hardware~018f9600c5c4,product_model,\N,\N,\N,\N,\N,\N,2021-06-13T20:30:20Z,\N,2026-11-07T18:56:57Z,\N,2,retract
acme:product_model:v0021-sof-01776-software~26566605d519,product_model,v0021,sof-01776,software,Oyelaran software 1776,supported,supported,2021-01-06T06:23:14Z,\N,2026-11-10T11:20:01Z,\N,2,assert
acme:product_model:v0097-sof-00324-software~040c7df3536b,product_model,\N,\N,\N,\N,\N,\N,2021-12-23T02:33:54Z,\N,2026-11-11T19:08:40Z,\N,2,retract
acme:product_model:v0139-sof-01175-software~63502691e657,product_model,\N,\N,\N,\N,\N,\N,2022-02-15T00:36:48Z,\N,2026-12-01T17:38:11Z,\N,2,retract
acme:product_model:v0166-har-00103-hardware~9bbf69152bdb,product_model,\N,\N,\N,\N,\N,\N,2021-05-15T19:54:57Z,\N,2026-12-10T04:50:45Z,\N,2,retract
acme:product_model:v0059-sof-01361-software~329fc0be8087,product_model,\N,\N,\N,\N,\N,\N,2021-07-12T02:14:06Z,\N,2026-12-15T05:50:29Z,\N,2,retract
acme:product_model:v0017-sof-01666-software~f1f98ed114b6,product_model,\N,\N,\N,\N,\N,\N,2021-04-09T04:52:02Z,\N,2026-12-15T11:03:48Z,\N,2,retract
acme:product_model:v0122-har-01869-hardware~8381046eedb1,product_model,\N,\N,\N,\N,\N,\N,2021-11-01T18:18:34Z,\N,2026-12-25T20:32:25Z,\N,2,retract
acme:product_model:v0159-sof-00965-software~d3b3a55eac77,product_model,\N,\N,\N,\N,\N,\N,2021-07-17T09:43:34Z,\N,2027-01-19T14:43:53Z,\N,2,retract
acme:product_model:v0065-har-01716-hardware~0430eaf7b03a,product_model,\N,\N,\N,\N,\N,\N,2021-05-30T17:26:16Z,\N,2027-01-24T04:52:53Z,\N,2,retract
acme:product_model:v0142-sof-01681-software~3248dd95bdac,product_model,\N,\N,\N,\N,\N,\N,2021-04-27T08:12:54Z,\N,2027-01-28T08:39:06Z,\N,2,retract
acme:product_model:v0134-sof-00033-software~10cfd51df2bb,product_model,\N,\N,\N,\N,\N,\N,2021-03-08T00:27:44Z,\N,2027-02-04T10:49:56Z,\N,2,retract
acme:product_model:v0000-sof-01228-software~b6e2fa6be6d2,product_model,\N,\N,\N,\N,\N,\N,2021-03-02T05:54:41Z,\N,2027-02-07T22:10:51Z,\N,2,retract
acme:product_model:v0109-sof-00085-software~6e1fe9bef167,product_model,\N,\N,\N,\N,\N,\N,2021-04-28T01:18:58Z,\N,2027-02-08T00:24:16Z,\N,2,retract
acme:product_model:v0106-sof-01418-software~52d458c60981,product_model,\N,\N,\N,\N,\N,\N,2021-09-10T01:17:25Z,\N,2027-02-24T23:00:45Z,\N,2,retract
acme:product_model:v0129-sof-01904-software~8e516a90e41c,product_model,\N,\N,\N,\N,\N,\N,2021-12-06T05:03:30Z,\N,2027-03-09T23:00:25Z,\N,2,retract
acme:product_model:v0118-har-00240-hardware~fc066297a80a,product_model,\N,\N,\N,\N,\N,\N,2021-09-29T19:03:31Z,\N,2027-04-06T13:11:00Z,\N,2,retract
acme:product_model:v0079-har-01481-hardware~4f17c8c07a8a,product_model,\N,\N,\N,\N,\N,\N,2021-11-12T01:33:22Z,\N,2027-04-11T04:33:48Z,\N,2,retract
acme:product_model:v0167-sof-00420-software~d46aaf2ea34f,product_model,\N,\N,\N,\N,\N,\N,2021-02-25T03:31:16Z,\N,2027-04-19T00:13:58Z,\N,2,retract
acme:product_model:v0036-har-01801-hardware~0f34697c1ac1,product_model,\N,\N,\N,\N,\N,\N,2021-08-23T11:30:31Z,\N,2027-04-21T02:18:39Z,\N,2,retract
